input,prompt,response
antennae|accordion,"Q: Is the property [is female] true for the concept [book]? 
 A: False 
 Q: Is the property [can be digital] true for the concept [book] 
 A: True 
 In one word True/False, answer the following question Q: Is the property [antennae] true for [accordion]? 
 A:",False
antennae|acorn,"Q: Is the property [is female] true for the concept [book]? 
 A: False 
 Q: Is the property [can be digital] true for the concept [book] 
 A: True 
 In one word True/False, answer the following question Q: Is the property [antennae] true for [acorn]? 
 A:",False
antennae|airplane,"Q: Is the property [is female] true for the concept [book]? 
 A: False 
 Q: Is the property [can be digital] true for the concept [book] 
 A: True 
 In one word True/False, answer the following question Q: Is the property [antennae] true for [airplane]? 
 A:",False
antennae|aloe,"Q: Is the property [is female] true for the concept [book]? 
 A: False 
 Q: Is the property [can be digital] true for the concept [book] 
 A: True 
 In one word True/False, answer the following question Q: Is the property [antennae] true for [aloe]? 
 A:","False 

An aloe plant does not"
antennae|ant,"Q: Is the property [is female] true for the concept [book]? 
 A: False 
 Q: Is the property [can be digital] true for the concept [book] 
 A: True 
 In one word True/False, answer the following question Q: Is the property [antennae] true for [ant]? 
 A:","True 

Ants do have antennae"
antennae|anteater,"Q: Is the property [is female] true for the concept [book]? 
 A: False 
 Q: Is the property [can be digital] true for the concept [book] 
 A: True 
 In one word True/False, answer the following question Q: Is the property [antennae] true for [anteater]? 
 A:",False
antennae|anvil,"Q: Is the property [is female] true for the concept [book]? 
 A: False 
 Q: Is the property [can be digital] true for the concept [book] 
 A: True 
 In one word True/False, answer the following question Q: Is the property [antennae] true for [anvil]? 
 A:",False
antennae|apple,"Q: Is the property [is female] true for the concept [book]? 
 A: False 
 Q: Is the property [can be digital] true for the concept [book] 
 A: True 
 In one word True/False, answer the following question Q: Is the property [antennae] true for [apple]? 
 A:",False
antennae|artichoke,"Q: Is the property [is female] true for the concept [book]? 
 A: False 
 Q: Is the property [can be digital] true for the concept [book] 
 A: True 
 In one word True/False, answer the following question Q: Is the property [antennae] true for [artichoke]? 
 A:",False
antennae|bagel,"Q: Is the property [is female] true for the concept [book]? 
 A: False 
 Q: Is the property [can be digital] true for the concept [book] 
 A: True 
 In one word True/False, answer the following question Q: Is the property [antennae] true for [bagel]? 
 A:",False
antennae|banana,"Q: Is the property [is female] true for the concept [book]? 
 A: False 
 Q: Is the property [can be digital] true for the concept [book] 
 A: True 
 In one word True/False, answer the following question Q: Is the property [antennae] true for [banana]? 
 A:",False
antennae|banjo,"Q: Is the property [is female] true for the concept [book]? 
 A: False 
 Q: Is the property [can be digital] true for the concept [book] 
 A: True 
 In one word True/False, answer the following question Q: Is the property [antennae] true for [banjo]? 
 A:",False
antennae|barrel,"Q: Is the property [is female] true for the concept [book]? 
 A: False 
 Q: Is the property [can be digital] true for the concept [book] 
 A: True 
 In one word True/False, answer the following question Q: Is the property [antennae] true for [barrel]? 
 A:",False
antennae|bat,"Q: Is the property [is female] true for the concept [book]? 
 A: False 
 Q: Is the property [can be digital] true for the concept [book] 
 A: True 
 In one word True/False, answer the following question Q: Is the property [antennae] true for [bat]? 
 A:","False 

Bats do not have antenn"
antennae|beaver,"Q: Is the property [is female] true for the concept [book]? 
 A: False 
 Q: Is the property [can be digital] true for the concept [book] 
 A: True 
 In one word True/False, answer the following question Q: Is the property [antennae] true for [beaver]? 
 A:",False
antennae|bed,"Q: Is the property [is female] true for the concept [book]? 
 A: False 
 Q: Is the property [can be digital] true for the concept [book] 
 A: True 
 In one word True/False, answer the following question Q: Is the property [antennae] true for [bed]? 
 A:",False
antennae|beet,"Q: Is the property [is female] true for the concept [book]? 
 A: False 
 Q: Is the property [can be digital] true for the concept [book] 
 A: True 
 In one word True/False, answer the following question Q: Is the property [antennae] true for [beet]? 
 A:","False 

It seems there might have been"
antennae|beetle,"Q: Is the property [is female] true for the concept [book]? 
 A: False 
 Q: Is the property [can be digital] true for the concept [book] 
 A: True 
 In one word True/False, answer the following question Q: Is the property [antennae] true for [beetle]? 
 A:","True

Beetles, as insects"
antennae|bell,"Q: Is the property [is female] true for the concept [book]? 
 A: False 
 Q: Is the property [can be digital] true for the concept [book] 
 A: True 
 In one word True/False, answer the following question Q: Is the property [antennae] true for [bell]? 
 A:",False
antennae|belt,"Q: Is the property [is female] true for the concept [book]? 
 A: False 
 Q: Is the property [can be digital] true for the concept [book] 
 A: True 
 In one word True/False, answer the following question Q: Is the property [antennae] true for [belt]? 
 A:",False
antennae|bird,"Q: Is the property [is female] true for the concept [book]? 
 A: False 
 Q: Is the property [can be digital] true for the concept [book] 
 A: True 
 In one word True/False, answer the following question Q: Is the property [antennae] true for [bird]? 
 A:",False
antennae|blender,"Q: Is the property [is female] true for the concept [book]? 
 A: False 
 Q: Is the property [can be digital] true for the concept [book] 
 A: True 
 In one word True/False, answer the following question Q: Is the property [antennae] true for [blender]? 
 A:",False
antennae|blowtorch,"Q: Is the property [is female] true for the concept [book]? 
 A: False 
 Q: Is the property [can be digital] true for the concept [book] 
 A: True 
 In one word True/False, answer the following question Q: Is the property [antennae] true for [blowtorch]? 
 A:",False
antennae|blueberry,"Q: Is the property [is female] true for the concept [book]? 
 A: False 
 Q: Is the property [can be digital] true for the concept [book] 
 A: True 
 In one word True/False, answer the following question Q: Is the property [antennae] true for [blueberry]? 
 A:",False
antennae|boa,"Q: Is the property [is female] true for the concept [book]? 
 A: False 
 Q: Is the property [can be digital] true for the concept [book] 
 A: True 
 In one word True/False, answer the following question Q: Is the property [antennae] true for [boa]? 
 A:","False 

A boa is a type of"
antennae|boar,"Q: Is the property [is female] true for the concept [book]? 
 A: False 
 Q: Is the property [can be digital] true for the concept [book] 
 A: True 
 In one word True/False, answer the following question Q: Is the property [antennae] true for [boar]? 
 A:",False
antennae|bread,"Q: Is the property [is female] true for the concept [book]? 
 A: False 
 Q: Is the property [can be digital] true for the concept [book] 
 A: True 
 In one word True/False, answer the following question Q: Is the property [antennae] true for [bread]? 
 A:",False
antennae|brussels sprouts,"Q: Is the property [is female] true for the concept [book]? 
 A: False 
 Q: Is the property [can be digital] true for the concept [book] 
 A: True 
 In one word True/False, answer the following question Q: Is the property [antennae] true for [brussels sprouts]? 
 A:",False
antennae|bucket,"Q: Is the property [is female] true for the concept [book]? 
 A: False 
 Q: Is the property [can be digital] true for the concept [book] 
 A: True 
 In one word True/False, answer the following question Q: Is the property [antennae] true for [bucket]? 
 A:",False
antennae|burrito,"Q: Is the property [is female] true for the concept [book]? 
 A: False 
 Q: Is the property [can be digital] true for the concept [book] 
 A: True 
 In one word True/False, answer the following question Q: Is the property [antennae] true for [burrito]? 
 A:",False
antennae|cactus,"Q: Is the property [is female] true for the concept [book]? 
 A: False 
 Q: Is the property [can be digital] true for the concept [book] 
 A: True 
 In one word True/False, answer the following question Q: Is the property [antennae] true for [cactus]? 
 A:",False
antennae|candle,"Q: Is the property [is female] true for the concept [book]? 
 A: False 
 Q: Is the property [can be digital] true for the concept [book] 
 A: True 
 In one word True/False, answer the following question Q: Is the property [antennae] true for [candle]? 
 A:",False
antennae|candy,"Q: Is the property [is female] true for the concept [book]? 
 A: False 
 Q: Is the property [can be digital] true for the concept [book] 
 A: True 
 In one word True/False, answer the following question Q: Is the property [antennae] true for [candy]? 
 A:",False
antennae|cannon,"Q: Is the property [is female] true for the concept [book]? 
 A: False 
 Q: Is the property [can be digital] true for the concept [book] 
 A: True 
 In one word True/False, answer the following question Q: Is the property [antennae] true for [cannon]? 
 A:",False
antennae|car,"Q: Is the property [is female] true for the concept [book]? 
 A: False 
 Q: Is the property [can be digital] true for the concept [book] 
 A: True 
 In one word True/False, answer the following question Q: Is the property [antennae] true for [car]? 
 A:",False
antennae|carrot,"Q: Is the property [is female] true for the concept [book]? 
 A: False 
 Q: Is the property [can be digital] true for the concept [book] 
 A: True 
 In one word True/False, answer the following question Q: Is the property [antennae] true for [carrot]? 
 A:",False
antennae|cart,"Q: Is the property [is female] true for the concept [book]? 
 A: False 
 Q: Is the property [can be digital] true for the concept [book] 
 A: True 
 In one word True/False, answer the following question Q: Is the property [antennae] true for [cart]? 
 A:",False
antennae|cat,"Q: Is the property [is female] true for the concept [book]? 
 A: False 
 Q: Is the property [can be digital] true for the concept [book] 
 A: True 
 In one word True/False, answer the following question Q: Is the property [antennae] true for [cat]? 
 A:",False
antennae|caterpillar,"Q: Is the property [is female] true for the concept [book]? 
 A: False 
 Q: Is the property [can be digital] true for the concept [book] 
 A: True 
 In one word True/False, answer the following question Q: Is the property [antennae] true for [caterpillar]? 
 A:","False 

Caterpillars do not"
antennae|celery,"Q: Is the property [is female] true for the concept [book]? 
 A: False 
 Q: Is the property [can be digital] true for the concept [book] 
 A: True 
 In one word True/False, answer the following question Q: Is the property [antennae] true for [celery]? 
 A:",False
antennae|chili,"Q: Is the property [is female] true for the concept [book]? 
 A: False 
 Q: Is the property [can be digital] true for the concept [book] 
 A: True 
 In one word True/False, answer the following question Q: Is the property [antennae] true for [chili]? 
 A:",False
antennae|chinchilla,"Q: Is the property [is female] true for the concept [book]? 
 A: False 
 Q: Is the property [can be digital] true for the concept [book] 
 A: True 
 In one word True/False, answer the following question Q: Is the property [antennae] true for [chinchilla]? 
 A:","False 

Chinchillas are small,"
antennae|chisel,"Q: Is the property [is female] true for the concept [book]? 
 A: False 
 Q: Is the property [can be digital] true for the concept [book] 
 A: True 
 In one word True/False, answer the following question Q: Is the property [antennae] true for [chisel]? 
 A:",False
antennae|clarinet,"Q: Is the property [is female] true for the concept [book]? 
 A: False 
 Q: Is the property [can be digital] true for the concept [book] 
 A: True 
 In one word True/False, answer the following question Q: Is the property [antennae] true for [clarinet]? 
 A:",False
antennae|coat,"Q: Is the property [is female] true for the concept [book]? 
 A: False 
 Q: Is the property [can be digital] true for the concept [book] 
 A: True 
 In one word True/False, answer the following question Q: Is the property [antennae] true for [coat]? 
 A:",False
antennae|coconut,"Q: Is the property [is female] true for the concept [book]? 
 A: False 
 Q: Is the property [can be digital] true for the concept [book] 
 A: True 
 In one word True/False, answer the following question Q: Is the property [antennae] true for [coconut]? 
 A:",False
antennae|crow,"Q: Is the property [is female] true for the concept [book]? 
 A: False 
 Q: Is the property [can be digital] true for the concept [book] 
 A: True 
 In one word True/False, answer the following question Q: Is the property [antennae] true for [crow]? 
 A:",False
antennae|crowbar,"Q: Is the property [is female] true for the concept [book]? 
 A: False 
 Q: Is the property [can be digital] true for the concept [book] 
 A: True 
 In one word True/False, answer the following question Q: Is the property [antennae] true for [crowbar]? 
 A:",False
antennae|dragonfly,"Q: Is the property [is female] true for the concept [book]? 
 A: False 
 Q: Is the property [can be digital] true for the concept [book] 
 A: True 
 In one word True/False, answer the following question Q: Is the property [antennae] true for [dragonfly]? 
 A:","True

Dragonflies do have antennae"
antennae|dress,"Q: Is the property [is female] true for the concept [book]? 
 A: False 
 Q: Is the property [can be digital] true for the concept [book] 
 A: True 
 In one word True/False, answer the following question Q: Is the property [antennae] true for [dress]? 
 A:",False
antennae|eagle,"Q: Is the property [is female] true for the concept [book]? 
 A: False 
 Q: Is the property [can be digital] true for the concept [book] 
 A: True 
 In one word True/False, answer the following question Q: Is the property [antennae] true for [eagle]? 
 A:",False
antennae|eggbeater,"Q: Is the property [is female] true for the concept [book]? 
 A: False 
 Q: Is the property [can be digital] true for the concept [book] 
 A: True 
 In one word True/False, answer the following question Q: Is the property [antennae] true for [eggbeater]? 
 A:",False
antennae|fig,"Q: Is the property [is female] true for the concept [book]? 
 A: False 
 Q: Is the property [can be digital] true for the concept [book] 
 A: True 
 In one word True/False, answer the following question Q: Is the property [antennae] true for [fig]? 
 A:",False
antennae|file,"Q: Is the property [is female] true for the concept [book]? 
 A: False 
 Q: Is the property [can be digital] true for the concept [book] 
 A: True 
 In one word True/False, answer the following question Q: Is the property [antennae] true for [file]? 
 A:","False 

The property [antennae"
antennae|flute,"Q: Is the property [is female] true for the concept [book]? 
 A: False 
 Q: Is the property [can be digital] true for the concept [book] 
 A: True 
 In one word True/False, answer the following question Q: Is the property [antennae] true for [flute]? 
 A:",False
antennae|fly,"Q: Is the property [is female] true for the concept [book]? 
 A: False 
 Q: Is the property [can be digital] true for the concept [book] 
 A: True 
 In one word True/False, answer the following question Q: Is the property [antennae] true for [fly]? 
 A:","True

Flies do have antennae"
antennae|grenade,"Q: Is the property [is female] true for the concept [book]? 
 A: False 
 Q: Is the property [can be digital] true for the concept [book] 
 A: True 
 In one word True/False, answer the following question Q: Is the property [antennae] true for [grenade]? 
 A:",False
antennae|jeans,"Q: Is the property [is female] true for the concept [book]? 
 A: False 
 Q: Is the property [can be digital] true for the concept [book] 
 A: True 
 In one word True/False, answer the following question Q: Is the property [antennae] true for [jeans]? 
 A:",False
antennae|missile,"Q: Is the property [is female] true for the concept [book]? 
 A: False 
 Q: Is the property [can be digital] true for the concept [book] 
 A: True 
 In one word True/False, answer the following question Q: Is the property [antennae] true for [missile]? 
 A:","False 

The property [antennae"
antennae|motorcycle,"Q: Is the property [is female] true for the concept [book]? 
 A: False 
 Q: Is the property [can be digital] true for the concept [book] 
 A: True 
 In one word True/False, answer the following question Q: Is the property [antennae] true for [motorcycle]? 
 A:",False
can be eaten raw or cooked|accordion,"Q: Is the property [is female] true for the concept [book]? 
 A: False 
 Q: Is the property [can be digital] true for the concept [book] 
 A: True 
 In one word True/False, answer the following question Q: Is the property [can be eaten raw or cooked] true for [accordion]? 
 A:",False
can be eaten raw or cooked|acorn,"Q: Is the property [is female] true for the concept [book]? 
 A: False 
 Q: Is the property [can be digital] true for the concept [book] 
 A: True 
 In one word True/False, answer the following question Q: Is the property [can be eaten raw or cooked] true for [acorn]? 
 A:","True 

Acorns can be eaten,"
can be eaten raw or cooked|airplane,"Q: Is the property [is female] true for the concept [book]? 
 A: False 
 Q: Is the property [can be digital] true for the concept [book] 
 A: True 
 In one word True/False, answer the following question Q: Is the property [can be eaten raw or cooked] true for [airplane]? 
 A:",False
can be eaten raw or cooked|aloe,"Q: Is the property [is female] true for the concept [book]? 
 A: False 
 Q: Is the property [can be digital] true for the concept [book] 
 A: True 
 In one word True/False, answer the following question Q: Is the property [can be eaten raw or cooked] true for [aloe]? 
 A:","False 

While some species of aloe"
can be eaten raw or cooked|ant,"Q: Is the property [is female] true for the concept [book]? 
 A: False 
 Q: Is the property [can be digital] true for the concept [book] 
 A: True 
 In one word True/False, answer the following question Q: Is the property [can be eaten raw or cooked] true for [ant]? 
 A:","True 

Ants can be eaten both"
can be eaten raw or cooked|anteater,"Q: Is the property [is female] true for the concept [book]? 
 A: False 
 Q: Is the property [can be digital] true for the concept [book] 
 A: True 
 In one word True/False, answer the following question Q: Is the property [can be eaten raw or cooked] true for [anteater]? 
 A:","False 

The property [can be eaten"
can be eaten raw or cooked|anvil,"Q: Is the property [is female] true for the concept [book]? 
 A: False 
 Q: Is the property [can be digital] true for the concept [book] 
 A: True 
 In one word True/False, answer the following question Q: Is the property [can be eaten raw or cooked] true for [anvil]? 
 A:",False
can be eaten raw or cooked|apple,"Q: Is the property [is female] true for the concept [book]? 
 A: False 
 Q: Is the property [can be digital] true for the concept [book] 
 A: True 
 In one word True/False, answer the following question Q: Is the property [can be eaten raw or cooked] true for [apple]? 
 A:",True
can be eaten raw or cooked|artichoke,"Q: Is the property [is female] true for the concept [book]? 
 A: False 
 Q: Is the property [can be digital] true for the concept [book] 
 A: True 
 In one word True/False, answer the following question Q: Is the property [can be eaten raw or cooked] true for [artichoke]? 
 A:",True
can be eaten raw or cooked|bagel,"Q: Is the property [is female] true for the concept [book]? 
 A: False 
 Q: Is the property [can be digital] true for the concept [book] 
 A: True 
 In one word True/False, answer the following question Q: Is the property [can be eaten raw or cooked] true for [bagel]? 
 A:","True 

A bagel can be eaten"
can be eaten raw or cooked|banana,"Q: Is the property [is female] true for the concept [book]? 
 A: False 
 Q: Is the property [can be digital] true for the concept [book] 
 A: True 
 In one word True/False, answer the following question Q: Is the property [can be eaten raw or cooked] true for [banana]? 
 A:",True
can be eaten raw or cooked|banjo,"Q: Is the property [is female] true for the concept [book]? 
 A: False 
 Q: Is the property [can be digital] true for the concept [book] 
 A: True 
 In one word True/False, answer the following question Q: Is the property [can be eaten raw or cooked] true for [banjo]? 
 A:",False
can be eaten raw or cooked|barrel,"Q: Is the property [is female] true for the concept [book]? 
 A: False 
 Q: Is the property [can be digital] true for the concept [book] 
 A: True 
 In one word True/False, answer the following question Q: Is the property [can be eaten raw or cooked] true for [barrel]? 
 A:","False 

A barrel is an object used"
can be eaten raw or cooked|bat,"Q: Is the property [is female] true for the concept [book]? 
 A: False 
 Q: Is the property [can be digital] true for the concept [book] 
 A: True 
 In one word True/False, answer the following question Q: Is the property [can be eaten raw or cooked] true for [bat]? 
 A:","False 

The concept of a bat ("
can be eaten raw or cooked|beaver,"Q: Is the property [is female] true for the concept [book]? 
 A: False 
 Q: Is the property [can be digital] true for the concept [book] 
 A: True 
 In one word True/False, answer the following question Q: Is the property [can be eaten raw or cooked] true for [beaver]? 
 A:","False 

The property [can be eaten"
can be eaten raw or cooked|bed,"Q: Is the property [is female] true for the concept [book]? 
 A: False 
 Q: Is the property [can be digital] true for the concept [book] 
 A: True 
 In one word True/False, answer the following question Q: Is the property [can be eaten raw or cooked] true for [bed]? 
 A:",False
can be eaten raw or cooked|beet,"Q: Is the property [is female] true for the concept [book]? 
 A: False 
 Q: Is the property [can be digital] true for the concept [book] 
 A: True 
 In one word True/False, answer the following question Q: Is the property [can be eaten raw or cooked] true for [beet]? 
 A:",True
can be eaten raw or cooked|beetle,"Q: Is the property [is female] true for the concept [book]? 
 A: False 
 Q: Is the property [can be digital] true for the concept [book] 
 A: True 
 In one word True/False, answer the following question Q: Is the property [can be eaten raw or cooked] true for [beetle]? 
 A:","False 

This answer assumes the question is"
can be eaten raw or cooked|bell,"Q: Is the property [is female] true for the concept [book]? 
 A: False 
 Q: Is the property [can be digital] true for the concept [book] 
 A: True 
 In one word True/False, answer the following question Q: Is the property [can be eaten raw or cooked] true for [bell]? 
 A:","False 

The concept of a ""bell"
can be eaten raw or cooked|belt,"Q: Is the property [is female] true for the concept [book]? 
 A: False 
 Q: Is the property [can be digital] true for the concept [book] 
 A: True 
 In one word True/False, answer the following question Q: Is the property [can be eaten raw or cooked] true for [belt]? 
 A:",False
can be eaten raw or cooked|bird,"Q: Is the property [is female] true for the concept [book]? 
 A: False 
 Q: Is the property [can be digital] true for the concept [book] 
 A: True 
 In one word True/False, answer the following question Q: Is the property [can be eaten raw or cooked] true for [bird]? 
 A:","False 

The property [can be eaten"
can be eaten raw or cooked|blender,"Q: Is the property [is female] true for the concept [book]? 
 A: False 
 Q: Is the property [can be digital] true for the concept [book] 
 A: True 
 In one word True/False, answer the following question Q: Is the property [can be eaten raw or cooked] true for [blender]? 
 A:",False
can be eaten raw or cooked|blowtorch,"Q: Is the property [is female] true for the concept [book]? 
 A: False 
 Q: Is the property [can be digital] true for the concept [book] 
 A: True 
 In one word True/False, answer the following question Q: Is the property [can be eaten raw or cooked] true for [blowtorch]? 
 A:",False
can be eaten raw or cooked|blueberry,"Q: Is the property [is female] true for the concept [book]? 
 A: False 
 Q: Is the property [can be digital] true for the concept [book] 
 A: True 
 In one word True/False, answer the following question Q: Is the property [can be eaten raw or cooked] true for [blueberry]? 
 A:",True
can be eaten raw or cooked|boa,"Q: Is the property [is female] true for the concept [book]? 
 A: False 
 Q: Is the property [can be digital] true for the concept [book] 
 A: True 
 In one word True/False, answer the following question Q: Is the property [can be eaten raw or cooked] true for [boa]? 
 A:","False 

The property [can be eaten"
can be eaten raw or cooked|boar,"Q: Is the property [is female] true for the concept [book]? 
 A: False 
 Q: Is the property [can be digital] true for the concept [book] 
 A: True 
 In one word True/False, answer the following question Q: Is the property [can be eaten raw or cooked] true for [boar]? 
 A:","True 

Boars are animals and the"
can be eaten raw or cooked|bread,"Q: Is the property [is female] true for the concept [book]? 
 A: False 
 Q: Is the property [can be digital] true for the concept [book] 
 A: True 
 In one word True/False, answer the following question Q: Is the property [can be eaten raw or cooked] true for [bread]? 
 A:","False 

The property [can be eaten"
can be eaten raw or cooked|brussels sprouts,"Q: Is the property [is female] true for the concept [book]? 
 A: False 
 Q: Is the property [can be digital] true for the concept [book] 
 A: True 
 In one word True/False, answer the following question Q: Is the property [can be eaten raw or cooked] true for [brussels sprouts]? 
 A:",True
can be eaten raw or cooked|bucket,"Q: Is the property [is female] true for the concept [book]? 
 A: False 
 Q: Is the property [can be digital] true for the concept [book] 
 A: True 
 In one word True/False, answer the following question Q: Is the property [can be eaten raw or cooked] true for [bucket]? 
 A:",False
can be eaten raw or cooked|burrito,"Q: Is the property [is female] true for the concept [book]? 
 A: False 
 Q: Is the property [can be digital] true for the concept [book] 
 A: True 
 In one word True/False, answer the following question Q: Is the property [can be eaten raw or cooked] true for [burrito]? 
 A:","True 

A burrito can be eaten"
can be eaten raw or cooked|cactus,"Q: Is the property [is female] true for the concept [book]? 
 A: False 
 Q: Is the property [can be digital] true for the concept [book] 
 A: True 
 In one word True/False, answer the following question Q: Is the property [can be eaten raw or cooked] true for [cactus]? 
 A:","False 

While some species of cactus"
can be eaten raw or cooked|candle,"Q: Is the property [is female] true for the concept [book]? 
 A: False 
 Q: Is the property [can be digital] true for the concept [book] 
 A: True 
 In one word True/False, answer the following question Q: Is the property [can be eaten raw or cooked] true for [candle]? 
 A:",False
can be eaten raw or cooked|candy,"Q: Is the property [is female] true for the concept [book]? 
 A: False 
 Q: Is the property [can be digital] true for the concept [book] 
 A: True 
 In one word True/False, answer the following question Q: Is the property [can be eaten raw or cooked] true for [candy]? 
 A:","False 

The property [can be eaten"
can be eaten raw or cooked|cannon,"Q: Is the property [is female] true for the concept [book]? 
 A: False 
 Q: Is the property [can be digital] true for the concept [book] 
 A: True 
 In one word True/False, answer the following question Q: Is the property [can be eaten raw or cooked] true for [cannon]? 
 A:",False
can be eaten raw or cooked|car,"Q: Is the property [is female] true for the concept [book]? 
 A: False 
 Q: Is the property [can be digital] true for the concept [book] 
 A: True 
 In one word True/False, answer the following question Q: Is the property [can be eaten raw or cooked] true for [car]? 
 A:",False
can be eaten raw or cooked|carrot,"Q: Is the property [is female] true for the concept [book]? 
 A: False 
 Q: Is the property [can be digital] true for the concept [book] 
 A: True 
 In one word True/False, answer the following question Q: Is the property [can be eaten raw or cooked] true for [carrot]? 
 A:",True
can be eaten raw or cooked|cart,"Q: Is the property [is female] true for the concept [book]? 
 A: False 
 Q: Is the property [can be digital] true for the concept [book] 
 A: True 
 In one word True/False, answer the following question Q: Is the property [can be eaten raw or cooked] true for [cart]? 
 A:",False
can be eaten raw or cooked|cat,"Q: Is the property [is female] true for the concept [book]? 
 A: False 
 Q: Is the property [can be digital] true for the concept [book] 
 A: True 
 In one word True/False, answer the following question Q: Is the property [can be eaten raw or cooked] true for [cat]? 
 A:",False
can be eaten raw or cooked|caterpillar,"Q: Is the property [is female] true for the concept [book]? 
 A: False 
 Q: Is the property [can be digital] true for the concept [book] 
 A: True 
 In one word True/False, answer the following question Q: Is the property [can be eaten raw or cooked] true for [caterpillar]? 
 A:","False 

The property [can be eaten"
can be eaten raw or cooked|celery,"Q: Is the property [is female] true for the concept [book]? 
 A: False 
 Q: Is the property [can be digital] true for the concept [book] 
 A: True 
 In one word True/False, answer the following question Q: Is the property [can be eaten raw or cooked] true for [celery]? 
 A:",True
can be eaten raw or cooked|chili,"Q: Is the property [is female] true for the concept [book]? 
 A: False 
 Q: Is the property [can be digital] true for the concept [book] 
 A: True 
 In one word True/False, answer the following question Q: Is the property [can be eaten raw or cooked] true for [chili]? 
 A:",True
can be eaten raw or cooked|chinchilla,"Q: Is the property [is female] true for the concept [book]? 
 A: False 
 Q: Is the property [can be digital] true for the concept [book] 
 A: True 
 In one word True/False, answer the following question Q: Is the property [can be eaten raw or cooked] true for [chinchilla]? 
 A:","False 

Chinchillas are small rodents"
can be eaten raw or cooked|chisel,"Q: Is the property [is female] true for the concept [book]? 
 A: False 
 Q: Is the property [can be digital] true for the concept [book] 
 A: True 
 In one word True/False, answer the following question Q: Is the property [can be eaten raw or cooked] true for [chisel]? 
 A:",False
can be eaten raw or cooked|clarinet,"Q: Is the property [is female] true for the concept [book]? 
 A: False 
 Q: Is the property [can be digital] true for the concept [book] 
 A: True 
 In one word True/False, answer the following question Q: Is the property [can be eaten raw or cooked] true for [clarinet]? 
 A:",False
can be eaten raw or cooked|coat,"Q: Is the property [is female] true for the concept [book]? 
 A: False 
 Q: Is the property [can be digital] true for the concept [book] 
 A: True 
 In one word True/False, answer the following question Q: Is the property [can be eaten raw or cooked] true for [coat]? 
 A:",False
can be eaten raw or cooked|coconut,"Q: Is the property [is female] true for the concept [book]? 
 A: False 
 Q: Is the property [can be digital] true for the concept [book] 
 A: True 
 In one word True/False, answer the following question Q: Is the property [can be eaten raw or cooked] true for [coconut]? 
 A:","True 

Coconuts can be eaten"
can be eaten raw or cooked|crow,"Q: Is the property [is female] true for the concept [book]? 
 A: False 
 Q: Is the property [can be digital] true for the concept [book] 
 A: True 
 In one word True/False, answer the following question Q: Is the property [can be eaten raw or cooked] true for [crow]? 
 A:","False 

A crow is a bird and"
can be eaten raw or cooked|crowbar,"Q: Is the property [is female] true for the concept [book]? 
 A: False 
 Q: Is the property [can be digital] true for the concept [book] 
 A: True 
 In one word True/False, answer the following question Q: Is the property [can be eaten raw or cooked] true for [crowbar]? 
 A:",False
can be eaten raw or cooked|dragonfly,"Q: Is the property [is female] true for the concept [book]? 
 A: False 
 Q: Is the property [can be digital] true for the concept [book] 
 A: True 
 In one word True/False, answer the following question Q: Is the property [can be eaten raw or cooked] true for [dragonfly]? 
 A:","True 

Dragonflies themselves are not typically"
can be eaten raw or cooked|dress,"Q: Is the property [is female] true for the concept [book]? 
 A: False 
 Q: Is the property [can be digital] true for the concept [book] 
 A: True 
 In one word True/False, answer the following question Q: Is the property [can be eaten raw or cooked] true for [dress]? 
 A:",False
can be eaten raw or cooked|eagle,"Q: Is the property [is female] true for the concept [book]? 
 A: False 
 Q: Is the property [can be digital] true for the concept [book] 
 A: True 
 In one word True/False, answer the following question Q: Is the property [can be eaten raw or cooked] true for [eagle]? 
 A:","False 

Eagles are birds of"
can be eaten raw or cooked|eggbeater,"Q: Is the property [is female] true for the concept [book]? 
 A: False 
 Q: Is the property [can be digital] true for the concept [book] 
 A: True 
 In one word True/False, answer the following question Q: Is the property [can be eaten raw or cooked] true for [eggbeater]? 
 A:","False 

An eggbeater is a"
can be eaten raw or cooked|fig,"Q: Is the property [is female] true for the concept [book]? 
 A: False 
 Q: Is the property [can be digital] true for the concept [book] 
 A: True 
 In one word True/False, answer the following question Q: Is the property [can be eaten raw or cooked] true for [fig]? 
 A:",True
can be eaten raw or cooked|file,"Q: Is the property [is female] true for the concept [book]? 
 A: False 
 Q: Is the property [can be digital] true for the concept [book] 
 A: True 
 In one word True/False, answer the following question Q: Is the property [can be eaten raw or cooked] true for [file]? 
 A:","False 

The concept of a ""file"
can be eaten raw or cooked|flute,"Q: Is the property [is female] true for the concept [book]? 
 A: False 
 Q: Is the property [can be digital] true for the concept [book] 
 A: True 
 In one word True/False, answer the following question Q: Is the property [can be eaten raw or cooked] true for [flute]? 
 A:",False
can be eaten raw or cooked|fly,"Q: Is the property [is female] true for the concept [book]? 
 A: False 
 Q: Is the property [can be digital] true for the concept [book] 
 A: True 
 In one word True/False, answer the following question Q: Is the property [can be eaten raw or cooked] true for [fly]? 
 A:","False 

Flies are insects and not"
can be eaten raw or cooked|grenade,"Q: Is the property [is female] true for the concept [book]? 
 A: False 
 Q: Is the property [can be digital] true for the concept [book] 
 A: True 
 In one word True/False, answer the following question Q: Is the property [can be eaten raw or cooked] true for [grenade]? 
 A:","False 

A grenade is not meant for"
can be eaten raw or cooked|jeans,"Q: Is the property [is female] true for the concept [book]? 
 A: False 
 Q: Is the property [can be digital] true for the concept [book] 
 A: True 
 In one word True/False, answer the following question Q: Is the property [can be eaten raw or cooked] true for [jeans]? 
 A:",False
can be eaten raw or cooked|missile,"Q: Is the property [is female] true for the concept [book]? 
 A: False 
 Q: Is the property [can be digital] true for the concept [book] 
 A: True 
 In one word True/False, answer the following question Q: Is the property [can be eaten raw or cooked] true for [missile]? 
 A:",False
can be eaten raw or cooked|motorcycle,"Q: Is the property [is female] true for the concept [book]? 
 A: False 
 Q: Is the property [can be digital] true for the concept [book] 
 A: True 
 In one word True/False, answer the following question Q: Is the property [can be eaten raw or cooked] true for [motorcycle]? 
 A:",False
can fly|accordion,"Q: Is the property [is female] true for the concept [book]? 
 A: False 
 Q: Is the property [can be digital] true for the concept [book] 
 A: True 
 In one word True/False, answer the following question Q: Is the property [can fly] true for [accordion]? 
 A:",False
can fly|acorn,"Q: Is the property [is female] true for the concept [book]? 
 A: False 
 Q: Is the property [can be digital] true for the concept [book] 
 A: True 
 In one word True/False, answer the following question Q: Is the property [can fly] true for [acorn]? 
 A:",False
can fly|airplane,"Q: Is the property [is female] true for the concept [book]? 
 A: False 
 Q: Is the property [can be digital] true for the concept [book] 
 A: True 
 In one word True/False, answer the following question Q: Is the property [can fly] true for [airplane]? 
 A:",True
can fly|aloe,"Q: Is the property [is female] true for the concept [book]? 
 A: False 
 Q: Is the property [can be digital] true for the concept [book] 
 A: True 
 In one word True/False, answer the following question Q: Is the property [can fly] true for [aloe]? 
 A:",False
can fly|ant,"Q: Is the property [is female] true for the concept [book]? 
 A: False 
 Q: Is the property [can be digital] true for the concept [book] 
 A: True 
 In one word True/False, answer the following question Q: Is the property [can fly] true for [ant]? 
 A:","False 

Ants do not have the"
can fly|anteater,"Q: Is the property [is female] true for the concept [book]? 
 A: False 
 Q: Is the property [can be digital] true for the concept [book] 
 A: True 
 In one word True/False, answer the following question Q: Is the property [can fly] true for [anteater]? 
 A:",False
can fly|anvil,"Q: Is the property [is female] true for the concept [book]? 
 A: False 
 Q: Is the property [can be digital] true for the concept [book] 
 A: True 
 In one word True/False, answer the following question Q: Is the property [can fly] true for [anvil]? 
 A:",False
can fly|apple,"Q: Is the property [is female] true for the concept [book]? 
 A: False 
 Q: Is the property [can be digital] true for the concept [book] 
 A: True 
 In one word True/False, answer the following question Q: Is the property [can fly] true for [apple]? 
 A:",False
can fly|artichoke,"Q: Is the property [is female] true for the concept [book]? 
 A: False 
 Q: Is the property [can be digital] true for the concept [book] 
 A: True 
 In one word True/False, answer the following question Q: Is the property [can fly] true for [artichoke]? 
 A:",False
can fly|bagel,"Q: Is the property [is female] true for the concept [book]? 
 A: False 
 Q: Is the property [can be digital] true for the concept [book] 
 A: True 
 In one word True/False, answer the following question Q: Is the property [can fly] true for [bagel]? 
 A:",False
can fly|banana,"Q: Is the property [is female] true for the concept [book]? 
 A: False 
 Q: Is the property [can be digital] true for the concept [book] 
 A: True 
 In one word True/False, answer the following question Q: Is the property [can fly] true for [banana]? 
 A:",False
can fly|banjo,"Q: Is the property [is female] true for the concept [book]? 
 A: False 
 Q: Is the property [can be digital] true for the concept [book] 
 A: True 
 In one word True/False, answer the following question Q: Is the property [can fly] true for [banjo]? 
 A:",False
can fly|barrel,"Q: Is the property [is female] true for the concept [book]? 
 A: False 
 Q: Is the property [can be digital] true for the concept [book] 
 A: True 
 In one word True/False, answer the following question Q: Is the property [can fly] true for [barrel]? 
 A:",False
can fly|bat,"Q: Is the property [is female] true for the concept [book]? 
 A: False 
 Q: Is the property [can be digital] true for the concept [book] 
 A: True 
 In one word True/False, answer the following question Q: Is the property [can fly] true for [bat]? 
 A:","False 

Note: The property [can"
can fly|beaver,"Q: Is the property [is female] true for the concept [book]? 
 A: False 
 Q: Is the property [can be digital] true for the concept [book] 
 A: True 
 In one word True/False, answer the following question Q: Is the property [can fly] true for [beaver]? 
 A:",False
can fly|bed,"Q: Is the property [is female] true for the concept [book]? 
 A: False 
 Q: Is the property [can be digital] true for the concept [book] 
 A: True 
 In one word True/False, answer the following question Q: Is the property [can fly] true for [bed]? 
 A:",False
can fly|beet,"Q: Is the property [is female] true for the concept [book]? 
 A: False 
 Q: Is the property [can be digital] true for the concept [book] 
 A: True 
 In one word True/False, answer the following question Q: Is the property [can fly] true for [beet]? 
 A:","False 

It seems there might have been"
can fly|beetle,"Q: Is the property [is female] true for the concept [book]? 
 A: False 
 Q: Is the property [can be digital] true for the concept [book] 
 A: True 
 In one word True/False, answer the following question Q: Is the property [can fly] true for [beetle]? 
 A:","False 

Explanation: While some beetles"
can fly|bell,"Q: Is the property [is female] true for the concept [book]? 
 A: False 
 Q: Is the property [can be digital] true for the concept [book] 
 A: True 
 In one word True/False, answer the following question Q: Is the property [can fly] true for [bell]? 
 A:",False
can fly|belt,"Q: Is the property [is female] true for the concept [book]? 
 A: False 
 Q: Is the property [can be digital] true for the concept [book] 
 A: True 
 In one word True/False, answer the following question Q: Is the property [can fly] true for [belt]? 
 A:",False
can fly|bird,"Q: Is the property [is female] true for the concept [book]? 
 A: False 
 Q: Is the property [can be digital] true for the concept [book] 
 A: True 
 In one word True/False, answer the following question Q: Is the property [can fly] true for [bird]? 
 A:","True 

However, it's important to"
can fly|blender,"Q: Is the property [is female] true for the concept [book]? 
 A: False 
 Q: Is the property [can be digital] true for the concept [book] 
 A: True 
 In one word True/False, answer the following question Q: Is the property [can fly] true for [blender]? 
 A:",False
can fly|blowtorch,"Q: Is the property [is female] true for the concept [book]? 
 A: False 
 Q: Is the property [can be digital] true for the concept [book] 
 A: True 
 In one word True/False, answer the following question Q: Is the property [can fly] true for [blowtorch]? 
 A:",False
can fly|blueberry,"Q: Is the property [is female] true for the concept [book]? 
 A: False 
 Q: Is the property [can be digital] true for the concept [book] 
 A: True 
 In one word True/False, answer the following question Q: Is the property [can fly] true for [blueberry]? 
 A:",False
can fly|boa,"Q: Is the property [is female] true for the concept [book]? 
 A: False 
 Q: Is the property [can be digital] true for the concept [book] 
 A: True 
 In one word True/False, answer the following question Q: Is the property [can fly] true for [boa]? 
 A:","False 

Boas are snakes and do"
can fly|boar,"Q: Is the property [is female] true for the concept [book]? 
 A: False 
 Q: Is the property [can be digital] true for the concept [book] 
 A: True 
 In one word True/False, answer the following question Q: Is the property [can fly] true for [boar]? 
 A:",False
can fly|bread,"Q: Is the property [is female] true for the concept [book]? 
 A: False 
 Q: Is the property [can be digital] true for the concept [book] 
 A: True 
 In one word True/False, answer the following question Q: Is the property [can fly] true for [bread]? 
 A:",False
can fly|brussels sprouts,"Q: Is the property [is female] true for the concept [book]? 
 A: False 
 Q: Is the property [can be digital] true for the concept [book] 
 A: True 
 In one word True/False, answer the following question Q: Is the property [can fly] true for [brussels sprouts]? 
 A:",False
can fly|bucket,"Q: Is the property [is female] true for the concept [book]? 
 A: False 
 Q: Is the property [can be digital] true for the concept [book] 
 A: True 
 In one word True/False, answer the following question Q: Is the property [can fly] true for [bucket]? 
 A:",False
can fly|burrito,"Q: Is the property [is female] true for the concept [book]? 
 A: False 
 Q: Is the property [can be digital] true for the concept [book] 
 A: True 
 In one word True/False, answer the following question Q: Is the property [can fly] true for [burrito]? 
 A:",False
can fly|cactus,"Q: Is the property [is female] true for the concept [book]? 
 A: False 
 Q: Is the property [can be digital] true for the concept [book] 
 A: True 
 In one word True/False, answer the following question Q: Is the property [can fly] true for [cactus]? 
 A:",False
can fly|candle,"Q: Is the property [is female] true for the concept [book]? 
 A: False 
 Q: Is the property [can be digital] true for the concept [book] 
 A: True 
 In one word True/False, answer the following question Q: Is the property [can fly] true for [candle]? 
 A:",False
can fly|candy,"Q: Is the property [is female] true for the concept [book]? 
 A: False 
 Q: Is the property [can be digital] true for the concept [book] 
 A: True 
 In one word True/False, answer the following question Q: Is the property [can fly] true for [candy]? 
 A:",False
can fly|cannon,"Q: Is the property [is female] true for the concept [book]? 
 A: False 
 Q: Is the property [can be digital] true for the concept [book] 
 A: True 
 In one word True/False, answer the following question Q: Is the property [can fly] true for [cannon]? 
 A:",False
can fly|car,"Q: Is the property [is female] true for the concept [book]? 
 A: False 
 Q: Is the property [can be digital] true for the concept [book] 
 A: True 
 In one word True/False, answer the following question Q: Is the property [can fly] true for [car]? 
 A:",False
can fly|carrot,"Q: Is the property [is female] true for the concept [book]? 
 A: False 
 Q: Is the property [can be digital] true for the concept [book] 
 A: True 
 In one word True/False, answer the following question Q: Is the property [can fly] true for [carrot]? 
 A:",False
can fly|cart,"Q: Is the property [is female] true for the concept [book]? 
 A: False 
 Q: Is the property [can be digital] true for the concept [book] 
 A: True 
 In one word True/False, answer the following question Q: Is the property [can fly] true for [cart]? 
 A:",False
can fly|cat,"Q: Is the property [is female] true for the concept [book]? 
 A: False 
 Q: Is the property [can be digital] true for the concept [book] 
 A: True 
 In one word True/False, answer the following question Q: Is the property [can fly] true for [cat]? 
 A:",False
can fly|caterpillar,"Q: Is the property [is female] true for the concept [book]? 
 A: False 
 Q: Is the property [can be digital] true for the concept [book] 
 A: True 
 In one word True/False, answer the following question Q: Is the property [can fly] true for [caterpillar]? 
 A:",False
can fly|celery,"Q: Is the property [is female] true for the concept [book]? 
 A: False 
 Q: Is the property [can be digital] true for the concept [book] 
 A: True 
 In one word True/False, answer the following question Q: Is the property [can fly] true for [celery]? 
 A:",False
can fly|chili,"Q: Is the property [is female] true for the concept [book]? 
 A: False 
 Q: Is the property [can be digital] true for the concept [book] 
 A: True 
 In one word True/False, answer the following question Q: Is the property [can fly] true for [chili]? 
 A:",False
can fly|chinchilla,"Q: Is the property [is female] true for the concept [book]? 
 A: False 
 Q: Is the property [can be digital] true for the concept [book] 
 A: True 
 In one word True/False, answer the following question Q: Is the property [can fly] true for [chinchilla]? 
 A:",False
can fly|chisel,"Q: Is the property [is female] true for the concept [book]? 
 A: False 
 Q: Is the property [can be digital] true for the concept [book] 
 A: True 
 In one word True/False, answer the following question Q: Is the property [can fly] true for [chisel]? 
 A:",False
can fly|clarinet,"Q: Is the property [is female] true for the concept [book]? 
 A: False 
 Q: Is the property [can be digital] true for the concept [book] 
 A: True 
 In one word True/False, answer the following question Q: Is the property [can fly] true for [clarinet]? 
 A:",False
can fly|coat,"Q: Is the property [is female] true for the concept [book]? 
 A: False 
 Q: Is the property [can be digital] true for the concept [book] 
 A: True 
 In one word True/False, answer the following question Q: Is the property [can fly] true for [coat]? 
 A:",False
can fly|coconut,"Q: Is the property [is female] true for the concept [book]? 
 A: False 
 Q: Is the property [can be digital] true for the concept [book] 
 A: True 
 In one word True/False, answer the following question Q: Is the property [can fly] true for [coconut]? 
 A:",False
can fly|crow,"Q: Is the property [is female] true for the concept [book]? 
 A: False 
 Q: Is the property [can be digital] true for the concept [book] 
 A: True 
 In one word True/False, answer the following question Q: Is the property [can fly] true for [crow]? 
 A:","True 

Crows cannot fly in the"
can fly|crowbar,"Q: Is the property [is female] true for the concept [book]? 
 A: False 
 Q: Is the property [can be digital] true for the concept [book] 
 A: True 
 In one word True/False, answer the following question Q: Is the property [can fly] true for [crowbar]? 
 A:",False
can fly|dragonfly,"Q: Is the property [is female] true for the concept [book]? 
 A: False 
 Q: Is the property [can be digital] true for the concept [book] 
 A: True 
 In one word True/False, answer the following question Q: Is the property [can fly] true for [dragonfly]? 
 A:",True
can fly|dress,"Q: Is the property [is female] true for the concept [book]? 
 A: False 
 Q: Is the property [can be digital] true for the concept [book] 
 A: True 
 In one word True/False, answer the following question Q: Is the property [can fly] true for [dress]? 
 A:",False
can fly|eagle,"Q: Is the property [is female] true for the concept [book]? 
 A: False 
 Q: Is the property [can be digital] true for the concept [book] 
 A: True 
 In one word True/False, answer the following question Q: Is the property [can fly] true for [eagle]? 
 A:","True 

Eagles are birds and"
can fly|eggbeater,"Q: Is the property [is female] true for the concept [book]? 
 A: False 
 Q: Is the property [can be digital] true for the concept [book] 
 A: True 
 In one word True/False, answer the following question Q: Is the property [can fly] true for [eggbeater]? 
 A:","False 

An eggbeater, whether"
can fly|fig,"Q: Is the property [is female] true for the concept [book]? 
 A: False 
 Q: Is the property [can be digital] true for the concept [book] 
 A: True 
 In one word True/False, answer the following question Q: Is the property [can fly] true for [fig]? 
 A:",False
can fly|file,"Q: Is the property [is female] true for the concept [book]? 
 A: False 
 Q: Is the property [can be digital] true for the concept [book] 
 A: True 
 In one word True/False, answer the following question Q: Is the property [can fly] true for [file]? 
 A:",False
can fly|flute,"Q: Is the property [is female] true for the concept [book]? 
 A: False 
 Q: Is the property [can be digital] true for the concept [book] 
 A: True 
 In one word True/False, answer the following question Q: Is the property [can fly] true for [flute]? 
 A:",False
can fly|fly,"Q: Is the property [is female] true for the concept [book]? 
 A: False 
 Q: Is the property [can be digital] true for the concept [book] 
 A: True 
 In one word True/False, answer the following question Q: Is the property [can fly] true for [fly]? 
 A:","False 

The word ""fly"" can"
can fly|grenade,"Q: Is the property [is female] true for the concept [book]? 
 A: False 
 Q: Is the property [can be digital] true for the concept [book] 
 A: True 
 In one word True/False, answer the following question Q: Is the property [can fly] true for [grenade]? 
 A:",False
can fly|jeans,"Q: Is the property [is female] true for the concept [book]? 
 A: False 
 Q: Is the property [can be digital] true for the concept [book] 
 A: True 
 In one word True/False, answer the following question Q: Is the property [can fly] true for [jeans]? 
 A:",False
can fly|missile,"Q: Is the property [is female] true for the concept [book]? 
 A: False 
 Q: Is the property [can be digital] true for the concept [book] 
 A: True 
 In one word True/False, answer the following question Q: Is the property [can fly] true for [missile]? 
 A:","True

Missiles are designed to be"
can fly|motorcycle,"Q: Is the property [is female] true for the concept [book]? 
 A: False 
 Q: Is the property [can be digital] true for the concept [book] 
 A: True 
 In one word True/False, answer the following question Q: Is the property [can fly] true for [motorcycle]? 
 A:",False
color|accordion,"Q: Is the property [is female] true for the concept [book]? 
 A: False 
 Q: Is the property [can be digital] true for the concept [book] 
 A: True 
 In one word True/False, answer the following question Q: Is the property [color] true for [accordion]? 
 A:","False

The property [color] is"
color|acorn,"Q: Is the property [is female] true for the concept [book]? 
 A: False 
 Q: Is the property [can be digital] true for the concept [book] 
 A: True 
 In one word True/False, answer the following question Q: Is the property [color] true for [acorn]? 
 A:","True

The property [color] is"
color|airplane,"Q: Is the property [is female] true for the concept [book]? 
 A: False 
 Q: Is the property [can be digital] true for the concept [book] 
 A: True 
 In one word True/False, answer the following question Q: Is the property [color] true for [airplane]? 
 A:","False

The property [color] as"
color|aloe,"Q: Is the property [is female] true for the concept [book]? 
 A: False 
 Q: Is the property [can be digital] true for the concept [book] 
 A: True 
 In one word True/False, answer the following question Q: Is the property [color] true for [aloe]? 
 A:","False

The property [color] is"
color|ant,"Q: Is the property [is female] true for the concept [book]? 
 A: False 
 Q: Is the property [can be digital] true for the concept [book] 
 A: True 
 In one word True/False, answer the following question Q: Is the property [color] true for [ant]? 
 A:","False

The property [color] is"
color|anteater,"Q: Is the property [is female] true for the concept [book]? 
 A: False 
 Q: Is the property [can be digital] true for the concept [book] 
 A: True 
 In one word True/False, answer the following question Q: Is the property [color] true for [anteater]? 
 A:","False

The property [color] is"
color|anvil,"Q: Is the property [is female] true for the concept [book]? 
 A: False 
 Q: Is the property [can be digital] true for the concept [book] 
 A: True 
 In one word True/False, answer the following question Q: Is the property [color] true for [anvil]? 
 A:","False

The property [color] is"
color|apple,"Q: Is the property [is female] true for the concept [book]? 
 A: False 
 Q: Is the property [can be digital] true for the concept [book] 
 A: True 
 In one word True/False, answer the following question Q: Is the property [color] true for [apple]? 
 A:","False

The property [color] is"
color|artichoke,"Q: Is the property [is female] true for the concept [book]? 
 A: False 
 Q: Is the property [can be digital] true for the concept [book] 
 A: True 
 In one word True/False, answer the following question Q: Is the property [color] true for [artichoke]? 
 A:","True 

The property [color] is"
color|bagel,"Q: Is the property [is female] true for the concept [book]? 
 A: False 
 Q: Is the property [can be digital] true for the concept [book] 
 A: True 
 In one word True/False, answer the following question Q: Is the property [color] true for [bagel]? 
 A:","False

The property [color] is"
color|banana,"Q: Is the property [is female] true for the concept [book]? 
 A: False 
 Q: Is the property [can be digital] true for the concept [book] 
 A: True 
 In one word True/False, answer the following question Q: Is the property [color] true for [banana]? 
 A:","False

The property [color] is"
color|banjo,"Q: Is the property [is female] true for the concept [book]? 
 A: False 
 Q: Is the property [can be digital] true for the concept [book] 
 A: True 
 In one word True/False, answer the following question Q: Is the property [color] true for [banjo]? 
 A:","False

The property [color] is"
color|barrel,"Q: Is the property [is female] true for the concept [book]? 
 A: False 
 Q: Is the property [can be digital] true for the concept [book] 
 A: True 
 In one word True/False, answer the following question Q: Is the property [color] true for [barrel]? 
 A:","False

The property [color] is"
color|bat,"Q: Is the property [is female] true for the concept [book]? 
 A: False 
 Q: Is the property [can be digital] true for the concept [book] 
 A: True 
 In one word True/False, answer the following question Q: Is the property [color] true for [bat]? 
 A:","False

The property [color] is"
color|beaver,"Q: Is the property [is female] true for the concept [book]? 
 A: False 
 Q: Is the property [can be digital] true for the concept [book] 
 A: True 
 In one word True/False, answer the following question Q: Is the property [color] true for [beaver]? 
 A:","False

The property [color] is"
color|bed,"Q: Is the property [is female] true for the concept [book]? 
 A: False 
 Q: Is the property [can be digital] true for the concept [book] 
 A: True 
 In one word True/False, answer the following question Q: Is the property [color] true for [bed]? 
 A:","False

The property [color] is"
color|beet,"Q: Is the property [is female] true for the concept [book]? 
 A: False 
 Q: Is the property [can be digital] true for the concept [book] 
 A: True 
 In one word True/False, answer the following question Q: Is the property [color] true for [beet]? 
 A:","False

The property [color] is"
color|beetle,"Q: Is the property [is female] true for the concept [book]? 
 A: False 
 Q: Is the property [can be digital] true for the concept [book] 
 A: True 
 In one word True/False, answer the following question Q: Is the property [color] true for [beetle]? 
 A:","False

The property [color] is"
color|bell,"Q: Is the property [is female] true for the concept [book]? 
 A: False 
 Q: Is the property [can be digital] true for the concept [book] 
 A: True 
 In one word True/False, answer the following question Q: Is the property [color] true for [bell]? 
 A:","False

The property [color] is"
color|belt,"Q: Is the property [is female] true for the concept [book]? 
 A: False 
 Q: Is the property [can be digital] true for the concept [book] 
 A: True 
 In one word True/False, answer the following question Q: Is the property [color] true for [belt]? 
 A:","False

The property [color] is"
color|bird,"Q: Is the property [is female] true for the concept [book]? 
 A: False 
 Q: Is the property [can be digital] true for the concept [book] 
 A: True 
 In one word True/False, answer the following question Q: Is the property [color] true for [bird]? 
 A:","False

The property [color] is"
color|blender,"Q: Is the property [is female] true for the concept [book]? 
 A: False 
 Q: Is the property [can be digital] true for the concept [book] 
 A: True 
 In one word True/False, answer the following question Q: Is the property [color] true for [blender]? 
 A:","False

The property [color] is"
color|blowtorch,"Q: Is the property [is female] true for the concept [book]? 
 A: False 
 Q: Is the property [can be digital] true for the concept [book] 
 A: True 
 In one word True/False, answer the following question Q: Is the property [color] true for [blowtorch]? 
 A:","False

The property [color] is"
color|blueberry,"Q: Is the property [is female] true for the concept [book]? 
 A: False 
 Q: Is the property [can be digital] true for the concept [book] 
 A: True 
 In one word True/False, answer the following question Q: Is the property [color] true for [blueberry]? 
 A:","True 

The property [color] is"
color|boa,"Q: Is the property [is female] true for the concept [book]? 
 A: False 
 Q: Is the property [can be digital] true for the concept [book] 
 A: True 
 In one word True/False, answer the following question Q: Is the property [color] true for [boa]? 
 A:","False

The property [color] is"
color|boar,"Q: Is the property [is female] true for the concept [book]? 
 A: False 
 Q: Is the property [can be digital] true for the concept [book] 
 A: True 
 In one word True/False, answer the following question Q: Is the property [color] true for [boar]? 
 A:","False

The property [color] is"
color|bread,"Q: Is the property [is female] true for the concept [book]? 
 A: False 
 Q: Is the property [can be digital] true for the concept [book] 
 A: True 
 In one word True/False, answer the following question Q: Is the property [color] true for [bread]? 
 A:","False

The property [color] is"
color|brussels sprouts,"Q: Is the property [is female] true for the concept [book]? 
 A: False 
 Q: Is the property [can be digital] true for the concept [book] 
 A: True 
 In one word True/False, answer the following question Q: Is the property [color] true for [brussels sprouts]? 
 A:","False

Explanation: The property [color"
color|bucket,"Q: Is the property [is female] true for the concept [book]? 
 A: False 
 Q: Is the property [can be digital] true for the concept [book] 
 A: True 
 In one word True/False, answer the following question Q: Is the property [color] true for [bucket]? 
 A:","False

The property [color] is"
color|burrito,"Q: Is the property [is female] true for the concept [book]? 
 A: False 
 Q: Is the property [can be digital] true for the concept [book] 
 A: True 
 In one word True/False, answer the following question Q: Is the property [color] true for [burrito]? 
 A:","False

The property [color] is"
color|cactus,"Q: Is the property [is female] true for the concept [book]? 
 A: False 
 Q: Is the property [can be digital] true for the concept [book] 
 A: True 
 In one word True/False, answer the following question Q: Is the property [color] true for [cactus]? 
 A:","False

The property [color] is"
color|candle,"Q: Is the property [is female] true for the concept [book]? 
 A: False 
 Q: Is the property [can be digital] true for the concept [book] 
 A: True 
 In one word True/False, answer the following question Q: Is the property [color] true for [candle]? 
 A:","False

The property [color] is"
color|candy,"Q: Is the property [is female] true for the concept [book]? 
 A: False 
 Q: Is the property [can be digital] true for the concept [book] 
 A: True 
 In one word True/False, answer the following question Q: Is the property [color] true for [candy]? 
 A:","False

The property [color] is"
color|cannon,"Q: Is the property [is female] true for the concept [book]? 
 A: False 
 Q: Is the property [can be digital] true for the concept [book] 
 A: True 
 In one word True/False, answer the following question Q: Is the property [color] true for [cannon]? 
 A:","False

The property [color] is"
color|car,"Q: Is the property [is female] true for the concept [book]? 
 A: False 
 Q: Is the property [can be digital] true for the concept [book] 
 A: True 
 In one word True/False, answer the following question Q: Is the property [color] true for [car]? 
 A:","False

The property [color] is"
color|carrot,"Q: Is the property [is female] true for the concept [book]? 
 A: False 
 Q: Is the property [can be digital] true for the concept [book] 
 A: True 
 In one word True/False, answer the following question Q: Is the property [color] true for [carrot]? 
 A:","True 

The property [color] is"
color|cart,"Q: Is the property [is female] true for the concept [book]? 
 A: False 
 Q: Is the property [can be digital] true for the concept [book] 
 A: True 
 In one word True/False, answer the following question Q: Is the property [color] true for [cart]? 
 A:","False

The property [color] is"
color|cat,"Q: Is the property [is female] true for the concept [book]? 
 A: False 
 Q: Is the property [can be digital] true for the concept [book] 
 A: True 
 In one word True/False, answer the following question Q: Is the property [color] true for [cat]? 
 A:","False

The property [color] is"
color|caterpillar,"Q: Is the property [is female] true for the concept [book]? 
 A: False 
 Q: Is the property [can be digital] true for the concept [book] 
 A: True 
 In one word True/False, answer the following question Q: Is the property [color] true for [caterpillar]? 
 A:","False

The property [color] is"
color|celery,"Q: Is the property [is female] true for the concept [book]? 
 A: False 
 Q: Is the property [can be digital] true for the concept [book] 
 A: True 
 In one word True/False, answer the following question Q: Is the property [color] true for [celery]? 
 A:","False

The property [color] is"
color|chili,"Q: Is the property [is female] true for the concept [book]? 
 A: False 
 Q: Is the property [can be digital] true for the concept [book] 
 A: True 
 In one word True/False, answer the following question Q: Is the property [color] true for [chili]? 
 A:","False

The property [color] is"
color|chinchilla,"Q: Is the property [is female] true for the concept [book]? 
 A: False 
 Q: Is the property [can be digital] true for the concept [book] 
 A: True 
 In one word True/False, answer the following question Q: Is the property [color] true for [chinchilla]? 
 A:","False

The property [color] is"
color|chisel,"Q: Is the property [is female] true for the concept [book]? 
 A: False 
 Q: Is the property [can be digital] true for the concept [book] 
 A: True 
 In one word True/False, answer the following question Q: Is the property [color] true for [chisel]? 
 A:","False

The property [color] is"
color|clarinet,"Q: Is the property [is female] true for the concept [book]? 
 A: False 
 Q: Is the property [can be digital] true for the concept [book] 
 A: True 
 In one word True/False, answer the following question Q: Is the property [color] true for [clarinet]? 
 A:","False

The property [color] is"
color|coat,"Q: Is the property [is female] true for the concept [book]? 
 A: False 
 Q: Is the property [can be digital] true for the concept [book] 
 A: True 
 In one word True/False, answer the following question Q: Is the property [color] true for [coat]? 
 A:","False

The property [color] is"
color|coconut,"Q: Is the property [is female] true for the concept [book]? 
 A: False 
 Q: Is the property [can be digital] true for the concept [book] 
 A: True 
 In one word True/False, answer the following question Q: Is the property [color] true for [coconut]? 
 A:","False

The property [color] is"
color|crow,"Q: Is the property [is female] true for the concept [book]? 
 A: False 
 Q: Is the property [can be digital] true for the concept [book] 
 A: True 
 In one word True/False, answer the following question Q: Is the property [color] true for [crow]? 
 A:","False

The property [color] is"
color|crowbar,"Q: Is the property [is female] true for the concept [book]? 
 A: False 
 Q: Is the property [can be digital] true for the concept [book] 
 A: True 
 In one word True/False, answer the following question Q: Is the property [color] true for [crowbar]? 
 A:","False

The property [color] is"
color|dragonfly,"Q: Is the property [is female] true for the concept [book]? 
 A: False 
 Q: Is the property [can be digital] true for the concept [book] 
 A: True 
 In one word True/False, answer the following question Q: Is the property [color] true for [dragonfly]? 
 A:","False

The property [color] is"
color|dress,"Q: Is the property [is female] true for the concept [book]? 
 A: False 
 Q: Is the property [can be digital] true for the concept [book] 
 A: True 
 In one word True/False, answer the following question Q: Is the property [color] true for [dress]? 
 A:","True 

The property [color] can"
color|eagle,"Q: Is the property [is female] true for the concept [book]? 
 A: False 
 Q: Is the property [can be digital] true for the concept [book] 
 A: True 
 In one word True/False, answer the following question Q: Is the property [color] true for [eagle]? 
 A:","False

The property [color] is"
color|eggbeater,"Q: Is the property [is female] true for the concept [book]? 
 A: False 
 Q: Is the property [can be digital] true for the concept [book] 
 A: True 
 In one word True/False, answer the following question Q: Is the property [color] true for [eggbeater]? 
 A:","False

The property [color] is"
color|fig,"Q: Is the property [is female] true for the concept [book]? 
 A: False 
 Q: Is the property [can be digital] true for the concept [book] 
 A: True 
 In one word True/False, answer the following question Q: Is the property [color] true for [fig]? 
 A:","False

The property [color] is"
color|file,"Q: Is the property [is female] true for the concept [book]? 
 A: False 
 Q: Is the property [can be digital] true for the concept [book] 
 A: True 
 In one word True/False, answer the following question Q: Is the property [color] true for [file]? 
 A:","False 

The property [color] is"
color|flute,"Q: Is the property [is female] true for the concept [book]? 
 A: False 
 Q: Is the property [can be digital] true for the concept [book] 
 A: True 
 In one word True/False, answer the following question Q: Is the property [color] true for [flute]? 
 A:","False

The property [color] is"
color|fly,"Q: Is the property [is female] true for the concept [book]? 
 A: False 
 Q: Is the property [can be digital] true for the concept [book] 
 A: True 
 In one word True/False, answer the following question Q: Is the property [color] true for [fly]? 
 A:","False

The property [color] is"
color|grenade,"Q: Is the property [is female] true for the concept [book]? 
 A: False 
 Q: Is the property [can be digital] true for the concept [book] 
 A: True 
 In one word True/False, answer the following question Q: Is the property [color] true for [grenade]? 
 A:","False

The property [color] is"
color|jeans,"Q: Is the property [is female] true for the concept [book]? 
 A: False 
 Q: Is the property [can be digital] true for the concept [book] 
 A: True 
 In one word True/False, answer the following question Q: Is the property [color] true for [jeans]? 
 A:","True 

The property [color] is"
color|missile,"Q: Is the property [is female] true for the concept [book]? 
 A: False 
 Q: Is the property [can be digital] true for the concept [book] 
 A: True 
 In one word True/False, answer the following question Q: Is the property [color] true for [missile]? 
 A:","False

The property [color] is"
color|motorcycle,"Q: Is the property [is female] true for the concept [book]? 
 A: False 
 Q: Is the property [can be digital] true for the concept [book] 
 A: True 
 In one word True/False, answer the following question Q: Is the property [color] true for [motorcycle]? 
 A:","False

Explanation: The property [color"
comes in various sizes|accordion,"Q: Is the property [is female] true for the concept [book]? 
 A: False 
 Q: Is the property [can be digital] true for the concept [book] 
 A: True 
 In one word True/False, answer the following question Q: Is the property [comes in various sizes] true for [accordion]? 
 A:",True
comes in various sizes|acorn,"Q: Is the property [is female] true for the concept [book]? 
 A: False 
 Q: Is the property [can be digital] true for the concept [book] 
 A: True 
 In one word True/False, answer the following question Q: Is the property [comes in various sizes] true for [acorn]? 
 A:",True
comes in various sizes|airplane,"Q: Is the property [is female] true for the concept [book]? 
 A: False 
 Q: Is the property [can be digital] true for the concept [book] 
 A: True 
 In one word True/False, answer the following question Q: Is the property [comes in various sizes] true for [airplane]? 
 A:",True
comes in various sizes|aloe,"Q: Is the property [is female] true for the concept [book]? 
 A: False 
 Q: Is the property [can be digital] true for the concept [book] 
 A: True 
 In one word True/False, answer the following question Q: Is the property [comes in various sizes] true for [aloe]? 
 A:","True 

Aloe plants can indeed come"
comes in various sizes|ant,"Q: Is the property [is female] true for the concept [book]? 
 A: False 
 Q: Is the property [can be digital] true for the concept [book] 
 A: True 
 In one word True/False, answer the following question Q: Is the property [comes in various sizes] true for [ant]? 
 A:",True
comes in various sizes|anteater,"Q: Is the property [is female] true for the concept [book]? 
 A: False 
 Q: Is the property [can be digital] true for the concept [book] 
 A: True 
 In one word True/False, answer the following question Q: Is the property [comes in various sizes] true for [anteater]? 
 A:","True 

Anteaters, like many"
comes in various sizes|anvil,"Q: Is the property [is female] true for the concept [book]? 
 A: False 
 Q: Is the property [can be digital] true for the concept [book] 
 A: True 
 In one word True/False, answer the following question Q: Is the property [comes in various sizes] true for [anvil]? 
 A:","True 

Anvils can indeed come"
comes in various sizes|apple,"Q: Is the property [is female] true for the concept [book]? 
 A: False 
 Q: Is the property [can be digital] true for the concept [book] 
 A: True 
 In one word True/False, answer the following question Q: Is the property [comes in various sizes] true for [apple]? 
 A:",True
comes in various sizes|artichoke,"Q: Is the property [is female] true for the concept [book]? 
 A: False 
 Q: Is the property [can be digital] true for the concept [book] 
 A: True 
 In one word True/False, answer the following question Q: Is the property [comes in various sizes] true for [artichoke]? 
 A:",True
comes in various sizes|bagel,"Q: Is the property [is female] true for the concept [book]? 
 A: False 
 Q: Is the property [can be digital] true for the concept [book] 
 A: True 
 In one word True/False, answer the following question Q: Is the property [comes in various sizes] true for [bagel]? 
 A:",True
comes in various sizes|banana,"Q: Is the property [is female] true for the concept [book]? 
 A: False 
 Q: Is the property [can be digital] true for the concept [book] 
 A: True 
 In one word True/False, answer the following question Q: Is the property [comes in various sizes] true for [banana]? 
 A:",True
comes in various sizes|banjo,"Q: Is the property [is female] true for the concept [book]? 
 A: False 
 Q: Is the property [can be digital] true for the concept [book] 
 A: True 
 In one word True/False, answer the following question Q: Is the property [comes in various sizes] true for [banjo]? 
 A:",True
comes in various sizes|barrel,"Q: Is the property [is female] true for the concept [book]? 
 A: False 
 Q: Is the property [can be digital] true for the concept [book] 
 A: True 
 In one word True/False, answer the following question Q: Is the property [comes in various sizes] true for [barrel]? 
 A:",True
comes in various sizes|bat,"Q: Is the property [is female] true for the concept [book]? 
 A: False 
 Q: Is the property [can be digital] true for the concept [book] 
 A: True 
 In one word True/False, answer the following question Q: Is the property [comes in various sizes] true for [bat]? 
 A:","True 

Bats, whether considered as"
comes in various sizes|beaver,"Q: Is the property [is female] true for the concept [book]? 
 A: False 
 Q: Is the property [can be digital] true for the concept [book] 
 A: True 
 In one word True/False, answer the following question Q: Is the property [comes in various sizes] true for [beaver]? 
 A:","True 

Beavers can come in various"
comes in various sizes|bed,"Q: Is the property [is female] true for the concept [book]? 
 A: False 
 Q: Is the property [can be digital] true for the concept [book] 
 A: True 
 In one word True/False, answer the following question Q: Is the property [comes in various sizes] true for [bed]? 
 A:",True
comes in various sizes|beet,"Q: Is the property [is female] true for the concept [book]? 
 A: False 
 Q: Is the property [can be digital] true for the concept [book] 
 A: True 
 In one word True/False, answer the following question Q: Is the property [comes in various sizes] true for [beet]? 
 A:","True 

Beets can indeed come in"
comes in various sizes|beetle,"Q: Is the property [is female] true for the concept [book]? 
 A: False 
 Q: Is the property [can be digital] true for the concept [book] 
 A: True 
 In one word True/False, answer the following question Q: Is the property [comes in various sizes] true for [beetle]? 
 A:",True
comes in various sizes|bell,"Q: Is the property [is female] true for the concept [book]? 
 A: False 
 Q: Is the property [can be digital] true for the concept [book] 
 A: True 
 In one word True/False, answer the following question Q: Is the property [comes in various sizes] true for [bell]? 
 A:",True
comes in various sizes|belt,"Q: Is the property [is female] true for the concept [book]? 
 A: False 
 Q: Is the property [can be digital] true for the concept [book] 
 A: True 
 In one word True/False, answer the following question Q: Is the property [comes in various sizes] true for [belt]? 
 A:",True
comes in various sizes|bird,"Q: Is the property [is female] true for the concept [book]? 
 A: False 
 Q: Is the property [can be digital] true for the concept [book] 
 A: True 
 In one word True/False, answer the following question Q: Is the property [comes in various sizes] true for [bird]? 
 A:",True
comes in various sizes|blender,"Q: Is the property [is female] true for the concept [book]? 
 A: False 
 Q: Is the property [can be digital] true for the concept [book] 
 A: True 
 In one word True/False, answer the following question Q: Is the property [comes in various sizes] true for [blender]? 
 A:",True
comes in various sizes|blowtorch,"Q: Is the property [is female] true for the concept [book]? 
 A: False 
 Q: Is the property [can be digital] true for the concept [book] 
 A: True 
 In one word True/False, answer the following question Q: Is the property [comes in various sizes] true for [blowtorch]? 
 A:",True
comes in various sizes|blueberry,"Q: Is the property [is female] true for the concept [book]? 
 A: False 
 Q: Is the property [can be digital] true for the concept [book] 
 A: True 
 In one word True/False, answer the following question Q: Is the property [comes in various sizes] true for [blueberry]? 
 A:",True
comes in various sizes|boa,"Q: Is the property [is female] true for the concept [book]? 
 A: False 
 Q: Is the property [can be digital] true for the concept [book] 
 A: True 
 In one word True/False, answer the following question Q: Is the property [comes in various sizes] true for [boa]? 
 A:","True 

Boas, as a type"
comes in various sizes|boar,"Q: Is the property [is female] true for the concept [book]? 
 A: False 
 Q: Is the property [can be digital] true for the concept [book] 
 A: True 
 In one word True/False, answer the following question Q: Is the property [comes in various sizes] true for [boar]? 
 A:","True 

Boars, like many animals"
comes in various sizes|bread,"Q: Is the property [is female] true for the concept [book]? 
 A: False 
 Q: Is the property [can be digital] true for the concept [book] 
 A: True 
 In one word True/False, answer the following question Q: Is the property [comes in various sizes] true for [bread]? 
 A:",True
comes in various sizes|brussels sprouts,"Q: Is the property [is female] true for the concept [book]? 
 A: False 
 Q: Is the property [can be digital] true for the concept [book] 
 A: True 
 In one word True/False, answer the following question Q: Is the property [comes in various sizes] true for [brussels sprouts]? 
 A:",True
comes in various sizes|bucket,"Q: Is the property [is female] true for the concept [book]? 
 A: False 
 Q: Is the property [can be digital] true for the concept [book] 
 A: True 
 In one word True/False, answer the following question Q: Is the property [comes in various sizes] true for [bucket]? 
 A:",True
comes in various sizes|burrito,"Q: Is the property [is female] true for the concept [book]? 
 A: False 
 Q: Is the property [can be digital] true for the concept [book] 
 A: True 
 In one word True/False, answer the following question Q: Is the property [comes in various sizes] true for [burrito]? 
 A:",True
comes in various sizes|cactus,"Q: Is the property [is female] true for the concept [book]? 
 A: False 
 Q: Is the property [can be digital] true for the concept [book] 
 A: True 
 In one word True/False, answer the following question Q: Is the property [comes in various sizes] true for [cactus]? 
 A:",True
comes in various sizes|candle,"Q: Is the property [is female] true for the concept [book]? 
 A: False 
 Q: Is the property [can be digital] true for the concept [book] 
 A: True 
 In one word True/False, answer the following question Q: Is the property [comes in various sizes] true for [candle]? 
 A:",True
comes in various sizes|candy,"Q: Is the property [is female] true for the concept [book]? 
 A: False 
 Q: Is the property [can be digital] true for the concept [book] 
 A: True 
 In one word True/False, answer the following question Q: Is the property [comes in various sizes] true for [candy]? 
 A:",True
comes in various sizes|cannon,"Q: Is the property [is female] true for the concept [book]? 
 A: False 
 Q: Is the property [can be digital] true for the concept [book] 
 A: True 
 In one word True/False, answer the following question Q: Is the property [comes in various sizes] true for [cannon]? 
 A:",True
comes in various sizes|car,"Q: Is the property [is female] true for the concept [book]? 
 A: False 
 Q: Is the property [can be digital] true for the concept [book] 
 A: True 
 In one word True/False, answer the following question Q: Is the property [comes in various sizes] true for [car]? 
 A:",True
comes in various sizes|carrot,"Q: Is the property [is female] true for the concept [book]? 
 A: False 
 Q: Is the property [can be digital] true for the concept [book] 
 A: True 
 In one word True/False, answer the following question Q: Is the property [comes in various sizes] true for [carrot]? 
 A:",True
comes in various sizes|cart,"Q: Is the property [is female] true for the concept [book]? 
 A: False 
 Q: Is the property [can be digital] true for the concept [book] 
 A: True 
 In one word True/False, answer the following question Q: Is the property [comes in various sizes] true for [cart]? 
 A:",True
comes in various sizes|cat,"Q: Is the property [is female] true for the concept [book]? 
 A: False 
 Q: Is the property [can be digital] true for the concept [book] 
 A: True 
 In one word True/False, answer the following question Q: Is the property [comes in various sizes] true for [cat]? 
 A:",True
comes in various sizes|caterpillar,"Q: Is the property [is female] true for the concept [book]? 
 A: False 
 Q: Is the property [can be digital] true for the concept [book] 
 A: True 
 In one word True/False, answer the following question Q: Is the property [comes in various sizes] true for [caterpillar]? 
 A:",True
comes in various sizes|celery,"Q: Is the property [is female] true for the concept [book]? 
 A: False 
 Q: Is the property [can be digital] true for the concept [book] 
 A: True 
 In one word True/False, answer the following question Q: Is the property [comes in various sizes] true for [celery]? 
 A:",True
comes in various sizes|chili,"Q: Is the property [is female] true for the concept [book]? 
 A: False 
 Q: Is the property [can be digital] true for the concept [book] 
 A: True 
 In one word True/False, answer the following question Q: Is the property [comes in various sizes] true for [chili]? 
 A:","True 

Chili, whether referring to"
comes in various sizes|chinchilla,"Q: Is the property [is female] true for the concept [book]? 
 A: False 
 Q: Is the property [can be digital] true for the concept [book] 
 A: True 
 In one word True/False, answer the following question Q: Is the property [comes in various sizes] true for [chinchilla]? 
 A:",True
comes in various sizes|chisel,"Q: Is the property [is female] true for the concept [book]? 
 A: False 
 Q: Is the property [can be digital] true for the concept [book] 
 A: True 
 In one word True/False, answer the following question Q: Is the property [comes in various sizes] true for [chisel]? 
 A:",True
comes in various sizes|clarinet,"Q: Is the property [is female] true for the concept [book]? 
 A: False 
 Q: Is the property [can be digital] true for the concept [book] 
 A: True 
 In one word True/False, answer the following question Q: Is the property [comes in various sizes] true for [clarinet]? 
 A:",True
comes in various sizes|coat,"Q: Is the property [is female] true for the concept [book]? 
 A: False 
 Q: Is the property [can be digital] true for the concept [book] 
 A: True 
 In one word True/False, answer the following question Q: Is the property [comes in various sizes] true for [coat]? 
 A:",True
comes in various sizes|coconut,"Q: Is the property [is female] true for the concept [book]? 
 A: False 
 Q: Is the property [can be digital] true for the concept [book] 
 A: True 
 In one word True/False, answer the following question Q: Is the property [comes in various sizes] true for [coconut]? 
 A:",True
comes in various sizes|crow,"Q: Is the property [is female] true for the concept [book]? 
 A: False 
 Q: Is the property [can be digital] true for the concept [book] 
 A: True 
 In one word True/False, answer the following question Q: Is the property [comes in various sizes] true for [crow]? 
 A:","True 

Crows can come in slightly"
comes in various sizes|crowbar,"Q: Is the property [is female] true for the concept [book]? 
 A: False 
 Q: Is the property [can be digital] true for the concept [book] 
 A: True 
 In one word True/False, answer the following question Q: Is the property [comes in various sizes] true for [crowbar]? 
 A:",True
comes in various sizes|dragonfly,"Q: Is the property [is female] true for the concept [book]? 
 A: False 
 Q: Is the property [can be digital] true for the concept [book] 
 A: True 
 In one word True/False, answer the following question Q: Is the property [comes in various sizes] true for [dragonfly]? 
 A:",True
comes in various sizes|dress,"Q: Is the property [is female] true for the concept [book]? 
 A: False 
 Q: Is the property [can be digital] true for the concept [book] 
 A: True 
 In one word True/False, answer the following question Q: Is the property [comes in various sizes] true for [dress]? 
 A:",True
comes in various sizes|eagle,"Q: Is the property [is female] true for the concept [book]? 
 A: False 
 Q: Is the property [can be digital] true for the concept [book] 
 A: True 
 In one word True/False, answer the following question Q: Is the property [comes in various sizes] true for [eagle]? 
 A:","True 

Eagles can come in"
comes in various sizes|eggbeater,"Q: Is the property [is female] true for the concept [book]? 
 A: False 
 Q: Is the property [can be digital] true for the concept [book] 
 A: True 
 In one word True/False, answer the following question Q: Is the property [comes in various sizes] true for [eggbeater]? 
 A:",True
comes in various sizes|fig,"Q: Is the property [is female] true for the concept [book]? 
 A: False 
 Q: Is the property [can be digital] true for the concept [book] 
 A: True 
 In one word True/False, answer the following question Q: Is the property [comes in various sizes] true for [fig]? 
 A:",True
comes in various sizes|file,"Q: Is the property [is female] true for the concept [book]? 
 A: False 
 Q: Is the property [can be digital] true for the concept [book] 
 A: True 
 In one word True/False, answer the following question Q: Is the property [comes in various sizes] true for [file]? 
 A:",True
comes in various sizes|flute,"Q: Is the property [is female] true for the concept [book]? 
 A: False 
 Q: Is the property [can be digital] true for the concept [book] 
 A: True 
 In one word True/False, answer the following question Q: Is the property [comes in various sizes] true for [flute]? 
 A:",True
comes in various sizes|fly,"Q: Is the property [is female] true for the concept [book]? 
 A: False 
 Q: Is the property [can be digital] true for the concept [book] 
 A: True 
 In one word True/False, answer the following question Q: Is the property [comes in various sizes] true for [fly]? 
 A:","True 

Flies can come in various"
comes in various sizes|grenade,"Q: Is the property [is female] true for the concept [book]? 
 A: False 
 Q: Is the property [can be digital] true for the concept [book] 
 A: True 
 In one word True/False, answer the following question Q: Is the property [comes in various sizes] true for [grenade]? 
 A:","True 

Grenades can indeed come"
comes in various sizes|jeans,"Q: Is the property [is female] true for the concept [book]? 
 A: False 
 Q: Is the property [can be digital] true for the concept [book] 
 A: True 
 In one word True/False, answer the following question Q: Is the property [comes in various sizes] true for [jeans]? 
 A:",True
comes in various sizes|missile,"Q: Is the property [is female] true for the concept [book]? 
 A: False 
 Q: Is the property [can be digital] true for the concept [book] 
 A: True 
 In one word True/False, answer the following question Q: Is the property [comes in various sizes] true for [missile]? 
 A:",True
comes in various sizes|motorcycle,"Q: Is the property [is female] true for the concept [book]? 
 A: False 
 Q: Is the property [can be digital] true for the concept [book] 
 A: True 
 In one word True/False, answer the following question Q: Is the property [comes in various sizes] true for [motorcycle]? 
 A:",True
compound eyes|accordion,"Q: Is the property [is female] true for the concept [book]? 
 A: False 
 Q: Is the property [can be digital] true for the concept [book] 
 A: True 
 In one word True/False, answer the following question Q: Is the property [compound eyes] true for [accordion]? 
 A:",False
compound eyes|acorn,"Q: Is the property [is female] true for the concept [book]? 
 A: False 
 Q: Is the property [can be digital] true for the concept [book] 
 A: True 
 In one word True/False, answer the following question Q: Is the property [compound eyes] true for [acorn]? 
 A:","False 

An acorn is a seed"
compound eyes|airplane,"Q: Is the property [is female] true for the concept [book]? 
 A: False 
 Q: Is the property [can be digital] true for the concept [book] 
 A: True 
 In one word True/False, answer the following question Q: Is the property [compound eyes] true for [airplane]? 
 A:",False
compound eyes|aloe,"Q: Is the property [is female] true for the concept [book]? 
 A: False 
 Q: Is the property [can be digital] true for the concept [book] 
 A: True 
 In one word True/False, answer the following question Q: Is the property [compound eyes] true for [aloe]? 
 A:","False 

Aloe is a plant and"
compound eyes|ant,"Q: Is the property [is female] true for the concept [book]? 
 A: False 
 Q: Is the property [can be digital] true for the concept [book] 
 A: True 
 In one word True/False, answer the following question Q: Is the property [compound eyes] true for [ant]? 
 A:",True
compound eyes|anteater,"Q: Is the property [is female] true for the concept [book]? 
 A: False 
 Q: Is the property [can be digital] true for the concept [book] 
 A: True 
 In one word True/False, answer the following question Q: Is the property [compound eyes] true for [anteater]? 
 A:","False 

Anteaters, like most"
compound eyes|anvil,"Q: Is the property [is female] true for the concept [book]? 
 A: False 
 Q: Is the property [can be digital] true for the concept [book] 
 A: True 
 In one word True/False, answer the following question Q: Is the property [compound eyes] true for [anvil]? 
 A:",False
compound eyes|apple,"Q: Is the property [is female] true for the concept [book]? 
 A: False 
 Q: Is the property [can be digital] true for the concept [book] 
 A: True 
 In one word True/False, answer the following question Q: Is the property [compound eyes] true for [apple]? 
 A:",False
compound eyes|artichoke,"Q: Is the property [is female] true for the concept [book]? 
 A: False 
 Q: Is the property [can be digital] true for the concept [book] 
 A: True 
 In one word True/False, answer the following question Q: Is the property [compound eyes] true for [artichoke]? 
 A:","False 

Artichokes are plants and"
compound eyes|bagel,"Q: Is the property [is female] true for the concept [book]? 
 A: False 
 Q: Is the property [can be digital] true for the concept [book] 
 A: True 
 In one word True/False, answer the following question Q: Is the property [compound eyes] true for [bagel]? 
 A:",False
compound eyes|banana,"Q: Is the property [is female] true for the concept [book]? 
 A: False 
 Q: Is the property [can be digital] true for the concept [book] 
 A: True 
 In one word True/False, answer the following question Q: Is the property [compound eyes] true for [banana]? 
 A:",False
compound eyes|banjo,"Q: Is the property [is female] true for the concept [book]? 
 A: False 
 Q: Is the property [can be digital] true for the concept [book] 
 A: True 
 In one word True/False, answer the following question Q: Is the property [compound eyes] true for [banjo]? 
 A:",False
compound eyes|barrel,"Q: Is the property [is female] true for the concept [book]? 
 A: False 
 Q: Is the property [can be digital] true for the concept [book] 
 A: True 
 In one word True/False, answer the following question Q: Is the property [compound eyes] true for [barrel]? 
 A:","False 

The concept of a barrel,"
compound eyes|bat,"Q: Is the property [is female] true for the concept [book]? 
 A: False 
 Q: Is the property [can be digital] true for the concept [book] 
 A: True 
 In one word True/False, answer the following question Q: Is the property [compound eyes] true for [bat]? 
 A:","False 

Bats do not have compound"
compound eyes|beaver,"Q: Is the property [is female] true for the concept [book]? 
 A: False 
 Q: Is the property [can be digital] true for the concept [book] 
 A: True 
 In one word True/False, answer the following question Q: Is the property [compound eyes] true for [beaver]? 
 A:","False 

Beavers, like most mammals"
compound eyes|bed,"Q: Is the property [is female] true for the concept [book]? 
 A: False 
 Q: Is the property [can be digital] true for the concept [book] 
 A: True 
 In one word True/False, answer the following question Q: Is the property [compound eyes] true for [bed]? 
 A:",False
compound eyes|beet,"Q: Is the property [is female] true for the concept [book]? 
 A: False 
 Q: Is the property [can be digital] true for the concept [book] 
 A: True 
 In one word True/False, answer the following question Q: Is the property [compound eyes] true for [beet]? 
 A:","False 

The term ""beet"""
compound eyes|beetle,"Q: Is the property [is female] true for the concept [book]? 
 A: False 
 Q: Is the property [can be digital] true for the concept [book] 
 A: True 
 In one word True/False, answer the following question Q: Is the property [compound eyes] true for [beetle]? 
 A:","True 

Beetles, as insects"
compound eyes|bell,"Q: Is the property [is female] true for the concept [book]? 
 A: False 
 Q: Is the property [can be digital] true for the concept [book] 
 A: True 
 In one word True/False, answer the following question Q: Is the property [compound eyes] true for [bell]? 
 A:","False 

The concept of a ""bell"
compound eyes|belt,"Q: Is the property [is female] true for the concept [book]? 
 A: False 
 Q: Is the property [can be digital] true for the concept [book] 
 A: True 
 In one word True/False, answer the following question Q: Is the property [compound eyes] true for [belt]? 
 A:",False
compound eyes|bird,"Q: Is the property [is female] true for the concept [book]? 
 A: False 
 Q: Is the property [can be digital] true for the concept [book] 
 A: True 
 In one word True/False, answer the following question Q: Is the property [compound eyes] true for [bird]? 
 A:",False
compound eyes|blender,"Q: Is the property [is female] true for the concept [book]? 
 A: False 
 Q: Is the property [can be digital] true for the concept [book] 
 A: True 
 In one word True/False, answer the following question Q: Is the property [compound eyes] true for [blender]? 
 A:",False
compound eyes|blowtorch,"Q: Is the property [is female] true for the concept [book]? 
 A: False 
 Q: Is the property [can be digital] true for the concept [book] 
 A: True 
 In one word True/False, answer the following question Q: Is the property [compound eyes] true for [blowtorch]? 
 A:",False
compound eyes|blueberry,"Q: Is the property [is female] true for the concept [book]? 
 A: False 
 Q: Is the property [can be digital] true for the concept [book] 
 A: True 
 In one word True/False, answer the following question Q: Is the property [compound eyes] true for [blueberry]? 
 A:",False
compound eyes|boa,"Q: Is the property [is female] true for the concept [book]? 
 A: False 
 Q: Is the property [can be digital] true for the concept [book] 
 A: True 
 In one word True/False, answer the following question Q: Is the property [compound eyes] true for [boa]? 
 A:","False 

Boas, like other snakes"
compound eyes|boar,"Q: Is the property [is female] true for the concept [book]? 
 A: False 
 Q: Is the property [can be digital] true for the concept [book] 
 A: True 
 In one word True/False, answer the following question Q: Is the property [compound eyes] true for [boar]? 
 A:","False 

Boars, like other mammals"
compound eyes|bread,"Q: Is the property [is female] true for the concept [book]? 
 A: False 
 Q: Is the property [can be digital] true for the concept [book] 
 A: True 
 In one word True/False, answer the following question Q: Is the property [compound eyes] true for [bread]? 
 A:",False
compound eyes|brussels sprouts,"Q: Is the property [is female] true for the concept [book]? 
 A: False 
 Q: Is the property [can be digital] true for the concept [book] 
 A: True 
 In one word True/False, answer the following question Q: Is the property [compound eyes] true for [brussels sprouts]? 
 A:","False 

Brussels sprouts are plants"
compound eyes|bucket,"Q: Is the property [is female] true for the concept [book]? 
 A: False 
 Q: Is the property [can be digital] true for the concept [book] 
 A: True 
 In one word True/False, answer the following question Q: Is the property [compound eyes] true for [bucket]? 
 A:",False
compound eyes|burrito,"Q: Is the property [is female] true for the concept [book]? 
 A: False 
 Q: Is the property [can be digital] true for the concept [book] 
 A: True 
 In one word True/False, answer the following question Q: Is the property [compound eyes] true for [burrito]? 
 A:",False
compound eyes|cactus,"Q: Is the property [is female] true for the concept [book]? 
 A: False 
 Q: Is the property [can be digital] true for the concept [book] 
 A: True 
 In one word True/False, answer the following question Q: Is the property [compound eyes] true for [cactus]? 
 A:",False
compound eyes|candle,"Q: Is the property [is female] true for the concept [book]? 
 A: False 
 Q: Is the property [can be digital] true for the concept [book] 
 A: True 
 In one word True/False, answer the following question Q: Is the property [compound eyes] true for [candle]? 
 A:",False
compound eyes|candy,"Q: Is the property [is female] true for the concept [book]? 
 A: False 
 Q: Is the property [can be digital] true for the concept [book] 
 A: True 
 In one word True/False, answer the following question Q: Is the property [compound eyes] true for [candy]? 
 A:",False
compound eyes|cannon,"Q: Is the property [is female] true for the concept [book]? 
 A: False 
 Q: Is the property [can be digital] true for the concept [book] 
 A: True 
 In one word True/False, answer the following question Q: Is the property [compound eyes] true for [cannon]? 
 A:",False
compound eyes|car,"Q: Is the property [is female] true for the concept [book]? 
 A: False 
 Q: Is the property [can be digital] true for the concept [book] 
 A: True 
 In one word True/False, answer the following question Q: Is the property [compound eyes] true for [car]? 
 A:",False
compound eyes|carrot,"Q: Is the property [is female] true for the concept [book]? 
 A: False 
 Q: Is the property [can be digital] true for the concept [book] 
 A: True 
 In one word True/False, answer the following question Q: Is the property [compound eyes] true for [carrot]? 
 A:",False
compound eyes|cart,"Q: Is the property [is female] true for the concept [book]? 
 A: False 
 Q: Is the property [can be digital] true for the concept [book] 
 A: True 
 In one word True/False, answer the following question Q: Is the property [compound eyes] true for [cart]? 
 A:",False
compound eyes|cat,"Q: Is the property [is female] true for the concept [book]? 
 A: False 
 Q: Is the property [can be digital] true for the concept [book] 
 A: True 
 In one word True/False, answer the following question Q: Is the property [compound eyes] true for [cat]? 
 A:",False
compound eyes|caterpillar,"Q: Is the property [is female] true for the concept [book]? 
 A: False 
 Q: Is the property [can be digital] true for the concept [book] 
 A: True 
 In one word True/False, answer the following question Q: Is the property [compound eyes] true for [caterpillar]? 
 A:","True

Caterpillars, which"
compound eyes|celery,"Q: Is the property [is female] true for the concept [book]? 
 A: False 
 Q: Is the property [can be digital] true for the concept [book] 
 A: True 
 In one word True/False, answer the following question Q: Is the property [compound eyes] true for [celery]? 
 A:","False 

Celery is a plant and"
compound eyes|chili,"Q: Is the property [is female] true for the concept [book]? 
 A: False 
 Q: Is the property [can be digital] true for the concept [book] 
 A: True 
 In one word True/False, answer the following question Q: Is the property [compound eyes] true for [chili]? 
 A:","False 

Chili, referring to the"
compound eyes|chinchilla,"Q: Is the property [is female] true for the concept [book]? 
 A: False 
 Q: Is the property [can be digital] true for the concept [book] 
 A: True 
 In one word True/False, answer the following question Q: Is the property [compound eyes] true for [chinchilla]? 
 A:","False 

Chinchillas, like all"
compound eyes|chisel,"Q: Is the property [is female] true for the concept [book]? 
 A: False 
 Q: Is the property [can be digital] true for the concept [book] 
 A: True 
 In one word True/False, answer the following question Q: Is the property [compound eyes] true for [chisel]? 
 A:","False 

A chisel is a tool"
compound eyes|clarinet,"Q: Is the property [is female] true for the concept [book]? 
 A: False 
 Q: Is the property [can be digital] true for the concept [book] 
 A: True 
 In one word True/False, answer the following question Q: Is the property [compound eyes] true for [clarinet]? 
 A:",False
compound eyes|coat,"Q: Is the property [is female] true for the concept [book]? 
 A: False 
 Q: Is the property [can be digital] true for the concept [book] 
 A: True 
 In one word True/False, answer the following question Q: Is the property [compound eyes] true for [coat]? 
 A:",False
compound eyes|coconut,"Q: Is the property [is female] true for the concept [book]? 
 A: False 
 Q: Is the property [can be digital] true for the concept [book] 
 A: True 
 In one word True/False, answer the following question Q: Is the property [compound eyes] true for [coconut]? 
 A:","False 

The property [compound eyes]"
compound eyes|crow,"Q: Is the property [is female] true for the concept [book]? 
 A: False 
 Q: Is the property [can be digital] true for the concept [book] 
 A: True 
 In one word True/False, answer the following question Q: Is the property [compound eyes] true for [crow]? 
 A:","False 

Crows, like other birds"
compound eyes|crowbar,"Q: Is the property [is female] true for the concept [book]? 
 A: False 
 Q: Is the property [can be digital] true for the concept [book] 
 A: True 
 In one word True/False, answer the following question Q: Is the property [compound eyes] true for [crowbar]? 
 A:",False
compound eyes|dragonfly,"Q: Is the property [is female] true for the concept [book]? 
 A: False 
 Q: Is the property [can be digital] true for the concept [book] 
 A: True 
 In one word True/False, answer the following question Q: Is the property [compound eyes] true for [dragonfly]? 
 A:",True
compound eyes|dress,"Q: Is the property [is female] true for the concept [book]? 
 A: False 
 Q: Is the property [can be digital] true for the concept [book] 
 A: True 
 In one word True/False, answer the following question Q: Is the property [compound eyes] true for [dress]? 
 A:",False
compound eyes|eagle,"Q: Is the property [is female] true for the concept [book]? 
 A: False 
 Q: Is the property [can be digital] true for the concept [book] 
 A: True 
 In one word True/False, answer the following question Q: Is the property [compound eyes] true for [eagle]? 
 A:","False 

Eagles, like all"
compound eyes|eggbeater,"Q: Is the property [is female] true for the concept [book]? 
 A: False 
 Q: Is the property [can be digital] true for the concept [book] 
 A: True 
 In one word True/False, answer the following question Q: Is the property [compound eyes] true for [eggbeater]? 
 A:",False
compound eyes|fig,"Q: Is the property [is female] true for the concept [book]? 
 A: False 
 Q: Is the property [can be digital] true for the concept [book] 
 A: True 
 In one word True/False, answer the following question Q: Is the property [compound eyes] true for [fig]? 
 A:","False 

The concept of ""fig"""
compound eyes|file,"Q: Is the property [is female] true for the concept [book]? 
 A: False 
 Q: Is the property [can be digital] true for the concept [book] 
 A: True 
 In one word True/False, answer the following question Q: Is the property [compound eyes] true for [file]? 
 A:","False 

The concept of a ""file"
compound eyes|flute,"Q: Is the property [is female] true for the concept [book]? 
 A: False 
 Q: Is the property [can be digital] true for the concept [book] 
 A: True 
 In one word True/False, answer the following question Q: Is the property [compound eyes] true for [flute]? 
 A:",False
compound eyes|fly,"Q: Is the property [is female] true for the concept [book]? 
 A: False 
 Q: Is the property [can be digital] true for the concept [book] 
 A: True 
 In one word True/False, answer the following question Q: Is the property [compound eyes] true for [fly]? 
 A:",True
compound eyes|grenade,"Q: Is the property [is female] true for the concept [book]? 
 A: False 
 Q: Is the property [can be digital] true for the concept [book] 
 A: True 
 In one word True/False, answer the following question Q: Is the property [compound eyes] true for [grenade]? 
 A:",False
compound eyes|jeans,"Q: Is the property [is female] true for the concept [book]? 
 A: False 
 Q: Is the property [can be digital] true for the concept [book] 
 A: True 
 In one word True/False, answer the following question Q: Is the property [compound eyes] true for [jeans]? 
 A:",False
compound eyes|missile,"Q: Is the property [is female] true for the concept [book]? 
 A: False 
 Q: Is the property [can be digital] true for the concept [book] 
 A: True 
 In one word True/False, answer the following question Q: Is the property [compound eyes] true for [missile]? 
 A:",False
compound eyes|motorcycle,"Q: Is the property [is female] true for the concept [book]? 
 A: False 
 Q: Is the property [can be digital] true for the concept [book] 
 A: True 
 In one word True/False, answer the following question Q: Is the property [compound eyes] true for [motorcycle]? 
 A:",False
contains antioxidants|accordion,"Q: Is the property [is female] true for the concept [book]? 
 A: False 
 Q: Is the property [can be digital] true for the concept [book] 
 A: True 
 In one word True/False, answer the following question Q: Is the property [contains antioxidants] true for [accordion]? 
 A:","False 

An accordion is a musical instrument"
contains antioxidants|acorn,"Q: Is the property [is female] true for the concept [book]? 
 A: False 
 Q: Is the property [can be digital] true for the concept [book] 
 A: True 
 In one word True/False, answer the following question Q: Is the property [contains antioxidants] true for [acorn]? 
 A:","True 

Acorns contain antioxidants, including"
contains antioxidants|airplane,"Q: Is the property [is female] true for the concept [book]? 
 A: False 
 Q: Is the property [can be digital] true for the concept [book] 
 A: True 
 In one word True/False, answer the following question Q: Is the property [contains antioxidants] true for [airplane]? 
 A:","False 

The property [contains antioxidants]"
contains antioxidants|aloe,"Q: Is the property [is female] true for the concept [book]? 
 A: False 
 Q: Is the property [can be digital] true for the concept [book] 
 A: True 
 In one word True/False, answer the following question Q: Is the property [contains antioxidants] true for [aloe]? 
 A:","True 

Aloe, particularly aloe"
contains antioxidants|ant,"Q: Is the property [is female] true for the concept [book]? 
 A: False 
 Q: Is the property [can be digital] true for the concept [book] 
 A: True 
 In one word True/False, answer the following question Q: Is the property [contains antioxidants] true for [ant]? 
 A:","False 

The property [contains antioxidants]"
contains antioxidants|anteater,"Q: Is the property [is female] true for the concept [book]? 
 A: False 
 Q: Is the property [can be digital] true for the concept [book] 
 A: True 
 In one word True/False, answer the following question Q: Is the property [contains antioxidants] true for [anteater]? 
 A:","False 

Anteaters are animals and"
contains antioxidants|anvil,"Q: Is the property [is female] true for the concept [book]? 
 A: False 
 Q: Is the property [can be digital] true for the concept [book] 
 A: True 
 In one word True/False, answer the following question Q: Is the property [contains antioxidants] true for [anvil]? 
 A:","False 

Anvils are made of"
contains antioxidants|apple,"Q: Is the property [is female] true for the concept [book]? 
 A: False 
 Q: Is the property [can be digital] true for the concept [book] 
 A: True 
 In one word True/False, answer the following question Q: Is the property [contains antioxidants] true for [apple]? 
 A:",True
contains antioxidants|artichoke,"Q: Is the property [is female] true for the concept [book]? 
 A: False 
 Q: Is the property [can be digital] true for the concept [book] 
 A: True 
 In one word True/False, answer the following question Q: Is the property [contains antioxidants] true for [artichoke]? 
 A:",True
contains antioxidants|bagel,"Q: Is the property [is female] true for the concept [book]? 
 A: False 
 Q: Is the property [can be digital] true for the concept [book] 
 A: True 
 In one word True/False, answer the following question Q: Is the property [contains antioxidants] true for [bagel]? 
 A:","False 

Bagels are typically made from"
contains antioxidants|banana,"Q: Is the property [is female] true for the concept [book]? 
 A: False 
 Q: Is the property [can be digital] true for the concept [book] 
 A: True 
 In one word True/False, answer the following question Q: Is the property [contains antioxidants] true for [banana]? 
 A:","True 

Bananas do contain antioxidants,"
contains antioxidants|banjo,"Q: Is the property [is female] true for the concept [book]? 
 A: False 
 Q: Is the property [can be digital] true for the concept [book] 
 A: True 
 In one word True/False, answer the following question Q: Is the property [contains antioxidants] true for [banjo]? 
 A:","False 

A banjo is a musical"
contains antioxidants|barrel,"Q: Is the property [is female] true for the concept [book]? 
 A: False 
 Q: Is the property [can be digital] true for the concept [book] 
 A: True 
 In one word True/False, answer the following question Q: Is the property [contains antioxidants] true for [barrel]? 
 A:","False 

The property [contains antioxidants]"
contains antioxidants|bat,"Q: Is the property [is female] true for the concept [book]? 
 A: False 
 Q: Is the property [can be digital] true for the concept [book] 
 A: True 
 In one word True/False, answer the following question Q: Is the property [contains antioxidants] true for [bat]? 
 A:","False 

The property [contains antioxidants]"
contains antioxidants|beaver,"Q: Is the property [is female] true for the concept [book]? 
 A: False 
 Q: Is the property [can be digital] true for the concept [book] 
 A: True 
 In one word True/False, answer the following question Q: Is the property [contains antioxidants] true for [beaver]? 
 A:","False 

The property [contains antioxidants]"
contains antioxidants|bed,"Q: Is the property [is female] true for the concept [book]? 
 A: False 
 Q: Is the property [can be digital] true for the concept [book] 
 A: True 
 In one word True/False, answer the following question Q: Is the property [contains antioxidants] true for [bed]? 
 A:",False
contains antioxidants|beet,"Q: Is the property [is female] true for the concept [book]? 
 A: False 
 Q: Is the property [can be digital] true for the concept [book] 
 A: True 
 In one word True/False, answer the following question Q: Is the property [contains antioxidants] true for [beet]? 
 A:",True
contains antioxidants|beetle,"Q: Is the property [is female] true for the concept [book]? 
 A: False 
 Q: Is the property [can be digital] true for the concept [book] 
 A: True 
 In one word True/False, answer the following question Q: Is the property [contains antioxidants] true for [beetle]? 
 A:","False 

The property [contains antioxidants]"
contains antioxidants|bell,"Q: Is the property [is female] true for the concept [book]? 
 A: False 
 Q: Is the property [can be digital] true for the concept [book] 
 A: True 
 In one word True/False, answer the following question Q: Is the property [contains antioxidants] true for [bell]? 
 A:","False 

The term ""bell"" typically"
contains antioxidants|belt,"Q: Is the property [is female] true for the concept [book]? 
 A: False 
 Q: Is the property [can be digital] true for the concept [book] 
 A: True 
 In one word True/False, answer the following question Q: Is the property [contains antioxidants] true for [belt]? 
 A:","False 

A belt, as a piece"
contains antioxidants|bird,"Q: Is the property [is female] true for the concept [book]? 
 A: False 
 Q: Is the property [can be digital] true for the concept [book] 
 A: True 
 In one word True/False, answer the following question Q: Is the property [contains antioxidants] true for [bird]? 
 A:","False 

The property [contains antioxidants]"
contains antioxidants|blender,"Q: Is the property [is female] true for the concept [book]? 
 A: False 
 Q: Is the property [can be digital] true for the concept [book] 
 A: True 
 In one word True/False, answer the following question Q: Is the property [contains antioxidants] true for [blender]? 
 A:","False 

A blender is a kitchen appliance"
contains antioxidants|blowtorch,"Q: Is the property [is female] true for the concept [book]? 
 A: False 
 Q: Is the property [can be digital] true for the concept [book] 
 A: True 
 In one word True/False, answer the following question Q: Is the property [contains antioxidants] true for [blowtorch]? 
 A:",False
contains antioxidants|blueberry,"Q: Is the property [is female] true for the concept [book]? 
 A: False 
 Q: Is the property [can be digital] true for the concept [book] 
 A: True 
 In one word True/False, answer the following question Q: Is the property [contains antioxidants] true for [blueberry]? 
 A:",True
contains antioxidants|boa,"Q: Is the property [is female] true for the concept [book]? 
 A: False 
 Q: Is the property [can be digital] true for the concept [book] 
 A: True 
 In one word True/False, answer the following question Q: Is the property [contains antioxidants] true for [boa]? 
 A:","False 

The term ""boa"" typically"
contains antioxidants|boar,"Q: Is the property [is female] true for the concept [book]? 
 A: False 
 Q: Is the property [can be digital] true for the concept [book] 
 A: True 
 In one word True/False, answer the following question Q: Is the property [contains antioxidants] true for [boar]? 
 A:","False 

The property [contains antioxidants]"
contains antioxidants|bread,"Q: Is the property [is female] true for the concept [book]? 
 A: False 
 Q: Is the property [can be digital] true for the concept [book] 
 A: True 
 In one word True/False, answer the following question Q: Is the property [contains antioxidants] true for [bread]? 
 A:","False 

While some types of bread might"
contains antioxidants|brussels sprouts,"Q: Is the property [is female] true for the concept [book]? 
 A: False 
 Q: Is the property [can be digital] true for the concept [book] 
 A: True 
 In one word True/False, answer the following question Q: Is the property [contains antioxidants] true for [brussels sprouts]? 
 A:","True 

Brussels sprouts contain antioxidants"
contains antioxidants|bucket,"Q: Is the property [is female] true for the concept [book]? 
 A: False 
 Q: Is the property [can be digital] true for the concept [book] 
 A: True 
 In one word True/False, answer the following question Q: Is the property [contains antioxidants] true for [bucket]? 
 A:","False 

The property [contains antioxidants]"
contains antioxidants|burrito,"Q: Is the property [is female] true for the concept [book]? 
 A: False 
 Q: Is the property [can be digital] true for the concept [book] 
 A: True 
 In one word True/False, answer the following question Q: Is the property [contains antioxidants] true for [burrito]? 
 A:","False 

While burritos can contain ingredients"
contains antioxidants|cactus,"Q: Is the property [is female] true for the concept [book]? 
 A: False 
 Q: Is the property [can be digital] true for the concept [book] 
 A: True 
 In one word True/False, answer the following question Q: Is the property [contains antioxidants] true for [cactus]? 
 A:","True

Some species of cactus contain"
contains antioxidants|candle,"Q: Is the property [is female] true for the concept [book]? 
 A: False 
 Q: Is the property [can be digital] true for the concept [book] 
 A: True 
 In one word True/False, answer the following question Q: Is the property [contains antioxidants] true for [candle]? 
 A:","False 

A candle does not contain antioxidants"
contains antioxidants|candy,"Q: Is the property [is female] true for the concept [book]? 
 A: False 
 Q: Is the property [can be digital] true for the concept [book] 
 A: True 
 In one word True/False, answer the following question Q: Is the property [contains antioxidants] true for [candy]? 
 A:","False 

Candy typically does not contain"
contains antioxidants|cannon,"Q: Is the property [is female] true for the concept [book]? 
 A: False 
 Q: Is the property [can be digital] true for the concept [book] 
 A: True 
 In one word True/False, answer the following question Q: Is the property [contains antioxidants] true for [cannon]? 
 A:",False
contains antioxidants|car,"Q: Is the property [is female] true for the concept [book]? 
 A: False 
 Q: Is the property [can be digital] true for the concept [book] 
 A: True 
 In one word True/False, answer the following question Q: Is the property [contains antioxidants] true for [car]? 
 A:","False 

The property [contains antioxidants]"
contains antioxidants|carrot,"Q: Is the property [is female] true for the concept [book]? 
 A: False 
 Q: Is the property [can be digital] true for the concept [book] 
 A: True 
 In one word True/False, answer the following question Q: Is the property [contains antioxidants] true for [carrot]? 
 A:",True
contains antioxidants|cart,"Q: Is the property [is female] true for the concept [book]? 
 A: False 
 Q: Is the property [can be digital] true for the concept [book] 
 A: True 
 In one word True/False, answer the following question Q: Is the property [contains antioxidants] true for [cart]? 
 A:","False 

The concept of a ""cart"
contains antioxidants|cat,"Q: Is the property [is female] true for the concept [book]? 
 A: False 
 Q: Is the property [can be digital] true for the concept [book] 
 A: True 
 In one word True/False, answer the following question Q: Is the property [contains antioxidants] true for [cat]? 
 A:","False 

The property [contains antioxidants]"
contains antioxidants|caterpillar,"Q: Is the property [is female] true for the concept [book]? 
 A: False 
 Q: Is the property [can be digital] true for the concept [book] 
 A: True 
 In one word True/False, answer the following question Q: Is the property [contains antioxidants] true for [caterpillar]? 
 A:","False 

The property [contains antioxidants]"
contains antioxidants|celery,"Q: Is the property [is female] true for the concept [book]? 
 A: False 
 Q: Is the property [can be digital] true for the concept [book] 
 A: True 
 In one word True/False, answer the following question Q: Is the property [contains antioxidants] true for [celery]? 
 A:","True 

Celery does contain antioxidants,"
contains antioxidants|chili,"Q: Is the property [is female] true for the concept [book]? 
 A: False 
 Q: Is the property [can be digital] true for the concept [book] 
 A: True 
 In one word True/False, answer the following question Q: Is the property [contains antioxidants] true for [chili]? 
 A:","True 

Chili, especially when referring"
contains antioxidants|chinchilla,"Q: Is the property [is female] true for the concept [book]? 
 A: False 
 Q: Is the property [can be digital] true for the concept [book] 
 A: True 
 In one word True/False, answer the following question Q: Is the property [contains antioxidants] true for [chinchilla]? 
 A:","False 

The property [contains antioxidants]"
contains antioxidants|chisel,"Q: Is the property [is female] true for the concept [book]? 
 A: False 
 Q: Is the property [can be digital] true for the concept [book] 
 A: True 
 In one word True/False, answer the following question Q: Is the property [contains antioxidants] true for [chisel]? 
 A:","False 

A chisel, being an"
contains antioxidants|clarinet,"Q: Is the property [is female] true for the concept [book]? 
 A: False 
 Q: Is the property [can be digital] true for the concept [book] 
 A: True 
 In one word True/False, answer the following question Q: Is the property [contains antioxidants] true for [clarinet]? 
 A:","False 

A clarinet is a musical"
contains antioxidants|coat,"Q: Is the property [is female] true for the concept [book]? 
 A: False 
 Q: Is the property [can be digital] true for the concept [book] 
 A: True 
 In one word True/False, answer the following question Q: Is the property [contains antioxidants] true for [coat]? 
 A:","False 

A coat, as an item"
contains antioxidants|coconut,"Q: Is the property [is female] true for the concept [book]? 
 A: False 
 Q: Is the property [can be digital] true for the concept [book] 
 A: True 
 In one word True/False, answer the following question Q: Is the property [contains antioxidants] true for [coconut]? 
 A:","True 

Coconuts contain antioxidants,"
contains antioxidants|crow,"Q: Is the property [is female] true for the concept [book]? 
 A: False 
 Q: Is the property [can be digital] true for the concept [book] 
 A: True 
 In one word True/False, answer the following question Q: Is the property [contains antioxidants] true for [crow]? 
 A:","False 

The property [contains antioxidants]"
contains antioxidants|crowbar,"Q: Is the property [is female] true for the concept [book]? 
 A: False 
 Q: Is the property [can be digital] true for the concept [book] 
 A: True 
 In one word True/False, answer the following question Q: Is the property [contains antioxidants] true for [crowbar]? 
 A:",False
contains antioxidants|dragonfly,"Q: Is the property [is female] true for the concept [book]? 
 A: False 
 Q: Is the property [can be digital] true for the concept [book] 
 A: True 
 In one word True/False, answer the following question Q: Is the property [contains antioxidants] true for [dragonfly]? 
 A:","False 

Dragonflies are insects and do"
contains antioxidants|dress,"Q: Is the property [is female] true for the concept [book]? 
 A: False 
 Q: Is the property [can be digital] true for the concept [book] 
 A: True 
 In one word True/False, answer the following question Q: Is the property [contains antioxidants] true for [dress]? 
 A:","False 

A dress, as a piece"
contains antioxidants|eagle,"Q: Is the property [is female] true for the concept [book]? 
 A: False 
 Q: Is the property [can be digital] true for the concept [book] 
 A: True 
 In one word True/False, answer the following question Q: Is the property [contains antioxidants] true for [eagle]? 
 A:","False 

Eagles are animals and"
contains antioxidants|eggbeater,"Q: Is the property [is female] true for the concept [book]? 
 A: False 
 Q: Is the property [can be digital] true for the concept [book] 
 A: True 
 In one word True/False, answer the following question Q: Is the property [contains antioxidants] true for [eggbeater]? 
 A:","False 

An eggbeater, which"
contains antioxidants|fig,"Q: Is the property [is female] true for the concept [book]? 
 A: False 
 Q: Is the property [can be digital] true for the concept [book] 
 A: True 
 In one word True/False, answer the following question Q: Is the property [contains antioxidants] true for [fig]? 
 A:",True
contains antioxidants|file,"Q: Is the property [is female] true for the concept [book]? 
 A: False 
 Q: Is the property [can be digital] true for the concept [book] 
 A: True 
 In one word True/False, answer the following question Q: Is the property [contains antioxidants] true for [file]? 
 A:","False 

The concept of a ""file"
contains antioxidants|flute,"Q: Is the property [is female] true for the concept [book]? 
 A: False 
 Q: Is the property [can be digital] true for the concept [book] 
 A: True 
 In one word True/False, answer the following question Q: Is the property [contains antioxidants] true for [flute]? 
 A:",False
contains antioxidants|fly,"Q: Is the property [is female] true for the concept [book]? 
 A: False 
 Q: Is the property [can be digital] true for the concept [book] 
 A: True 
 In one word True/False, answer the following question Q: Is the property [contains antioxidants] true for [fly]? 
 A:","False 

The property [contains antioxidants]"
contains antioxidants|grenade,"Q: Is the property [is female] true for the concept [book]? 
 A: False 
 Q: Is the property [can be digital] true for the concept [book] 
 A: True 
 In one word True/False, answer the following question Q: Is the property [contains antioxidants] true for [grenade]? 
 A:","False 

The property [contains antioxidants]"
contains antioxidants|jeans,"Q: Is the property [is female] true for the concept [book]? 
 A: False 
 Q: Is the property [can be digital] true for the concept [book] 
 A: True 
 In one word True/False, answer the following question Q: Is the property [contains antioxidants] true for [jeans]? 
 A:","False 

Jeans, which are typically"
contains antioxidants|missile,"Q: Is the property [is female] true for the concept [book]? 
 A: False 
 Q: Is the property [can be digital] true for the concept [book] 
 A: True 
 In one word True/False, answer the following question Q: Is the property [contains antioxidants] true for [missile]? 
 A:","False 

The property [contains antioxidants]"
contains antioxidants|motorcycle,"Q: Is the property [is female] true for the concept [book]? 
 A: False 
 Q: Is the property [can be digital] true for the concept [book] 
 A: True 
 In one word True/False, answer the following question Q: Is the property [contains antioxidants] true for [motorcycle]? 
 A:",False
durability|accordion,"Q: Is the property [is female] true for the concept [book]? 
 A: False 
 Q: Is the property [can be digital] true for the concept [book] 
 A: True 
 In one word True/False, answer the following question Q: Is the property [durability] true for [accordion]? 
 A:","False

The property ""durability"""
durability|acorn,"Q: Is the property [is female] true for the concept [book]? 
 A: False 
 Q: Is the property [can be digital] true for the concept [book] 
 A: True 
 In one word True/False, answer the following question Q: Is the property [durability] true for [acorn]? 
 A:","True 

The property [durability]"
durability|airplane,"Q: Is the property [is female] true for the concept [book]? 
 A: False 
 Q: Is the property [can be digital] true for the concept [book] 
 A: True 
 In one word True/False, answer the following question Q: Is the property [durability] true for [airplane]? 
 A:","True

The property of durability can be"
durability|aloe,"Q: Is the property [is female] true for the concept [book]? 
 A: False 
 Q: Is the property [can be digital] true for the concept [book] 
 A: True 
 In one word True/False, answer the following question Q: Is the property [durability] true for [aloe]? 
 A:","False

The property ""durability"""
durability|ant,"Q: Is the property [is female] true for the concept [book]? 
 A: False 
 Q: Is the property [can be digital] true for the concept [book] 
 A: True 
 In one word True/False, answer the following question Q: Is the property [durability] true for [ant]? 
 A:","False

The property ""durability"""
durability|anteater,"Q: Is the property [is female] true for the concept [book]? 
 A: False 
 Q: Is the property [can be digital] true for the concept [book] 
 A: True 
 In one word True/False, answer the following question Q: Is the property [durability] true for [anteater]? 
 A:","False

The property ""durability"""
durability|anvil,"Q: Is the property [is female] true for the concept [book]? 
 A: False 
 Q: Is the property [can be digital] true for the concept [book] 
 A: True 
 In one word True/False, answer the following question Q: Is the property [durability] true for [anvil]? 
 A:","True 

Anvils are known for"
durability|apple,"Q: Is the property [is female] true for the concept [book]? 
 A: False 
 Q: Is the property [can be digital] true for the concept [book] 
 A: True 
 In one word True/False, answer the following question Q: Is the property [durability] true for [apple]? 
 A:","False

The property ""durability"""
durability|artichoke,"Q: Is the property [is female] true for the concept [book]? 
 A: False 
 Q: Is the property [can be digital] true for the concept [book] 
 A: True 
 In one word True/False, answer the following question Q: Is the property [durability] true for [artichoke]? 
 A:","False 

The property [durability]"
durability|bagel,"Q: Is the property [is female] true for the concept [book]? 
 A: False 
 Q: Is the property [can be digital] true for the concept [book] 
 A: True 
 In one word True/False, answer the following question Q: Is the property [durability] true for [bagel]? 
 A:","False

The property ""durability"""
durability|banana,"Q: Is the property [is female] true for the concept [book]? 
 A: False 
 Q: Is the property [can be digital] true for the concept [book] 
 A: True 
 In one word True/False, answer the following question Q: Is the property [durability] true for [banana]? 
 A:","False 

The property [durability]"
durability|banjo,"Q: Is the property [is female] true for the concept [book]? 
 A: False 
 Q: Is the property [can be digital] true for the concept [book] 
 A: True 
 In one word True/False, answer the following question Q: Is the property [durability] true for [banjo]? 
 A:","True 

The property [durability]"
durability|barrel,"Q: Is the property [is female] true for the concept [book]? 
 A: False 
 Q: Is the property [can be digital] true for the concept [book] 
 A: True 
 In one word True/False, answer the following question Q: Is the property [durability] true for [barrel]? 
 A:","True

The property [durability]"
durability|bat,"Q: Is the property [is female] true for the concept [book]? 
 A: False 
 Q: Is the property [can be digital] true for the concept [book] 
 A: True 
 In one word True/False, answer the following question Q: Is the property [durability] true for [bat]? 
 A:","False

The property ""durability"""
durability|beaver,"Q: Is the property [is female] true for the concept [book]? 
 A: False 
 Q: Is the property [can be digital] true for the concept [book] 
 A: True 
 In one word True/False, answer the following question Q: Is the property [durability] true for [beaver]? 
 A:","False

The property ""durability"""
durability|bed,"Q: Is the property [is female] true for the concept [book]? 
 A: False 
 Q: Is the property [can be digital] true for the concept [book] 
 A: True 
 In one word True/False, answer the following question Q: Is the property [durability] true for [bed]? 
 A:","True 

The property [durability]"
durability|beet,"Q: Is the property [is female] true for the concept [book]? 
 A: False 
 Q: Is the property [can be digital] true for the concept [book] 
 A: True 
 In one word True/False, answer the following question Q: Is the property [durability] true for [beet]? 
 A:","False

The property ""durability"""
durability|beetle,"Q: Is the property [is female] true for the concept [book]? 
 A: False 
 Q: Is the property [can be digital] true for the concept [book] 
 A: True 
 In one word True/False, answer the following question Q: Is the property [durability] true for [beetle]? 
 A:","False

The property ""durability"""
durability|bell,"Q: Is the property [is female] true for the concept [book]? 
 A: False 
 Q: Is the property [can be digital] true for the concept [book] 
 A: True 
 In one word True/False, answer the following question Q: Is the property [durability] true for [bell]? 
 A:","True 

The property [durability]"
durability|belt,"Q: Is the property [is female] true for the concept [book]? 
 A: False 
 Q: Is the property [can be digital] true for the concept [book] 
 A: True 
 In one word True/False, answer the following question Q: Is the property [durability] true for [belt]? 
 A:","True 

The property [durability]"
durability|bird,"Q: Is the property [is female] true for the concept [book]? 
 A: False 
 Q: Is the property [can be digital] true for the concept [book] 
 A: True 
 In one word True/False, answer the following question Q: Is the property [durability] true for [bird]? 
 A:","False

The property ""durability"""
durability|blender,"Q: Is the property [is female] true for the concept [book]? 
 A: False 
 Q: Is the property [can be digital] true for the concept [book] 
 A: True 
 In one word True/False, answer the following question Q: Is the property [durability] true for [blender]? 
 A:","True 

The property [durability]"
durability|blowtorch,"Q: Is the property [is female] true for the concept [book]? 
 A: False 
 Q: Is the property [can be digital] true for the concept [book] 
 A: True 
 In one word True/False, answer the following question Q: Is the property [durability] true for [blowtorch]? 
 A:","False

The property ""durability"""
durability|blueberry,"Q: Is the property [is female] true for the concept [book]? 
 A: False 
 Q: Is the property [can be digital] true for the concept [book] 
 A: True 
 In one word True/False, answer the following question Q: Is the property [durability] true for [blueberry]? 
 A:","False

The property ""durability"""
durability|boa,"Q: Is the property [is female] true for the concept [book]? 
 A: False 
 Q: Is the property [can be digital] true for the concept [book] 
 A: True 
 In one word True/False, answer the following question Q: Is the property [durability] true for [boa]? 
 A:","False

The property ""durability"""
durability|boar,"Q: Is the property [is female] true for the concept [book]? 
 A: False 
 Q: Is the property [can be digital] true for the concept [book] 
 A: True 
 In one word True/False, answer the following question Q: Is the property [durability] true for [boar]? 
 A:","False

The property ""durability"""
durability|bread,"Q: Is the property [is female] true for the concept [book]? 
 A: False 
 Q: Is the property [can be digital] true for the concept [book] 
 A: True 
 In one word True/False, answer the following question Q: Is the property [durability] true for [bread]? 
 A:","False

The property ""durability"""
durability|brussels sprouts,"Q: Is the property [is female] true for the concept [book]? 
 A: False 
 Q: Is the property [can be digital] true for the concept [book] 
 A: True 
 In one word True/False, answer the following question Q: Is the property [durability] true for [brussels sprouts]? 
 A:","False

The property ""durability"""
durability|bucket,"Q: Is the property [is female] true for the concept [book]? 
 A: False 
 Q: Is the property [can be digital] true for the concept [book] 
 A: True 
 In one word True/False, answer the following question Q: Is the property [durability] true for [bucket]? 
 A:","True 

The property [durability]"
durability|burrito,"Q: Is the property [is female] true for the concept [book]? 
 A: False 
 Q: Is the property [can be digital] true for the concept [book] 
 A: True 
 In one word True/False, answer the following question Q: Is the property [durability] true for [burrito]? 
 A:","False

The property ""durability"""
durability|cactus,"Q: Is the property [is female] true for the concept [book]? 
 A: False 
 Q: Is the property [can be digital] true for the concept [book] 
 A: True 
 In one word True/False, answer the following question Q: Is the property [durability] true for [cactus]? 
 A:","True 

The property [durability]"
durability|candle,"Q: Is the property [is female] true for the concept [book]? 
 A: False 
 Q: Is the property [can be digital] true for the concept [book] 
 A: True 
 In one word True/False, answer the following question Q: Is the property [durability] true for [candle]? 
 A:","False

The property ""durability"""
durability|candy,"Q: Is the property [is female] true for the concept [book]? 
 A: False 
 Q: Is the property [can be digital] true for the concept [book] 
 A: True 
 In one word True/False, answer the following question Q: Is the property [durability] true for [candy]? 
 A:","False 

The property [durability]"
durability|cannon,"Q: Is the property [is female] true for the concept [book]? 
 A: False 
 Q: Is the property [can be digital] true for the concept [book] 
 A: True 
 In one word True/False, answer the following question Q: Is the property [durability] true for [cannon]? 
 A:","True 

The property [durability]"
durability|car,"Q: Is the property [is female] true for the concept [book]? 
 A: False 
 Q: Is the property [can be digital] true for the concept [book] 
 A: True 
 In one word True/False, answer the following question Q: Is the property [durability] true for [car]? 
 A:","False

The property ""durability"""
durability|carrot,"Q: Is the property [is female] true for the concept [book]? 
 A: False 
 Q: Is the property [can be digital] true for the concept [book] 
 A: True 
 In one word True/False, answer the following question Q: Is the property [durability] true for [carrot]? 
 A:","False

The property ""durability"""
durability|cart,"Q: Is the property [is female] true for the concept [book]? 
 A: False 
 Q: Is the property [can be digital] true for the concept [book] 
 A: True 
 In one word True/False, answer the following question Q: Is the property [durability] true for [cart]? 
 A:","True 

The property [durability]"
durability|cat,"Q: Is the property [is female] true for the concept [book]? 
 A: False 
 Q: Is the property [can be digital] true for the concept [book] 
 A: True 
 In one word True/False, answer the following question Q: Is the property [durability] true for [cat]? 
 A:","False

The property ""durability"""
durability|caterpillar,"Q: Is the property [is female] true for the concept [book]? 
 A: False 
 Q: Is the property [can be digital] true for the concept [book] 
 A: True 
 In one word True/False, answer the following question Q: Is the property [durability] true for [caterpillar]? 
 A:","False 

The property [durability]"
durability|celery,"Q: Is the property [is female] true for the concept [book]? 
 A: False 
 Q: Is the property [can be digital] true for the concept [book] 
 A: True 
 In one word True/False, answer the following question Q: Is the property [durability] true for [celery]? 
 A:","False

The property ""durability"""
durability|chili,"Q: Is the property [is female] true for the concept [book]? 
 A: False 
 Q: Is the property [can be digital] true for the concept [book] 
 A: True 
 In one word True/False, answer the following question Q: Is the property [durability] true for [chili]? 
 A:","False

The property ""durability"""
durability|chinchilla,"Q: Is the property [is female] true for the concept [book]? 
 A: False 
 Q: Is the property [can be digital] true for the concept [book] 
 A: True 
 In one word True/False, answer the following question Q: Is the property [durability] true for [chinchilla]? 
 A:","False

The property ""durability"""
durability|chisel,"Q: Is the property [is female] true for the concept [book]? 
 A: False 
 Q: Is the property [can be digital] true for the concept [book] 
 A: True 
 In one word True/False, answer the following question Q: Is the property [durability] true for [chisel]? 
 A:","True 

The property [durability]"
durability|clarinet,"Q: Is the property [is female] true for the concept [book]? 
 A: False 
 Q: Is the property [can be digital] true for the concept [book] 
 A: True 
 In one word True/False, answer the following question Q: Is the property [durability] true for [clarinet]? 
 A:","False

The property ""durability"""
durability|coat,"Q: Is the property [is female] true for the concept [book]? 
 A: False 
 Q: Is the property [can be digital] true for the concept [book] 
 A: True 
 In one word True/False, answer the following question Q: Is the property [durability] true for [coat]? 
 A:","False

The property ""durability"""
durability|coconut,"Q: Is the property [is female] true for the concept [book]? 
 A: False 
 Q: Is the property [can be digital] true for the concept [book] 
 A: True 
 In one word True/False, answer the following question Q: Is the property [durability] true for [coconut]? 
 A:","True 

The property [durability]"
durability|crow,"Q: Is the property [is female] true for the concept [book]? 
 A: False 
 Q: Is the property [can be digital] true for the concept [book] 
 A: True 
 In one word True/False, answer the following question Q: Is the property [durability] true for [crow]? 
 A:","False

The property ""durability"""
durability|crowbar,"Q: Is the property [is female] true for the concept [book]? 
 A: False 
 Q: Is the property [can be digital] true for the concept [book] 
 A: True 
 In one word True/False, answer the following question Q: Is the property [durability] true for [crowbar]? 
 A:","True 

The property [durability]"
durability|dragonfly,"Q: Is the property [is female] true for the concept [book]? 
 A: False 
 Q: Is the property [can be digital] true for the concept [book] 
 A: True 
 In one word True/False, answer the following question Q: Is the property [durability] true for [dragonfly]? 
 A:","False

The property ""durability"""
durability|dress,"Q: Is the property [is female] true for the concept [book]? 
 A: False 
 Q: Is the property [can be digital] true for the concept [book] 
 A: True 
 In one word True/False, answer the following question Q: Is the property [durability] true for [dress]? 
 A:","False

The property ""durability"""
durability|eagle,"Q: Is the property [is female] true for the concept [book]? 
 A: False 
 Q: Is the property [can be digital] true for the concept [book] 
 A: True 
 In one word True/False, answer the following question Q: Is the property [durability] true for [eagle]? 
 A:","False

The property ""durability"""
durability|eggbeater,"Q: Is the property [is female] true for the concept [book]? 
 A: False 
 Q: Is the property [can be digital] true for the concept [book] 
 A: True 
 In one word True/False, answer the following question Q: Is the property [durability] true for [eggbeater]? 
 A:","False

The property ""durability"""
durability|fig,"Q: Is the property [is female] true for the concept [book]? 
 A: False 
 Q: Is the property [can be digital] true for the concept [book] 
 A: True 
 In one word True/False, answer the following question Q: Is the property [durability] true for [fig]? 
 A:","False 

The property [durability]"
durability|file,"Q: Is the property [is female] true for the concept [book]? 
 A: False 
 Q: Is the property [can be digital] true for the concept [book] 
 A: True 
 In one word True/False, answer the following question Q: Is the property [durability] true for [file]? 
 A:","False

The property ""durability"""
durability|flute,"Q: Is the property [is female] true for the concept [book]? 
 A: False 
 Q: Is the property [can be digital] true for the concept [book] 
 A: True 
 In one word True/False, answer the following question Q: Is the property [durability] true for [flute]? 
 A:","False

The property ""durability"""
durability|fly,"Q: Is the property [is female] true for the concept [book]? 
 A: False 
 Q: Is the property [can be digital] true for the concept [book] 
 A: True 
 In one word True/False, answer the following question Q: Is the property [durability] true for [fly]? 
 A:","False 

The property [durability]"
durability|grenade,"Q: Is the property [is female] true for the concept [book]? 
 A: False 
 Q: Is the property [can be digital] true for the concept [book] 
 A: True 
 In one word True/False, answer the following question Q: Is the property [durability] true for [grenade]? 
 A:","False

The property ""durability"""
durability|jeans,"Q: Is the property [is female] true for the concept [book]? 
 A: False 
 Q: Is the property [can be digital] true for the concept [book] 
 A: True 
 In one word True/False, answer the following question Q: Is the property [durability] true for [jeans]? 
 A:","True 

The property [durability]"
durability|missile,"Q: Is the property [is female] true for the concept [book]? 
 A: False 
 Q: Is the property [can be digital] true for the concept [book] 
 A: True 
 In one word True/False, answer the following question Q: Is the property [durability] true for [missile]? 
 A:","False

The property ""durability"""
durability|motorcycle,"Q: Is the property [is female] true for the concept [book]? 
 A: False 
 Q: Is the property [can be digital] true for the concept [book] 
 A: True 
 In one word True/False, answer the following question Q: Is the property [durability] true for [motorcycle]? 
 A:","False

The property ""durability"""
fuel tank|accordion,"Q: Is the property [is female] true for the concept [book]? 
 A: False 
 Q: Is the property [can be digital] true for the concept [book] 
 A: True 
 In one word True/False, answer the following question Q: Is the property [fuel tank] true for [accordion]? 
 A:",False
fuel tank|acorn,"Q: Is the property [is female] true for the concept [book]? 
 A: False 
 Q: Is the property [can be digital] true for the concept [book] 
 A: True 
 In one word True/False, answer the following question Q: Is the property [fuel tank] true for [acorn]? 
 A:",False
fuel tank|airplane,"Q: Is the property [is female] true for the concept [book]? 
 A: False 
 Q: Is the property [can be digital] true for the concept [book] 
 A: True 
 In one word True/False, answer the following question Q: Is the property [fuel tank] true for [airplane]? 
 A:",True
fuel tank|aloe,"Q: Is the property [is female] true for the concept [book]? 
 A: False 
 Q: Is the property [can be digital] true for the concept [book] 
 A: True 
 In one word True/False, answer the following question Q: Is the property [fuel tank] true for [aloe]? 
 A:",False
fuel tank|ant,"Q: Is the property [is female] true for the concept [book]? 
 A: False 
 Q: Is the property [can be digital] true for the concept [book] 
 A: True 
 In one word True/False, answer the following question Q: Is the property [fuel tank] true for [ant]? 
 A:",False
fuel tank|anteater,"Q: Is the property [is female] true for the concept [book]? 
 A: False 
 Q: Is the property [can be digital] true for the concept [book] 
 A: True 
 In one word True/False, answer the following question Q: Is the property [fuel tank] true for [anteater]? 
 A:",False
fuel tank|anvil,"Q: Is the property [is female] true for the concept [book]? 
 A: False 
 Q: Is the property [can be digital] true for the concept [book] 
 A: True 
 In one word True/False, answer the following question Q: Is the property [fuel tank] true for [anvil]? 
 A:",False
fuel tank|apple,"Q: Is the property [is female] true for the concept [book]? 
 A: False 
 Q: Is the property [can be digital] true for the concept [book] 
 A: True 
 In one word True/False, answer the following question Q: Is the property [fuel tank] true for [apple]? 
 A:",False
fuel tank|artichoke,"Q: Is the property [is female] true for the concept [book]? 
 A: False 
 Q: Is the property [can be digital] true for the concept [book] 
 A: True 
 In one word True/False, answer the following question Q: Is the property [fuel tank] true for [artichoke]? 
 A:",False
fuel tank|bagel,"Q: Is the property [is female] true for the concept [book]? 
 A: False 
 Q: Is the property [can be digital] true for the concept [book] 
 A: True 
 In one word True/False, answer the following question Q: Is the property [fuel tank] true for [bagel]? 
 A:",False
fuel tank|banana,"Q: Is the property [is female] true for the concept [book]? 
 A: False 
 Q: Is the property [can be digital] true for the concept [book] 
 A: True 
 In one word True/False, answer the following question Q: Is the property [fuel tank] true for [banana]? 
 A:",False
fuel tank|banjo,"Q: Is the property [is female] true for the concept [book]? 
 A: False 
 Q: Is the property [can be digital] true for the concept [book] 
 A: True 
 In one word True/False, answer the following question Q: Is the property [fuel tank] true for [banjo]? 
 A:",False
fuel tank|barrel,"Q: Is the property [is female] true for the concept [book]? 
 A: False 
 Q: Is the property [can be digital] true for the concept [book] 
 A: True 
 In one word True/False, answer the following question Q: Is the property [fuel tank] true for [barrel]? 
 A:","False 

The property [fuel tank]"
fuel tank|bat,"Q: Is the property [is female] true for the concept [book]? 
 A: False 
 Q: Is the property [can be digital] true for the concept [book] 
 A: True 
 In one word True/False, answer the following question Q: Is the property [fuel tank] true for [bat]? 
 A:",False
fuel tank|beaver,"Q: Is the property [is female] true for the concept [book]? 
 A: False 
 Q: Is the property [can be digital] true for the concept [book] 
 A: True 
 In one word True/False, answer the following question Q: Is the property [fuel tank] true for [beaver]? 
 A:",False
fuel tank|bed,"Q: Is the property [is female] true for the concept [book]? 
 A: False 
 Q: Is the property [can be digital] true for the concept [book] 
 A: True 
 In one word True/False, answer the following question Q: Is the property [fuel tank] true for [bed]? 
 A:",False
fuel tank|beet,"Q: Is the property [is female] true for the concept [book]? 
 A: False 
 Q: Is the property [can be digital] true for the concept [book] 
 A: True 
 In one word True/False, answer the following question Q: Is the property [fuel tank] true for [beet]? 
 A:",False
fuel tank|beetle,"Q: Is the property [is female] true for the concept [book]? 
 A: False 
 Q: Is the property [can be digital] true for the concept [book] 
 A: True 
 In one word True/False, answer the following question Q: Is the property [fuel tank] true for [beetle]? 
 A:","False 

The property [fuel tank]"
fuel tank|bell,"Q: Is the property [is female] true for the concept [book]? 
 A: False 
 Q: Is the property [can be digital] true for the concept [book] 
 A: True 
 In one word True/False, answer the following question Q: Is the property [fuel tank] true for [bell]? 
 A:",False
fuel tank|belt,"Q: Is the property [is female] true for the concept [book]? 
 A: False 
 Q: Is the property [can be digital] true for the concept [book] 
 A: True 
 In one word True/False, answer the following question Q: Is the property [fuel tank] true for [belt]? 
 A:",False
fuel tank|bird,"Q: Is the property [is female] true for the concept [book]? 
 A: False 
 Q: Is the property [can be digital] true for the concept [book] 
 A: True 
 In one word True/False, answer the following question Q: Is the property [fuel tank] true for [bird]? 
 A:",False
fuel tank|blender,"Q: Is the property [is female] true for the concept [book]? 
 A: False 
 Q: Is the property [can be digital] true for the concept [book] 
 A: True 
 In one word True/False, answer the following question Q: Is the property [fuel tank] true for [blender]? 
 A:",False
fuel tank|blowtorch,"Q: Is the property [is female] true for the concept [book]? 
 A: False 
 Q: Is the property [can be digital] true for the concept [book] 
 A: True 
 In one word True/False, answer the following question Q: Is the property [fuel tank] true for [blowtorch]? 
 A:","True

A blowtorch typically has a"
fuel tank|blueberry,"Q: Is the property [is female] true for the concept [book]? 
 A: False 
 Q: Is the property [can be digital] true for the concept [book] 
 A: True 
 In one word True/False, answer the following question Q: Is the property [fuel tank] true for [blueberry]? 
 A:",False
fuel tank|boa,"Q: Is the property [is female] true for the concept [book]? 
 A: False 
 Q: Is the property [can be digital] true for the concept [book] 
 A: True 
 In one word True/False, answer the following question Q: Is the property [fuel tank] true for [boa]? 
 A:","False 

A boa, which is a"
fuel tank|boar,"Q: Is the property [is female] true for the concept [book]? 
 A: False 
 Q: Is the property [can be digital] true for the concept [book] 
 A: True 
 In one word True/False, answer the following question Q: Is the property [fuel tank] true for [boar]? 
 A:",False
fuel tank|bread,"Q: Is the property [is female] true for the concept [book]? 
 A: False 
 Q: Is the property [can be digital] true for the concept [book] 
 A: True 
 In one word True/False, answer the following question Q: Is the property [fuel tank] true for [bread]? 
 A:",False
fuel tank|brussels sprouts,"Q: Is the property [is female] true for the concept [book]? 
 A: False 
 Q: Is the property [can be digital] true for the concept [book] 
 A: True 
 In one word True/False, answer the following question Q: Is the property [fuel tank] true for [brussels sprouts]? 
 A:",False
fuel tank|bucket,"Q: Is the property [is female] true for the concept [book]? 
 A: False 
 Q: Is the property [can be digital] true for the concept [book] 
 A: True 
 In one word True/False, answer the following question Q: Is the property [fuel tank] true for [bucket]? 
 A:",False
fuel tank|burrito,"Q: Is the property [is female] true for the concept [book]? 
 A: False 
 Q: Is the property [can be digital] true for the concept [book] 
 A: True 
 In one word True/False, answer the following question Q: Is the property [fuel tank] true for [burrito]? 
 A:",False
fuel tank|cactus,"Q: Is the property [is female] true for the concept [book]? 
 A: False 
 Q: Is the property [can be digital] true for the concept [book] 
 A: True 
 In one word True/False, answer the following question Q: Is the property [fuel tank] true for [cactus]? 
 A:",False
fuel tank|candle,"Q: Is the property [is female] true for the concept [book]? 
 A: False 
 Q: Is the property [can be digital] true for the concept [book] 
 A: True 
 In one word True/False, answer the following question Q: Is the property [fuel tank] true for [candle]? 
 A:","False 

A candle does not have a"
fuel tank|candy,"Q: Is the property [is female] true for the concept [book]? 
 A: False 
 Q: Is the property [can be digital] true for the concept [book] 
 A: True 
 In one word True/False, answer the following question Q: Is the property [fuel tank] true for [candy]? 
 A:",False
fuel tank|cannon,"Q: Is the property [is female] true for the concept [book]? 
 A: False 
 Q: Is the property [can be digital] true for the concept [book] 
 A: True 
 In one word True/False, answer the following question Q: Is the property [fuel tank] true for [cannon]? 
 A:","False 

A cannon does not inherently have"
fuel tank|car,"Q: Is the property [is female] true for the concept [book]? 
 A: False 
 Q: Is the property [can be digital] true for the concept [book] 
 A: True 
 In one word True/False, answer the following question Q: Is the property [fuel tank] true for [car]? 
 A:","True

The property [fuel tank]"
fuel tank|carrot,"Q: Is the property [is female] true for the concept [book]? 
 A: False 
 Q: Is the property [can be digital] true for the concept [book] 
 A: True 
 In one word True/False, answer the following question Q: Is the property [fuel tank] true for [carrot]? 
 A:",False
fuel tank|cart,"Q: Is the property [is female] true for the concept [book]? 
 A: False 
 Q: Is the property [can be digital] true for the concept [book] 
 A: True 
 In one word True/False, answer the following question Q: Is the property [fuel tank] true for [cart]? 
 A:","False 

A cart does not inherently have"
fuel tank|cat,"Q: Is the property [is female] true for the concept [book]? 
 A: False 
 Q: Is the property [can be digital] true for the concept [book] 
 A: True 
 In one word True/False, answer the following question Q: Is the property [fuel tank] true for [cat]? 
 A:",False
fuel tank|caterpillar,"Q: Is the property [is female] true for the concept [book]? 
 A: False 
 Q: Is the property [can be digital] true for the concept [book] 
 A: True 
 In one word True/False, answer the following question Q: Is the property [fuel tank] true for [caterpillar]? 
 A:",False
fuel tank|celery,"Q: Is the property [is female] true for the concept [book]? 
 A: False 
 Q: Is the property [can be digital] true for the concept [book] 
 A: True 
 In one word True/False, answer the following question Q: Is the property [fuel tank] true for [celery]? 
 A:",False
fuel tank|chili,"Q: Is the property [is female] true for the concept [book]? 
 A: False 
 Q: Is the property [can be digital] true for the concept [book] 
 A: True 
 In one word True/False, answer the following question Q: Is the property [fuel tank] true for [chili]? 
 A:",False
fuel tank|chinchilla,"Q: Is the property [is female] true for the concept [book]? 
 A: False 
 Q: Is the property [can be digital] true for the concept [book] 
 A: True 
 In one word True/False, answer the following question Q: Is the property [fuel tank] true for [chinchilla]? 
 A:",False
fuel tank|chisel,"Q: Is the property [is female] true for the concept [book]? 
 A: False 
 Q: Is the property [can be digital] true for the concept [book] 
 A: True 
 In one word True/False, answer the following question Q: Is the property [fuel tank] true for [chisel]? 
 A:",False
fuel tank|clarinet,"Q: Is the property [is female] true for the concept [book]? 
 A: False 
 Q: Is the property [can be digital] true for the concept [book] 
 A: True 
 In one word True/False, answer the following question Q: Is the property [fuel tank] true for [clarinet]? 
 A:",False
fuel tank|coat,"Q: Is the property [is female] true for the concept [book]? 
 A: False 
 Q: Is the property [can be digital] true for the concept [book] 
 A: True 
 In one word True/False, answer the following question Q: Is the property [fuel tank] true for [coat]? 
 A:",False
fuel tank|coconut,"Q: Is the property [is female] true for the concept [book]? 
 A: False 
 Q: Is the property [can be digital] true for the concept [book] 
 A: True 
 In one word True/False, answer the following question Q: Is the property [fuel tank] true for [coconut]? 
 A:",False
fuel tank|crow,"Q: Is the property [is female] true for the concept [book]? 
 A: False 
 Q: Is the property [can be digital] true for the concept [book] 
 A: True 
 In one word True/False, answer the following question Q: Is the property [fuel tank] true for [crow]? 
 A:",False
fuel tank|crowbar,"Q: Is the property [is female] true for the concept [book]? 
 A: False 
 Q: Is the property [can be digital] true for the concept [book] 
 A: True 
 In one word True/False, answer the following question Q: Is the property [fuel tank] true for [crowbar]? 
 A:",False
fuel tank|dragonfly,"Q: Is the property [is female] true for the concept [book]? 
 A: False 
 Q: Is the property [can be digital] true for the concept [book] 
 A: True 
 In one word True/False, answer the following question Q: Is the property [fuel tank] true for [dragonfly]? 
 A:",False
fuel tank|dress,"Q: Is the property [is female] true for the concept [book]? 
 A: False 
 Q: Is the property [can be digital] true for the concept [book] 
 A: True 
 In one word True/False, answer the following question Q: Is the property [fuel tank] true for [dress]? 
 A:",False
fuel tank|eagle,"Q: Is the property [is female] true for the concept [book]? 
 A: False 
 Q: Is the property [can be digital] true for the concept [book] 
 A: True 
 In one word True/False, answer the following question Q: Is the property [fuel tank] true for [eagle]? 
 A:",False
fuel tank|eggbeater,"Q: Is the property [is female] true for the concept [book]? 
 A: False 
 Q: Is the property [can be digital] true for the concept [book] 
 A: True 
 In one word True/False, answer the following question Q: Is the property [fuel tank] true for [eggbeater]? 
 A:",False
fuel tank|fig,"Q: Is the property [is female] true for the concept [book]? 
 A: False 
 Q: Is the property [can be digital] true for the concept [book] 
 A: True 
 In one word True/False, answer the following question Q: Is the property [fuel tank] true for [fig]? 
 A:",False
fuel tank|file,"Q: Is the property [is female] true for the concept [book]? 
 A: False 
 Q: Is the property [can be digital] true for the concept [book] 
 A: True 
 In one word True/False, answer the following question Q: Is the property [fuel tank] true for [file]? 
 A:",False
fuel tank|flute,"Q: Is the property [is female] true for the concept [book]? 
 A: False 
 Q: Is the property [can be digital] true for the concept [book] 
 A: True 
 In one word True/False, answer the following question Q: Is the property [fuel tank] true for [flute]? 
 A:",False
fuel tank|fly,"Q: Is the property [is female] true for the concept [book]? 
 A: False 
 Q: Is the property [can be digital] true for the concept [book] 
 A: True 
 In one word True/False, answer the following question Q: Is the property [fuel tank] true for [fly]? 
 A:","False 

The concept of a ""fly"
fuel tank|grenade,"Q: Is the property [is female] true for the concept [book]? 
 A: False 
 Q: Is the property [can be digital] true for the concept [book] 
 A: True 
 In one word True/False, answer the following question Q: Is the property [fuel tank] true for [grenade]? 
 A:","False 

A grenade does not have a"
fuel tank|jeans,"Q: Is the property [is female] true for the concept [book]? 
 A: False 
 Q: Is the property [can be digital] true for the concept [book] 
 A: True 
 In one word True/False, answer the following question Q: Is the property [fuel tank] true for [jeans]? 
 A:",False
fuel tank|missile,"Q: Is the property [is female] true for the concept [book]? 
 A: False 
 Q: Is the property [can be digital] true for the concept [book] 
 A: True 
 In one word True/False, answer the following question Q: Is the property [fuel tank] true for [missile]? 
 A:","True

Missiles often have fuel tanks"
fuel tank|motorcycle,"Q: Is the property [is female] true for the concept [book]? 
 A: False 
 Q: Is the property [can be digital] true for the concept [book] 
 A: True 
 In one word True/False, answer the following question Q: Is the property [fuel tank] true for [motorcycle]? 
 A:",True
good source of antioxidants|accordion,"Q: Is the property [is female] true for the concept [book]? 
 A: False 
 Q: Is the property [can be digital] true for the concept [book] 
 A: True 
 In one word True/False, answer the following question Q: Is the property [good source of antioxidants] true for [accordion]? 
 A:","False 

An accordion is a musical instrument"
good source of antioxidants|acorn,"Q: Is the property [is female] true for the concept [book]? 
 A: False 
 Q: Is the property [can be digital] true for the concept [book] 
 A: True 
 In one word True/False, answer the following question Q: Is the property [good source of antioxidants] true for [acorn]? 
 A:","True 

Acorns, while not commonly"
good source of antioxidants|airplane,"Q: Is the property [is female] true for the concept [book]? 
 A: False 
 Q: Is the property [can be digital] true for the concept [book] 
 A: True 
 In one word True/False, answer the following question Q: Is the property [good source of antioxidants] true for [airplane]? 
 A:","False 

An airplane is a mechanical device"
good source of antioxidants|aloe,"Q: Is the property [is female] true for the concept [book]? 
 A: False 
 Q: Is the property [can be digital] true for the concept [book] 
 A: True 
 In one word True/False, answer the following question Q: Is the property [good source of antioxidants] true for [aloe]? 
 A:","True 

Aloe, particularly aloe"
good source of antioxidants|ant,"Q: Is the property [is female] true for the concept [book]? 
 A: False 
 Q: Is the property [can be digital] true for the concept [book] 
 A: True 
 In one word True/False, answer the following question Q: Is the property [good source of antioxidants] true for [ant]? 
 A:","False 

Ants are not considered a"
good source of antioxidants|anteater,"Q: Is the property [is female] true for the concept [book]? 
 A: False 
 Q: Is the property [can be digital] true for the concept [book] 
 A: True 
 In one word True/False, answer the following question Q: Is the property [good source of antioxidants] true for [anteater]? 
 A:","False 

Anteaters are animals and"
good source of antioxidants|anvil,"Q: Is the property [is female] true for the concept [book]? 
 A: False 
 Q: Is the property [can be digital] true for the concept [book] 
 A: True 
 In one word True/False, answer the following question Q: Is the property [good source of antioxidants] true for [anvil]? 
 A:","False 

Anvils are made of"
good source of antioxidants|apple,"Q: Is the property [is female] true for the concept [book]? 
 A: False 
 Q: Is the property [can be digital] true for the concept [book] 
 A: True 
 In one word True/False, answer the following question Q: Is the property [good source of antioxidants] true for [apple]? 
 A:",True
good source of antioxidants|artichoke,"Q: Is the property [is female] true for the concept [book]? 
 A: False 
 Q: Is the property [can be digital] true for the concept [book] 
 A: True 
 In one word True/False, answer the following question Q: Is the property [good source of antioxidants] true for [artichoke]? 
 A:","True 

Artichokes are indeed a"
good source of antioxidants|bagel,"Q: Is the property [is female] true for the concept [book]? 
 A: False 
 Q: Is the property [can be digital] true for the concept [book] 
 A: True 
 In one word True/False, answer the following question Q: Is the property [good source of antioxidants] true for [bagel]? 
 A:","False 

Bagels are typically made from"
good source of antioxidants|banana,"Q: Is the property [is female] true for the concept [book]? 
 A: False 
 Q: Is the property [can be digital] true for the concept [book] 
 A: True 
 In one word True/False, answer the following question Q: Is the property [good source of antioxidants] true for [banana]? 
 A:","False 

Bananas do contain some antioxidants"
good source of antioxidants|banjo,"Q: Is the property [is female] true for the concept [book]? 
 A: False 
 Q: Is the property [can be digital] true for the concept [book] 
 A: True 
 In one word True/False, answer the following question Q: Is the property [good source of antioxidants] true for [banjo]? 
 A:","False 

A banjo is a musical"
good source of antioxidants|barrel,"Q: Is the property [is female] true for the concept [book]? 
 A: False 
 Q: Is the property [can be digital] true for the concept [book] 
 A: True 
 In one word True/False, answer the following question Q: Is the property [good source of antioxidants] true for [barrel]? 
 A:","False 

A barrel itself is not a"
good source of antioxidants|bat,"Q: Is the property [is female] true for the concept [book]? 
 A: False 
 Q: Is the property [can be digital] true for the concept [book] 
 A: True 
 In one word True/False, answer the following question Q: Is the property [good source of antioxidants] true for [bat]? 
 A:","False 

Bats are animals and not"
good source of antioxidants|beaver,"Q: Is the property [is female] true for the concept [book]? 
 A: False 
 Q: Is the property [can be digital] true for the concept [book] 
 A: True 
 In one word True/False, answer the following question Q: Is the property [good source of antioxidants] true for [beaver]? 
 A:","False 

The property [good source of"
good source of antioxidants|bed,"Q: Is the property [is female] true for the concept [book]? 
 A: False 
 Q: Is the property [can be digital] true for the concept [book] 
 A: True 
 In one word True/False, answer the following question Q: Is the property [good source of antioxidants] true for [bed]? 
 A:","False 

A bed is not a source"
good source of antioxidants|beet,"Q: Is the property [is female] true for the concept [book]? 
 A: False 
 Q: Is the property [can be digital] true for the concept [book] 
 A: True 
 In one word True/False, answer the following question Q: Is the property [good source of antioxidants] true for [beet]? 
 A:","True 

Beets are indeed a good"
good source of antioxidants|beetle,"Q: Is the property [is female] true for the concept [book]? 
 A: False 
 Q: Is the property [can be digital] true for the concept [book] 
 A: True 
 In one word True/False, answer the following question Q: Is the property [good source of antioxidants] true for [beetle]? 
 A:","False 

Beetles, as animals"
good source of antioxidants|bell,"Q: Is the property [is female] true for the concept [book]? 
 A: False 
 Q: Is the property [can be digital] true for the concept [book] 
 A: True 
 In one word True/False, answer the following question Q: Is the property [good source of antioxidants] true for [bell]? 
 A:","False 

The term ""bell"" typically"
good source of antioxidants|belt,"Q: Is the property [is female] true for the concept [book]? 
 A: False 
 Q: Is the property [can be digital] true for the concept [book] 
 A: True 
 In one word True/False, answer the following question Q: Is the property [good source of antioxidants] true for [belt]? 
 A:","False 

A belt is not typically associated"
good source of antioxidants|bird,"Q: Is the property [is female] true for the concept [book]? 
 A: False 
 Q: Is the property [can be digital] true for the concept [book] 
 A: True 
 In one word True/False, answer the following question Q: Is the property [good source of antioxidants] true for [bird]? 
 A:","False 

The property [good source of"
good source of antioxidants|blender,"Q: Is the property [is female] true for the concept [book]? 
 A: False 
 Q: Is the property [can be digital] true for the concept [book] 
 A: True 
 In one word True/False, answer the following question Q: Is the property [good source of antioxidants] true for [blender]? 
 A:","False 

A blender is a kitchen appliance"
good source of antioxidants|blowtorch,"Q: Is the property [is female] true for the concept [book]? 
 A: False 
 Q: Is the property [can be digital] true for the concept [book] 
 A: True 
 In one word True/False, answer the following question Q: Is the property [good source of antioxidants] true for [blowtorch]? 
 A:","False 

A blowtorch is a tool"
good source of antioxidants|blueberry,"Q: Is the property [is female] true for the concept [book]? 
 A: False 
 Q: Is the property [can be digital] true for the concept [book] 
 A: True 
 In one word True/False, answer the following question Q: Is the property [good source of antioxidants] true for [blueberry]? 
 A:",True
good source of antioxidants|boa,"Q: Is the property [is female] true for the concept [book]? 
 A: False 
 Q: Is the property [can be digital] true for the concept [book] 
 A: True 
 In one word True/False, answer the following question Q: Is the property [good source of antioxidants] true for [boa]? 
 A:","False 

A boa is a type of"
good source of antioxidants|boar,"Q: Is the property [is female] true for the concept [book]? 
 A: False 
 Q: Is the property [can be digital] true for the concept [book] 
 A: True 
 In one word True/False, answer the following question Q: Is the property [good source of antioxidants] true for [boar]? 
 A:","False 

The concept of ""good source"
good source of antioxidants|bread,"Q: Is the property [is female] true for the concept [book]? 
 A: False 
 Q: Is the property [can be digital] true for the concept [book] 
 A: True 
 In one word True/False, answer the following question Q: Is the property [good source of antioxidants] true for [bread]? 
 A:","False 

Bread is generally not considered"
good source of antioxidants|brussels sprouts,"Q: Is the property [is female] true for the concept [book]? 
 A: False 
 Q: Is the property [can be digital] true for the concept [book] 
 A: True 
 In one word True/False, answer the following question Q: Is the property [good source of antioxidants] true for [brussels sprouts]? 
 A:","True 

Brussels sprouts are indeed"
good source of antioxidants|bucket,"Q: Is the property [is female] true for the concept [book]? 
 A: False 
 Q: Is the property [can be digital] true for the concept [book] 
 A: True 
 In one word True/False, answer the following question Q: Is the property [good source of antioxidants] true for [bucket]? 
 A:","False 

A bucket, which is typically"
good source of antioxidants|burrito,"Q: Is the property [is female] true for the concept [book]? 
 A: False 
 Q: Is the property [can be digital] true for the concept [book] 
 A: True 
 In one word True/False, answer the following question Q: Is the property [good source of antioxidants] true for [burrito]? 
 A:","False 

A burrito, by itself"
good source of antioxidants|cactus,"Q: Is the property [is female] true for the concept [book]? 
 A: False 
 Q: Is the property [can be digital] true for the concept [book] 
 A: True 
 In one word True/False, answer the following question Q: Is the property [good source of antioxidants] true for [cactus]? 
 A:","False 

While some cactus species may"
good source of antioxidants|candle,"Q: Is the property [is female] true for the concept [book]? 
 A: False 
 Q: Is the property [can be digital] true for the concept [book] 
 A: True 
 In one word True/False, answer the following question Q: Is the property [good source of antioxidants] true for [candle]? 
 A:","False 

A candle is not a good"
good source of antioxidants|candy,"Q: Is the property [is female] true for the concept [book]? 
 A: False 
 Q: Is the property [can be digital] true for the concept [book] 
 A: True 
 In one word True/False, answer the following question Q: Is the property [good source of antioxidants] true for [candy]? 
 A:","False 

Candy is typically high in"
good source of antioxidants|cannon,"Q: Is the property [is female] true for the concept [book]? 
 A: False 
 Q: Is the property [can be digital] true for the concept [book] 
 A: True 
 In one word True/False, answer the following question Q: Is the property [good source of antioxidants] true for [cannon]? 
 A:","False 

A cannon is a weapon used"
good source of antioxidants|car,"Q: Is the property [is female] true for the concept [book]? 
 A: False 
 Q: Is the property [can be digital] true for the concept [book] 
 A: True 
 In one word True/False, answer the following question Q: Is the property [good source of antioxidants] true for [car]? 
 A:","False 

A car is not a good"
good source of antioxidants|carrot,"Q: Is the property [is female] true for the concept [book]? 
 A: False 
 Q: Is the property [can be digital] true for the concept [book] 
 A: True 
 In one word True/False, answer the following question Q: Is the property [good source of antioxidants] true for [carrot]? 
 A:","True 

Carrots are indeed a good"
good source of antioxidants|cart,"Q: Is the property [is female] true for the concept [book]? 
 A: False 
 Q: Is the property [can be digital] true for the concept [book] 
 A: True 
 In one word True/False, answer the following question Q: Is the property [good source of antioxidants] true for [cart]? 
 A:","False 

A cart is an object used"
good source of antioxidants|cat,"Q: Is the property [is female] true for the concept [book]? 
 A: False 
 Q: Is the property [can be digital] true for the concept [book] 
 A: True 
 In one word True/False, answer the following question Q: Is the property [good source of antioxidants] true for [cat]? 
 A:","False 

Antioxidants are substances found"
good source of antioxidants|caterpillar,"Q: Is the property [is female] true for the concept [book]? 
 A: False 
 Q: Is the property [can be digital] true for the concept [book] 
 A: True 
 In one word True/False, answer the following question Q: Is the property [good source of antioxidants] true for [caterpillar]? 
 A:","False 

Caterpillars are not"
good source of antioxidants|celery,"Q: Is the property [is female] true for the concept [book]? 
 A: False 
 Q: Is the property [can be digital] true for the concept [book] 
 A: True 
 In one word True/False, answer the following question Q: Is the property [good source of antioxidants] true for [celery]? 
 A:","False 

While celery is nutritious and contains"
good source of antioxidants|chili,"Q: Is the property [is female] true for the concept [book]? 
 A: False 
 Q: Is the property [can be digital] true for the concept [book] 
 A: True 
 In one word True/False, answer the following question Q: Is the property [good source of antioxidants] true for [chili]? 
 A:","True 

Chili, especially when referring"
good source of antioxidants|chinchilla,"Q: Is the property [is female] true for the concept [book]? 
 A: False 
 Q: Is the property [can be digital] true for the concept [book] 
 A: True 
 In one word True/False, answer the following question Q: Is the property [good source of antioxidants] true for [chinchilla]? 
 A:","False 

Chinchillas are animals,"
good source of antioxidants|chisel,"Q: Is the property [is female] true for the concept [book]? 
 A: False 
 Q: Is the property [can be digital] true for the concept [book] 
 A: True 
 In one word True/False, answer the following question Q: Is the property [good source of antioxidants] true for [chisel]? 
 A:","False 

A chisel is a tool"
good source of antioxidants|clarinet,"Q: Is the property [is female] true for the concept [book]? 
 A: False 
 Q: Is the property [can be digital] true for the concept [book] 
 A: True 
 In one word True/False, answer the following question Q: Is the property [good source of antioxidants] true for [clarinet]? 
 A:","False 

A clarinet is a musical"
good source of antioxidants|coat,"Q: Is the property [is female] true for the concept [book]? 
 A: False 
 Q: Is the property [can be digital] true for the concept [book] 
 A: True 
 In one word True/False, answer the following question Q: Is the property [good source of antioxidants] true for [coat]? 
 A:","False 

A coat is a piece of"
good source of antioxidants|coconut,"Q: Is the property [is female] true for the concept [book]? 
 A: False 
 Q: Is the property [can be digital] true for the concept [book] 
 A: True 
 In one word True/False, answer the following question Q: Is the property [good source of antioxidants] true for [coconut]? 
 A:","False 

Coconuts do contain some"
good source of antioxidants|crow,"Q: Is the property [is female] true for the concept [book]? 
 A: False 
 Q: Is the property [can be digital] true for the concept [book] 
 A: True 
 In one word True/False, answer the following question Q: Is the property [good source of antioxidants] true for [crow]? 
 A:","False 

A crow is a bird and"
good source of antioxidants|crowbar,"Q: Is the property [is female] true for the concept [book]? 
 A: False 
 Q: Is the property [can be digital] true for the concept [book] 
 A: True 
 In one word True/False, answer the following question Q: Is the property [good source of antioxidants] true for [crowbar]? 
 A:","False 

A crowbar is a metal"
good source of antioxidants|dragonfly,"Q: Is the property [is female] true for the concept [book]? 
 A: False 
 Q: Is the property [can be digital] true for the concept [book] 
 A: True 
 In one word True/False, answer the following question Q: Is the property [good source of antioxidants] true for [dragonfly]? 
 A:","False 

Dragonflies are insects and do"
good source of antioxidants|dress,"Q: Is the property [is female] true for the concept [book]? 
 A: False 
 Q: Is the property [can be digital] true for the concept [book] 
 A: True 
 In one word True/False, answer the following question Q: Is the property [good source of antioxidants] true for [dress]? 
 A:","False 

A dress is a piece of"
good source of antioxidants|eagle,"Q: Is the property [is female] true for the concept [book]? 
 A: False 
 Q: Is the property [can be digital] true for the concept [book] 
 A: True 
 In one word True/False, answer the following question Q: Is the property [good source of antioxidants] true for [eagle]? 
 A:","False 

Eagles are animals and"
good source of antioxidants|eggbeater,"Q: Is the property [is female] true for the concept [book]? 
 A: False 
 Q: Is the property [can be digital] true for the concept [book] 
 A: True 
 In one word True/False, answer the following question Q: Is the property [good source of antioxidants] true for [eggbeater]? 
 A:","False 

An eggbeater, which"
good source of antioxidants|fig,"Q: Is the property [is female] true for the concept [book]? 
 A: False 
 Q: Is the property [can be digital] true for the concept [book] 
 A: True 
 In one word True/False, answer the following question Q: Is the property [good source of antioxidants] true for [fig]? 
 A:","True 

Figs are indeed considered a"
good source of antioxidants|file,"Q: Is the property [is female] true for the concept [book]? 
 A: False 
 Q: Is the property [can be digital] true for the concept [book] 
 A: True 
 In one word True/False, answer the following question Q: Is the property [good source of antioxidants] true for [file]? 
 A:","False 

The concept of a ""file"
good source of antioxidants|flute,"Q: Is the property [is female] true for the concept [book]? 
 A: False 
 Q: Is the property [can be digital] true for the concept [book] 
 A: True 
 In one word True/False, answer the following question Q: Is the property [good source of antioxidants] true for [flute]? 
 A:","False 

A flute is a musical instrument"
good source of antioxidants|fly,"Q: Is the property [is female] true for the concept [book]? 
 A: False 
 Q: Is the property [can be digital] true for the concept [book] 
 A: True 
 In one word True/False, answer the following question Q: Is the property [good source of antioxidants] true for [fly]? 
 A:","False 

Flies are insects and not"
good source of antioxidants|grenade,"Q: Is the property [is female] true for the concept [book]? 
 A: False 
 Q: Is the property [can be digital] true for the concept [book] 
 A: True 
 In one word True/False, answer the following question Q: Is the property [good source of antioxidants] true for [grenade]? 
 A:","False 

A grenade is an explosive device"
good source of antioxidants|jeans,"Q: Is the property [is female] true for the concept [book]? 
 A: False 
 Q: Is the property [can be digital] true for the concept [book] 
 A: True 
 In one word True/False, answer the following question Q: Is the property [good source of antioxidants] true for [jeans]? 
 A:","False 

Jeans, which are typically"
good source of antioxidants|missile,"Q: Is the property [is female] true for the concept [book]? 
 A: False 
 Q: Is the property [can be digital] true for the concept [book] 
 A: True 
 In one word True/False, answer the following question Q: Is the property [good source of antioxidants] true for [missile]? 
 A:","False 

A missile is an object designed"
good source of antioxidants|motorcycle,"Q: Is the property [is female] true for the concept [book]? 
 A: False 
 Q: Is the property [can be digital] true for the concept [book] 
 A: True 
 In one word True/False, answer the following question Q: Is the property [good source of antioxidants] true for [motorcycle]? 
 A:","False 

A motorcycle is a machine for"
good source of fiber|accordion,"Q: Is the property [is female] true for the concept [book]? 
 A: False 
 Q: Is the property [can be digital] true for the concept [book] 
 A: True 
 In one word True/False, answer the following question Q: Is the property [good source of fiber] true for [accordion]? 
 A:","False 

An accordion is a musical instrument"
good source of fiber|acorn,"Q: Is the property [is female] true for the concept [book]? 
 A: False 
 Q: Is the property [can be digital] true for the concept [book] 
 A: True 
 In one word True/False, answer the following question Q: Is the property [good source of fiber] true for [acorn]? 
 A:","True

Acorns, while not commonly"
good source of fiber|airplane,"Q: Is the property [is female] true for the concept [book]? 
 A: False 
 Q: Is the property [can be digital] true for the concept [book] 
 A: True 
 In one word True/False, answer the following question Q: Is the property [good source of fiber] true for [airplane]? 
 A:","False 

Airplanes are not a source"
good source of fiber|aloe,"Q: Is the property [is female] true for the concept [book]? 
 A: False 
 Q: Is the property [can be digital] true for the concept [book] 
 A: True 
 In one word True/False, answer the following question Q: Is the property [good source of fiber] true for [aloe]? 
 A:","False 

Aloe is generally not considered"
good source of fiber|ant,"Q: Is the property [is female] true for the concept [book]? 
 A: False 
 Q: Is the property [can be digital] true for the concept [book] 
 A: True 
 In one word True/False, answer the following question Q: Is the property [good source of fiber] true for [ant]? 
 A:","False 

Ants are not typically considered"
good source of fiber|anteater,"Q: Is the property [is female] true for the concept [book]? 
 A: False 
 Q: Is the property [can be digital] true for the concept [book] 
 A: True 
 In one word True/False, answer the following question Q: Is the property [good source of fiber] true for [anteater]? 
 A:","False 

An anteater is an animal"
good source of fiber|anvil,"Q: Is the property [is female] true for the concept [book]? 
 A: False 
 Q: Is the property [can be digital] true for the concept [book] 
 A: True 
 In one word True/False, answer the following question Q: Is the property [good source of fiber] true for [anvil]? 
 A:","False 

Anvils are made of"
good source of fiber|apple,"Q: Is the property [is female] true for the concept [book]? 
 A: False 
 Q: Is the property [can be digital] true for the concept [book] 
 A: True 
 In one word True/False, answer the following question Q: Is the property [good source of fiber] true for [apple]? 
 A:","True 

Apples contain dietary fiber,"
good source of fiber|artichoke,"Q: Is the property [is female] true for the concept [book]? 
 A: False 
 Q: Is the property [can be digital] true for the concept [book] 
 A: True 
 In one word True/False, answer the following question Q: Is the property [good source of fiber] true for [artichoke]? 
 A:","True 

Artichokes are indeed a"
good source of fiber|bagel,"Q: Is the property [is female] true for the concept [book]? 
 A: False 
 Q: Is the property [can be digital] true for the concept [book] 
 A: True 
 In one word True/False, answer the following question Q: Is the property [good source of fiber] true for [bagel]? 
 A:","False 

While bagels can contain some"
good source of fiber|banana,"Q: Is the property [is female] true for the concept [book]? 
 A: False 
 Q: Is the property [can be digital] true for the concept [book] 
 A: True 
 In one word True/False, answer the following question Q: Is the property [good source of fiber] true for [banana]? 
 A:","True 

Bananas do contain dietary fiber"
good source of fiber|banjo,"Q: Is the property [is female] true for the concept [book]? 
 A: False 
 Q: Is the property [can be digital] true for the concept [book] 
 A: True 
 In one word True/False, answer the following question Q: Is the property [good source of fiber] true for [banjo]? 
 A:","False 

A banjo is a musical"
good source of fiber|barrel,"Q: Is the property [is female] true for the concept [book]? 
 A: False 
 Q: Is the property [can be digital] true for the concept [book] 
 A: True 
 In one word True/False, answer the following question Q: Is the property [good source of fiber] true for [barrel]? 
 A:","False 

A barrel itself is not a"
good source of fiber|bat,"Q: Is the property [is female] true for the concept [book]? 
 A: False 
 Q: Is the property [can be digital] true for the concept [book] 
 A: True 
 In one word True/False, answer the following question Q: Is the property [good source of fiber] true for [bat]? 
 A:","False 

Bats are animals and not"
good source of fiber|beaver,"Q: Is the property [is female] true for the concept [book]? 
 A: False 
 Q: Is the property [can be digital] true for the concept [book] 
 A: True 
 In one word True/False, answer the following question Q: Is the property [good source of fiber] true for [beaver]? 
 A:","False 

The property [good source of"
good source of fiber|bed,"Q: Is the property [is female] true for the concept [book]? 
 A: False 
 Q: Is the property [can be digital] true for the concept [book] 
 A: True 
 In one word True/False, answer the following question Q: Is the property [good source of fiber] true for [bed]? 
 A:","False 

A bed is not a source"
good source of fiber|beet,"Q: Is the property [is female] true for the concept [book]? 
 A: False 
 Q: Is the property [can be digital] true for the concept [book] 
 A: True 
 In one word True/False, answer the following question Q: Is the property [good source of fiber] true for [beet]? 
 A:","True 

Beets are a good source"
good source of fiber|beetle,"Q: Is the property [is female] true for the concept [book]? 
 A: False 
 Q: Is the property [can be digital] true for the concept [book] 
 A: True 
 In one word True/False, answer the following question Q: Is the property [good source of fiber] true for [beetle]? 
 A:","False 

Beetles, as insects"
good source of fiber|bell,"Q: Is the property [is female] true for the concept [book]? 
 A: False 
 Q: Is the property [can be digital] true for the concept [book] 
 A: True 
 In one word True/False, answer the following question Q: Is the property [good source of fiber] true for [bell]? 
 A:","False 

The concept of a ""bell"
good source of fiber|belt,"Q: Is the property [is female] true for the concept [book]? 
 A: False 
 Q: Is the property [can be digital] true for the concept [book] 
 A: True 
 In one word True/False, answer the following question Q: Is the property [good source of fiber] true for [belt]? 
 A:","False 

A belt is not a good"
good source of fiber|bird,"Q: Is the property [is female] true for the concept [book]? 
 A: False 
 Q: Is the property [can be digital] true for the concept [book] 
 A: True 
 In one word True/False, answer the following question Q: Is the property [good source of fiber] true for [bird]? 
 A:","False 

Birds are animals and do"
good source of fiber|blender,"Q: Is the property [is female] true for the concept [book]? 
 A: False 
 Q: Is the property [can be digital] true for the concept [book] 
 A: True 
 In one word True/False, answer the following question Q: Is the property [good source of fiber] true for [blender]? 
 A:","False 

A blender is a kitchen appliance"
good source of fiber|blowtorch,"Q: Is the property [is female] true for the concept [book]? 
 A: False 
 Q: Is the property [can be digital] true for the concept [book] 
 A: True 
 In one word True/False, answer the following question Q: Is the property [good source of fiber] true for [blowtorch]? 
 A:",False
good source of fiber|blueberry,"Q: Is the property [is female] true for the concept [book]? 
 A: False 
 Q: Is the property [can be digital] true for the concept [book] 
 A: True 
 In one word True/False, answer the following question Q: Is the property [good source of fiber] true for [blueberry]? 
 A:","False 

While blueberries do contain some"
good source of fiber|boa,"Q: Is the property [is female] true for the concept [book]? 
 A: False 
 Q: Is the property [can be digital] true for the concept [book] 
 A: True 
 In one word True/False, answer the following question Q: Is the property [good source of fiber] true for [boa]? 
 A:","False 

A boa is a type of"
good source of fiber|boar,"Q: Is the property [is female] true for the concept [book]? 
 A: False 
 Q: Is the property [can be digital] true for the concept [book] 
 A: True 
 In one word True/False, answer the following question Q: Is the property [good source of fiber] true for [boar]? 
 A:","False 

The concept of ""boar"
good source of fiber|bread,"Q: Is the property [is female] true for the concept [book]? 
 A: False 
 Q: Is the property [can be digital] true for the concept [book] 
 A: True 
 In one word True/False, answer the following question Q: Is the property [good source of fiber] true for [bread]? 
 A:","False 

(Note: While some types of"
good source of fiber|brussels sprouts,"Q: Is the property [is female] true for the concept [book]? 
 A: False 
 Q: Is the property [can be digital] true for the concept [book] 
 A: True 
 In one word True/False, answer the following question Q: Is the property [good source of fiber] true for [brussels sprouts]? 
 A:","True 

Brussels sprouts are indeed"
good source of fiber|bucket,"Q: Is the property [is female] true for the concept [book]? 
 A: False 
 Q: Is the property [can be digital] true for the concept [book] 
 A: True 
 In one word True/False, answer the following question Q: Is the property [good source of fiber] true for [bucket]? 
 A:","False 

A bucket is an inanimate"
good source of fiber|burrito,"Q: Is the property [is female] true for the concept [book]? 
 A: False 
 Q: Is the property [can be digital] true for the concept [book] 
 A: True 
 In one word True/False, answer the following question Q: Is the property [good source of fiber] true for [burrito]? 
 A:","False 

While burritos can be a"
good source of fiber|cactus,"Q: Is the property [is female] true for the concept [book]? 
 A: False 
 Q: Is the property [can be digital] true for the concept [book] 
 A: True 
 In one word True/False, answer the following question Q: Is the property [good source of fiber] true for [cactus]? 
 A:","False 

While some parts of certain c"
good source of fiber|candle,"Q: Is the property [is female] true for the concept [book]? 
 A: False 
 Q: Is the property [can be digital] true for the concept [book] 
 A: True 
 In one word True/False, answer the following question Q: Is the property [good source of fiber] true for [candle]? 
 A:",False
good source of fiber|candy,"Q: Is the property [is female] true for the concept [book]? 
 A: False 
 Q: Is the property [can be digital] true for the concept [book] 
 A: True 
 In one word True/False, answer the following question Q: Is the property [good source of fiber] true for [candy]? 
 A:",False
good source of fiber|cannon,"Q: Is the property [is female] true for the concept [book]? 
 A: False 
 Q: Is the property [can be digital] true for the concept [book] 
 A: True 
 In one word True/False, answer the following question Q: Is the property [good source of fiber] true for [cannon]? 
 A:",False
good source of fiber|car,"Q: Is the property [is female] true for the concept [book]? 
 A: False 
 Q: Is the property [can be digital] true for the concept [book] 
 A: True 
 In one word True/False, answer the following question Q: Is the property [good source of fiber] true for [car]? 
 A:",False
good source of fiber|carrot,"Q: Is the property [is female] true for the concept [book]? 
 A: False 
 Q: Is the property [can be digital] true for the concept [book] 
 A: True 
 In one word True/False, answer the following question Q: Is the property [good source of fiber] true for [carrot]? 
 A:","True 

Carrots are indeed a good"
good source of fiber|cart,"Q: Is the property [is female] true for the concept [book]? 
 A: False 
 Q: Is the property [can be digital] true for the concept [book] 
 A: True 
 In one word True/False, answer the following question Q: Is the property [good source of fiber] true for [cart]? 
 A:","False 

A cart is an object and"
good source of fiber|cat,"Q: Is the property [is female] true for the concept [book]? 
 A: False 
 Q: Is the property [can be digital] true for the concept [book] 
 A: True 
 In one word True/False, answer the following question Q: Is the property [good source of fiber] true for [cat]? 
 A:","False 

Cats are animals and do"
good source of fiber|caterpillar,"Q: Is the property [is female] true for the concept [book]? 
 A: False 
 Q: Is the property [can be digital] true for the concept [book] 
 A: True 
 In one word True/False, answer the following question Q: Is the property [good source of fiber] true for [caterpillar]? 
 A:","False 

A caterpillar, being an"
good source of fiber|celery,"Q: Is the property [is female] true for the concept [book]? 
 A: False 
 Q: Is the property [can be digital] true for the concept [book] 
 A: True 
 In one word True/False, answer the following question Q: Is the property [good source of fiber] true for [celery]? 
 A:","True 

Celery is known to contain"
good source of fiber|chili,"Q: Is the property [is female] true for the concept [book]? 
 A: False 
 Q: Is the property [can be digital] true for the concept [book] 
 A: True 
 In one word True/False, answer the following question Q: Is the property [good source of fiber] true for [chili]? 
 A:","False 

Chili, in the context"
good source of fiber|chinchilla,"Q: Is the property [is female] true for the concept [book]? 
 A: False 
 Q: Is the property [can be digital] true for the concept [book] 
 A: True 
 In one word True/False, answer the following question Q: Is the property [good source of fiber] true for [chinchilla]? 
 A:","False 

Chinchillas are small rodents"
good source of fiber|chisel,"Q: Is the property [is female] true for the concept [book]? 
 A: False 
 Q: Is the property [can be digital] true for the concept [book] 
 A: True 
 In one word True/False, answer the following question Q: Is the property [good source of fiber] true for [chisel]? 
 A:","False 

A chisel is a tool"
good source of fiber|clarinet,"Q: Is the property [is female] true for the concept [book]? 
 A: False 
 Q: Is the property [can be digital] true for the concept [book] 
 A: True 
 In one word True/False, answer the following question Q: Is the property [good source of fiber] true for [clarinet]? 
 A:","False 

A clarinet is a musical"
good source of fiber|coat,"Q: Is the property [is female] true for the concept [book]? 
 A: False 
 Q: Is the property [can be digital] true for the concept [book] 
 A: True 
 In one word True/False, answer the following question Q: Is the property [good source of fiber] true for [coat]? 
 A:","False 

A coat is a piece of"
good source of fiber|coconut,"Q: Is the property [is female] true for the concept [book]? 
 A: False 
 Q: Is the property [can be digital] true for the concept [book] 
 A: True 
 In one word True/False, answer the following question Q: Is the property [good source of fiber] true for [coconut]? 
 A:","True 

Coconut, particularly the coconut"
good source of fiber|crow,"Q: Is the property [is female] true for the concept [book]? 
 A: False 
 Q: Is the property [can be digital] true for the concept [book] 
 A: True 
 In one word True/False, answer the following question Q: Is the property [good source of fiber] true for [crow]? 
 A:","False 

A crow is a bird and"
good source of fiber|crowbar,"Q: Is the property [is female] true for the concept [book]? 
 A: False 
 Q: Is the property [can be digital] true for the concept [book] 
 A: True 
 In one word True/False, answer the following question Q: Is the property [good source of fiber] true for [crowbar]? 
 A:",False
good source of fiber|dragonfly,"Q: Is the property [is female] true for the concept [book]? 
 A: False 
 Q: Is the property [can be digital] true for the concept [book] 
 A: True 
 In one word True/False, answer the following question Q: Is the property [good source of fiber] true for [dragonfly]? 
 A:","False 

Dragonflies are insects and do"
good source of fiber|dress,"Q: Is the property [is female] true for the concept [book]? 
 A: False 
 Q: Is the property [can be digital] true for the concept [book] 
 A: True 
 In one word True/False, answer the following question Q: Is the property [good source of fiber] true for [dress]? 
 A:","False 

A dress is a piece of"
good source of fiber|eagle,"Q: Is the property [is female] true for the concept [book]? 
 A: False 
 Q: Is the property [can be digital] true for the concept [book] 
 A: True 
 In one word True/False, answer the following question Q: Is the property [good source of fiber] true for [eagle]? 
 A:","False 

Eagles are carnivorous"
good source of fiber|eggbeater,"Q: Is the property [is female] true for the concept [book]? 
 A: False 
 Q: Is the property [can be digital] true for the concept [book] 
 A: True 
 In one word True/False, answer the following question Q: Is the property [good source of fiber] true for [eggbeater]? 
 A:","False 

An eggbeater is a"
good source of fiber|fig,"Q: Is the property [is female] true for the concept [book]? 
 A: False 
 Q: Is the property [can be digital] true for the concept [book] 
 A: True 
 In one word True/False, answer the following question Q: Is the property [good source of fiber] true for [fig]? 
 A:","True 

Figs are indeed a good"
good source of fiber|file,"Q: Is the property [is female] true for the concept [book]? 
 A: False 
 Q: Is the property [can be digital] true for the concept [book] 
 A: True 
 In one word True/False, answer the following question Q: Is the property [good source of fiber] true for [file]? 
 A:","False 

A file, whether physical or"
good source of fiber|flute,"Q: Is the property [is female] true for the concept [book]? 
 A: False 
 Q: Is the property [can be digital] true for the concept [book] 
 A: True 
 In one word True/False, answer the following question Q: Is the property [good source of fiber] true for [flute]? 
 A:","False 

A flute is a musical instrument"
good source of fiber|fly,"Q: Is the property [is female] true for the concept [book]? 
 A: False 
 Q: Is the property [can be digital] true for the concept [book] 
 A: True 
 In one word True/False, answer the following question Q: Is the property [good source of fiber] true for [fly]? 
 A:","False 

Flies are not considered a"
good source of fiber|grenade,"Q: Is the property [is female] true for the concept [book]? 
 A: False 
 Q: Is the property [can be digital] true for the concept [book] 
 A: True 
 In one word True/False, answer the following question Q: Is the property [good source of fiber] true for [grenade]? 
 A:","False 

A grenade is an explosive weapon"
good source of fiber|jeans,"Q: Is the property [is female] true for the concept [book]? 
 A: False 
 Q: Is the property [can be digital] true for the concept [book] 
 A: True 
 In one word True/False, answer the following question Q: Is the property [good source of fiber] true for [jeans]? 
 A:","False 

Jeans are made from denim"
good source of fiber|missile,"Q: Is the property [is female] true for the concept [book]? 
 A: False 
 Q: Is the property [can be digital] true for the concept [book] 
 A: True 
 In one word True/False, answer the following question Q: Is the property [good source of fiber] true for [missile]? 
 A:","False 

A missile is an object designed"
good source of fiber|motorcycle,"Q: Is the property [is female] true for the concept [book]? 
 A: False 
 Q: Is the property [can be digital] true for the concept [book] 
 A: True 
 In one word True/False, answer the following question Q: Is the property [good source of fiber] true for [motorcycle]? 
 A:",False
good source of potassium|accordion,"Q: Is the property [is female] true for the concept [book]? 
 A: False 
 Q: Is the property [can be digital] true for the concept [book] 
 A: True 
 In one word True/False, answer the following question Q: Is the property [good source of potassium] true for [accordion]? 
 A:","False 

An accordion is a musical instrument"
good source of potassium|acorn,"Q: Is the property [is female] true for the concept [book]? 
 A: False 
 Q: Is the property [can be digital] true for the concept [book] 
 A: True 
 In one word True/False, answer the following question Q: Is the property [good source of potassium] true for [acorn]? 
 A:","False 

Acorns are not typically considered"
good source of potassium|airplane,"Q: Is the property [is female] true for the concept [book]? 
 A: False 
 Q: Is the property [can be digital] true for the concept [book] 
 A: True 
 In one word True/False, answer the following question Q: Is the property [good source of potassium] true for [airplane]? 
 A:","False 

Airplanes are not a source"
good source of potassium|aloe,"Q: Is the property [is female] true for the concept [book]? 
 A: False 
 Q: Is the property [can be digital] true for the concept [book] 
 A: True 
 In one word True/False, answer the following question Q: Is the property [good source of potassium] true for [aloe]? 
 A:","False 

Aloe is more commonly known"
good source of potassium|ant,"Q: Is the property [is female] true for the concept [book]? 
 A: False 
 Q: Is the property [can be digital] true for the concept [book] 
 A: True 
 In one word True/False, answer the following question Q: Is the property [good source of potassium] true for [ant]? 
 A:","False 

Ants are not known to"
good source of potassium|anteater,"Q: Is the property [is female] true for the concept [book]? 
 A: False 
 Q: Is the property [can be digital] true for the concept [book] 
 A: True 
 In one word True/False, answer the following question Q: Is the property [good source of potassium] true for [anteater]? 
 A:","False 

Anteaters are not a"
good source of potassium|anvil,"Q: Is the property [is female] true for the concept [book]? 
 A: False 
 Q: Is the property [can be digital] true for the concept [book] 
 A: True 
 In one word True/False, answer the following question Q: Is the property [good source of potassium] true for [anvil]? 
 A:","False 

Anvils are made of"
good source of potassium|apple,"Q: Is the property [is female] true for the concept [book]? 
 A: False 
 Q: Is the property [can be digital] true for the concept [book] 
 A: True 
 In one word True/False, answer the following question Q: Is the property [good source of potassium] true for [apple]? 
 A:","False 

While apples do contain some potassium"
good source of potassium|artichoke,"Q: Is the property [is female] true for the concept [book]? 
 A: False 
 Q: Is the property [can be digital] true for the concept [book] 
 A: True 
 In one word True/False, answer the following question Q: Is the property [good source of potassium] true for [artichoke]? 
 A:","True 

Artichokes are indeed a"
good source of potassium|bagel,"Q: Is the property [is female] true for the concept [book]? 
 A: False 
 Q: Is the property [can be digital] true for the concept [book] 
 A: True 
 In one word True/False, answer the following question Q: Is the property [good source of potassium] true for [bagel]? 
 A:","False 

Bagels are not typically considered"
good source of potassium|banana,"Q: Is the property [is female] true for the concept [book]? 
 A: False 
 Q: Is the property [can be digital] true for the concept [book] 
 A: True 
 In one word True/False, answer the following question Q: Is the property [good source of potassium] true for [banana]? 
 A:","True 

Bananas are indeed a good"
good source of potassium|banjo,"Q: Is the property [is female] true for the concept [book]? 
 A: False 
 Q: Is the property [can be digital] true for the concept [book] 
 A: True 
 In one word True/False, answer the following question Q: Is the property [good source of potassium] true for [banjo]? 
 A:","False 

A banjo is a musical"
good source of potassium|barrel,"Q: Is the property [is female] true for the concept [book]? 
 A: False 
 Q: Is the property [can be digital] true for the concept [book] 
 A: True 
 In one word True/False, answer the following question Q: Is the property [good source of potassium] true for [barrel]? 
 A:","False 

A barrel itself is not a"
good source of potassium|bat,"Q: Is the property [is female] true for the concept [book]? 
 A: False 
 Q: Is the property [can be digital] true for the concept [book] 
 A: True 
 In one word True/False, answer the following question Q: Is the property [good source of potassium] true for [bat]? 
 A:","False 

Bats, as animals,"
good source of potassium|beaver,"Q: Is the property [is female] true for the concept [book]? 
 A: False 
 Q: Is the property [can be digital] true for the concept [book] 
 A: True 
 In one word True/False, answer the following question Q: Is the property [good source of potassium] true for [beaver]? 
 A:","False 

Beavers are animals and not"
good source of potassium|bed,"Q: Is the property [is female] true for the concept [book]? 
 A: False 
 Q: Is the property [can be digital] true for the concept [book] 
 A: True 
 In one word True/False, answer the following question Q: Is the property [good source of potassium] true for [bed]? 
 A:","False 

A bed is not a source"
good source of potassium|beet,"Q: Is the property [is female] true for the concept [book]? 
 A: False 
 Q: Is the property [can be digital] true for the concept [book] 
 A: True 
 In one word True/False, answer the following question Q: Is the property [good source of potassium] true for [beet]? 
 A:","True 

Beets are indeed a good"
good source of potassium|beetle,"Q: Is the property [is female] true for the concept [book]? 
 A: False 
 Q: Is the property [can be digital] true for the concept [book] 
 A: True 
 In one word True/False, answer the following question Q: Is the property [good source of potassium] true for [beetle]? 
 A:","False 

Beetles, as animals"
good source of potassium|bell,"Q: Is the property [is female] true for the concept [book]? 
 A: False 
 Q: Is the property [can be digital] true for the concept [book] 
 A: True 
 In one word True/False, answer the following question Q: Is the property [good source of potassium] true for [bell]? 
 A:","False 

The term ""bell"" typically"
good source of potassium|belt,"Q: Is the property [is female] true for the concept [book]? 
 A: False 
 Q: Is the property [can be digital] true for the concept [book] 
 A: True 
 In one word True/False, answer the following question Q: Is the property [good source of potassium] true for [belt]? 
 A:","False 

A belt is not a source"
good source of potassium|bird,"Q: Is the property [is female] true for the concept [book]? 
 A: False 
 Q: Is the property [can be digital] true for the concept [book] 
 A: True 
 In one word True/False, answer the following question Q: Is the property [good source of potassium] true for [bird]? 
 A:","False 

Birds, as animals,"
good source of potassium|blender,"Q: Is the property [is female] true for the concept [book]? 
 A: False 
 Q: Is the property [can be digital] true for the concept [book] 
 A: True 
 In one word True/False, answer the following question Q: Is the property [good source of potassium] true for [blender]? 
 A:","False 

A blender is a kitchen appliance"
good source of potassium|blowtorch,"Q: Is the property [is female] true for the concept [book]? 
 A: False 
 Q: Is the property [can be digital] true for the concept [book] 
 A: True 
 In one word True/False, answer the following question Q: Is the property [good source of potassium] true for [blowtorch]? 
 A:","False 

A blowtorch is a tool"
good source of potassium|blueberry,"Q: Is the property [is female] true for the concept [book]? 
 A: False 
 Q: Is the property [can be digital] true for the concept [book] 
 A: True 
 In one word True/False, answer the following question Q: Is the property [good source of potassium] true for [blueberry]? 
 A:","True 

Blueberries are indeed a good"
good source of potassium|boa,"Q: Is the property [is female] true for the concept [book]? 
 A: False 
 Q: Is the property [can be digital] true for the concept [book] 
 A: True 
 In one word True/False, answer the following question Q: Is the property [good source of potassium] true for [boa]? 
 A:","False 

Boas, as animals,"
good source of potassium|boar,"Q: Is the property [is female] true for the concept [book]? 
 A: False 
 Q: Is the property [can be digital] true for the concept [book] 
 A: True 
 In one word True/False, answer the following question Q: Is the property [good source of potassium] true for [boar]? 
 A:","False 

The concept of ""boar"
good source of potassium|bread,"Q: Is the property [is female] true for the concept [book]? 
 A: False 
 Q: Is the property [can be digital] true for the concept [book] 
 A: True 
 In one word True/False, answer the following question Q: Is the property [good source of potassium] true for [bread]? 
 A:","False 

Bread is generally not considered"
good source of potassium|brussels sprouts,"Q: Is the property [is female] true for the concept [book]? 
 A: False 
 Q: Is the property [can be digital] true for the concept [book] 
 A: True 
 In one word True/False, answer the following question Q: Is the property [good source of potassium] true for [brussels sprouts]? 
 A:","True 

Brussels sprouts are indeed"
good source of potassium|bucket,"Q: Is the property [is female] true for the concept [book]? 
 A: False 
 Q: Is the property [can be digital] true for the concept [book] 
 A: True 
 In one word True/False, answer the following question Q: Is the property [good source of potassium] true for [bucket]? 
 A:","False 

A bucket, which is typically"
good source of potassium|burrito,"Q: Is the property [is female] true for the concept [book]? 
 A: False 
 Q: Is the property [can be digital] true for the concept [book] 
 A: True 
 In one word True/False, answer the following question Q: Is the property [good source of potassium] true for [burrito]? 
 A:","False 

While burritos can potentially contain"
good source of potassium|cactus,"Q: Is the property [is female] true for the concept [book]? 
 A: False 
 Q: Is the property [can be digital] true for the concept [book] 
 A: True 
 In one word True/False, answer the following question Q: Is the property [good source of potassium] true for [cactus]? 
 A:","False 

While some cacti can"
good source of potassium|candle,"Q: Is the property [is female] true for the concept [book]? 
 A: False 
 Q: Is the property [can be digital] true for the concept [book] 
 A: True 
 In one word True/False, answer the following question Q: Is the property [good source of potassium] true for [candle]? 
 A:","False 

A candle is not a good"
good source of potassium|candy,"Q: Is the property [is female] true for the concept [book]? 
 A: False 
 Q: Is the property [can be digital] true for the concept [book] 
 A: True 
 In one word True/False, answer the following question Q: Is the property [good source of potassium] true for [candy]? 
 A:","False 

Candy is generally not considered"
good source of potassium|cannon,"Q: Is the property [is female] true for the concept [book]? 
 A: False 
 Q: Is the property [can be digital] true for the concept [book] 
 A: True 
 In one word True/False, answer the following question Q: Is the property [good source of potassium] true for [cannon]? 
 A:","False 

A cannon is a weapon and"
good source of potassium|car,"Q: Is the property [is female] true for the concept [book]? 
 A: False 
 Q: Is the property [can be digital] true for the concept [book] 
 A: True 
 In one word True/False, answer the following question Q: Is the property [good source of potassium] true for [car]? 
 A:","False 

A car is not a good"
good source of potassium|carrot,"Q: Is the property [is female] true for the concept [book]? 
 A: False 
 Q: Is the property [can be digital] true for the concept [book] 
 A: True 
 In one word True/False, answer the following question Q: Is the property [good source of potassium] true for [carrot]? 
 A:","False 

Carrots are not particularly known"
good source of potassium|cart,"Q: Is the property [is female] true for the concept [book]? 
 A: False 
 Q: Is the property [can be digital] true for the concept [book] 
 A: True 
 In one word True/False, answer the following question Q: Is the property [good source of potassium] true for [cart]? 
 A:","False 

A cart is an object and"
good source of potassium|cat,"Q: Is the property [is female] true for the concept [book]? 
 A: False 
 Q: Is the property [can be digital] true for the concept [book] 
 A: True 
 In one word True/False, answer the following question Q: Is the property [good source of potassium] true for [cat]? 
 A:","False 

Cats are animals and do"
good source of potassium|caterpillar,"Q: Is the property [is female] true for the concept [book]? 
 A: False 
 Q: Is the property [can be digital] true for the concept [book] 
 A: True 
 In one word True/False, answer the following question Q: Is the property [good source of potassium] true for [caterpillar]? 
 A:","False 

Caterpillars are not"
good source of potassium|celery,"Q: Is the property [is female] true for the concept [book]? 
 A: False 
 Q: Is the property [can be digital] true for the concept [book] 
 A: True 
 In one word True/False, answer the following question Q: Is the property [good source of potassium] true for [celery]? 
 A:","False 

While celery is nutritious, it"
good source of potassium|chili,"Q: Is the property [is female] true for the concept [book]? 
 A: False 
 Q: Is the property [can be digital] true for the concept [book] 
 A: True 
 In one word True/False, answer the following question Q: Is the property [good source of potassium] true for [chili]? 
 A:","False 

While chili (as in chili"
good source of potassium|chinchilla,"Q: Is the property [is female] true for the concept [book]? 
 A: False 
 Q: Is the property [can be digital] true for the concept [book] 
 A: True 
 In one word True/False, answer the following question Q: Is the property [good source of potassium] true for [chinchilla]? 
 A:","False 

Chinchillas are small rodents"
good source of potassium|chisel,"Q: Is the property [is female] true for the concept [book]? 
 A: False 
 Q: Is the property [can be digital] true for the concept [book] 
 A: True 
 In one word True/False, answer the following question Q: Is the property [good source of potassium] true for [chisel]? 
 A:","False 

A chisel is a tool"
good source of potassium|clarinet,"Q: Is the property [is female] true for the concept [book]? 
 A: False 
 Q: Is the property [can be digital] true for the concept [book] 
 A: True 
 In one word True/False, answer the following question Q: Is the property [good source of potassium] true for [clarinet]? 
 A:","False 

A clarinet is a musical"
good source of potassium|coat,"Q: Is the property [is female] true for the concept [book]? 
 A: False 
 Q: Is the property [can be digital] true for the concept [book] 
 A: True 
 In one word True/False, answer the following question Q: Is the property [good source of potassium] true for [coat]? 
 A:","False 

A coat is a piece of"
good source of potassium|coconut,"Q: Is the property [is female] true for the concept [book]? 
 A: False 
 Q: Is the property [can be digital] true for the concept [book] 
 A: True 
 In one word True/False, answer the following question Q: Is the property [good source of potassium] true for [coconut]? 
 A:","True 

Coconuts do contain potassium"
good source of potassium|crow,"Q: Is the property [is female] true for the concept [book]? 
 A: False 
 Q: Is the property [can be digital] true for the concept [book] 
 A: True 
 In one word True/False, answer the following question Q: Is the property [good source of potassium] true for [crow]? 
 A:","False 

Crows are animals and not"
good source of potassium|crowbar,"Q: Is the property [is female] true for the concept [book]? 
 A: False 
 Q: Is the property [can be digital] true for the concept [book] 
 A: True 
 In one word True/False, answer the following question Q: Is the property [good source of potassium] true for [crowbar]? 
 A:","False 

A crowbar is an in"
good source of potassium|dragonfly,"Q: Is the property [is female] true for the concept [book]? 
 A: False 
 Q: Is the property [can be digital] true for the concept [book] 
 A: True 
 In one word True/False, answer the following question Q: Is the property [good source of potassium] true for [dragonfly]? 
 A:","False 

Dragonflies are insects and do"
good source of potassium|dress,"Q: Is the property [is female] true for the concept [book]? 
 A: False 
 Q: Is the property [can be digital] true for the concept [book] 
 A: True 
 In one word True/False, answer the following question Q: Is the property [good source of potassium] true for [dress]? 
 A:","False 

A dress is a piece of"
good source of potassium|eagle,"Q: Is the property [is female] true for the concept [book]? 
 A: False 
 Q: Is the property [can be digital] true for the concept [book] 
 A: True 
 In one word True/False, answer the following question Q: Is the property [good source of potassium] true for [eagle]? 
 A:","False 

Eagles, as animals"
good source of potassium|eggbeater,"Q: Is the property [is female] true for the concept [book]? 
 A: False 
 Q: Is the property [can be digital] true for the concept [book] 
 A: True 
 In one word True/False, answer the following question Q: Is the property [good source of potassium] true for [eggbeater]? 
 A:","False 

An eggbeater is a"
good source of potassium|fig,"Q: Is the property [is female] true for the concept [book]? 
 A: False 
 Q: Is the property [can be digital] true for the concept [book] 
 A: True 
 In one word True/False, answer the following question Q: Is the property [good source of potassium] true for [fig]? 
 A:","True 

Figures (or figs"
good source of potassium|file,"Q: Is the property [is female] true for the concept [book]? 
 A: False 
 Q: Is the property [can be digital] true for the concept [book] 
 A: True 
 In one word True/False, answer the following question Q: Is the property [good source of potassium] true for [file]? 
 A:","False 

A file, whether physical or"
good source of potassium|flute,"Q: Is the property [is female] true for the concept [book]? 
 A: False 
 Q: Is the property [can be digital] true for the concept [book] 
 A: True 
 In one word True/False, answer the following question Q: Is the property [good source of potassium] true for [flute]? 
 A:","False 

A flute is a musical instrument"
good source of potassium|fly,"Q: Is the property [is female] true for the concept [book]? 
 A: False 
 Q: Is the property [can be digital] true for the concept [book] 
 A: True 
 In one word True/False, answer the following question Q: Is the property [good source of potassium] true for [fly]? 
 A:","False 

Flies do not serve as"
good source of potassium|grenade,"Q: Is the property [is female] true for the concept [book]? 
 A: False 
 Q: Is the property [can be digital] true for the concept [book] 
 A: True 
 In one word True/False, answer the following question Q: Is the property [good source of potassium] true for [grenade]? 
 A:","False 

A grenade is an explosive device"
good source of potassium|jeans,"Q: Is the property [is female] true for the concept [book]? 
 A: False 
 Q: Is the property [can be digital] true for the concept [book] 
 A: True 
 In one word True/False, answer the following question Q: Is the property [good source of potassium] true for [jeans]? 
 A:","False 

Jeans, which are a"
good source of potassium|missile,"Q: Is the property [is female] true for the concept [book]? 
 A: False 
 Q: Is the property [can be digital] true for the concept [book] 
 A: True 
 In one word True/False, answer the following question Q: Is the property [good source of potassium] true for [missile]? 
 A:","False 

A missile is an object designed"
good source of potassium|motorcycle,"Q: Is the property [is female] true for the concept [book]? 
 A: False 
 Q: Is the property [can be digital] true for the concept [book] 
 A: True 
 In one word True/False, answer the following question Q: Is the property [good source of potassium] true for [motorcycle]? 
 A:","False 

A motorcycle is not a good"
high in fiber|accordion,"Q: Is the property [is female] true for the concept [book]? 
 A: False 
 Q: Is the property [can be digital] true for the concept [book] 
 A: True 
 In one word True/False, answer the following question Q: Is the property [high in fiber] true for [accordion]? 
 A:","False 

The concept of being ""high"
high in fiber|acorn,"Q: Is the property [is female] true for the concept [book]? 
 A: False 
 Q: Is the property [can be digital] true for the concept [book] 
 A: True 
 In one word True/False, answer the following question Q: Is the property [high in fiber] true for [acorn]? 
 A:","True

Acorns contain fiber, so"
high in fiber|airplane,"Q: Is the property [is female] true for the concept [book]? 
 A: False 
 Q: Is the property [can be digital] true for the concept [book] 
 A: True 
 In one word True/False, answer the following question Q: Is the property [high in fiber] true for [airplane]? 
 A:","False 

The property [high in fiber"
high in fiber|aloe,"Q: Is the property [is female] true for the concept [book]? 
 A: False 
 Q: Is the property [can be digital] true for the concept [book] 
 A: True 
 In one word True/False, answer the following question Q: Is the property [high in fiber] true for [aloe]? 
 A:","False 

Aloe is a plant,"
high in fiber|ant,"Q: Is the property [is female] true for the concept [book]? 
 A: False 
 Q: Is the property [can be digital] true for the concept [book] 
 A: True 
 In one word True/False, answer the following question Q: Is the property [high in fiber] true for [ant]? 
 A:","False 

Ants are not considered to"
high in fiber|anteater,"Q: Is the property [is female] true for the concept [book]? 
 A: False 
 Q: Is the property [can be digital] true for the concept [book] 
 A: True 
 In one word True/False, answer the following question Q: Is the property [high in fiber] true for [anteater]? 
 A:","False 

Anteaters primarily eat ants"
high in fiber|anvil,"Q: Is the property [is female] true for the concept [book]? 
 A: False 
 Q: Is the property [can be digital] true for the concept [book] 
 A: True 
 In one word True/False, answer the following question Q: Is the property [high in fiber] true for [anvil]? 
 A:","False 

Anvils are made of"
high in fiber|apple,"Q: Is the property [is female] true for the concept [book]? 
 A: False 
 Q: Is the property [can be digital] true for the concept [book] 
 A: True 
 In one word True/False, answer the following question Q: Is the property [high in fiber] true for [apple]? 
 A:","True 

Apples contain fiber, so"
high in fiber|artichoke,"Q: Is the property [is female] true for the concept [book]? 
 A: False 
 Q: Is the property [can be digital] true for the concept [book] 
 A: True 
 In one word True/False, answer the following question Q: Is the property [high in fiber] true for [artichoke]? 
 A:","True 

Artichokes are indeed high"
high in fiber|bagel,"Q: Is the property [is female] true for the concept [book]? 
 A: False 
 Q: Is the property [can be digital] true for the concept [book] 
 A: True 
 In one word True/False, answer the following question Q: Is the property [high in fiber] true for [bagel]? 
 A:","False 

While some bagels can be"
high in fiber|banana,"Q: Is the property [is female] true for the concept [book]? 
 A: False 
 Q: Is the property [can be digital] true for the concept [book] 
 A: True 
 In one word True/False, answer the following question Q: Is the property [high in fiber] true for [banana]? 
 A:","False 

While bananas do contain some fiber"
high in fiber|banjo,"Q: Is the property [is female] true for the concept [book]? 
 A: False 
 Q: Is the property [can be digital] true for the concept [book] 
 A: True 
 In one word True/False, answer the following question Q: Is the property [high in fiber] true for [banjo]? 
 A:","False 

The property [high in fiber"
high in fiber|barrel,"Q: Is the property [is female] true for the concept [book]? 
 A: False 
 Q: Is the property [can be digital] true for the concept [book] 
 A: True 
 In one word True/False, answer the following question Q: Is the property [high in fiber] true for [barrel]? 
 A:","False 

The property [high in fiber"
high in fiber|bat,"Q: Is the property [is female] true for the concept [book]? 
 A: False 
 Q: Is the property [can be digital] true for the concept [book] 
 A: True 
 In one word True/False, answer the following question Q: Is the property [high in fiber] true for [bat]? 
 A:","False 

The concept of being ""high"
high in fiber|beaver,"Q: Is the property [is female] true for the concept [book]? 
 A: False 
 Q: Is the property [can be digital] true for the concept [book] 
 A: True 
 In one word True/False, answer the following question Q: Is the property [high in fiber] true for [beaver]? 
 A:","False 

The property [high in fiber"
high in fiber|bed,"Q: Is the property [is female] true for the concept [book]? 
 A: False 
 Q: Is the property [can be digital] true for the concept [book] 
 A: True 
 In one word True/False, answer the following question Q: Is the property [high in fiber] true for [bed]? 
 A:",False
high in fiber|beet,"Q: Is the property [is female] true for the concept [book]? 
 A: False 
 Q: Is the property [can be digital] true for the concept [book] 
 A: True 
 In one word True/False, answer the following question Q: Is the property [high in fiber] true for [beet]? 
 A:","True 

Beets are indeed high in"
high in fiber|beetle,"Q: Is the property [is female] true for the concept [book]? 
 A: False 
 Q: Is the property [can be digital] true for the concept [book] 
 A: True 
 In one word True/False, answer the following question Q: Is the property [high in fiber] true for [beetle]? 
 A:","False 

The property [high in fiber"
high in fiber|bell,"Q: Is the property [is female] true for the concept [book]? 
 A: False 
 Q: Is the property [can be digital] true for the concept [book] 
 A: True 
 In one word True/False, answer the following question Q: Is the property [high in fiber] true for [bell]? 
 A:","False 

The concept of [bell]"
high in fiber|belt,"Q: Is the property [is female] true for the concept [book]? 
 A: False 
 Q: Is the property [can be digital] true for the concept [book] 
 A: True 
 In one word True/False, answer the following question Q: Is the property [high in fiber] true for [belt]? 
 A:","False 

The property [high in fiber"
high in fiber|bird,"Q: Is the property [is female] true for the concept [book]? 
 A: False 
 Q: Is the property [can be digital] true for the concept [book] 
 A: True 
 In one word True/False, answer the following question Q: Is the property [high in fiber] true for [bird]? 
 A:","False 

The property [high in fiber"
high in fiber|blender,"Q: Is the property [is female] true for the concept [book]? 
 A: False 
 Q: Is the property [can be digital] true for the concept [book] 
 A: True 
 In one word True/False, answer the following question Q: Is the property [high in fiber] true for [blender]? 
 A:","False 

A blender is a kitchen appliance"
high in fiber|blowtorch,"Q: Is the property [is female] true for the concept [book]? 
 A: False 
 Q: Is the property [can be digital] true for the concept [book] 
 A: True 
 In one word True/False, answer the following question Q: Is the property [high in fiber] true for [blowtorch]? 
 A:",False
high in fiber|blueberry,"Q: Is the property [is female] true for the concept [book]? 
 A: False 
 Q: Is the property [can be digital] true for the concept [book] 
 A: True 
 In one word True/False, answer the following question Q: Is the property [high in fiber] true for [blueberry]? 
 A:","True

Blueberries do contain fiber,"
high in fiber|boa,"Q: Is the property [is female] true for the concept [book]? 
 A: False 
 Q: Is the property [can be digital] true for the concept [book] 
 A: True 
 In one word True/False, answer the following question Q: Is the property [high in fiber] true for [boa]? 
 A:","False 

The concept of a ""boa"
high in fiber|boar,"Q: Is the property [is female] true for the concept [book]? 
 A: False 
 Q: Is the property [can be digital] true for the concept [book] 
 A: True 
 In one word True/False, answer the following question Q: Is the property [high in fiber] true for [boar]? 
 A:","False 

The property [high in fiber"
high in fiber|bread,"Q: Is the property [is female] true for the concept [book]? 
 A: False 
 Q: Is the property [can be digital] true for the concept [book] 
 A: True 
 In one word True/False, answer the following question Q: Is the property [high in fiber] true for [bread]? 
 A:","False 

(Note: While some types of"
high in fiber|brussels sprouts,"Q: Is the property [is female] true for the concept [book]? 
 A: False 
 Q: Is the property [can be digital] true for the concept [book] 
 A: True 
 In one word True/False, answer the following question Q: Is the property [high in fiber] true for [brussels sprouts]? 
 A:","True 

Brussels sprouts are indeed"
high in fiber|bucket,"Q: Is the property [is female] true for the concept [book]? 
 A: False 
 Q: Is the property [can be digital] true for the concept [book] 
 A: True 
 In one word True/False, answer the following question Q: Is the property [high in fiber] true for [bucket]? 
 A:","False 

The property [high in fiber"
high in fiber|burrito,"Q: Is the property [is female] true for the concept [book]? 
 A: False 
 Q: Is the property [can be digital] true for the concept [book] 
 A: True 
 In one word True/False, answer the following question Q: Is the property [high in fiber] true for [burrito]? 
 A:","False

The property ""high in fiber"
high in fiber|cactus,"Q: Is the property [is female] true for the concept [book]? 
 A: False 
 Q: Is the property [can be digital] true for the concept [book] 
 A: True 
 In one word True/False, answer the following question Q: Is the property [high in fiber] true for [cactus]? 
 A:","False 

While some species of cactus"
high in fiber|candle,"Q: Is the property [is female] true for the concept [book]? 
 A: False 
 Q: Is the property [can be digital] true for the concept [book] 
 A: True 
 In one word True/False, answer the following question Q: Is the property [high in fiber] true for [candle]? 
 A:",False
high in fiber|candy,"Q: Is the property [is female] true for the concept [book]? 
 A: False 
 Q: Is the property [can be digital] true for the concept [book] 
 A: True 
 In one word True/False, answer the following question Q: Is the property [high in fiber] true for [candy]? 
 A:",False
high in fiber|cannon,"Q: Is the property [is female] true for the concept [book]? 
 A: False 
 Q: Is the property [can be digital] true for the concept [book] 
 A: True 
 In one word True/False, answer the following question Q: Is the property [high in fiber] true for [cannon]? 
 A:",False
high in fiber|car,"Q: Is the property [is female] true for the concept [book]? 
 A: False 
 Q: Is the property [can be digital] true for the concept [book] 
 A: True 
 In one word True/False, answer the following question Q: Is the property [high in fiber] true for [car]? 
 A:","False 

The property [high in fiber"
high in fiber|carrot,"Q: Is the property [is female] true for the concept [book]? 
 A: False 
 Q: Is the property [can be digital] true for the concept [book] 
 A: True 
 In one word True/False, answer the following question Q: Is the property [high in fiber] true for [carrot]? 
 A:","True 

Carrots are indeed high in"
high in fiber|cart,"Q: Is the property [is female] true for the concept [book]? 
 A: False 
 Q: Is the property [can be digital] true for the concept [book] 
 A: True 
 In one word True/False, answer the following question Q: Is the property [high in fiber] true for [cart]? 
 A:","False 

The concept of a ""cart"
high in fiber|cat,"Q: Is the property [is female] true for the concept [book]? 
 A: False 
 Q: Is the property [can be digital] true for the concept [book] 
 A: True 
 In one word True/False, answer the following question Q: Is the property [high in fiber] true for [cat]? 
 A:",False
high in fiber|caterpillar,"Q: Is the property [is female] true for the concept [book]? 
 A: False 
 Q: Is the property [can be digital] true for the concept [book] 
 A: True 
 In one word True/False, answer the following question Q: Is the property [high in fiber] true for [caterpillar]? 
 A:","False 

The property [high in fiber"
high in fiber|celery,"Q: Is the property [is female] true for the concept [book]? 
 A: False 
 Q: Is the property [can be digital] true for the concept [book] 
 A: True 
 In one word True/False, answer the following question Q: Is the property [high in fiber] true for [celery]? 
 A:","True 

Celery is known for being"
high in fiber|chili,"Q: Is the property [is female] true for the concept [book]? 
 A: False 
 Q: Is the property [can be digital] true for the concept [book] 
 A: True 
 In one word True/False, answer the following question Q: Is the property [high in fiber] true for [chili]? 
 A:","False 

The property [high in fiber"
high in fiber|chinchilla,"Q: Is the property [is female] true for the concept [book]? 
 A: False 
 Q: Is the property [can be digital] true for the concept [book] 
 A: True 
 In one word True/False, answer the following question Q: Is the property [high in fiber] true for [chinchilla]? 
 A:","False 

Chinchillas are small rodents"
high in fiber|chisel,"Q: Is the property [is female] true for the concept [book]? 
 A: False 
 Q: Is the property [can be digital] true for the concept [book] 
 A: True 
 In one word True/False, answer the following question Q: Is the property [high in fiber] true for [chisel]? 
 A:","False 

A chisel is a tool"
high in fiber|clarinet,"Q: Is the property [is female] true for the concept [book]? 
 A: False 
 Q: Is the property [can be digital] true for the concept [book] 
 A: True 
 In one word True/False, answer the following question Q: Is the property [high in fiber] true for [clarinet]? 
 A:","False 

The property [high in fiber"
high in fiber|coat,"Q: Is the property [is female] true for the concept [book]? 
 A: False 
 Q: Is the property [can be digital] true for the concept [book] 
 A: True 
 In one word True/False, answer the following question Q: Is the property [high in fiber] true for [coat]? 
 A:",False
high in fiber|coconut,"Q: Is the property [is female] true for the concept [book]? 
 A: False 
 Q: Is the property [can be digital] true for the concept [book] 
 A: True 
 In one word True/False, answer the following question Q: Is the property [high in fiber] true for [coconut]? 
 A:","False 

Coconuts, while they"
high in fiber|crow,"Q: Is the property [is female] true for the concept [book]? 
 A: False 
 Q: Is the property [can be digital] true for the concept [book] 
 A: True 
 In one word True/False, answer the following question Q: Is the property [high in fiber] true for [crow]? 
 A:","False 

The concept of being ""high"
high in fiber|crowbar,"Q: Is the property [is female] true for the concept [book]? 
 A: False 
 Q: Is the property [can be digital] true for the concept [book] 
 A: True 
 In one word True/False, answer the following question Q: Is the property [high in fiber] true for [crowbar]? 
 A:","False 

A crowbar is an in"
high in fiber|dragonfly,"Q: Is the property [is female] true for the concept [book]? 
 A: False 
 Q: Is the property [can be digital] true for the concept [book] 
 A: True 
 In one word True/False, answer the following question Q: Is the property [high in fiber] true for [dragonfly]? 
 A:","False 

The property [high in fiber"
high in fiber|dress,"Q: Is the property [is female] true for the concept [book]? 
 A: False 
 Q: Is the property [can be digital] true for the concept [book] 
 A: True 
 In one word True/False, answer the following question Q: Is the property [high in fiber] true for [dress]? 
 A:","False 

The property [high in fiber"
high in fiber|eagle,"Q: Is the property [is female] true for the concept [book]? 
 A: False 
 Q: Is the property [can be digital] true for the concept [book] 
 A: True 
 In one word True/False, answer the following question Q: Is the property [high in fiber] true for [eagle]? 
 A:","False 

Eagles are birds of"
high in fiber|eggbeater,"Q: Is the property [is female] true for the concept [book]? 
 A: False 
 Q: Is the property [can be digital] true for the concept [book] 
 A: True 
 In one word True/False, answer the following question Q: Is the property [high in fiber] true for [eggbeater]? 
 A:","False 

An eggbeater is a"
high in fiber|fig,"Q: Is the property [is female] true for the concept [book]? 
 A: False 
 Q: Is the property [can be digital] true for the concept [book] 
 A: True 
 In one word True/False, answer the following question Q: Is the property [high in fiber] true for [fig]? 
 A:","True 

Figs are indeed high in"
high in fiber|file,"Q: Is the property [is female] true for the concept [book]? 
 A: False 
 Q: Is the property [can be digital] true for the concept [book] 
 A: True 
 In one word True/False, answer the following question Q: Is the property [high in fiber] true for [file]? 
 A:","False 

The concept of being ""high"
high in fiber|flute,"Q: Is the property [is female] true for the concept [book]? 
 A: False 
 Q: Is the property [can be digital] true for the concept [book] 
 A: True 
 In one word True/False, answer the following question Q: Is the property [high in fiber] true for [flute]? 
 A:","False 

The property [high in fiber"
high in fiber|fly,"Q: Is the property [is female] true for the concept [book]? 
 A: False 
 Q: Is the property [can be digital] true for the concept [book] 
 A: True 
 In one word True/False, answer the following question Q: Is the property [high in fiber] true for [fly]? 
 A:","False 

Flies, as insects,"
high in fiber|grenade,"Q: Is the property [is female] true for the concept [book]? 
 A: False 
 Q: Is the property [can be digital] true for the concept [book] 
 A: True 
 In one word True/False, answer the following question Q: Is the property [high in fiber] true for [grenade]? 
 A:","False 

The property [high in fiber"
high in fiber|jeans,"Q: Is the property [is female] true for the concept [book]? 
 A: False 
 Q: Is the property [can be digital] true for the concept [book] 
 A: True 
 In one word True/False, answer the following question Q: Is the property [high in fiber] true for [jeans]? 
 A:","False 

Jeans are a type of"
high in fiber|missile,"Q: Is the property [is female] true for the concept [book]? 
 A: False 
 Q: Is the property [can be digital] true for the concept [book] 
 A: True 
 In one word True/False, answer the following question Q: Is the property [high in fiber] true for [missile]? 
 A:",False
high in fiber|motorcycle,"Q: Is the property [is female] true for the concept [book]? 
 A: False 
 Q: Is the property [can be digital] true for the concept [book] 
 A: True 
 In one word True/False, answer the following question Q: Is the property [high in fiber] true for [motorcycle]? 
 A:",False
length|accordion,"Q: Is the property [is female] true for the concept [book]? 
 A: False 
 Q: Is the property [can be digital] true for the concept [book] 
 A: True 
 In one word True/False, answer the following question Q: Is the property [length] true for [accordion]? 
 A:","True 

The property [length] is"
length|acorn,"Q: Is the property [is female] true for the concept [book]? 
 A: False 
 Q: Is the property [can be digital] true for the concept [book] 
 A: True 
 In one word True/False, answer the following question Q: Is the property [length] true for [acorn]? 
 A:","True 

The property [length] is"
length|airplane,"Q: Is the property [is female] true for the concept [book]? 
 A: False 
 Q: Is the property [can be digital] true for the concept [book] 
 A: True 
 In one word True/False, answer the following question Q: Is the property [length] true for [airplane]? 
 A:","True 

The property [length] is"
length|aloe,"Q: Is the property [is female] true for the concept [book]? 
 A: False 
 Q: Is the property [can be digital] true for the concept [book] 
 A: True 
 In one word True/False, answer the following question Q: Is the property [length] true for [aloe]? 
 A:","True 

The property [length] is"
length|ant,"Q: Is the property [is female] true for the concept [book]? 
 A: False 
 Q: Is the property [can be digital] true for the concept [book] 
 A: True 
 In one word True/False, answer the following question Q: Is the property [length] true for [ant]? 
 A:","False

The property [length] is"
length|anteater,"Q: Is the property [is female] true for the concept [book]? 
 A: False 
 Q: Is the property [can be digital] true for the concept [book] 
 A: True 
 In one word True/False, answer the following question Q: Is the property [length] true for [anteater]? 
 A:","False

The property [length] is"
length|anvil,"Q: Is the property [is female] true for the concept [book]? 
 A: False 
 Q: Is the property [can be digital] true for the concept [book] 
 A: True 
 In one word True/False, answer the following question Q: Is the property [length] true for [anvil]? 
 A:","True 

The property of having a length"
length|apple,"Q: Is the property [is female] true for the concept [book]? 
 A: False 
 Q: Is the property [can be digital] true for the concept [book] 
 A: True 
 In one word True/False, answer the following question Q: Is the property [length] true for [apple]? 
 A:","False

The property [length] is"
length|artichoke,"Q: Is the property [is female] true for the concept [book]? 
 A: False 
 Q: Is the property [can be digital] true for the concept [book] 
 A: True 
 In one word True/False, answer the following question Q: Is the property [length] true for [artichoke]? 
 A:","True 

The property [length] is"
length|bagel,"Q: Is the property [is female] true for the concept [book]? 
 A: False 
 Q: Is the property [can be digital] true for the concept [book] 
 A: True 
 In one word True/False, answer the following question Q: Is the property [length] true for [bagel]? 
 A:","True 

The property [length] can"
length|banana,"Q: Is the property [is female] true for the concept [book]? 
 A: False 
 Q: Is the property [can be digital] true for the concept [book] 
 A: True 
 In one word True/False, answer the following question Q: Is the property [length] true for [banana]? 
 A:","True 

The property [length] is"
length|banjo,"Q: Is the property [is female] true for the concept [book]? 
 A: False 
 Q: Is the property [can be digital] true for the concept [book] 
 A: True 
 In one word True/False, answer the following question Q: Is the property [length] true for [banjo]? 
 A:","True 

The property [length] is"
length|barrel,"Q: Is the property [is female] true for the concept [book]? 
 A: False 
 Q: Is the property [can be digital] true for the concept [book] 
 A: True 
 In one word True/False, answer the following question Q: Is the property [length] true for [barrel]? 
 A:","True 

The property [length] is"
length|bat,"Q: Is the property [is female] true for the concept [book]? 
 A: False 
 Q: Is the property [can be digital] true for the concept [book] 
 A: True 
 In one word True/False, answer the following question Q: Is the property [length] true for [bat]? 
 A:","True 

The property [length] is"
length|beaver,"Q: Is the property [is female] true for the concept [book]? 
 A: False 
 Q: Is the property [can be digital] true for the concept [book] 
 A: True 
 In one word True/False, answer the following question Q: Is the property [length] true for [beaver]? 
 A:","False

The property [length] is"
length|bed,"Q: Is the property [is female] true for the concept [book]? 
 A: False 
 Q: Is the property [can be digital] true for the concept [book] 
 A: True 
 In one word True/False, answer the following question Q: Is the property [length] true for [bed]? 
 A:","True 

The property [length] is"
length|beet,"Q: Is the property [is female] true for the concept [book]? 
 A: False 
 Q: Is the property [can be digital] true for the concept [book] 
 A: True 
 In one word True/False, answer the following question Q: Is the property [length] true for [beet]? 
 A:","True 

The property [length] is"
length|beetle,"Q: Is the property [is female] true for the concept [book]? 
 A: False 
 Q: Is the property [can be digital] true for the concept [book] 
 A: True 
 In one word True/False, answer the following question Q: Is the property [length] true for [beetle]? 
 A:","True 

The property [length] is"
length|bell,"Q: Is the property [is female] true for the concept [book]? 
 A: False 
 Q: Is the property [can be digital] true for the concept [book] 
 A: True 
 In one word True/False, answer the following question Q: Is the property [length] true for [bell]? 
 A:","False

The property [length] is"
length|belt,"Q: Is the property [is female] true for the concept [book]? 
 A: False 
 Q: Is the property [can be digital] true for the concept [book] 
 A: True 
 In one word True/False, answer the following question Q: Is the property [length] true for [belt]? 
 A:","True 

The property [length] is"
length|bird,"Q: Is the property [is female] true for the concept [book]? 
 A: False 
 Q: Is the property [can be digital] true for the concept [book] 
 A: True 
 In one word True/False, answer the following question Q: Is the property [length] true for [bird]? 
 A:","False

The property [length] is"
length|blender,"Q: Is the property [is female] true for the concept [book]? 
 A: False 
 Q: Is the property [can be digital] true for the concept [book] 
 A: True 
 In one word True/False, answer the following question Q: Is the property [length] true for [blender]? 
 A:","False

The property [length] is"
length|blowtorch,"Q: Is the property [is female] true for the concept [book]? 
 A: False 
 Q: Is the property [can be digital] true for the concept [book] 
 A: True 
 In one word True/False, answer the following question Q: Is the property [length] true for [blowtorch]? 
 A:","True 

The property [length] is"
length|blueberry,"Q: Is the property [is female] true for the concept [book]? 
 A: False 
 Q: Is the property [can be digital] true for the concept [book] 
 A: True 
 In one word True/False, answer the following question Q: Is the property [length] true for [blueberry]? 
 A:","True 

The property [length] is"
length|boa,"Q: Is the property [is female] true for the concept [book]? 
 A: False 
 Q: Is the property [can be digital] true for the concept [book] 
 A: True 
 In one word True/False, answer the following question Q: Is the property [length] true for [boa]? 
 A:","True 

The property [length] is"
length|boar,"Q: Is the property [is female] true for the concept [book]? 
 A: False 
 Q: Is the property [can be digital] true for the concept [book] 
 A: True 
 In one word True/False, answer the following question Q: Is the property [length] true for [boar]? 
 A:","False

The property [length] is"
length|bread,"Q: Is the property [is female] true for the concept [book]? 
 A: False 
 Q: Is the property [can be digital] true for the concept [book] 
 A: True 
 In one word True/False, answer the following question Q: Is the property [length] true for [bread]? 
 A:","True 

The property [length] can"
length|brussels sprouts,"Q: Is the property [is female] true for the concept [book]? 
 A: False 
 Q: Is the property [can be digital] true for the concept [book] 
 A: True 
 In one word True/False, answer the following question Q: Is the property [length] true for [brussels sprouts]? 
 A:","True 

The property [length] is"
length|bucket,"Q: Is the property [is female] true for the concept [book]? 
 A: False 
 Q: Is the property [can be digital] true for the concept [book] 
 A: True 
 In one word True/False, answer the following question Q: Is the property [length] true for [bucket]? 
 A:","True 

The property [length] is"
length|burrito,"Q: Is the property [is female] true for the concept [book]? 
 A: False 
 Q: Is the property [can be digital] true for the concept [book] 
 A: True 
 In one word True/False, answer the following question Q: Is the property [length] true for [burrito]? 
 A:","True 

The property [length] can"
length|cactus,"Q: Is the property [is female] true for the concept [book]? 
 A: False 
 Q: Is the property [can be digital] true for the concept [book] 
 A: True 
 In one word True/False, answer the following question Q: Is the property [length] true for [cactus]? 
 A:","True 

The property [length] is"
length|candle,"Q: Is the property [is female] true for the concept [book]? 
 A: False 
 Q: Is the property [can be digital] true for the concept [book] 
 A: True 
 In one word True/False, answer the following question Q: Is the property [length] true for [candle]? 
 A:","True 

The property [length] is"
length|candy,"Q: Is the property [is female] true for the concept [book]? 
 A: False 
 Q: Is the property [can be digital] true for the concept [book] 
 A: True 
 In one word True/False, answer the following question Q: Is the property [length] true for [candy]? 
 A:","True 

The property [length] is"
length|cannon,"Q: Is the property [is female] true for the concept [book]? 
 A: False 
 Q: Is the property [can be digital] true for the concept [book] 
 A: True 
 In one word True/False, answer the following question Q: Is the property [length] true for [cannon]? 
 A:","True 

The property [length] is"
length|car,"Q: Is the property [is female] true for the concept [book]? 
 A: False 
 Q: Is the property [can be digital] true for the concept [book] 
 A: True 
 In one word True/False, answer the following question Q: Is the property [length] true for [car]? 
 A:","True 

The property [length] is"
length|carrot,"Q: Is the property [is female] true for the concept [book]? 
 A: False 
 Q: Is the property [can be digital] true for the concept [book] 
 A: True 
 In one word True/False, answer the following question Q: Is the property [length] true for [carrot]? 
 A:","True 

The property [length] is"
length|cart,"Q: Is the property [is female] true for the concept [book]? 
 A: False 
 Q: Is the property [can be digital] true for the concept [book] 
 A: True 
 In one word True/False, answer the following question Q: Is the property [length] true for [cart]? 
 A:","True 

The property [length] is"
length|cat,"Q: Is the property [is female] true for the concept [book]? 
 A: False 
 Q: Is the property [can be digital] true for the concept [book] 
 A: True 
 In one word True/False, answer the following question Q: Is the property [length] true for [cat]? 
 A:","False

The property [length] is"
length|caterpillar,"Q: Is the property [is female] true for the concept [book]? 
 A: False 
 Q: Is the property [can be digital] true for the concept [book] 
 A: True 
 In one word True/False, answer the following question Q: Is the property [length] true for [caterpillar]? 
 A:","True 

The property [length] is"
length|celery,"Q: Is the property [is female] true for the concept [book]? 
 A: False 
 Q: Is the property [can be digital] true for the concept [book] 
 A: True 
 In one word True/False, answer the following question Q: Is the property [length] true for [celery]? 
 A:","True 

The property [length] is"
length|chili,"Q: Is the property [is female] true for the concept [book]? 
 A: False 
 Q: Is the property [can be digital] true for the concept [book] 
 A: True 
 In one word True/False, answer the following question Q: Is the property [length] true for [chili]? 
 A:","True 

The property [length] is"
length|chinchilla,"Q: Is the property [is female] true for the concept [book]? 
 A: False 
 Q: Is the property [can be digital] true for the concept [book] 
 A: True 
 In one word True/False, answer the following question Q: Is the property [length] true for [chinchilla]? 
 A:","True 

The property [length] is"
length|chisel,"Q: Is the property [is female] true for the concept [book]? 
 A: False 
 Q: Is the property [can be digital] true for the concept [book] 
 A: True 
 In one word True/False, answer the following question Q: Is the property [length] true for [chisel]? 
 A:","True 

The property [length] is"
length|clarinet,"Q: Is the property [is female] true for the concept [book]? 
 A: False 
 Q: Is the property [can be digital] true for the concept [book] 
 A: True 
 In one word True/False, answer the following question Q: Is the property [length] true for [clarinet]? 
 A:","True 

The property [length] is"
length|coat,"Q: Is the property [is female] true for the concept [book]? 
 A: False 
 Q: Is the property [can be digital] true for the concept [book] 
 A: True 
 In one word True/False, answer the following question Q: Is the property [length] true for [coat]? 
 A:","True 

The property [length] is"
length|coconut,"Q: Is the property [is female] true for the concept [book]? 
 A: False 
 Q: Is the property [can be digital] true for the concept [book] 
 A: True 
 In one word True/False, answer the following question Q: Is the property [length] true for [coconut]? 
 A:","True 

The property [length] can"
length|crow,"Q: Is the property [is female] true for the concept [book]? 
 A: False 
 Q: Is the property [can be digital] true for the concept [book] 
 A: True 
 In one word True/False, answer the following question Q: Is the property [length] true for [crow]? 
 A:","False

The property [length] is"
length|crowbar,"Q: Is the property [is female] true for the concept [book]? 
 A: False 
 Q: Is the property [can be digital] true for the concept [book] 
 A: True 
 In one word True/False, answer the following question Q: Is the property [length] true for [crowbar]? 
 A:","True 

The property [length] is"
length|dragonfly,"Q: Is the property [is female] true for the concept [book]? 
 A: False 
 Q: Is the property [can be digital] true for the concept [book] 
 A: True 
 In one word True/False, answer the following question Q: Is the property [length] true for [dragonfly]? 
 A:","True 

The property [length] is"
length|dress,"Q: Is the property [is female] true for the concept [book]? 
 A: False 
 Q: Is the property [can be digital] true for the concept [book] 
 A: True 
 In one word True/False, answer the following question Q: Is the property [length] true for [dress]? 
 A:",True
length|eagle,"Q: Is the property [is female] true for the concept [book]? 
 A: False 
 Q: Is the property [can be digital] true for the concept [book] 
 A: True 
 In one word True/False, answer the following question Q: Is the property [length] true for [eagle]? 
 A:","False

The property [length] is"
length|eggbeater,"Q: Is the property [is female] true for the concept [book]? 
 A: False 
 Q: Is the property [can be digital] true for the concept [book] 
 A: True 
 In one word True/False, answer the following question Q: Is the property [length] true for [eggbeater]? 
 A:","True 

The property [length] is"
length|fig,"Q: Is the property [is female] true for the concept [book]? 
 A: False 
 Q: Is the property [can be digital] true for the concept [book] 
 A: True 
 In one word True/False, answer the following question Q: Is the property [length] true for [fig]? 
 A:","False

The property [length] is"
length|file,"Q: Is the property [is female] true for the concept [book]? 
 A: False 
 Q: Is the property [can be digital] true for the concept [book] 
 A: True 
 In one word True/False, answer the following question Q: Is the property [length] true for [file]? 
 A:","True 

The property [length] can"
length|flute,"Q: Is the property [is female] true for the concept [book]? 
 A: False 
 Q: Is the property [can be digital] true for the concept [book] 
 A: True 
 In one word True/False, answer the following question Q: Is the property [length] true for [flute]? 
 A:","True 

The property [length] is"
length|fly,"Q: Is the property [is female] true for the concept [book]? 
 A: False 
 Q: Is the property [can be digital] true for the concept [book] 
 A: True 
 In one word True/False, answer the following question Q: Is the property [length] true for [fly]? 
 A:","False

The property [length] is"
length|grenade,"Q: Is the property [is female] true for the concept [book]? 
 A: False 
 Q: Is the property [can be digital] true for the concept [book] 
 A: True 
 In one word True/False, answer the following question Q: Is the property [length] true for [grenade]? 
 A:","True 

The property [length] is"
length|jeans,"Q: Is the property [is female] true for the concept [book]? 
 A: False 
 Q: Is the property [can be digital] true for the concept [book] 
 A: True 
 In one word True/False, answer the following question Q: Is the property [length] true for [jeans]? 
 A:","True 

The property [length] is"
length|missile,"Q: Is the property [is female] true for the concept [book]? 
 A: False 
 Q: Is the property [can be digital] true for the concept [book] 
 A: True 
 In one word True/False, answer the following question Q: Is the property [length] true for [missile]? 
 A:","True 

The property [length] is"
length|motorcycle,"Q: Is the property [is female] true for the concept [book]? 
 A: False 
 Q: Is the property [can be digital] true for the concept [book] 
 A: True 
 In one word True/False, answer the following question Q: Is the property [length] true for [motorcycle]? 
 A:","True 

The property [length] is"
low in calories|accordion,"Q: Is the property [is female] true for the concept [book]? 
 A: False 
 Q: Is the property [can be digital] true for the concept [book] 
 A: True 
 In one word True/False, answer the following question Q: Is the property [low in calories] true for [accordion]? 
 A:","False 

The property [low in calories"
low in calories|acorn,"Q: Is the property [is female] true for the concept [book]? 
 A: False 
 Q: Is the property [can be digital] true for the concept [book] 
 A: True 
 In one word True/False, answer the following question Q: Is the property [low in calories] true for [acorn]? 
 A:","False 

Acorns, while not particularly"
low in calories|airplane,"Q: Is the property [is female] true for the concept [book]? 
 A: False 
 Q: Is the property [can be digital] true for the concept [book] 
 A: True 
 In one word True/False, answer the following question Q: Is the property [low in calories] true for [airplane]? 
 A:","False 

The property [low in calories"
low in calories|aloe,"Q: Is the property [is female] true for the concept [book]? 
 A: False 
 Q: Is the property [can be digital] true for the concept [book] 
 A: True 
 In one word True/False, answer the following question Q: Is the property [low in calories] true for [aloe]? 
 A:","False 

The statement is False because a"
low in calories|ant,"Q: Is the property [is female] true for the concept [book]? 
 A: False 
 Q: Is the property [can be digital] true for the concept [book] 
 A: True 
 In one word True/False, answer the following question Q: Is the property [low in calories] true for [ant]? 
 A:","False 

The property [low in calories"
low in calories|anteater,"Q: Is the property [is female] true for the concept [book]? 
 A: False 
 Q: Is the property [can be digital] true for the concept [book] 
 A: True 
 In one word True/False, answer the following question Q: Is the property [low in calories] true for [anteater]? 
 A:","False 

The concept of being ""low"
low in calories|anvil,"Q: Is the property [is female] true for the concept [book]? 
 A: False 
 Q: Is the property [can be digital] true for the concept [book] 
 A: True 
 In one word True/False, answer the following question Q: Is the property [low in calories] true for [anvil]? 
 A:","False 

Anvils are typically made"
low in calories|apple,"Q: Is the property [is female] true for the concept [book]? 
 A: False 
 Q: Is the property [can be digital] true for the concept [book] 
 A: True 
 In one word True/False, answer the following question Q: Is the property [low in calories] true for [apple]? 
 A:","True

Apples are generally low in"
low in calories|artichoke,"Q: Is the property [is female] true for the concept [book]? 
 A: False 
 Q: Is the property [can be digital] true for the concept [book] 
 A: True 
 In one word True/False, answer the following question Q: Is the property [low in calories] true for [artichoke]? 
 A:","True

Artichokes are generally low"
low in calories|bagel,"Q: Is the property [is female] true for the concept [book]? 
 A: False 
 Q: Is the property [can be digital] true for the concept [book] 
 A: True 
 In one word True/False, answer the following question Q: Is the property [low in calories] true for [bagel]? 
 A:","False 

Bagels are typically made from"
low in calories|banana,"Q: Is the property [is female] true for the concept [book]? 
 A: False 
 Q: Is the property [can be digital] true for the concept [book] 
 A: True 
 In one word True/False, answer the following question Q: Is the property [low in calories] true for [banana]? 
 A:","False 

Bananas do contain calories,"
low in calories|banjo,"Q: Is the property [is female] true for the concept [book]? 
 A: False 
 Q: Is the property [can be digital] true for the concept [book] 
 A: True 
 In one word True/False, answer the following question Q: Is the property [low in calories] true for [banjo]? 
 A:","False 

The property [low in calories"
low in calories|barrel,"Q: Is the property [is female] true for the concept [book]? 
 A: False 
 Q: Is the property [can be digital] true for the concept [book] 
 A: True 
 In one word True/False, answer the following question Q: Is the property [low in calories] true for [barrel]? 
 A:","False 

A barrel is an object used"
low in calories|bat,"Q: Is the property [is female] true for the concept [book]? 
 A: False 
 Q: Is the property [can be digital] true for the concept [book] 
 A: True 
 In one word True/False, answer the following question Q: Is the property [low in calories] true for [bat]? 
 A:","False 

The property [low in calories"
low in calories|beaver,"Q: Is the property [is female] true for the concept [book]? 
 A: False 
 Q: Is the property [can be digital] true for the concept [book] 
 A: True 
 In one word True/False, answer the following question Q: Is the property [low in calories] true for [beaver]? 
 A:","False 

The property [low in calories"
low in calories|bed,"Q: Is the property [is female] true for the concept [book]? 
 A: False 
 Q: Is the property [can be digital] true for the concept [book] 
 A: True 
 In one word True/False, answer the following question Q: Is the property [low in calories] true for [bed]? 
 A:","False 

The property [low in calories"
low in calories|beet,"Q: Is the property [is female] true for the concept [book]? 
 A: False 
 Q: Is the property [can be digital] true for the concept [book] 
 A: True 
 In one word True/False, answer the following question Q: Is the property [low in calories] true for [beet]? 
 A:","False 

Beets, while they are"
low in calories|beetle,"Q: Is the property [is female] true for the concept [book]? 
 A: False 
 Q: Is the property [can be digital] true for the concept [book] 
 A: True 
 In one word True/False, answer the following question Q: Is the property [low in calories] true for [beetle]? 
 A:","False 

The property [low in calories"
low in calories|bell,"Q: Is the property [is female] true for the concept [book]? 
 A: False 
 Q: Is the property [can be digital] true for the concept [book] 
 A: True 
 In one word True/False, answer the following question Q: Is the property [low in calories] true for [bell]? 
 A:","False 

The term ""bell"" typically"
low in calories|belt,"Q: Is the property [is female] true for the concept [book]? 
 A: False 
 Q: Is the property [can be digital] true for the concept [book] 
 A: True 
 In one word True/False, answer the following question Q: Is the property [low in calories] true for [belt]? 
 A:","False 

The property [low in calories"
low in calories|bird,"Q: Is the property [is female] true for the concept [book]? 
 A: False 
 Q: Is the property [can be digital] true for the concept [book] 
 A: True 
 In one word True/False, answer the following question Q: Is the property [low in calories] true for [bird]? 
 A:","False 

The property [low in calories"
low in calories|blender,"Q: Is the property [is female] true for the concept [book]? 
 A: False 
 Q: Is the property [can be digital] true for the concept [book] 
 A: True 
 In one word True/False, answer the following question Q: Is the property [low in calories] true for [blender]? 
 A:","False 

A blender is an appliance and"
low in calories|blowtorch,"Q: Is the property [is female] true for the concept [book]? 
 A: False 
 Q: Is the property [can be digital] true for the concept [book] 
 A: True 
 In one word True/False, answer the following question Q: Is the property [low in calories] true for [blowtorch]? 
 A:","False 

A blowtorch is an in"
low in calories|blueberry,"Q: Is the property [is female] true for the concept [book]? 
 A: False 
 Q: Is the property [can be digital] true for the concept [book] 
 A: True 
 In one word True/False, answer the following question Q: Is the property [low in calories] true for [blueberry]? 
 A:","True

Blueberries are indeed low in"
low in calories|boa,"Q: Is the property [is female] true for the concept [book]? 
 A: False 
 Q: Is the property [can be digital] true for the concept [book] 
 A: True 
 In one word True/False, answer the following question Q: Is the property [low in calories] true for [boa]? 
 A:","False 

The term ""boa"" typically"
low in calories|boar,"Q: Is the property [is female] true for the concept [book]? 
 A: False 
 Q: Is the property [can be digital] true for the concept [book] 
 A: True 
 In one word True/False, answer the following question Q: Is the property [low in calories] true for [boar]? 
 A:","False 

Boars, like other pigs"
low in calories|bread,"Q: Is the property [is female] true for the concept [book]? 
 A: False 
 Q: Is the property [can be digital] true for the concept [book] 
 A: True 
 In one word True/False, answer the following question Q: Is the property [low in calories] true for [bread]? 
 A:","False 

This is because bread, especially"
low in calories|brussels sprouts,"Q: Is the property [is female] true for the concept [book]? 
 A: False 
 Q: Is the property [can be digital] true for the concept [book] 
 A: True 
 In one word True/False, answer the following question Q: Is the property [low in calories] true for [brussels sprouts]? 
 A:","True

Brussels sprouts are generally"
low in calories|bucket,"Q: Is the property [is female] true for the concept [book]? 
 A: False 
 Q: Is the property [can be digital] true for the concept [book] 
 A: True 
 In one word True/False, answer the following question Q: Is the property [low in calories] true for [bucket]? 
 A:","False 

The property [low in calories"
low in calories|burrito,"Q: Is the property [is female] true for the concept [book]? 
 A: False 
 Q: Is the property [can be digital] true for the concept [book] 
 A: True 
 In one word True/False, answer the following question Q: Is the property [low in calories] true for [burrito]? 
 A:","False 

A burrito can be low"
low in calories|cactus,"Q: Is the property [is female] true for the concept [book]? 
 A: False 
 Q: Is the property [can be digital] true for the concept [book] 
 A: True 
 In one word True/False, answer the following question Q: Is the property [low in calories] true for [cactus]? 
 A:","False 

This is because while some parts"
low in calories|candle,"Q: Is the property [is female] true for the concept [book]? 
 A: False 
 Q: Is the property [can be digital] true for the concept [book] 
 A: True 
 In one word True/False, answer the following question Q: Is the property [low in calories] true for [candle]? 
 A:","False 

A candle is not a food"
low in calories|candy,"Q: Is the property [is female] true for the concept [book]? 
 A: False 
 Q: Is the property [can be digital] true for the concept [book] 
 A: True 
 In one word True/False, answer the following question Q: Is the property [low in calories] true for [candy]? 
 A:",False
low in calories|cannon,"Q: Is the property [is female] true for the concept [book]? 
 A: False 
 Q: Is the property [can be digital] true for the concept [book] 
 A: True 
 In one word True/False, answer the following question Q: Is the property [low in calories] true for [cannon]? 
 A:","False 

The property [low in calories"
low in calories|car,"Q: Is the property [is female] true for the concept [book]? 
 A: False 
 Q: Is the property [can be digital] true for the concept [book] 
 A: True 
 In one word True/False, answer the following question Q: Is the property [low in calories] true for [car]? 
 A:","False 

The property [low in calories"
low in calories|carrot,"Q: Is the property [is female] true for the concept [book]? 
 A: False 
 Q: Is the property [can be digital] true for the concept [book] 
 A: True 
 In one word True/False, answer the following question Q: Is the property [low in calories] true for [carrot]? 
 A:","True

Carrots are generally low in"
low in calories|cart,"Q: Is the property [is female] true for the concept [book]? 
 A: False 
 Q: Is the property [can be digital] true for the concept [book] 
 A: True 
 In one word True/False, answer the following question Q: Is the property [low in calories] true for [cart]? 
 A:","False 

The concept of a ""cart"
low in calories|cat,"Q: Is the property [is female] true for the concept [book]? 
 A: False 
 Q: Is the property [can be digital] true for the concept [book] 
 A: True 
 In one word True/False, answer the following question Q: Is the property [low in calories] true for [cat]? 
 A:","False 

The property [low in calories"
low in calories|caterpillar,"Q: Is the property [is female] true for the concept [book]? 
 A: False 
 Q: Is the property [can be digital] true for the concept [book] 
 A: True 
 In one word True/False, answer the following question Q: Is the property [low in calories] true for [caterpillar]? 
 A:","False 

The property [low in calories"
low in calories|celery,"Q: Is the property [is female] true for the concept [book]? 
 A: False 
 Q: Is the property [can be digital] true for the concept [book] 
 A: True 
 In one word True/False, answer the following question Q: Is the property [low in calories] true for [celery]? 
 A:","True 

Celery is generally low in"
low in calories|chili,"Q: Is the property [is female] true for the concept [book]? 
 A: False 
 Q: Is the property [can be digital] true for the concept [book] 
 A: True 
 In one word True/False, answer the following question Q: Is the property [low in calories] true for [chili]? 
 A:","False 

The term ""chili"""
low in calories|chinchilla,"Q: Is the property [is female] true for the concept [book]? 
 A: False 
 Q: Is the property [can be digital] true for the concept [book] 
 A: True 
 In one word True/False, answer the following question Q: Is the property [low in calories] true for [chinchilla]? 
 A:","False 

The property [low in calories"
low in calories|chisel,"Q: Is the property [is female] true for the concept [book]? 
 A: False 
 Q: Is the property [can be digital] true for the concept [book] 
 A: True 
 In one word True/False, answer the following question Q: Is the property [low in calories] true for [chisel]? 
 A:","False 

A chisel is a tool"
low in calories|clarinet,"Q: Is the property [is female] true for the concept [book]? 
 A: False 
 Q: Is the property [can be digital] true for the concept [book] 
 A: True 
 In one word True/False, answer the following question Q: Is the property [low in calories] true for [clarinet]? 
 A:","False 

The property [low in calories"
low in calories|coat,"Q: Is the property [is female] true for the concept [book]? 
 A: False 
 Q: Is the property [can be digital] true for the concept [book] 
 A: True 
 In one word True/False, answer the following question Q: Is the property [low in calories] true for [coat]? 
 A:","False 

The property [low in calories"
low in calories|coconut,"Q: Is the property [is female] true for the concept [book]? 
 A: False 
 Q: Is the property [can be digital] true for the concept [book] 
 A: True 
 In one word True/False, answer the following question Q: Is the property [low in calories] true for [coconut]? 
 A:","False 

Coconuts, particularly the"
low in calories|crow,"Q: Is the property [is female] true for the concept [book]? 
 A: False 
 Q: Is the property [can be digital] true for the concept [book] 
 A: True 
 In one word True/False, answer the following question Q: Is the property [low in calories] true for [crow]? 
 A:","False 

The concept of being ""low"
low in calories|crowbar,"Q: Is the property [is female] true for the concept [book]? 
 A: False 
 Q: Is the property [can be digital] true for the concept [book] 
 A: True 
 In one word True/False, answer the following question Q: Is the property [low in calories] true for [crowbar]? 
 A:","False 

The property [low in calories"
low in calories|dragonfly,"Q: Is the property [is female] true for the concept [book]? 
 A: False 
 Q: Is the property [can be digital] true for the concept [book] 
 A: True 
 In one word True/False, answer the following question Q: Is the property [low in calories] true for [dragonfly]? 
 A:","False 

The property [low in calories"
low in calories|dress,"Q: Is the property [is female] true for the concept [book]? 
 A: False 
 Q: Is the property [can be digital] true for the concept [book] 
 A: True 
 In one word True/False, answer the following question Q: Is the property [low in calories] true for [dress]? 
 A:","False 

The property [low in calories"
low in calories|eagle,"Q: Is the property [is female] true for the concept [book]? 
 A: False 
 Q: Is the property [can be digital] true for the concept [book] 
 A: True 
 In one word True/False, answer the following question Q: Is the property [low in calories] true for [eagle]? 
 A:","False 

The property [low in calories"
low in calories|eggbeater,"Q: Is the property [is female] true for the concept [book]? 
 A: False 
 Q: Is the property [can be digital] true for the concept [book] 
 A: True 
 In one word True/False, answer the following question Q: Is the property [low in calories] true for [eggbeater]? 
 A:","True

Eggbeaters, which"
low in calories|fig,"Q: Is the property [is female] true for the concept [book]? 
 A: False 
 Q: Is the property [can be digital] true for the concept [book] 
 A: True 
 In one word True/False, answer the following question Q: Is the property [low in calories] true for [fig]? 
 A:","True

Figs are generally low in"
low in calories|file,"Q: Is the property [is female] true for the concept [book]? 
 A: False 
 Q: Is the property [can be digital] true for the concept [book] 
 A: True 
 In one word True/False, answer the following question Q: Is the property [low in calories] true for [file]? 
 A:","False 

The concept of [file],"
low in calories|flute,"Q: Is the property [is female] true for the concept [book]? 
 A: False 
 Q: Is the property [can be digital] true for the concept [book] 
 A: True 
 In one word True/False, answer the following question Q: Is the property [low in calories] true for [flute]? 
 A:","False 

The property [low in calories"
low in calories|fly,"Q: Is the property [is female] true for the concept [book]? 
 A: False 
 Q: Is the property [can be digital] true for the concept [book] 
 A: True 
 In one word True/False, answer the following question Q: Is the property [low in calories] true for [fly]? 
 A:","False 

The concept of being ""low"
low in calories|grenade,"Q: Is the property [is female] true for the concept [book]? 
 A: False 
 Q: Is the property [can be digital] true for the concept [book] 
 A: True 
 In one word True/False, answer the following question Q: Is the property [low in calories] true for [grenade]? 
 A:","False 

A grenade is an explosive device"
low in calories|jeans,"Q: Is the property [is female] true for the concept [book]? 
 A: False 
 Q: Is the property [can be digital] true for the concept [book] 
 A: True 
 In one word True/False, answer the following question Q: Is the property [low in calories] true for [jeans]? 
 A:","False 

The property [low in calories"
low in calories|missile,"Q: Is the property [is female] true for the concept [book]? 
 A: False 
 Q: Is the property [can be digital] true for the concept [book] 
 A: True 
 In one word True/False, answer the following question Q: Is the property [low in calories] true for [missile]? 
 A:","False 

The property [low in calories"
low in calories|motorcycle,"Q: Is the property [is female] true for the concept [book]? 
 A: False 
 Q: Is the property [can be digital] true for the concept [book] 
 A: True 
 In one word True/False, answer the following question Q: Is the property [low in calories] true for [motorcycle]? 
 A:","False 

The property [low in calories"
nocturnal|accordion,"Q: Is the property [is female] true for the concept [book]? 
 A: False 
 Q: Is the property [can be digital] true for the concept [book] 
 A: True 
 In one word True/False, answer the following question Q: Is the property [nocturnal] true for [accordion]? 
 A:","False 

The property [nocturnal"
nocturnal|acorn,"Q: Is the property [is female] true for the concept [book]? 
 A: False 
 Q: Is the property [can be digital] true for the concept [book] 
 A: True 
 In one word True/False, answer the following question Q: Is the property [nocturnal] true for [acorn]? 
 A:","False 

An acorn is not an"
nocturnal|airplane,"Q: Is the property [is female] true for the concept [book]? 
 A: False 
 Q: Is the property [can be digital] true for the concept [book] 
 A: True 
 In one word True/False, answer the following question Q: Is the property [nocturnal] true for [airplane]? 
 A:","False 

The property [nocturnal"
nocturnal|aloe,"Q: Is the property [is female] true for the concept [book]? 
 A: False 
 Q: Is the property [can be digital] true for the concept [book] 
 A: True 
 In one word True/False, answer the following question Q: Is the property [nocturnal] true for [aloe]? 
 A:","False 

Aloe is a plant,"
nocturnal|ant,"Q: Is the property [is female] true for the concept [book]? 
 A: False 
 Q: Is the property [can be digital] true for the concept [book] 
 A: True 
 In one word True/False, answer the following question Q: Is the property [nocturnal] true for [ant]? 
 A:","False 

Ants are not typically classified"
nocturnal|anteater,"Q: Is the property [is female] true for the concept [book]? 
 A: False 
 Q: Is the property [can be digital] true for the concept [book] 
 A: True 
 In one word True/False, answer the following question Q: Is the property [nocturnal] true for [anteater]? 
 A:","True 

Some species of anteaters,"
nocturnal|anvil,"Q: Is the property [is female] true for the concept [book]? 
 A: False 
 Q: Is the property [can be digital] true for the concept [book] 
 A: True 
 In one word True/False, answer the following question Q: Is the property [nocturnal] true for [anvil]? 
 A:",False
nocturnal|apple,"Q: Is the property [is female] true for the concept [book]? 
 A: False 
 Q: Is the property [can be digital] true for the concept [book] 
 A: True 
 In one word True/False, answer the following question Q: Is the property [nocturnal] true for [apple]? 
 A:",False
nocturnal|artichoke,"Q: Is the property [is female] true for the concept [book]? 
 A: False 
 Q: Is the property [can be digital] true for the concept [book] 
 A: True 
 In one word True/False, answer the following question Q: Is the property [nocturnal] true for [artichoke]? 
 A:","False 

The property [nocturnal"
nocturnal|bagel,"Q: Is the property [is female] true for the concept [book]? 
 A: False 
 Q: Is the property [can be digital] true for the concept [book] 
 A: True 
 In one word True/False, answer the following question Q: Is the property [nocturnal] true for [bagel]? 
 A:",False
nocturnal|banana,"Q: Is the property [is female] true for the concept [book]? 
 A: False 
 Q: Is the property [can be digital] true for the concept [book] 
 A: True 
 In one word True/False, answer the following question Q: Is the property [nocturnal] true for [banana]? 
 A:",False
nocturnal|banjo,"Q: Is the property [is female] true for the concept [book]? 
 A: False 
 Q: Is the property [can be digital] true for the concept [book] 
 A: True 
 In one word True/False, answer the following question Q: Is the property [nocturnal] true for [banjo]? 
 A:","False 

The property [nocturnal"
nocturnal|barrel,"Q: Is the property [is female] true for the concept [book]? 
 A: False 
 Q: Is the property [can be digital] true for the concept [book] 
 A: True 
 In one word True/False, answer the following question Q: Is the property [nocturnal] true for [barrel]? 
 A:","False 

The property [nocturnal"
nocturnal|bat,"Q: Is the property [is female] true for the concept [book]? 
 A: False 
 Q: Is the property [can be digital] true for the concept [book] 
 A: True 
 In one word True/False, answer the following question Q: Is the property [nocturnal] true for [bat]? 
 A:","True 

Note: While not all bats"
nocturnal|beaver,"Q: Is the property [is female] true for the concept [book]? 
 A: False 
 Q: Is the property [can be digital] true for the concept [book] 
 A: True 
 In one word True/False, answer the following question Q: Is the property [nocturnal] true for [beaver]? 
 A:","False 

Beavers are not strictly noct"
nocturnal|bed,"Q: Is the property [is female] true for the concept [book]? 
 A: False 
 Q: Is the property [can be digital] true for the concept [book] 
 A: True 
 In one word True/False, answer the following question Q: Is the property [nocturnal] true for [bed]? 
 A:","False 

The property [nocturnal"
nocturnal|beet,"Q: Is the property [is female] true for the concept [book]? 
 A: False 
 Q: Is the property [can be digital] true for the concept [book] 
 A: True 
 In one word True/False, answer the following question Q: Is the property [nocturnal] true for [beet]? 
 A:","False 

The term ""beet"""
nocturnal|beetle,"Q: Is the property [is female] true for the concept [book]? 
 A: False 
 Q: Is the property [can be digital] true for the concept [book] 
 A: True 
 In one word True/False, answer the following question Q: Is the property [nocturnal] true for [beetle]? 
 A:","False 

Explanation: While some species of"
nocturnal|bell,"Q: Is the property [is female] true for the concept [book]? 
 A: False 
 Q: Is the property [can be digital] true for the concept [book] 
 A: True 
 In one word True/False, answer the following question Q: Is the property [nocturnal] true for [bell]? 
 A:",False
nocturnal|belt,"Q: Is the property [is female] true for the concept [book]? 
 A: False 
 Q: Is the property [can be digital] true for the concept [book] 
 A: True 
 In one word True/False, answer the following question Q: Is the property [nocturnal] true for [belt]? 
 A:",False
nocturnal|bird,"Q: Is the property [is female] true for the concept [book]? 
 A: False 
 Q: Is the property [can be digital] true for the concept [book] 
 A: True 
 In one word True/False, answer the following question Q: Is the property [nocturnal] true for [bird]? 
 A:","False 

The property [nocturnal"
nocturnal|blender,"Q: Is the property [is female] true for the concept [book]? 
 A: False 
 Q: Is the property [can be digital] true for the concept [book] 
 A: True 
 In one word True/False, answer the following question Q: Is the property [nocturnal] true for [blender]? 
 A:",False
nocturnal|blowtorch,"Q: Is the property [is female] true for the concept [book]? 
 A: False 
 Q: Is the property [can be digital] true for the concept [book] 
 A: True 
 In one word True/False, answer the following question Q: Is the property [nocturnal] true for [blowtorch]? 
 A:","False 

The property [nocturnal"
nocturnal|blueberry,"Q: Is the property [is female] true for the concept [book]? 
 A: False 
 Q: Is the property [can be digital] true for the concept [book] 
 A: True 
 In one word True/False, answer the following question Q: Is the property [nocturnal] true for [blueberry]? 
 A:","False 

The property [nocturnal"
nocturnal|boa,"Q: Is the property [is female] true for the concept [book]? 
 A: False 
 Q: Is the property [can be digital] true for the concept [book] 
 A: True 
 In one word True/False, answer the following question Q: Is the property [nocturnal] true for [boa]? 
 A:","True

Boas are generally nocturnal"
nocturnal|boar,"Q: Is the property [is female] true for the concept [book]? 
 A: False 
 Q: Is the property [can be digital] true for the concept [book] 
 A: True 
 In one word True/False, answer the following question Q: Is the property [nocturnal] true for [boar]? 
 A:","False 

Boars are not strictly noct"
nocturnal|bread,"Q: Is the property [is female] true for the concept [book]? 
 A: False 
 Q: Is the property [can be digital] true for the concept [book] 
 A: True 
 In one word True/False, answer the following question Q: Is the property [nocturnal] true for [bread]? 
 A:",False
nocturnal|brussels sprouts,"Q: Is the property [is female] true for the concept [book]? 
 A: False 
 Q: Is the property [can be digital] true for the concept [book] 
 A: True 
 In one word True/False, answer the following question Q: Is the property [nocturnal] true for [brussels sprouts]? 
 A:","False 

Brussels sprouts are a"
nocturnal|bucket,"Q: Is the property [is female] true for the concept [book]? 
 A: False 
 Q: Is the property [can be digital] true for the concept [book] 
 A: True 
 In one word True/False, answer the following question Q: Is the property [nocturnal] true for [bucket]? 
 A:",False
nocturnal|burrito,"Q: Is the property [is female] true for the concept [book]? 
 A: False 
 Q: Is the property [can be digital] true for the concept [book] 
 A: True 
 In one word True/False, answer the following question Q: Is the property [nocturnal] true for [burrito]? 
 A:",False
nocturnal|cactus,"Q: Is the property [is female] true for the concept [book]? 
 A: False 
 Q: Is the property [can be digital] true for the concept [book] 
 A: True 
 In one word True/False, answer the following question Q: Is the property [nocturnal] true for [cactus]? 
 A:","False 

Most cacti are not"
nocturnal|candle,"Q: Is the property [is female] true for the concept [book]? 
 A: False 
 Q: Is the property [can be digital] true for the concept [book] 
 A: True 
 In one word True/False, answer the following question Q: Is the property [nocturnal] true for [candle]? 
 A:","False 

The property [nocturnal"
nocturnal|candy,"Q: Is the property [is female] true for the concept [book]? 
 A: False 
 Q: Is the property [can be digital] true for the concept [book] 
 A: True 
 In one word True/False, answer the following question Q: Is the property [nocturnal] true for [candy]? 
 A:",False
nocturnal|cannon,"Q: Is the property [is female] true for the concept [book]? 
 A: False 
 Q: Is the property [can be digital] true for the concept [book] 
 A: True 
 In one word True/False, answer the following question Q: Is the property [nocturnal] true for [cannon]? 
 A:",False
nocturnal|car,"Q: Is the property [is female] true for the concept [book]? 
 A: False 
 Q: Is the property [can be digital] true for the concept [book] 
 A: True 
 In one word True/False, answer the following question Q: Is the property [nocturnal] true for [car]? 
 A:",False
nocturnal|carrot,"Q: Is the property [is female] true for the concept [book]? 
 A: False 
 Q: Is the property [can be digital] true for the concept [book] 
 A: True 
 In one word True/False, answer the following question Q: Is the property [nocturnal] true for [carrot]? 
 A:",False
nocturnal|cart,"Q: Is the property [is female] true for the concept [book]? 
 A: False 
 Q: Is the property [can be digital] true for the concept [book] 
 A: True 
 In one word True/False, answer the following question Q: Is the property [nocturnal] true for [cart]? 
 A:",False
nocturnal|cat,"Q: Is the property [is female] true for the concept [book]? 
 A: False 
 Q: Is the property [can be digital] true for the concept [book] 
 A: True 
 In one word True/False, answer the following question Q: Is the property [nocturnal] true for [cat]? 
 A:","True 

Many cats are nocturnal or"
nocturnal|caterpillar,"Q: Is the property [is female] true for the concept [book]? 
 A: False 
 Q: Is the property [can be digital] true for the concept [book] 
 A: True 
 In one word True/False, answer the following question Q: Is the property [nocturnal] true for [caterpillar]? 
 A:","False 

The property [nocturnal"
nocturnal|celery,"Q: Is the property [is female] true for the concept [book]? 
 A: False 
 Q: Is the property [can be digital] true for the concept [book] 
 A: True 
 In one word True/False, answer the following question Q: Is the property [nocturnal] true for [celery]? 
 A:","False 

Celery is a plant and"
nocturnal|chili,"Q: Is the property [is female] true for the concept [book]? 
 A: False 
 Q: Is the property [can be digital] true for the concept [book] 
 A: True 
 In one word True/False, answer the following question Q: Is the property [nocturnal] true for [chili]? 
 A:","False 

The property [nocturnal"
nocturnal|chinchilla,"Q: Is the property [is female] true for the concept [book]? 
 A: False 
 Q: Is the property [can be digital] true for the concept [book] 
 A: True 
 In one word True/False, answer the following question Q: Is the property [nocturnal] true for [chinchilla]? 
 A:","True

Chinchillas are indeed noct"
nocturnal|chisel,"Q: Is the property [is female] true for the concept [book]? 
 A: False 
 Q: Is the property [can be digital] true for the concept [book] 
 A: True 
 In one word True/False, answer the following question Q: Is the property [nocturnal] true for [chisel]? 
 A:","False 

A chisel is an in"
nocturnal|clarinet,"Q: Is the property [is female] true for the concept [book]? 
 A: False 
 Q: Is the property [can be digital] true for the concept [book] 
 A: True 
 In one word True/False, answer the following question Q: Is the property [nocturnal] true for [clarinet]? 
 A:","False 

The property [nocturnal"
nocturnal|coat,"Q: Is the property [is female] true for the concept [book]? 
 A: False 
 Q: Is the property [can be digital] true for the concept [book] 
 A: True 
 In one word True/False, answer the following question Q: Is the property [nocturnal] true for [coat]? 
 A:","False 

The property [nocturnal"
nocturnal|coconut,"Q: Is the property [is female] true for the concept [book]? 
 A: False 
 Q: Is the property [can be digital] true for the concept [book] 
 A: True 
 In one word True/False, answer the following question Q: Is the property [nocturnal] true for [coconut]? 
 A:","False 

The property [nocturnal"
nocturnal|crow,"Q: Is the property [is female] true for the concept [book]? 
 A: False 
 Q: Is the property [can be digital] true for the concept [book] 
 A: True 
 In one word True/False, answer the following question Q: Is the property [nocturnal] true for [crow]? 
 A:","False 

Crows are generally not classified"
nocturnal|crowbar,"Q: Is the property [is female] true for the concept [book]? 
 A: False 
 Q: Is the property [can be digital] true for the concept [book] 
 A: True 
 In one word True/False, answer the following question Q: Is the property [nocturnal] true for [crowbar]? 
 A:","False 

A crowbar is an in"
nocturnal|dragonfly,"Q: Is the property [is female] true for the concept [book]? 
 A: False 
 Q: Is the property [can be digital] true for the concept [book] 
 A: True 
 In one word True/False, answer the following question Q: Is the property [nocturnal] true for [dragonfly]? 
 A:","False 

Dragonflies are generally diurnal"
nocturnal|dress,"Q: Is the property [is female] true for the concept [book]? 
 A: False 
 Q: Is the property [can be digital] true for the concept [book] 
 A: True 
 In one word True/False, answer the following question Q: Is the property [nocturnal] true for [dress]? 
 A:",False
nocturnal|eagle,"Q: Is the property [is female] true for the concept [book]? 
 A: False 
 Q: Is the property [can be digital] true for the concept [book] 
 A: True 
 In one word True/False, answer the following question Q: Is the property [nocturnal] true for [eagle]? 
 A:","False 

Eagles are generally not"
nocturnal|eggbeater,"Q: Is the property [is female] true for the concept [book]? 
 A: False 
 Q: Is the property [can be digital] true for the concept [book] 
 A: True 
 In one word True/False, answer the following question Q: Is the property [nocturnal] true for [eggbeater]? 
 A:","False 

An eggbeater is an"
nocturnal|fig,"Q: Is the property [is female] true for the concept [book]? 
 A: False 
 Q: Is the property [can be digital] true for the concept [book] 
 A: True 
 In one word True/False, answer the following question Q: Is the property [nocturnal] true for [fig]? 
 A:","False 

The concept of ""noct"
nocturnal|file,"Q: Is the property [is female] true for the concept [book]? 
 A: False 
 Q: Is the property [can be digital] true for the concept [book] 
 A: True 
 In one word True/False, answer the following question Q: Is the property [nocturnal] true for [file]? 
 A:","False 

The property [nocturnal"
nocturnal|flute,"Q: Is the property [is female] true for the concept [book]? 
 A: False 
 Q: Is the property [can be digital] true for the concept [book] 
 A: True 
 In one word True/False, answer the following question Q: Is the property [nocturnal] true for [flute]? 
 A:","False 

The property [nocturnal"
nocturnal|fly,"Q: Is the property [is female] true for the concept [book]? 
 A: False 
 Q: Is the property [can be digital] true for the concept [book] 
 A: True 
 In one word True/False, answer the following question Q: Is the property [nocturnal] true for [fly]? 
 A:","True

Some species of flies are noct"
nocturnal|grenade,"Q: Is the property [is female] true for the concept [book]? 
 A: False 
 Q: Is the property [can be digital] true for the concept [book] 
 A: True 
 In one word True/False, answer the following question Q: Is the property [nocturnal] true for [grenade]? 
 A:","False 

The property [nocturnal"
nocturnal|jeans,"Q: Is the property [is female] true for the concept [book]? 
 A: False 
 Q: Is the property [can be digital] true for the concept [book] 
 A: True 
 In one word True/False, answer the following question Q: Is the property [nocturnal] true for [jeans]? 
 A:",False
nocturnal|missile,"Q: Is the property [is female] true for the concept [book]? 
 A: False 
 Q: Is the property [can be digital] true for the concept [book] 
 A: True 
 In one word True/False, answer the following question Q: Is the property [nocturnal] true for [missile]? 
 A:","False 

A missile's operational capabilities are"
nocturnal|motorcycle,"Q: Is the property [is female] true for the concept [book]? 
 A: False 
 Q: Is the property [can be digital] true for the concept [book] 
 A: True 
 In one word True/False, answer the following question Q: Is the property [nocturnal] true for [motorcycle]? 
 A:",False
price|accordion,"Q: Is the property [is female] true for the concept [book]? 
 A: False 
 Q: Is the property [can be digital] true for the concept [book] 
 A: True 
 In one word True/False, answer the following question Q: Is the property [price] true for [accordion]? 
 A:","False

The property ""price"" is"
price|acorn,"Q: Is the property [is female] true for the concept [book]? 
 A: False 
 Q: Is the property [can be digital] true for the concept [book] 
 A: True 
 In one word True/False, answer the following question Q: Is the property [price] true for [acorn]? 
 A:","False

The property ""price"" is"
price|airplane,"Q: Is the property [is female] true for the concept [book]? 
 A: False 
 Q: Is the property [can be digital] true for the concept [book] 
 A: True 
 In one word True/False, answer the following question Q: Is the property [price] true for [airplane]? 
 A:","False

The property ""price"" is"
price|aloe,"Q: Is the property [is female] true for the concept [book]? 
 A: False 
 Q: Is the property [can be digital] true for the concept [book] 
 A: True 
 In one word True/False, answer the following question Q: Is the property [price] true for [aloe]? 
 A:","False

The property ""price"" is"
price|ant,"Q: Is the property [is female] true for the concept [book]? 
 A: False 
 Q: Is the property [can be digital] true for the concept [book] 
 A: True 
 In one word True/False, answer the following question Q: Is the property [price] true for [ant]? 
 A:","False 

The property [price] is"
price|anteater,"Q: Is the property [is female] true for the concept [book]? 
 A: False 
 Q: Is the property [can be digital] true for the concept [book] 
 A: True 
 In one word True/False, answer the following question Q: Is the property [price] true for [anteater]? 
 A:","False

The property [price] refers"
price|anvil,"Q: Is the property [is female] true for the concept [book]? 
 A: False 
 Q: Is the property [can be digital] true for the concept [book] 
 A: True 
 In one word True/False, answer the following question Q: Is the property [price] true for [anvil]? 
 A:","False

The property ""price"" is"
price|apple,"Q: Is the property [is female] true for the concept [book]? 
 A: False 
 Q: Is the property [can be digital] true for the concept [book] 
 A: True 
 In one word True/False, answer the following question Q: Is the property [price] true for [apple]? 
 A:","False

The property ""price"" is"
price|artichoke,"Q: Is the property [is female] true for the concept [book]? 
 A: False 
 Q: Is the property [can be digital] true for the concept [book] 
 A: True 
 In one word True/False, answer the following question Q: Is the property [price] true for [artichoke]? 
 A:","False

The property ""price"" is"
price|bagel,"Q: Is the property [is female] true for the concept [book]? 
 A: False 
 Q: Is the property [can be digital] true for the concept [book] 
 A: True 
 In one word True/False, answer the following question Q: Is the property [price] true for [bagel]? 
 A:","False

The property ""price"" is"
price|banana,"Q: Is the property [is female] true for the concept [book]? 
 A: False 
 Q: Is the property [can be digital] true for the concept [book] 
 A: True 
 In one word True/False, answer the following question Q: Is the property [price] true for [banana]? 
 A:","False

The property ""price"" is"
price|banjo,"Q: Is the property [is female] true for the concept [book]? 
 A: False 
 Q: Is the property [can be digital] true for the concept [book] 
 A: True 
 In one word True/False, answer the following question Q: Is the property [price] true for [banjo]? 
 A:","False

The property ""price"" is"
price|barrel,"Q: Is the property [is female] true for the concept [book]? 
 A: False 
 Q: Is the property [can be digital] true for the concept [book] 
 A: True 
 In one word True/False, answer the following question Q: Is the property [price] true for [barrel]? 
 A:","False

The property ""price"" is"
price|bat,"Q: Is the property [is female] true for the concept [book]? 
 A: False 
 Q: Is the property [can be digital] true for the concept [book] 
 A: True 
 In one word True/False, answer the following question Q: Is the property [price] true for [bat]? 
 A:","False

The property ""price"" is"
price|beaver,"Q: Is the property [is female] true for the concept [book]? 
 A: False 
 Q: Is the property [can be digital] true for the concept [book] 
 A: True 
 In one word True/False, answer the following question Q: Is the property [price] true for [beaver]? 
 A:","False

The property ""price"" is"
price|bed,"Q: Is the property [is female] true for the concept [book]? 
 A: False 
 Q: Is the property [can be digital] true for the concept [book] 
 A: True 
 In one word True/False, answer the following question Q: Is the property [price] true for [bed]? 
 A:","False

The property ""price"" is"
price|beet,"Q: Is the property [is female] true for the concept [book]? 
 A: False 
 Q: Is the property [can be digital] true for the concept [book] 
 A: True 
 In one word True/False, answer the following question Q: Is the property [price] true for [beet]? 
 A:","False

The property ""price"" is"
price|beetle,"Q: Is the property [is female] true for the concept [book]? 
 A: False 
 Q: Is the property [can be digital] true for the concept [book] 
 A: True 
 In one word True/False, answer the following question Q: Is the property [price] true for [beetle]? 
 A:","False

The property ""price"" is"
price|bell,"Q: Is the property [is female] true for the concept [book]? 
 A: False 
 Q: Is the property [can be digital] true for the concept [book] 
 A: True 
 In one word True/False, answer the following question Q: Is the property [price] true for [bell]? 
 A:","False

The property ""price"" is"
price|belt,"Q: Is the property [is female] true for the concept [book]? 
 A: False 
 Q: Is the property [can be digital] true for the concept [book] 
 A: True 
 In one word True/False, answer the following question Q: Is the property [price] true for [belt]? 
 A:","False

The property ""price"" is"
price|bird,"Q: Is the property [is female] true for the concept [book]? 
 A: False 
 Q: Is the property [can be digital] true for the concept [book] 
 A: True 
 In one word True/False, answer the following question Q: Is the property [price] true for [bird]? 
 A:","False

The property ""price"" is"
price|blender,"Q: Is the property [is female] true for the concept [book]? 
 A: False 
 Q: Is the property [can be digital] true for the concept [book] 
 A: True 
 In one word True/False, answer the following question Q: Is the property [price] true for [blender]? 
 A:","False

The property ""price"" is"
price|blowtorch,"Q: Is the property [is female] true for the concept [book]? 
 A: False 
 Q: Is the property [can be digital] true for the concept [book] 
 A: True 
 In one word True/False, answer the following question Q: Is the property [price] true for [blowtorch]? 
 A:","False

The property ""price"" is"
price|blueberry,"Q: Is the property [is female] true for the concept [book]? 
 A: False 
 Q: Is the property [can be digital] true for the concept [book] 
 A: True 
 In one word True/False, answer the following question Q: Is the property [price] true for [blueberry]? 
 A:","False

The property ""price"" is"
price|boa,"Q: Is the property [is female] true for the concept [book]? 
 A: False 
 Q: Is the property [can be digital] true for the concept [book] 
 A: True 
 In one word True/False, answer the following question Q: Is the property [price] true for [boa]? 
 A:","False

The property [price] is"
price|boar,"Q: Is the property [is female] true for the concept [book]? 
 A: False 
 Q: Is the property [can be digital] true for the concept [book] 
 A: True 
 In one word True/False, answer the following question Q: Is the property [price] true for [boar]? 
 A:","False

The property ""price"" is"
price|bread,"Q: Is the property [is female] true for the concept [book]? 
 A: False 
 Q: Is the property [can be digital] true for the concept [book] 
 A: True 
 In one word True/False, answer the following question Q: Is the property [price] true for [bread]? 
 A:","False

The property ""price"" is"
price|brussels sprouts,"Q: Is the property [is female] true for the concept [book]? 
 A: False 
 Q: Is the property [can be digital] true for the concept [book] 
 A: True 
 In one word True/False, answer the following question Q: Is the property [price] true for [brussels sprouts]? 
 A:","False

The property ""price"" is"
price|bucket,"Q: Is the property [is female] true for the concept [book]? 
 A: False 
 Q: Is the property [can be digital] true for the concept [book] 
 A: True 
 In one word True/False, answer the following question Q: Is the property [price] true for [bucket]? 
 A:","False

The property ""price"" is"
price|burrito,"Q: Is the property [is female] true for the concept [book]? 
 A: False 
 Q: Is the property [can be digital] true for the concept [book] 
 A: True 
 In one word True/False, answer the following question Q: Is the property [price] true for [burrito]? 
 A:","False

The property ""price"" is"
price|cactus,"Q: Is the property [is female] true for the concept [book]? 
 A: False 
 Q: Is the property [can be digital] true for the concept [book] 
 A: True 
 In one word True/False, answer the following question Q: Is the property [price] true for [cactus]? 
 A:","False

The property ""price"" is"
price|candle,"Q: Is the property [is female] true for the concept [book]? 
 A: False 
 Q: Is the property [can be digital] true for the concept [book] 
 A: True 
 In one word True/False, answer the following question Q: Is the property [price] true for [candle]? 
 A:","False

The property ""price"" is"
price|candy,"Q: Is the property [is female] true for the concept [book]? 
 A: False 
 Q: Is the property [can be digital] true for the concept [book] 
 A: True 
 In one word True/False, answer the following question Q: Is the property [price] true for [candy]? 
 A:","False

The property ""price"" is"
price|cannon,"Q: Is the property [is female] true for the concept [book]? 
 A: False 
 Q: Is the property [can be digital] true for the concept [book] 
 A: True 
 In one word True/False, answer the following question Q: Is the property [price] true for [cannon]? 
 A:","False

The property ""price"" is"
price|car,"Q: Is the property [is female] true for the concept [book]? 
 A: False 
 Q: Is the property [can be digital] true for the concept [book] 
 A: True 
 In one word True/False, answer the following question Q: Is the property [price] true for [car]? 
 A:","False

The property ""price"" is"
price|carrot,"Q: Is the property [is female] true for the concept [book]? 
 A: False 
 Q: Is the property [can be digital] true for the concept [book] 
 A: True 
 In one word True/False, answer the following question Q: Is the property [price] true for [carrot]? 
 A:","False

The property ""price"" is"
price|cart,"Q: Is the property [is female] true for the concept [book]? 
 A: False 
 Q: Is the property [can be digital] true for the concept [book] 
 A: True 
 In one word True/False, answer the following question Q: Is the property [price] true for [cart]? 
 A:","False

The property ""price"" is"
price|cat,"Q: Is the property [is female] true for the concept [book]? 
 A: False 
 Q: Is the property [can be digital] true for the concept [book] 
 A: True 
 In one word True/False, answer the following question Q: Is the property [price] true for [cat]? 
 A:","False

The property ""price"" is"
price|caterpillar,"Q: Is the property [is female] true for the concept [book]? 
 A: False 
 Q: Is the property [can be digital] true for the concept [book] 
 A: True 
 In one word True/False, answer the following question Q: Is the property [price] true for [caterpillar]? 
 A:","False 

The property [price] is"
price|celery,"Q: Is the property [is female] true for the concept [book]? 
 A: False 
 Q: Is the property [can be digital] true for the concept [book] 
 A: True 
 In one word True/False, answer the following question Q: Is the property [price] true for [celery]? 
 A:","False

The property ""price"" is"
price|chili,"Q: Is the property [is female] true for the concept [book]? 
 A: False 
 Q: Is the property [can be digital] true for the concept [book] 
 A: True 
 In one word True/False, answer the following question Q: Is the property [price] true for [chili]? 
 A:","False

The property ""price"" is"
price|chinchilla,"Q: Is the property [is female] true for the concept [book]? 
 A: False 
 Q: Is the property [can be digital] true for the concept [book] 
 A: True 
 In one word True/False, answer the following question Q: Is the property [price] true for [chinchilla]? 
 A:","False

The property ""price"" is"
price|chisel,"Q: Is the property [is female] true for the concept [book]? 
 A: False 
 Q: Is the property [can be digital] true for the concept [book] 
 A: True 
 In one word True/False, answer the following question Q: Is the property [price] true for [chisel]? 
 A:","False

The property ""price"" is"
price|clarinet,"Q: Is the property [is female] true for the concept [book]? 
 A: False 
 Q: Is the property [can be digital] true for the concept [book] 
 A: True 
 In one word True/False, answer the following question Q: Is the property [price] true for [clarinet]? 
 A:","False

The property ""price"" is"
price|coat,"Q: Is the property [is female] true for the concept [book]? 
 A: False 
 Q: Is the property [can be digital] true for the concept [book] 
 A: True 
 In one word True/False, answer the following question Q: Is the property [price] true for [coat]? 
 A:","False

The property ""price"" is"
price|coconut,"Q: Is the property [is female] true for the concept [book]? 
 A: False 
 Q: Is the property [can be digital] true for the concept [book] 
 A: True 
 In one word True/False, answer the following question Q: Is the property [price] true for [coconut]? 
 A:","False

The property ""price"" is"
price|crow,"Q: Is the property [is female] true for the concept [book]? 
 A: False 
 Q: Is the property [can be digital] true for the concept [book] 
 A: True 
 In one word True/False, answer the following question Q: Is the property [price] true for [crow]? 
 A:","False 

The property [price] is"
price|crowbar,"Q: Is the property [is female] true for the concept [book]? 
 A: False 
 Q: Is the property [can be digital] true for the concept [book] 
 A: True 
 In one word True/False, answer the following question Q: Is the property [price] true for [crowbar]? 
 A:","False

The property ""price"" is"
price|dragonfly,"Q: Is the property [is female] true for the concept [book]? 
 A: False 
 Q: Is the property [can be digital] true for the concept [book] 
 A: True 
 In one word True/False, answer the following question Q: Is the property [price] true for [dragonfly]? 
 A:","False

The property ""price"" does"
price|dress,"Q: Is the property [is female] true for the concept [book]? 
 A: False 
 Q: Is the property [can be digital] true for the concept [book] 
 A: True 
 In one word True/False, answer the following question Q: Is the property [price] true for [dress]? 
 A:","False

The property ""price"" is"
price|eagle,"Q: Is the property [is female] true for the concept [book]? 
 A: False 
 Q: Is the property [can be digital] true for the concept [book] 
 A: True 
 In one word True/False, answer the following question Q: Is the property [price] true for [eagle]? 
 A:","False

The property ""price"" is"
price|eggbeater,"Q: Is the property [is female] true for the concept [book]? 
 A: False 
 Q: Is the property [can be digital] true for the concept [book] 
 A: True 
 In one word True/False, answer the following question Q: Is the property [price] true for [eggbeater]? 
 A:","False

The property ""price"" is"
price|fig,"Q: Is the property [is female] true for the concept [book]? 
 A: False 
 Q: Is the property [can be digital] true for the concept [book] 
 A: True 
 In one word True/False, answer the following question Q: Is the property [price] true for [fig]? 
 A:","False

The property ""price"" is"
price|file,"Q: Is the property [is female] true for the concept [book]? 
 A: False 
 Q: Is the property [can be digital] true for the concept [book] 
 A: True 
 In one word True/False, answer the following question Q: Is the property [price] true for [file]? 
 A:","False

The property ""price"" is"
price|flute,"Q: Is the property [is female] true for the concept [book]? 
 A: False 
 Q: Is the property [can be digital] true for the concept [book] 
 A: True 
 In one word True/False, answer the following question Q: Is the property [price] true for [flute]? 
 A:","False

The property ""price"" is"
price|fly,"Q: Is the property [is female] true for the concept [book]? 
 A: False 
 Q: Is the property [can be digital] true for the concept [book] 
 A: True 
 In one word True/False, answer the following question Q: Is the property [price] true for [fly]? 
 A:","False 

The property [price] is"
price|grenade,"Q: Is the property [is female] true for the concept [book]? 
 A: False 
 Q: Is the property [can be digital] true for the concept [book] 
 A: True 
 In one word True/False, answer the following question Q: Is the property [price] true for [grenade]? 
 A:","False

The property ""price"" is"
price|jeans,"Q: Is the property [is female] true for the concept [book]? 
 A: False 
 Q: Is the property [can be digital] true for the concept [book] 
 A: True 
 In one word True/False, answer the following question Q: Is the property [price] true for [jeans]? 
 A:","False

The property ""price"" is"
price|missile,"Q: Is the property [is female] true for the concept [book]? 
 A: False 
 Q: Is the property [can be digital] true for the concept [book] 
 A: True 
 In one word True/False, answer the following question Q: Is the property [price] true for [missile]? 
 A:","False

The property ""price"" is"
price|motorcycle,"Q: Is the property [is female] true for the concept [book]? 
 A: False 
 Q: Is the property [can be digital] true for the concept [book] 
 A: True 
 In one word True/False, answer the following question Q: Is the property [price] true for [motorcycle]? 
 A:","False

The property ""price"" is"
rich in antioxidants|accordion,"Q: Is the property [is female] true for the concept [book]? 
 A: False 
 Q: Is the property [can be digital] true for the concept [book] 
 A: True 
 In one word True/False, answer the following question Q: Is the property [rich in antioxidants] true for [accordion]? 
 A:","False 

The concept of being ""rich"
rich in antioxidants|acorn,"Q: Is the property [is female] true for the concept [book]? 
 A: False 
 Q: Is the property [can be digital] true for the concept [book] 
 A: True 
 In one word True/False, answer the following question Q: Is the property [rich in antioxidants] true for [acorn]? 
 A:","True 

Acorns, while not commonly"
rich in antioxidants|airplane,"Q: Is the property [is female] true for the concept [book]? 
 A: False 
 Q: Is the property [can be digital] true for the concept [book] 
 A: True 
 In one word True/False, answer the following question Q: Is the property [rich in antioxidants] true for [airplane]? 
 A:",False
rich in antioxidants|aloe,"Q: Is the property [is female] true for the concept [book]? 
 A: False 
 Q: Is the property [can be digital] true for the concept [book] 
 A: True 
 In one word True/False, answer the following question Q: Is the property [rich in antioxidants] true for [aloe]? 
 A:","True 

Aloe, particularly aloe"
rich in antioxidants|ant,"Q: Is the property [is female] true for the concept [book]? 
 A: False 
 Q: Is the property [can be digital] true for the concept [book] 
 A: True 
 In one word True/False, answer the following question Q: Is the property [rich in antioxidants] true for [ant]? 
 A:","False 

The property [rich in antioxidants"
rich in antioxidants|anteater,"Q: Is the property [is female] true for the concept [book]? 
 A: False 
 Q: Is the property [can be digital] true for the concept [book] 
 A: True 
 In one word True/False, answer the following question Q: Is the property [rich in antioxidants] true for [anteater]? 
 A:","False 

Anteaters are not rich"
rich in antioxidants|anvil,"Q: Is the property [is female] true for the concept [book]? 
 A: False 
 Q: Is the property [can be digital] true for the concept [book] 
 A: True 
 In one word True/False, answer the following question Q: Is the property [rich in antioxidants] true for [anvil]? 
 A:","False 

Anvils are objects typically"
rich in antioxidants|apple,"Q: Is the property [is female] true for the concept [book]? 
 A: False 
 Q: Is the property [can be digital] true for the concept [book] 
 A: True 
 In one word True/False, answer the following question Q: Is the property [rich in antioxidants] true for [apple]? 
 A:",True
rich in antioxidants|artichoke,"Q: Is the property [is female] true for the concept [book]? 
 A: False 
 Q: Is the property [can be digital] true for the concept [book] 
 A: True 
 In one word True/False, answer the following question Q: Is the property [rich in antioxidants] true for [artichoke]? 
 A:","True 

Artichokes are indeed rich"
rich in antioxidants|bagel,"Q: Is the property [is female] true for the concept [book]? 
 A: False 
 Q: Is the property [can be digital] true for the concept [book] 
 A: True 
 In one word True/False, answer the following question Q: Is the property [rich in antioxidants] true for [bagel]? 
 A:","False 

Bagels are typically not considered"
rich in antioxidants|banana,"Q: Is the property [is female] true for the concept [book]? 
 A: False 
 Q: Is the property [can be digital] true for the concept [book] 
 A: True 
 In one word True/False, answer the following question Q: Is the property [rich in antioxidants] true for [banana]? 
 A:","False 

Bananas do contain some antioxidants"
rich in antioxidants|banjo,"Q: Is the property [is female] true for the concept [book]? 
 A: False 
 Q: Is the property [can be digital] true for the concept [book] 
 A: True 
 In one word True/False, answer the following question Q: Is the property [rich in antioxidants] true for [banjo]? 
 A:","False 

The property [rich in antioxidants"
rich in antioxidants|barrel,"Q: Is the property [is female] true for the concept [book]? 
 A: False 
 Q: Is the property [can be digital] true for the concept [book] 
 A: True 
 In one word True/False, answer the following question Q: Is the property [rich in antioxidants] true for [barrel]? 
 A:","False 

The property [rich in antioxidants"
rich in antioxidants|bat,"Q: Is the property [is female] true for the concept [book]? 
 A: False 
 Q: Is the property [can be digital] true for the concept [book] 
 A: True 
 In one word True/False, answer the following question Q: Is the property [rich in antioxidants] true for [bat]? 
 A:","False 

Bats, as animals,"
rich in antioxidants|beaver,"Q: Is the property [is female] true for the concept [book]? 
 A: False 
 Q: Is the property [can be digital] true for the concept [book] 
 A: True 
 In one word True/False, answer the following question Q: Is the property [rich in antioxidants] true for [beaver]? 
 A:","False 

The property [rich in antioxidants"
rich in antioxidants|bed,"Q: Is the property [is female] true for the concept [book]? 
 A: False 
 Q: Is the property [can be digital] true for the concept [book] 
 A: True 
 In one word True/False, answer the following question Q: Is the property [rich in antioxidants] true for [bed]? 
 A:","False 

The concept of a bed does"
rich in antioxidants|beet,"Q: Is the property [is female] true for the concept [book]? 
 A: False 
 Q: Is the property [can be digital] true for the concept [book] 
 A: True 
 In one word True/False, answer the following question Q: Is the property [rich in antioxidants] true for [beet]? 
 A:","True 

Beets are indeed rich in"
rich in antioxidants|beetle,"Q: Is the property [is female] true for the concept [book]? 
 A: False 
 Q: Is the property [can be digital] true for the concept [book] 
 A: True 
 In one word True/False, answer the following question Q: Is the property [rich in antioxidants] true for [beetle]? 
 A:","False 

The property [rich in antioxidants"
rich in antioxidants|bell,"Q: Is the property [is female] true for the concept [book]? 
 A: False 
 Q: Is the property [can be digital] true for the concept [book] 
 A: True 
 In one word True/False, answer the following question Q: Is the property [rich in antioxidants] true for [bell]? 
 A:","False 

The term ""bell"" by"
rich in antioxidants|belt,"Q: Is the property [is female] true for the concept [book]? 
 A: False 
 Q: Is the property [can be digital] true for the concept [book] 
 A: True 
 In one word True/False, answer the following question Q: Is the property [rich in antioxidants] true for [belt]? 
 A:","False 

A belt does not have nutritional"
rich in antioxidants|bird,"Q: Is the property [is female] true for the concept [book]? 
 A: False 
 Q: Is the property [can be digital] true for the concept [book] 
 A: True 
 In one word True/False, answer the following question Q: Is the property [rich in antioxidants] true for [bird]? 
 A:","False 

The property [rich in antioxidants"
rich in antioxidants|blender,"Q: Is the property [is female] true for the concept [book]? 
 A: False 
 Q: Is the property [can be digital] true for the concept [book] 
 A: True 
 In one word True/False, answer the following question Q: Is the property [rich in antioxidants] true for [blender]? 
 A:","False 

A blender is a kitchen appliance"
rich in antioxidants|blowtorch,"Q: Is the property [is female] true for the concept [book]? 
 A: False 
 Q: Is the property [can be digital] true for the concept [book] 
 A: True 
 In one word True/False, answer the following question Q: Is the property [rich in antioxidants] true for [blowtorch]? 
 A:","False 

A blowtorch is an in"
rich in antioxidants|blueberry,"Q: Is the property [is female] true for the concept [book]? 
 A: False 
 Q: Is the property [can be digital] true for the concept [book] 
 A: True 
 In one word True/False, answer the following question Q: Is the property [rich in antioxidants] true for [blueberry]? 
 A:",True
rich in antioxidants|boa,"Q: Is the property [is female] true for the concept [book]? 
 A: False 
 Q: Is the property [can be digital] true for the concept [book] 
 A: True 
 In one word True/False, answer the following question Q: Is the property [rich in antioxidants] true for [boa]? 
 A:","False 

The term ""boa"" typically"
rich in antioxidants|boar,"Q: Is the property [is female] true for the concept [book]? 
 A: False 
 Q: Is the property [can be digital] true for the concept [book] 
 A: True 
 In one word True/False, answer the following question Q: Is the property [rich in antioxidants] true for [boar]? 
 A:","False 

The property [rich in antioxidants"
rich in antioxidants|bread,"Q: Is the property [is female] true for the concept [book]? 
 A: False 
 Q: Is the property [can be digital] true for the concept [book] 
 A: True 
 In one word True/False, answer the following question Q: Is the property [rich in antioxidants] true for [bread]? 
 A:","False 

While some types of bread might"
rich in antioxidants|brussels sprouts,"Q: Is the property [is female] true for the concept [book]? 
 A: False 
 Q: Is the property [can be digital] true for the concept [book] 
 A: True 
 In one word True/False, answer the following question Q: Is the property [rich in antioxidants] true for [brussels sprouts]? 
 A:","True 

Brussels sprouts are indeed"
rich in antioxidants|bucket,"Q: Is the property [is female] true for the concept [book]? 
 A: False 
 Q: Is the property [can be digital] true for the concept [book] 
 A: True 
 In one word True/False, answer the following question Q: Is the property [rich in antioxidants] true for [bucket]? 
 A:","False 

The concept of a bucket,"
rich in antioxidants|burrito,"Q: Is the property [is female] true for the concept [book]? 
 A: False 
 Q: Is the property [can be digital] true for the concept [book] 
 A: True 
 In one word True/False, answer the following question Q: Is the property [rich in antioxidants] true for [burrito]? 
 A:","False 

While burritos can contain ingredients"
rich in antioxidants|cactus,"Q: Is the property [is female] true for the concept [book]? 
 A: False 
 Q: Is the property [can be digital] true for the concept [book] 
 A: True 
 In one word True/False, answer the following question Q: Is the property [rich in antioxidants] true for [cactus]? 
 A:","True

Some species of cactus,"
rich in antioxidants|candle,"Q: Is the property [is female] true for the concept [book]? 
 A: False 
 Q: Is the property [can be digital] true for the concept [book] 
 A: True 
 In one word True/False, answer the following question Q: Is the property [rich in antioxidants] true for [candle]? 
 A:","False 

A candle is typically made of"
rich in antioxidants|candy,"Q: Is the property [is female] true for the concept [book]? 
 A: False 
 Q: Is the property [can be digital] true for the concept [book] 
 A: True 
 In one word True/False, answer the following question Q: Is the property [rich in antioxidants] true for [candy]? 
 A:","False 

Candy is typically not rich"
rich in antioxidants|cannon,"Q: Is the property [is female] true for the concept [book]? 
 A: False 
 Q: Is the property [can be digital] true for the concept [book] 
 A: True 
 In one word True/False, answer the following question Q: Is the property [rich in antioxidants] true for [cannon]? 
 A:",False
rich in antioxidants|car,"Q: Is the property [is female] true for the concept [book]? 
 A: False 
 Q: Is the property [can be digital] true for the concept [book] 
 A: True 
 In one word True/False, answer the following question Q: Is the property [rich in antioxidants] true for [car]? 
 A:","False 

The property [rich in antioxidants"
rich in antioxidants|carrot,"Q: Is the property [is female] true for the concept [book]? 
 A: False 
 Q: Is the property [can be digital] true for the concept [book] 
 A: True 
 In one word True/False, answer the following question Q: Is the property [rich in antioxidants] true for [carrot]? 
 A:","True 

Carrots are indeed rich in"
rich in antioxidants|cart,"Q: Is the property [is female] true for the concept [book]? 
 A: False 
 Q: Is the property [can be digital] true for the concept [book] 
 A: True 
 In one word True/False, answer the following question Q: Is the property [rich in antioxidants] true for [cart]? 
 A:","False 

The concept of a ""cart"
rich in antioxidants|cat,"Q: Is the property [is female] true for the concept [book]? 
 A: False 
 Q: Is the property [can be digital] true for the concept [book] 
 A: True 
 In one word True/False, answer the following question Q: Is the property [rich in antioxidants] true for [cat]? 
 A:","False 

The property [rich in antioxidants"
rich in antioxidants|caterpillar,"Q: Is the property [is female] true for the concept [book]? 
 A: False 
 Q: Is the property [can be digital] true for the concept [book] 
 A: True 
 In one word True/False, answer the following question Q: Is the property [rich in antioxidants] true for [caterpillar]? 
 A:","False 

Caterpillars are not"
rich in antioxidants|celery,"Q: Is the property [is female] true for the concept [book]? 
 A: False 
 Q: Is the property [can be digital] true for the concept [book] 
 A: True 
 In one word True/False, answer the following question Q: Is the property [rich in antioxidants] true for [celery]? 
 A:","False 

While celery does contain some antioxidants"
rich in antioxidants|chili,"Q: Is the property [is female] true for the concept [book]? 
 A: False 
 Q: Is the property [can be digital] true for the concept [book] 
 A: True 
 In one word True/False, answer the following question Q: Is the property [rich in antioxidants] true for [chili]? 
 A:","True 

Chili, especially when referring"
rich in antioxidants|chinchilla,"Q: Is the property [is female] true for the concept [book]? 
 A: False 
 Q: Is the property [can be digital] true for the concept [book] 
 A: True 
 In one word True/False, answer the following question Q: Is the property [rich in antioxidants] true for [chinchilla]? 
 A:","False 

The property [rich in antioxidants"
rich in antioxidants|chisel,"Q: Is the property [is female] true for the concept [book]? 
 A: False 
 Q: Is the property [can be digital] true for the concept [book] 
 A: True 
 In one word True/False, answer the following question Q: Is the property [rich in antioxidants] true for [chisel]? 
 A:","False 

A chisel is a tool"
rich in antioxidants|clarinet,"Q: Is the property [is female] true for the concept [book]? 
 A: False 
 Q: Is the property [can be digital] true for the concept [book] 
 A: True 
 In one word True/False, answer the following question Q: Is the property [rich in antioxidants] true for [clarinet]? 
 A:","False 

The property [rich in antioxidants"
rich in antioxidants|coat,"Q: Is the property [is female] true for the concept [book]? 
 A: False 
 Q: Is the property [can be digital] true for the concept [book] 
 A: True 
 In one word True/False, answer the following question Q: Is the property [rich in antioxidants] true for [coat]? 
 A:","False 

The property [rich in antioxidants"
rich in antioxidants|coconut,"Q: Is the property [is female] true for the concept [book]? 
 A: False 
 Q: Is the property [can be digital] true for the concept [book] 
 A: True 
 In one word True/False, answer the following question Q: Is the property [rich in antioxidants] true for [coconut]? 
 A:","False 

Coconuts, while nutritious"
rich in antioxidants|crow,"Q: Is the property [is female] true for the concept [book]? 
 A: False 
 Q: Is the property [can be digital] true for the concept [book] 
 A: True 
 In one word True/False, answer the following question Q: Is the property [rich in antioxidants] true for [crow]? 
 A:","False 

The concept of being ""rich"
rich in antioxidants|crowbar,"Q: Is the property [is female] true for the concept [book]? 
 A: False 
 Q: Is the property [can be digital] true for the concept [book] 
 A: True 
 In one word True/False, answer the following question Q: Is the property [rich in antioxidants] true for [crowbar]? 
 A:",False
rich in antioxidants|dragonfly,"Q: Is the property [is female] true for the concept [book]? 
 A: False 
 Q: Is the property [can be digital] true for the concept [book] 
 A: True 
 In one word True/False, answer the following question Q: Is the property [rich in antioxidants] true for [dragonfly]? 
 A:","False 

The property [rich in antioxidants"
rich in antioxidants|dress,"Q: Is the property [is female] true for the concept [book]? 
 A: False 
 Q: Is the property [can be digital] true for the concept [book] 
 A: True 
 In one word True/False, answer the following question Q: Is the property [rich in antioxidants] true for [dress]? 
 A:","False 

A dress, as a piece"
rich in antioxidants|eagle,"Q: Is the property [is female] true for the concept [book]? 
 A: False 
 Q: Is the property [can be digital] true for the concept [book] 
 A: True 
 In one word True/False, answer the following question Q: Is the property [rich in antioxidants] true for [eagle]? 
 A:","False 

The property [rich in antioxidants"
rich in antioxidants|eggbeater,"Q: Is the property [is female] true for the concept [book]? 
 A: False 
 Q: Is the property [can be digital] true for the concept [book] 
 A: True 
 In one word True/False, answer the following question Q: Is the property [rich in antioxidants] true for [eggbeater]? 
 A:","False 

Eggbeaters, which"
rich in antioxidants|fig,"Q: Is the property [is female] true for the concept [book]? 
 A: False 
 Q: Is the property [can be digital] true for the concept [book] 
 A: True 
 In one word True/False, answer the following question Q: Is the property [rich in antioxidants] true for [fig]? 
 A:","True 

Figs are indeed rich in"
rich in antioxidants|file,"Q: Is the property [is female] true for the concept [book]? 
 A: False 
 Q: Is the property [can be digital] true for the concept [book] 
 A: True 
 In one word True/False, answer the following question Q: Is the property [rich in antioxidants] true for [file]? 
 A:","False 

The concept of being ""rich"
rich in antioxidants|flute,"Q: Is the property [is female] true for the concept [book]? 
 A: False 
 Q: Is the property [can be digital] true for the concept [book] 
 A: True 
 In one word True/False, answer the following question Q: Is the property [rich in antioxidants] true for [flute]? 
 A:","False 

The property [rich in antioxidants"
rich in antioxidants|fly,"Q: Is the property [is female] true for the concept [book]? 
 A: False 
 Q: Is the property [can be digital] true for the concept [book] 
 A: True 
 In one word True/False, answer the following question Q: Is the property [rich in antioxidants] true for [fly]? 
 A:","False 

The property [rich in antioxidants"
rich in antioxidants|grenade,"Q: Is the property [is female] true for the concept [book]? 
 A: False 
 Q: Is the property [can be digital] true for the concept [book] 
 A: True 
 In one word True/False, answer the following question Q: Is the property [rich in antioxidants] true for [grenade]? 
 A:","False 

The property [rich in antioxidants"
rich in antioxidants|jeans,"Q: Is the property [is female] true for the concept [book]? 
 A: False 
 Q: Is the property [can be digital] true for the concept [book] 
 A: True 
 In one word True/False, answer the following question Q: Is the property [rich in antioxidants] true for [jeans]? 
 A:","False 

Jeans, which are a"
rich in antioxidants|missile,"Q: Is the property [is female] true for the concept [book]? 
 A: False 
 Q: Is the property [can be digital] true for the concept [book] 
 A: True 
 In one word True/False, answer the following question Q: Is the property [rich in antioxidants] true for [missile]? 
 A:","False 

The property [rich in antioxidants"
rich in antioxidants|motorcycle,"Q: Is the property [is female] true for the concept [book]? 
 A: False 
 Q: Is the property [can be digital] true for the concept [book] 
 A: True 
 In one word True/False, answer the following question Q: Is the property [rich in antioxidants] true for [motorcycle]? 
 A:",False
rich in fiber|accordion,"Q: Is the property [is female] true for the concept [book]? 
 A: False 
 Q: Is the property [can be digital] true for the concept [book] 
 A: True 
 In one word True/False, answer the following question Q: Is the property [rich in fiber] true for [accordion]? 
 A:","False 

The concept of an accordion,"
rich in fiber|acorn,"Q: Is the property [is female] true for the concept [book]? 
 A: False 
 Q: Is the property [can be digital] true for the concept [book] 
 A: True 
 In one word True/False, answer the following question Q: Is the property [rich in fiber] true for [acorn]? 
 A:","True

Acorns, while small,"
rich in fiber|airplane,"Q: Is the property [is female] true for the concept [book]? 
 A: False 
 Q: Is the property [can be digital] true for the concept [book] 
 A: True 
 In one word True/False, answer the following question Q: Is the property [rich in fiber] true for [airplane]? 
 A:","False 

The property ""rich in fiber"
rich in fiber|aloe,"Q: Is the property [is female] true for the concept [book]? 
 A: False 
 Q: Is the property [can be digital] true for the concept [book] 
 A: True 
 In one word True/False, answer the following question Q: Is the property [rich in fiber] true for [aloe]? 
 A:","False 

Aloe is a plant,"
rich in fiber|ant,"Q: Is the property [is female] true for the concept [book]? 
 A: False 
 Q: Is the property [can be digital] true for the concept [book] 
 A: True 
 In one word True/False, answer the following question Q: Is the property [rich in fiber] true for [ant]? 
 A:","False 

The property ""rich in fiber"
rich in fiber|anteater,"Q: Is the property [is female] true for the concept [book]? 
 A: False 
 Q: Is the property [can be digital] true for the concept [book] 
 A: True 
 In one word True/False, answer the following question Q: Is the property [rich in fiber] true for [anteater]? 
 A:","False 

The concept of being ""rich"
rich in fiber|anvil,"Q: Is the property [is female] true for the concept [book]? 
 A: False 
 Q: Is the property [can be digital] true for the concept [book] 
 A: True 
 In one word True/False, answer the following question Q: Is the property [rich in fiber] true for [anvil]? 
 A:","False 

Anvils are made of"
rich in fiber|apple,"Q: Is the property [is female] true for the concept [book]? 
 A: False 
 Q: Is the property [can be digital] true for the concept [book] 
 A: True 
 In one word True/False, answer the following question Q: Is the property [rich in fiber] true for [apple]? 
 A:","True 

Apples contain dietary fiber,"
rich in fiber|artichoke,"Q: Is the property [is female] true for the concept [book]? 
 A: False 
 Q: Is the property [can be digital] true for the concept [book] 
 A: True 
 In one word True/False, answer the following question Q: Is the property [rich in fiber] true for [artichoke]? 
 A:","True 

Artichokes are indeed rich"
rich in fiber|bagel,"Q: Is the property [is female] true for the concept [book]? 
 A: False 
 Q: Is the property [can be digital] true for the concept [book] 
 A: True 
 In one word True/False, answer the following question Q: Is the property [rich in fiber] true for [bagel]? 
 A:","False 

While bagels can contain fiber"
rich in fiber|banana,"Q: Is the property [is female] true for the concept [book]? 
 A: False 
 Q: Is the property [can be digital] true for the concept [book] 
 A: True 
 In one word True/False, answer the following question Q: Is the property [rich in fiber] true for [banana]? 
 A:","True 

Bananas do contain dietary fiber"
rich in fiber|banjo,"Q: Is the property [is female] true for the concept [book]? 
 A: False 
 Q: Is the property [can be digital] true for the concept [book] 
 A: True 
 In one word True/False, answer the following question Q: Is the property [rich in fiber] true for [banjo]? 
 A:","False 

The property [rich in fiber"
rich in fiber|barrel,"Q: Is the property [is female] true for the concept [book]? 
 A: False 
 Q: Is the property [can be digital] true for the concept [book] 
 A: True 
 In one word True/False, answer the following question Q: Is the property [rich in fiber] true for [barrel]? 
 A:","False 

The property [rich in fiber"
rich in fiber|bat,"Q: Is the property [is female] true for the concept [book]? 
 A: False 
 Q: Is the property [can be digital] true for the concept [book] 
 A: True 
 In one word True/False, answer the following question Q: Is the property [rich in fiber] true for [bat]? 
 A:","False 

The property ""rich in fiber"
rich in fiber|beaver,"Q: Is the property [is female] true for the concept [book]? 
 A: False 
 Q: Is the property [can be digital] true for the concept [book] 
 A: True 
 In one word True/False, answer the following question Q: Is the property [rich in fiber] true for [beaver]? 
 A:","False 

The property ""rich in fiber"
rich in fiber|bed,"Q: Is the property [is female] true for the concept [book]? 
 A: False 
 Q: Is the property [can be digital] true for the concept [book] 
 A: True 
 In one word True/False, answer the following question Q: Is the property [rich in fiber] true for [bed]? 
 A:","False 

The property ""rich in fiber"
rich in fiber|beet,"Q: Is the property [is female] true for the concept [book]? 
 A: False 
 Q: Is the property [can be digital] true for the concept [book] 
 A: True 
 In one word True/False, answer the following question Q: Is the property [rich in fiber] true for [beet]? 
 A:","True 

Beets are indeed rich in"
rich in fiber|beetle,"Q: Is the property [is female] true for the concept [book]? 
 A: False 
 Q: Is the property [can be digital] true for the concept [book] 
 A: True 
 In one word True/False, answer the following question Q: Is the property [rich in fiber] true for [beetle]? 
 A:","False 

The property ""rich in fiber"
rich in fiber|bell,"Q: Is the property [is female] true for the concept [book]? 
 A: False 
 Q: Is the property [can be digital] true for the concept [book] 
 A: True 
 In one word True/False, answer the following question Q: Is the property [rich in fiber] true for [bell]? 
 A:","False 

The concept of [bell]"
rich in fiber|belt,"Q: Is the property [is female] true for the concept [book]? 
 A: False 
 Q: Is the property [can be digital] true for the concept [book] 
 A: True 
 In one word True/False, answer the following question Q: Is the property [rich in fiber] true for [belt]? 
 A:","False 

The property ""rich in fiber"
rich in fiber|bird,"Q: Is the property [is female] true for the concept [book]? 
 A: False 
 Q: Is the property [can be digital] true for the concept [book] 
 A: True 
 In one word True/False, answer the following question Q: Is the property [rich in fiber] true for [bird]? 
 A:","False 

The property ""rich in fiber"
rich in fiber|blender,"Q: Is the property [is female] true for the concept [book]? 
 A: False 
 Q: Is the property [can be digital] true for the concept [book] 
 A: True 
 In one word True/False, answer the following question Q: Is the property [rich in fiber] true for [blender]? 
 A:","False 

The property ""rich in fiber"
rich in fiber|blowtorch,"Q: Is the property [is female] true for the concept [book]? 
 A: False 
 Q: Is the property [can be digital] true for the concept [book] 
 A: True 
 In one word True/False, answer the following question Q: Is the property [rich in fiber] true for [blowtorch]? 
 A:",False
rich in fiber|blueberry,"Q: Is the property [is female] true for the concept [book]? 
 A: False 
 Q: Is the property [can be digital] true for the concept [book] 
 A: True 
 In one word True/False, answer the following question Q: Is the property [rich in fiber] true for [blueberry]? 
 A:","False 

Blueberries, while nutritious and"
rich in fiber|boa,"Q: Is the property [is female] true for the concept [book]? 
 A: False 
 Q: Is the property [can be digital] true for the concept [book] 
 A: True 
 In one word True/False, answer the following question Q: Is the property [rich in fiber] true for [boa]? 
 A:","False 

The concept of being ""rich"
rich in fiber|boar,"Q: Is the property [is female] true for the concept [book]? 
 A: False 
 Q: Is the property [can be digital] true for the concept [book] 
 A: True 
 In one word True/False, answer the following question Q: Is the property [rich in fiber] true for [boar]? 
 A:","False 

The property ""rich in fiber"
rich in fiber|bread,"Q: Is the property [is female] true for the concept [book]? 
 A: False 
 Q: Is the property [can be digital] true for the concept [book] 
 A: True 
 In one word True/False, answer the following question Q: Is the property [rich in fiber] true for [bread]? 
 A:","False 

While some types of bread can"
rich in fiber|brussels sprouts,"Q: Is the property [is female] true for the concept [book]? 
 A: False 
 Q: Is the property [can be digital] true for the concept [book] 
 A: True 
 In one word True/False, answer the following question Q: Is the property [rich in fiber] true for [brussels sprouts]? 
 A:","True 

Brussels sprouts are indeed"
rich in fiber|bucket,"Q: Is the property [is female] true for the concept [book]? 
 A: False 
 Q: Is the property [can be digital] true for the concept [book] 
 A: True 
 In one word True/False, answer the following question Q: Is the property [rich in fiber] true for [bucket]? 
 A:","False 

The property ""rich in fiber"
rich in fiber|burrito,"Q: Is the property [is female] true for the concept [book]? 
 A: False 
 Q: Is the property [can be digital] true for the concept [book] 
 A: True 
 In one word True/False, answer the following question Q: Is the property [rich in fiber] true for [burrito]? 
 A:","False 

While burritos can potentially be"
rich in fiber|cactus,"Q: Is the property [is female] true for the concept [book]? 
 A: False 
 Q: Is the property [can be digital] true for the concept [book] 
 A: True 
 In one word True/False, answer the following question Q: Is the property [rich in fiber] true for [cactus]? 
 A:","False 

While some species of cactus"
rich in fiber|candle,"Q: Is the property [is female] true for the concept [book]? 
 A: False 
 Q: Is the property [can be digital] true for the concept [book] 
 A: True 
 In one word True/False, answer the following question Q: Is the property [rich in fiber] true for [candle]? 
 A:","False 

The property [rich in fiber"
rich in fiber|candy,"Q: Is the property [is female] true for the concept [book]? 
 A: False 
 Q: Is the property [can be digital] true for the concept [book] 
 A: True 
 In one word True/False, answer the following question Q: Is the property [rich in fiber] true for [candy]? 
 A:",False
rich in fiber|cannon,"Q: Is the property [is female] true for the concept [book]? 
 A: False 
 Q: Is the property [can be digital] true for the concept [book] 
 A: True 
 In one word True/False, answer the following question Q: Is the property [rich in fiber] true for [cannon]? 
 A:","False 

The property [rich in fiber"
rich in fiber|car,"Q: Is the property [is female] true for the concept [book]? 
 A: False 
 Q: Is the property [can be digital] true for the concept [book] 
 A: True 
 In one word True/False, answer the following question Q: Is the property [rich in fiber] true for [car]? 
 A:","False 

The property ""rich in fiber"
rich in fiber|carrot,"Q: Is the property [is female] true for the concept [book]? 
 A: False 
 Q: Is the property [can be digital] true for the concept [book] 
 A: True 
 In one word True/False, answer the following question Q: Is the property [rich in fiber] true for [carrot]? 
 A:","True 

Carrots are indeed rich in"
rich in fiber|cart,"Q: Is the property [is female] true for the concept [book]? 
 A: False 
 Q: Is the property [can be digital] true for the concept [book] 
 A: True 
 In one word True/False, answer the following question Q: Is the property [rich in fiber] true for [cart]? 
 A:","False 

The concept of a ""cart"
rich in fiber|cat,"Q: Is the property [is female] true for the concept [book]? 
 A: False 
 Q: Is the property [can be digital] true for the concept [book] 
 A: True 
 In one word True/False, answer the following question Q: Is the property [rich in fiber] true for [cat]? 
 A:","False 

The property ""rich in fiber"
rich in fiber|caterpillar,"Q: Is the property [is female] true for the concept [book]? 
 A: False 
 Q: Is the property [can be digital] true for the concept [book] 
 A: True 
 In one word True/False, answer the following question Q: Is the property [rich in fiber] true for [caterpillar]? 
 A:","False 

Caterpillars are not"
rich in fiber|celery,"Q: Is the property [is female] true for the concept [book]? 
 A: False 
 Q: Is the property [can be digital] true for the concept [book] 
 A: True 
 In one word True/False, answer the following question Q: Is the property [rich in fiber] true for [celery]? 
 A:",True
rich in fiber|chili,"Q: Is the property [is female] true for the concept [book]? 
 A: False 
 Q: Is the property [can be digital] true for the concept [book] 
 A: True 
 In one word True/False, answer the following question Q: Is the property [rich in fiber] true for [chili]? 
 A:","False 

Chili, when referring to"
rich in fiber|chinchilla,"Q: Is the property [is female] true for the concept [book]? 
 A: False 
 Q: Is the property [can be digital] true for the concept [book] 
 A: True 
 In one word True/False, answer the following question Q: Is the property [rich in fiber] true for [chinchilla]? 
 A:","False 

Chinchillas are small rodents"
rich in fiber|chisel,"Q: Is the property [is female] true for the concept [book]? 
 A: False 
 Q: Is the property [can be digital] true for the concept [book] 
 A: True 
 In one word True/False, answer the following question Q: Is the property [rich in fiber] true for [chisel]? 
 A:","False 

A chisel is a tool"
rich in fiber|clarinet,"Q: Is the property [is female] true for the concept [book]? 
 A: False 
 Q: Is the property [can be digital] true for the concept [book] 
 A: True 
 In one word True/False, answer the following question Q: Is the property [rich in fiber] true for [clarinet]? 
 A:","False 

The property ""rich in fiber"
rich in fiber|coat,"Q: Is the property [is female] true for the concept [book]? 
 A: False 
 Q: Is the property [can be digital] true for the concept [book] 
 A: True 
 In one word True/False, answer the following question Q: Is the property [rich in fiber] true for [coat]? 
 A:","False 

A coat is a piece of"
rich in fiber|coconut,"Q: Is the property [is female] true for the concept [book]? 
 A: False 
 Q: Is the property [can be digital] true for the concept [book] 
 A: True 
 In one word True/False, answer the following question Q: Is the property [rich in fiber] true for [coconut]? 
 A:","False 

While coconuts do contain"
rich in fiber|crow,"Q: Is the property [is female] true for the concept [book]? 
 A: False 
 Q: Is the property [can be digital] true for the concept [book] 
 A: True 
 In one word True/False, answer the following question Q: Is the property [rich in fiber] true for [crow]? 
 A:","False 

The concept of being ""rich"
rich in fiber|crowbar,"Q: Is the property [is female] true for the concept [book]? 
 A: False 
 Q: Is the property [can be digital] true for the concept [book] 
 A: True 
 In one word True/False, answer the following question Q: Is the property [rich in fiber] true for [crowbar]? 
 A:","False 

A crowbar is a metal"
rich in fiber|dragonfly,"Q: Is the property [is female] true for the concept [book]? 
 A: False 
 Q: Is the property [can be digital] true for the concept [book] 
 A: True 
 In one word True/False, answer the following question Q: Is the property [rich in fiber] true for [dragonfly]? 
 A:","False 

The property ""rich in fiber"
rich in fiber|dress,"Q: Is the property [is female] true for the concept [book]? 
 A: False 
 Q: Is the property [can be digital] true for the concept [book] 
 A: True 
 In one word True/False, answer the following question Q: Is the property [rich in fiber] true for [dress]? 
 A:","False 

The property [rich in fiber"
rich in fiber|eagle,"Q: Is the property [is female] true for the concept [book]? 
 A: False 
 Q: Is the property [can be digital] true for the concept [book] 
 A: True 
 In one word True/False, answer the following question Q: Is the property [rich in fiber] true for [eagle]? 
 A:","False 

Eagles are birds of"
rich in fiber|eggbeater,"Q: Is the property [is female] true for the concept [book]? 
 A: False 
 Q: Is the property [can be digital] true for the concept [book] 
 A: True 
 In one word True/False, answer the following question Q: Is the property [rich in fiber] true for [eggbeater]? 
 A:","False 

An eggbeater is a"
rich in fiber|fig,"Q: Is the property [is female] true for the concept [book]? 
 A: False 
 Q: Is the property [can be digital] true for the concept [book] 
 A: True 
 In one word True/False, answer the following question Q: Is the property [rich in fiber] true for [fig]? 
 A:","True 

Figs are indeed rich in"
rich in fiber|file,"Q: Is the property [is female] true for the concept [book]? 
 A: False 
 Q: Is the property [can be digital] true for the concept [book] 
 A: True 
 In one word True/False, answer the following question Q: Is the property [rich in fiber] true for [file]? 
 A:","False 

The concept of a ""file"
rich in fiber|flute,"Q: Is the property [is female] true for the concept [book]? 
 A: False 
 Q: Is the property [can be digital] true for the concept [book] 
 A: True 
 In one word True/False, answer the following question Q: Is the property [rich in fiber] true for [flute]? 
 A:","False 

The property [rich in fiber"
rich in fiber|fly,"Q: Is the property [is female] true for the concept [book]? 
 A: False 
 Q: Is the property [can be digital] true for the concept [book] 
 A: True 
 In one word True/False, answer the following question Q: Is the property [rich in fiber] true for [fly]? 
 A:","False 

The property ""rich in fiber"
rich in fiber|grenade,"Q: Is the property [is female] true for the concept [book]? 
 A: False 
 Q: Is the property [can be digital] true for the concept [book] 
 A: True 
 In one word True/False, answer the following question Q: Is the property [rich in fiber] true for [grenade]? 
 A:","False 

The property [rich in fiber"
rich in fiber|jeans,"Q: Is the property [is female] true for the concept [book]? 
 A: False 
 Q: Is the property [can be digital] true for the concept [book] 
 A: True 
 In one word True/False, answer the following question Q: Is the property [rich in fiber] true for [jeans]? 
 A:","False 

Jeans are made from denim"
rich in fiber|missile,"Q: Is the property [is female] true for the concept [book]? 
 A: False 
 Q: Is the property [can be digital] true for the concept [book] 
 A: True 
 In one word True/False, answer the following question Q: Is the property [rich in fiber] true for [missile]? 
 A:","False 

The property [rich in fiber"
rich in fiber|motorcycle,"Q: Is the property [is female] true for the concept [book]? 
 A: False 
 Q: Is the property [can be digital] true for the concept [book] 
 A: True 
 In one word True/False, answer the following question Q: Is the property [rich in fiber] true for [motorcycle]? 
 A:","False 

The property ""rich in fiber"
round shape|accordion,"Q: Is the property [is female] true for the concept [book]? 
 A: False 
 Q: Is the property [can be digital] true for the concept [book] 
 A: True 
 In one word True/False, answer the following question Q: Is the property [round shape] true for [accordion]? 
 A:",False
round shape|acorn,"Q: Is the property [is female] true for the concept [book]? 
 A: False 
 Q: Is the property [can be digital] true for the concept [book] 
 A: True 
 In one word True/False, answer the following question Q: Is the property [round shape] true for [acorn]? 
 A:","False 

The typical shape of an ac"
round shape|airplane,"Q: Is the property [is female] true for the concept [book]? 
 A: False 
 Q: Is the property [can be digital] true for the concept [book] 
 A: True 
 In one word True/False, answer the following question Q: Is the property [round shape] true for [airplane]? 
 A:",False
round shape|aloe,"Q: Is the property [is female] true for the concept [book]? 
 A: False 
 Q: Is the property [can be digital] true for the concept [book] 
 A: True 
 In one word True/False, answer the following question Q: Is the property [round shape] true for [aloe]? 
 A:","False 

The concept of [aloe"
round shape|ant,"Q: Is the property [is female] true for the concept [book]? 
 A: False 
 Q: Is the property [can be digital] true for the concept [book] 
 A: True 
 In one word True/False, answer the following question Q: Is the property [round shape] true for [ant]? 
 A:","False 

Ants generally have an elong"
round shape|anteater,"Q: Is the property [is female] true for the concept [book]? 
 A: False 
 Q: Is the property [can be digital] true for the concept [book] 
 A: True 
 In one word True/False, answer the following question Q: Is the property [round shape] true for [anteater]? 
 A:",False
round shape|anvil,"Q: Is the property [is female] true for the concept [book]? 
 A: False 
 Q: Is the property [can be digital] true for the concept [book] 
 A: True 
 In one word True/False, answer the following question Q: Is the property [round shape] true for [anvil]? 
 A:",False
round shape|apple,"Q: Is the property [is female] true for the concept [book]? 
 A: False 
 Q: Is the property [can be digital] true for the concept [book] 
 A: True 
 In one word True/False, answer the following question Q: Is the property [round shape] true for [apple]? 
 A:","True 

While apples can sometimes vary in"
round shape|artichoke,"Q: Is the property [is female] true for the concept [book]? 
 A: False 
 Q: Is the property [can be digital] true for the concept [book] 
 A: True 
 In one word True/False, answer the following question Q: Is the property [round shape] true for [artichoke]? 
 A:","False 

Artichokes do not have"
round shape|bagel,"Q: Is the property [is female] true for the concept [book]? 
 A: False 
 Q: Is the property [can be digital] true for the concept [book] 
 A: True 
 In one word True/False, answer the following question Q: Is the property [round shape] true for [bagel]? 
 A:","True 

However, it's important to"
round shape|banana,"Q: Is the property [is female] true for the concept [book]? 
 A: False 
 Q: Is the property [can be digital] true for the concept [book] 
 A: True 
 In one word True/False, answer the following question Q: Is the property [round shape] true for [banana]? 
 A:","False 

Bananas are typically curved and"
round shape|banjo,"Q: Is the property [is female] true for the concept [book]? 
 A: False 
 Q: Is the property [can be digital] true for the concept [book] 
 A: True 
 In one word True/False, answer the following question Q: Is the property [round shape] true for [banjo]? 
 A:","False 

The shape of a banjo"
round shape|barrel,"Q: Is the property [is female] true for the concept [book]? 
 A: False 
 Q: Is the property [can be digital] true for the concept [book] 
 A: True 
 In one word True/False, answer the following question Q: Is the property [round shape] true for [barrel]? 
 A:","False 

While some barrels might have rounded"
round shape|bat,"Q: Is the property [is female] true for the concept [book]? 
 A: False 
 Q: Is the property [can be digital] true for the concept [book] 
 A: True 
 In one word True/False, answer the following question Q: Is the property [round shape] true for [bat]? 
 A:","False 

The concept of a ""bat"
round shape|beaver,"Q: Is the property [is female] true for the concept [book]? 
 A: False 
 Q: Is the property [can be digital] true for the concept [book] 
 A: True 
 In one word True/False, answer the following question Q: Is the property [round shape] true for [beaver]? 
 A:",False
round shape|bed,"Q: Is the property [is female] true for the concept [book]? 
 A: False 
 Q: Is the property [can be digital] true for the concept [book] 
 A: True 
 In one word True/False, answer the following question Q: Is the property [round shape] true for [bed]? 
 A:",False
round shape|beet,"Q: Is the property [is female] true for the concept [book]? 
 A: False 
 Q: Is the property [can be digital] true for the concept [book] 
 A: True 
 In one word True/False, answer the following question Q: Is the property [round shape] true for [beet]? 
 A:","False 

Beets typically have a round"
round shape|beetle,"Q: Is the property [is female] true for the concept [book]? 
 A: False 
 Q: Is the property [can be digital] true for the concept [book] 
 A: True 
 In one word True/False, answer the following question Q: Is the property [round shape] true for [beetle]? 
 A:","False 

The property [round shape]"
round shape|bell,"Q: Is the property [is female] true for the concept [book]? 
 A: False 
 Q: Is the property [can be digital] true for the concept [book] 
 A: True 
 In one word True/False, answer the following question Q: Is the property [round shape] true for [bell]? 
 A:","False 

While bells can come in various"
round shape|belt,"Q: Is the property [is female] true for the concept [book]? 
 A: False 
 Q: Is the property [can be digital] true for the concept [book] 
 A: True 
 In one word True/False, answer the following question Q: Is the property [round shape] true for [belt]? 
 A:",False
round shape|bird,"Q: Is the property [is female] true for the concept [book]? 
 A: False 
 Q: Is the property [can be digital] true for the concept [book] 
 A: True 
 In one word True/False, answer the following question Q: Is the property [round shape] true for [bird]? 
 A:",False
round shape|blender,"Q: Is the property [is female] true for the concept [book]? 
 A: False 
 Q: Is the property [can be digital] true for the concept [book] 
 A: True 
 In one word True/False, answer the following question Q: Is the property [round shape] true for [blender]? 
 A:",False
round shape|blowtorch,"Q: Is the property [is female] true for the concept [book]? 
 A: False 
 Q: Is the property [can be digital] true for the concept [book] 
 A: True 
 In one word True/False, answer the following question Q: Is the property [round shape] true for [blowtorch]? 
 A:",False
round shape|blueberry,"Q: Is the property [is female] true for the concept [book]? 
 A: False 
 Q: Is the property [can be digital] true for the concept [book] 
 A: True 
 In one word True/False, answer the following question Q: Is the property [round shape] true for [blueberry]? 
 A:","True 

Blueberries are typically round in"
round shape|boa,"Q: Is the property [is female] true for the concept [book]? 
 A: False 
 Q: Is the property [can be digital] true for the concept [book] 
 A: True 
 In one word True/False, answer the following question Q: Is the property [round shape] true for [boa]? 
 A:","False 

The concept of a ""boa"
round shape|boar,"Q: Is the property [is female] true for the concept [book]? 
 A: False 
 Q: Is the property [can be digital] true for the concept [book] 
 A: True 
 In one word True/False, answer the following question Q: Is the property [round shape] true for [boar]? 
 A:","False 

Boars, which are wild"
round shape|bread,"Q: Is the property [is female] true for the concept [book]? 
 A: False 
 Q: Is the property [can be digital] true for the concept [book] 
 A: True 
 In one word True/False, answer the following question Q: Is the property [round shape] true for [bread]? 
 A:","False 

While some types of bread can"
round shape|brussels sprouts,"Q: Is the property [is female] true for the concept [book]? 
 A: False 
 Q: Is the property [can be digital] true for the concept [book] 
 A: True 
 In one word True/False, answer the following question Q: Is the property [round shape] true for [brussels sprouts]? 
 A:","False 

Brussels sprouts are typically"
round shape|bucket,"Q: Is the property [is female] true for the concept [book]? 
 A: False 
 Q: Is the property [can be digital] true for the concept [book] 
 A: True 
 In one word True/False, answer the following question Q: Is the property [round shape] true for [bucket]? 
 A:",False
round shape|burrito,"Q: Is the property [is female] true for the concept [book]? 
 A: False 
 Q: Is the property [can be digital] true for the concept [book] 
 A: True 
 In one word True/False, answer the following question Q: Is the property [round shape] true for [burrito]? 
 A:","False 

While burritos can sometimes be"
round shape|cactus,"Q: Is the property [is female] true for the concept [book]? 
 A: False 
 Q: Is the property [can be digital] true for the concept [book] 
 A: True 
 In one word True/False, answer the following question Q: Is the property [round shape] true for [cactus]? 
 A:","False 

While some species of cactus"
round shape|candle,"Q: Is the property [is female] true for the concept [book]? 
 A: False 
 Q: Is the property [can be digital] true for the concept [book] 
 A: True 
 In one word True/False, answer the following question Q: Is the property [round shape] true for [candle]? 
 A:","False 

The property [round shape]"
round shape|candy,"Q: Is the property [is female] true for the concept [book]? 
 A: False 
 Q: Is the property [can be digital] true for the concept [book] 
 A: True 
 In one word True/False, answer the following question Q: Is the property [round shape] true for [candy]? 
 A:","False 

The property [round shape]"
round shape|cannon,"Q: Is the property [is female] true for the concept [book]? 
 A: False 
 Q: Is the property [can be digital] true for the concept [book] 
 A: True 
 In one word True/False, answer the following question Q: Is the property [round shape] true for [cannon]? 
 A:",False
round shape|car,"Q: Is the property [is female] true for the concept [book]? 
 A: False 
 Q: Is the property [can be digital] true for the concept [book] 
 A: True 
 In one word True/False, answer the following question Q: Is the property [round shape] true for [car]? 
 A:",False
round shape|carrot,"Q: Is the property [is female] true for the concept [book]? 
 A: False 
 Q: Is the property [can be digital] true for the concept [book] 
 A: True 
 In one word True/False, answer the following question Q: Is the property [round shape] true for [carrot]? 
 A:","False 

Carrots are typically conical"
round shape|cart,"Q: Is the property [is female] true for the concept [book]? 
 A: False 
 Q: Is the property [can be digital] true for the concept [book] 
 A: True 
 In one word True/False, answer the following question Q: Is the property [round shape] true for [cart]? 
 A:",False
round shape|cat,"Q: Is the property [is female] true for the concept [book]? 
 A: False 
 Q: Is the property [can be digital] true for the concept [book] 
 A: True 
 In one word True/False, answer the following question Q: Is the property [round shape] true for [cat]? 
 A:",False
round shape|caterpillar,"Q: Is the property [is female] true for the concept [book]? 
 A: False 
 Q: Is the property [can be digital] true for the concept [book] 
 A: True 
 In one word True/False, answer the following question Q: Is the property [round shape] true for [caterpillar]? 
 A:",False
round shape|celery,"Q: Is the property [is female] true for the concept [book]? 
 A: False 
 Q: Is the property [can be digital] true for the concept [book] 
 A: True 
 In one word True/False, answer the following question Q: Is the property [round shape] true for [celery]? 
 A:",False
round shape|chili,"Q: Is the property [is female] true for the concept [book]? 
 A: False 
 Q: Is the property [can be digital] true for the concept [book] 
 A: True 
 In one word True/False, answer the following question Q: Is the property [round shape] true for [chili]? 
 A:","False 

The concept of a chili generally"
round shape|chinchilla,"Q: Is the property [is female] true for the concept [book]? 
 A: False 
 Q: Is the property [can be digital] true for the concept [book] 
 A: True 
 In one word True/False, answer the following question Q: Is the property [round shape] true for [chinchilla]? 
 A:","False 

Chinchillas are small rodents"
round shape|chisel,"Q: Is the property [is female] true for the concept [book]? 
 A: False 
 Q: Is the property [can be digital] true for the concept [book] 
 A: True 
 In one word True/False, answer the following question Q: Is the property [round shape] true for [chisel]? 
 A:",False
round shape|clarinet,"Q: Is the property [is female] true for the concept [book]? 
 A: False 
 Q: Is the property [can be digital] true for the concept [book] 
 A: True 
 In one word True/False, answer the following question Q: Is the property [round shape] true for [clarinet]? 
 A:",False
round shape|coat,"Q: Is the property [is female] true for the concept [book]? 
 A: False 
 Q: Is the property [can be digital] true for the concept [book] 
 A: True 
 In one word True/False, answer the following question Q: Is the property [round shape] true for [coat]? 
 A:",False
round shape|coconut,"Q: Is the property [is female] true for the concept [book]? 
 A: False 
 Q: Is the property [can be digital] true for the concept [book] 
 A: True 
 In one word True/False, answer the following question Q: Is the property [round shape] true for [coconut]? 
 A:","False 

While coconuts do have"
round shape|crow,"Q: Is the property [is female] true for the concept [book]? 
 A: False 
 Q: Is the property [can be digital] true for the concept [book] 
 A: True 
 In one word True/False, answer the following question Q: Is the property [round shape] true for [crow]? 
 A:",False
round shape|crowbar,"Q: Is the property [is female] true for the concept [book]? 
 A: False 
 Q: Is the property [can be digital] true for the concept [book] 
 A: True 
 In one word True/False, answer the following question Q: Is the property [round shape] true for [crowbar]? 
 A:",False
round shape|dragonfly,"Q: Is the property [is female] true for the concept [book]? 
 A: False 
 Q: Is the property [can be digital] true for the concept [book] 
 A: True 
 In one word True/False, answer the following question Q: Is the property [round shape] true for [dragonfly]? 
 A:","False 

The concept of a dragonfly"
round shape|dress,"Q: Is the property [is female] true for the concept [book]? 
 A: False 
 Q: Is the property [can be digital] true for the concept [book] 
 A: True 
 In one word True/False, answer the following question Q: Is the property [round shape] true for [dress]? 
 A:",False
round shape|eagle,"Q: Is the property [is female] true for the concept [book]? 
 A: False 
 Q: Is the property [can be digital] true for the concept [book] 
 A: True 
 In one word True/False, answer the following question Q: Is the property [round shape] true for [eagle]? 
 A:",False
round shape|eggbeater,"Q: Is the property [is female] true for the concept [book]? 
 A: False 
 Q: Is the property [can be digital] true for the concept [book] 
 A: True 
 In one word True/False, answer the following question Q: Is the property [round shape] true for [eggbeater]? 
 A:","False 

An eggbeater, whether"
round shape|fig,"Q: Is the property [is female] true for the concept [book]? 
 A: False 
 Q: Is the property [can be digital] true for the concept [book] 
 A: True 
 In one word True/False, answer the following question Q: Is the property [round shape] true for [fig]? 
 A:","False 

The concept of a ""fig"
round shape|file,"Q: Is the property [is female] true for the concept [book]? 
 A: False 
 Q: Is the property [can be digital] true for the concept [book] 
 A: True 
 In one word True/False, answer the following question Q: Is the property [round shape] true for [file]? 
 A:",False
round shape|flute,"Q: Is the property [is female] true for the concept [book]? 
 A: False 
 Q: Is the property [can be digital] true for the concept [book] 
 A: True 
 In one word True/False, answer the following question Q: Is the property [round shape] true for [flute]? 
 A:",False
round shape|fly,"Q: Is the property [is female] true for the concept [book]? 
 A: False 
 Q: Is the property [can be digital] true for the concept [book] 
 A: True 
 In one word True/False, answer the following question Q: Is the property [round shape] true for [fly]? 
 A:","False 

The concept of a ""fly"
round shape|grenade,"Q: Is the property [is female] true for the concept [book]? 
 A: False 
 Q: Is the property [can be digital] true for the concept [book] 
 A: True 
 In one word True/False, answer the following question Q: Is the property [round shape] true for [grenade]? 
 A:","False 

While some grenades can have a"
round shape|jeans,"Q: Is the property [is female] true for the concept [book]? 
 A: False 
 Q: Is the property [can be digital] true for the concept [book] 
 A: True 
 In one word True/False, answer the following question Q: Is the property [round shape] true for [jeans]? 
 A:",False
round shape|missile,"Q: Is the property [is female] true for the concept [book]? 
 A: False 
 Q: Is the property [can be digital] true for the concept [book] 
 A: True 
 In one word True/False, answer the following question Q: Is the property [round shape] true for [missile]? 
 A:","False 

Missiles typically have a streamlined"
round shape|motorcycle,"Q: Is the property [is female] true for the concept [book]? 
 A: False 
 Q: Is the property [can be digital] true for the concept [book] 
 A: True 
 In one word True/False, answer the following question Q: Is the property [round shape] true for [motorcycle]? 
 A:",False
segmented body|accordion,"Q: Is the property [is female] true for the concept [book]? 
 A: False 
 Q: Is the property [can be digital] true for the concept [book] 
 A: True 
 In one word True/False, answer the following question Q: Is the property [segmented body] true for [accordion]? 
 A:","False 

The property [segmented body"
segmented body|acorn,"Q: Is the property [is female] true for the concept [book]? 
 A: False 
 Q: Is the property [can be digital] true for the concept [book] 
 A: True 
 In one word True/False, answer the following question Q: Is the property [segmented body] true for [acorn]? 
 A:","False 

An acorn is the seed"
segmented body|airplane,"Q: Is the property [is female] true for the concept [book]? 
 A: False 
 Q: Is the property [can be digital] true for the concept [book] 
 A: True 
 In one word True/False, answer the following question Q: Is the property [segmented body] true for [airplane]? 
 A:","False 

An airplane does not have a"
segmented body|aloe,"Q: Is the property [is female] true for the concept [book]? 
 A: False 
 Q: Is the property [can be digital] true for the concept [book] 
 A: True 
 In one word True/False, answer the following question Q: Is the property [segmented body] true for [aloe]? 
 A:","False 

An aloe plant does not"
segmented body|ant,"Q: Is the property [is female] true for the concept [book]? 
 A: False 
 Q: Is the property [can be digital] true for the concept [book] 
 A: True 
 In one word True/False, answer the following question Q: Is the property [segmented body] true for [ant]? 
 A:","True 

Ants, like other insects"
segmented body|anteater,"Q: Is the property [is female] true for the concept [book]? 
 A: False 
 Q: Is the property [can be digital] true for the concept [book] 
 A: True 
 In one word True/False, answer the following question Q: Is the property [segmented body] true for [anteater]? 
 A:","False 

Anteaters, like other"
segmented body|anvil,"Q: Is the property [is female] true for the concept [book]? 
 A: False 
 Q: Is the property [can be digital] true for the concept [book] 
 A: True 
 In one word True/False, answer the following question Q: Is the property [segmented body] true for [anvil]? 
 A:",False
segmented body|apple,"Q: Is the property [is female] true for the concept [book]? 
 A: False 
 Q: Is the property [can be digital] true for the concept [book] 
 A: True 
 In one word True/False, answer the following question Q: Is the property [segmented body] true for [apple]? 
 A:","False 

An apple, as a fruit"
segmented body|artichoke,"Q: Is the property [is female] true for the concept [book]? 
 A: False 
 Q: Is the property [can be digital] true for the concept [book] 
 A: True 
 In one word True/False, answer the following question Q: Is the property [segmented body] true for [artichoke]? 
 A:","False 

An artichoke is a"
segmented body|bagel,"Q: Is the property [is female] true for the concept [book]? 
 A: False 
 Q: Is the property [can be digital] true for the concept [book] 
 A: True 
 In one word True/False, answer the following question Q: Is the property [segmented body] true for [bagel]? 
 A:","False 

A bagel is a type"
segmented body|banana,"Q: Is the property [is female] true for the concept [book]? 
 A: False 
 Q: Is the property [can be digital] true for the concept [book] 
 A: True 
 In one word True/False, answer the following question Q: Is the property [segmented body] true for [banana]? 
 A:","False 

A banana does not have a"
segmented body|banjo,"Q: Is the property [is female] true for the concept [book]? 
 A: False 
 Q: Is the property [can be digital] true for the concept [book] 
 A: True 
 In one word True/False, answer the following question Q: Is the property [segmented body] true for [banjo]? 
 A:","False 

The property [segmented body"
segmented body|barrel,"Q: Is the property [is female] true for the concept [book]? 
 A: False 
 Q: Is the property [can be digital] true for the concept [book] 
 A: True 
 In one word True/False, answer the following question Q: Is the property [segmented body] true for [barrel]? 
 A:","False 

The property [segmented body"
segmented body|bat,"Q: Is the property [is female] true for the concept [book]? 
 A: False 
 Q: Is the property [can be digital] true for the concept [book] 
 A: True 
 In one word True/False, answer the following question Q: Is the property [segmented body] true for [bat]? 
 A:","False 

Bats, like all mammals"
segmented body|beaver,"Q: Is the property [is female] true for the concept [book]? 
 A: False 
 Q: Is the property [can be digital] true for the concept [book] 
 A: True 
 In one word True/False, answer the following question Q: Is the property [segmented body] true for [beaver]? 
 A:","False 

Beavers, like other mammals"
segmented body|bed,"Q: Is the property [is female] true for the concept [book]? 
 A: False 
 Q: Is the property [can be digital] true for the concept [book] 
 A: True 
 In one word True/False, answer the following question Q: Is the property [segmented body] true for [bed]? 
 A:","False 

The property [segmented body"
segmented body|beet,"Q: Is the property [is female] true for the concept [book]? 
 A: False 
 Q: Is the property [can be digital] true for the concept [book] 
 A: True 
 In one word True/False, answer the following question Q: Is the property [segmented body] true for [beet]? 
 A:","False 

A beet, which is a"
segmented body|beetle,"Q: Is the property [is female] true for the concept [book]? 
 A: False 
 Q: Is the property [can be digital] true for the concept [book] 
 A: True 
 In one word True/False, answer the following question Q: Is the property [segmented body] true for [beetle]? 
 A:","True 

Beetles, as insects"
segmented body|bell,"Q: Is the property [is female] true for the concept [book]? 
 A: False 
 Q: Is the property [can be digital] true for the concept [book] 
 A: True 
 In one word True/False, answer the following question Q: Is the property [segmented body] true for [bell]? 
 A:","False 

The term ""bell"" in"
segmented body|belt,"Q: Is the property [is female] true for the concept [book]? 
 A: False 
 Q: Is the property [can be digital] true for the concept [book] 
 A: True 
 In one word True/False, answer the following question Q: Is the property [segmented body] true for [belt]? 
 A:","False 

The property [segmented body"
segmented body|bird,"Q: Is the property [is female] true for the concept [book]? 
 A: False 
 Q: Is the property [can be digital] true for the concept [book] 
 A: True 
 In one word True/False, answer the following question Q: Is the property [segmented body] true for [bird]? 
 A:","False 

Birds do not have a"
segmented body|blender,"Q: Is the property [is female] true for the concept [book]? 
 A: False 
 Q: Is the property [can be digital] true for the concept [book] 
 A: True 
 In one word True/False, answer the following question Q: Is the property [segmented body] true for [blender]? 
 A:",False
segmented body|blowtorch,"Q: Is the property [is female] true for the concept [book]? 
 A: False 
 Q: Is the property [can be digital] true for the concept [book] 
 A: True 
 In one word True/False, answer the following question Q: Is the property [segmented body] true for [blowtorch]? 
 A:",False
segmented body|blueberry,"Q: Is the property [is female] true for the concept [book]? 
 A: False 
 Q: Is the property [can be digital] true for the concept [book] 
 A: True 
 In one word True/False, answer the following question Q: Is the property [segmented body] true for [blueberry]? 
 A:","False 

A blueberry is a simple"
segmented body|boa,"Q: Is the property [is female] true for the concept [book]? 
 A: False 
 Q: Is the property [can be digital] true for the concept [book] 
 A: True 
 In one word True/False, answer the following question Q: Is the property [segmented body] true for [boa]? 
 A:","False 

A boa, as a type"
segmented body|boar,"Q: Is the property [is female] true for the concept [book]? 
 A: False 
 Q: Is the property [can be digital] true for the concept [book] 
 A: True 
 In one word True/False, answer the following question Q: Is the property [segmented body] true for [boar]? 
 A:","True

The property [segmented body"
segmented body|bread,"Q: Is the property [is female] true for the concept [book]? 
 A: False 
 Q: Is the property [can be digital] true for the concept [book] 
 A: True 
 In one word True/False, answer the following question Q: Is the property [segmented body] true for [bread]? 
 A:","False 

The property [segmented body"
segmented body|brussels sprouts,"Q: Is the property [is female] true for the concept [book]? 
 A: False 
 Q: Is the property [can be digital] true for the concept [book] 
 A: True 
 In one word True/False, answer the following question Q: Is the property [segmented body] true for [brussels sprouts]? 
 A:","False 

Brussels sprouts are vegetables"
segmented body|bucket,"Q: Is the property [is female] true for the concept [book]? 
 A: False 
 Q: Is the property [can be digital] true for the concept [book] 
 A: True 
 In one word True/False, answer the following question Q: Is the property [segmented body] true for [bucket]? 
 A:",False
segmented body|burrito,"Q: Is the property [is female] true for the concept [book]? 
 A: False 
 Q: Is the property [can be digital] true for the concept [book] 
 A: True 
 In one word True/False, answer the following question Q: Is the property [segmented body] true for [burrito]? 
 A:","False 

The property [segmented body"
segmented body|cactus,"Q: Is the property [is female] true for the concept [book]? 
 A: False 
 Q: Is the property [can be digital] true for the concept [book] 
 A: True 
 In one word True/False, answer the following question Q: Is the property [segmented body] true for [cactus]? 
 A:","False 

A cactus does not have"
segmented body|candle,"Q: Is the property [is female] true for the concept [book]? 
 A: False 
 Q: Is the property [can be digital] true for the concept [book] 
 A: True 
 In one word True/False, answer the following question Q: Is the property [segmented body] true for [candle]? 
 A:","False 

A candle does not have a"
segmented body|candy,"Q: Is the property [is female] true for the concept [book]? 
 A: False 
 Q: Is the property [can be digital] true for the concept [book] 
 A: True 
 In one word True/False, answer the following question Q: Is the property [segmented body] true for [candy]? 
 A:","False 

A candy does not have a"
segmented body|cannon,"Q: Is the property [is female] true for the concept [book]? 
 A: False 
 Q: Is the property [can be digital] true for the concept [book] 
 A: True 
 In one word True/False, answer the following question Q: Is the property [segmented body] true for [cannon]? 
 A:",False
segmented body|car,"Q: Is the property [is female] true for the concept [book]? 
 A: False 
 Q: Is the property [can be digital] true for the concept [book] 
 A: True 
 In one word True/False, answer the following question Q: Is the property [segmented body] true for [car]? 
 A:","False 

A car does not have a"
segmented body|carrot,"Q: Is the property [is female] true for the concept [book]? 
 A: False 
 Q: Is the property [can be digital] true for the concept [book] 
 A: True 
 In one word True/False, answer the following question Q: Is the property [segmented body] true for [carrot]? 
 A:","False 

A carrot does not have a"
segmented body|cart,"Q: Is the property [is female] true for the concept [book]? 
 A: False 
 Q: Is the property [can be digital] true for the concept [book] 
 A: True 
 In one word True/False, answer the following question Q: Is the property [segmented body] true for [cart]? 
 A:","False 

A cart does not have a"
segmented body|cat,"Q: Is the property [is female] true for the concept [book]? 
 A: False 
 Q: Is the property [can be digital] true for the concept [book] 
 A: True 
 In one word True/False, answer the following question Q: Is the property [segmented body] true for [cat]? 
 A:","False 

Cats do not have a"
segmented body|caterpillar,"Q: Is the property [is female] true for the concept [book]? 
 A: False 
 Q: Is the property [can be digital] true for the concept [book] 
 A: True 
 In one word True/False, answer the following question Q: Is the property [segmented body] true for [caterpillar]? 
 A:",True
segmented body|celery,"Q: Is the property [is female] true for the concept [book]? 
 A: False 
 Q: Is the property [can be digital] true for the concept [book] 
 A: True 
 In one word True/False, answer the following question Q: Is the property [segmented body] true for [celery]? 
 A:","False 

Celery is a plant and"
segmented body|chili,"Q: Is the property [is female] true for the concept [book]? 
 A: False 
 Q: Is the property [can be digital] true for the concept [book] 
 A: True 
 In one word True/False, answer the following question Q: Is the property [segmented body] true for [chili]? 
 A:","False 

The property [segmented body"
segmented body|chinchilla,"Q: Is the property [is female] true for the concept [book]? 
 A: False 
 Q: Is the property [can be digital] true for the concept [book] 
 A: True 
 In one word True/False, answer the following question Q: Is the property [segmented body] true for [chinchilla]? 
 A:","False 

Chinchillas are mammals and"
segmented body|chisel,"Q: Is the property [is female] true for the concept [book]? 
 A: False 
 Q: Is the property [can be digital] true for the concept [book] 
 A: True 
 In one word True/False, answer the following question Q: Is the property [segmented body] true for [chisel]? 
 A:","False 

A chisel is an in"
segmented body|clarinet,"Q: Is the property [is female] true for the concept [book]? 
 A: False 
 Q: Is the property [can be digital] true for the concept [book] 
 A: True 
 In one word True/False, answer the following question Q: Is the property [segmented body] true for [clarinet]? 
 A:","False 

The property [segmented body"
segmented body|coat,"Q: Is the property [is female] true for the concept [book]? 
 A: False 
 Q: Is the property [can be digital] true for the concept [book] 
 A: True 
 In one word True/False, answer the following question Q: Is the property [segmented body] true for [coat]? 
 A:","False 

A coat does not have a"
segmented body|coconut,"Q: Is the property [is female] true for the concept [book]? 
 A: False 
 Q: Is the property [can be digital] true for the concept [book] 
 A: True 
 In one word True/False, answer the following question Q: Is the property [segmented body] true for [coconut]? 
 A:","False 

A coconut is a seed or"
segmented body|crow,"Q: Is the property [is female] true for the concept [book]? 
 A: False 
 Q: Is the property [can be digital] true for the concept [book] 
 A: True 
 In one word True/False, answer the following question Q: Is the property [segmented body] true for [crow]? 
 A:","False 

Crows, like other birds"
segmented body|crowbar,"Q: Is the property [is female] true for the concept [book]? 
 A: False 
 Q: Is the property [can be digital] true for the concept [book] 
 A: True 
 In one word True/False, answer the following question Q: Is the property [segmented body] true for [crowbar]? 
 A:","False 

A crowbar is an in"
segmented body|dragonfly,"Q: Is the property [is female] true for the concept [book]? 
 A: False 
 Q: Is the property [can be digital] true for the concept [book] 
 A: True 
 In one word True/False, answer the following question Q: Is the property [segmented body] true for [dragonfly]? 
 A:","True 

Dragonflies have a segmented body"
segmented body|dress,"Q: Is the property [is female] true for the concept [book]? 
 A: False 
 Q: Is the property [can be digital] true for the concept [book] 
 A: True 
 In one word True/False, answer the following question Q: Is the property [segmented body] true for [dress]? 
 A:",False
segmented body|eagle,"Q: Is the property [is female] true for the concept [book]? 
 A: False 
 Q: Is the property [can be digital] true for the concept [book] 
 A: True 
 In one word True/False, answer the following question Q: Is the property [segmented body] true for [eagle]? 
 A:","False 

Eagles, like all"
segmented body|eggbeater,"Q: Is the property [is female] true for the concept [book]? 
 A: False 
 Q: Is the property [can be digital] true for the concept [book] 
 A: True 
 In one word True/False, answer the following question Q: Is the property [segmented body] true for [eggbeater]? 
 A:","False 

An eggbeater does not"
segmented body|fig,"Q: Is the property [is female] true for the concept [book]? 
 A: False 
 Q: Is the property [can be digital] true for the concept [book] 
 A: True 
 In one word True/False, answer the following question Q: Is the property [segmented body] true for [fig]? 
 A:","False 

The concept of a ""fig"
segmented body|file,"Q: Is the property [is female] true for the concept [book]? 
 A: False 
 Q: Is the property [can be digital] true for the concept [book] 
 A: True 
 In one word True/False, answer the following question Q: Is the property [segmented body] true for [file]? 
 A:","False 

The term ""file"" in"
segmented body|flute,"Q: Is the property [is female] true for the concept [book]? 
 A: False 
 Q: Is the property [can be digital] true for the concept [book] 
 A: True 
 In one word True/False, answer the following question Q: Is the property [segmented body] true for [flute]? 
 A:","False 

A flute does not have a"
segmented body|fly,"Q: Is the property [is female] true for the concept [book]? 
 A: False 
 Q: Is the property [can be digital] true for the concept [book] 
 A: True 
 In one word True/False, answer the following question Q: Is the property [segmented body] true for [fly]? 
 A:","True 

Flies, as insects,"
segmented body|grenade,"Q: Is the property [is female] true for the concept [book]? 
 A: False 
 Q: Is the property [can be digital] true for the concept [book] 
 A: True 
 In one word True/False, answer the following question Q: Is the property [segmented body] true for [grenade]? 
 A:","False 

A grenade does not have a"
segmented body|jeans,"Q: Is the property [is female] true for the concept [book]? 
 A: False 
 Q: Is the property [can be digital] true for the concept [book] 
 A: True 
 In one word True/False, answer the following question Q: Is the property [segmented body] true for [jeans]? 
 A:","False 

The property [segmented body"
segmented body|missile,"Q: Is the property [is female] true for the concept [book]? 
 A: False 
 Q: Is the property [can be digital] true for the concept [book] 
 A: True 
 In one word True/False, answer the following question Q: Is the property [segmented body] true for [missile]? 
 A:","False 

A missile does not have a"
segmented body|motorcycle,"Q: Is the property [is female] true for the concept [book]? 
 A: False 
 Q: Is the property [can be digital] true for the concept [book] 
 A: True 
 In one word True/False, answer the following question Q: Is the property [segmented body] true for [motorcycle]? 
 A:","False 

A motorcycle does not have a"
six legs|accordion,"Q: Is the property [is female] true for the concept [book]? 
 A: False 
 Q: Is the property [can be digital] true for the concept [book] 
 A: True 
 In one word True/False, answer the following question Q: Is the property [six legs] true for [accordion]? 
 A:","False 

An accordion is a musical instrument"
six legs|acorn,"Q: Is the property [is female] true for the concept [book]? 
 A: False 
 Q: Is the property [can be digital] true for the concept [book] 
 A: True 
 In one word True/False, answer the following question Q: Is the property [six legs] true for [acorn]? 
 A:","False 

An acorn is a seed"
six legs|airplane,"Q: Is the property [is female] true for the concept [book]? 
 A: False 
 Q: Is the property [can be digital] true for the concept [book] 
 A: True 
 In one word True/False, answer the following question Q: Is the property [six legs] true for [airplane]? 
 A:",False
six legs|aloe,"Q: Is the property [is female] true for the concept [book]? 
 A: False 
 Q: Is the property [can be digital] true for the concept [book] 
 A: True 
 In one word True/False, answer the following question Q: Is the property [six legs] true for [aloe]? 
 A:","False 

An aloe plant does not"
six legs|ant,"Q: Is the property [is female] true for the concept [book]? 
 A: False 
 Q: Is the property [can be digital] true for the concept [book] 
 A: True 
 In one word True/False, answer the following question Q: Is the property [six legs] true for [ant]? 
 A:",True
six legs|anteater,"Q: Is the property [is female] true for the concept [book]? 
 A: False 
 Q: Is the property [can be digital] true for the concept [book] 
 A: True 
 In one word True/False, answer the following question Q: Is the property [six legs] true for [anteater]? 
 A:","False 

An anteater does not have"
six legs|anvil,"Q: Is the property [is female] true for the concept [book]? 
 A: False 
 Q: Is the property [can be digital] true for the concept [book] 
 A: True 
 In one word True/False, answer the following question Q: Is the property [six legs] true for [anvil]? 
 A:",False
six legs|apple,"Q: Is the property [is female] true for the concept [book]? 
 A: False 
 Q: Is the property [can be digital] true for the concept [book] 
 A: True 
 In one word True/False, answer the following question Q: Is the property [six legs] true for [apple]? 
 A:",False
six legs|artichoke,"Q: Is the property [is female] true for the concept [book]? 
 A: False 
 Q: Is the property [can be digital] true for the concept [book] 
 A: True 
 In one word True/False, answer the following question Q: Is the property [six legs] true for [artichoke]? 
 A:","False 

An artichoke is a"
six legs|bagel,"Q: Is the property [is female] true for the concept [book]? 
 A: False 
 Q: Is the property [can be digital] true for the concept [book] 
 A: True 
 In one word True/False, answer the following question Q: Is the property [six legs] true for [bagel]? 
 A:",False
six legs|banana,"Q: Is the property [is female] true for the concept [book]? 
 A: False 
 Q: Is the property [can be digital] true for the concept [book] 
 A: True 
 In one word True/False, answer the following question Q: Is the property [six legs] true for [banana]? 
 A:",False
six legs|banjo,"Q: Is the property [is female] true for the concept [book]? 
 A: False 
 Q: Is the property [can be digital] true for the concept [book] 
 A: True 
 In one word True/False, answer the following question Q: Is the property [six legs] true for [banjo]? 
 A:","False 

The property [six legs]"
six legs|barrel,"Q: Is the property [is female] true for the concept [book]? 
 A: False 
 Q: Is the property [can be digital] true for the concept [book] 
 A: True 
 In one word True/False, answer the following question Q: Is the property [six legs] true for [barrel]? 
 A:","False 

The concept of a barrel,"
six legs|bat,"Q: Is the property [is female] true for the concept [book]? 
 A: False 
 Q: Is the property [can be digital] true for the concept [book] 
 A: True 
 In one word True/False, answer the following question Q: Is the property [six legs] true for [bat]? 
 A:","False 

A bat does not have six"
six legs|beaver,"Q: Is the property [is female] true for the concept [book]? 
 A: False 
 Q: Is the property [can be digital] true for the concept [book] 
 A: True 
 In one word True/False, answer the following question Q: Is the property [six legs] true for [beaver]? 
 A:","False 

A beaver has four legs"
six legs|bed,"Q: Is the property [is female] true for the concept [book]? 
 A: False 
 Q: Is the property [can be digital] true for the concept [book] 
 A: True 
 In one word True/False, answer the following question Q: Is the property [six legs] true for [bed]? 
 A:","False 

The concept of a ""bed"
six legs|beet,"Q: Is the property [is female] true for the concept [book]? 
 A: False 
 Q: Is the property [can be digital] true for the concept [book] 
 A: True 
 In one word True/False, answer the following question Q: Is the property [six legs] true for [beet]? 
 A:","False 

(Note: Assuming ""beet"
six legs|beetle,"Q: Is the property [is female] true for the concept [book]? 
 A: False 
 Q: Is the property [can be digital] true for the concept [book] 
 A: True 
 In one word True/False, answer the following question Q: Is the property [six legs] true for [beetle]? 
 A:","True 

Beetles, as members"
six legs|bell,"Q: Is the property [is female] true for the concept [book]? 
 A: False 
 Q: Is the property [can be digital] true for the concept [book] 
 A: True 
 In one word True/False, answer the following question Q: Is the property [six legs] true for [bell]? 
 A:",False
six legs|belt,"Q: Is the property [is female] true for the concept [book]? 
 A: False 
 Q: Is the property [can be digital] true for the concept [book] 
 A: True 
 In one word True/False, answer the following question Q: Is the property [six legs] true for [belt]? 
 A:",False
six legs|bird,"Q: Is the property [is female] true for the concept [book]? 
 A: False 
 Q: Is the property [can be digital] true for the concept [book] 
 A: True 
 In one word True/False, answer the following question Q: Is the property [six legs] true for [bird]? 
 A:",False
six legs|blender,"Q: Is the property [is female] true for the concept [book]? 
 A: False 
 Q: Is the property [can be digital] true for the concept [book] 
 A: True 
 In one word True/False, answer the following question Q: Is the property [six legs] true for [blender]? 
 A:",False
six legs|blowtorch,"Q: Is the property [is female] true for the concept [book]? 
 A: False 
 Q: Is the property [can be digital] true for the concept [book] 
 A: True 
 In one word True/False, answer the following question Q: Is the property [six legs] true for [blowtorch]? 
 A:",False
six legs|blueberry,"Q: Is the property [is female] true for the concept [book]? 
 A: False 
 Q: Is the property [can be digital] true for the concept [book] 
 A: True 
 In one word True/False, answer the following question Q: Is the property [six legs] true for [blueberry]? 
 A:","False 

The property [six legs]"
six legs|boa,"Q: Is the property [is female] true for the concept [book]? 
 A: False 
 Q: Is the property [can be digital] true for the concept [book] 
 A: True 
 In one word True/False, answer the following question Q: Is the property [six legs] true for [boa]? 
 A:","False 

A boa, which is a"
six legs|boar,"Q: Is the property [is female] true for the concept [book]? 
 A: False 
 Q: Is the property [can be digital] true for the concept [book] 
 A: True 
 In one word True/False, answer the following question Q: Is the property [six legs] true for [boar]? 
 A:","False 

A boar, being a"
six legs|bread,"Q: Is the property [is female] true for the concept [book]? 
 A: False 
 Q: Is the property [can be digital] true for the concept [book] 
 A: True 
 In one word True/False, answer the following question Q: Is the property [six legs] true for [bread]? 
 A:",False
six legs|brussels sprouts,"Q: Is the property [is female] true for the concept [book]? 
 A: False 
 Q: Is the property [can be digital] true for the concept [book] 
 A: True 
 In one word True/False, answer the following question Q: Is the property [six legs] true for [brussels sprouts]? 
 A:","False 

Brussels sprouts are plants"
six legs|bucket,"Q: Is the property [is female] true for the concept [book]? 
 A: False 
 Q: Is the property [can be digital] true for the concept [book] 
 A: True 
 In one word True/False, answer the following question Q: Is the property [six legs] true for [bucket]? 
 A:",False
six legs|burrito,"Q: Is the property [is female] true for the concept [book]? 
 A: False 
 Q: Is the property [can be digital] true for the concept [book] 
 A: True 
 In one word True/False, answer the following question Q: Is the property [six legs] true for [burrito]? 
 A:","False 

A burrito is a type"
six legs|cactus,"Q: Is the property [is female] true for the concept [book]? 
 A: False 
 Q: Is the property [can be digital] true for the concept [book] 
 A: True 
 In one word True/False, answer the following question Q: Is the property [six legs] true for [cactus]? 
 A:","False 

A cactus is a plant"
six legs|candle,"Q: Is the property [is female] true for the concept [book]? 
 A: False 
 Q: Is the property [can be digital] true for the concept [book] 
 A: True 
 In one word True/False, answer the following question Q: Is the property [six legs] true for [candle]? 
 A:",False
six legs|candy,"Q: Is the property [is female] true for the concept [book]? 
 A: False 
 Q: Is the property [can be digital] true for the concept [book] 
 A: True 
 In one word True/False, answer the following question Q: Is the property [six legs] true for [candy]? 
 A:",False
six legs|cannon,"Q: Is the property [is female] true for the concept [book]? 
 A: False 
 Q: Is the property [can be digital] true for the concept [book] 
 A: True 
 In one word True/False, answer the following question Q: Is the property [six legs] true for [cannon]? 
 A:",False
six legs|car,"Q: Is the property [is female] true for the concept [book]? 
 A: False 
 Q: Is the property [can be digital] true for the concept [book] 
 A: True 
 In one word True/False, answer the following question Q: Is the property [six legs] true for [car]? 
 A:",False
six legs|carrot,"Q: Is the property [is female] true for the concept [book]? 
 A: False 
 Q: Is the property [can be digital] true for the concept [book] 
 A: True 
 In one word True/False, answer the following question Q: Is the property [six legs] true for [carrot]? 
 A:",False
six legs|cart,"Q: Is the property [is female] true for the concept [book]? 
 A: False 
 Q: Is the property [can be digital] true for the concept [book] 
 A: True 
 In one word True/False, answer the following question Q: Is the property [six legs] true for [cart]? 
 A:","False 

A cart does not have legs"
six legs|cat,"Q: Is the property [is female] true for the concept [book]? 
 A: False 
 Q: Is the property [can be digital] true for the concept [book] 
 A: True 
 In one word True/False, answer the following question Q: Is the property [six legs] true for [cat]? 
 A:",False
six legs|caterpillar,"Q: Is the property [is female] true for the concept [book]? 
 A: False 
 Q: Is the property [can be digital] true for the concept [book] 
 A: True 
 In one word True/False, answer the following question Q: Is the property [six legs] true for [caterpillar]? 
 A:","True 

Caterpillars, which"
six legs|celery,"Q: Is the property [is female] true for the concept [book]? 
 A: False 
 Q: Is the property [can be digital] true for the concept [book] 
 A: True 
 In one word True/False, answer the following question Q: Is the property [six legs] true for [celery]? 
 A:","False 

Celery is a plant and"
six legs|chili,"Q: Is the property [is female] true for the concept [book]? 
 A: False 
 Q: Is the property [can be digital] true for the concept [book] 
 A: True 
 In one word True/False, answer the following question Q: Is the property [six legs] true for [chili]? 
 A:","False 

The property [six legs]"
six legs|chinchilla,"Q: Is the property [is female] true for the concept [book]? 
 A: False 
 Q: Is the property [can be digital] true for the concept [book] 
 A: True 
 In one word True/False, answer the following question Q: Is the property [six legs] true for [chinchilla]? 
 A:","False 

Chinchillas are mammals and"
six legs|chisel,"Q: Is the property [is female] true for the concept [book]? 
 A: False 
 Q: Is the property [can be digital] true for the concept [book] 
 A: True 
 In one word True/False, answer the following question Q: Is the property [six legs] true for [chisel]? 
 A:","False 

A chisel is a tool"
six legs|clarinet,"Q: Is the property [is female] true for the concept [book]? 
 A: False 
 Q: Is the property [can be digital] true for the concept [book] 
 A: True 
 In one word True/False, answer the following question Q: Is the property [six legs] true for [clarinet]? 
 A:","False 

The property [six legs]"
six legs|coat,"Q: Is the property [is female] true for the concept [book]? 
 A: False 
 Q: Is the property [can be digital] true for the concept [book] 
 A: True 
 In one word True/False, answer the following question Q: Is the property [six legs] true for [coat]? 
 A:","False 

The property [six legs]"
six legs|coconut,"Q: Is the property [is female] true for the concept [book]? 
 A: False 
 Q: Is the property [can be digital] true for the concept [book] 
 A: True 
 In one word True/False, answer the following question Q: Is the property [six legs] true for [coconut]? 
 A:","False 

The property [six legs]"
six legs|crow,"Q: Is the property [is female] true for the concept [book]? 
 A: False 
 Q: Is the property [can be digital] true for the concept [book] 
 A: True 
 In one word True/False, answer the following question Q: Is the property [six legs] true for [crow]? 
 A:","False 

A crow, being a bird"
six legs|crowbar,"Q: Is the property [is female] true for the concept [book]? 
 A: False 
 Q: Is the property [can be digital] true for the concept [book] 
 A: True 
 In one word True/False, answer the following question Q: Is the property [six legs] true for [crowbar]? 
 A:","False 

A crowbar is an in"
six legs|dragonfly,"Q: Is the property [is female] true for the concept [book]? 
 A: False 
 Q: Is the property [can be digital] true for the concept [book] 
 A: True 
 In one word True/False, answer the following question Q: Is the property [six legs] true for [dragonfly]? 
 A:","True 

Dragonflies are insects and,"
six legs|dress,"Q: Is the property [is female] true for the concept [book]? 
 A: False 
 Q: Is the property [can be digital] true for the concept [book] 
 A: True 
 In one word True/False, answer the following question Q: Is the property [six legs] true for [dress]? 
 A:",False
six legs|eagle,"Q: Is the property [is female] true for the concept [book]? 
 A: False 
 Q: Is the property [can be digital] true for the concept [book] 
 A: True 
 In one word True/False, answer the following question Q: Is the property [six legs] true for [eagle]? 
 A:",False
six legs|eggbeater,"Q: Is the property [is female] true for the concept [book]? 
 A: False 
 Q: Is the property [can be digital] true for the concept [book] 
 A: True 
 In one word True/False, answer the following question Q: Is the property [six legs] true for [eggbeater]? 
 A:","False 

An eggbeater does not"
six legs|fig,"Q: Is the property [is female] true for the concept [book]? 
 A: False 
 Q: Is the property [can be digital] true for the concept [book] 
 A: True 
 In one word True/False, answer the following question Q: Is the property [six legs] true for [fig]? 
 A:","False 

The concept of a ""fig"
six legs|file,"Q: Is the property [is female] true for the concept [book]? 
 A: False 
 Q: Is the property [can be digital] true for the concept [book] 
 A: True 
 In one word True/False, answer the following question Q: Is the property [six legs] true for [file]? 
 A:","False 

The concept of a ""file"
six legs|flute,"Q: Is the property [is female] true for the concept [book]? 
 A: False 
 Q: Is the property [can be digital] true for the concept [book] 
 A: True 
 In one word True/False, answer the following question Q: Is the property [six legs] true for [flute]? 
 A:",False
six legs|fly,"Q: Is the property [is female] true for the concept [book]? 
 A: False 
 Q: Is the property [can be digital] true for the concept [book] 
 A: True 
 In one word True/False, answer the following question Q: Is the property [six legs] true for [fly]? 
 A:","True

The term ""fly"" often"
six legs|grenade,"Q: Is the property [is female] true for the concept [book]? 
 A: False 
 Q: Is the property [can be digital] true for the concept [book] 
 A: True 
 In one word True/False, answer the following question Q: Is the property [six legs] true for [grenade]? 
 A:","False 

A grenade is an explosive device"
six legs|jeans,"Q: Is the property [is female] true for the concept [book]? 
 A: False 
 Q: Is the property [can be digital] true for the concept [book] 
 A: True 
 In one word True/False, answer the following question Q: Is the property [six legs] true for [jeans]? 
 A:",False
six legs|missile,"Q: Is the property [is female] true for the concept [book]? 
 A: False 
 Q: Is the property [can be digital] true for the concept [book] 
 A: True 
 In one word True/False, answer the following question Q: Is the property [six legs] true for [missile]? 
 A:","False 

A missile is a man-made"
six legs|motorcycle,"Q: Is the property [is female] true for the concept [book]? 
 A: False 
 Q: Is the property [can be digital] true for the concept [book] 
 A: True 
 In one word True/False, answer the following question Q: Is the property [six legs] true for [motorcycle]? 
 A:",False
size|accordion,"Q: Is the property [is female] true for the concept [book]? 
 A: False 
 Q: Is the property [can be digital] true for the concept [book] 
 A: True 
 In one word True/False, answer the following question Q: Is the property [size] true for [accordion]? 
 A:","False

The property ""size"" is"
size|acorn,"Q: Is the property [is female] true for the concept [book]? 
 A: False 
 Q: Is the property [can be digital] true for the concept [book] 
 A: True 
 In one word True/False, answer the following question Q: Is the property [size] true for [acorn]? 
 A:","False

The property ""size"" is"
size|airplane,"Q: Is the property [is female] true for the concept [book]? 
 A: False 
 Q: Is the property [can be digital] true for the concept [book] 
 A: True 
 In one word True/False, answer the following question Q: Is the property [size] true for [airplane]? 
 A:","False

The property ""size"" is"
size|aloe,"Q: Is the property [is female] true for the concept [book]? 
 A: False 
 Q: Is the property [can be digital] true for the concept [book] 
 A: True 
 In one word True/False, answer the following question Q: Is the property [size] true for [aloe]? 
 A:","False

The property ""size"" is"
size|ant,"Q: Is the property [is female] true for the concept [book]? 
 A: False 
 Q: Is the property [can be digital] true for the concept [book] 
 A: True 
 In one word True/False, answer the following question Q: Is the property [size] true for [ant]? 
 A:","False

The property ""size"" is"
size|anteater,"Q: Is the property [is female] true for the concept [book]? 
 A: False 
 Q: Is the property [can be digital] true for the concept [book] 
 A: True 
 In one word True/False, answer the following question Q: Is the property [size] true for [anteater]? 
 A:","False

The property ""size"" is"
size|anvil,"Q: Is the property [is female] true for the concept [book]? 
 A: False 
 Q: Is the property [can be digital] true for the concept [book] 
 A: True 
 In one word True/False, answer the following question Q: Is the property [size] true for [anvil]? 
 A:","False

The property ""size"" is"
size|apple,"Q: Is the property [is female] true for the concept [book]? 
 A: False 
 Q: Is the property [can be digital] true for the concept [book] 
 A: True 
 In one word True/False, answer the following question Q: Is the property [size] true for [apple]? 
 A:","False

The property ""size"" is"
size|artichoke,"Q: Is the property [is female] true for the concept [book]? 
 A: False 
 Q: Is the property [can be digital] true for the concept [book] 
 A: True 
 In one word True/False, answer the following question Q: Is the property [size] true for [artichoke]? 
 A:","False

The property ""size"" is"
size|bagel,"Q: Is the property [is female] true for the concept [book]? 
 A: False 
 Q: Is the property [can be digital] true for the concept [book] 
 A: True 
 In one word True/False, answer the following question Q: Is the property [size] true for [bagel]? 
 A:","True

The property ""size"" is"
size|banana,"Q: Is the property [is female] true for the concept [book]? 
 A: False 
 Q: Is the property [can be digital] true for the concept [book] 
 A: True 
 In one word True/False, answer the following question Q: Is the property [size] true for [banana]? 
 A:","False

The property ""size"" is"
size|banjo,"Q: Is the property [is female] true for the concept [book]? 
 A: False 
 Q: Is the property [can be digital] true for the concept [book] 
 A: True 
 In one word True/False, answer the following question Q: Is the property [size] true for [banjo]? 
 A:","False

The property ""size"" is"
size|barrel,"Q: Is the property [is female] true for the concept [book]? 
 A: False 
 Q: Is the property [can be digital] true for the concept [book] 
 A: True 
 In one word True/False, answer the following question Q: Is the property [size] true for [barrel]? 
 A:","False

The property ""size"" is"
size|bat,"Q: Is the property [is female] true for the concept [book]? 
 A: False 
 Q: Is the property [can be digital] true for the concept [book] 
 A: True 
 In one word True/False, answer the following question Q: Is the property [size] true for [bat]? 
 A:","False

The property ""size"" is"
size|beaver,"Q: Is the property [is female] true for the concept [book]? 
 A: False 
 Q: Is the property [can be digital] true for the concept [book] 
 A: True 
 In one word True/False, answer the following question Q: Is the property [size] true for [beaver]? 
 A:","False

The property ""size"" is"
size|bed,"Q: Is the property [is female] true for the concept [book]? 
 A: False 
 Q: Is the property [can be digital] true for the concept [book] 
 A: True 
 In one word True/False, answer the following question Q: Is the property [size] true for [bed]? 
 A:","False

The property ""size"" is"
size|beet,"Q: Is the property [is female] true for the concept [book]? 
 A: False 
 Q: Is the property [can be digital] true for the concept [book] 
 A: True 
 In one word True/False, answer the following question Q: Is the property [size] true for [beet]? 
 A:","False

The property ""size"" is"
size|beetle,"Q: Is the property [is female] true for the concept [book]? 
 A: False 
 Q: Is the property [can be digital] true for the concept [book] 
 A: True 
 In one word True/False, answer the following question Q: Is the property [size] true for [beetle]? 
 A:","False

The property ""size"" is"
size|bell,"Q: Is the property [is female] true for the concept [book]? 
 A: False 
 Q: Is the property [can be digital] true for the concept [book] 
 A: True 
 In one word True/False, answer the following question Q: Is the property [size] true for [bell]? 
 A:","False

The property ""size"" is"
size|belt,"Q: Is the property [is female] true for the concept [book]? 
 A: False 
 Q: Is the property [can be digital] true for the concept [book] 
 A: True 
 In one word True/False, answer the following question Q: Is the property [size] true for [belt]? 
 A:","False

The property ""size"" is"
size|bird,"Q: Is the property [is female] true for the concept [book]? 
 A: False 
 Q: Is the property [can be digital] true for the concept [book] 
 A: True 
 In one word True/False, answer the following question Q: Is the property [size] true for [bird]? 
 A:","False

The property ""size"" is"
size|blender,"Q: Is the property [is female] true for the concept [book]? 
 A: False 
 Q: Is the property [can be digital] true for the concept [book] 
 A: True 
 In one word True/False, answer the following question Q: Is the property [size] true for [blender]? 
 A:","False

The property ""size"" is"
size|blowtorch,"Q: Is the property [is female] true for the concept [book]? 
 A: False 
 Q: Is the property [can be digital] true for the concept [book] 
 A: True 
 In one word True/False, answer the following question Q: Is the property [size] true for [blowtorch]? 
 A:","False

The property ""size"" is"
size|blueberry,"Q: Is the property [is female] true for the concept [book]? 
 A: False 
 Q: Is the property [can be digital] true for the concept [book] 
 A: True 
 In one word True/False, answer the following question Q: Is the property [size] true for [blueberry]? 
 A:","True 

The property [size] is"
size|boa,"Q: Is the property [is female] true for the concept [book]? 
 A: False 
 Q: Is the property [can be digital] true for the concept [book] 
 A: True 
 In one word True/False, answer the following question Q: Is the property [size] true for [boa]? 
 A:","False

The property ""size"" is"
size|boar,"Q: Is the property [is female] true for the concept [book]? 
 A: False 
 Q: Is the property [can be digital] true for the concept [book] 
 A: True 
 In one word True/False, answer the following question Q: Is the property [size] true for [boar]? 
 A:","False

The property ""size"" is"
size|bread,"Q: Is the property [is female] true for the concept [book]? 
 A: False 
 Q: Is the property [can be digital] true for the concept [book] 
 A: True 
 In one word True/False, answer the following question Q: Is the property [size] true for [bread]? 
 A:","False

The property ""size"" is"
size|brussels sprouts,"Q: Is the property [is female] true for the concept [book]? 
 A: False 
 Q: Is the property [can be digital] true for the concept [book] 
 A: True 
 In one word True/False, answer the following question Q: Is the property [size] true for [brussels sprouts]? 
 A:","False

The property ""size"" is"
size|bucket,"Q: Is the property [is female] true for the concept [book]? 
 A: False 
 Q: Is the property [can be digital] true for the concept [book] 
 A: True 
 In one word True/False, answer the following question Q: Is the property [size] true for [bucket]? 
 A:","False

The property ""size"" is"
size|burrito,"Q: Is the property [is female] true for the concept [book]? 
 A: False 
 Q: Is the property [can be digital] true for the concept [book] 
 A: True 
 In one word True/False, answer the following question Q: Is the property [size] true for [burrito]? 
 A:","False

The property ""size"" is"
size|cactus,"Q: Is the property [is female] true for the concept [book]? 
 A: False 
 Q: Is the property [can be digital] true for the concept [book] 
 A: True 
 In one word True/False, answer the following question Q: Is the property [size] true for [cactus]? 
 A:","False

The property ""size"" is"
size|candle,"Q: Is the property [is female] true for the concept [book]? 
 A: False 
 Q: Is the property [can be digital] true for the concept [book] 
 A: True 
 In one word True/False, answer the following question Q: Is the property [size] true for [candle]? 
 A:","False

The property ""size"" is"
size|candy,"Q: Is the property [is female] true for the concept [book]? 
 A: False 
 Q: Is the property [can be digital] true for the concept [book] 
 A: True 
 In one word True/False, answer the following question Q: Is the property [size] true for [candy]? 
 A:","False

The property ""size"" is"
size|cannon,"Q: Is the property [is female] true for the concept [book]? 
 A: False 
 Q: Is the property [can be digital] true for the concept [book] 
 A: True 
 In one word True/False, answer the following question Q: Is the property [size] true for [cannon]? 
 A:","False

The property ""size"" is"
size|car,"Q: Is the property [is female] true for the concept [book]? 
 A: False 
 Q: Is the property [can be digital] true for the concept [book] 
 A: True 
 In one word True/False, answer the following question Q: Is the property [size] true for [car]? 
 A:","False

The property ""size"" is"
size|carrot,"Q: Is the property [is female] true for the concept [book]? 
 A: False 
 Q: Is the property [can be digital] true for the concept [book] 
 A: True 
 In one word True/False, answer the following question Q: Is the property [size] true for [carrot]? 
 A:","False

The property ""size"" is"
size|cart,"Q: Is the property [is female] true for the concept [book]? 
 A: False 
 Q: Is the property [can be digital] true for the concept [book] 
 A: True 
 In one word True/False, answer the following question Q: Is the property [size] true for [cart]? 
 A:","False

The property ""size"" is"
size|cat,"Q: Is the property [is female] true for the concept [book]? 
 A: False 
 Q: Is the property [can be digital] true for the concept [book] 
 A: True 
 In one word True/False, answer the following question Q: Is the property [size] true for [cat]? 
 A:","False

The property ""size"" is"
size|caterpillar,"Q: Is the property [is female] true for the concept [book]? 
 A: False 
 Q: Is the property [can be digital] true for the concept [book] 
 A: True 
 In one word True/False, answer the following question Q: Is the property [size] true for [caterpillar]? 
 A:","False

The property ""size"" is"
size|celery,"Q: Is the property [is female] true for the concept [book]? 
 A: False 
 Q: Is the property [can be digital] true for the concept [book] 
 A: True 
 In one word True/False, answer the following question Q: Is the property [size] true for [celery]? 
 A:","False

The property ""size"" is"
size|chili,"Q: Is the property [is female] true for the concept [book]? 
 A: False 
 Q: Is the property [can be digital] true for the concept [book] 
 A: True 
 In one word True/False, answer the following question Q: Is the property [size] true for [chili]? 
 A:","False

The property ""size"" is"
size|chinchilla,"Q: Is the property [is female] true for the concept [book]? 
 A: False 
 Q: Is the property [can be digital] true for the concept [book] 
 A: True 
 In one word True/False, answer the following question Q: Is the property [size] true for [chinchilla]? 
 A:","False

The property ""size"" is"
size|chisel,"Q: Is the property [is female] true for the concept [book]? 
 A: False 
 Q: Is the property [can be digital] true for the concept [book] 
 A: True 
 In one word True/False, answer the following question Q: Is the property [size] true for [chisel]? 
 A:","False

The property ""size"" is"
size|clarinet,"Q: Is the property [is female] true for the concept [book]? 
 A: False 
 Q: Is the property [can be digital] true for the concept [book] 
 A: True 
 In one word True/False, answer the following question Q: Is the property [size] true for [clarinet]? 
 A:","False

The property ""size"" is"
size|coat,"Q: Is the property [is female] true for the concept [book]? 
 A: False 
 Q: Is the property [can be digital] true for the concept [book] 
 A: True 
 In one word True/False, answer the following question Q: Is the property [size] true for [coat]? 
 A:","False

The property ""size"" is"
size|coconut,"Q: Is the property [is female] true for the concept [book]? 
 A: False 
 Q: Is the property [can be digital] true for the concept [book] 
 A: True 
 In one word True/False, answer the following question Q: Is the property [size] true for [coconut]? 
 A:","False

The property ""size"" is"
size|crow,"Q: Is the property [is female] true for the concept [book]? 
 A: False 
 Q: Is the property [can be digital] true for the concept [book] 
 A: True 
 In one word True/False, answer the following question Q: Is the property [size] true for [crow]? 
 A:","False

The property ""size"" is"
size|crowbar,"Q: Is the property [is female] true for the concept [book]? 
 A: False 
 Q: Is the property [can be digital] true for the concept [book] 
 A: True 
 In one word True/False, answer the following question Q: Is the property [size] true for [crowbar]? 
 A:","False

The property ""size"" is"
size|dragonfly,"Q: Is the property [is female] true for the concept [book]? 
 A: False 
 Q: Is the property [can be digital] true for the concept [book] 
 A: True 
 In one word True/False, answer the following question Q: Is the property [size] true for [dragonfly]? 
 A:","False

The property ""size"" is"
size|dress,"Q: Is the property [is female] true for the concept [book]? 
 A: False 
 Q: Is the property [can be digital] true for the concept [book] 
 A: True 
 In one word True/False, answer the following question Q: Is the property [size] true for [dress]? 
 A:","True 

The property [size] is"
size|eagle,"Q: Is the property [is female] true for the concept [book]? 
 A: False 
 Q: Is the property [can be digital] true for the concept [book] 
 A: True 
 In one word True/False, answer the following question Q: Is the property [size] true for [eagle]? 
 A:","False

The property ""size"" is"
size|eggbeater,"Q: Is the property [is female] true for the concept [book]? 
 A: False 
 Q: Is the property [can be digital] true for the concept [book] 
 A: True 
 In one word True/False, answer the following question Q: Is the property [size] true for [eggbeater]? 
 A:","False

The property ""size"" is"
size|fig,"Q: Is the property [is female] true for the concept [book]? 
 A: False 
 Q: Is the property [can be digital] true for the concept [book] 
 A: True 
 In one word True/False, answer the following question Q: Is the property [size] true for [fig]? 
 A:","False

The property ""size"" is"
size|file,"Q: Is the property [is female] true for the concept [book]? 
 A: False 
 Q: Is the property [can be digital] true for the concept [book] 
 A: True 
 In one word True/False, answer the following question Q: Is the property [size] true for [file]? 
 A:","False

The property ""size"" is"
size|flute,"Q: Is the property [is female] true for the concept [book]? 
 A: False 
 Q: Is the property [can be digital] true for the concept [book] 
 A: True 
 In one word True/False, answer the following question Q: Is the property [size] true for [flute]? 
 A:","False

The property ""size"" is"
size|fly,"Q: Is the property [is female] true for the concept [book]? 
 A: False 
 Q: Is the property [can be digital] true for the concept [book] 
 A: True 
 In one word True/False, answer the following question Q: Is the property [size] true for [fly]? 
 A:","False

The property ""size"" is"
size|grenade,"Q: Is the property [is female] true for the concept [book]? 
 A: False 
 Q: Is the property [can be digital] true for the concept [book] 
 A: True 
 In one word True/False, answer the following question Q: Is the property [size] true for [grenade]? 
 A:","False

The property ""size"" is"
size|jeans,"Q: Is the property [is female] true for the concept [book]? 
 A: False 
 Q: Is the property [can be digital] true for the concept [book] 
 A: True 
 In one word True/False, answer the following question Q: Is the property [size] true for [jeans]? 
 A:","False

The property ""size"" is"
size|missile,"Q: Is the property [is female] true for the concept [book]? 
 A: False 
 Q: Is the property [can be digital] true for the concept [book] 
 A: True 
 In one word True/False, answer the following question Q: Is the property [size] true for [missile]? 
 A:","False

The property ""size"" is"
size|motorcycle,"Q: Is the property [is female] true for the concept [book]? 
 A: False 
 Q: Is the property [can be digital] true for the concept [book] 
 A: True 
 In one word True/False, answer the following question Q: Is the property [size] true for [motorcycle]? 
 A:","False

The property ""size"" is"
small size|accordion,"Q: Is the property [is female] true for the concept [book]? 
 A: False 
 Q: Is the property [can be digital] true for the concept [book] 
 A: True 
 In one word True/False, answer the following question Q: Is the property [small size] true for [accordion]? 
 A:","False 

The size of an accordion can"
small size|acorn,"Q: Is the property [is female] true for the concept [book]? 
 A: False 
 Q: Is the property [can be digital] true for the concept [book] 
 A: True 
 In one word True/False, answer the following question Q: Is the property [small size] true for [acorn]? 
 A:","True 

Acorns are generally small in"
small size|airplane,"Q: Is the property [is female] true for the concept [book]? 
 A: False 
 Q: Is the property [can be digital] true for the concept [book] 
 A: True 
 In one word True/False, answer the following question Q: Is the property [small size] true for [airplane]? 
 A:","False 

The concept of an airplane generally"
small size|aloe,"Q: Is the property [is female] true for the concept [book]? 
 A: False 
 Q: Is the property [can be digital] true for the concept [book] 
 A: True 
 In one word True/False, answer the following question Q: Is the property [small size] true for [aloe]? 
 A:","False

The term ""aloe"""
small size|ant,"Q: Is the property [is female] true for the concept [book]? 
 A: False 
 Q: Is the property [can be digital] true for the concept [book] 
 A: True 
 In one word True/False, answer the following question Q: Is the property [small size] true for [ant]? 
 A:","True 

Ants are generally very small"
small size|anteater,"Q: Is the property [is female] true for the concept [book]? 
 A: False 
 Q: Is the property [can be digital] true for the concept [book] 
 A: True 
 In one word True/False, answer the following question Q: Is the property [small size] true for [anteater]? 
 A:","False 

The anteater, especially the"
small size|anvil,"Q: Is the property [is female] true for the concept [book]? 
 A: False 
 Q: Is the property [can be digital] true for the concept [book] 
 A: True 
 In one word True/False, answer the following question Q: Is the property [small size] true for [anvil]? 
 A:","False 

Anvils are typically known"
small size|apple,"Q: Is the property [is female] true for the concept [book]? 
 A: False 
 Q: Is the property [can be digital] true for the concept [book] 
 A: True 
 In one word True/False, answer the following question Q: Is the property [small size] true for [apple]? 
 A:","True 

However, it's important to"
small size|artichoke,"Q: Is the property [is female] true for the concept [book]? 
 A: False 
 Q: Is the property [can be digital] true for the concept [book] 
 A: True 
 In one word True/False, answer the following question Q: Is the property [small size] true for [artichoke]? 
 A:","False 

The size of an artich"
small size|bagel,"Q: Is the property [is female] true for the concept [book]? 
 A: False 
 Q: Is the property [can be digital] true for the concept [book] 
 A: True 
 In one word True/False, answer the following question Q: Is the property [small size] true for [bagel]? 
 A:","True 

Bagels are generally small in"
small size|banana,"Q: Is the property [is female] true for the concept [book]? 
 A: False 
 Q: Is the property [can be digital] true for the concept [book] 
 A: True 
 In one word True/False, answer the following question Q: Is the property [small size] true for [banana]? 
 A:","True 

Bananas are generally considered to"
small size|banjo,"Q: Is the property [is female] true for the concept [book]? 
 A: False 
 Q: Is the property [can be digital] true for the concept [book] 
 A: True 
 In one word True/False, answer the following question Q: Is the property [small size] true for [banjo]? 
 A:","False 

The size of a banjo"
small size|barrel,"Q: Is the property [is female] true for the concept [book]? 
 A: False 
 Q: Is the property [can be digital] true for the concept [book] 
 A: True 
 In one word True/False, answer the following question Q: Is the property [small size] true for [barrel]? 
 A:","False 

The term ""barrel"""
small size|bat,"Q: Is the property [is female] true for the concept [book]? 
 A: False 
 Q: Is the property [can be digital] true for the concept [book] 
 A: True 
 In one word True/False, answer the following question Q: Is the property [small size] true for [bat]? 
 A:","False

The term ""bat"" can"
small size|beaver,"Q: Is the property [is female] true for the concept [book]? 
 A: False 
 Q: Is the property [can be digital] true for the concept [book] 
 A: True 
 In one word True/False, answer the following question Q: Is the property [small size] true for [beaver]? 
 A:","False 

The size of a beaver"
small size|bed,"Q: Is the property [is female] true for the concept [book]? 
 A: False 
 Q: Is the property [can be digital] true for the concept [book] 
 A: True 
 In one word True/False, answer the following question Q: Is the property [small size] true for [bed]? 
 A:","False 

The concept of a ""bed"
small size|beet,"Q: Is the property [is female] true for the concept [book]? 
 A: False 
 Q: Is the property [can be digital] true for the concept [book] 
 A: True 
 In one word True/False, answer the following question Q: Is the property [small size] true for [beet]? 
 A:","False 

The term ""beet"""
small size|beetle,"Q: Is the property [is female] true for the concept [book]? 
 A: False 
 Q: Is the property [can be digital] true for the concept [book] 
 A: True 
 In one word True/False, answer the following question Q: Is the property [small size] true for [beetle]? 
 A:","False

Explanation: While many beetles"
small size|bell,"Q: Is the property [is female] true for the concept [book]? 
 A: False 
 Q: Is the property [can be digital] true for the concept [book] 
 A: True 
 In one word True/False, answer the following question Q: Is the property [small size] true for [bell]? 
 A:","False

Explanation: While some bells can"
small size|belt,"Q: Is the property [is female] true for the concept [book]? 
 A: False 
 Q: Is the property [can be digital] true for the concept [book] 
 A: True 
 In one word True/False, answer the following question Q: Is the property [small size] true for [belt]? 
 A:","False

The property [small size]"
small size|bird,"Q: Is the property [is female] true for the concept [book]? 
 A: False 
 Q: Is the property [can be digital] true for the concept [book] 
 A: True 
 In one word True/False, answer the following question Q: Is the property [small size] true for [bird]? 
 A:","False

The property [small size]"
small size|blender,"Q: Is the property [is female] true for the concept [book]? 
 A: False 
 Q: Is the property [can be digital] true for the concept [book] 
 A: True 
 In one word True/False, answer the following question Q: Is the property [small size] true for [blender]? 
 A:","False 

The property [small size]"
small size|blowtorch,"Q: Is the property [is female] true for the concept [book]? 
 A: False 
 Q: Is the property [can be digital] true for the concept [book] 
 A: True 
 In one word True/False, answer the following question Q: Is the property [small size] true for [blowtorch]? 
 A:","False 

The term ""blowtorch"
small size|blueberry,"Q: Is the property [is female] true for the concept [book]? 
 A: False 
 Q: Is the property [can be digital] true for the concept [book] 
 A: True 
 In one word True/False, answer the following question Q: Is the property [small size] true for [blueberry]? 
 A:","True 

Blueberries are generally small in"
small size|boa,"Q: Is the property [is female] true for the concept [book]? 
 A: False 
 Q: Is the property [can be digital] true for the concept [book] 
 A: True 
 In one word True/False, answer the following question Q: Is the property [small size] true for [boa]? 
 A:","False 

The term ""boa"" typically"
small size|boar,"Q: Is the property [is female] true for the concept [book]? 
 A: False 
 Q: Is the property [can be digital] true for the concept [book] 
 A: True 
 In one word True/False, answer the following question Q: Is the property [small size] true for [boar]? 
 A:","False 

The term ""boar"""
small size|bread,"Q: Is the property [is female] true for the concept [book]? 
 A: False 
 Q: Is the property [can be digital] true for the concept [book] 
 A: True 
 In one word True/False, answer the following question Q: Is the property [small size] true for [bread]? 
 A:","False

Explanation: The size of bread"
small size|brussels sprouts,"Q: Is the property [is female] true for the concept [book]? 
 A: False 
 Q: Is the property [can be digital] true for the concept [book] 
 A: True 
 In one word True/False, answer the following question Q: Is the property [small size] true for [brussels sprouts]? 
 A:","True 

Brussels sprouts are generally"
small size|bucket,"Q: Is the property [is female] true for the concept [book]? 
 A: False 
 Q: Is the property [can be digital] true for the concept [book] 
 A: True 
 In one word True/False, answer the following question Q: Is the property [small size] true for [bucket]? 
 A:","False 

The term ""bucket"" generally"
small size|burrito,"Q: Is the property [is female] true for the concept [book]? 
 A: False 
 Q: Is the property [can be digital] true for the concept [book] 
 A: True 
 In one word True/False, answer the following question Q: Is the property [small size] true for [burrito]? 
 A:","False 

Explanation: While some burritos"
small size|cactus,"Q: Is the property [is female] true for the concept [book]? 
 A: False 
 Q: Is the property [can be digital] true for the concept [book] 
 A: True 
 In one word True/False, answer the following question Q: Is the property [small size] true for [cactus]? 
 A:","False 

Explanation: While some cact"
small size|candle,"Q: Is the property [is female] true for the concept [book]? 
 A: False 
 Q: Is the property [can be digital] true for the concept [book] 
 A: True 
 In one word True/False, answer the following question Q: Is the property [small size] true for [candle]? 
 A:","False

Explanation: While some candles are"
small size|candy,"Q: Is the property [is female] true for the concept [book]? 
 A: False 
 Q: Is the property [can be digital] true for the concept [book] 
 A: True 
 In one word True/False, answer the following question Q: Is the property [small size] true for [candy]? 
 A:","False

Explanation: While many candies are"
small size|cannon,"Q: Is the property [is female] true for the concept [book]? 
 A: False 
 Q: Is the property [can be digital] true for the concept [book] 
 A: True 
 In one word True/False, answer the following question Q: Is the property [small size] true for [cannon]? 
 A:","False 

A cannon is typically large and"
small size|car,"Q: Is the property [is female] true for the concept [book]? 
 A: False 
 Q: Is the property [can be digital] true for the concept [book] 
 A: True 
 In one word True/False, answer the following question Q: Is the property [small size] true for [car]? 
 A:","False 

The property [small size]"
small size|carrot,"Q: Is the property [is female] true for the concept [book]? 
 A: False 
 Q: Is the property [can be digital] true for the concept [book] 
 A: True 
 In one word True/False, answer the following question Q: Is the property [small size] true for [carrot]? 
 A:","False

The size of a carrot can"
small size|cart,"Q: Is the property [is female] true for the concept [book]? 
 A: False 
 Q: Is the property [can be digital] true for the concept [book] 
 A: True 
 In one word True/False, answer the following question Q: Is the property [small size] true for [cart]? 
 A:","False 

The term ""cart"" generally"
small size|cat,"Q: Is the property [is female] true for the concept [book]? 
 A: False 
 Q: Is the property [can be digital] true for the concept [book] 
 A: True 
 In one word True/False, answer the following question Q: Is the property [small size] true for [cat]? 
 A:","False

Explanation: While many cats are"
small size|caterpillar,"Q: Is the property [is female] true for the concept [book]? 
 A: False 
 Q: Is the property [can be digital] true for the concept [book] 
 A: True 
 In one word True/False, answer the following question Q: Is the property [small size] true for [caterpillar]? 
 A:","False 

The size of a caterpillar"
small size|celery,"Q: Is the property [is female] true for the concept [book]? 
 A: False 
 Q: Is the property [can be digital] true for the concept [book] 
 A: True 
 In one word True/False, answer the following question Q: Is the property [small size] true for [celery]? 
 A:","False 

Explanation: Celery can vary"
small size|chili,"Q: Is the property [is female] true for the concept [book]? 
 A: False 
 Q: Is the property [can be digital] true for the concept [book] 
 A: True 
 In one word True/False, answer the following question Q: Is the property [small size] true for [chili]? 
 A:","False

Explanation: While some chili peppers"
small size|chinchilla,"Q: Is the property [is female] true for the concept [book]? 
 A: False 
 Q: Is the property [can be digital] true for the concept [book] 
 A: True 
 In one word True/False, answer the following question Q: Is the property [small size] true for [chinchilla]? 
 A:","False 

Chinchillas are known for"
small size|chisel,"Q: Is the property [is female] true for the concept [book]? 
 A: False 
 Q: Is the property [can be digital] true for the concept [book] 
 A: True 
 In one word True/False, answer the following question Q: Is the property [small size] true for [chisel]? 
 A:","False 

The size of a chisel"
small size|clarinet,"Q: Is the property [is female] true for the concept [book]? 
 A: False 
 Q: Is the property [can be digital] true for the concept [book] 
 A: True 
 In one word True/False, answer the following question Q: Is the property [small size] true for [clarinet]? 
 A:","False 

The clarinet is generally not"
small size|coat,"Q: Is the property [is female] true for the concept [book]? 
 A: False 
 Q: Is the property [can be digital] true for the concept [book] 
 A: True 
 In one word True/False, answer the following question Q: Is the property [small size] true for [coat]? 
 A:","False

The property [small size]"
small size|coconut,"Q: Is the property [is female] true for the concept [book]? 
 A: False 
 Q: Is the property [can be digital] true for the concept [book] 
 A: True 
 In one word True/False, answer the following question Q: Is the property [small size] true for [coconut]? 
 A:","False 

While coconuts can vary"
small size|crow,"Q: Is the property [is female] true for the concept [book]? 
 A: False 
 Q: Is the property [can be digital] true for the concept [book] 
 A: True 
 In one word True/False, answer the following question Q: Is the property [small size] true for [crow]? 
 A:","False 

The size of a crow is"
small size|crowbar,"Q: Is the property [is female] true for the concept [book]? 
 A: False 
 Q: Is the property [can be digital] true for the concept [book] 
 A: True 
 In one word True/False, answer the following question Q: Is the property [small size] true for [crowbar]? 
 A:","False 

A crowbar is typically not"
small size|dragonfly,"Q: Is the property [is female] true for the concept [book]? 
 A: False 
 Q: Is the property [can be digital] true for the concept [book] 
 A: True 
 In one word True/False, answer the following question Q: Is the property [small size] true for [dragonfly]? 
 A:","False 

The size of a dragonfly"
small size|dress,"Q: Is the property [is female] true for the concept [book]? 
 A: False 
 Q: Is the property [can be digital] true for the concept [book] 
 A: True 
 In one word True/False, answer the following question Q: Is the property [small size] true for [dress]? 
 A:","False

Explanation: The property [small"
small size|eagle,"Q: Is the property [is female] true for the concept [book]? 
 A: False 
 Q: Is the property [can be digital] true for the concept [book] 
 A: True 
 In one word True/False, answer the following question Q: Is the property [small size] true for [eagle]? 
 A:","False 

Eagles are generally large"
small size|eggbeater,"Q: Is the property [is female] true for the concept [book]? 
 A: False 
 Q: Is the property [can be digital] true for the concept [book] 
 A: True 
 In one word True/False, answer the following question Q: Is the property [small size] true for [eggbeater]? 
 A:","False 

The size of an eggbe"
small size|fig,"Q: Is the property [is female] true for the concept [book]? 
 A: False 
 Q: Is the property [can be digital] true for the concept [book] 
 A: True 
 In one word True/False, answer the following question Q: Is the property [small size] true for [fig]? 
 A:","False

The term ""fig"" generally"
small size|file,"Q: Is the property [is female] true for the concept [book]? 
 A: False 
 Q: Is the property [can be digital] true for the concept [book] 
 A: True 
 In one word True/False, answer the following question Q: Is the property [small size] true for [file]? 
 A:","False

The term ""file"" in"
small size|flute,"Q: Is the property [is female] true for the concept [book]? 
 A: False 
 Q: Is the property [can be digital] true for the concept [book] 
 A: True 
 In one word True/False, answer the following question Q: Is the property [small size] true for [flute]? 
 A:","False

The size of a flute can"
small size|fly,"Q: Is the property [is female] true for the concept [book]? 
 A: False 
 Q: Is the property [can be digital] true for the concept [book] 
 A: True 
 In one word True/False, answer the following question Q: Is the property [small size] true for [fly]? 
 A:","False

The property [small size]"
small size|grenade,"Q: Is the property [is female] true for the concept [book]? 
 A: False 
 Q: Is the property [can be digital] true for the concept [book] 
 A: True 
 In one word True/False, answer the following question Q: Is the property [small size] true for [grenade]? 
 A:","False

Explanation: While some grenades can"
small size|jeans,"Q: Is the property [is female] true for the concept [book]? 
 A: False 
 Q: Is the property [can be digital] true for the concept [book] 
 A: True 
 In one word True/False, answer the following question Q: Is the property [small size] true for [jeans]? 
 A:","False

The property [small size]"
small size|missile,"Q: Is the property [is female] true for the concept [book]? 
 A: False 
 Q: Is the property [can be digital] true for the concept [book] 
 A: True 
 In one word True/False, answer the following question Q: Is the property [small size] true for [missile]? 
 A:","False 

The term ""missile"""
small size|motorcycle,"Q: Is the property [is female] true for the concept [book]? 
 A: False 
 Q: Is the property [can be digital] true for the concept [book] 
 A: True 
 In one word True/False, answer the following question Q: Is the property [small size] true for [motorcycle]? 
 A:","False

The property [small size]"
sweet taste|accordion,"Q: Is the property [is female] true for the concept [book]? 
 A: False 
 Q: Is the property [can be digital] true for the concept [book] 
 A: True 
 In one word True/False, answer the following question Q: Is the property [sweet taste] true for [accordion]? 
 A:",False
sweet taste|acorn,"Q: Is the property [is female] true for the concept [book]? 
 A: False 
 Q: Is the property [can be digital] true for the concept [book] 
 A: True 
 In one word True/False, answer the following question Q: Is the property [sweet taste] true for [acorn]? 
 A:","False 

Acorns are not typically known"
sweet taste|airplane,"Q: Is the property [is female] true for the concept [book]? 
 A: False 
 Q: Is the property [can be digital] true for the concept [book] 
 A: True 
 In one word True/False, answer the following question Q: Is the property [sweet taste] true for [airplane]? 
 A:",False
sweet taste|aloe,"Q: Is the property [is female] true for the concept [book]? 
 A: False 
 Q: Is the property [can be digital] true for the concept [book] 
 A: True 
 In one word True/False, answer the following question Q: Is the property [sweet taste] true for [aloe]? 
 A:","False 

Aloe is generally not known"
sweet taste|ant,"Q: Is the property [is female] true for the concept [book]? 
 A: False 
 Q: Is the property [can be digital] true for the concept [book] 
 A: True 
 In one word True/False, answer the following question Q: Is the property [sweet taste] true for [ant]? 
 A:",False
sweet taste|anteater,"Q: Is the property [is female] true for the concept [book]? 
 A: False 
 Q: Is the property [can be digital] true for the concept [book] 
 A: True 
 In one word True/False, answer the following question Q: Is the property [sweet taste] true for [anteater]? 
 A:","False 

An anteater is an animal"
sweet taste|anvil,"Q: Is the property [is female] true for the concept [book]? 
 A: False 
 Q: Is the property [can be digital] true for the concept [book] 
 A: True 
 In one word True/False, answer the following question Q: Is the property [sweet taste] true for [anvil]? 
 A:",False
sweet taste|apple,"Q: Is the property [is female] true for the concept [book]? 
 A: False 
 Q: Is the property [can be digital] true for the concept [book] 
 A: True 
 In one word True/False, answer the following question Q: Is the property [sweet taste] true for [apple]? 
 A:",True
sweet taste|artichoke,"Q: Is the property [is female] true for the concept [book]? 
 A: False 
 Q: Is the property [can be digital] true for the concept [book] 
 A: True 
 In one word True/False, answer the following question Q: Is the property [sweet taste] true for [artichoke]? 
 A:","False 

Artichokes are generally not"
sweet taste|bagel,"Q: Is the property [is female] true for the concept [book]? 
 A: False 
 Q: Is the property [can be digital] true for the concept [book] 
 A: True 
 In one word True/False, answer the following question Q: Is the property [sweet taste] true for [bagel]? 
 A:",False
sweet taste|banana,"Q: Is the property [is female] true for the concept [book]? 
 A: False 
 Q: Is the property [can be digital] true for the concept [book] 
 A: True 
 In one word True/False, answer the following question Q: Is the property [sweet taste] true for [banana]? 
 A:","True 

Bananas are generally known for"
sweet taste|banjo,"Q: Is the property [is female] true for the concept [book]? 
 A: False 
 Q: Is the property [can be digital] true for the concept [book] 
 A: True 
 In one word True/False, answer the following question Q: Is the property [sweet taste] true for [banjo]? 
 A:",False
sweet taste|barrel,"Q: Is the property [is female] true for the concept [book]? 
 A: False 
 Q: Is the property [can be digital] true for the concept [book] 
 A: True 
 In one word True/False, answer the following question Q: Is the property [sweet taste] true for [barrel]? 
 A:","False 

A barrel is an object used"
sweet taste|bat,"Q: Is the property [is female] true for the concept [book]? 
 A: False 
 Q: Is the property [can be digital] true for the concept [book] 
 A: True 
 In one word True/False, answer the following question Q: Is the property [sweet taste] true for [bat]? 
 A:",False
sweet taste|beaver,"Q: Is the property [is female] true for the concept [book]? 
 A: False 
 Q: Is the property [can be digital] true for the concept [book] 
 A: True 
 In one word True/False, answer the following question Q: Is the property [sweet taste] true for [beaver]? 
 A:",False
sweet taste|bed,"Q: Is the property [is female] true for the concept [book]? 
 A: False 
 Q: Is the property [can be digital] true for the concept [book] 
 A: True 
 In one word True/False, answer the following question Q: Is the property [sweet taste] true for [bed]? 
 A:",False
sweet taste|beet,"Q: Is the property [is female] true for the concept [book]? 
 A: False 
 Q: Is the property [can be digital] true for the concept [book] 
 A: True 
 In one word True/False, answer the following question Q: Is the property [sweet taste] true for [beet]? 
 A:","True 

Beets can have a sweet"
sweet taste|beetle,"Q: Is the property [is female] true for the concept [book]? 
 A: False 
 Q: Is the property [can be digital] true for the concept [book] 
 A: True 
 In one word True/False, answer the following question Q: Is the property [sweet taste] true for [beetle]? 
 A:","False 

Beetles, as insects"
sweet taste|bell,"Q: Is the property [is female] true for the concept [book]? 
 A: False 
 Q: Is the property [can be digital] true for the concept [book] 
 A: True 
 In one word True/False, answer the following question Q: Is the property [sweet taste] true for [bell]? 
 A:",False
sweet taste|belt,"Q: Is the property [is female] true for the concept [book]? 
 A: False 
 Q: Is the property [can be digital] true for the concept [book] 
 A: True 
 In one word True/False, answer the following question Q: Is the property [sweet taste] true for [belt]? 
 A:",False
sweet taste|bird,"Q: Is the property [is female] true for the concept [book]? 
 A: False 
 Q: Is the property [can be digital] true for the concept [book] 
 A: True 
 In one word True/False, answer the following question Q: Is the property [sweet taste] true for [bird]? 
 A:",False
sweet taste|blender,"Q: Is the property [is female] true for the concept [book]? 
 A: False 
 Q: Is the property [can be digital] true for the concept [book] 
 A: True 
 In one word True/False, answer the following question Q: Is the property [sweet taste] true for [blender]? 
 A:",False
sweet taste|blowtorch,"Q: Is the property [is female] true for the concept [book]? 
 A: False 
 Q: Is the property [can be digital] true for the concept [book] 
 A: True 
 In one word True/False, answer the following question Q: Is the property [sweet taste] true for [blowtorch]? 
 A:",False
sweet taste|blueberry,"Q: Is the property [is female] true for the concept [book]? 
 A: False 
 Q: Is the property [can be digital] true for the concept [book] 
 A: True 
 In one word True/False, answer the following question Q: Is the property [sweet taste] true for [blueberry]? 
 A:",True
sweet taste|boa,"Q: Is the property [is female] true for the concept [book]? 
 A: False 
 Q: Is the property [can be digital] true for the concept [book] 
 A: True 
 In one word True/False, answer the following question Q: Is the property [sweet taste] true for [boa]? 
 A:","False 

A boa is a type of"
sweet taste|boar,"Q: Is the property [is female] true for the concept [book]? 
 A: False 
 Q: Is the property [can be digital] true for the concept [book] 
 A: True 
 In one word True/False, answer the following question Q: Is the property [sweet taste] true for [boar]? 
 A:","False 

Boars, being animals,"
sweet taste|bread,"Q: Is the property [is female] true for the concept [book]? 
 A: False 
 Q: Is the property [can be digital] true for the concept [book] 
 A: True 
 In one word True/False, answer the following question Q: Is the property [sweet taste] true for [bread]? 
 A:","False 

Bread is generally not described"
sweet taste|brussels sprouts,"Q: Is the property [is female] true for the concept [book]? 
 A: False 
 Q: Is the property [can be digital] true for the concept [book] 
 A: True 
 In one word True/False, answer the following question Q: Is the property [sweet taste] true for [brussels sprouts]? 
 A:",False
sweet taste|bucket,"Q: Is the property [is female] true for the concept [book]? 
 A: False 
 Q: Is the property [can be digital] true for the concept [book] 
 A: True 
 In one word True/False, answer the following question Q: Is the property [sweet taste] true for [bucket]? 
 A:",False
sweet taste|burrito,"Q: Is the property [is female] true for the concept [book]? 
 A: False 
 Q: Is the property [can be digital] true for the concept [book] 
 A: True 
 In one word True/False, answer the following question Q: Is the property [sweet taste] true for [burrito]? 
 A:",False
sweet taste|cactus,"Q: Is the property [is female] true for the concept [book]? 
 A: False 
 Q: Is the property [can be digital] true for the concept [book] 
 A: True 
 In one word True/False, answer the following question Q: Is the property [sweet taste] true for [cactus]? 
 A:","False 

Cacti are plants that"
sweet taste|candle,"Q: Is the property [is female] true for the concept [book]? 
 A: False 
 Q: Is the property [can be digital] true for the concept [book] 
 A: True 
 In one word True/False, answer the following question Q: Is the property [sweet taste] true for [candle]? 
 A:",False
sweet taste|candy,"Q: Is the property [is female] true for the concept [book]? 
 A: False 
 Q: Is the property [can be digital] true for the concept [book] 
 A: True 
 In one word True/False, answer the following question Q: Is the property [sweet taste] true for [candy]? 
 A:",True
sweet taste|cannon,"Q: Is the property [is female] true for the concept [book]? 
 A: False 
 Q: Is the property [can be digital] true for the concept [book] 
 A: True 
 In one word True/False, answer the following question Q: Is the property [sweet taste] true for [cannon]? 
 A:",False
sweet taste|car,"Q: Is the property [is female] true for the concept [book]? 
 A: False 
 Q: Is the property [can be digital] true for the concept [book] 
 A: True 
 In one word True/False, answer the following question Q: Is the property [sweet taste] true for [car]? 
 A:",False
sweet taste|carrot,"Q: Is the property [is female] true for the concept [book]? 
 A: False 
 Q: Is the property [can be digital] true for the concept [book] 
 A: True 
 In one word True/False, answer the following question Q: Is the property [sweet taste] true for [carrot]? 
 A:","False 

Carrots are generally considered to"
sweet taste|cart,"Q: Is the property [is female] true for the concept [book]? 
 A: False 
 Q: Is the property [can be digital] true for the concept [book] 
 A: True 
 In one word True/False, answer the following question Q: Is the property [sweet taste] true for [cart]? 
 A:",False
sweet taste|cat,"Q: Is the property [is female] true for the concept [book]? 
 A: False 
 Q: Is the property [can be digital] true for the concept [book] 
 A: True 
 In one word True/False, answer the following question Q: Is the property [sweet taste] true for [cat]? 
 A:",False
sweet taste|caterpillar,"Q: Is the property [is female] true for the concept [book]? 
 A: False 
 Q: Is the property [can be digital] true for the concept [book] 
 A: True 
 In one word True/False, answer the following question Q: Is the property [sweet taste] true for [caterpillar]? 
 A:",False
sweet taste|celery,"Q: Is the property [is female] true for the concept [book]? 
 A: False 
 Q: Is the property [can be digital] true for the concept [book] 
 A: True 
 In one word True/False, answer the following question Q: Is the property [sweet taste] true for [celery]? 
 A:",False
sweet taste|chili,"Q: Is the property [is female] true for the concept [book]? 
 A: False 
 Q: Is the property [can be digital] true for the concept [book] 
 A: True 
 In one word True/False, answer the following question Q: Is the property [sweet taste] true for [chili]? 
 A:","False 

Chili, especially when referring"
sweet taste|chinchilla,"Q: Is the property [is female] true for the concept [book]? 
 A: False 
 Q: Is the property [can be digital] true for the concept [book] 
 A: True 
 In one word True/False, answer the following question Q: Is the property [sweet taste] true for [chinchilla]? 
 A:","False 

Chinchillas are animals and"
sweet taste|chisel,"Q: Is the property [is female] true for the concept [book]? 
 A: False 
 Q: Is the property [can be digital] true for the concept [book] 
 A: True 
 In one word True/False, answer the following question Q: Is the property [sweet taste] true for [chisel]? 
 A:",False
sweet taste|clarinet,"Q: Is the property [is female] true for the concept [book]? 
 A: False 
 Q: Is the property [can be digital] true for the concept [book] 
 A: True 
 In one word True/False, answer the following question Q: Is the property [sweet taste] true for [clarinet]? 
 A:",False
sweet taste|coat,"Q: Is the property [is female] true for the concept [book]? 
 A: False 
 Q: Is the property [can be digital] true for the concept [book] 
 A: True 
 In one word True/False, answer the following question Q: Is the property [sweet taste] true for [coat]? 
 A:",False
sweet taste|coconut,"Q: Is the property [is female] true for the concept [book]? 
 A: False 
 Q: Is the property [can be digital] true for the concept [book] 
 A: True 
 In one word True/False, answer the following question Q: Is the property [sweet taste] true for [coconut]? 
 A:","False 

While coconuts can be"
sweet taste|crow,"Q: Is the property [is female] true for the concept [book]? 
 A: False 
 Q: Is the property [can be digital] true for the concept [book] 
 A: True 
 In one word True/False, answer the following question Q: Is the property [sweet taste] true for [crow]? 
 A:",False
sweet taste|crowbar,"Q: Is the property [is female] true for the concept [book]? 
 A: False 
 Q: Is the property [can be digital] true for the concept [book] 
 A: True 
 In one word True/False, answer the following question Q: Is the property [sweet taste] true for [crowbar]? 
 A:",False
sweet taste|dragonfly,"Q: Is the property [is female] true for the concept [book]? 
 A: False 
 Q: Is the property [can be digital] true for the concept [book] 
 A: True 
 In one word True/False, answer the following question Q: Is the property [sweet taste] true for [dragonfly]? 
 A:",False
sweet taste|dress,"Q: Is the property [is female] true for the concept [book]? 
 A: False 
 Q: Is the property [can be digital] true for the concept [book] 
 A: True 
 In one word True/False, answer the following question Q: Is the property [sweet taste] true for [dress]? 
 A:",False
sweet taste|eagle,"Q: Is the property [is female] true for the concept [book]? 
 A: False 
 Q: Is the property [can be digital] true for the concept [book] 
 A: True 
 In one word True/False, answer the following question Q: Is the property [sweet taste] true for [eagle]? 
 A:",False
sweet taste|eggbeater,"Q: Is the property [is female] true for the concept [book]? 
 A: False 
 Q: Is the property [can be digital] true for the concept [book] 
 A: True 
 In one word True/False, answer the following question Q: Is the property [sweet taste] true for [eggbeater]? 
 A:",False
sweet taste|fig,"Q: Is the property [is female] true for the concept [book]? 
 A: False 
 Q: Is the property [can be digital] true for the concept [book] 
 A: True 
 In one word True/False, answer the following question Q: Is the property [sweet taste] true for [fig]? 
 A:",True
sweet taste|file,"Q: Is the property [is female] true for the concept [book]? 
 A: False 
 Q: Is the property [can be digital] true for the concept [book] 
 A: True 
 In one word True/False, answer the following question Q: Is the property [sweet taste] true for [file]? 
 A:",False
sweet taste|flute,"Q: Is the property [is female] true for the concept [book]? 
 A: False 
 Q: Is the property [can be digital] true for the concept [book] 
 A: True 
 In one word True/False, answer the following question Q: Is the property [sweet taste] true for [flute]? 
 A:",False
sweet taste|fly,"Q: Is the property [is female] true for the concept [book]? 
 A: False 
 Q: Is the property [can be digital] true for the concept [book] 
 A: True 
 In one word True/False, answer the following question Q: Is the property [sweet taste] true for [fly]? 
 A:",False
sweet taste|grenade,"Q: Is the property [is female] true for the concept [book]? 
 A: False 
 Q: Is the property [can be digital] true for the concept [book] 
 A: True 
 In one word True/False, answer the following question Q: Is the property [sweet taste] true for [grenade]? 
 A:","False 

A grenade is an explosive device"
sweet taste|jeans,"Q: Is the property [is female] true for the concept [book]? 
 A: False 
 Q: Is the property [can be digital] true for the concept [book] 
 A: True 
 In one word True/False, answer the following question Q: Is the property [sweet taste] true for [jeans]? 
 A:",False
sweet taste|missile,"Q: Is the property [is female] true for the concept [book]? 
 A: False 
 Q: Is the property [can be digital] true for the concept [book] 
 A: True 
 In one word True/False, answer the following question Q: Is the property [sweet taste] true for [missile]? 
 A:",False
sweet taste|motorcycle,"Q: Is the property [is female] true for the concept [book]? 
 A: False 
 Q: Is the property [can be digital] true for the concept [book] 
 A: True 
 In one word True/False, answer the following question Q: Is the property [sweet taste] true for [motorcycle]? 
 A:",False
weight|accordion,"Q: Is the property [is female] true for the concept [book]? 
 A: False 
 Q: Is the property [can be digital] true for the concept [book] 
 A: True 
 In one word True/False, answer the following question Q: Is the property [weight] true for [accordion]? 
 A:","True 

The property [weight] is"
weight|acorn,"Q: Is the property [is female] true for the concept [book]? 
 A: False 
 Q: Is the property [can be digital] true for the concept [book] 
 A: True 
 In one word True/False, answer the following question Q: Is the property [weight] true for [acorn]? 
 A:","True 

An acorn, like most"
weight|airplane,"Q: Is the property [is female] true for the concept [book]? 
 A: False 
 Q: Is the property [can be digital] true for the concept [book] 
 A: True 
 In one word True/False, answer the following question Q: Is the property [weight] true for [airplane]? 
 A:","True 

The property [weight] is"
weight|aloe,"Q: Is the property [is female] true for the concept [book]? 
 A: False 
 Q: Is the property [can be digital] true for the concept [book] 
 A: True 
 In one word True/False, answer the following question Q: Is the property [weight] true for [aloe]? 
 A:","True 

Explanation: The property [weight"
weight|ant,"Q: Is the property [is female] true for the concept [book]? 
 A: False 
 Q: Is the property [can be digital] true for the concept [book] 
 A: True 
 In one word True/False, answer the following question Q: Is the property [weight] true for [ant]? 
 A:","True 

Explanation: The property [weight"
weight|anteater,"Q: Is the property [is female] true for the concept [book]? 
 A: False 
 Q: Is the property [can be digital] true for the concept [book] 
 A: True 
 In one word True/False, answer the following question Q: Is the property [weight] true for [anteater]? 
 A:","True 

Explanation: The property [weight"
weight|anvil,"Q: Is the property [is female] true for the concept [book]? 
 A: False 
 Q: Is the property [can be digital] true for the concept [book] 
 A: True 
 In one word True/False, answer the following question Q: Is the property [weight] true for [anvil]? 
 A:","True 

The property [weight] is"
weight|apple,"Q: Is the property [is female] true for the concept [book]? 
 A: False 
 Q: Is the property [can be digital] true for the concept [book] 
 A: True 
 In one word True/False, answer the following question Q: Is the property [weight] true for [apple]? 
 A:","True 

The property [weight] is"
weight|artichoke,"Q: Is the property [is female] true for the concept [book]? 
 A: False 
 Q: Is the property [can be digital] true for the concept [book] 
 A: True 
 In one word True/False, answer the following question Q: Is the property [weight] true for [artichoke]? 
 A:","True 

An artichoke, like"
weight|bagel,"Q: Is the property [is female] true for the concept [book]? 
 A: False 
 Q: Is the property [can be digital] true for the concept [book] 
 A: True 
 In one word True/False, answer the following question Q: Is the property [weight] true for [bagel]? 
 A:","True 

The property [weight] is"
weight|banana,"Q: Is the property [is female] true for the concept [book]? 
 A: False 
 Q: Is the property [can be digital] true for the concept [book] 
 A: True 
 In one word True/False, answer the following question Q: Is the property [weight] true for [banana]? 
 A:","True 

The property [weight] is"
weight|banjo,"Q: Is the property [is female] true for the concept [book]? 
 A: False 
 Q: Is the property [can be digital] true for the concept [book] 
 A: True 
 In one word True/False, answer the following question Q: Is the property [weight] true for [banjo]? 
 A:","True 

The property [weight] is"
weight|barrel,"Q: Is the property [is female] true for the concept [book]? 
 A: False 
 Q: Is the property [can be digital] true for the concept [book] 
 A: True 
 In one word True/False, answer the following question Q: Is the property [weight] true for [barrel]? 
 A:","True 

A barrel, whether empty or"
weight|bat,"Q: Is the property [is female] true for the concept [book]? 
 A: False 
 Q: Is the property [can be digital] true for the concept [book] 
 A: True 
 In one word True/False, answer the following question Q: Is the property [weight] true for [bat]? 
 A:","True 

The property [weight] is"
weight|beaver,"Q: Is the property [is female] true for the concept [book]? 
 A: False 
 Q: Is the property [can be digital] true for the concept [book] 
 A: True 
 In one word True/False, answer the following question Q: Is the property [weight] true for [beaver]? 
 A:","True 

The property [weight] is"
weight|bed,"Q: Is the property [is female] true for the concept [book]? 
 A: False 
 Q: Is the property [can be digital] true for the concept [book] 
 A: True 
 In one word True/False, answer the following question Q: Is the property [weight] true for [bed]? 
 A:","True 

The property [weight] is"
weight|beet,"Q: Is the property [is female] true for the concept [book]? 
 A: False 
 Q: Is the property [can be digital] true for the concept [book] 
 A: True 
 In one word True/False, answer the following question Q: Is the property [weight] true for [beet]? 
 A:","True 

Explanation: The property [weight"
weight|beetle,"Q: Is the property [is female] true for the concept [book]? 
 A: False 
 Q: Is the property [can be digital] true for the concept [book] 
 A: True 
 In one word True/False, answer the following question Q: Is the property [weight] true for [beetle]? 
 A:","True 

Explanation: The property [weight"
weight|bell,"Q: Is the property [is female] true for the concept [book]? 
 A: False 
 Q: Is the property [can be digital] true for the concept [book] 
 A: True 
 In one word True/False, answer the following question Q: Is the property [weight] true for [bell]? 
 A:","True 

The property [weight] is"
weight|belt,"Q: Is the property [is female] true for the concept [book]? 
 A: False 
 Q: Is the property [can be digital] true for the concept [book] 
 A: True 
 In one word True/False, answer the following question Q: Is the property [weight] true for [belt]? 
 A:","True 

Explanation: The property ""weight"
weight|bird,"Q: Is the property [is female] true for the concept [book]? 
 A: False 
 Q: Is the property [can be digital] true for the concept [book] 
 A: True 
 In one word True/False, answer the following question Q: Is the property [weight] true for [bird]? 
 A:","False

The property ""weight"" is"
weight|blender,"Q: Is the property [is female] true for the concept [book]? 
 A: False 
 Q: Is the property [can be digital] true for the concept [book] 
 A: True 
 In one word True/False, answer the following question Q: Is the property [weight] true for [blender]? 
 A:","True 

The property [weight] is"
weight|blowtorch,"Q: Is the property [is female] true for the concept [book]? 
 A: False 
 Q: Is the property [can be digital] true for the concept [book] 
 A: True 
 In one word True/False, answer the following question Q: Is the property [weight] true for [blowtorch]? 
 A:","True 

The property [weight] is"
weight|blueberry,"Q: Is the property [is female] true for the concept [book]? 
 A: False 
 Q: Is the property [can be digital] true for the concept [book] 
 A: True 
 In one word True/False, answer the following question Q: Is the property [weight] true for [blueberry]? 
 A:","True 

The property [weight] is"
weight|boa,"Q: Is the property [is female] true for the concept [book]? 
 A: False 
 Q: Is the property [can be digital] true for the concept [book] 
 A: True 
 In one word True/False, answer the following question Q: Is the property [weight] true for [boa]? 
 A:","True 

Explanation: A boa, whether"
weight|boar,"Q: Is the property [is female] true for the concept [book]? 
 A: False 
 Q: Is the property [can be digital] true for the concept [book] 
 A: True 
 In one word True/False, answer the following question Q: Is the property [weight] true for [boar]? 
 A:","True 

Explanation: The property [weight"
weight|bread,"Q: Is the property [is female] true for the concept [book]? 
 A: False 
 Q: Is the property [can be digital] true for the concept [book] 
 A: True 
 In one word True/False, answer the following question Q: Is the property [weight] true for [bread]? 
 A:","True 

The property [weight] is"
weight|brussels sprouts,"Q: Is the property [is female] true for the concept [book]? 
 A: False 
 Q: Is the property [can be digital] true for the concept [book] 
 A: True 
 In one word True/False, answer the following question Q: Is the property [weight] true for [brussels sprouts]? 
 A:","True 

The property [weight] is"
weight|bucket,"Q: Is the property [is female] true for the concept [book]? 
 A: False 
 Q: Is the property [can be digital] true for the concept [book] 
 A: True 
 In one word True/False, answer the following question Q: Is the property [weight] true for [bucket]? 
 A:","True 

The property [weight] is"
weight|burrito,"Q: Is the property [is female] true for the concept [book]? 
 A: False 
 Q: Is the property [can be digital] true for the concept [book] 
 A: True 
 In one word True/False, answer the following question Q: Is the property [weight] true for [burrito]? 
 A:","True 

Explanation: The property [weight"
weight|cactus,"Q: Is the property [is female] true for the concept [book]? 
 A: False 
 Q: Is the property [can be digital] true for the concept [book] 
 A: True 
 In one word True/False, answer the following question Q: Is the property [weight] true for [cactus]? 
 A:","True 

Explanation: The property [weight"
weight|candle,"Q: Is the property [is female] true for the concept [book]? 
 A: False 
 Q: Is the property [can be digital] true for the concept [book] 
 A: True 
 In one word True/False, answer the following question Q: Is the property [weight] true for [candle]? 
 A:","True 

The property [weight] is"
weight|candy,"Q: Is the property [is female] true for the concept [book]? 
 A: False 
 Q: Is the property [can be digital] true for the concept [book] 
 A: True 
 In one word True/False, answer the following question Q: Is the property [weight] true for [candy]? 
 A:","True 

Explanation: The property [weight"
weight|cannon,"Q: Is the property [is female] true for the concept [book]? 
 A: False 
 Q: Is the property [can be digital] true for the concept [book] 
 A: True 
 In one word True/False, answer the following question Q: Is the property [weight] true for [cannon]? 
 A:","True 

The property [weight] is"
weight|car,"Q: Is the property [is female] true for the concept [book]? 
 A: False 
 Q: Is the property [can be digital] true for the concept [book] 
 A: True 
 In one word True/False, answer the following question Q: Is the property [weight] true for [car]? 
 A:","True 

The property [weight] is"
weight|carrot,"Q: Is the property [is female] true for the concept [book]? 
 A: False 
 Q: Is the property [can be digital] true for the concept [book] 
 A: True 
 In one word True/False, answer the following question Q: Is the property [weight] true for [carrot]? 
 A:","True 

The property [weight] is"
weight|cart,"Q: Is the property [is female] true for the concept [book]? 
 A: False 
 Q: Is the property [can be digital] true for the concept [book] 
 A: True 
 In one word True/False, answer the following question Q: Is the property [weight] true for [cart]? 
 A:","True 

The property [weight] is"
weight|cat,"Q: Is the property [is female] true for the concept [book]? 
 A: False 
 Q: Is the property [can be digital] true for the concept [book] 
 A: True 
 In one word True/False, answer the following question Q: Is the property [weight] true for [cat]? 
 A:","True 

The property [weight] is"
weight|caterpillar,"Q: Is the property [is female] true for the concept [book]? 
 A: False 
 Q: Is the property [can be digital] true for the concept [book] 
 A: True 
 In one word True/False, answer the following question Q: Is the property [weight] true for [caterpillar]? 
 A:","True 

Explanation: The property [weight"
weight|celery,"Q: Is the property [is female] true for the concept [book]? 
 A: False 
 Q: Is the property [can be digital] true for the concept [book] 
 A: True 
 In one word True/False, answer the following question Q: Is the property [weight] true for [celery]? 
 A:","True 

Explanation: The property [weight"
weight|chili,"Q: Is the property [is female] true for the concept [book]? 
 A: False 
 Q: Is the property [can be digital] true for the concept [book] 
 A: True 
 In one word True/False, answer the following question Q: Is the property [weight] true for [chili]? 
 A:","True 

Explanation: The property [weight"
weight|chinchilla,"Q: Is the property [is female] true for the concept [book]? 
 A: False 
 Q: Is the property [can be digital] true for the concept [book] 
 A: True 
 In one word True/False, answer the following question Q: Is the property [weight] true for [chinchilla]? 
 A:","True 

Explanation: Chinchillas,"
weight|chisel,"Q: Is the property [is female] true for the concept [book]? 
 A: False 
 Q: Is the property [can be digital] true for the concept [book] 
 A: True 
 In one word True/False, answer the following question Q: Is the property [weight] true for [chisel]? 
 A:","True 

The property [weight] is"
weight|clarinet,"Q: Is the property [is female] true for the concept [book]? 
 A: False 
 Q: Is the property [can be digital] true for the concept [book] 
 A: True 
 In one word True/False, answer the following question Q: Is the property [weight] true for [clarinet]? 
 A:","True 

The property [weight] is"
weight|coat,"Q: Is the property [is female] true for the concept [book]? 
 A: False 
 Q: Is the property [can be digital] true for the concept [book] 
 A: True 
 In one word True/False, answer the following question Q: Is the property [weight] true for [coat]? 
 A:","True 

Explanation: The property [weight"
weight|coconut,"Q: Is the property [is female] true for the concept [book]? 
 A: False 
 Q: Is the property [can be digital] true for the concept [book] 
 A: True 
 In one word True/False, answer the following question Q: Is the property [weight] true for [coconut]? 
 A:","True 

The property [weight] is"
weight|crow,"Q: Is the property [is female] true for the concept [book]? 
 A: False 
 Q: Is the property [can be digital] true for the concept [book] 
 A: True 
 In one word True/False, answer the following question Q: Is the property [weight] true for [crow]? 
 A:","True 

Explanation: The property [weight"
weight|crowbar,"Q: Is the property [is female] true for the concept [book]? 
 A: False 
 Q: Is the property [can be digital] true for the concept [book] 
 A: True 
 In one word True/False, answer the following question Q: Is the property [weight] true for [crowbar]? 
 A:","True 

The property [weight] is"
weight|dragonfly,"Q: Is the property [is female] true for the concept [book]? 
 A: False 
 Q: Is the property [can be digital] true for the concept [book] 
 A: True 
 In one word True/False, answer the following question Q: Is the property [weight] true for [dragonfly]? 
 A:","True 

Explanation: The property [weight"
weight|dress,"Q: Is the property [is female] true for the concept [book]? 
 A: False 
 Q: Is the property [can be digital] true for the concept [book] 
 A: True 
 In one word True/False, answer the following question Q: Is the property [weight] true for [dress]? 
 A:","True 

Explanation: The property [weight"
weight|eagle,"Q: Is the property [is female] true for the concept [book]? 
 A: False 
 Q: Is the property [can be digital] true for the concept [book] 
 A: True 
 In one word True/False, answer the following question Q: Is the property [weight] true for [eagle]? 
 A:","True 

The property [weight] is"
weight|eggbeater,"Q: Is the property [is female] true for the concept [book]? 
 A: False 
 Q: Is the property [can be digital] true for the concept [book] 
 A: True 
 In one word True/False, answer the following question Q: Is the property [weight] true for [eggbeater]? 
 A:","True 

The property [weight] is"
weight|fig,"Q: Is the property [is female] true for the concept [book]? 
 A: False 
 Q: Is the property [can be digital] true for the concept [book] 
 A: True 
 In one word True/False, answer the following question Q: Is the property [weight] true for [fig]? 
 A:","True 

Explanation: The property [weight"
weight|file,"Q: Is the property [is female] true for the concept [book]? 
 A: False 
 Q: Is the property [can be digital] true for the concept [book] 
 A: True 
 In one word True/False, answer the following question Q: Is the property [weight] true for [file]? 
 A:","False

The property ""weight"" is"
weight|flute,"Q: Is the property [is female] true for the concept [book]? 
 A: False 
 Q: Is the property [can be digital] true for the concept [book] 
 A: True 
 In one word True/False, answer the following question Q: Is the property [weight] true for [flute]? 
 A:","True 

The property [weight] is"
weight|fly,"Q: Is the property [is female] true for the concept [book]? 
 A: False 
 Q: Is the property [can be digital] true for the concept [book] 
 A: True 
 In one word True/False, answer the following question Q: Is the property [weight] true for [fly]? 
 A:","False

The property ""weight"" is"
weight|grenade,"Q: Is the property [is female] true for the concept [book]? 
 A: False 
 Q: Is the property [can be digital] true for the concept [book] 
 A: True 
 In one word True/False, answer the following question Q: Is the property [weight] true for [grenade]? 
 A:","True 

A grenade, like any physical"
weight|jeans,"Q: Is the property [is female] true for the concept [book]? 
 A: False 
 Q: Is the property [can be digital] true for the concept [book] 
 A: True 
 In one word True/False, answer the following question Q: Is the property [weight] true for [jeans]? 
 A:","True 

The property [weight] is"
weight|missile,"Q: Is the property [is female] true for the concept [book]? 
 A: False 
 Q: Is the property [can be digital] true for the concept [book] 
 A: True 
 In one word True/False, answer the following question Q: Is the property [weight] true for [missile]? 
 A:","True 

The property [weight] is"
weight|motorcycle,"Q: Is the property [is female] true for the concept [book]? 
 A: False 
 Q: Is the property [can be digital] true for the concept [book] 
 A: True 
 In one word True/False, answer the following question Q: Is the property [weight] true for [motorcycle]? 
 A:","True 

The property [weight] is"
