concept,rep,prompt,response
accordion,0,"List the features and properties of a accordion. Give a plain list, one property per line, no explanations.","Foldable panels
Expandable bellows
Single or multiple reeds
Adjustable pitch
Melodic playing
Harmonic accompaniment
Corto and basso registers"
accordion,1,"List the features and properties of a accordion. Give a plain list, one property per line, no explanations.",Foldable: Wooden: Strings: Melodic: Button-based: Portable: Hinged: Musical: Sound-producing: Hand-played: Bellows-operated:
accordion,2,"List the features and properties of a accordion. Give a plain list, one property per line, no explanations.",Foldable: Collapsible: Musical instrument: Rectangular shape: Bass and treble notes: Sound producing: Hand-played: Material: Wood or plastic: Strips of material: Keys:
acorn,0,"List the features and properties of a acorn. Give a plain list, one property per line, no explanations.","- Seed
- Nut
- Small
- Hard outer shell
- Woody
- Oval shape
- Brown color
- Contains a single embryo
- Single large seed leaf (cotyledon)
- Stored food (endosperm)
- Covered by a cap (operculum)"
acorn,1,"List the features and properties of a acorn. Give a plain list, one property per line, no explanations.","Acorns are:
- Round in shape
- Encased in a tough, protective shell
- Contain a seed within, typically one or more
- Generally small in size
- Brown in color
- Composed of a cap and a body (fruit)
- Produced by oak trees"
acorn,2,"List the features and properties of a acorn. Give a plain list, one property per line, no explanations.","- Small size
- Rough, brown outer shell
- Hard, protective shell
- Contains nutrients for growth into an oak tree
- Embryo inside capable of germination
- Typically found on oak tree branches"
airplane,0,"List the features and properties of a airplane. Give a plain list, one property per line, no explanations.",WingsFuel tankLanding gearEnginesFuselageSeatsPilot cabinPassenger cabinLanding gearHydraulic systemAvionicsNavigation systemComposites/materials
airplane,1,"List the features and properties of a airplane. Give a plain list, one property per line, no explanations.",WingsFuel tankBodyLegsWheelsEnginesPilot seatsWindowsLanding gearLanding gear doors
airplane,2,"List the features and properties of a airplane. Give a plain list, one property per line, no explanations.","Wings
Fuselage
Tail
Engines
Landing gear
Airspeed indicator
Altimeter
Compass
Fuel tanks
Radio
Navigational lights"
aloe,0,"List the features and properties of a aloe. Give a plain list, one property per line, no explanations.","- Thick, fleshy leaves
- No flowering stems
- Unarmed
- Perennial
- Succulent
- Spiky leaves"
aloe,1,"List the features and properties of a aloe. Give a plain list, one property per line, no explanations.","- Aloe is a succulent plant species.
- It has thick leaves with serrated edges.
- The leaves exude a clear, gel-like substance when cut.
- The gel is known for its soothing properties.
- Aloe vera is often used topically for skin care and burns.
- It has medicinal properties, including anti-inflammatory effects.
- Leaves are usually green with a white marginal band.
- The plant can be drought-tolerant once established.
- It has a rosette form with toothed, lance-shaped leaves.
- Aloe can grow up to 1.5 meters tall.
- Its flowers are typically yellow and appear in clusters."
aloe,2,"List the features and properties of a aloe. Give a plain list, one property per line, no explanations.","Has a gelatinous substance in its leaves
Has a serrated edge
Is a succulent plant
Is a member of the plant family Asphodelaceae
Has fleshy leaves
Is often used in skincare products"
ant,0,"List the features and properties of a ant. Give a plain list, one property per line, no explanations.","Eusocial insect
Three body segments
Antennae
Compound eyes
Three pairs of legs
Pheromone glands
Strong mandibles"
ant,1,"List the features and properties of a ant. Give a plain list, one property per line, no explanations.","Antennae for sensing
Three distinct body regions: head, thorax, and abdomen
Compound eyes for vision
Jaws and mandibles for cutting and carrying
Six legs for movement
Two pair of wings in some species (flying ants)
Carpenter ants can tunnel through wood
Ants are social insects, living in colonies
Various roles within the colony (workers, queens, drones)
Capable of carrying many times their body weight"
ant,2,"List the features and properties of a ant. Give a plain list, one property per line, no explanations.","Ants are social insects
Ants are divided into castes
Ants have a narrow waist
Ants have elbowed antennae
Ants have powerful jaws
Ants have compound eyes
Ants have two pairs of wings (in queens and males)"
anteater,0,"List the features and properties of a anteater. Give a plain list, one property per line, no explanations.","Anteaters have a long, narrow snout.
They have a sticky tongue that can be as long as their body.
They eat mostly ants and termites.
Their sense of smell is highly developed.
They have small eyes and ears.
They have sharp, curved claws on their front and hind feet.
They can dig into ant nests for food.
They have thick, coarse hair that provides protection.
They can live for up to 15 years in the wild."
anteater,1,"List the features and properties of a anteater. Give a plain list, one property per line, no explanations.","Long, sticky tongue; elongated snout; narrow head; sharp claws; small eyes; coarse hair; slow movement; insectivorous diet; primarily found in Central and South America"
anteater,2,"List the features and properties of a anteater. Give a plain list, one property per line, no explanations.","- No teeth
- Long, sticky tongue
- Ears without external openings
- Sharp claws on digits
- Pointed snout
- Thick, elongated tail
- Short legs
- Long, slender body
- Noxious scent gland near anus"
antelope,0,"List the features and properties of a antelope. Give a plain list, one property per line, no explanations.","Antelopes have horns; they are herbivorous; they have cloven hooves; they have keen senses of sight and smell; they are generally agile and swift; they live in herds for protection; they have long legs for speed and height; they are ruminants, meaning they have a four-chambered stomach for digesting plant material."
antelope,1,"List the features and properties of a antelope. Give a plain list, one property per line, no explanations.","Antelope have long legs, short fur, large eyes, pointy ears, hooves, acute sense of smell, fast sprinters, live in herds, and are herbivorous."
antelope,2,"List the features and properties of a antelope. Give a plain list, one property per line, no explanations.","- Ruminant
- Horns (in males)
- Even-toed ungulate
- Single hoofed
- Agile and graceful
- Relatively long legs
- Caprines (related to goats and sheep)
- Live in herds
- Diurnal
- Excellent sense of smell and hearing
- Good jumper and runner
- Vary in size and color depending on species"
anvil,0,"List the features and properties of a anvil. Give a plain list, one property per line, no explanations.","- Made of steel or iron
- Heavy and durable
- Smooth top surface
- Often includes a horn and face
- Used for forging and shaping metal"
anvil,1,"List the features and properties of a anvil. Give a plain list, one property per line, no explanations.","- Heavy
- Usually made of steel
- Durable
- Hard
- Resilient
- Smooth
- Flat on top
- Holes or mounting points for straps or chains
- Generally weighs around 100-300 lbs (45-136 kg) for standard anvils"
anvil,2,"List the features and properties of a anvil. Give a plain list, one property per line, no explanations.","- Heavy
- Durable
- Hard
- Smooth
- Heat-resistant
- Resistant to impact"
apple,0,"List the features and properties of a apple. Give a plain list, one property per line, no explanations.","- Round shape
- Red or green color
- Edible skin
- Seed-filled core
- Sweet taste
- Crunchy texture"
apple,1,"List the features and properties of a apple. Give a plain list, one property per line, no explanations.","- Round shape
- Red or green skin
- Crunchy texture
- Soft creamy flesh
- Seed cavity
- Sweet taste
- Small size
- Originating from trees"
apple,2,"List the features and properties of a apple. Give a plain list, one property per line, no explanations.","- Round shape
- Red, green, or yellow skin
- Crunchy texture
- Seed-filled core
- Sweet flavor
- Portable
- Nutrient-dense
- Edible skin"
artichoke,0,"List the features and properties of a artichoke. Give a plain list, one property per line, no explanations.","Leafy vegetable originating from the species Cynara cardunculus Plants belonging to the Asteraceae family Edible bud enclosed in tough, scaly leaves with a fibrous texture Rich in dietary fiber, vitamins, and minerals, particularly potassium and folate The bud is prepared by cooking the larger outer leaves and removing the edible inner parts, known as ""chokes"" or ""hearts"""
artichoke,1,"List the features and properties of a artichoke. Give a plain list, one property per line, no explanations.","- Globally recognized vegetable
- Belongs to the sunflower family
- Heart shaped
- Leaves are edible
- Protected by tough outer leaves
- Edible flower
- Rich in vitamins C and K
- High in fiber
- Low in calories"
artichoke,2,"List the features and properties of a artichoke. Give a plain list, one property per line, no explanations.","Artichoke leaves are edible
Artichokes grow in clusters
Artichokes are thorny
Artichokes have a fibrous texture when raw
Artichokes are green
Artichokes have a unique, slightly nutty flavor
Artichokes are high in fiber
Artichokes are low in calories
Artichokes contain vitamins C and K"
asparagus,0,"List the features and properties of a asparagus. Give a plain list, one property per line, no explanations.","- Green color
- Speckled skin
- Edible spear shape
- Mild, slightly bitter flavor
- High in antioxidants
- Low in calories
- Rich in vitamin K
- Contain folate and fiber
- Versatile in cooking
- Associated with anti-inflammatory effects"
asparagus,1,"List the features and properties of a asparagus. Give a plain list, one property per line, no explanations.","- Green in color
- Long and slender
- Edible
- Rich in vitamins A, B, C, and K
- Low in calories
- High in dietary fiber
- Contains antioxidants
- Packed with folate and potassium"
asparagus,2,"List the features and properties of a asparagus. Give a plain list, one property per line, no explanations.","- Green color in its raw state
- Thin, spear-like appearance
- Tender, crunchy texture when cooked
- Mild, earthy flavor
- Nutrient-rich, high in vitamins A, C, and K, fiber, folate, and antioxidants
- Belongs to the family Asparagaceae
- Native to Europe and North Africa, naturalized in parts of Asia
- Grows in clusters, sprouting from the ground
- Uses include culinary, ornamental planting, and medicinal purposes"
avocado,0,"List the features and properties of a avocado. Give a plain list, one property per line, no explanations.","- Persea americana is the scientific name
- It is a type of berry
- It has a large seed
- It has a green or purple-black skin
- It can be pear-shaped or spherical
- It has a creamy texture
- It has a smooth skin
- It has a high fat content
- It is rich in monounsaturated fatty acids
- It is a good source of fiber
- It is high in vitamins and minerals
- It has a mild, buttery flavor
- It is often used in guacamole and salads"
avocado,1,"List the features and properties of a avocado. Give a plain list, one property per line, no explanations.","- green color
- oval shape
- single seed
- creamy texture
- high in healthy fats
- rich in vitamins and minerals
- good source of fiber
- high in potassium
- versatile in cooking and taste"
avocado,2,"List the features and properties of a avocado. Give a plain list, one property per line, no explanations.","- Persea americana is the scientific name
- Originating from south-central Mexico
- Broad, pear-shaped fruit
- Green skin with a slightly bumpy texture
- Contain a large, single seed
- Flesh is creamy and pale green
- High in healthy fats and fiber
- Rich in vitamins and minerals
- Nutrient-dense and energy-providing
- Taste is mild and buttery
- Cholesterol-free and low in calories
- Versatile in culinary uses"
axe,0,"List the features and properties of a axe. Give a plain list, one property per line, no explanations.","Blade material - Steel, Wooden handle, Single-edge design, Curved blade, Straight shaft, Riveted handle, Weighted for balance and control, Robust construction, Can be used for both chopping and splitting wood"
axe,1,"List the features and properties of a axe. Give a plain list, one property per line, no explanations.","Blade type (single or double bit)
Handle material (wood, synthetic resin)
Shaft length
Edge alignment
Edge grind (straight, hollow, or convex)
Hilt or guard
Ferrule
Weight
Balance point"
axe,2,"List the features and properties of a axe. Give a plain list, one property per line, no explanations.",Blade Material: Steel Handle Material: Wood Weight: Heavier than a hatchet Head Type: Single-edged Edge Orientation: Curved Overall Length: Longer than a hatchet Balance: Heavier focus toward the head
bagel,0,"List the features and properties of a bagel. Give a plain list, one property per line, no explanations.","Round in shape
Hollow inside
Crust
Doughy interior
Bagel hole
Baked"
bagel,1,"List the features and properties of a bagel. Give a plain list, one property per line, no explanations.","- Dense
- Circular
- Holey
- Crusty
- Chewy
- Grainy
- Baked
- Doughy
- Sometimes seasoned"
bagel,2,"List the features and properties of a bagel. Give a plain list, one property per line, no explanations.","- Round shape
- Holes
- Dense texture
- Crusty exterior
- Chewy interior
- Can be sesame, poppy, or plain seeded
- Can be boiled then baked
- Typically 3-4 inches in diameter"
bagpipe,0,"List the features and properties of a bagpipe. Give a plain list, one property per line, no explanations.","Tunable through finger holes
Blown by a double-reed drone
Tuned to the key of A
Has a bass drone
Has a tenor drone
Has a melody pipe
Has a blowpipe for supplying air
Has a stock that holds the reeds
Has a bell at the end of the melody pipe"
bagpipe,1,"List the features and properties of a bagpipe. Give a plain list, one property per line, no explanations.","Chromatic
Single reed
Multiple drones
Melodic
Polyphonic
Blowpipe
Bocal"
bagpipe,2,"List the features and properties of a bagpipe. Give a plain list, one property per line, no explanations.","- Made from multiple pipes
- Blown by a double reed
- Produces a loud, shrill sound
- Has a drone and at least one melody pipe
- Melody is played on a set of finger holes
- Tuned by adjusting the length of drone pipes
- Typically played with one hand while holding with the other"
bamboo,0,"List the features and properties of a bamboo. Give a plain list, one property per line, no explanations.","- hollow
- flexible
- strong
- renewable
- fast-growing
- durable
- lightweight
- eco-friendly
- versatile
- abundant"
bamboo,1,"List the features and properties of a bamboo. Give a plain list, one property per line, no explanations.","Bamboos are versatile plants that exhibit numerous features and properties, including:

- Fast growth rate
- Tall and slender culms
- Hard and strong fibers
- Hardy in various climates
- Highly renewable resource
- Ecologically beneficial
- Multiple ecological niches
- Shade-tolerant 
- Flexible yet durable
- Hollow internal structure
- Self-shading root systems
- High natural resistance to pests and diseases
- Limited flowering intervals"
bamboo,2,"List the features and properties of a bamboo. Give a plain list, one property per line, no explanations.","- Hollow
- Renewable
- Fast-growing
- Flexible
- Durable
- Lightweight
- Strong
- Insulative"
banana,0,"List the features and properties of a banana. Give a plain list, one property per line, no explanations.","Bananas are curved, soft when ripe, yellow in color, sweet-tasting, high in potassium, grow in clusters, botanically classified as berries, high in carbohydrates, easily peeled, a good source of energy, grown in tropical regions, relatively low in fat and calories."
banana,1,"List the features and properties of a banana. Give a plain list, one property per line, no explanations.","- Round in shape
- Smooth skin
- Yellow when ripe
- Edible
- Sweet
- Soft
- High in potassium
- Rich in carbohydrates
- A single fruit is known as a ""banana""
- Typically eaten raw
- Cultivated primarily for their fruit
- Originated from Southeast Asia"
banana,2,"List the features and properties of a banana. Give a plain list, one property per line, no explanations.","- Yellow when ripe
- Smooth skin
- Sweet taste
- Soft texture
- Rich in potassium
- Good source of fiber
- High in carbohydrates
- Low in calories
- Originates from Southeast Asia"
banjo,0,"List the features and properties of a banjo. Give a plain list, one property per line, no explanations.","* String instruments
* Hollow-bodied
* Fingerpicks required for playing
* Usually has 5 strings; 4-string and 6-string variants exist
* Tensioned by tuning pegs
* Head (drum membrane) tensioned by tension hoop
* Bridge positioned over the body's center
* Open-back design (sound projects outward)
* Body typically made of wood (e.g., maple)
* Fingerboard made of wood (e.g., rosewood or maple)
* Machine heads (tuning pegs) for fine tunings
* Often played with a straw or cloth mute to reduce ringing noise
* Varieties: 4-string ""tenor"" banjo, 5-string banjo, plectrum banjo, and melody banjo

These are the fundamental features and properties of a banjo. If you need further details on any specific aspect, feel free to ask!"
banjo,1,"List the features and properties of a banjo. Give a plain list, one property per line, no explanations.","- Open-back
- Body made of wood
- Curved rim
- Short neck
- Fingerpicks used
- Four or five strings
- Resonator or non-resonator (also known as ""tonsure"")"
banjo,2,"List the features and properties of a banjo. Give a plain list, one property per line, no explanations.","Banjos have a hollow body
Banjos have a thin wooden rim
Banjos have six strings
Banjos have a fretted fingerboard
Banjos have metal tuning pegs"
barrel,0,"List the features and properties of a barrel. Give a plain list, one property per line, no explanations.","- Typically made of wood, metal, or plastic
- Circular shape with flat ends
- Open at both ends
- Can vary in size and capacity
- Can have hoops or rings holding staves together
- May have a bung for sealing the opening"
barrel,1,"List the features and properties of a barrel. Give a plain list, one property per line, no explanations.","- Cylindrical shape
- Made of wood or metal
- Typically ends with flat heads
- Open at the top
- Often has staves (vertical planks)
- Can be wooden or metal hoops
- Used for storage and transport of liquids
- May have handles or spouts
- Varied sizes for different capacities
- Can be made from various wood types
- Subject to wear and rot over time
- Can have different finishes"
barrel,2,"List the features and properties of a barrel. Give a plain list, one property per line, no explanations.","- Circular shape
- Made of wood or steel
- Typically has staves
- Has a flat top and bottom
- Contains liquid
- Cap or bung for sealing
- May have hoops or bands to keep staves together
- Can be of various sizes and shapes based on use
- Often used for storing and transporting liquids"
basket,0,"List the features and properties of a basket. Give a plain list, one property per line, no explanations.","- typically made of natural materials such as willow, reed, or wicker
- woven together to form a strong, flexible structure
- can be round or oval in shape
- varies in size and capacity depending on intended use
- often has handles for easy carrying
- can be decorated with patterns or colored materials
- can be designed for different types of items, like grocery shopping or carrying fruit
- can be portable and collapsible for easy storage"
basket,1,"List the features and properties of a basket. Give a plain list, one property per line, no explanations.","- lightweight
- collapsible
- woven
- collapsible handle
- portable
- stackable
- fabric material
- holds items
- different shapes and sizes available
- decorative"
basket,2,"List the features and properties of a basket. Give a plain list, one property per line, no explanations.","- portable
- flexible
- shallow
- woven
- often handle-less
- typically round or oval
- made from natural fibers such as wood strips or reed
- open on one side
- can carry various types of items
- can be decorative"
bassoon,0,"List the features and properties of a bassoon. Give a plain list, one property per line, no explanations.","- Keyed, woodwind instrument
- Has a reed
- Lower-pitched than a flute
- Usually played with a bocone
- Has a conical bore
- Has a folded reed
- Produces a deep, mellow sound
- Has a wide range of pitches
- Requires significant air support
- Has a distinctive tone color
- Has multiple keys to control pitch and tone"
bassoon,1,"List the features and properties of a bassoon. Give a plain list, one property per line, no explanations.","The bassoon is a woodwind instrument known for its deep, rich tone. It features a conical bore, an elongated folded bell, and a double reed. It has a range spanning two and a half octaves, from B♭1 to f''5. The instrument is played with a crescendo action similar to the oboe's, using a long, curved bocal or crook to direct the double reed to the mouthpiece. The bassoon is typically made from maple wood and consists of several joints, with the bell being the lowest and the butt being the uppermost. It is supported by a peg or shoulder rest and is played with bassoon keys. The bassoon family includes the contrabassoon and the subcontrabassoon. Additionally, it is known for its distinctive reedy and mellow sound, requiring considerable breath support and precise embouchure to play."
bassoon,2,"List the features and properties of a bassoon. Give a plain list, one property per line, no explanations.","- Large, double-reed woodwind instrument
- Lower-pitched than the flute, oboe, and clarinet
- Consists of a long, folded reed and a complex key system
- Has a distinctive, sonorous, and mellow tone
- Generally plays in the bass and contrabass ranges
- Requires significant breath support and embouchure control
- Constructed from wood or high-quality plastic
- Includes a bell at the top and finger keys for pitch control
- Usually plays in the alto to contrabass range in music ensembles
- Parts are held together by leather or synthetic straps
- Has a distinctive appearance with its curved bell and cylindrical bore
- Requires regular maintenance to keep the reed and keys in good condition
- Often performed in orchestras, wind ensembles, and chamber music groups."
bat,0,"List the features and properties of a bat. Give a plain list, one property per line, no explanations.","Nocturnal
Fur-covered
Echolocation
Small eyes
Pointed ears
Flight
Hangs upside down
Hibernates"
bat,1,"List the features and properties of a bat. Give a plain list, one property per line, no explanations.","Bats have echolocation
Bats have fur
Bats have wings
Bats are nocturnal
Bats are mammals
Bats give birth to live young
Bats feed on insects
Bats hibernate in winter
Bats inhabit various environments globally"
bat,2,"List the features and properties of a bat. Give a plain list, one property per line, no explanations.","Echolocation
Flight
Nocturnal
Small eyes
Large ears
Lair in dark places
Live in colonies"
bazooka,0,"List the features and properties of a bazooka. Give a plain list, one property per line, no explanations.","- Unguided projectile weapon
- Man portable
- Explosive ammunition
- Typically shoulder-fired
- Has a muzzle brake
- Uses rocket propulsion
- Has a sighting system
- Often has a shoulder stock
- Propels high-explosive or fragmentation warheads
- Can be used against armored vehicles
- Capable of anti-personnel and anti-armor roles"
bazooka,1,"List the features and properties of a bazooka. Give a plain list, one property per line, no explanations.","Caliber varies, from .75 inch to 3.5 inches
Barrel length typically 23 to 36 inches
Can fire a variety of shaped explosive charges
Aim via rear sight and/or shoulder stock for stability
Weight: can range from 8 to 20 pounds
Uses rocket-propelled grenades as ammunition
Can be shoulder-fired or mounted on vehicles"
bazooka,2,"List the features and properties of a bazooka. Give a plain list, one property per line, no explanations.","- Fires a rocket-propelled grenade (RPG) projectile
- Single-shot weapon
- Shoulder-fired
- Usually shoulder-mounted for firing
- Muzzle-loaded
- High-velocity projectile
- Can cause significant damage to armored vehicles and buildings
- Often used in modern warfare
- Requires manual reloading after each shot"
bean,0,"List the features and properties of a bean. Give a plain list, one property per line, no explanations.",Dormant; round; mottled; phototropic; negative phototropism; no primary or secondary roots; no nodes; no buds; seed coat; epidermis; hypocotyl; cotyledons; endosperm
bean,1,"List the features and properties of a bean. Give a plain list, one property per line, no explanations.","There are many varieties of beans, but common features and properties include:

- Small size
- Seed-like appearance
- Broad or narrow shape
- Thin skin (in edible varieties)
- Durable outer shell
- Varies in color (black, white, pinto, etc.)
- Edible inner part (after cooking the outer shell)
- Rich in protein, fiber, and other nutrients
- Absorbent
- Cooks quickly
- Can be dried and stored for long periods"
bean,2,"List the features and properties of a bean. Give a plain list, one property per line, no explanations.","Dormant Seed
Round Shape
Hard Outer Shell
High Protein Content
Rich in Fiber
No Cholesterol
Vitamin and Mineral-Rich"
bear,0,"List the features and properties of a bear. Give a plain list, one property per line, no explanations.","- short tail
- long fur
- sharp claws
- excellent sense of smell
- powerful jaw
- omnivorous diet
- hibernates in winter
- breeds in late spring
- lives in dens
- quiet when stalking prey
- walks on both hind legs and front legs"
bear,1,"List the features and properties of a bear. Give a plain list, one property per line, no explanations.","Bears are omnivorous mammals with powerful limbs and sharp claws; they have a thick layer of fur for insulation and can hibernate during winter; their sense of smell is highly developed; they have keen hearing and vision; bears communicate through various vocalizations and body postures; they can swim and climb trees effectively; they have a relatively short lifespan in the wild, often around 15 to 25 years."
bear,2,"List the features and properties of a bear. Give a plain list, one property per line, no explanations.","- Bears are mammals
- Bears have thick fur
- Bears have sharp claws
- Bears have powerful limbs
- Bears are omnivorous
- Bears hibernate in winter
- Bears produce a variety of vocalizations
- Bears have a keen sense of smell
- Bears breed in late winter or early spring
- Bears have a stocky body shape
- Bears have a short tail"
beaver,0,"List the features and properties of a beaver. Give a plain list, one property per line, no explanations.","- Distinguishing flat, scaly tail
- Webbed hind feet
- Strong, crescent-shaped incisors
- Nostrils that close
- Dense, double-layered fur
- Broad, leathery nostrils
- Efficient at cutting and manipulating wood
- Good at swimming and diving
- Capable of creating dams and lodges"
beaver,1,"List the features and properties of a beaver. Give a plain list, one property per line, no explanations.","- Nostrils closeable
- Large, flattened tail
- Webbed hind feet
- Sharp incisors for cutting wood
- Dense, warm fur
- Ability to create dams and lodges
- Excellent swimmer
- Good sense of smell and hearing
- Can hold breath for up to 15 minutes"
beaver,2,"List the features and properties of a beaver. Give a plain list, one property per line, no explanations.","- Sharp incisors for cutting wood
- Flat tail for balance while swimming
- Dense, waterproof fur
- Large, webbed hind feet
- Strong, muscular hind legs for swimming and carrying wood
- Nostrils that can close underwater
- Secondary, smaller incisors for grooming
- Vertical pupils for improved night vision
- Capable of creating complex dams and lodges"
bed,0,"List the features and properties of a bed. Give a plain list, one property per line, no explanations.","- Frame
- Headboard
- Side rails
- Box spring or foundation
- Bed slats
- Mattress
- Bed skirt
- Bed linens (sheets, pillow cases, comforter, etc.)"
bed,1,"List the features and properties of a bed. Give a plain list, one property per line, no explanations.","- Frame
- Bedding
- Headboard
- Footboard
- Mattress
- Box spring (optional)
- Bed rails (optional)
- Bed skirt
- Pillows
- Mattress protector
- Dust ruffle"
bed,2,"List the features and properties of a bed. Give a plain list, one property per line, no explanations.","- Size
- Structure
- Frame
- Mattress
- Bedding
- Headboard
- Footboard
- Bed legs
- Bedspread or coverlet
- Bed skirt
- Pillows
- Mattress topper
- Box spring (optional)
- Bed rails (for safety)"
bee,0,"List the features and properties of a bee. Give a plain list, one property per line, no explanations.","Eusocial insect
Holometabolous insect
Insect wings
Compound eyes
Antannae
Pollinator
Honey producer"
bee,1,"List the features and properties of a bee. Give a plain list, one property per line, no explanations.","Bees have two pairs of wings.
Bees have two compound eyes.
Bees have three simple eyes.
Bees have two antennae.
Bees have a pair of mandibles.
Bees have a pair of maxillae.
Bees have a mouthpart called a proboscis.
Bees have four lifecycle stages: egg, larva, pupa, and adult."
bee,2,"List the features and properties of a bee. Give a plain list, one property per line, no explanations.","- Six legs
- Two pairs of wings
- Three-section body (head, thorax, abdomen)
- Compound eyes
- Three-segmented antenna
- Pollen baskets on legs (in females)
- Wax-producing glands (in worker bees)
- Stinger (in female worker bees)"
beet,0,"List the features and properties of a beet. Give a plain list, one property per line, no explanations.","- Typically leaves are green and grow from the root
- The root, or beet, can be red, orange, or yellow
- Edible root is starchy and sweet
- Rich in dietary fiber
- Good source of vitamins and minerals, especially vitamin A and C
- Contains natural nitrates which may improve blood flow
- Needs well-draining soil and full sun for optimal growth
- Can be grown in various climates
- Hardy plant, tolerates cold temperatures
- Prefers a pH of 6-7.5 for best growth
- Mature plants can grow up to 1 meter in height
- Produces flowers that are yellow or purple"
beet,1,"List the features and properties of a beet. Give a plain list, one property per line, no explanations.","- Round or elongated shape
- Dull purple to deep red skin
- Thin skin
- Crunchy texture when raw
- Edible leaves (often called beet greens)
- Mild, earthy flavor
- Rich in antioxidants
- Good source of fiber
- High in vitamin A (beta-carotene)
- Contain natural nitrates, converted to nitrites in the body
- Can be eaten raw in salads or pickled
- Can be boiled, roasted, or grilled
- Often used in soups and stews"
beet,2,"List the features and properties of a beet. Give a plain list, one property per line, no explanations.","- Round shape
- Reddish-purple color
- Edible leaves
- Edible root
- Sweet taste
- Rich in fiber
- Good source of vitamins and minerals
- Contains antioxidants
- Grows underground"
beetle,0,"List the features and properties of a beetle. Give a plain list, one property per line, no explanations.","- Hard exoskeleton
- Elongated body shape
- Two pairs of wings (one hardened, one membranous)
- Compound eyes
- Mandibles for chewing
- Hind wings
- Antennae
- Jointed legs
- Larval (grub) stage in life cycle
- Wide variety in size, shape, and color
- Tympanum (eardrum-like structure) for detecting sound"
beetle,1,"List the features and properties of a beetle. Give a plain list, one property per line, no explanations.","Wing cases
Compound eyes
Hard exoskeleton
Antennae
Jointed legs
Six legs
Two pairs of wings (one functional, one protective)"
beetle,2,"List the features and properties of a beetle. Give a plain list, one property per line, no explanations.","1. Exoskeleton
2. Mandibles
3. Antennae
4. Compound eyes
5. Thorax
6. Legs
7. Wings (in most species)
8. Elongated body shape
9. Hard exoskeleton for protection
10. Segmented body structure"
bell,0,"List the features and properties of a bell. Give a plain list, one property per line, no explanations.","- Striking mechanism
- Tonality
- Ringing tone
- Decibels produced
- Shape (usually round)
- Material (usually metal, often bronze)
- Handcrafting
- Crystalline resonance
- Visual aesthetics
- Vibration amplitude
- Corrosion resistance
- Tuning
- Echo"
bell,1,"List the features and properties of a bell. Give a plain list, one property per line, no explanations.","Sound-producing object when struck
Usually made of metal
Common shapes include spheres and cups
Often has a clapper inside
Can be made of various materials such as bronze, cast iron, or steel
Crystalline or bell-shaped silhouette when viewed in profile
Rings with a distinctive, harmonic tone"
bell,2,"List the features and properties of a bell. Give a plain list, one property per line, no explanations.","- Cylindrical
- Hollow
- Usually made of metal
- Can be of various sizes
- Can produce a ringing sound when struck
- Often has a clapper or a tongue inside
- Varies in shape and design depending on its use or cultural significance
- Can be found in various materials like bronze, brass, iron, or even glass
- Can be used as a musical instrument or for signaling
- Can be suspended by a rope or a handle
- Can produce a range of tones depending on its size and material"
belt,0,"List the features and properties of a belt. Give a plain list, one property per line, no explanations.","- Holds objects together
- Adjustable
- Fashion accessory
- Can be made from various materials
- Comes in various styles and designs
- Can be worn at the waist
- Secures objects at the waist
- Wraps around torso
- May have pockets or loops for accessories
- Can be decorative or functional"
belt,1,"List the features and properties of a belt. Give a plain list, one property per line, no explanations.","- Typically made of leather, fabric, or synthetic materials
- Can be elastic or non-elastic (rigid)
- May include buckles, clasps, or Velcro for fastening
- Available in various colors and patterns
- Often used for holding tools, clothing, or accessories
- Can be adjustable for different waist sizes
- May have decorative designs or functional pockets"
belt,2,"List the features and properties of a belt. Give a plain list, one property per line, no explanations.","- Holds items in place
- Adjustable
- Loop or buckle
- Flexible
- Made from various materials (leather, synthetic, etc.)
- Can be decorative
- Typically looped or buckled around a waist
- Multiple styles and designs available"
bench,0,"List the features and properties of a bench. Give a plain list, one property per line, no explanations.","- made of wood
- outdoor use
- durable finish
- adjustable height
- multiple seating options
- sometimes cushioned
- weather-resistant materials
- portable or fixed in place
- comes in various designs
- can be made of different woods
- able to support weight"
bench,1,"List the features and properties of a bench. Give a plain list, one property per line, no explanations.","Sturdy 
Comfy 
Wooden or metal 
Weather resistant"
bench,2,"List the features and properties of a bench. Give a plain list, one property per line, no explanations.","- Usually made of wood or steel
- Rectangular or curved shape
- Can be fixed or folding
- May have armrests
- Typically outdoors
- Used for sitting or resting
- Can be decorative
- Material may be painted or natural
- Various sizes and designs available"
bird,0,"List the features and properties of a bird. Give a plain list, one property per line, no explanations.",Feathers Wings Beak Hollow bones Song Talons/Claws Feet
bird,1,"List the features and properties of a bird. Give a plain list, one property per line, no explanations.","Beak or bill
Birds have wings
Feathers
Light bones
Eyes positioned laterally
High metabolism
Laid eggs
Endothermic (warm-blooded)
Lives in nests"
bird,2,"List the features and properties of a bird. Give a plain list, one property per line, no explanations.","Males are often more colorful than females. Birds have beaks (bill) for eating and preening. Birds have hollow bones to help with flight. Birds lay hard-shelled eggs. Most birds have feathers to insulate and protect their bodies, and some use them for display or camouflage. Birds have a respiratory system with a unique system of air sacs. They have a high metabolism for energy to fuel flight. Birds have a four-chambered heart. Birds have wings for flight; some flightless birds have lost these structures. Birds have eyes that are suited for both distance and peripheral vision."
bison,0,"List the features and properties of a bison. Give a plain list, one property per line, no explanations.","- Dark Brown Fur
- Heavy Dark Brown Hair
- Short, Stocky Legs
- Large, Square Head
- Thick, U-Shaped Horns
- Long, Dark Face
- Dark, Brown Nose
- Short, Black Tail"
bison,1,"List the features and properties of a bison. Give a plain list, one property per line, no explanations.","- Large size
- Thick, shaggy dark brown coat
- Short, curving horns
- Long, dark beard
- Stocky physique
- Sloping back
- Humped shoulders
- Dewlap (a loose fold of skin on the neck)"
bison,2,"List the features and properties of a bison. Give a plain list, one property per line, no explanations.","- Dark brown to black fur
- Shoulder height up to 6.5 feet (2 meters)
- Length: 10–11.5 feet (3.0–3.5 meters) long
- Weight: 900–2,200 pounds (410–1,000 kg)
- Thick, shaggy dark brown to black hair
- Short, curved horns
- Short, stocky legs
- Long, dark, erect hair on the head and neck
- Large head with prominent cheeks
- Course hair on the front part of the body
- Dewlap (a loose fold of skin) on the throat"
blackberry,0,"List the features and properties of a blackberry. Give a plain list, one property per line, no explanations.","- Round shape
- Dark purple or black color
- Small size
- Single, simple seed
- Sweet flavor
- Soft texture
- Rich in antioxidants
- Available in fresh or frozen form"
blackberry,1,"List the features and properties of a blackberry. Give a plain list, one property per line, no explanations.","- Small, often round shape
- Dark purple or black skin
- Cluster of seeds inside
- Sweet flavor
- Usually soft when ripe
- Originates from Asian wild ancestors
- Generally consumed fresh
- Rich in antioxidants and vitamins"
blackberry,2,"List the features and properties of a blackberry. Give a plain list, one property per line, no explanations.","- Black or very dark purple skin
- Small, round, and juicy fruit
- Often have a ""ribbed"" surface texture
- Sweet flavor with a subtle tartness
- Rich in antioxidants
- Mostly consumed fresh or used in jams, desserts, and beverages
- Originates from wild plants in Europe and Asia
- High in vitamin C, fiber, and various minerals"
blender,0,"List the features and properties of a blender. Give a plain list, one property per line, no explanations.","- Blade
- Jar
- Motor
- Control panel
- Lid
- Drive mechanism
- Pour spout
- Power cord
- Foot pedal (optional)
- Safety lock"
blender,1,"List the features and properties of a blender. Give a plain list, one property per line, no explanations.","- Holds liquids
- Has blades
- Has a base
- Has a lid
- Has a motor
- Can blend ingredients
- Can crush ice
- Can puree foods
- Can mix ingredients
- Can crush nuts"
blender,2,"List the features and properties of a blender. Give a plain list, one property per line, no explanations.","- Blender blades for chopping and mixing
- Jar for holding ingredients
- Squeeze bottle for oils and sauces
- Lid to seal and protect contents
- On/off switch and speed control
- Pour spout for easy pouring
- Measuring markings on jar
- Cord and plug for electrical power
- Safety lock and child-proof cap"
blouse,0,"List the features and properties of a blouse. Give a plain list, one property per line, no explanations.","- Button fasteners
- Collar
- Cuffs
- Sleeves
- Front placket
- Side slits
- Darts
- Pleats
- Pockets
- Hemline
- Fabric type (e.g., cotton, silk, polyester)
- Collar type (e.g., Peter Pan, mandarin)
- Button type (e.g., snap, shank)
- Decorations (e.g., ruffles, embroidery)
- Fit (e.g., relaxed, tailored, cropped)"
blouse,1,"List the features and properties of a blouse. Give a plain list, one property per line, no explanations.","- Button-up front
- Collar
- Buttons down the front
- Cuffs
- Placket
- Pleats
- Ruffles
- Detachable sleeves
- Peter pan collar
- Bow detail
- Short sleeves
- Long sleeves
- Front pocket
- Back yoke
- Side seams
- Button-up cuffs"
blouse,2,"List the features and properties of a blouse. Give a plain list, one property per line, no explanations.","- Collar
- Cuffs
- Placket
- Sleeves
- Buttons
- Buttonholes
- Hem
- Underarm gusset
- Plunging neckline
- Side slits
- Back yoke
- Front insert
- Embellishments
- Darts
- Pleats
- Ruffle
- Sheer panels
- Pocket"
blowtorch,0,"List the features and properties of a blowtorch. Give a plain list, one property per line, no explanations.","High-temperature flame
Steel casing
Ergonomic handle
Gas cannister
Control valve"
blowtorch,1,"List the features and properties of a blowtorch. Give a plain list, one property per line, no explanations.","- Can be fueled by propane or butane
- Has a handle and a nozzle
- Produces a continuous, concentrated flame
- Can reach temperatures of about 1,800 to 2,000 degrees Fahrenheit
- Typically has a trigger mechanism for activating the flame
- Lightweight and portable
- Requires proper safety handling and precautions
- Can be used for various applications such as welding, soldering, brazing, and cutting metal"
blowtorch,2,"List the features and properties of a blowtorch. Give a plain list, one property per line, no explanations.","- Portable
- Can run on propane or MAPP gas
- Uses a flame to heat materials
- Provides intense heat for cutting, welding, soldering, and brazing
- Adjustable flame control
- Requires a fuel source and ignition mechanism
- Often has a trigger to control the gas flow and flame size
- May include a safety valve or other safety features
- Can be operated with one hand
- May include a stand or handle for easier handling"
blueberry,0,"List the features and properties of a blueberry. Give a plain list, one property per line, no explanations.","- Small size
- Round shape
- Blue color
- Sweet taste
- Edible skin
- Seeds inside
- Fleshy pulp"
blueberry,1,"List the features and properties of a blueberry. Give a plain list, one property per line, no explanations.",Round Shape Berry Color Indigo Sweet Taste Nutritious Seed Center
blueberry,2,"List the features and properties of a blueberry. Give a plain list, one property per line, no explanations.","Round
Smooth
Shiny
Blue
Small
Succulent
Sweet
Seed-containing"
boa,0,"List the features and properties of a boa. Give a plain list, one property per line, no explanations.",Boas have a cylindrical body. Boas have bones in their tails. Boas have attached eyes. Boas have overlapping scales. Boas are non-venomous constrictors. Boas have heat-sensing pits. Boas can have distinctive markings. Boas have flexible jaws. Boas can have vibrant coloration.
boa,1,"List the features and properties of a boa. Give a plain list, one property per line, no explanations.","Boas may exhibit the following features and properties: 

- Varied colors
- Scales
- Semi-arboreal or terrestrial
- Viviparous
- Constrictors
- Good swimmers
- Can vary in size from small to large 
- Have a heat-sensing pit organ in their face"
boa,2,"List the features and properties of a boa. Give a plain list, one property per line, no explanations.","- Long and slender body
- Semi-arboreal or terrestrial
- Typically brown or tan with dark, rectangular markings
- Sharp, backward-pointing teeth
- Protractile jaws
- Strong muscular body
- Organless skin
- Ventriloquist-like vocalizations
- May have thermal pits near the nose
- Can expand their jaws to swallow large prey
- Capable of constriction to immobilize prey
- Capable of autotomous scaling (dropping and regrowing scales)"
boar,0,"List the features and properties of a boar. Give a plain list, one property per line, no explanations.","- Rough, bristly hair covering the body
- Strong, stout legs with sharp hooves
- Short, bushy tail
- Large head with prominent tusks
- Hard, thick skin
- Strong sense of smell
- Omnivorous diet
- Agile and quick in forested environments
- Capable of living in various habitats, including forests, swamps, and grasslands
- Grows to large sizes, with males typically larger than females
- Can be aggressive and dangerous when provoked"
boar,1,"List the features and properties of a boar. Give a plain list, one property per line, no explanations.","- Presence of a prominent snout
- Tusk protrusion from the jaws
- Tough, thick hide
- Short legs
- Powerful jaw
- Sharp, pointed ears
- Omnivorous diet
- Notorious for aggressive behavior
- Capable of rapid digging
- Good sense of smell and hearing"
boar,2,"List the features and properties of a boar. Give a plain list, one property per line, no explanations.","- Rough skin
- Sharp tusks
- Strong sense of smell
- Omnivorous diet
- Furry snout
- Males have a glandular W-shaped marking on their forehead
- Tails with bristles
- Can be domesticated
- Can reach speeds of up to 24 km/h
- Good diggers
- Social animals (groups are called sounders)
- Can live in various habitats, including forests and grasslands
- Capable of living both on land and in water
- Males are generally larger than females
- Can breed throughout the year, with peaks in late spring and autumn"
bottle,0,"List the features and properties of a bottle. Give a plain list, one property per line, no explanations.","- Transparent or opaque
- Shape: typically cylindrical or squll-shaped
- Removable cap or screw-top
- Material: usually glass, plastic, or metal
- Color: often reflective of its material, can be colored or clear
- May have labeling or text for identification or branding
- Can be of various sizes and volumes
- Can be recyclable or reusable
- Can hold substances such as liquid, gas, or powder
- Can be designed for specific purposes, like bottles for beverages, chemicals, or cosmetics"
bottle,1,"List the features and properties of a bottle. Give a plain list, one property per line, no explanations.","- Shape: typically cylindrical or spherical
- Material: made from glass, plastic, metal, or other materials
- Color: can be transparent, translucent, opaque, or any color
- Size: varies greatly depending on purpose
- Weight: depends on material and volume
- Transparency: varies from completely clear to completely opaque
- Texture: can be smooth, ribbed, embossed, or textured
- Cap: may have a screw cap, cork, flip-top, or other types of closures
- Portability: lightweight to heavy depending on size and material
- Capacity: holds a specific volume of liquid or substance
- Seal: designed to prevent leakage, often with a rubber or plastic seal
- Labeling: may have printed labels, stickers, or etched information
- Purpose: designed for holding beverages, chemicals, cosmetics, etc.
- Manufacturing: can be mass-produced or custom-made
- Usability: intended for repeated use in various settings"
bottle,2,"List the features and properties of a bottle. Give a plain list, one property per line, no explanations.","- Shape: typically cylindrical, sometimes elongated or globular
- Material: glass, plastic, metal, ceramic, etc.
- Color: transparent, translucent, opaque, various hues and designs
- Size: small, medium, large, varying capacities
- Closure: cap, lid, cork, stopper, sealant
- Handle: none, looped, hinged, attached, detachable
- Insulation: thermosetting for hot/cold retention
- Transparency: clear, frosted, colored
- Labeling: printed, embossed, stickers, etched
- Purpose: for storing, containing, serving beverages"
bra,0,"List the features and properties of a bra. Give a plain list, one property per line, no explanations.","- Supports breasts
- Holds up undergarments
- Adjustable straps
- Removable padding
- May have pockets
- Can be wireless
- Different styles and designs
- Various materials
- Breathable or non-breathable
- Comfortable or uncomfortable
- Reflects personal style"
bra,1,"List the features and properties of a bra. Give a plain list, one property per line, no explanations.","- Support
- Coverage
- Comfort
- Style
- Adjustable straps
- Removable padding
- Closure type (hook and eye, clasp, Velcro, etc.)
- Breathability
- Washability
- Durable"
bra,2,"List the features and properties of a bra. Give a plain list, one property per line, no explanations.","Supports breasts
Provides comfort
Breathable
Adjustable straps
Removable lining
Wire-free or wired options
D cup to J cup size range
Hygiene-friendly"
bread,0,"List the features and properties of a bread. Give a plain list, one property per line, no explanations.","- Made from flour
- Usually baked
- Can be leavened or unleavened
- Varieties range from simple to complex
- Can be sweet or savory
- Can be round, oval, or shaped in different forms
- Crust can vary in color, texture, and thickness
- Nutritional values depend on ingredients used
- Can be whole grain, white, or multigrain
- May contain additions such as seeds, nuts, or herbs
- A staple food in many cultures"
bread,1,"List the features and properties of a bread. Give a plain list, one property per line, no explanations.","- Crust: outer part of bread, typically browned and crispier than the rest.
- Crumb: interior portion of the bread, soft and porous.
- Texture: combination of hardness (crust), softness (crumb), and chewiness.
- Shape: can vary widely from rounds, loaves, rolls, to unique shapes.
- Color: typically brownish, varying with the type and baking process.
- Size: can range from bite-size to large loaves.
- Taste: can be sweet (such as sweet rolls) or savory (like most breads).
- Flavor: influenced by ingredients like yeast, sugar, salt, and spices.
- Aroma: often has a distinct yeast or baking smell.
- Filling: bread can be used to encase fillings, like jams or meats.
- Portability: easy to carry and eat on the go.
- Shelf life: can typically be stored for several days at room temperature."
bread,2,"List the features and properties of a bread. Give a plain list, one property per line, no explanations.","- Made from wheat flour
- Contains water
- May contain yeast or other leavening agents for rising
- Typically contains salt
- Often includes sugar or sweeteners
- Can have added fats such as butter or oil
- Can include eggs
- May have grains, seeds, or nuts added for texture and flavor
- Has a characteristic crust from baking
- Can be soft, chewy, crunchy, or crispy depending on preparation
- Generally has a pleasing aroma
- Can be sliced, cubed, or left in loaf form for consumption"
broccoli,0,"List the features and properties of a broccoli. Give a plain list, one property per line, no explanations.","- Green in color
- Can be eaten raw or cooked
- Rich in vitamins and minerals
- High in dietary fiber
- Low in calories
- Contains antioxidants
- Naturally gluten-free
- Often steamed or boiled as a vegetable"
broccoli,1,"List the features and properties of a broccoli. Give a plain list, one property per line, no explanations.","- Rich in vitamins C and K
- Good source of dietary fiber
- Contains antioxidants like sulforaphane
- Low in calories but high in nutrients
- Versatile in cooking, can be steamed, boiled, or roasted
- Contains significant amounts of protein
- Helps maintain healthy bones due to high calcium content
- Can aid weight management due to high satiety value
- Supports heart health due to high levels of folate and potassium
- Associated with reduced risk of certain cancers"
broccoli,2,"List the features and properties of a broccoli. Give a plain list, one property per line, no explanations.","- green colour
- edible
- plant
- vegetable
- contains vitamins A, C, and K
- contains minerals like potassium, iron, and calcium
- crunchy texture
- high in fiber
- low in calories"
brownie,0,"List the features and properties of a brownie. Give a plain list, one property per line, no explanations.","Chewy
Moist
Spongy
Fudgy
Gooey
Chocolatey
Sweet
Soft"
brownie,1,"List the features and properties of a brownie. Give a plain list, one property per line, no explanations.",Firmness Softness Moistness Texture Flavor Density Sweetness Color
brownie,2,"List the features and properties of a brownie. Give a plain list, one property per line, no explanations.",Soft Fluffy Crumbly Rich Chocolatey Dense Moist Fudgey Sweet
brussels sprouts,0,"List the features and properties of a brussels sprouts. Give a plain list, one property per line, no explanations.","- Small cabbage-like appearance
- Compact, tightly-packed leaves
- Green to dark green in color
- Oval shape
- Rough, textured surface
- Dense, fibrous texture
- Typically small in size
- Nutty, slightly cabbage-like flavor
- Rich in vitamins C and K
- Good source of fiber, protein, and various antioxidants"
brussels sprouts,1,"List the features and properties of a brussels sprouts. Give a plain list, one property per line, no explanations.","- small cabbage-like
- edible leaves
- grow on a long stem
- typically green
- round in shape
- compact size
- small core"
brussels sprouts,2,"List the features and properties of a brussels sprouts. Give a plain list, one property per line, no explanations.","- Look like miniature cabbages
- Grow on a cabbage plant 
- Belong to the Brassica family
- Are green in color
- Have a dense, compact head
- Are small, typically 1-2 inches in diameter
- Have a slight cabbage flavor
- Are rich in vitamin C and fiber
- Are low in calories
- Contain antioxidants
- Are versatile in cooking
- Can be boiled, roasted, grilled, or sautéed"
bucket,0,"List the features and properties of a bucket. Give a plain list, one property per line, no explanations.","- Holds items
- Has a handle
- Can be made of various materials (e.g., plastic, metal)
- May have a lid
- Can be of different sizes and shapes
- Can be portable
- Can be used for multiple purposes (e.g., carrying water, holding tools)"
bucket,1,"List the features and properties of a bucket. Give a plain list, one property per line, no explanations.","- Hollow interior
- Typically made of plastic
- Can have a handle
- Has a small opening at the top
- May have a lid
- Can be of various sizes and shapes
- Can be used for carrying water or other liquids
- Can be used for holding dry items or objects
- Can be of different materials like metal, wood, or ceramic"
bucket,2,"List the features and properties of a bucket. Give a plain list, one property per line, no explanations.","- Holds items
- Can be made of various materials such as plastic, metal, or wood
- Typically has a handle
- May have a lid for covering items
- Can come in different sizes and shapes
- Can be used for various purposes like carrying water, tools, or paint"
burner,0,"List the features and properties of a burner. Give a plain list, one property per line, no explanations.","Disposable: Short-lived and designed for limited use, typically single use.
Anonymity: Does not reveal the user's identity.
Security: Can protect from surveillance and monitoring.
No Trace: Leaves little to no evidence of use.
Control: Allows for quick and easy activation and deactivation.
Versatile: Can be used in various settings and with different mediums (e.g., digital, physical)."
burner,1,"List the features and properties of a burner. Give a plain list, one property per line, no explanations.","- Disposable
- Match-like 
- Ignitable 
- No personalization 
- Waterproof 
- No return address 
- Made of cardboard or similar material 
- No traceable metadata 
- Limited usage lifespan"
burner,2,"List the features and properties of a burner. Give a plain list, one property per line, no explanations.","Flame adjustment
Heat control
Wind resistance
Rust resistance
Durability
Weight
Stainless steel construction"
burrito,0,"List the features and properties of a burrito. Give a plain list, one property per line, no explanations.","Wrapping tortilla around filling; can include beans, rice, cheese, lettuce, salsa, meat, vegetables; can be made with hard or soft shells; handheld; available in various sizes; can be customized with additional ingredients; often served with accompaniments such as guacamole, sour cream, and chips."
burrito,1,"List the features and properties of a burrito. Give a plain list, one property per line, no explanations.","- Tortilla
- Filling (beef, chicken, pork, beans, cheese, vegetables)
- Rice
- Beans
- Salsa
- Sour cream
- Guacamole"
burrito,2,"List the features and properties of a burrito. Give a plain list, one property per line, no explanations.","- Wrap
- Tortilla
- Filling
- Rice
- Beans
- Cheese
- Salsa
- Lettuce
- Tomatoes
- Sour Cream
- Guacamole
- Chips"
bus,0,"List the features and properties of a bus. Give a plain list, one property per line, no explanations.","- Capacity for multiple passengers
- Forward-facing seats
- Engine and transmission
- Transmission types (manual, automatic, etc.)
- Wheels and suspension
- Bus body shape and design
- Fuel type (gasoline, diesel, hybrid, etc.)
- Braking system
- Door configurations (front, rear, or both)
- Windshield and windows
- Lighting and reflectors
- Horn and other sounding devices
- Seat type and number
- Seating arrangement (forward-facing, backward-facing, mix)
- Interior and exterior materials
- Air conditioning and heating system
- Emergency exits and doors
- Safety features (seatbelts, warning lights)
- Parking and maneuverability
- Color and livery (advertising, company colors)
- Size and weight
- Engine power and size
- Cargo area (optional or integral)
- Ergonomics and accessibility features (ramps, wheelchair spaces)"
bus,1,"List the features and properties of a bus. Give a plain list, one property per line, no explanations.","- Seats
- Roof
- Wheels
- Body
- Engine
- Transmission
- Brakes
- Windshield
- Windows
- Doors"
bus,2,"List the features and properties of a bus. Give a plain list, one property per line, no explanations.","- Capacity for multiple passengers
- Forward-facing seats
- Body mounted engine
- Step-entry chassis
- Propane or diesel fuel
- Regulated for passenger safety
- May have multiple floors
- Lights and reflectors for visibility
- Horn and windshield wipers
- Regular maintenance schedules
- Wheels with tires
- Licensed for public road use
- Travel route determined by a driver
- Typically yellow or white in color"
butterfly,0,"List the features and properties of a butterfly. Give a plain list, one property per line, no explanations.","Wings
Six legs
Antennae
Compound eyes
Proteinaceous exoskeleton
Respiration through spiracles
Molting
Jaws and a proboscis"
butterfly,1,"List the features and properties of a butterfly. Give a plain list, one property per line, no explanations.","Wings
Proboscis
Six legs
Antennae
Compound eyes
Thermo-receptors on feet
Usually four wings
Typically two pairs of wings
Eggs
Larvae (caterpillar)
Pupa"
butterfly,2,"List the features and properties of a butterfly. Give a plain list, one property per line, no explanations.","Butterflies are generally:
- Diurnal
- Insect
- Have six legs
- Possess two pairs of wings
- Have a life cycle including egg, larva (caterpillar), pupa, and adult stage
- Have compound eyes
- Typically have a proboscis for feeding on nectar
- Display sexual dimorphism
- Capable of limited flight
- Often exhibit vibrant colors and patterns for mating and warning displays"
cabbage,0,"List the features and properties of a cabbage. Give a plain list, one property per line, no explanations.","- Large, round, or somewhat flat, dense leafy head
- Leafy green color
- Crisp texture when fresh
- Mildly sweet flavor
- Rich in vitamins C and K
- Low in calories
- Source of dietary fiber
- Versatile in cooking
- Grows well in cool climates
- Variable, often smooth, firm, and dense texture in the head when mature
- Heels over and forms a compact, rounded head before maturity
- Leaves are large, varying from a deep to a bright green color
- Forms a compact, round head with a sturdy stalk
- Exhibits a mild, slightly spicy flavor when raw
- Contains high levels of water (89% by weight)"
cabbage,1,"List the features and properties of a cabbage. Give a plain list, one property per line, no explanations.","- Round to oval shape
- Head shape
- Dense central leaves
- Loose outer leaves
- Textured, firm leaves
- Smooth skin with shallow ribs
- Crisp texture
- Pale to medium green color
- Strong smell when bruised
- Edible leaves and stem
- Seasonal availability (spring to fall)
- Rich in vitamins C and K
- Low calorie content
- Contains dietary fiber"
cabbage,2,"List the features and properties of a cabbage. Give a plain list, one property per line, no explanations.","Cabbage is a leafy green vegetable. It has thick leaves. It is low in calories but high in nutrients. It has a crunchy texture. It is a versatile vegetable, used in various cuisines. It can be eaten raw or cooked. It comes in different varieties. It has a distinctive smell when cooked. It is often used in salads, soups, and stir-fries."
cactus,0,"List the features and properties of a cactus. Give a plain list, one property per line, no explanations.",Nocturnal: succulent stems: ribbed stems: spines: photosynthetic: CAM photosynthesis: drought tolerant: CAM photosynthesis:
cactus,1,"List the features and properties of a cactus. Give a plain list, one property per line, no explanations.","Cacti have spines instead of leaves.
Cacti have a thick, succulent stem that stores water.
Cacti have shallow roots that spread out widely.
Cacti have a waxy layer on their skin to prevent water loss.
Cacti are drought-tolerant and can survive in dry environments.
Cacti can store large amounts of water in their stems.
Cacti have a photosynthetic function in their stems, not just their leaves.
Cacti can have sharp spines.
Cacti are often adapted to hot, sunny climates."
cactus,2,"List the features and properties of a cactus. Give a plain list, one property per line, no explanations.","Genus: Mostly in Cactaceae
Plant type: Succulent, evergreen, perennial
Leaves: Spines instead of leaves, generally barbed
Reproduction: Sexual (flowers), asexual (offsets)
Growth form: Stem with ribbed or cylindrical shape
Water storage: Numerous ribs or pads to store water
Soil preference: Well-draining sandy soil
Sunlight: Thrives in full sun
Cold tolerance: Resistant to freezing temperatures
Pollenization: Insect pollinators, wind pollination
Root system: Deep roots to absorb water over wide area
Photosynthesis: Stomata mostly on the underside of pads"
cake,0,"List the features and properties of a cake. Give a plain list, one property per line, no explanations.","- Round or rectangular shape
- Various layers or single
- Crumbly or moist texture
- Sweet flavor
- Decorative frosting
- Filling or no filling
- Served chilled or at room temperature
- Cake pan material (e.g., aluminum, silicone)
- Chocolate, vanilla, or other flavor base
- Decorative toppings (e.g., sprinkles, nuts)
- Size (small, medium, large)
- Gluten-free or wheat-based
- Dairy or non-dairy (e.g., vegan)"
cake,1,"List the features and properties of a cake. Give a plain list, one property per line, no explanations.","- Sweet
- Moist
- Crumbly
- Creamy
- Filling
- Frosting
- Decorative"
cake,2,"List the features and properties of a cake. Give a plain list, one property per line, no explanations.","Sweet, edible, baked, dessert, icing, flavorful, cakey texture, flour-based, sugar, eggs"
camel,0,"List the features and properties of a camel. Give a plain list, one property per line, no explanations.","Camels have long eyelashes; they can close their nostrils; they have thick, cushioned soles on their feet; they can store water in their humps; they can endure extreme temperatures; they can go for long periods without water; they are well-adapted to harsh, desert environments; they can move both swiftly and steadily over sand; their long legs help them avoid heat absorption; their diets can include a variety of desert plants; they can carry heavy loads over long distances."
camel,1,"List the features and properties of a camel. Give a plain list, one property per line, no explanations.","Camels have long eyelashes to protect their eyes.
Camels have oval-shaped red blood cells.
Camels have three eyelids to protect their eyes from sand.
Camels have nostrils that can close to keep sand out.
Camels have thick fur to insulate their bodies.
Camels have long, strong legs to walk long distances.
Camels can store water in their humps for long periods.
Camels can survive for long periods without water.
Camels can tolerate extreme temperatures, both hot and cold.
Camels have a strong sense of smell.
Camels have a leathery, tough mouth to eat tough plant materials.
Camels produce milk for their young, like other mammals.
Camels walk on padded feet to move quietly and efficiently.
Camels' ears are small to reduce heat loss and prevent sand from entering.
Camels have the ability to withstand extreme dehydration."
camel,2,"List the features and properties of a camel. Give a plain list, one property per line, no explanations.","Camels have long necks
Camels can go without water for long periods
Camels have thick, bushy eyebrows and two rows of long eyelashes
Camels can close their nostrils to protect from sandstorms
Camels have padded feet with two toes
Camels have a fatty hump used for energy storage
Camels have thick, fur-covered skins
Camels can withstand large temperature variations
Camels are well-adapted to life in desert environments"
can opener,0,"List the features and properties of a can opener. Give a plain list, one property per line, no explanations.","1. Blade
2. Handle
3. Safety lever
4. Magnet
5. Casing
6. Lid holder
7. Label reader
8. Open button or switch"
can opener,1,"List the features and properties of a can opener. Give a plain list, one property per line, no explanations.","- Opens cans
- Manual or electric operation
- May be hand-cranked or powered by a battery or plug
- Handle for turning the cutting wheel
- Often includes a magnet for retrieving can lids
- Might come with a blade guard to protect fingers during operation
- Can be made from various materials such as stainless steel, plastic, or ceramic
- Portable or stationary
- May include a drip tray for easy cleanup"
can opener,2,"List the features and properties of a can opener. Give a plain list, one property per line, no explanations.","Sure! Here are the properties of a can opener:

* Opens metal cans
* Typically has a handle for easy grip
* Often has a sharp edge or blade for cutting the can's lid
* Can be manual (requires hand operation) or electric (battery or plug-in operated)
* May include safety features to prevent injuries
* Usually has a non-slip surface on the base to prevent slipping on the countertop
* Can be single-use disposable or reusable and dishwasher-safe
* Various designs and styles available, including manual opener models with different mechanisms (e.g., wheel, gear)"
candelabra,0,"List the features and properties of a candelabra. Give a plain list, one property per line, no explanations.","Candelabra are typically characterized by:
* Multiple arms
* Usually more than three arms
* Often decorative
* Usually made of metal or glass
* Artistic design
* Elegance
* Versatility in use (e.g., for lighting or decor)
* Can be adjustable in height or direction
* Can be electric or flame-based
* Can be used for various occasions, including formal dinners or romantic evenings"
candelabra,1,"List the features and properties of a candelabra. Give a plain list, one property per line, no explanations.","- Multiple arms
- Typically decorative
- Holds multiple candles
- Often made of metal
- Can be ornate or simple
- Variations in design and style
- Can be electrically heated
- Can be used for lighting or decoration
- Comes in various heights"
candelabra,2,"List the features and properties of a candelabra. Give a plain list, one property per line, no explanations.","- Multiple arms
- Power supply 
- Light source 
- Adjustable arms 
- Reflective surfaces 
- Glass or crystal prisms 
- Decorative elements 
- Socket for bulb 
- Enameled metal or brass 
- Switch or control mechanism"
candle,0,"List the features and properties of a candle. Give a plain list, one property per line, no explanations.","- Fueled by wax
- Burns at a specific rate
- Produces smoke and soot
- Emit odor when burned
- Generates heat
- Consumes oxygen
- Formed by a wick and wax
- Can be scented
- Variable burning duration based on size and wax type
- Can be used as a light source
- Can spill or drip wax when not handled properly
- Can come in various colors and shapes
- Can be used for decorative purposes
- Can be used for aromatherapy
- Can be used for ceremonies and celebrations"
candle,1,"List the features and properties of a candle. Give a plain list, one property per line, no explanations.","- Solid wax body
- Wick
- Waxy pool
- Flame
- Smoke
- Melting wax
- Flickering flame"
candle,2,"List the features and properties of a candle. Give a plain list, one property per line, no explanations.","- Solid wax structure
- Waxy composition
- Wick for burning
- Melts at approximately 130°F (54°C)
- Provides light and heat
- Gradual burn-down
- Produces smoke and soot
- Can have color and scent additives
- Typically encased in a glass or ceramic jar
- Can be made from various materials (beeswax, soy, paraffin, etc.)
- Burns at a controlled rate depending on wick length and material"
candy,0,"List the features and properties of a candy. Give a plain list, one property per line, no explanations.",Sweet Smelling Soft Meltable Chewable Colorful
candy,1,"List the features and properties of a candy. Give a plain list, one property per line, no explanations.",Sweet Hard Transparent Can be melted by heat Caloric
candy,2,"List the features and properties of a candy. Give a plain list, one property per line, no explanations.","- Sweet
- Edible
- Usually colorful
- Comes in various shapes
- Made from sugar, corn syrup, or other sweeteners
- Often contains artificial flavors and colors
- May include chocolate, nuts, fruit pieces, or gels
- Typically high in calories
- Aromatic
- Soft and chewy texture
- Can be sticky"
cannon,0,"List the features and properties of a cannon. Give a plain list, one property per line, no explanations.","barrel
cylinder shape
smooth bore
caliber
loading mechanism
trigger
stock
lock mechanism
muzzle
sights"
cannon,1,"List the features and properties of a cannon. Give a plain list, one property per line, no explanations.","Expands or propels a projectile using explosive force
Typically barrel-shaped
Can discharge projectiles over long distances
Can be handheld or mounted on vehicles or fortifications
Can be of various calibers and barrel lengths
Can be operated by various means, including manual, mechanical, or electronic triggers
Can fire a range of projectile types, including solid shot, shell, or explosives
Can be rifled or smoothbore
Can be used for various military or recreational purposes"
cannon,2,"List the features and properties of a cannon. Give a plain list, one property per line, no explanations.","- Fires projectiles
- Typically smoothbore
- Uses gunpowder as propellant
- Caliber measured in inches or millimeters
- Recoils upon firing
- Can be breech-loaded or muzzle-loaded
- Often mounted on a carriage or platform
- Can be portable (handheld) or fixed (fortress mounted)
- Requires a loader or magazine for ammunition
- May have sights for aiming
- Can be single-shot or capable of multiple shots without reloading
- Variants include anti-tank, anti-aircraft, field, and naval cannons"
car,0,"List the features and properties of a car. Give a plain list, one property per line, no explanations.","Wheels
Engine
Transmission
Body style
Exhaust system
Brakes
Wipers
Steering wheel
Dashboard
Door handles
Windows
Lights
Mirrors"
car,1,"List the features and properties of a car. Give a plain list, one property per line, no explanations.","- Wheels
- Engine
- Transmission
- Body Style
- Brakes
- Suspension
- Tires
- Steering Wheel
- Seats
- Dashboard
- Interior Lighting
- Climate Control
- Sound System
- Transmission Type"
car,2,"List the features and properties of a car. Give a plain list, one property per line, no explanations.","- Transmission
- Engine size
- Horsepower
- Seats
- Drivetrain type
- Suspension type
- Tires
- Steering type
- Brakes
- Body style
- Wheelbase
- Transmission type
- Fuel type
- Paint color
- Weight
- Door configuration
- Cargo volume
- Safety features
- Warranty"
carriage,0,"List the features and properties of a carriage. Give a plain list, one property per line, no explanations.","steerable
drawn by horses or other animals
seated area for passengers
storage compartment for luggage
decorative features
various wheel types (spokes, iron, solid)"
carriage,1,"List the features and properties of a carriage. Give a plain list, one property per line, no explanations.","- Two wheels
- Shaft to connect wheels
- Two seats
- Collapsible hood
- Harness ring
- Curved shape
- Seat cushions
- Roof (may be collapsible)
- Open sides
- Handlebars"
carriage,2,"List the features and properties of a carriage. Give a plain list, one property per line, no explanations.","- Four wheels
- Open-topped, usually
- Body with sides, usually
- Usually pulled by horses
- Seats or benches for passengers
- Often enclosed by a canvas or leather top
- Can be single or double seated
- Painted and decorated
- Tail and traces (or other harness attachments)
- May have a dashboard or cushioned box for the driver
- Solid, durable construction"
carrot,0,"List the features and properties of a carrot. Give a plain list, one property per line, no explanations.","- orange
- edible
- nutritious
- tapered ends
- long and thin
- round cross-section
- fibrous
- tapering
- crunchy
- sweet taste
- contains beta-carotene
- vegetable"
carrot,1,"List the features and properties of a carrot. Give a plain list, one property per line, no explanations.","- orange
- tapering shape
- top with green leaves
- edible
- crunchy texture
- sweet flavor
- high in beta-carotene
- dietary fiber
- vitamin A"
carrot,2,"List the features and properties of a carrot. Give a plain list, one property per line, no explanations.","- orange
- cylindrical shape
- tapered ends
- tapering increases towards the root
- thin skin
- flesh is orange and firm
- taste ranges from sweet to spicy
- relatively high sugar content
- high in beta-carotene
- good source of dietary fiber
- nutritious
- usually grown underground
- often has small, green leafy tops
- edible root and leaves
- can be eaten raw or cooked"
cart,0,"List the features and properties of a cart. Give a plain list, one property per line, no explanations.","* Typically has wheels or casters
* Often made of plastic or metal
* Can be pulled or pushed
* Holds cargo or items
* Might have a handle for carrying
* Can have locks or closures
* Can be collapsible or foldable
* Adjustable height or configuration
* Can be manually operated
* Can have decorative features"
cart,1,"List the features and properties of a cart. Give a plain list, one property per line, no explanations.","* four wheels
* handle
* one or two axles
* storage area
* brakes
* suspension
* frame
* steering system
* seat(s)"
cart,2,"List the features and properties of a cart. Give a plain list, one property per line, no explanations.","- Size
- Shape
- Wheels
- Handle
- Axles
- Frame
- Capacity
- Material
- Color
- Tires
- Locks
- Wheels' type (e.g., solid, pneumatic)"
cat,0,"List the features and properties of a cat. Give a plain list, one property per line, no explanations.","Cats are small to medium-sized, carnivorous mammals; they have sharp retractable claws; they possess keen senses of sight, smell, and hearing; their fur coat comes in various colors and patterns; they have sharp teeth adapted for hunting; they are known for their agility and quick reflexes; cats typically have a flexible spine and a strong sense of balance; they communicate through a variety of vocalizations and body language; they groom themselves regularly with their tongue; cats are crepuscular, meaning they are most active during twilight hours; they have a fast reflex speed and can often catch prey; they have a reputation for being independent and self-sufficient; some breeds of cats can be trained to perform tricks or walk on a leash; cats generally like to nap and can spend up to 16 hours per day sleeping; they have a unique purring sound that they produce, often as a sign of contentment."
cat,1,"List the features and properties of a cat. Give a plain list, one property per line, no explanations.",FurTailEarsWhiskersClawsFurSpeedAgilityEarsHeightWeightTemperature preferenceEye colorDemeanor
cat,2,"List the features and properties of a cat. Give a plain list, one property per line, no explanations.","Cats are carnivorous mammals with sharp retractable claws, flexible bodies, quick reflexes, keen sense of hearing and smell, nocturnal by nature, covered in fur with varying colors and patterns, typically weigh between 3.5 to 5 kg, capable of fast sprints, agile jumpers, independent and self-sufficient, expressive facial features, vocalize with a range of sounds, including purring, meowing, hissing, and growling."
caterpillar,0,"List the features and properties of a caterpillar. Give a plain list, one property per line, no explanations.","- Segmented body
- Jointed legs
- Hard exoskeleton
- Antennae
- Thoracic ganglia for a simple nervous system
- Usually multiple pairs of eyes
- Mandibles for chewing food
- Prolegs on abdominal segments
- Tube-like mouthparts for sucking fluids
- Often camouflaged or brightly colored
- Capable of locomotion by crawling or wriggling
- Molting as they grow"
caterpillar,1,"List the features and properties of a caterpillar. Give a plain list, one property per line, no explanations.",Antennae Tiny C-shaped segmented legs Compound eyes Simple eyes Mandibles Mouth Parts Prolegs Anus Segmented body Thorax Abdomen
caterpillar,2,"List the features and properties of a caterpillar. Give a plain list, one property per line, no explanations.","- Segmented body
- Soft, flexible skin
- Jointed legs
- Antennae
- Simple eyes, if any
- Prolegs, typically on abdominal segments
- Mandibles for chewing
- An appetite for leaves and plant matter
- Capable of regenerating lost body parts
- Various colors and patterns for camouflage"
cauliflower,0,"List the features and properties of a cauliflower. Give a plain list, one property per line, no explanations.","- White, creamy color
- Dense, compact shape
- Bunches of small florets
- Rough textured surface
- High water content
- Low calorie
- Low fat
- Rich in vitamin C
- Rich in vitamin K
- Rich in dietary fiber
- Rich in vitamin B6
- Rich in folate"
cauliflower,1,"List the features and properties of a cauliflower. Give a plain list, one property per line, no explanations.","- White color
- Dense texture
- High water content
- Calorically low
- Good source of vitamins C and K
- Rich in dietary fiber
- Contains antioxidants
- Anti-inflammatory properties
- Convenient storage (can be frozen or canned)
- Versatile in cooking (can be roasted, steamed, boiled, sautéed, or grilled)"
cauliflower,2,"List the features and properties of a cauliflower. Give a plain list, one property per line, no explanations.","It has thick, compact heads
It has a high water content
It has a mild flavor
It is low in calories"
celery,0,"List the features and properties of a celery. Give a plain list, one property per line, no explanations.","Celery is a perennial plant; it has aromatic leaves; it has edible stalks; it has a crunchy texture; it has a mild, refreshing flavor; it is low in calories; it is 95% water; it is nutritious, containing vitamins A, B, and C, and dietary fiber; it is used as a garnish or in salads, soups, and stir-fries."
celery,1,"List the features and properties of a celery. Give a plain list, one property per line, no explanations.","- Tall stalks
- Stringy texture
- Mild flavor
- Photosensitive (wilts in strong light)
- High water content
- Low calorie
- Rich in dietary fiber"
celery,2,"List the features and properties of a celery. Give a plain list, one property per line, no explanations.","Celery is a plant with long, slender stalks
Celery has a crisp texture when eaten raw
Celery is low in calories
Celery is a good source of dietary fiber
Celery contains vitamin K and vitamin A
Celery contains antioxidants and anti-inflammatory compounds
Celery is 95% water
Celery has a mild, fresh aroma and taste"
cello,0,"List the features and properties of a cello. Give a plain list, one property per line, no explanations.","* Larger than a violin
* Lower-pitched than a violin
* Four strings (lowest note is an open string)
* Played with a bow
* Has a curved back and sloped shoulders
* Held between the player's calves, either standing or seated
* Endpin (or spike) at the bottom for support
* Strings are tuned to C, G, D, and A from lowest to highest
* Sound box made from several pieces of wood carved and glued together
* Bridge positioned near the middle of the body
* Frets not usually used (acoustic instrument)"
cello,1,"List the features and properties of a cello. Give a plain list, one property per line, no explanations.","• larger than a violin or viola
• has four strings tuned to C G D A (lowest to highest)
• played with a bow or plucked (pizzicato)
• has a distinctive deep, rich sound
• has a hollow body made from several pieces of wood
• neck and fingerboard are usually made of ebony
• fretless, requiring precise finger placement
• soundboard usually made from spruce or maple
• bridge sustains tension of strings
• tailpiece and pegs help tune the strings
• curves and shapes may vary (ex. Guarneri, Amati)
• often played while seated
• can be amplified using a microphone or pickup"
cello,2,"List the features and properties of a cello. Give a plain list, one property per line, no explanations.","- Large
- String instrument
- Hollow wooden body
- Curved back
- Broad shoulders
- Shorter than a viola
- Lower pitched than a violin
- Played with a bow
- Has four strings
- Strings tuned to C, G, D, A
- Played with left hand fingers on the fingerboard
- Produces rich, deep tones
- Requires a peg system for tuning"
cheese,0,"List the features and properties of a cheese. Give a plain list, one property per line, no explanations.","- Texture
- Flavor
- Aroma
- Color
- Moisture content
- pH level
- Melting point
- Fat content
- Protein content
- Shelf life
- Origin
- Texture profile
- Sharpness
- Consistency"
cheese,1,"List the features and properties of a cheese. Give a plain list, one property per line, no explanations.","- Color
- Texture
- Flavor
- Aroma
- Moisture content
- Melting point
- Fat content
- Protein content
- Calcium content
- pH level
- Shelf life
- Source
- Texture on biting"
cheese,2,"List the features and properties of a cheese. Give a plain list, one property per line, no explanations.","Cheese is a food made from the pressed curds of milk Cheese is rich in calcium Cheese can be made from the milk of various animals Cheese comes in a variety of flavors, textures, and types Cheese can be fresh, aged, soft, semi-soft, hard, or blue Cheese can be eaten alone, melted into other dishes, or used as an ingredient in cooking Cheese can contain different levels of fat and protein Cheese can be made from the milk of cows, goats, sheep, or other animals Cheese can range from mild to sharp in taste Cheese's flavor and texture can be influenced by the type of milk used, the method of production, and aging processes Cheese can be used in a wide range of recipes, including pizzas, pastas, salads, sandwiches, and more"
cheetah,0,"List the features and properties of a cheetah. Give a plain list, one property per line, no explanations.","Fastest land mammal
Short fur with round black spots
Small head with high-set eyes
Slender, long-legged body
Non-retractable claws for better traction"
cheetah,1,"List the features and properties of a cheetah. Give a plain list, one property per line, no explanations.","Fastest land mammal
Strong hind legs
Non-retractable claws
Short, spotted fur
Highly agile
Excellent vision 
Small and slender body"
cheetah,2,"List the features and properties of a cheetah. Give a plain list, one property per line, no explanations.","Fastest land mammal
Small, lightweight body
Slender body
Low-slung body
Highly flexible spine
Non-retractable claws"
cherry,0,"List the features and properties of a cherry. Give a plain list, one property per line, no explanations.","- Small to medium size
- Red or yellow color
- Smooth skin
- Oblong shape
- Soft flesh
- Tangy taste
- Nutritional value
- Seasonal (spring and summer)
- Originates from Asia and Europe
- Popular in desserts and jams"
cherry,1,"List the features and properties of a cherry. Give a plain list, one property per line, no explanations.","The fruit of the cherry tree is a drupe, meaning it has a single large seed encased in a fleshy outer layer. It is typically round to oblong in shape. Cherries can be red, yellow, or black. They are relatively small in size, measuring about 1 to 2 inches in diameter. They have a smooth skin texture. Cherries are sweet to the taste when ripe. They are juicy and can be eaten fresh or used in various culinary preparations such as jams, pies, and compotes. They are rich in vitamins, particularly vitamin C, and minerals like potassium and magnesium. The tree they come from, Prunus avium, belongs to the rose family, Rosaceae. Cherries are native to Europe and Asia but are cultivated worldwide."
cherry,2,"List the features and properties of a cherry. Give a plain list, one property per line, no explanations.","Cherries are small, sweet or sour, round, red, edible fruits with a single large seed and a soft, edible skin."
chicken,0,"List the features and properties of a chicken. Give a plain list, one property per line, no explanations.","- Feathers
- Beak
- Legs
- Comb
- Wattle
- Earlobes
- Wings
- Tail
- Eggs"
chicken,1,"List the features and properties of a chicken. Give a plain list, one property per line, no explanations.","- Cluck sound
- Feathers
- Beak
- Comb
- wattle
- Legs
- Eggs
- Meat
- Laying ability
- Ingests feed and grain
- Breeds rapidly
- Recovers quickly from injury"
chicken,2,"List the features and properties of a chicken. Give a plain list, one property per line, no explanations.","- Beak
- Legs
- Wings
- Feathers
- Comb
- Wattle
- Earlobes
- Layer (in females)
- Male or female
- Rooster (in males if they are capable of reproduction)
- Egg-laying (in females)"
chili,0,"List the features and properties of a chili. Give a plain list, one property per line, no explanations.","Flavorful, spicy, crunchy, aromatic, round, small to medium size, reddish-brown color, pod-shaped, chenille texture, edible seeds, nutrient-rich"
chili,1,"List the features and properties of a chili. Give a plain list, one property per line, no explanations.","- Small fruit
- Capsicum
- 1-3 inches in diameter
- Red or green when ripe
- Edible flesh
- Seeds
- Fleshy wall
- 4 chambers (locule)
- Laxative effect
- Mild to extremely hot flavor"
chili,2,"List the features and properties of a chili. Give a plain list, one property per line, no explanations.","Chilis are fruits, usually red or green, that have a spicy flavor due to capsaicin. They are high in vitamin C, potassium, and dietary fiber. They come in various shapes, like cones, spheres, or cylinders. Their flesh is generally edible, with seeds that can be removed. The stems are also edible and often used in cooking."
chinchilla,0,"List the features and properties of a chinchilla. Give a plain list, one property per line, no explanations.","- Small size
- Dense fur
- Long lifespan
- Agile
- Good jumper
- Nocturnal
- Social
- Soft fur
- Requires dust bath
- Vocalize
- Sensitive to heat"
chinchilla,1,"List the features and properties of a chinchilla. Give a plain list, one property per line, no explanations.","Fur is dense and soft
Ears are large and rat-like
Small and compact in size
Gray to light tan in color
Quiet and gentle nature
High intelligence
Good memory
Strong hind legs for jumping
Nocturnal by nature
Grassland and mountain habitats
Highly social in nature
Lives in colonies called herds
Requires dust baths for grooming"
chinchilla,2,"List the features and properties of a chinchilla. Give a plain list, one property per line, no explanations.","Chinchillas are social animals.
They have dense fur.
They have large, round ears.
They have long whiskers.
They are nocturnal.
They have a long tail.
They have sharp incisors.
They can jump high and far."
chisel,0,"List the features and properties of a chisel. Give a plain list, one property per line, no explanations.","- Usually made from steel, high carbon steel or tool steel
- Can be single- or double-beveled 
- Tapered body from handle to cutting edge
- Edge is sharpened to a cutting edge
- Handle, or 'grip', is usually made from wooden, plastic, or rubber material
- V-groove or flat-cross-section handle for secure grip
- May have a protective oxide layer (often a dark oxide, like rust)"
chisel,1,"List the features and properties of a chisel. Give a plain list, one property per line, no explanations.","Sharp edge for cutting or carving
Can have a single or multiple bevels
Various widths and lengths
Can be made from various materials like steel, high carbon steel, or synthetic materials
Can be straight or curved
Often comes with a handle or may require a separate handle"
chisel,2,"List the features and properties of a chisel. Give a plain list, one property per line, no explanations.","- Blade shape
- Handle material
- Length
- Width
- Bevel angle
- Edge type
- Tip shape
- Material of the body
- Grain direction
- Hardness
- Sharpness
- Balance
- Weight"
chocolate,0,"List the features and properties of a chocolate. Give a plain list, one property per line, no explanations.",Sweet Flavour Melty Texture Brown colour Calorie-rich Odorless Smooth Textured
chocolate,1,"List the features and properties of a chocolate. Give a plain list, one property per line, no explanations.","Cocoa solids
Cocoa butter
Sweet
Smooth texture
Melt at body temperature
Rich flavor"
chocolate,2,"List the features and properties of a chocolate. Give a plain list, one property per line, no explanations.",Sweet Smoothing texture Melts at body temperature Brown in color Rich flavor
clarinet,0,"List the features and properties of a clarinet. Give a plain list, one property per line, no explanations.","- cylindrical bore
- keywork
- mouthpiece
- reed
- pitch range
- finger holes
- keys
- key mechanisms
- tone quality
- material
- intonation"
clarinet,1,"List the features and properties of a clarinet. Give a plain list, one property per line, no explanations.","- Keyed wind instrument
- Single-reed mouthpiece
- Vibrates at a fundamental frequency of approximately 262 Hz
- Typically pitched in B♭ (though available in A and C)
- has a conical bore
- consists of a mouthpiece, a long cylindrical tube usually with a range of 13-14 joints
- usually has a flared bell
- is held diagonally
- has finger holes and/or key-covered tone holes
- often has a thumb rest
- can be made from various materials, including wood, plastic, or metal"
clarinet,2,"List the features and properties of a clarinet. Give a plain list, one property per line, no explanations.","It has a cylindrical bore.
It uses a single reed.
It has a mouthpiece with a bocal.
It has finger holes and/or keys.
It typically has a range of three octaves.
It is usually made from wood or acrylic.
It produces a sound through a vibrating reed.
It is held horizontally, pointing upward."
coat,0,"List the features and properties of a coat. Give a plain list, one property per line, no explanations.","- warmth
- waterproofing
- windproof
- breathable
- adjustable hood
- pockets
- length
- full-length
- fabric type (e.g. wool, synthetic, down)
- color
- size fits range
- style (e.g. trench, peacoat)
- lining material
- price
- brand
- durability
- care instructions (e.g. machine washable, dry clean only)"
coat,1,"List the features and properties of a coat. Give a plain list, one property per line, no explanations.","- Warmth
- Water resistance
- Windproof
- Breathable
- Durable
- Adjustable fastenings
- Pockets
- Collar
- Liner"
coat,2,"List the features and properties of a coat. Give a plain list, one property per line, no explanations.","Waterproof
Windproof
Warm
Durable
Lined
Furry or sleek outside
Collar
Zipper
Buttoned"
cockroach,0,"List the features and properties of a cockroach. Give a plain list, one property per line, no explanations.",Cockroaches have six legs. They are nocturnal insects. Cockroaches can survive for weeks without food. They are fast runners. Cockroaches can live for a few months without their heads. Cockroaches are attracted to food sources and moisture. They are known for their ability to withstand radiation and extreme conditions.
cockroach,1,"List the features and properties of a cockroach. Give a plain list, one property per line, no explanations.","Cockroaches have:

* Six legs
* Two antennae
* Mouthparts designed for chewing
* Compound eyes
* Exoskeleton
* Reproduce sexually
* High reproductive rate
* Can survive for several weeks without food
* Can withstand relatively high levels of radiation and toxicity
* Often found in warm, humid environments
* Capable of squeezing through small cracks and crevices"
cockroach,2,"List the features and properties of a cockroach. Give a plain list, one property per line, no explanations.","- Adults can measure from 13 to 30 millimeters (0.5 to 1.2 inches) in length, with wingspans ranging from 30 to 50 millimeters (1.2 to 2.0 inches).
- They have a pair of compound eyes, each having thousands of tiny lenses.
- Cockroaches have six legs, with spiny hind legs and leathery front wings.
- They possess two pairs of long, movable filaments or cerci on the abdomen, which are sensitive to air currents.
- Their bodies are flattened and broad, allowing them to move easily through narrow spaces.
- They have mouthparts adapted for chewing and feeding on a wide range of organic materials, including decaying matter.
- Cockroaches have high reproductive potential; some species can produce multiple egg cases in their lifetime.
- Many species are nocturnal, hiding during the day and foraging for food at night.
- They have a life cycle that includes three stages: egg, nymph, and adult."
coconut,0,"List the features and properties of a coconut. Give a plain list, one property per line, no explanations.","- Brown outer fibrous shell
- Hard shell
- Smooth shiny inner white shell
- Creamy white meat
- Thin layer of gelatinous substance
- Small brown seed inside"
coconut,1,"List the features and properties of a coconut. Give a plain list, one property per line, no explanations.","Coconuts have a rough, hairy outer shell called the exocarp.
The middle layer of the coconut, called the mesocarp, is fibrous and sometimes called the ""shreddable meat.""
The innermost part, the endocarp, encases a liquid-filled cavity called the testa, which holds the coconut water.
Coconuts are rich in dietary fiber, vitamins C and B-complex, and minerals like iron, magnesium, and phosphorus.
They contain healthy fats, mainly medium-chain triglycerides (MCTs), which are beneficial for heart health and energy.
Coconut water is sterile and can be used as a substitute for intravenous fluid in emergency situations.
Coconut milk is extracted from the white, soft meat and is used in cooking and beverages; it's high in fat but low in protein.
The coconut meat is nutrient-dense, providing proteins, carbohydrates, and various essential amino acids.
Coconuts have a long shelf life and can be preserved for months without refrigeration."
coconut,2,"List the features and properties of a coconut. Give a plain list, one property per line, no explanations.","The coconut has a hard fibrous outer husk, a smooth oval shape, a thick brown shell, a white or yellow flesh, a single cavity containing the liquid, and a liquid that is both drinkable and used in cooking."
corkscrew,0,"List the features and properties of a corkscrew. Give a plain list, one property per line, no explanations.","- Typically has a helical screw mechanism
- Often made from stainless steel or other durable materials
- Features a pointed tip for piercing corks
- May include a foil cutter for removing foil-wrapped corks
- Can have a bottle grip for better handling
- Comes in various sizes to accommodate different bottle necks
- Sometimes includes a foil holder or storage case"
corkscrew,1,"List the features and properties of a corkscrew. Give a plain list, one property per line, no explanations.","- Typically consists of a helical screw or a T-shaped design
- Usually has a pointed or blunt end
- Can be made from various materials such as stainless steel, aluminum, or plastic
- Often includes a foil cutter for removing foil from wine bottles
- May have a built-in bottle opener or a separate dual-purpose design
- Sometimes features a textured grip for better handling
- Can vary in length for different bottle sizes and shapes
- Can be manual or electric-powered"
corkscrew,2,"List the features and properties of a corkscrew. Give a plain list, one property per line, no explanations.","- T-handle
- Helical corkscrew
- Cork grip
- Straight shaft
- Bottle opener (some models)
- Metal construction (commonly)"
corn,0,"List the features and properties of a corn. Give a plain list, one property per line, no explanations.","- yellow or white in color
- generally 10 kernels long
- enclosed in husks
- originated in Central America
- rich in vitamins and minerals
- grows on stalks
- large, oval-shaped seeds
- uses include food, fuel, and fodder
- susceptible to various diseases and pests"
corn,1,"List the features and properties of a corn. Give a plain list, one property per line, no explanations.","-Annual herbaceous plant
-Grass family (Poaceae)
-Tall and leafy
-Waxy protective leaf surface
-Spikes of female flowers
-Usually yellow when ripe
-Husk surrounding grains"
corn,2,"List the features and properties of a corn. Give a plain list, one property per line, no explanations.","- Cereal grain
- Seed
- Whole grain
- Kernel
- Tall plant
- Monoecious
- Wind-pollinated
- Annual plant
- Stalk
- Husk
- Silk"
costume,0,"List the features and properties of a costume. Give a plain list, one property per line, no explanations.","A costume can have these features and properties:

* color
* style
* material
* fit
* comfort
* mobility
* accessories
* durability
* protection
* authenticity
* design
* aesthetics"
costume,1,"List the features and properties of a costume. Give a plain list, one property per line, no explanations.","- color
- material
- size
- fit
- style
- durability
- comfort
- mobility
- design
- authenticity
- period accuracy
- accessories
- versatility"
costume,2,"List the features and properties of a costume. Give a plain list, one property per line, no explanations.","- Fabric type
- Color
- Pattern or design
- Fit
- Comfort
- Mobility
- Durability
- Weather resistance
- Style suitability
- Material composition"
cranberry,0,"List the features and properties of a cranberry. Give a plain list, one property per line, no explanations.","Sweet and tart Taste
Red Color Round shape"
cranberry,1,"List the features and properties of a cranberry. Give a plain list, one property per line, no explanations.","- Small evergreen dwarf shrubs
- Found in northern climates (North America, Europe)
- Prostrate, trailing growth habit
- Ericaceous, requiring acidic soils
- Small, pink to deep purple flowers in spring
- Small, edible bright red berries
- Anti-adhesive properties beneficial for urinary tract health
- Tolerates cold climates
- Drought tolerant once established
- Well-draining soil preference"
cranberry,2,"List the features and properties of a cranberry. Give a plain list, one property per line, no explanations.","Cranberries are small, round berries with a distinctive tart flavor. They are red or purple in color and grow on low vines in wet environments. The berries have a firm texture when fresh and a soft, slightly juicy texture when cooked or dried. They contain numerous seeds that are small and hard. Cranberries float in water due to their air-filled vesicles and hollow, dense-cell walls. They have a high level of antioxidants, particularly proanthocyanidins, which can help prevent urinary tract infections and certain types of cancer. The berries are low in calories and contain no fat, cholesterol, or sodium. They are a rich source of dietary fiber, vitamin C, and various phytochemicals."
crow,0,"List the features and properties of a crow. Give a plain list, one property per line, no explanations.",Crows have sleek black feathers; they are omnivorous and opportunistic feeders; their intelligence is among the highest of birds; they exhibit complex problem-solving skills; they communicate with a variety of vocalizations; they have adapted to living in close proximity to humans; their nesting behavior involves the use of sticks and sometimes other materials; they exhibit social behaviors such as cooperative feeding; they are highly territorial; they have a strong beak for cracking open nuts and seeds; they are highly vocal and can mimic sounds; they engage in play behavior.
crow,1,"List the features and properties of a crow. Give a plain list, one property per line, no explanations.","Crows are omnivorous birds that are native to Europe, Asia, and Africa.
Their wingspan can reach up to 40 inches.
They have a glossy black plumage.
They are highly intelligent, problem-solving creatures.
Their feathers are glossy and can have a purple or green sheen in certain lights.
They have a strong, curved beak adapted for a variety of food sources.
Their legs and feet are black, with long toes and sharp claws for grasping.
Crows can mimic sounds and have a complex social structure."
crow,2,"List the features and properties of a crow. Give a plain list, one property per line, no explanations.","Crows have black feathers; crows are highly intelligent; crows have strong, curved beaks; crows are omnivores; crows build nests; crows are social animals; crows communicate vocally; crows can mimic human speech; crows have a keen sense of sight; crows are monogamous and often mate for life."
crowbar,0,"List the features and properties of a crowbar. Give a plain list, one property per line, no explanations.","- Long and flat
- T-shaped
- Steel or iron
- Handle
- Blade or pry face"
crowbar,1,"List the features and properties of a crowbar. Give a plain list, one property per line, no explanations.","* long
* flat
* steel
* usually with a wooden handle
* lever
* strong
* pry bar
* can have a nail puller at one end
* typically used for prying and lifting"
crowbar,2,"List the features and properties of a crowbar. Give a plain list, one property per line, no explanations.","- Long, slender, curved steel bar
- Tapered end with a flat tip
- Often has a wooden or plastic handle
- Generally made of medium carbon steel
- Can be single-bent or double-bent
- Typically 12-36 inches long
- May have grooves or ridges for grip
- Available in various lengths and thicknesses
- Designed for prying and levering purposes
- Can be used as a hammering tool
- Can be heat-treated for increased strength"
dagger,0,"List the features and properties of a dagger. Give a plain list, one property per line, no explanations.","Sharp point
Sharp edge
Double-edged
Short
Tapered tang
Hollow ground edge
Symmetrical design"
dagger,1,"List the features and properties of a dagger. Give a plain list, one property per line, no explanations.","Sharp point for thrusting
Blade typically narrower than handle
Usually double-edged
Tapered toward point
Often ornate or engraved
Mostly handheld, often carried at the belt or in a sheath"
dagger,2,"List the features and properties of a dagger. Give a plain list, one property per line, no explanations.","Blade type: single-edged
Hilt type: none or basic guard
Handle: typically short
Tip shape: sharp point
Edge orientation: one side
Crossguard: often minimal or absent
Weight: generally light
Material: steel, sometimes alloy combinations
Balanced: designed for thrusting and slashing"
dragonfly,0,"List the features and properties of a dragonfly. Give a plain list, one property per line, no explanations.","- Large multifaceted eyes
- Two pairs of wings
- Long, thin body
- Hindwings broader than forewings
- Short, clubbed antennae
- Compound eyes
- Predatory mouthparts
- Long, veined wings
- Multifibrillar wings
- Short, robust legs
- Prehensile hind legs
- Mid-facial ridge
- Cryptic coloration
- Direct development"
dragonfly,1,"List the features and properties of a dragonfly. Give a plain list, one property per line, no explanations.","- Compound eyes 
- Two pairs of wings 
- Multifaceted eyes 
- Long, slender body 
- Wing veination 
- Hind wings narrower than forewings 
- Antennae 
- Prothorax with large pronotum 
- Three distinct segments in the antennal flagellum"
dragonfly,2,"List the features and properties of a dragonfly. Give a plain list, one property per line, no explanations.","Eyes: Thousands of facets 
Wings: Two pairs 
Legs: Six 
Thorax: One 
Abdomen: Three segments 
Antennae: Two pairs 
Oviparous: Lays eggs in water"
dress,0,"List the features and properties of a dress. Give a plain list, one property per line, no explanations.","-Color
-Length
-Fit
-Style
-Sleeve length
-Neckline
-Hem type
-Back style
-Print or pattern"
dress,1,"List the features and properties of a dress. Give a plain list, one property per line, no explanations.","- length
- silhouette
- neckline
- sleeve type
- hem width
- fabric
- pattern
- closure
- drape
- fit
- lining
- hem length
- waistline
- hem position
- print
- embellishments"
dress,2,"List the features and properties of a dress. Give a plain list, one property per line, no explanations.","- Material: Fabric used for the dress
- Length: Measurement from the neckline to the hem
- Fit: How the dress contours to the body
- Style: Over-all design and shape, such as A-line, sheath, etc.
- Color: Hue and shade of the dress
- Hem: Type and height of the hem, e.g., pencil, above the knee
- Sleeves: Presence, length, and type of sleeves
- Neckline: Design around the neck opening
- Closure: Method of fastening the dress, e.g., zipper, buttons
- Layers: Additional materials or pieces worn underneath for added texture or warmth
- Fabric Type: Weave and thickness of the material, such as chiffon, denim, etc.
- Embellishments: Additional decorations like sequins, embroidery, etc.
- Size: Measured dimensions that fit a specific body type
- Drapery: The way the fabric moves and falls on the body"
drill,0,"List the features and properties of a drill. Give a plain list, one property per line, no explanations.","- Drill bits
- Chuck
- Trigger
- Variable speed
- Forward and reverse
- Chuck key
- Battery or cord
- Drill motor
- Dust collection"
drill,1,"List the features and properties of a drill. Give a plain list, one property per line, no explanations.","- Portable
- Variable speed
- Reverse function
- Forward function
- Variable torque
- Chuck key slot
- Variable direction
- Corded or cordless
- Drilling bits storage space
- Dust extraction port
- Ergonomic design
- Power switch"
drill,2,"List the features and properties of a drill. Give a plain list, one property per line, no explanations.","- Portable
- Rechargeable battery
- Forward and reverse settings
- Variable speed control
- Torque adjustment
- Dust extraction port
- LED light
- Depth gauge
- Keyless chuck"
drum,0,"List the features and properties of a drum. Give a plain list, one property per line, no explanations.","- Percussion instrument
- Circular or cylindrical shape
- Can be made of various materials, including wood, metal, or synthetic materials
- Vary in size and shape for different pitches
- Has one or more membranes (drumskins) stretched over a frame
- Resonator (usually a shell) to amplify sound
- Tuned or untuned, depending on design
- May have snares or resonators for specific sounds
- Played by striking with sticks, brushes, hands, or mallets"
drum,1,"List the features and properties of a drum. Give a plain list, one property per line, no explanations.","Sturdy construction
Rubbed surface for optimal sound
Tension rods
Shell material (e.g., wood, metal)
Resonator (usually a bass drum has a metal plate)
Size variations (diameter and depth for different pitch and volume)"
drum,2,"List the features and properties of a drum. Give a plain list, one property per line, no explanations.","- Circular shape
- Hollow
- Generally made of wood, metal, or synthetic materials
- Varying thicknesses and sizes depending on type and use
- May have one or two heads (membranes stretched over openings)
- Toms: individual cylindrical bodies for different pitches
- Snare drums: have metal snares that create a distinct rattling sound
- Bass drums: largest and lowest-pitched, played with mallets or hands
- Tension rods to adjust the head tension
- Hardware: pedals, stands, tuners, and sometimes cases
- Can be acoustic (unamplified) or electric (requires amplification)"
duck,0,"List the features and properties of a duck. Give a plain list, one property per line, no explanations.","- webbed feet
- waterproof feathers
- bill
- waterproof skin
- feathers
- tail
- eyes on the sides of its head
- lay eggs
- excellent swimmer"
duck,1,"List the features and properties of a duck. Give a plain list, one property per line, no explanations.","- bill
- webbed feet
- waterproof feathers
- flexible skull
- strong legs
- keen eyesight
- waterproofing oil
- ability to dive
- good swimming capabilities
- lays eggs
- vocalizes"
duck,2,"List the features and properties of a duck. Give a plain list, one property per line, no explanations.","- Webbed feet
- Duckbill (or bill)
- Feathers
- Waterproof plumage
- Cryptic coloration (camouflage)
- Decent swimming ability
- Good eyesight
- Anatomical adaptations for diving
- Nostrils can close
- Feathers shed seasonally
- Sexual dimorphism (often males are more colorful)"
eagle,0,"List the features and properties of a eagle. Give a plain list, one property per line, no explanations.","Claws for gripping prey
Strong, powerful beak for tearing flesh
Sharp talons for grasping and killing prey
Excellent eyesight, capable of spotting prey from high altitudes
Heads capable of rotating nearly 270 degrees
Flexible wings for agile flight
Molt annually, replacing flight feathers
A wingspan that can reach up to 7 feet in some species
Capable of reaching speeds up to 80 mph during flight
Comparable to the speed of some SUVs on highways
Lifespan in the wild can reach up to 30 years"
eagle,1,"List the features and properties of a eagle. Give a plain list, one property per line, no explanations.","Feathers: Yes
Sharp talons: Yes
Keen eyesight: Yes
Broad wingspan: Yes
Strong beak: Yes
Good flyer: Yes
Swift: Yes"
eagle,2,"List the features and properties of a eagle. Give a plain list, one property per line, no explanations.","Eyesight: Sharp
Feathers: Waterproof
Beak: Strong, sharp
Claws: Talon-like, good for grasping
Legs: Powerful, suitable for hunting
Wingspan: Large
Swimming: Good
Speed: Fast in flight
Endurance: High stamina"
earwig,0,"List the features and properties of a earwig. Give a plain list, one property per line, no explanations.","Antennae
Nocturnal
Flat, elongated body
Cerci (two appendages at the back)
Mandibulates (jaws-like mouthparts)
Segmented abdomen
Two pairs of wings (first pair are leathery and cover the second, more delicate pair)"
earwig,1,"List the features and properties of a earwig. Give a plain list, one property per line, no explanations.","- Small, elongated body
- Antennae on head
- Pair of cerci (forceps-like appendages) on abdomen
- Hard exoskeleton
- Compound eyes
- Short, wide wings
- Six legs (first pair modified into cerci)
- Two pairs of tegmina (forewings)
- Filamentous structures at tips of cerci (in males)"
earwig,2,"List the features and properties of a earwig. Give a plain list, one property per line, no explanations.","Long, slender body with two pairs of wings
Flat, elongated body shape
Two pairs of wings, with forewings hardened and folded
Elongated, segmented abdomen
Antennae on head
Compound eyes
Pincer-like cerci at the tip of the abdomen"
eggbeater,0,"List the features and properties of a eggbeater. Give a plain list, one property per line, no explanations.","- Compact design
- Manual operation
- Beat ingredients at varying speeds
- No electricity required
- Easy to clean
- Lightweight"
eggbeater,1,"List the features and properties of a eggbeater. Give a plain list, one property per line, no explanations.","- Compact design
- Lightweight
- Non-stick coating
- Dishwasher safe
- Ergonomic handle
- Multiple speed settings
- Compact storage space
- Compact size for easy storage
- Energy-efficient motor
- Cool-to-touch exterior
- Easy-to-use design"
eggbeater,2,"List the features and properties of a eggbeater. Give a plain list, one property per line, no explanations.","- Compact and portable design
- Electric or manual operation
- Variable speeds for mixing efficiency
- Non-slip grip
- Durable construction
- Easy to clean parts
- Often cordless for convenience
- Ergonomic handle for comfort
- Waterproof exterior for ease of washing
- Compact storage capabilities"
fern,0,"List the features and properties of a fern. Give a plain list, one property per line, no explanations.","Ferns are vascular plants; they have roots, stems, and leaves; they reproduce via spores rather than seeds; their leaves are called fronds; they have a life cycle involving both alternation of generations and gametophytes; they do not produce flowers or seeds; their stems are usually underground or near the soil surface; they often have a distinctive leaf pattern with divided fronds."
fern,1,"List the features and properties of a fern. Give a plain list, one property per line, no explanations.","- Leaves are compound and called fronds
- No flowers or seeds; reproduction involves spores
- Vascular tissue present, but not in the form of wooden stems
- Mostly found in damp, shady environments
- Lack of true roots; rhizoids anchor the plant to the substrate
- Gametophyte stage is dominant during early development"
fern,2,"List the features and properties of a fern. Give a plain list, one property per line, no explanations.","- Produce spores instead of seeds for reproduction
- Have stems called rhizomes
- Possess leaves called fronds
- Typically have a rhomboid shape
- Grow in moist and shaded environments
- Have life cycles alternating between gametophyte and sporophyte stages
- Lack vascular tissues (xylem and phloem)
- Have roots for anchor and nutrient absorption
- Can be either evergreen or deciduous depending on species
- Often have branching, feather-like fronds
- Have a waxy coating on the fronds' surface for protection and moisture retention"
fig,0,"List the features and properties of a fig. Give a plain list, one property per line, no explanations.","- Edible
- High in fiber
- Fruity
- Small seeds inside
- Sweet
- Versatile in cooking
- Various varieties (e.g., common fig, black mission)"
fig,1,"List the features and properties of a fig. Give a plain list, one property per line, no explanations.","- Edible
- Seedy
- Sweet
- Drupe
- Nutritious"
fig,2,"List the features and properties of a fig. Give a plain list, one property per line, no explanations.",Figs are approximately 30–50 centimeters in diameter.
file,0,"List the features and properties of a file. Give a plain list, one property per line, no explanations.","- Name
- Extension
- MIME type
- Size
- Date last modified
- Date created
- Owner/user
- Permissions
- Encrypted"
file,1,"List the features and properties of a file. Give a plain list, one property per line, no explanations.","- Name
- Extension
- Size
- Type
- Creation date
- Last accessed date
- Last modified date
- Encoding
- Attributes"
file,2,"List the features and properties of a file. Give a plain list, one property per line, no explanations.","- Date of creation
- Date of last access
- Size (in bytes)
- Type of file (e.g., document, folder, etc.)
- File name
- Extension (e.g., .docx)
- Attributes (e.g., read-only, hidden)
- Permissions (e.g., who has read, write, execute access)
- Encrypted (if the file is encrypted)
- File ID (unique identifier within the filesystem)
- Location (path and physical location on the storage device)"
flute,0,"List the features and properties of a flute. Give a plain list, one property per line, no explanations.","1. Keyed or open-holed
2. Tube made of metal or wood
3. Pitch determined by length of tube
4. Tone holes usually on the front
5. Played by blowing air across an opening
6. Fingerings produce different notes
7. Vibrates to produce sound
8. Can be part of a musical ensemble or played solo"
flute,1,"List the features and properties of a flute. Give a plain list, one property per line, no explanations.","- Keyless or keyed
- Tonal range
- Dynamic range
- Material: typically metal or wood
- Transposing instrument
- Pitch production: airstream directed against a sharp edge (embouchure), producing sound from the resonant column of air
- Fingering system: roll or press keys to cover tone holes, altering the length of the air column and thus the pitch
- Octave range: varies with type and player skill; typically several octaves above the fundamental pitch
- Shape: generally cylindrical or conical bore
- Handheld
- Sound color: bright, piercing timbre in the higher registers; warmer, more mellow tones in the lower register
- Maintenance: requires regular cleaning and lubrication to prevent excessive wear and tuning issues
- Playable with either blowing edge (lips) or occasionally a reed (in the case of the rare keyed oboe or piccolo)"
flute,2,"List the features and properties of a flute. Give a plain list, one property per line, no explanations.","The flute is a woodwind musical instrument. It is typically made of metal or wood. It produces sound by the player blowing air across an opening at the top. The pitch of the sound is changed by covering or uncovering finger holes along the body. The flute has a range of notes and can play both melodic and harmonic parts. It can be played with one hand or both hands, depending on the type. The player blows into a mouthpiece known as a embouchure hole. The flute's sound is bright, clear, and can convey a wide range of dynamics and expression."
fly,0,"List the features and properties of a fly. Give a plain list, one property per line, no explanations.","Eyes: compound, usually bright red or greenMulti-segmented body: three main body parts (head, thorax, abdomen)Thin exoskeleton: provides support and protectionThree pairs of legs: for walking, climbing, and sometimes catching preyTwo wings: used for flight in most speciesTwo sets of balancing organs (halteres): help with flight stability in some fliesLarvae: various forms depending on species, often worm-like, capable of locomotion and feeding independently of their parents"
fly,1,"List the features and properties of a fly. Give a plain list, one property per line, no explanations.","Eyes: Two compound eyes
Antennae: One pair
Wings: Two pairs in adults
Legs: Six, with pads on end for landing
Segmented body: Three main body regions
Compound eyes: Multiple simple eyes (ommatidia) per eye
Antennae: Sensory organs for smell and touch
Wings: Transparent for visibility in flight
Legs: Short, adapted for walking and climbing
Respiratory system: Open tracheae for gas exchange
Hard exoskeleton: Protects and supports body
Muscles: Muscular system for movement and flight
Complete metamorphosis: Life cycle including egg, larva, pupa, adult
Scales or bristles: Textile structures for protection or camouflage"
fly,2,"List the features and properties of a fly. Give a plain list, one property per line, no explanations.","Eyes: compound
Wings: two
Legs: six
Antennae: one pair
Body: three segments (head, thorax, abdomen)
Compound eyes: multiple facets for vision
Holometabolous life cycle: egg, larva (maggot), pupa, adult
Reproduction: mating and egg-laying
Exoskeleton: hard outer shell for protection and support
Segmented body: divisible into three distinct parts
Prothorax: first segment of the thorax
Metathorax: second segment of the thorax
Polyphemus: large, prominent eye on the proboscis of some species
Compound wings: modified forelimbs that aid in flight
Habitat: diverse environments, including urban and rural areas
Life span: short in adult form; longer as larva or pupa, depending on species"
fruit,0,"List the features and properties of a fruit. Give a plain list, one property per line, no explanations.","- Edible
- Nutritious
- Contain seeds
- Have skin
- Have pulp or flesh
- Ripe
- Can be fleshy or dry
- Usually sweet
- Vary in color
- Contain vitamins and minerals
- Grow on trees or plants"
fruit,1,"List the features and properties of a fruit. Give a plain list, one property per line, no explanations.","- Varies in color: from green to red or yellow
- Edible
- Contains seeds
- Has a skin or peel
- Made up of primarily water and sugars
- Contains vitamins and minerals
- Can be sweet, sour, or bitter tasting
- Grains can be soft or tough
- Typically round or oval shape
- Ripe fruit emits a sweet smell"
fruit,2,"List the features and properties of a fruit. Give a plain list, one property per line, no explanations.","- Round or oval shape
- Edible fleshy part
- Seeds or pits
- Skin or peel
- Juice vesicles
- Vascular bundles
- Colorful
- Sweet or sour taste"
gong,0,"List the features and properties of a gong. Give a plain list, one property per line, no explanations.","The surface of a gong is usually flat.
Gongs are typically made of brass.
The size and shape of gongs can vary.
Gongs produce a resonant sound when struck.
They are commonly used in musical performances and rituals."
gong,1,"List the features and properties of a gong. Give a plain list, one property per line, no explanations.","- Resonant
- Percussive
- Metal
- Large
- Hand-hammered
- Often disk-shaped
- Can be tuned
- Varied materials (e.g., brass, bronze)
- Can produce multiple notes
- Can be played with mallets, hammers, or sticks
- Used in various cultures for ceremonies, performances, and rituals"
gong,2,"List the features and properties of a gong. Give a plain list, one property per line, no explanations.","- Resonance
- Distinct sound
- Varying tones
- Material: usually metal (bronze, brass)
- Shape: generally disc or bowl-shaped
- Hand-hammered
- Visual artistry"
grasshopper,0,"List the features and properties of a grasshopper. Give a plain list, one property per line, no explanations.","- six legs
- two pairs of wings
- compound eyes
- long antennae
- chewing mouthparts
- femur-lengthened hind legs for jumping"
grasshopper,1,"List the features and properties of a grasshopper. Give a plain list, one property per line, no explanations.","- Six legs
- Jumping ability
- Compound eyes
- Antennae
- wings (flying capability in many species)
- Mouthparts for chewing
- Feces that are usually brown and pellet-like
- External ear (no tympanum)
- Twig-like body structure
- Usually green or brown in color
- Metamorphosis: incomplete in nymphs, complete in adults"
grasshopper,2,"List the features and properties of a grasshopper. Give a plain list, one property per line, no explanations.","- Six legs
- Two pairs of wings
- Compound eyes
- Antennae
- Hind legs adapted for jumping
- Strong mandibles for chewing
- Hard exoskeleton"
grenade,0,"List the features and properties of a grenade. Give a plain list, one property per line, no explanations.",Explosive charge Explosive filler Safety pin Detonator Handle Body Fuse
grenade,1,"List the features and properties of a grenade. Give a plain list, one property per line, no explanations.",Detonator Fuse Explosive Body ExplosiveCharge Safety Pin
grenade,2,"List the features and properties of a grenade. Give a plain list, one property per line, no explanations.","- Explosive filling
- Fuse assembly
- External casing
- Detonator
- Safety pin and lever"
gun,0,"List the features and properties of a gun. Give a plain list, one property per line, no explanations.","Fires projectiles
Expands gases to propel projectile
Magazine or chamber capacity
Fire selector switch
Trigger mechanism
Barrel length
Caliber size
Magazine type (e.g., detachable box, fixed tube)
Safety features (e.g., manual safety, trigger guard lock, etc.)
Weight
Length
Material (e.g., metal, polymer)
Finish (e.g., matte, gloss)"
gun,1,"List the features and properties of a gun. Give a plain list, one property per line, no explanations.","- Barrel
- Trigger
- Grip
- Stock
- Magazine
- Chamber
- Barrel length
- Caliber
- Magazine capacity
- Weight
- Finish"
gun,2,"List the features and properties of a gun. Give a plain list, one property per line, no explanations.","Barrel Length
Caliber
Magazine Capacity
Weight
Length
Action Type
Stock Material
Finish
Trigger Type"
hat,0,"List the features and properties of a hat. Give a plain list, one property per line, no explanations.","- Protects head from sun
- Can shield from precipitation
- May retain heat
- Often adjustable
- Can be decorative
- Can be functional or fashionable
- Can be part of a uniform
- May have a lining
- Can be made from various materials
- Can have a brim
- Can have peaks or visors
- Holds shape with structure
- Can be personalized with embroidery or patches"
hat,1,"List the features and properties of a hat. Give a plain list, one property per line, no explanations.","- Provides head protection
- Can shield wearer from sunlight
- May have a brim for shade or decoration
- Can serve as a fashion accessory
- Can have different fit styles (e.g., adjustable, snug, loose)
- Can be made from various materials (e.g., cotton, wool, leather)
- May have pockets or straps for added functionality
- Can be decorated with various designs (e.g., patterns, logos)
- Can be fitted with a lining for comfort or warmth
- Can be easily put on or taken off
- Can have a specific purpose, like for sports or formal occasions"
hat,2,"List the features and properties of a hat. Give a plain list, one property per line, no explanations.","- Can shield wearer from sun
- Can provide warmth
- Can hold small items
- Can be part of a uniform or costume
- Can be a fashion statement
- Can serve as a protective barrier against elements
- Can have a brim for shade
- May be adjustable
- Can be made from various materials
- Can be decorative
- Can be worn for sports
- Can have a chin strap for secure fit
- Can come in a variety of shapes
- Can be worn backward or forward
- Can be functional (e.g., fishing hat) or purely decorative
- Can be made in assorted colors and patterns"
jeans,0,"List the features and properties of a jeans. Give a plain list, one property per line, no explanations.",Denim materialCrocheted pocket detailsReinforced back patchMaterial stretchLeather reinforcement at pocket cornersRelaxed fitStonewash finish
jeans,1,"List the features and properties of a jeans. Give a plain list, one property per line, no explanations.","- Dyed
- Denim
- Cuffed
- Riveted
- Button fly
- Padded
- Stretchy
- Elastic waistband
- 5-pocket design
- Reinforced knees
- Belt loops
- Size labeled"
jeans,2,"List the features and properties of a jeans. Give a plain list, one property per line, no explanations.","- Made of denim fabric
- Typically blue in color
- Five pockets: two front, two back, one watch pocket (sometimes)
- Button and button-fly closure system
- Belt loops for securing a belt
- Reinforced stress points (back pockets, seams, hems) to increase durability
- Often treated with a wash for a worn-in look
- Machine washable and durable
- Available in various fits (regular, slim, skinny, bootcut, straight leg, etc.) and lengths (short, regular, long)
- Can be customized with patches, embroidery, or stonewashing for personalization"
jeep,0,"List the features and properties of a jeep. Give a plain list, one property per line, no explanations.","Four-wheel drive
Off-road capability
High ground clearance
Tough suspension system
Cargo space
Agile handling
Versatile powertrain options"
jeep,1,"List the features and properties of a jeep. Give a plain list, one property per line, no explanations.","Four-wheel drive
Off-road capabilities
High ground clearance
Agile and maneuverable
Open design
Twin gates
Rugged appearance
Cargo carrying capacity"
jeep,2,"List the features and properties of a jeep. Give a plain list, one property per line, no explanations.","Four-wheel drive
Off-road capable
High ground clearance
Tough construction
Rubber-skinned tires
Boxy, truck-like body
Open top design
Optional hardtop
Multiple seating configurations"
missile,0,"List the features and properties of a missile. Give a plain list, one property per line, no explanations.","Guidance system
Propellant
Warhead
Missile body
Launch platform
Steering fins
Thrust vectoring"
missile,1,"List the features and properties of a missile. Give a plain list, one property per line, no explanations.","Guidance system
Propellant
Warhead
Control system
Launch platform
Stabilization fins
Seeker/ targeting system
Radar or infrared homing
Thrust-to-weight ratio"
missile,2,"List the features and properties of a missile. Give a plain list, one property per line, no explanations.","Guidance system
Propellant
Warhead
Rocket motor
Stabilizing fins
Fin control mechanism
Radar or infrared seeker
Autopilot system
Launch tube or silo
Control system (for targeting and flight corrections)
Decoy ejectors (for defensive measures)"
motorcycle,0,"List the features and properties of a motorcycle. Give a plain list, one property per line, no explanations.","Engine type: typically internal combustion engine; single or multi-cylinder

Frame type: steel, aluminum, or hybrid materials

Suspension: front and rear telescopic or suspension forks

Braking: front and rear disc brakes; sometimes drum brakes on the rear

Transmission: manual, automatic, or semi-automatic

Engine placement: typically between the rider's legs (sport bikes), or behind the rider (cruisers)

Chassis: tubular or skeletal frame

Wheels: wire-spoke or alloy, usually 18-inch or larger

Tires: generally lightweight and high-performance, with varying tread patterns

Fuel capacity: typically between 3 to 7 gallons (11 to 26 liters)

Starter: electric starting system

Lighting: headlights, tail lights, and sometimes additional auxiliary lights

Instrumentation: speedometer, tachometer, and sometimes a trip computer

Controls: hand throttle (twist grip), hand clutch, and foot pedals for gear shifting

Handlebars: adjustable for reach and height for rider comfort

Seat: adjustable for height and sometimes for back angle

Fairing: windscreen and bodywork for streamlining and protection

Storage: small storage compartments, tank bag, and windshield racks"
motorcycle,1,"List the features and properties of a motorcycle. Give a plain list, one property per line, no explanations.","Fuel type: Typically gasoline
Number of wheels: Two
Engine type: Internal combustion
Transmission: Manual or automatic (with CVT becoming more common)
Fuel efficiency: Varies widely based on engine size and type
Top speed: Varies widely based on engine size and type
Engine displacement: Measured in cubic centimeters (cc) or liters
Brakes: Front and rear disc brakes
Gears: Typically 5 to 6 speeds
Weight: Lighter than most cars
Frame material: Steel, aluminum, or titanium
Tires: Pneumatic"
motorcycle,2,"List the features and properties of a motorcycle. Give a plain list, one property per line, no explanations.","- Two-wheeler
- Gas-powered engine
- Manual transmission
- Clutch and throttle
- Frame and suspension
- Wheels
- Tires
- Brake system"
ostrich,0,"List the features and properties of a ostrich. Give a plain list, one property per line, no explanations.","- Largest living bird
- Flightless
- Fast runner
- Long legs
- Long neck
- Feathers
- Strong feet
- Long eyelashes
- Can hide by burying head in sand
- Produce eggs
- Omnivorous diet"
ostrich,1,"List the features and properties of a ostrich. Give a plain list, one property per line, no explanations.","- Large size, up to 9ft tall
- Strong legs and powerful thighs
- Capable of running at high speeds, up to 43 mph
- Capable of covering 10-16ft in a single stride
- Feathers that range from sandy to black in color
- Long, thick neck
- Sharp claws on each foot
- Flat, broad beak
- Small head with two nostrils on the upper part
- Eyes that are the size of billiard balls, positioned on either side of the head
- Speaks rarely but can produce a deep, booming call
- Herbivorous diet mainly composed of plants, seeds, and roots
- Can go without water for long periods due to body's capacity to extract moisture from plants
- Can bury their heads in the sand to hide from predators or to regulate body temperature"
ostrich,2,"List the features and properties of a ostrich. Give a plain list, one property per line, no explanations.","- Largest living bird
- Can reach speeds of up to 70 km/h (43 mph)
- Can cover 5 to 7 meters (16 to 23 feet) in a single stride
- Can hold their head and neck nearly vertical
- Eyes are the size of billiard balls
- Have powerful legs
- Capable of covering 10 to 16 feet (3 to 5 meters) in a single stride
- Can run at speeds of 30-40 mph
- Can live up to 70 years in captivity
- Have a two-toed foot
- Weighs between 90 and 130 kilograms (200 and 290 pounds)
- Female ostriches are slightly smaller than males
- Grouped in nomadic flocks that can contain up to 100 birds
- Use vocalizations to communicate
- Capable of nesting on the ground"
owl,0,"List the features and properties of a owl. Give a plain list, one property per line, no explanations.","Eyes that can rotate independently
Excellent night vision
Silent flight
Strong, stealthy predator
Good hearing
Facial discs for sound localization
Nostrils that can open separately
Sharp claws for grasping prey
Typically solitary or paired in the wild"
owl,1,"List the features and properties of a owl. Give a plain list, one property per line, no explanations.","- Large, forward-facing eyes for excellent night vision
- Feathers adapted for silent flight
- Acute sense of hearing
- Strong, versatile beak for hunting and tearing prey
- Powerful talons for grasping and killing prey
- Silent flight due to specialized feather structure
- Highly adjustable neck and head for better perception and movement
- Capable of rotating their heads almost 270 degrees
- Typically nocturnal
- Carnivorous diet primarily consisting of small mammals, insects, and other birds
- Camouflage coloring for hunting in diverse environments
- Intelligent and adaptable, with some species capable of mimicry
- Lives in various habitats, including forests, grasslands, and deserts
- Social in some species, living in groups called ""parliaments"" or ""wisdoms""
- Capable of longevity in the wild with some species reaching 10-15 years, and in captivity up to 20-30 years"
owl,2,"List the features and properties of a owl. Give a plain list, one property per line, no explanations.","Owls have large, forward-facing eyes.Owls have excellent night vision.Owls have a silent flight thanks to specialized feathers.Owls have a strong, silent flight.Owls have exceptional hearing capabilities.Owls have a keen sense of smell.Owls have a wide wingspan.Owls are carnivorous.Owls are nocturnal creatures.Owls can rotate their heads up to 270 degrees."
pants,0,"List the features and properties of a pants. Give a plain list, one property per line, no explanations.","- Wearable on legs
- Covers torso from waist to ankles
- Flexible
- Can be casual or formal
- Often has pockets
- Usually made from fabric
- Can be elastic or buttoned at waist
- Can be straight, relaxed, slim fit, or skinny
- May have zippers or Velcro closures
- Available in various colors and patterns"
pants,1,"List the features and properties of a pants. Give a plain list, one property per line, no explanations.","- Closed-leg design
- Flare at the bottom
- Waistband with belt loops
- Pockets
- Fabric material variation (denim, cotton, wool, etc.)
- Seams and stitching
- Inseam length customization option
- Different leg lengths (short, regular, long)
- Fit options (straight, slim, relaxed)
- Bottom hem length
- Hemming allowance
- Closure type (zipper, button, snap, elastic)"
pants,2,"List the features and properties of a pants. Give a plain list, one property per line, no explanations.","- Elastic waistband
- Belt loops
- Pockets
- Zipper or button closure
- Flare or straight leg fit
- Fabric type (e.g., cotton, denim)
- Color
- Length
- Pleats or no pleats
- Style (e.g., chinos, skinny jeans)"
parrot,0,"List the features and properties of a parrot. Give a plain list, one property per line, no explanations.","- Vibrant colors
- Strong beak
- Highly vocal
- Good memory
- Keen eyesight
- Capable of mimicking sounds
- Social behavior
- Diverse species
- Love for perching"
parrot,1,"List the features and properties of a parrot. Give a plain list, one property per line, no explanations.","- brightly colored feathers
- strong, curved beak
- zygodactyl feet (two toes facing forward, two toes facing backward)
- powerful claw at the end of each toe
- excellent eyesight
- vocal mimicry
- ability to learn and perform tricks
- can fly
- omnivorous diet
- social behavior"
parrot,2,"List the features and properties of a parrot. Give a plain list, one property per line, no explanations.","- Vibrant colors 
- Strong, curved bills
- Strong legs and feet
- Long tails
- Sharp, curved claws
- Highly sociable
- Good problem-solving skills
- Capable of imitation
- Vocal learners
- Long lifespan
- Able to fly"
peacock,0,"List the features and properties of a peacock. Give a plain list, one property per line, no explanations.","- Large, colorful tail feathers
- Tall and sturdy stature
- Males have elaborate plummage
- Showy and iridescent feathers
- Can spread tail feathers like a fan
- Vivid blue neck and head
- Long, slender body
- Sharp claws on feet
- Has a call that sounds like a loud, far-carrying cry"
peacock,1,"List the features and properties of a peacock. Give a plain list, one property per line, no explanations.","- The peacock has iridescent blue and green plumage
- Their tail feathers have a display of vibrant colors
- Typically, they are 2 to 3 meters tall
- They have a long, slender body shape
- They possess a sharp, curved beak
- Their wingspan can reach up to 2 meters
- They have a blue neck with a black patch 
- The male peafowls boast a vibrant and elaborate tail
- Female peafowls are typically duller in color
- They have a loud, distinctive call
- Peacocks can run at speeds of up to 18 km/h
- They have a keen sense of sight and hearing
- They are diurnal, being active during the day
- Peacocks prefer living in open woodlands and savannas
- Their diet primarily consists of plants and insects"
peacock,2,"List the features and properties of a peacock. Give a plain list, one property per line, no explanations.","- Male peafowls have iridescent blue and green tail feathers.
- Peacocks have a distinctive head crest.
- They have a long, slender body.
- Their legs are quite long.
- Peacocks have sharp claws on their toes.
- Peahens have a brown color.
- Peafowls have a loud, distinctive call."
pelican,0,"List the features and properties of a pelican. Give a plain list, one property per line, no explanations.","- Large beak
- Webbed feet
- Streamlined body shape
- Capacious pouch in the lower bill
- Feathers that are mostly brownish-grey
- Lengths of 1.5 to 1.8 meters (4.9 to 5.9 ft)
- Capable of expanding their throat to store fish
- Able to float high in the water thanks to air trapped in their feathers
- Excellent vision both above and below water
- Excellent swimming ability
- Capable of slow, deliberate flight
- Can breed in colonies known as a ""pod"""
pelican,1,"List the features and properties of a pelican. Give a plain list, one property per line, no explanations.","Pelicans have long beaks.
Pelicans have large wingspans.
Pelicans have a gular pouch.
Pelicans have webbed feet."
pelican,2,"List the features and properties of a pelican. Give a plain list, one property per line, no explanations.","- Large throat pouch
- Thick, muscular gular skin
- Long bill
- Highly flexible neck
- Long wings
- Short legs
- Webbed feet
- Plumage in various shades of brown"
penguin,0,"List the features and properties of a penguin. Give a plain list, one property per line, no explanations.","Penguins have wings adapted for swimming, not flying; they have waterproof feathers; they have solid bones for better buoyancy; they have thick layers of fat for insulation; they have nasal passages that are adapted to conserve heat; their feathers are densely packed for waterproofing and insulation; they have a unique anatomical structure for swimming called the “flap flipper”; their bodies are streamlined for maneuverability in water; they have a sense of smell; they can stay submerged for long periods; they have powerful claws on their flippers; they have a sense of hearing; they live mostly in the Southern Hemisphere; they breed in large colonies for protection and efficient mating."
penguin,1,"List the features and properties of a penguin. Give a plain list, one property per line, no explanations.","- Black and white plumage
- Wings adapted for swimming
- Thick layer of blubber for warmth
- Red body feathers at the base
- Webbed feet for efficient movement in water
- Counter-shaded for camouflage in water and on land
- Waterproof feathers
- High metabolic rate to maintain body heat
- Lack of functional flight muscles
- Uniquely shaped beak for food catching
- Nocturnal predators
- Live primarily in the Southern Hemisphere
- Social animals, often living in colonies
- Capable of underwater locomotion
- Molt their feathers annually"
penguin,2,"List the features and properties of a penguin. Give a plain list, one property per line, no explanations.","- black and white coloring
- waterproof feathers
- solid bones for better buoyancy
- thick layer of blubber for warmth
- short wings adapted for swimming
- webbed feet for efficient propulsion in water
- ability to drink saltwater
- excellent underwater vision
- lack of sweat glands to prevent water loss
- males and females look similar
- inflatable sacs in the throat for vocalization
- walk upright on land
- social creatures living in colonies
- strong parental care for chicks"
rifle,0,"List the features and properties of a rifle. Give a plain list, one property per line, no explanations.","CaliberMagazine capacityWeightBarrel lengthStockSightsMuzzle deviceCapacity for magazineType of ammunition (e.g., rifle, pistol, shotgun)Fire mode (semi-automatic, automatic, bolt-action, etc.)"
rifle,1,"List the features and properties of a rifle. Give a plain list, one property per line, no explanations.","1. Barrel
2. Stock
3. Trigger
4. Magazine
5. Sight
6. Action
7. Caliber
8. Barrel length
9. Magazine capacity
10. Weight"
rifle,2,"List the features and properties of a rifle. Give a plain list, one property per line, no explanations.","- Linear barrel
- Receiver
- Stock
- Action
- Trigger
- Magazine
- Barrel shroud
- Sights
- Bolt or lever action
- Handgrip
- Forestock
- Magazine release
- Safety mechanism
- Barrel
- Ejector"
scooter,0,"List the features and properties of a scooter. Give a plain list, one property per line, no explanations.","- Two wheels
- Handlebars for steering
- Platform for rider's feet
- Usually smaller and lighter than motorcycles
- Often with step-through frame for ease of mounting
- Engine powered for most models
- Manual or automatic transmission
- Often foldable or removable for storage or transport
- Fuel efficiency compared to cars
- Smaller displacement engine
- Can be electric or gasoline-powered
- Compact and easier to park than cars"
scooter,1,"List the features and properties of a scooter. Give a plain list, one property per line, no explanations.","- Two wheels
- Handlebars
- Step-through frame
- Engine or motor
- Gasoline or electric power
- Brake system (often a foot pedal and/or hand lever)
- Seat
- Storage space (underseat or rear compartment)
- Suspension system
- Tires"
scooter,2,"List the features and properties of a scooter. Give a plain list, one property per line, no explanations.","- Two-wheeled
- Step-through frame or foot-platform
- Handlebars for steering
- Small engine
- Kick-start or electric motor
- Variable gear ratios (most have manual transmissions)
- Lightweight
- Folding or removable wheels for compact storage
- Compact and easy to maneuver
- Seat for rider
- Front and rear suspension
- Speed limiters (usually 30-45 mph)
- Bell or horn for signaling"
skateboard,0,"List the features and properties of a skateboard. Give a plain list, one property per line, no explanations.","- Four wheels
- Two trucks
- One deck
- One set of trucks bolts
- One set of hardware (nuts and washers)
- Grip tape on the deck
- Trucks hanger
- Wheels bearings and abec rating
- Truck baseplate
- Trucks kingpin
- Trucks bushings and shock pads"
skateboard,1,"List the features and properties of a skateboard. Give a plain list, one property per line, no explanations.","- Four wheels
- Deck
- Trucks
- Grip tape
- Bearings
- Hardware set (screws, nuts, bolts)
- Rails (for maneuvering)
- Trucks hanger
- Bushings"
skateboard,2,"List the features and properties of a skateboard. Give a plain list, one property per line, no explanations.","• Four wheels
• One deck
• Two trucks
• Four bearings
• Grip tape
• Trucks hanger
• Trucks baseplate
• Wheels"
sled,0,"List the features and properties of a sled. Give a plain list, one property per line, no explanations.","Fiberglass frame
Steel runners
Rubber tires
Steel tube frame
Heavy-duty steel construction
Aluminum or steel chassis
Rust-resistant materials"
sled,1,"List the features and properties of a sled. Give a plain list, one property per line, no explanations.","Handles
Metal runners
Frame
Metal edges for protection
Frame material: steel
Frame shape: curved"
sled,2,"List the features and properties of a sled. Give a plain list, one property per line, no explanations.","- Typically constructed from wood or plastic
- Often has steel runners for reduced friction on snow or ice
- Can have a seat or platform for passengers or cargo
- May include a steering mechanism to control direction
- Can be designed for one or multiple passengers
- Usually has a rope or handle for pulling or towing
- Can have brakes or levers for stopping
- May be equipped with suspension for a smoother ride"
slingshot,0,"List the features and properties of a slingshot. Give a plain list, one property per line, no explanations.","Rubber band or spring
Two arms
Cavity to hold ammunition
Handle for leverage and aiming
Adjustable tension in the arms"
slingshot,1,"List the features and properties of a slingshot. Give a plain list, one property per line, no explanations.","- Has two elastic bands
- Develops potential energy when drawn back
- Consists of a grip and fork
- Uses gravity to launch projectile
- Can be handheld
- May have a pocket or sheath for storage
- Can shoot various small objects like stones or BBs
- Typically made from wood, metal, or plastic
- Requires user to pull back to launch"
slingshot,2,"List the features and properties of a slingshot. Give a plain list, one property per line, no explanations.","- T-shaped frame
- Elastic rubber band
- Spring-loaded release
- Ammunition pocket(s)
- Finger grip
- Adjustable arm length
- Reinforcements for durability"
spear,0,"List the features and properties of a spear. Give a plain list, one property per line, no explanations.","- Long
- Sharp
- Pointed
- Straight
- May have a wooden or metal shaft
- Usually designed for piercing or thrusting
- Can have a spearhead attached to a shaft
- Often used in hand-to-hand combat or as a missile weapon"
spear,1,"List the features and properties of a spear. Give a plain list, one property per line, no explanations.","Sharpened tip for piercing
Longer than a javelin
Can be thrown or thrust
Can have a wooden shaft
Usually crafted from wood or metal
Curved or straight design"
spear,2,"List the features and properties of a spear. Give a plain list, one property per line, no explanations.","Handle Material: wood, bone, horn Blade Material: stone, metal Tip Material: bone, metal, flint Length: variable Cross guard: present or absent Balance: important for use and aesthetics Weight: can vary based on materials Used for: hunting, combat, ceremonial purposes"
tree,0,"List the features and properties of a tree. Give a plain list, one property per line, no explanations.",Leaves are green; trees have bark; trees have branches; trees grow from a trunk; trees are perennial; trees are woody plants; trees produce seeds; trees photosynthesize; trees have roots; trees provide shade; trees have a growth ring structure; trees can be deciduous or evergreen; trees can grow to various heights; trees can live for centuries under ideal conditions; trees play a crucial role in ecosystems; trees contribute to biodiversity; trees can be decorative or functional; trees can be trimmed or pruned.
tree,1,"List the features and properties of a tree. Give a plain list, one property per line, no explanations.","- Trunk
- Bark
- Crown
- Leaves
- Roots
- Height
- Diameter
- Age
- Species
- Wood
- Flowers
- Fruit/Seeds
- Photosynthesis
- Seasonal changes (shedding leaves in autumn, blooming in spring)
- Growth rings in the wood indicating age and environmental conditions during growth"
tree,2,"List the features and properties of a tree. Give a plain list, one property per line, no explanations.","Leaves are usually green because of chlorophyll.
Trees have woody stems.
Trees have roots that anchor them to the ground.
Trees grow taller as they age.
Tree bark protects the tree.
Trees produce flowers that can turn into fruits or seeds.
Trees undergo photosynthesis to make their own food.
Trees have a hierarchical branching structure."
tumbleweed,0,"List the features and properties of a tumbleweed. Give a plain list, one property per line, no explanations.","- Lightweight
- Abundant in arid regions
- Round shape
- Bark-covered
- Can roll in the wind
- Typically found in deserts
- Breaks apart easily
- Can grow up to several feet tall
- Mostly brown or tan in color"
tumbleweed,1,"List the features and properties of a tumbleweed. Give a plain list, one property per line, no explanations.","- thin, woody stem
- detachable branches
- small, thin leaves
- round shape
- light weight
- small, white flowers
- capable of rolling
- originates from the sunflower family"
tumbleweed,2,"List the features and properties of a tumbleweed. Give a plain list, one property per line, no explanations.","- Small
- Round
- Shoots
- Brownish-grey
- Mobile
- Hollow
- Loose
- Lightweight
- Windblown"
