antennae,accordion
antennae,acorn
antennae,airplane
antennae,aloe
antennae,ant
antennae,anteater
antennae,antelope
antennae,anvil
antennae,apple
antennae,artichoke
antennae,asparagus
antennae,avocado
antennae,axe
antennae,bagel
antennae,bagpipe
antennae,bamboo
antennae,banana
antennae,banjo
antennae,barrel
antennae,basket
antennae,bassoon
antennae,bat
antennae,bazooka
antennae,bean
antennae,bear
antennae,beaver
antennae,bed
antennae,bee
antennae,beet
antennae,beetle
antennae,bell
antennae,belt
antennae,bench
antennae,bird
antennae,bison
antennae,blackberry
antennae,blender
antennae,blouse
antennae,blowtorch
antennae,blueberry
antennae,boa
antennae,boar
antennae,bottle
antennae,bra
antennae,bread
antennae,broccoli
antennae,brownie
antennae,brussels sprouts
antennae,bucket
antennae,burner
antennae,burrito
antennae,bus
antennae,butterfly
antennae,cabbage
antennae,cactus
antennae,cake
antennae,camel
antennae,can opener
antennae,candelabra
antennae,candle
antennae,candy
antennae,cannon
antennae,car
antennae,carriage
antennae,carrot
antennae,cart
antennae,cat
antennae,caterpillar
antennae,cauliflower
antennae,celery
antennae,cello
antennae,cheese
antennae,cheetah
antennae,cherry
antennae,chicken
antennae,chili
antennae,chinchilla
antennae,chisel
antennae,chocolate
antennae,clarinet
antennae,coat
antennae,cockroach
antennae,coconut
antennae,corkscrew
antennae,corn
antennae,costume
antennae,cranberry
antennae,crow
antennae,crowbar
antennae,dagger
antennae,dragonfly
antennae,dress
antennae,drill
antennae,drum
antennae,duck
antennae,eagle
antennae,earwig
antennae,eggbeater
antennae,fern
antennae,fig
antennae,file
antennae,flute
antennae,fly
antennae,fruit
antennae,gong
antennae,grasshopper
antennae,grenade
antennae,gun
antennae,hat
antennae,jeans
antennae,jeep
antennae,missile
antennae,motorcycle
antennae,ostrich
antennae,owl
antennae,pants
antennae,parrot
antennae,peacock
antennae,pelican
antennae,penguin
antennae,rifle
antennae,scooter
antennae,skateboard
antennae,sled
antennae,slingshot
antennae,spear
antennae,tree
antennae,tumbleweed
barrel,accordion
barrel,acorn
barrel,airplane
barrel,aloe
barrel,ant
barrel,anteater
barrel,antelope
barrel,anvil
barrel,apple
barrel,artichoke
barrel,asparagus
barrel,avocado
barrel,axe
barrel,bagel
barrel,bagpipe
barrel,bamboo
barrel,banana
barrel,banjo
barrel,barrel
barrel,basket
barrel,bassoon
barrel,bat
barrel,bazooka
barrel,bean
barrel,bear
barrel,beaver
barrel,bed
barrel,bee
barrel,beet
barrel,beetle
barrel,bell
barrel,belt
barrel,bench
barrel,bird
barrel,bison
barrel,blackberry
barrel,blender
barrel,blouse
barrel,blowtorch
barrel,blueberry
barrel,boa
barrel,boar
barrel,bottle
barrel,bra
barrel,bread
barrel,broccoli
barrel,brownie
barrel,brussels sprouts
barrel,bucket
barrel,burner
barrel,burrito
barrel,bus
barrel,butterfly
barrel,cabbage
barrel,cactus
barrel,cake
barrel,camel
barrel,can opener
barrel,candelabra
barrel,candle
barrel,candy
barrel,cannon
barrel,car
barrel,carriage
barrel,carrot
barrel,cart
barrel,cat
barrel,caterpillar
barrel,cauliflower
barrel,celery
barrel,cello
barrel,cheese
barrel,cheetah
barrel,cherry
barrel,chicken
barrel,chili
barrel,chinchilla
barrel,chisel
barrel,chocolate
barrel,clarinet
barrel,coat
barrel,cockroach
barrel,coconut
barrel,corkscrew
barrel,corn
barrel,costume
barrel,cranberry
barrel,crow
barrel,crowbar
barrel,dagger
barrel,dragonfly
barrel,dress
barrel,drill
barrel,drum
barrel,duck
barrel,eagle
barrel,earwig
barrel,eggbeater
barrel,fern
barrel,fig
barrel,file
barrel,flute
barrel,fly
barrel,fruit
barrel,gong
barrel,grasshopper
barrel,grenade
barrel,gun
barrel,hat
barrel,jeans
barrel,jeep
barrel,missile
barrel,motorcycle
barrel,ostrich
barrel,owl
barrel,pants
barrel,parrot
barrel,peacock
barrel,pelican
barrel,penguin
barrel,rifle
barrel,scooter
barrel,skateboard
barrel,sled
barrel,slingshot
barrel,spear
barrel,tree
barrel,tumbleweed
brakes,accordion
brakes,acorn
brakes,airplane
brakes,aloe
brakes,ant
brakes,anteater
brakes,antelope
brakes,anvil
brakes,apple
brakes,artichoke
brakes,asparagus
brakes,avocado
brakes,axe
brakes,bagel
brakes,bagpipe
brakes,bamboo
brakes,banana
brakes,banjo
brakes,barrel
brakes,basket
brakes,bassoon
brakes,bat
brakes,bazooka
brakes,bean
brakes,bear
brakes,beaver
brakes,bed
brakes,bee
brakes,beet
brakes,beetle
brakes,bell
brakes,belt
brakes,bench
brakes,bird
brakes,bison
brakes,blackberry
brakes,blender
brakes,blouse
brakes,blowtorch
brakes,blueberry
brakes,boa
brakes,boar
brakes,bottle
brakes,bra
brakes,bread
brakes,broccoli
brakes,brownie
brakes,brussels sprouts
brakes,bucket
brakes,burner
brakes,burrito
brakes,bus
brakes,butterfly
brakes,cabbage
brakes,cactus
brakes,cake
brakes,camel
brakes,can opener
brakes,candelabra
brakes,candle
brakes,candy
brakes,cannon
brakes,car
brakes,carriage
brakes,carrot
brakes,cart
brakes,cat
brakes,caterpillar
brakes,cauliflower
brakes,celery
brakes,cello
brakes,cheese
brakes,cheetah
brakes,cherry
brakes,chicken
brakes,chili
brakes,chinchilla
brakes,chisel
brakes,chocolate
brakes,clarinet
brakes,coat
brakes,cockroach
brakes,coconut
brakes,corkscrew
brakes,corn
brakes,costume
brakes,cranberry
brakes,crow
brakes,crowbar
brakes,dagger
brakes,dragonfly
brakes,dress
brakes,drill
brakes,drum
brakes,duck
brakes,eagle
brakes,earwig
brakes,eggbeater
brakes,fern
brakes,fig
brakes,file
brakes,flute
brakes,fly
brakes,fruit
brakes,gong
brakes,grasshopper
brakes,grenade
brakes,gun
brakes,hat
brakes,jeans
brakes,jeep
brakes,missile
brakes,motorcycle
brakes,ostrich
brakes,owl
brakes,pants
brakes,parrot
brakes,peacock
brakes,pelican
brakes,penguin
brakes,rifle
brakes,scooter
brakes,skateboard
brakes,sled
brakes,slingshot
brakes,spear
brakes,tree
brakes,tumbleweed
caliber,accordion
caliber,acorn
caliber,airplane
caliber,aloe
caliber,ant
caliber,anteater
caliber,antelope
caliber,anvil
caliber,apple
caliber,artichoke
caliber,asparagus
caliber,avocado
caliber,axe
caliber,bagel
caliber,bagpipe
caliber,bamboo
caliber,banana
caliber,banjo
caliber,barrel
caliber,basket
caliber,bassoon
caliber,bat
caliber,bazooka
caliber,bean
caliber,bear
caliber,beaver
caliber,bed
caliber,bee
caliber,beet
caliber,beetle
caliber,bell
caliber,belt
caliber,bench
caliber,bird
caliber,bison
caliber,blackberry
caliber,blender
caliber,blouse
caliber,blowtorch
caliber,blueberry
caliber,boa
caliber,boar
caliber,bottle
caliber,bra
caliber,bread
caliber,broccoli
caliber,brownie
caliber,brussels sprouts
caliber,bucket
caliber,burner
caliber,burrito
caliber,bus
caliber,butterfly
caliber,cabbage
caliber,cactus
caliber,cake
caliber,camel
caliber,can opener
caliber,candelabra
caliber,candle
caliber,candy
caliber,cannon
caliber,car
caliber,carriage
caliber,carrot
caliber,cart
caliber,cat
caliber,caterpillar
caliber,cauliflower
caliber,celery
caliber,cello
caliber,cheese
caliber,cheetah
caliber,cherry
caliber,chicken
caliber,chili
caliber,chinchilla
caliber,chisel
caliber,chocolate
caliber,clarinet
caliber,coat
caliber,cockroach
caliber,coconut
caliber,corkscrew
caliber,corn
caliber,costume
caliber,cranberry
caliber,crow
caliber,crowbar
caliber,dagger
caliber,dragonfly
caliber,dress
caliber,drill
caliber,drum
caliber,duck
caliber,eagle
caliber,earwig
caliber,eggbeater
caliber,fern
caliber,fig
caliber,file
caliber,flute
caliber,fly
caliber,fruit
caliber,gong
caliber,grasshopper
caliber,grenade
caliber,gun
caliber,hat
caliber,jeans
caliber,jeep
caliber,missile
caliber,motorcycle
caliber,ostrich
caliber,owl
caliber,pants
caliber,parrot
caliber,peacock
caliber,pelican
caliber,penguin
caliber,rifle
caliber,scooter
caliber,skateboard
caliber,sled
caliber,slingshot
caliber,spear
caliber,tree
caliber,tumbleweed
can be decorative,accordion
can be decorative,acorn
can be decorative,airplane
can be decorative,aloe
can be decorative,ant
can be decorative,anteater
can be decorative,antelope
can be decorative,anvil
can be decorative,apple
can be decorative,artichoke
can be decorative,asparagus
can be decorative,avocado
can be decorative,axe
can be decorative,bagel
can be decorative,bagpipe
can be decorative,bamboo
can be decorative,banana
can be decorative,banjo
can be decorative,barrel
can be decorative,basket
can be decorative,bassoon
can be decorative,bat
can be decorative,bazooka
can be decorative,bean
can be decorative,bear
can be decorative,beaver
can be decorative,bed
can be decorative,bee
can be decorative,beet
can be decorative,beetle
can be decorative,bell
can be decorative,belt
can be decorative,bench
can be decorative,bird
can be decorative,bison
can be decorative,blackberry
can be decorative,blender
can be decorative,blouse
can be decorative,blowtorch
can be decorative,blueberry
can be decorative,boa
can be decorative,boar
can be decorative,bottle
can be decorative,bra
can be decorative,bread
can be decorative,broccoli
can be decorative,brownie
can be decorative,brussels sprouts
can be decorative,bucket
can be decorative,burner
can be decorative,burrito
can be decorative,bus
can be decorative,butterfly
can be decorative,cabbage
can be decorative,cactus
can be decorative,cake
can be decorative,camel
can be decorative,can opener
can be decorative,candelabra
can be decorative,candle
can be decorative,candy
can be decorative,cannon
can be decorative,car
can be decorative,carriage
can be decorative,carrot
can be decorative,cart
can be decorative,cat
can be decorative,caterpillar
can be decorative,cauliflower
can be decorative,celery
can be decorative,cello
can be decorative,cheese
can be decorative,cheetah
can be decorative,cherry
can be decorative,chicken
can be decorative,chili
can be decorative,chinchilla
can be decorative,chisel
can be decorative,chocolate
can be decorative,clarinet
can be decorative,coat
can be decorative,cockroach
can be decorative,coconut
can be decorative,corkscrew
can be decorative,corn
can be decorative,costume
can be decorative,cranberry
can be decorative,crow
can be decorative,crowbar
can be decorative,dagger
can be decorative,dragonfly
can be decorative,dress
can be decorative,drill
can be decorative,drum
can be decorative,duck
can be decorative,eagle
can be decorative,earwig
can be decorative,eggbeater
can be decorative,fern
can be decorative,fig
can be decorative,file
can be decorative,flute
can be decorative,fly
can be decorative,fruit
can be decorative,gong
can be decorative,grasshopper
can be decorative,grenade
can be decorative,gun
can be decorative,hat
can be decorative,jeans
can be decorative,jeep
can be decorative,missile
can be decorative,motorcycle
can be decorative,ostrich
can be decorative,owl
can be decorative,pants
can be decorative,parrot
can be decorative,peacock
can be decorative,pelican
can be decorative,penguin
can be decorative,rifle
can be decorative,scooter
can be decorative,skateboard
can be decorative,sled
can be decorative,slingshot
can be decorative,spear
can be decorative,tree
can be decorative,tumbleweed
color,accordion
color,acorn
color,airplane
color,aloe
color,ant
color,anteater
color,antelope
color,anvil
color,apple
color,artichoke
color,asparagus
color,avocado
color,axe
color,bagel
color,bagpipe
color,bamboo
color,banana
color,banjo
color,barrel
color,basket
color,bassoon
color,bat
color,bazooka
color,bean
color,bear
color,beaver
color,bed
color,bee
color,beet
color,beetle
color,bell
color,belt
color,bench
color,bird
color,bison
color,blackberry
color,blender
color,blouse
color,blowtorch
color,blueberry
color,boa
color,boar
color,bottle
color,bra
color,bread
color,broccoli
color,brownie
color,brussels sprouts
color,bucket
color,burner
color,burrito
color,bus
color,butterfly
color,cabbage
color,cactus
color,cake
color,camel
color,can opener
color,candelabra
color,candle
color,candy
color,cannon
color,car
color,carriage
color,carrot
color,cart
color,cat
color,caterpillar
color,cauliflower
color,celery
color,cello
color,cheese
color,cheetah
color,cherry
color,chicken
color,chili
color,chinchilla
color,chisel
color,chocolate
color,clarinet
color,coat
color,cockroach
color,coconut
color,corkscrew
color,corn
color,costume
color,cranberry
color,crow
color,crowbar
color,dagger
color,dragonfly
color,dress
color,drill
color,drum
color,duck
color,eagle
color,earwig
color,eggbeater
color,fern
color,fig
color,file
color,flute
color,fly
color,fruit
color,gong
color,grasshopper
color,grenade
color,gun
color,hat
color,jeans
color,jeep
color,missile
color,motorcycle
color,ostrich
color,owl
color,pants
color,parrot
color,peacock
color,pelican
color,penguin
color,rifle
color,scooter
color,skateboard
color,sled
color,slingshot
color,spear
color,tree
color,tumbleweed
compound eyes,accordion
compound eyes,acorn
compound eyes,airplane
compound eyes,aloe
compound eyes,ant
compound eyes,anteater
compound eyes,antelope
compound eyes,anvil
compound eyes,apple
compound eyes,artichoke
compound eyes,asparagus
compound eyes,avocado
compound eyes,axe
compound eyes,bagel
compound eyes,bagpipe
compound eyes,bamboo
compound eyes,banana
compound eyes,banjo
compound eyes,barrel
compound eyes,basket
compound eyes,bassoon
compound eyes,bat
compound eyes,bazooka
compound eyes,bean
compound eyes,bear
compound eyes,beaver
compound eyes,bed
compound eyes,bee
compound eyes,beet
compound eyes,beetle
compound eyes,bell
compound eyes,belt
compound eyes,bench
compound eyes,bird
compound eyes,bison
compound eyes,blackberry
compound eyes,blender
compound eyes,blouse
compound eyes,blowtorch
compound eyes,blueberry
compound eyes,boa
compound eyes,boar
compound eyes,bottle
compound eyes,bra
compound eyes,bread
compound eyes,broccoli
compound eyes,brownie
compound eyes,brussels sprouts
compound eyes,bucket
compound eyes,burner
compound eyes,burrito
compound eyes,bus
compound eyes,butterfly
compound eyes,cabbage
compound eyes,cactus
compound eyes,cake
compound eyes,camel
compound eyes,can opener
compound eyes,candelabra
compound eyes,candle
compound eyes,candy
compound eyes,cannon
compound eyes,car
compound eyes,carriage
compound eyes,carrot
compound eyes,cart
compound eyes,cat
compound eyes,caterpillar
compound eyes,cauliflower
compound eyes,celery
compound eyes,cello
compound eyes,cheese
compound eyes,cheetah
compound eyes,cherry
compound eyes,chicken
compound eyes,chili
compound eyes,chinchilla
compound eyes,chisel
compound eyes,chocolate
compound eyes,clarinet
compound eyes,coat
compound eyes,cockroach
compound eyes,coconut
compound eyes,corkscrew
compound eyes,corn
compound eyes,costume
compound eyes,cranberry
compound eyes,crow
compound eyes,crowbar
compound eyes,dagger
compound eyes,dragonfly
compound eyes,dress
compound eyes,drill
compound eyes,drum
compound eyes,duck
compound eyes,eagle
compound eyes,earwig
compound eyes,eggbeater
compound eyes,fern
compound eyes,fig
compound eyes,file
compound eyes,flute
compound eyes,fly
compound eyes,fruit
compound eyes,gong
compound eyes,grasshopper
compound eyes,grenade
compound eyes,gun
compound eyes,hat
compound eyes,jeans
compound eyes,jeep
compound eyes,missile
compound eyes,motorcycle
compound eyes,ostrich
compound eyes,owl
compound eyes,pants
compound eyes,parrot
compound eyes,peacock
compound eyes,pelican
compound eyes,penguin
compound eyes,rifle
compound eyes,scooter
compound eyes,skateboard
compound eyes,sled
compound eyes,slingshot
compound eyes,spear
compound eyes,tree
compound eyes,tumbleweed
contains antioxidants,accordion
contains antioxidants,acorn
contains antioxidants,airplane
contains antioxidants,aloe
contains antioxidants,ant
contains antioxidants,anteater
contains antioxidants,antelope
contains antioxidants,anvil
contains antioxidants,apple
contains antioxidants,artichoke
contains antioxidants,asparagus
contains antioxidants,avocado
contains antioxidants,axe
contains antioxidants,bagel
contains antioxidants,bagpipe
contains antioxidants,bamboo
contains antioxidants,banana
contains antioxidants,banjo
contains antioxidants,barrel
contains antioxidants,basket
contains antioxidants,bassoon
contains antioxidants,bat
contains antioxidants,bazooka
contains antioxidants,bean
contains antioxidants,bear
contains antioxidants,beaver
contains antioxidants,bed
contains antioxidants,bee
contains antioxidants,beet
contains antioxidants,beetle
contains antioxidants,bell
contains antioxidants,belt
contains antioxidants,bench
contains antioxidants,bird
contains antioxidants,bison
contains antioxidants,blackberry
contains antioxidants,blender
contains antioxidants,blouse
contains antioxidants,blowtorch
contains antioxidants,blueberry
contains antioxidants,boa
contains antioxidants,boar
contains antioxidants,bottle
contains antioxidants,bra
contains antioxidants,bread
contains antioxidants,broccoli
contains antioxidants,brownie
contains antioxidants,brussels sprouts
contains antioxidants,bucket
contains antioxidants,burner
contains antioxidants,burrito
contains antioxidants,bus
contains antioxidants,butterfly
contains antioxidants,cabbage
contains antioxidants,cactus
contains antioxidants,cake
contains antioxidants,camel
contains antioxidants,can opener
contains antioxidants,candelabra
contains antioxidants,candle
contains antioxidants,candy
contains antioxidants,cannon
contains antioxidants,car
contains antioxidants,carriage
contains antioxidants,carrot
contains antioxidants,cart
contains antioxidants,cat
contains antioxidants,caterpillar
contains antioxidants,cauliflower
contains antioxidants,celery
contains antioxidants,cello
contains antioxidants,cheese
contains antioxidants,cheetah
contains antioxidants,cherry
contains antioxidants,chicken
contains antioxidants,chili
contains antioxidants,chinchilla
contains antioxidants,chisel
contains antioxidants,chocolate
contains antioxidants,clarinet
contains antioxidants,coat
contains antioxidants,cockroach
contains antioxidants,coconut
contains antioxidants,corkscrew
contains antioxidants,corn
contains antioxidants,costume
contains antioxidants,cranberry
contains antioxidants,crow
contains antioxidants,crowbar
contains antioxidants,dagger
contains antioxidants,dragonfly
contains antioxidants,dress
contains antioxidants,drill
contains antioxidants,drum
contains antioxidants,duck
contains antioxidants,eagle
contains antioxidants,earwig
contains antioxidants,eggbeater
contains antioxidants,fern
contains antioxidants,fig
contains antioxidants,file
contains antioxidants,flute
contains antioxidants,fly
contains antioxidants,fruit
contains antioxidants,gong
contains antioxidants,grasshopper
contains antioxidants,grenade
contains antioxidants,gun
contains antioxidants,hat
contains antioxidants,jeans
contains antioxidants,jeep
contains antioxidants,missile
contains antioxidants,motorcycle
contains antioxidants,ostrich
contains antioxidants,owl
contains antioxidants,pants
contains antioxidants,parrot
contains antioxidants,peacock
contains antioxidants,pelican
contains antioxidants,penguin
contains antioxidants,rifle
contains antioxidants,scooter
contains antioxidants,skateboard
contains antioxidants,sled
contains antioxidants,slingshot
contains antioxidants,spear
contains antioxidants,tree
contains antioxidants,tumbleweed
crunchy texture,accordion
crunchy texture,acorn
crunchy texture,airplane
crunchy texture,aloe
crunchy texture,ant
crunchy texture,anteater
crunchy texture,antelope
crunchy texture,anvil
crunchy texture,apple
crunchy texture,artichoke
crunchy texture,asparagus
crunchy texture,avocado
crunchy texture,axe
crunchy texture,bagel
crunchy texture,bagpipe
crunchy texture,bamboo
crunchy texture,banana
crunchy texture,banjo
crunchy texture,barrel
crunchy texture,basket
crunchy texture,bassoon
crunchy texture,bat
crunchy texture,bazooka
crunchy texture,bean
crunchy texture,bear
crunchy texture,beaver
crunchy texture,bed
crunchy texture,bee
crunchy texture,beet
crunchy texture,beetle
crunchy texture,bell
crunchy texture,belt
crunchy texture,bench
crunchy texture,bird
crunchy texture,bison
crunchy texture,blackberry
crunchy texture,blender
crunchy texture,blouse
crunchy texture,blowtorch
crunchy texture,blueberry
crunchy texture,boa
crunchy texture,boar
crunchy texture,bottle
crunchy texture,bra
crunchy texture,bread
crunchy texture,broccoli
crunchy texture,brownie
crunchy texture,brussels sprouts
crunchy texture,bucket
crunchy texture,burner
crunchy texture,burrito
crunchy texture,bus
crunchy texture,butterfly
crunchy texture,cabbage
crunchy texture,cactus
crunchy texture,cake
crunchy texture,camel
crunchy texture,can opener
crunchy texture,candelabra
crunchy texture,candle
crunchy texture,candy
crunchy texture,cannon
crunchy texture,car
crunchy texture,carriage
crunchy texture,carrot
crunchy texture,cart
crunchy texture,cat
crunchy texture,caterpillar
crunchy texture,cauliflower
crunchy texture,celery
crunchy texture,cello
crunchy texture,cheese
crunchy texture,cheetah
crunchy texture,cherry
crunchy texture,chicken
crunchy texture,chili
crunchy texture,chinchilla
crunchy texture,chisel
crunchy texture,chocolate
crunchy texture,clarinet
crunchy texture,coat
crunchy texture,cockroach
crunchy texture,coconut
crunchy texture,corkscrew
crunchy texture,corn
crunchy texture,costume
crunchy texture,cranberry
crunchy texture,crow
crunchy texture,crowbar
crunchy texture,dagger
crunchy texture,dragonfly
crunchy texture,dress
crunchy texture,drill
crunchy texture,drum
crunchy texture,duck
crunchy texture,eagle
crunchy texture,earwig
crunchy texture,eggbeater
crunchy texture,fern
crunchy texture,fig
crunchy texture,file
crunchy texture,flute
crunchy texture,fly
crunchy texture,fruit
crunchy texture,gong
crunchy texture,grasshopper
crunchy texture,grenade
crunchy texture,gun
crunchy texture,hat
crunchy texture,jeans
crunchy texture,jeep
crunchy texture,missile
crunchy texture,motorcycle
crunchy texture,ostrich
crunchy texture,owl
crunchy texture,pants
crunchy texture,parrot
crunchy texture,peacock
crunchy texture,pelican
crunchy texture,penguin
crunchy texture,rifle
crunchy texture,scooter
crunchy texture,skateboard
crunchy texture,sled
crunchy texture,slingshot
crunchy texture,spear
crunchy texture,tree
crunchy texture,tumbleweed
durability,accordion
durability,acorn
durability,airplane
durability,aloe
durability,ant
durability,anteater
durability,antelope
durability,anvil
durability,apple
durability,artichoke
durability,asparagus
durability,avocado
durability,axe
durability,bagel
durability,bagpipe
durability,bamboo
durability,banana
durability,banjo
durability,barrel
durability,basket
durability,bassoon
durability,bat
durability,bazooka
durability,bean
durability,bear
durability,beaver
durability,bed
durability,bee
durability,beet
durability,beetle
durability,bell
durability,belt
durability,bench
durability,bird
durability,bison
durability,blackberry
durability,blender
durability,blouse
durability,blowtorch
durability,blueberry
durability,boa
durability,boar
durability,bottle
durability,bra
durability,bread
durability,broccoli
durability,brownie
durability,brussels sprouts
durability,bucket
durability,burner
durability,burrito
durability,bus
durability,butterfly
durability,cabbage
durability,cactus
durability,cake
durability,camel
durability,can opener
durability,candelabra
durability,candle
durability,candy
durability,cannon
durability,car
durability,carriage
durability,carrot
durability,cart
durability,cat
durability,caterpillar
durability,cauliflower
durability,celery
durability,cello
durability,cheese
durability,cheetah
durability,cherry
durability,chicken
durability,chili
durability,chinchilla
durability,chisel
durability,chocolate
durability,clarinet
durability,coat
durability,cockroach
durability,coconut
durability,corkscrew
durability,corn
durability,costume
durability,cranberry
durability,crow
durability,crowbar
durability,dagger
durability,dragonfly
durability,dress
durability,drill
durability,drum
durability,duck
durability,eagle
durability,earwig
durability,eggbeater
durability,fern
durability,fig
durability,file
durability,flute
durability,fly
durability,fruit
durability,gong
durability,grasshopper
durability,grenade
durability,gun
durability,hat
durability,jeans
durability,jeep
durability,missile
durability,motorcycle
durability,ostrich
durability,owl
durability,pants
durability,parrot
durability,peacock
durability,pelican
durability,penguin
durability,rifle
durability,scooter
durability,skateboard
durability,sled
durability,slingshot
durability,spear
durability,tree
durability,tumbleweed
durable,accordion
durable,acorn
durable,airplane
durable,aloe
durable,ant
durable,anteater
durable,antelope
durable,anvil
durable,apple
durable,artichoke
durable,asparagus
durable,avocado
durable,axe
durable,bagel
durable,bagpipe
durable,bamboo
durable,banana
durable,banjo
durable,barrel
durable,basket
durable,bassoon
durable,bat
durable,bazooka
durable,bean
durable,bear
durable,beaver
durable,bed
durable,bee
durable,beet
durable,beetle
durable,bell
durable,belt
durable,bench
durable,bird
durable,bison
durable,blackberry
durable,blender
durable,blouse
durable,blowtorch
durable,blueberry
durable,boa
durable,boar
durable,bottle
durable,bra
durable,bread
durable,broccoli
durable,brownie
durable,brussels sprouts
durable,bucket
durable,burner
durable,burrito
durable,bus
durable,butterfly
durable,cabbage
durable,cactus
durable,cake
durable,camel
durable,can opener
durable,candelabra
durable,candle
durable,candy
durable,cannon
durable,car
durable,carriage
durable,carrot
durable,cart
durable,cat
durable,caterpillar
durable,cauliflower
durable,celery
durable,cello
durable,cheese
durable,cheetah
durable,cherry
durable,chicken
durable,chili
durable,chinchilla
durable,chisel
durable,chocolate
durable,clarinet
durable,coat
durable,cockroach
durable,coconut
durable,corkscrew
durable,corn
durable,costume
durable,cranberry
durable,crow
durable,crowbar
durable,dagger
durable,dragonfly
durable,dress
durable,drill
durable,drum
durable,duck
durable,eagle
durable,earwig
durable,eggbeater
durable,fern
durable,fig
durable,file
durable,flute
durable,fly
durable,fruit
durable,gong
durable,grasshopper
durable,grenade
durable,gun
durable,hat
durable,jeans
durable,jeep
durable,missile
durable,motorcycle
durable,ostrich
durable,owl
durable,pants
durable,parrot
durable,peacock
durable,pelican
durable,penguin
durable,rifle
durable,scooter
durable,skateboard
durable,sled
durable,slingshot
durable,spear
durable,tree
durable,tumbleweed
edible,accordion
edible,acorn
edible,airplane
edible,aloe
edible,ant
edible,anteater
edible,antelope
edible,anvil
edible,apple
edible,artichoke
edible,asparagus
edible,avocado
edible,axe
edible,bagel
edible,bagpipe
edible,bamboo
edible,banana
edible,banjo
edible,barrel
edible,basket
edible,bassoon
edible,bat
edible,bazooka
edible,bean
edible,bear
edible,beaver
edible,bed
edible,bee
edible,beet
edible,beetle
edible,bell
edible,belt
edible,bench
edible,bird
edible,bison
edible,blackberry
edible,blender
edible,blouse
edible,blowtorch
edible,blueberry
edible,boa
edible,boar
edible,bottle
edible,bra
edible,bread
edible,broccoli
edible,brownie
edible,brussels sprouts
edible,bucket
edible,burner
edible,burrito
edible,bus
edible,butterfly
edible,cabbage
edible,cactus
edible,cake
edible,camel
edible,can opener
edible,candelabra
edible,candle
edible,candy
edible,cannon
edible,car
edible,carriage
edible,carrot
edible,cart
edible,cat
edible,caterpillar
edible,cauliflower
edible,celery
edible,cello
edible,cheese
edible,cheetah
edible,cherry
edible,chicken
edible,chili
edible,chinchilla
edible,chisel
edible,chocolate
edible,clarinet
edible,coat
edible,cockroach
edible,coconut
edible,corkscrew
edible,corn
edible,costume
edible,cranberry
edible,crow
edible,crowbar
edible,dagger
edible,dragonfly
edible,dress
edible,drill
edible,drum
edible,duck
edible,eagle
edible,earwig
edible,eggbeater
edible,fern
edible,fig
edible,file
edible,flute
edible,fly
edible,fruit
edible,gong
edible,grasshopper
edible,grenade
edible,gun
edible,hat
edible,jeans
edible,jeep
edible,missile
edible,motorcycle
edible,ostrich
edible,owl
edible,pants
edible,parrot
edible,peacock
edible,pelican
edible,penguin
edible,rifle
edible,scooter
edible,skateboard
edible,sled
edible,slingshot
edible,spear
edible,tree
edible,tumbleweed
feathers,accordion
feathers,acorn
feathers,airplane
feathers,aloe
feathers,ant
feathers,anteater
feathers,antelope
feathers,anvil
feathers,apple
feathers,artichoke
feathers,asparagus
feathers,avocado
feathers,axe
feathers,bagel
feathers,bagpipe
feathers,bamboo
feathers,banana
feathers,banjo
feathers,barrel
feathers,basket
feathers,bassoon
feathers,bat
feathers,bazooka
feathers,bean
feathers,bear
feathers,beaver
feathers,bed
feathers,bee
feathers,beet
feathers,beetle
feathers,bell
feathers,belt
feathers,bench
feathers,bird
feathers,bison
feathers,blackberry
feathers,blender
feathers,blouse
feathers,blowtorch
feathers,blueberry
feathers,boa
feathers,boar
feathers,bottle
feathers,bra
feathers,bread
feathers,broccoli
feathers,brownie
feathers,brussels sprouts
feathers,bucket
feathers,burner
feathers,burrito
feathers,bus
feathers,butterfly
feathers,cabbage
feathers,cactus
feathers,cake
feathers,camel
feathers,can opener
feathers,candelabra
feathers,candle
feathers,candy
feathers,cannon
feathers,car
feathers,carriage
feathers,carrot
feathers,cart
feathers,cat
feathers,caterpillar
feathers,cauliflower
feathers,celery
feathers,cello
feathers,cheese
feathers,cheetah
feathers,cherry
feathers,chicken
feathers,chili
feathers,chinchilla
feathers,chisel
feathers,chocolate
feathers,clarinet
feathers,coat
feathers,cockroach
feathers,coconut
feathers,corkscrew
feathers,corn
feathers,costume
feathers,cranberry
feathers,crow
feathers,crowbar
feathers,dagger
feathers,dragonfly
feathers,dress
feathers,drill
feathers,drum
feathers,duck
feathers,eagle
feathers,earwig
feathers,eggbeater
feathers,fern
feathers,fig
feathers,file
feathers,flute
feathers,fly
feathers,fruit
feathers,gong
feathers,grasshopper
feathers,grenade
feathers,gun
feathers,hat
feathers,jeans
feathers,jeep
feathers,missile
feathers,motorcycle
feathers,ostrich
feathers,owl
feathers,pants
feathers,parrot
feathers,peacock
feathers,pelican
feathers,penguin
feathers,rifle
feathers,scooter
feathers,skateboard
feathers,sled
feathers,slingshot
feathers,spear
feathers,tree
feathers,tumbleweed
flexible,accordion
flexible,acorn
flexible,airplane
flexible,aloe
flexible,ant
flexible,anteater
flexible,antelope
flexible,anvil
flexible,apple
flexible,artichoke
flexible,asparagus
flexible,avocado
flexible,axe
flexible,bagel
flexible,bagpipe
flexible,bamboo
flexible,banana
flexible,banjo
flexible,barrel
flexible,basket
flexible,bassoon
flexible,bat
flexible,bazooka
flexible,bean
flexible,bear
flexible,beaver
flexible,bed
flexible,bee
flexible,beet
flexible,beetle
flexible,bell
flexible,belt
flexible,bench
flexible,bird
flexible,bison
flexible,blackberry
flexible,blender
flexible,blouse
flexible,blowtorch
flexible,blueberry
flexible,boa
flexible,boar
flexible,bottle
flexible,bra
flexible,bread
flexible,broccoli
flexible,brownie
flexible,brussels sprouts
flexible,bucket
flexible,burner
flexible,burrito
flexible,bus
flexible,butterfly
flexible,cabbage
flexible,cactus
flexible,cake
flexible,camel
flexible,can opener
flexible,candelabra
flexible,candle
flexible,candy
flexible,cannon
flexible,car
flexible,carriage
flexible,carrot
flexible,cart
flexible,cat
flexible,caterpillar
flexible,cauliflower
flexible,celery
flexible,cello
flexible,cheese
flexible,cheetah
flexible,cherry
flexible,chicken
flexible,chili
flexible,chinchilla
flexible,chisel
flexible,chocolate
flexible,clarinet
flexible,coat
flexible,cockroach
flexible,coconut
flexible,corkscrew
flexible,corn
flexible,costume
flexible,cranberry
flexible,crow
flexible,crowbar
flexible,dagger
flexible,dragonfly
flexible,dress
flexible,drill
flexible,drum
flexible,duck
flexible,eagle
flexible,earwig
flexible,eggbeater
flexible,fern
flexible,fig
flexible,file
flexible,flute
flexible,fly
flexible,fruit
flexible,gong
flexible,grasshopper
flexible,grenade
flexible,gun
flexible,hat
flexible,jeans
flexible,jeep
flexible,missile
flexible,motorcycle
flexible,ostrich
flexible,owl
flexible,pants
flexible,parrot
flexible,peacock
flexible,pelican
flexible,penguin
flexible,rifle
flexible,scooter
flexible,skateboard
flexible,sled
flexible,slingshot
flexible,spear
flexible,tree
flexible,tumbleweed
four wheels,accordion
four wheels,acorn
four wheels,airplane
four wheels,aloe
four wheels,ant
four wheels,anteater
four wheels,antelope
four wheels,anvil
four wheels,apple
four wheels,artichoke
four wheels,asparagus
four wheels,avocado
four wheels,axe
four wheels,bagel
four wheels,bagpipe
four wheels,bamboo
four wheels,banana
four wheels,banjo
four wheels,barrel
four wheels,basket
four wheels,bassoon
four wheels,bat
four wheels,bazooka
four wheels,bean
four wheels,bear
four wheels,beaver
four wheels,bed
four wheels,bee
four wheels,beet
four wheels,beetle
four wheels,bell
four wheels,belt
four wheels,bench
four wheels,bird
four wheels,bison
four wheels,blackberry
four wheels,blender
four wheels,blouse
four wheels,blowtorch
four wheels,blueberry
four wheels,boa
four wheels,boar
four wheels,bottle
four wheels,bra
four wheels,bread
four wheels,broccoli
four wheels,brownie
four wheels,brussels sprouts
four wheels,bucket
four wheels,burner
four wheels,burrito
four wheels,bus
four wheels,butterfly
four wheels,cabbage
four wheels,cactus
four wheels,cake
four wheels,camel
four wheels,can opener
four wheels,candelabra
four wheels,candle
four wheels,candy
four wheels,cannon
four wheels,car
four wheels,carriage
four wheels,carrot
four wheels,cart
four wheels,cat
four wheels,caterpillar
four wheels,cauliflower
four wheels,celery
four wheels,cello
four wheels,cheese
four wheels,cheetah
four wheels,cherry
four wheels,chicken
four wheels,chili
four wheels,chinchilla
four wheels,chisel
four wheels,chocolate
four wheels,clarinet
four wheels,coat
four wheels,cockroach
four wheels,coconut
four wheels,corkscrew
four wheels,corn
four wheels,costume
four wheels,cranberry
four wheels,crow
four wheels,crowbar
four wheels,dagger
four wheels,dragonfly
four wheels,dress
four wheels,drill
four wheels,drum
four wheels,duck
four wheels,eagle
four wheels,earwig
four wheels,eggbeater
four wheels,fern
four wheels,fig
four wheels,file
four wheels,flute
four wheels,fly
four wheels,fruit
four wheels,gong
four wheels,grasshopper
four wheels,grenade
four wheels,gun
four wheels,hat
four wheels,jeans
four wheels,jeep
four wheels,missile
four wheels,motorcycle
four wheels,ostrich
four wheels,owl
four wheels,pants
four wheels,parrot
four wheels,peacock
four wheels,pelican
four wheels,penguin
four wheels,rifle
four wheels,scooter
four wheels,skateboard
four wheels,sled
four wheels,slingshot
four wheels,spear
four wheels,tree
four wheels,tumbleweed
frame,accordion
frame,acorn
frame,airplane
frame,aloe
frame,ant
frame,anteater
frame,antelope
frame,anvil
frame,apple
frame,artichoke
frame,asparagus
frame,avocado
frame,axe
frame,bagel
frame,bagpipe
frame,bamboo
frame,banana
frame,banjo
frame,barrel
frame,basket
frame,bassoon
frame,bat
frame,bazooka
frame,bean
frame,bear
frame,beaver
frame,bed
frame,bee
frame,beet
frame,beetle
frame,bell
frame,belt
frame,bench
frame,bird
frame,bison
frame,blackberry
frame,blender
frame,blouse
frame,blowtorch
frame,blueberry
frame,boa
frame,boar
frame,bottle
frame,bra
frame,bread
frame,broccoli
frame,brownie
frame,brussels sprouts
frame,bucket
frame,burner
frame,burrito
frame,bus
frame,butterfly
frame,cabbage
frame,cactus
frame,cake
frame,camel
frame,can opener
frame,candelabra
frame,candle
frame,candy
frame,cannon
frame,car
frame,carriage
frame,carrot
frame,cart
frame,cat
frame,caterpillar
frame,cauliflower
frame,celery
frame,cello
frame,cheese
frame,cheetah
frame,cherry
frame,chicken
frame,chili
frame,chinchilla
frame,chisel
frame,chocolate
frame,clarinet
frame,coat
frame,cockroach
frame,coconut
frame,corkscrew
frame,corn
frame,costume
frame,cranberry
frame,crow
frame,crowbar
frame,dagger
frame,dragonfly
frame,dress
frame,drill
frame,drum
frame,duck
frame,eagle
frame,earwig
frame,eggbeater
frame,fern
frame,fig
frame,file
frame,flute
frame,fly
frame,fruit
frame,gong
frame,grasshopper
frame,grenade
frame,gun
frame,hat
frame,jeans
frame,jeep
frame,missile
frame,motorcycle
frame,ostrich
frame,owl
frame,pants
frame,parrot
frame,peacock
frame,pelican
frame,penguin
frame,rifle
frame,scooter
frame,skateboard
frame,sled
frame,slingshot
frame,spear
frame,tree
frame,tumbleweed
good source of fiber,accordion
good source of fiber,acorn
good source of fiber,airplane
good source of fiber,aloe
good source of fiber,ant
good source of fiber,anteater
good source of fiber,antelope
good source of fiber,anvil
good source of fiber,apple
good source of fiber,artichoke
good source of fiber,asparagus
good source of fiber,avocado
good source of fiber,axe
good source of fiber,bagel
good source of fiber,bagpipe
good source of fiber,bamboo
good source of fiber,banana
good source of fiber,banjo
good source of fiber,barrel
good source of fiber,basket
good source of fiber,bassoon
good source of fiber,bat
good source of fiber,bazooka
good source of fiber,bean
good source of fiber,bear
good source of fiber,beaver
good source of fiber,bed
good source of fiber,bee
good source of fiber,beet
good source of fiber,beetle
good source of fiber,bell
good source of fiber,belt
good source of fiber,bench
good source of fiber,bird
good source of fiber,bison
good source of fiber,blackberry
good source of fiber,blender
good source of fiber,blouse
good source of fiber,blowtorch
good source of fiber,blueberry
good source of fiber,boa
good source of fiber,boar
good source of fiber,bottle
good source of fiber,bra
good source of fiber,bread
good source of fiber,broccoli
good source of fiber,brownie
good source of fiber,brussels sprouts
good source of fiber,bucket
good source of fiber,burner
good source of fiber,burrito
good source of fiber,bus
good source of fiber,butterfly
good source of fiber,cabbage
good source of fiber,cactus
good source of fiber,cake
good source of fiber,camel
good source of fiber,can opener
good source of fiber,candelabra
good source of fiber,candle
good source of fiber,candy
good source of fiber,cannon
good source of fiber,car
good source of fiber,carriage
good source of fiber,carrot
good source of fiber,cart
good source of fiber,cat
good source of fiber,caterpillar
good source of fiber,cauliflower
good source of fiber,celery
good source of fiber,cello
good source of fiber,cheese
good source of fiber,cheetah
good source of fiber,cherry
good source of fiber,chicken
good source of fiber,chili
good source of fiber,chinchilla
good source of fiber,chisel
good source of fiber,chocolate
good source of fiber,clarinet
good source of fiber,coat
good source of fiber,cockroach
good source of fiber,coconut
good source of fiber,corkscrew
good source of fiber,corn
good source of fiber,costume
good source of fiber,cranberry
good source of fiber,crow
good source of fiber,crowbar
good source of fiber,dagger
good source of fiber,dragonfly
good source of fiber,dress
good source of fiber,drill
good source of fiber,drum
good source of fiber,duck
good source of fiber,eagle
good source of fiber,earwig
good source of fiber,eggbeater
good source of fiber,fern
good source of fiber,fig
good source of fiber,file
good source of fiber,flute
good source of fiber,fly
good source of fiber,fruit
good source of fiber,gong
good source of fiber,grasshopper
good source of fiber,grenade
good source of fiber,gun
good source of fiber,hat
good source of fiber,jeans
good source of fiber,jeep
good source of fiber,missile
good source of fiber,motorcycle
good source of fiber,ostrich
good source of fiber,owl
good source of fiber,pants
good source of fiber,parrot
good source of fiber,peacock
good source of fiber,pelican
good source of fiber,penguin
good source of fiber,rifle
good source of fiber,scooter
good source of fiber,skateboard
good source of fiber,sled
good source of fiber,slingshot
good source of fiber,spear
good source of fiber,tree
good source of fiber,tumbleweed
handle,accordion
handle,acorn
handle,airplane
handle,aloe
handle,ant
handle,anteater
handle,antelope
handle,anvil
handle,apple
handle,artichoke
handle,asparagus
handle,avocado
handle,axe
handle,bagel
handle,bagpipe
handle,bamboo
handle,banana
handle,banjo
handle,barrel
handle,basket
handle,bassoon
handle,bat
handle,bazooka
handle,bean
handle,bear
handle,beaver
handle,bed
handle,bee
handle,beet
handle,beetle
handle,bell
handle,belt
handle,bench
handle,bird
handle,bison
handle,blackberry
handle,blender
handle,blouse
handle,blowtorch
handle,blueberry
handle,boa
handle,boar
handle,bottle
handle,bra
handle,bread
handle,broccoli
handle,brownie
handle,brussels sprouts
handle,bucket
handle,burner
handle,burrito
handle,bus
handle,butterfly
handle,cabbage
handle,cactus
handle,cake
handle,camel
handle,can opener
handle,candelabra
handle,candle
handle,candy
handle,cannon
handle,car
handle,carriage
handle,carrot
handle,cart
handle,cat
handle,caterpillar
handle,cauliflower
handle,celery
handle,cello
handle,cheese
handle,cheetah
handle,cherry
handle,chicken
handle,chili
handle,chinchilla
handle,chisel
handle,chocolate
handle,clarinet
handle,coat
handle,cockroach
handle,coconut
handle,corkscrew
handle,corn
handle,costume
handle,cranberry
handle,crow
handle,crowbar
handle,dagger
handle,dragonfly
handle,dress
handle,drill
handle,drum
handle,duck
handle,eagle
handle,earwig
handle,eggbeater
handle,fern
handle,fig
handle,file
handle,flute
handle,fly
handle,fruit
handle,gong
handle,grasshopper
handle,grenade
handle,gun
handle,hat
handle,jeans
handle,jeep
handle,missile
handle,motorcycle
handle,ostrich
handle,owl
handle,pants
handle,parrot
handle,peacock
handle,pelican
handle,penguin
handle,rifle
handle,scooter
handle,skateboard
handle,sled
handle,slingshot
handle,spear
handle,tree
handle,tumbleweed
hard exoskeleton,accordion
hard exoskeleton,acorn
hard exoskeleton,airplane
hard exoskeleton,aloe
hard exoskeleton,ant
hard exoskeleton,anteater
hard exoskeleton,antelope
hard exoskeleton,anvil
hard exoskeleton,apple
hard exoskeleton,artichoke
hard exoskeleton,asparagus
hard exoskeleton,avocado
hard exoskeleton,axe
hard exoskeleton,bagel
hard exoskeleton,bagpipe
hard exoskeleton,bamboo
hard exoskeleton,banana
hard exoskeleton,banjo
hard exoskeleton,barrel
hard exoskeleton,basket
hard exoskeleton,bassoon
hard exoskeleton,bat
hard exoskeleton,bazooka
hard exoskeleton,bean
hard exoskeleton,bear
hard exoskeleton,beaver
hard exoskeleton,bed
hard exoskeleton,bee
hard exoskeleton,beet
hard exoskeleton,beetle
hard exoskeleton,bell
hard exoskeleton,belt
hard exoskeleton,bench
hard exoskeleton,bird
hard exoskeleton,bison
hard exoskeleton,blackberry
hard exoskeleton,blender
hard exoskeleton,blouse
hard exoskeleton,blowtorch
hard exoskeleton,blueberry
hard exoskeleton,boa
hard exoskeleton,boar
hard exoskeleton,bottle
hard exoskeleton,bra
hard exoskeleton,bread
hard exoskeleton,broccoli
hard exoskeleton,brownie
hard exoskeleton,brussels sprouts
hard exoskeleton,bucket
hard exoskeleton,burner
hard exoskeleton,burrito
hard exoskeleton,bus
hard exoskeleton,butterfly
hard exoskeleton,cabbage
hard exoskeleton,cactus
hard exoskeleton,cake
hard exoskeleton,camel
hard exoskeleton,can opener
hard exoskeleton,candelabra
hard exoskeleton,candle
hard exoskeleton,candy
hard exoskeleton,cannon
hard exoskeleton,car
hard exoskeleton,carriage
hard exoskeleton,carrot
hard exoskeleton,cart
hard exoskeleton,cat
hard exoskeleton,caterpillar
hard exoskeleton,cauliflower
hard exoskeleton,celery
hard exoskeleton,cello
hard exoskeleton,cheese
hard exoskeleton,cheetah
hard exoskeleton,cherry
hard exoskeleton,chicken
hard exoskeleton,chili
hard exoskeleton,chinchilla
hard exoskeleton,chisel
hard exoskeleton,chocolate
hard exoskeleton,clarinet
hard exoskeleton,coat
hard exoskeleton,cockroach
hard exoskeleton,coconut
hard exoskeleton,corkscrew
hard exoskeleton,corn
hard exoskeleton,costume
hard exoskeleton,cranberry
hard exoskeleton,crow
hard exoskeleton,crowbar
hard exoskeleton,dagger
hard exoskeleton,dragonfly
hard exoskeleton,dress
hard exoskeleton,drill
hard exoskeleton,drum
hard exoskeleton,duck
hard exoskeleton,eagle
hard exoskeleton,earwig
hard exoskeleton,eggbeater
hard exoskeleton,fern
hard exoskeleton,fig
hard exoskeleton,file
hard exoskeleton,flute
hard exoskeleton,fly
hard exoskeleton,fruit
hard exoskeleton,gong
hard exoskeleton,grasshopper
hard exoskeleton,grenade
hard exoskeleton,gun
hard exoskeleton,hat
hard exoskeleton,jeans
hard exoskeleton,jeep
hard exoskeleton,missile
hard exoskeleton,motorcycle
hard exoskeleton,ostrich
hard exoskeleton,owl
hard exoskeleton,pants
hard exoskeleton,parrot
hard exoskeleton,peacock
hard exoskeleton,pelican
hard exoskeleton,penguin
hard exoskeleton,rifle
hard exoskeleton,scooter
hard exoskeleton,skateboard
hard exoskeleton,sled
hard exoskeleton,slingshot
hard exoskeleton,spear
hard exoskeleton,tree
hard exoskeleton,tumbleweed
high in fiber,accordion
high in fiber,acorn
high in fiber,airplane
high in fiber,aloe
high in fiber,ant
high in fiber,anteater
high in fiber,antelope
high in fiber,anvil
high in fiber,apple
high in fiber,artichoke
high in fiber,asparagus
high in fiber,avocado
high in fiber,axe
high in fiber,bagel
high in fiber,bagpipe
high in fiber,bamboo
high in fiber,banana
high in fiber,banjo
high in fiber,barrel
high in fiber,basket
high in fiber,bassoon
high in fiber,bat
high in fiber,bazooka
high in fiber,bean
high in fiber,bear
high in fiber,beaver
high in fiber,bed
high in fiber,bee
high in fiber,beet
high in fiber,beetle
high in fiber,bell
high in fiber,belt
high in fiber,bench
high in fiber,bird
high in fiber,bison
high in fiber,blackberry
high in fiber,blender
high in fiber,blouse
high in fiber,blowtorch
high in fiber,blueberry
high in fiber,boa
high in fiber,boar
high in fiber,bottle
high in fiber,bra
high in fiber,bread
high in fiber,broccoli
high in fiber,brownie
high in fiber,brussels sprouts
high in fiber,bucket
high in fiber,burner
high in fiber,burrito
high in fiber,bus
high in fiber,butterfly
high in fiber,cabbage
high in fiber,cactus
high in fiber,cake
high in fiber,camel
high in fiber,can opener
high in fiber,candelabra
high in fiber,candle
high in fiber,candy
high in fiber,cannon
high in fiber,car
high in fiber,carriage
high in fiber,carrot
high in fiber,cart
high in fiber,cat
high in fiber,caterpillar
high in fiber,cauliflower
high in fiber,celery
high in fiber,cello
high in fiber,cheese
high in fiber,cheetah
high in fiber,cherry
high in fiber,chicken
high in fiber,chili
high in fiber,chinchilla
high in fiber,chisel
high in fiber,chocolate
high in fiber,clarinet
high in fiber,coat
high in fiber,cockroach
high in fiber,coconut
high in fiber,corkscrew
high in fiber,corn
high in fiber,costume
high in fiber,cranberry
high in fiber,crow
high in fiber,crowbar
high in fiber,dagger
high in fiber,dragonfly
high in fiber,dress
high in fiber,drill
high in fiber,drum
high in fiber,duck
high in fiber,eagle
high in fiber,earwig
high in fiber,eggbeater
high in fiber,fern
high in fiber,fig
high in fiber,file
high in fiber,flute
high in fiber,fly
high in fiber,fruit
high in fiber,gong
high in fiber,grasshopper
high in fiber,grenade
high in fiber,gun
high in fiber,hat
high in fiber,jeans
high in fiber,jeep
high in fiber,missile
high in fiber,motorcycle
high in fiber,ostrich
high in fiber,owl
high in fiber,pants
high in fiber,parrot
high in fiber,peacock
high in fiber,pelican
high in fiber,penguin
high in fiber,rifle
high in fiber,scooter
high in fiber,skateboard
high in fiber,sled
high in fiber,slingshot
high in fiber,spear
high in fiber,tree
high in fiber,tumbleweed
hollow,accordion
hollow,acorn
hollow,airplane
hollow,aloe
hollow,ant
hollow,anteater
hollow,antelope
hollow,anvil
hollow,apple
hollow,artichoke
hollow,asparagus
hollow,avocado
hollow,axe
hollow,bagel
hollow,bagpipe
hollow,bamboo
hollow,banana
hollow,banjo
hollow,barrel
hollow,basket
hollow,bassoon
hollow,bat
hollow,bazooka
hollow,bean
hollow,bear
hollow,beaver
hollow,bed
hollow,bee
hollow,beet
hollow,beetle
hollow,bell
hollow,belt
hollow,bench
hollow,bird
hollow,bison
hollow,blackberry
hollow,blender
hollow,blouse
hollow,blowtorch
hollow,blueberry
hollow,boa
hollow,boar
hollow,bottle
hollow,bra
hollow,bread
hollow,broccoli
hollow,brownie
hollow,brussels sprouts
hollow,bucket
hollow,burner
hollow,burrito
hollow,bus
hollow,butterfly
hollow,cabbage
hollow,cactus
hollow,cake
hollow,camel
hollow,can opener
hollow,candelabra
hollow,candle
hollow,candy
hollow,cannon
hollow,car
hollow,carriage
hollow,carrot
hollow,cart
hollow,cat
hollow,caterpillar
hollow,cauliflower
hollow,celery
hollow,cello
hollow,cheese
hollow,cheetah
hollow,cherry
hollow,chicken
hollow,chili
hollow,chinchilla
hollow,chisel
hollow,chocolate
hollow,clarinet
hollow,coat
hollow,cockroach
hollow,coconut
hollow,corkscrew
hollow,corn
hollow,costume
hollow,cranberry
hollow,crow
hollow,crowbar
hollow,dagger
hollow,dragonfly
hollow,dress
hollow,drill
hollow,drum
hollow,duck
hollow,eagle
hollow,earwig
hollow,eggbeater
hollow,fern
hollow,fig
hollow,file
hollow,flute
hollow,fly
hollow,fruit
hollow,gong
hollow,grasshopper
hollow,grenade
hollow,gun
hollow,hat
hollow,jeans
hollow,jeep
hollow,missile
hollow,motorcycle
hollow,ostrich
hollow,owl
hollow,pants
hollow,parrot
hollow,peacock
hollow,pelican
hollow,penguin
hollow,rifle
hollow,scooter
hollow,skateboard
hollow,sled
hollow,slingshot
hollow,spear
hollow,tree
hollow,tumbleweed
length,accordion
length,acorn
length,airplane
length,aloe
length,ant
length,anteater
length,antelope
length,anvil
length,apple
length,artichoke
length,asparagus
length,avocado
length,axe
length,bagel
length,bagpipe
length,bamboo
length,banana
length,banjo
length,barrel
length,basket
length,bassoon
length,bat
length,bazooka
length,bean
length,bear
length,beaver
length,bed
length,bee
length,beet
length,beetle
length,bell
length,belt
length,bench
length,bird
length,bison
length,blackberry
length,blender
length,blouse
length,blowtorch
length,blueberry
length,boa
length,boar
length,bottle
length,bra
length,bread
length,broccoli
length,brownie
length,brussels sprouts
length,bucket
length,burner
length,burrito
length,bus
length,butterfly
length,cabbage
length,cactus
length,cake
length,camel
length,can opener
length,candelabra
length,candle
length,candy
length,cannon
length,car
length,carriage
length,carrot
length,cart
length,cat
length,caterpillar
length,cauliflower
length,celery
length,cello
length,cheese
length,cheetah
length,cherry
length,chicken
length,chili
length,chinchilla
length,chisel
length,chocolate
length,clarinet
length,coat
length,cockroach
length,coconut
length,corkscrew
length,corn
length,costume
length,cranberry
length,crow
length,crowbar
length,dagger
length,dragonfly
length,dress
length,drill
length,drum
length,duck
length,eagle
length,earwig
length,eggbeater
length,fern
length,fig
length,file
length,flute
length,fly
length,fruit
length,gong
length,grasshopper
length,grenade
length,gun
length,hat
length,jeans
length,jeep
length,missile
length,motorcycle
length,ostrich
length,owl
length,pants
length,parrot
length,peacock
length,pelican
length,penguin
length,rifle
length,scooter
length,skateboard
length,sled
length,slingshot
length,spear
length,tree
length,tumbleweed
lightweight,accordion
lightweight,acorn
lightweight,airplane
lightweight,aloe
lightweight,ant
lightweight,anteater
lightweight,antelope
lightweight,anvil
lightweight,apple
lightweight,artichoke
lightweight,asparagus
lightweight,avocado
lightweight,axe
lightweight,bagel
lightweight,bagpipe
lightweight,bamboo
lightweight,banana
lightweight,banjo
lightweight,barrel
lightweight,basket
lightweight,bassoon
lightweight,bat
lightweight,bazooka
lightweight,bean
lightweight,bear
lightweight,beaver
lightweight,bed
lightweight,bee
lightweight,beet
lightweight,beetle
lightweight,bell
lightweight,belt
lightweight,bench
lightweight,bird
lightweight,bison
lightweight,blackberry
lightweight,blender
lightweight,blouse
lightweight,blowtorch
lightweight,blueberry
lightweight,boa
lightweight,boar
lightweight,bottle
lightweight,bra
lightweight,bread
lightweight,broccoli
lightweight,brownie
lightweight,brussels sprouts
lightweight,bucket
lightweight,burner
lightweight,burrito
lightweight,bus
lightweight,butterfly
lightweight,cabbage
lightweight,cactus
lightweight,cake
lightweight,camel
lightweight,can opener
lightweight,candelabra
lightweight,candle
lightweight,candy
lightweight,cannon
lightweight,car
lightweight,carriage
lightweight,carrot
lightweight,cart
lightweight,cat
lightweight,caterpillar
lightweight,cauliflower
lightweight,celery
lightweight,cello
lightweight,cheese
lightweight,cheetah
lightweight,cherry
lightweight,chicken
lightweight,chili
lightweight,chinchilla
lightweight,chisel
lightweight,chocolate
lightweight,clarinet
lightweight,coat
lightweight,cockroach
lightweight,coconut
lightweight,corkscrew
lightweight,corn
lightweight,costume
lightweight,cranberry
lightweight,crow
lightweight,crowbar
lightweight,dagger
lightweight,dragonfly
lightweight,dress
lightweight,drill
lightweight,drum
lightweight,duck
lightweight,eagle
lightweight,earwig
lightweight,eggbeater
lightweight,fern
lightweight,fig
lightweight,file
lightweight,flute
lightweight,fly
lightweight,fruit
lightweight,gong
lightweight,grasshopper
lightweight,grenade
lightweight,gun
lightweight,hat
lightweight,jeans
lightweight,jeep
lightweight,missile
lightweight,motorcycle
lightweight,ostrich
lightweight,owl
lightweight,pants
lightweight,parrot
lightweight,peacock
lightweight,pelican
lightweight,penguin
lightweight,rifle
lightweight,scooter
lightweight,skateboard
lightweight,sled
lightweight,slingshot
lightweight,spear
lightweight,tree
lightweight,tumbleweed
"long, slender body",accordion
"long, slender body",acorn
"long, slender body",airplane
"long, slender body",aloe
"long, slender body",ant
"long, slender body",anteater
"long, slender body",antelope
"long, slender body",anvil
"long, slender body",apple
"long, slender body",artichoke
"long, slender body",asparagus
"long, slender body",avocado
"long, slender body",axe
"long, slender body",bagel
"long, slender body",bagpipe
"long, slender body",bamboo
"long, slender body",banana
"long, slender body",banjo
"long, slender body",barrel
"long, slender body",basket
"long, slender body",bassoon
"long, slender body",bat
"long, slender body",bazooka
"long, slender body",bean
"long, slender body",bear
"long, slender body",beaver
"long, slender body",bed
"long, slender body",bee
"long, slender body",beet
"long, slender body",beetle
"long, slender body",bell
"long, slender body",belt
"long, slender body",bench
"long, slender body",bird
"long, slender body",bison
"long, slender body",blackberry
"long, slender body",blender
"long, slender body",blouse
"long, slender body",blowtorch
"long, slender body",blueberry
"long, slender body",boa
"long, slender body",boar
"long, slender body",bottle
"long, slender body",bra
"long, slender body",bread
"long, slender body",broccoli
"long, slender body",brownie
"long, slender body",brussels sprouts
"long, slender body",bucket
"long, slender body",burner
"long, slender body",burrito
"long, slender body",bus
"long, slender body",butterfly
"long, slender body",cabbage
"long, slender body",cactus
"long, slender body",cake
"long, slender body",camel
"long, slender body",can opener
"long, slender body",candelabra
"long, slender body",candle
"long, slender body",candy
"long, slender body",cannon
"long, slender body",car
"long, slender body",carriage
"long, slender body",carrot
"long, slender body",cart
"long, slender body",cat
"long, slender body",caterpillar
"long, slender body",cauliflower
"long, slender body",celery
"long, slender body",cello
"long, slender body",cheese
"long, slender body",cheetah
"long, slender body",cherry
"long, slender body",chicken
"long, slender body",chili
"long, slender body",chinchilla
"long, slender body",chisel
"long, slender body",chocolate
"long, slender body",clarinet
"long, slender body",coat
"long, slender body",cockroach
"long, slender body",coconut
"long, slender body",corkscrew
"long, slender body",corn
"long, slender body",costume
"long, slender body",cranberry
"long, slender body",crow
"long, slender body",crowbar
"long, slender body",dagger
"long, slender body",dragonfly
"long, slender body",dress
"long, slender body",drill
"long, slender body",drum
"long, slender body",duck
"long, slender body",eagle
"long, slender body",earwig
"long, slender body",eggbeater
"long, slender body",fern
"long, slender body",fig
"long, slender body",file
"long, slender body",flute
"long, slender body",fly
"long, slender body",fruit
"long, slender body",gong
"long, slender body",grasshopper
"long, slender body",grenade
"long, slender body",gun
"long, slender body",hat
"long, slender body",jeans
"long, slender body",jeep
"long, slender body",missile
"long, slender body",motorcycle
"long, slender body",ostrich
"long, slender body",owl
"long, slender body",pants
"long, slender body",parrot
"long, slender body",peacock
"long, slender body",pelican
"long, slender body",penguin
"long, slender body",rifle
"long, slender body",scooter
"long, slender body",skateboard
"long, slender body",sled
"long, slender body",slingshot
"long, slender body",spear
"long, slender body",tree
"long, slender body",tumbleweed
low in calories,accordion
low in calories,acorn
low in calories,airplane
low in calories,aloe
low in calories,ant
low in calories,anteater
low in calories,antelope
low in calories,anvil
low in calories,apple
low in calories,artichoke
low in calories,asparagus
low in calories,avocado
low in calories,axe
low in calories,bagel
low in calories,bagpipe
low in calories,bamboo
low in calories,banana
low in calories,banjo
low in calories,barrel
low in calories,basket
low in calories,bassoon
low in calories,bat
low in calories,bazooka
low in calories,bean
low in calories,bear
low in calories,beaver
low in calories,bed
low in calories,bee
low in calories,beet
low in calories,beetle
low in calories,bell
low in calories,belt
low in calories,bench
low in calories,bird
low in calories,bison
low in calories,blackberry
low in calories,blender
low in calories,blouse
low in calories,blowtorch
low in calories,blueberry
low in calories,boa
low in calories,boar
low in calories,bottle
low in calories,bra
low in calories,bread
low in calories,broccoli
low in calories,brownie
low in calories,brussels sprouts
low in calories,bucket
low in calories,burner
low in calories,burrito
low in calories,bus
low in calories,butterfly
low in calories,cabbage
low in calories,cactus
low in calories,cake
low in calories,camel
low in calories,can opener
low in calories,candelabra
low in calories,candle
low in calories,candy
low in calories,cannon
low in calories,car
low in calories,carriage
low in calories,carrot
low in calories,cart
low in calories,cat
low in calories,caterpillar
low in calories,cauliflower
low in calories,celery
low in calories,cello
low in calories,cheese
low in calories,cheetah
low in calories,cherry
low in calories,chicken
low in calories,chili
low in calories,chinchilla
low in calories,chisel
low in calories,chocolate
low in calories,clarinet
low in calories,coat
low in calories,cockroach
low in calories,coconut
low in calories,corkscrew
low in calories,corn
low in calories,costume
low in calories,cranberry
low in calories,crow
low in calories,crowbar
low in calories,dagger
low in calories,dragonfly
low in calories,dress
low in calories,drill
low in calories,drum
low in calories,duck
low in calories,eagle
low in calories,earwig
low in calories,eggbeater
low in calories,fern
low in calories,fig
low in calories,file
low in calories,flute
low in calories,fly
low in calories,fruit
low in calories,gong
low in calories,grasshopper
low in calories,grenade
low in calories,gun
low in calories,hat
low in calories,jeans
low in calories,jeep
low in calories,missile
low in calories,motorcycle
low in calories,ostrich
low in calories,owl
low in calories,pants
low in calories,parrot
low in calories,peacock
low in calories,pelican
low in calories,penguin
low in calories,rifle
low in calories,scooter
low in calories,skateboard
low in calories,sled
low in calories,slingshot
low in calories,spear
low in calories,tree
low in calories,tumbleweed
material,accordion
material,acorn
material,airplane
material,aloe
material,ant
material,anteater
material,antelope
material,anvil
material,apple
material,artichoke
material,asparagus
material,avocado
material,axe
material,bagel
material,bagpipe
material,bamboo
material,banana
material,banjo
material,barrel
material,basket
material,bassoon
material,bat
material,bazooka
material,bean
material,bear
material,beaver
material,bed
material,bee
material,beet
material,beetle
material,bell
material,belt
material,bench
material,bird
material,bison
material,blackberry
material,blender
material,blouse
material,blowtorch
material,blueberry
material,boa
material,boar
material,bottle
material,bra
material,bread
material,broccoli
material,brownie
material,brussels sprouts
material,bucket
material,burner
material,burrito
material,bus
material,butterfly
material,cabbage
material,cactus
material,cake
material,camel
material,can opener
material,candelabra
material,candle
material,candy
material,cannon
material,car
material,carriage
material,carrot
material,cart
material,cat
material,caterpillar
material,cauliflower
material,celery
material,cello
material,cheese
material,cheetah
material,cherry
material,chicken
material,chili
material,chinchilla
material,chisel
material,chocolate
material,clarinet
material,coat
material,cockroach
material,coconut
material,corkscrew
material,corn
material,costume
material,cranberry
material,crow
material,crowbar
material,dagger
material,dragonfly
material,dress
material,drill
material,drum
material,duck
material,eagle
material,earwig
material,eggbeater
material,fern
material,fig
material,file
material,flute
material,fly
material,fruit
material,gong
material,grasshopper
material,grenade
material,gun
material,hat
material,jeans
material,jeep
material,missile
material,motorcycle
material,ostrich
material,owl
material,pants
material,parrot
material,peacock
material,pelican
material,penguin
material,rifle
material,scooter
material,skateboard
material,sled
material,slingshot
material,spear
material,tree
material,tumbleweed
nocturnal,accordion
nocturnal,acorn
nocturnal,airplane
nocturnal,aloe
nocturnal,ant
nocturnal,anteater
nocturnal,antelope
nocturnal,anvil
nocturnal,apple
nocturnal,artichoke
nocturnal,asparagus
nocturnal,avocado
nocturnal,axe
nocturnal,bagel
nocturnal,bagpipe
nocturnal,bamboo
nocturnal,banana
nocturnal,banjo
nocturnal,barrel
nocturnal,basket
nocturnal,bassoon
nocturnal,bat
nocturnal,bazooka
nocturnal,bean
nocturnal,bear
nocturnal,beaver
nocturnal,bed
nocturnal,bee
nocturnal,beet
nocturnal,beetle
nocturnal,bell
nocturnal,belt
nocturnal,bench
nocturnal,bird
nocturnal,bison
nocturnal,blackberry
nocturnal,blender
nocturnal,blouse
nocturnal,blowtorch
nocturnal,blueberry
nocturnal,boa
nocturnal,boar
nocturnal,bottle
nocturnal,bra
nocturnal,bread
nocturnal,broccoli
nocturnal,brownie
nocturnal,brussels sprouts
nocturnal,bucket
nocturnal,burner
nocturnal,burrito
nocturnal,bus
nocturnal,butterfly
nocturnal,cabbage
nocturnal,cactus
nocturnal,cake
nocturnal,camel
nocturnal,can opener
nocturnal,candelabra
nocturnal,candle
nocturnal,candy
nocturnal,cannon
nocturnal,car
nocturnal,carriage
nocturnal,carrot
nocturnal,cart
nocturnal,cat
nocturnal,caterpillar
nocturnal,cauliflower
nocturnal,celery
nocturnal,cello
nocturnal,cheese
nocturnal,cheetah
nocturnal,cherry
nocturnal,chicken
nocturnal,chili
nocturnal,chinchilla
nocturnal,chisel
nocturnal,chocolate
nocturnal,clarinet
nocturnal,coat
nocturnal,cockroach
nocturnal,coconut
nocturnal,corkscrew
nocturnal,corn
nocturnal,costume
nocturnal,cranberry
nocturnal,crow
nocturnal,crowbar
nocturnal,dagger
nocturnal,dragonfly
nocturnal,dress
nocturnal,drill
nocturnal,drum
nocturnal,duck
nocturnal,eagle
nocturnal,earwig
nocturnal,eggbeater
nocturnal,fern
nocturnal,fig
nocturnal,file
nocturnal,flute
nocturnal,fly
nocturnal,fruit
nocturnal,gong
nocturnal,grasshopper
nocturnal,grenade
nocturnal,gun
nocturnal,hat
nocturnal,jeans
nocturnal,jeep
nocturnal,missile
nocturnal,motorcycle
nocturnal,ostrich
nocturnal,owl
nocturnal,pants
nocturnal,parrot
nocturnal,peacock
nocturnal,pelican
nocturnal,penguin
nocturnal,rifle
nocturnal,scooter
nocturnal,skateboard
nocturnal,sled
nocturnal,slingshot
nocturnal,spear
nocturnal,tree
nocturnal,tumbleweed
nutritious,accordion
nutritious,acorn
nutritious,airplane
nutritious,aloe
nutritious,ant
nutritious,anteater
nutritious,antelope
nutritious,anvil
nutritious,apple
nutritious,artichoke
nutritious,asparagus
nutritious,avocado
nutritious,axe
nutritious,bagel
nutritious,bagpipe
nutritious,bamboo
nutritious,banana
nutritious,banjo
nutritious,barrel
nutritious,basket
nutritious,bassoon
nutritious,bat
nutritious,bazooka
nutritious,bean
nutritious,bear
nutritious,beaver
nutritious,bed
nutritious,bee
nutritious,beet
nutritious,beetle
nutritious,bell
nutritious,belt
nutritious,bench
nutritious,bird
nutritious,bison
nutritious,blackberry
nutritious,blender
nutritious,blouse
nutritious,blowtorch
nutritious,blueberry
nutritious,boa
nutritious,boar
nutritious,bottle
nutritious,bra
nutritious,bread
nutritious,broccoli
nutritious,brownie
nutritious,brussels sprouts
nutritious,bucket
nutritious,burner
nutritious,burrito
nutritious,bus
nutritious,butterfly
nutritious,cabbage
nutritious,cactus
nutritious,cake
nutritious,camel
nutritious,can opener
nutritious,candelabra
nutritious,candle
nutritious,candy
nutritious,cannon
nutritious,car
nutritious,carriage
nutritious,carrot
nutritious,cart
nutritious,cat
nutritious,caterpillar
nutritious,cauliflower
nutritious,celery
nutritious,cello
nutritious,cheese
nutritious,cheetah
nutritious,cherry
nutritious,chicken
nutritious,chili
nutritious,chinchilla
nutritious,chisel
nutritious,chocolate
nutritious,clarinet
nutritious,coat
nutritious,cockroach
nutritious,coconut
nutritious,corkscrew
nutritious,corn
nutritious,costume
nutritious,cranberry
nutritious,crow
nutritious,crowbar
nutritious,dagger
nutritious,dragonfly
nutritious,dress
nutritious,drill
nutritious,drum
nutritious,duck
nutritious,eagle
nutritious,earwig
nutritious,eggbeater
nutritious,fern
nutritious,fig
nutritious,file
nutritious,flute
nutritious,fly
nutritious,fruit
nutritious,gong
nutritious,grasshopper
nutritious,grenade
nutritious,gun
nutritious,hat
nutritious,jeans
nutritious,jeep
nutritious,missile
nutritious,motorcycle
nutritious,ostrich
nutritious,owl
nutritious,pants
nutritious,parrot
nutritious,peacock
nutritious,pelican
nutritious,penguin
nutritious,rifle
nutritious,scooter
nutritious,skateboard
nutritious,sled
nutritious,slingshot
nutritious,spear
nutritious,tree
nutritious,tumbleweed
omnivorous diet,accordion
omnivorous diet,acorn
omnivorous diet,airplane
omnivorous diet,aloe
omnivorous diet,ant
omnivorous diet,anteater
omnivorous diet,antelope
omnivorous diet,anvil
omnivorous diet,apple
omnivorous diet,artichoke
omnivorous diet,asparagus
omnivorous diet,avocado
omnivorous diet,axe
omnivorous diet,bagel
omnivorous diet,bagpipe
omnivorous diet,bamboo
omnivorous diet,banana
omnivorous diet,banjo
omnivorous diet,barrel
omnivorous diet,basket
omnivorous diet,bassoon
omnivorous diet,bat
omnivorous diet,bazooka
omnivorous diet,bean
omnivorous diet,bear
omnivorous diet,beaver
omnivorous diet,bed
omnivorous diet,bee
omnivorous diet,beet
omnivorous diet,beetle
omnivorous diet,bell
omnivorous diet,belt
omnivorous diet,bench
omnivorous diet,bird
omnivorous diet,bison
omnivorous diet,blackberry
omnivorous diet,blender
omnivorous diet,blouse
omnivorous diet,blowtorch
omnivorous diet,blueberry
omnivorous diet,boa
omnivorous diet,boar
omnivorous diet,bottle
omnivorous diet,bra
omnivorous diet,bread
omnivorous diet,broccoli
omnivorous diet,brownie
omnivorous diet,brussels sprouts
omnivorous diet,bucket
omnivorous diet,burner
omnivorous diet,burrito
omnivorous diet,bus
omnivorous diet,butterfly
omnivorous diet,cabbage
omnivorous diet,cactus
omnivorous diet,cake
omnivorous diet,camel
omnivorous diet,can opener
omnivorous diet,candelabra
omnivorous diet,candle
omnivorous diet,candy
omnivorous diet,cannon
omnivorous diet,car
omnivorous diet,carriage
omnivorous diet,carrot
omnivorous diet,cart
omnivorous diet,cat
omnivorous diet,caterpillar
omnivorous diet,cauliflower
omnivorous diet,celery
omnivorous diet,cello
omnivorous diet,cheese
omnivorous diet,cheetah
omnivorous diet,cherry
omnivorous diet,chicken
omnivorous diet,chili
omnivorous diet,chinchilla
omnivorous diet,chisel
omnivorous diet,chocolate
omnivorous diet,clarinet
omnivorous diet,coat
omnivorous diet,cockroach
omnivorous diet,coconut
omnivorous diet,corkscrew
omnivorous diet,corn
omnivorous diet,costume
omnivorous diet,cranberry
omnivorous diet,crow
omnivorous diet,crowbar
omnivorous diet,dagger
omnivorous diet,dragonfly
omnivorous diet,dress
omnivorous diet,drill
omnivorous diet,drum
omnivorous diet,duck
omnivorous diet,eagle
omnivorous diet,earwig
omnivorous diet,eggbeater
omnivorous diet,fern
omnivorous diet,fig
omnivorous diet,file
omnivorous diet,flute
omnivorous diet,fly
omnivorous diet,fruit
omnivorous diet,gong
omnivorous diet,grasshopper
omnivorous diet,grenade
omnivorous diet,gun
omnivorous diet,hat
omnivorous diet,jeans
omnivorous diet,jeep
omnivorous diet,missile
omnivorous diet,motorcycle
omnivorous diet,ostrich
omnivorous diet,owl
omnivorous diet,pants
omnivorous diet,parrot
omnivorous diet,peacock
omnivorous diet,pelican
omnivorous diet,penguin
omnivorous diet,rifle
omnivorous diet,scooter
omnivorous diet,skateboard
omnivorous diet,sled
omnivorous diet,slingshot
omnivorous diet,spear
omnivorous diet,tree
omnivorous diet,tumbleweed
oval shape,accordion
oval shape,acorn
oval shape,airplane
oval shape,aloe
oval shape,ant
oval shape,anteater
oval shape,antelope
oval shape,anvil
oval shape,apple
oval shape,artichoke
oval shape,asparagus
oval shape,avocado
oval shape,axe
oval shape,bagel
oval shape,bagpipe
oval shape,bamboo
oval shape,banana
oval shape,banjo
oval shape,barrel
oval shape,basket
oval shape,bassoon
oval shape,bat
oval shape,bazooka
oval shape,bean
oval shape,bear
oval shape,beaver
oval shape,bed
oval shape,bee
oval shape,beet
oval shape,beetle
oval shape,bell
oval shape,belt
oval shape,bench
oval shape,bird
oval shape,bison
oval shape,blackberry
oval shape,blender
oval shape,blouse
oval shape,blowtorch
oval shape,blueberry
oval shape,boa
oval shape,boar
oval shape,bottle
oval shape,bra
oval shape,bread
oval shape,broccoli
oval shape,brownie
oval shape,brussels sprouts
oval shape,bucket
oval shape,burner
oval shape,burrito
oval shape,bus
oval shape,butterfly
oval shape,cabbage
oval shape,cactus
oval shape,cake
oval shape,camel
oval shape,can opener
oval shape,candelabra
oval shape,candle
oval shape,candy
oval shape,cannon
oval shape,car
oval shape,carriage
oval shape,carrot
oval shape,cart
oval shape,cat
oval shape,caterpillar
oval shape,cauliflower
oval shape,celery
oval shape,cello
oval shape,cheese
oval shape,cheetah
oval shape,cherry
oval shape,chicken
oval shape,chili
oval shape,chinchilla
oval shape,chisel
oval shape,chocolate
oval shape,clarinet
oval shape,coat
oval shape,cockroach
oval shape,coconut
oval shape,corkscrew
oval shape,corn
oval shape,costume
oval shape,cranberry
oval shape,crow
oval shape,crowbar
oval shape,dagger
oval shape,dragonfly
oval shape,dress
oval shape,drill
oval shape,drum
oval shape,duck
oval shape,eagle
oval shape,earwig
oval shape,eggbeater
oval shape,fern
oval shape,fig
oval shape,file
oval shape,flute
oval shape,fly
oval shape,fruit
oval shape,gong
oval shape,grasshopper
oval shape,grenade
oval shape,gun
oval shape,hat
oval shape,jeans
oval shape,jeep
oval shape,missile
oval shape,motorcycle
oval shape,ostrich
oval shape,owl
oval shape,pants
oval shape,parrot
oval shape,peacock
oval shape,pelican
oval shape,penguin
oval shape,rifle
oval shape,scooter
oval shape,skateboard
oval shape,sled
oval shape,slingshot
oval shape,spear
oval shape,tree
oval shape,tumbleweed
pockets,accordion
pockets,acorn
pockets,airplane
pockets,aloe
pockets,ant
pockets,anteater
pockets,antelope
pockets,anvil
pockets,apple
pockets,artichoke
pockets,asparagus
pockets,avocado
pockets,axe
pockets,bagel
pockets,bagpipe
pockets,bamboo
pockets,banana
pockets,banjo
pockets,barrel
pockets,basket
pockets,bassoon
pockets,bat
pockets,bazooka
pockets,bean
pockets,bear
pockets,beaver
pockets,bed
pockets,bee
pockets,beet
pockets,beetle
pockets,bell
pockets,belt
pockets,bench
pockets,bird
pockets,bison
pockets,blackberry
pockets,blender
pockets,blouse
pockets,blowtorch
pockets,blueberry
pockets,boa
pockets,boar
pockets,bottle
pockets,bra
pockets,bread
pockets,broccoli
pockets,brownie
pockets,brussels sprouts
pockets,bucket
pockets,burner
pockets,burrito
pockets,bus
pockets,butterfly
pockets,cabbage
pockets,cactus
pockets,cake
pockets,camel
pockets,can opener
pockets,candelabra
pockets,candle
pockets,candy
pockets,cannon
pockets,car
pockets,carriage
pockets,carrot
pockets,cart
pockets,cat
pockets,caterpillar
pockets,cauliflower
pockets,celery
pockets,cello
pockets,cheese
pockets,cheetah
pockets,cherry
pockets,chicken
pockets,chili
pockets,chinchilla
pockets,chisel
pockets,chocolate
pockets,clarinet
pockets,coat
pockets,cockroach
pockets,coconut
pockets,corkscrew
pockets,corn
pockets,costume
pockets,cranberry
pockets,crow
pockets,crowbar
pockets,dagger
pockets,dragonfly
pockets,dress
pockets,drill
pockets,drum
pockets,duck
pockets,eagle
pockets,earwig
pockets,eggbeater
pockets,fern
pockets,fig
pockets,file
pockets,flute
pockets,fly
pockets,fruit
pockets,gong
pockets,grasshopper
pockets,grenade
pockets,gun
pockets,hat
pockets,jeans
pockets,jeep
pockets,missile
pockets,motorcycle
pockets,ostrich
pockets,owl
pockets,pants
pockets,parrot
pockets,peacock
pockets,pelican
pockets,penguin
pockets,rifle
pockets,scooter
pockets,skateboard
pockets,sled
pockets,slingshot
pockets,spear
pockets,tree
pockets,tumbleweed
portable,accordion
portable,acorn
portable,airplane
portable,aloe
portable,ant
portable,anteater
portable,antelope
portable,anvil
portable,apple
portable,artichoke
portable,asparagus
portable,avocado
portable,axe
portable,bagel
portable,bagpipe
portable,bamboo
portable,banana
portable,banjo
portable,barrel
portable,basket
portable,bassoon
portable,bat
portable,bazooka
portable,bean
portable,bear
portable,beaver
portable,bed
portable,bee
portable,beet
portable,beetle
portable,bell
portable,belt
portable,bench
portable,bird
portable,bison
portable,blackberry
portable,blender
portable,blouse
portable,blowtorch
portable,blueberry
portable,boa
portable,boar
portable,bottle
portable,bra
portable,bread
portable,broccoli
portable,brownie
portable,brussels sprouts
portable,bucket
portable,burner
portable,burrito
portable,bus
portable,butterfly
portable,cabbage
portable,cactus
portable,cake
portable,camel
portable,can opener
portable,candelabra
portable,candle
portable,candy
portable,cannon
portable,car
portable,carriage
portable,carrot
portable,cart
portable,cat
portable,caterpillar
portable,cauliflower
portable,celery
portable,cello
portable,cheese
portable,cheetah
portable,cherry
portable,chicken
portable,chili
portable,chinchilla
portable,chisel
portable,chocolate
portable,clarinet
portable,coat
portable,cockroach
portable,coconut
portable,corkscrew
portable,corn
portable,costume
portable,cranberry
portable,crow
portable,crowbar
portable,dagger
portable,dragonfly
portable,dress
portable,drill
portable,drum
portable,duck
portable,eagle
portable,earwig
portable,eggbeater
portable,fern
portable,fig
portable,file
portable,flute
portable,fly
portable,fruit
portable,gong
portable,grasshopper
portable,grenade
portable,gun
portable,hat
portable,jeans
portable,jeep
portable,missile
portable,motorcycle
portable,ostrich
portable,owl
portable,pants
portable,parrot
portable,peacock
portable,pelican
portable,penguin
portable,rifle
portable,scooter
portable,skateboard
portable,sled
portable,slingshot
portable,spear
portable,tree
portable,tumbleweed
rich in dietary fiber,accordion
rich in dietary fiber,acorn
rich in dietary fiber,airplane
rich in dietary fiber,aloe
rich in dietary fiber,ant
rich in dietary fiber,anteater
rich in dietary fiber,antelope
rich in dietary fiber,anvil
rich in dietary fiber,apple
rich in dietary fiber,artichoke
rich in dietary fiber,asparagus
rich in dietary fiber,avocado
rich in dietary fiber,axe
rich in dietary fiber,bagel
rich in dietary fiber,bagpipe
rich in dietary fiber,bamboo
rich in dietary fiber,banana
rich in dietary fiber,banjo
rich in dietary fiber,barrel
rich in dietary fiber,basket
rich in dietary fiber,bassoon
rich in dietary fiber,bat
rich in dietary fiber,bazooka
rich in dietary fiber,bean
rich in dietary fiber,bear
rich in dietary fiber,beaver
rich in dietary fiber,bed
rich in dietary fiber,bee
rich in dietary fiber,beet
rich in dietary fiber,beetle
rich in dietary fiber,bell
rich in dietary fiber,belt
rich in dietary fiber,bench
rich in dietary fiber,bird
rich in dietary fiber,bison
rich in dietary fiber,blackberry
rich in dietary fiber,blender
rich in dietary fiber,blouse
rich in dietary fiber,blowtorch
rich in dietary fiber,blueberry
rich in dietary fiber,boa
rich in dietary fiber,boar
rich in dietary fiber,bottle
rich in dietary fiber,bra
rich in dietary fiber,bread
rich in dietary fiber,broccoli
rich in dietary fiber,brownie
rich in dietary fiber,brussels sprouts
rich in dietary fiber,bucket
rich in dietary fiber,burner
rich in dietary fiber,burrito
rich in dietary fiber,bus
rich in dietary fiber,butterfly
rich in dietary fiber,cabbage
rich in dietary fiber,cactus
rich in dietary fiber,cake
rich in dietary fiber,camel
rich in dietary fiber,can opener
rich in dietary fiber,candelabra
rich in dietary fiber,candle
rich in dietary fiber,candy
rich in dietary fiber,cannon
rich in dietary fiber,car
rich in dietary fiber,carriage
rich in dietary fiber,carrot
rich in dietary fiber,cart
rich in dietary fiber,cat
rich in dietary fiber,caterpillar
rich in dietary fiber,cauliflower
rich in dietary fiber,celery
rich in dietary fiber,cello
rich in dietary fiber,cheese
rich in dietary fiber,cheetah
rich in dietary fiber,cherry
rich in dietary fiber,chicken
rich in dietary fiber,chili
rich in dietary fiber,chinchilla
rich in dietary fiber,chisel
rich in dietary fiber,chocolate
rich in dietary fiber,clarinet
rich in dietary fiber,coat
rich in dietary fiber,cockroach
rich in dietary fiber,coconut
rich in dietary fiber,corkscrew
rich in dietary fiber,corn
rich in dietary fiber,costume
rich in dietary fiber,cranberry
rich in dietary fiber,crow
rich in dietary fiber,crowbar
rich in dietary fiber,dagger
rich in dietary fiber,dragonfly
rich in dietary fiber,dress
rich in dietary fiber,drill
rich in dietary fiber,drum
rich in dietary fiber,duck
rich in dietary fiber,eagle
rich in dietary fiber,earwig
rich in dietary fiber,eggbeater
rich in dietary fiber,fern
rich in dietary fiber,fig
rich in dietary fiber,file
rich in dietary fiber,flute
rich in dietary fiber,fly
rich in dietary fiber,fruit
rich in dietary fiber,gong
rich in dietary fiber,grasshopper
rich in dietary fiber,grenade
rich in dietary fiber,gun
rich in dietary fiber,hat
rich in dietary fiber,jeans
rich in dietary fiber,jeep
rich in dietary fiber,missile
rich in dietary fiber,motorcycle
rich in dietary fiber,ostrich
rich in dietary fiber,owl
rich in dietary fiber,pants
rich in dietary fiber,parrot
rich in dietary fiber,peacock
rich in dietary fiber,pelican
rich in dietary fiber,penguin
rich in dietary fiber,rifle
rich in dietary fiber,scooter
rich in dietary fiber,skateboard
rich in dietary fiber,sled
rich in dietary fiber,slingshot
rich in dietary fiber,spear
rich in dietary fiber,tree
rich in dietary fiber,tumbleweed
rich in vitamins and minerals,accordion
rich in vitamins and minerals,acorn
rich in vitamins and minerals,airplane
rich in vitamins and minerals,aloe
rich in vitamins and minerals,ant
rich in vitamins and minerals,anteater
rich in vitamins and minerals,antelope
rich in vitamins and minerals,anvil
rich in vitamins and minerals,apple
rich in vitamins and minerals,artichoke
rich in vitamins and minerals,asparagus
rich in vitamins and minerals,avocado
rich in vitamins and minerals,axe
rich in vitamins and minerals,bagel
rich in vitamins and minerals,bagpipe
rich in vitamins and minerals,bamboo
rich in vitamins and minerals,banana
rich in vitamins and minerals,banjo
rich in vitamins and minerals,barrel
rich in vitamins and minerals,basket
rich in vitamins and minerals,bassoon
rich in vitamins and minerals,bat
rich in vitamins and minerals,bazooka
rich in vitamins and minerals,bean
rich in vitamins and minerals,bear
rich in vitamins and minerals,beaver
rich in vitamins and minerals,bed
rich in vitamins and minerals,bee
rich in vitamins and minerals,beet
rich in vitamins and minerals,beetle
rich in vitamins and minerals,bell
rich in vitamins and minerals,belt
rich in vitamins and minerals,bench
rich in vitamins and minerals,bird
rich in vitamins and minerals,bison
rich in vitamins and minerals,blackberry
rich in vitamins and minerals,blender
rich in vitamins and minerals,blouse
rich in vitamins and minerals,blowtorch
rich in vitamins and minerals,blueberry
rich in vitamins and minerals,boa
rich in vitamins and minerals,boar
rich in vitamins and minerals,bottle
rich in vitamins and minerals,bra
rich in vitamins and minerals,bread
rich in vitamins and minerals,broccoli
rich in vitamins and minerals,brownie
rich in vitamins and minerals,brussels sprouts
rich in vitamins and minerals,bucket
rich in vitamins and minerals,burner
rich in vitamins and minerals,burrito
rich in vitamins and minerals,bus
rich in vitamins and minerals,butterfly
rich in vitamins and minerals,cabbage
rich in vitamins and minerals,cactus
rich in vitamins and minerals,cake
rich in vitamins and minerals,camel
rich in vitamins and minerals,can opener
rich in vitamins and minerals,candelabra
rich in vitamins and minerals,candle
rich in vitamins and minerals,candy
rich in vitamins and minerals,cannon
rich in vitamins and minerals,car
rich in vitamins and minerals,carriage
rich in vitamins and minerals,carrot
rich in vitamins and minerals,cart
rich in vitamins and minerals,cat
rich in vitamins and minerals,caterpillar
rich in vitamins and minerals,cauliflower
rich in vitamins and minerals,celery
rich in vitamins and minerals,cello
rich in vitamins and minerals,cheese
rich in vitamins and minerals,cheetah
rich in vitamins and minerals,cherry
rich in vitamins and minerals,chicken
rich in vitamins and minerals,chili
rich in vitamins and minerals,chinchilla
rich in vitamins and minerals,chisel
rich in vitamins and minerals,chocolate
rich in vitamins and minerals,clarinet
rich in vitamins and minerals,coat
rich in vitamins and minerals,cockroach
rich in vitamins and minerals,coconut
rich in vitamins and minerals,corkscrew
rich in vitamins and minerals,corn
rich in vitamins and minerals,costume
rich in vitamins and minerals,cranberry
rich in vitamins and minerals,crow
rich in vitamins and minerals,crowbar
rich in vitamins and minerals,dagger
rich in vitamins and minerals,dragonfly
rich in vitamins and minerals,dress
rich in vitamins and minerals,drill
rich in vitamins and minerals,drum
rich in vitamins and minerals,duck
rich in vitamins and minerals,eagle
rich in vitamins and minerals,earwig
rich in vitamins and minerals,eggbeater
rich in vitamins and minerals,fern
rich in vitamins and minerals,fig
rich in vitamins and minerals,file
rich in vitamins and minerals,flute
rich in vitamins and minerals,fly
rich in vitamins and minerals,fruit
rich in vitamins and minerals,gong
rich in vitamins and minerals,grasshopper
rich in vitamins and minerals,grenade
rich in vitamins and minerals,gun
rich in vitamins and minerals,hat
rich in vitamins and minerals,jeans
rich in vitamins and minerals,jeep
rich in vitamins and minerals,missile
rich in vitamins and minerals,motorcycle
rich in vitamins and minerals,ostrich
rich in vitamins and minerals,owl
rich in vitamins and minerals,pants
rich in vitamins and minerals,parrot
rich in vitamins and minerals,peacock
rich in vitamins and minerals,pelican
rich in vitamins and minerals,penguin
rich in vitamins and minerals,rifle
rich in vitamins and minerals,scooter
rich in vitamins and minerals,skateboard
rich in vitamins and minerals,sled
rich in vitamins and minerals,slingshot
rich in vitamins and minerals,spear
rich in vitamins and minerals,tree
rich in vitamins and minerals,tumbleweed
rich in vitamins c and k,accordion
rich in vitamins c and k,acorn
rich in vitamins c and k,airplane
rich in vitamins c and k,aloe
rich in vitamins c and k,ant
rich in vitamins c and k,anteater
rich in vitamins c and k,antelope
rich in vitamins c and k,anvil
rich in vitamins c and k,apple
rich in vitamins c and k,artichoke
rich in vitamins c and k,asparagus
rich in vitamins c and k,avocado
rich in vitamins c and k,axe
rich in vitamins c and k,bagel
rich in vitamins c and k,bagpipe
rich in vitamins c and k,bamboo
rich in vitamins c and k,banana
rich in vitamins c and k,banjo
rich in vitamins c and k,barrel
rich in vitamins c and k,basket
rich in vitamins c and k,bassoon
rich in vitamins c and k,bat
rich in vitamins c and k,bazooka
rich in vitamins c and k,bean
rich in vitamins c and k,bear
rich in vitamins c and k,beaver
rich in vitamins c and k,bed
rich in vitamins c and k,bee
rich in vitamins c and k,beet
rich in vitamins c and k,beetle
rich in vitamins c and k,bell
rich in vitamins c and k,belt
rich in vitamins c and k,bench
rich in vitamins c and k,bird
rich in vitamins c and k,bison
rich in vitamins c and k,blackberry
rich in vitamins c and k,blender
rich in vitamins c and k,blouse
rich in vitamins c and k,blowtorch
rich in vitamins c and k,blueberry
rich in vitamins c and k,boa
rich in vitamins c and k,boar
rich in vitamins c and k,bottle
rich in vitamins c and k,bra
rich in vitamins c and k,bread
rich in vitamins c and k,broccoli
rich in vitamins c and k,brownie
rich in vitamins c and k,brussels sprouts
rich in vitamins c and k,bucket
rich in vitamins c and k,burner
rich in vitamins c and k,burrito
rich in vitamins c and k,bus
rich in vitamins c and k,butterfly
rich in vitamins c and k,cabbage
rich in vitamins c and k,cactus
rich in vitamins c and k,cake
rich in vitamins c and k,camel
rich in vitamins c and k,can opener
rich in vitamins c and k,candelabra
rich in vitamins c and k,candle
rich in vitamins c and k,candy
rich in vitamins c and k,cannon
rich in vitamins c and k,car
rich in vitamins c and k,carriage
rich in vitamins c and k,carrot
rich in vitamins c and k,cart
rich in vitamins c and k,cat
rich in vitamins c and k,caterpillar
rich in vitamins c and k,cauliflower
rich in vitamins c and k,celery
rich in vitamins c and k,cello
rich in vitamins c and k,cheese
rich in vitamins c and k,cheetah
rich in vitamins c and k,cherry
rich in vitamins c and k,chicken
rich in vitamins c and k,chili
rich in vitamins c and k,chinchilla
rich in vitamins c and k,chisel
rich in vitamins c and k,chocolate
rich in vitamins c and k,clarinet
rich in vitamins c and k,coat
rich in vitamins c and k,cockroach
rich in vitamins c and k,coconut
rich in vitamins c and k,corkscrew
rich in vitamins c and k,corn
rich in vitamins c and k,costume
rich in vitamins c and k,cranberry
rich in vitamins c and k,crow
rich in vitamins c and k,crowbar
rich in vitamins c and k,dagger
rich in vitamins c and k,dragonfly
rich in vitamins c and k,dress
rich in vitamins c and k,drill
rich in vitamins c and k,drum
rich in vitamins c and k,duck
rich in vitamins c and k,eagle
rich in vitamins c and k,earwig
rich in vitamins c and k,eggbeater
rich in vitamins c and k,fern
rich in vitamins c and k,fig
rich in vitamins c and k,file
rich in vitamins c and k,flute
rich in vitamins c and k,fly
rich in vitamins c and k,fruit
rich in vitamins c and k,gong
rich in vitamins c and k,grasshopper
rich in vitamins c and k,grenade
rich in vitamins c and k,gun
rich in vitamins c and k,hat
rich in vitamins c and k,jeans
rich in vitamins c and k,jeep
rich in vitamins c and k,missile
rich in vitamins c and k,motorcycle
rich in vitamins c and k,ostrich
rich in vitamins c and k,owl
rich in vitamins c and k,pants
rich in vitamins c and k,parrot
rich in vitamins c and k,peacock
rich in vitamins c and k,pelican
rich in vitamins c and k,penguin
rich in vitamins c and k,rifle
rich in vitamins c and k,scooter
rich in vitamins c and k,skateboard
rich in vitamins c and k,sled
rich in vitamins c and k,slingshot
rich in vitamins c and k,spear
rich in vitamins c and k,tree
rich in vitamins c and k,tumbleweed
round in shape,accordion
round in shape,acorn
round in shape,airplane
round in shape,aloe
round in shape,ant
round in shape,anteater
round in shape,antelope
round in shape,anvil
round in shape,apple
round in shape,artichoke
round in shape,asparagus
round in shape,avocado
round in shape,axe
round in shape,bagel
round in shape,bagpipe
round in shape,bamboo
round in shape,banana
round in shape,banjo
round in shape,barrel
round in shape,basket
round in shape,bassoon
round in shape,bat
round in shape,bazooka
round in shape,bean
round in shape,bear
round in shape,beaver
round in shape,bed
round in shape,bee
round in shape,beet
round in shape,beetle
round in shape,bell
round in shape,belt
round in shape,bench
round in shape,bird
round in shape,bison
round in shape,blackberry
round in shape,blender
round in shape,blouse
round in shape,blowtorch
round in shape,blueberry
round in shape,boa
round in shape,boar
round in shape,bottle
round in shape,bra
round in shape,bread
round in shape,broccoli
round in shape,brownie
round in shape,brussels sprouts
round in shape,bucket
round in shape,burner
round in shape,burrito
round in shape,bus
round in shape,butterfly
round in shape,cabbage
round in shape,cactus
round in shape,cake
round in shape,camel
round in shape,can opener
round in shape,candelabra
round in shape,candle
round in shape,candy
round in shape,cannon
round in shape,car
round in shape,carriage
round in shape,carrot
round in shape,cart
round in shape,cat
round in shape,caterpillar
round in shape,cauliflower
round in shape,celery
round in shape,cello
round in shape,cheese
round in shape,cheetah
round in shape,cherry
round in shape,chicken
round in shape,chili
round in shape,chinchilla
round in shape,chisel
round in shape,chocolate
round in shape,clarinet
round in shape,coat
round in shape,cockroach
round in shape,coconut
round in shape,corkscrew
round in shape,corn
round in shape,costume
round in shape,cranberry
round in shape,crow
round in shape,crowbar
round in shape,dagger
round in shape,dragonfly
round in shape,dress
round in shape,drill
round in shape,drum
round in shape,duck
round in shape,eagle
round in shape,earwig
round in shape,eggbeater
round in shape,fern
round in shape,fig
round in shape,file
round in shape,flute
round in shape,fly
round in shape,fruit
round in shape,gong
round in shape,grasshopper
round in shape,grenade
round in shape,gun
round in shape,hat
round in shape,jeans
round in shape,jeep
round in shape,missile
round in shape,motorcycle
round in shape,ostrich
round in shape,owl
round in shape,pants
round in shape,parrot
round in shape,peacock
round in shape,pelican
round in shape,penguin
round in shape,rifle
round in shape,scooter
round in shape,skateboard
round in shape,sled
round in shape,slingshot
round in shape,spear
round in shape,tree
round in shape,tumbleweed
round shape,accordion
round shape,acorn
round shape,airplane
round shape,aloe
round shape,ant
round shape,anteater
round shape,antelope
round shape,anvil
round shape,apple
round shape,artichoke
round shape,asparagus
round shape,avocado
round shape,axe
round shape,bagel
round shape,bagpipe
round shape,bamboo
round shape,banana
round shape,banjo
round shape,barrel
round shape,basket
round shape,bassoon
round shape,bat
round shape,bazooka
round shape,bean
round shape,bear
round shape,beaver
round shape,bed
round shape,bee
round shape,beet
round shape,beetle
round shape,bell
round shape,belt
round shape,bench
round shape,bird
round shape,bison
round shape,blackberry
round shape,blender
round shape,blouse
round shape,blowtorch
round shape,blueberry
round shape,boa
round shape,boar
round shape,bottle
round shape,bra
round shape,bread
round shape,broccoli
round shape,brownie
round shape,brussels sprouts
round shape,bucket
round shape,burner
round shape,burrito
round shape,bus
round shape,butterfly
round shape,cabbage
round shape,cactus
round shape,cake
round shape,camel
round shape,can opener
round shape,candelabra
round shape,candle
round shape,candy
round shape,cannon
round shape,car
round shape,carriage
round shape,carrot
round shape,cart
round shape,cat
round shape,caterpillar
round shape,cauliflower
round shape,celery
round shape,cello
round shape,cheese
round shape,cheetah
round shape,cherry
round shape,chicken
round shape,chili
round shape,chinchilla
round shape,chisel
round shape,chocolate
round shape,clarinet
round shape,coat
round shape,cockroach
round shape,coconut
round shape,corkscrew
round shape,corn
round shape,costume
round shape,cranberry
round shape,crow
round shape,crowbar
round shape,dagger
round shape,dragonfly
round shape,dress
round shape,drill
round shape,drum
round shape,duck
round shape,eagle
round shape,earwig
round shape,eggbeater
round shape,fern
round shape,fig
round shape,file
round shape,flute
round shape,fly
round shape,fruit
round shape,gong
round shape,grasshopper
round shape,grenade
round shape,gun
round shape,hat
round shape,jeans
round shape,jeep
round shape,missile
round shape,motorcycle
round shape,ostrich
round shape,owl
round shape,pants
round shape,parrot
round shape,peacock
round shape,pelican
round shape,penguin
round shape,rifle
round shape,scooter
round shape,skateboard
round shape,sled
round shape,slingshot
round shape,spear
round shape,tree
round shape,tumbleweed
short legs,accordion
short legs,acorn
short legs,airplane
short legs,aloe
short legs,ant
short legs,anteater
short legs,antelope
short legs,anvil
short legs,apple
short legs,artichoke
short legs,asparagus
short legs,avocado
short legs,axe
short legs,bagel
short legs,bagpipe
short legs,bamboo
short legs,banana
short legs,banjo
short legs,barrel
short legs,basket
short legs,bassoon
short legs,bat
short legs,bazooka
short legs,bean
short legs,bear
short legs,beaver
short legs,bed
short legs,bee
short legs,beet
short legs,beetle
short legs,bell
short legs,belt
short legs,bench
short legs,bird
short legs,bison
short legs,blackberry
short legs,blender
short legs,blouse
short legs,blowtorch
short legs,blueberry
short legs,boa
short legs,boar
short legs,bottle
short legs,bra
short legs,bread
short legs,broccoli
short legs,brownie
short legs,brussels sprouts
short legs,bucket
short legs,burner
short legs,burrito
short legs,bus
short legs,butterfly
short legs,cabbage
short legs,cactus
short legs,cake
short legs,camel
short legs,can opener
short legs,candelabra
short legs,candle
short legs,candy
short legs,cannon
short legs,car
short legs,carriage
short legs,carrot
short legs,cart
short legs,cat
short legs,caterpillar
short legs,cauliflower
short legs,celery
short legs,cello
short legs,cheese
short legs,cheetah
short legs,cherry
short legs,chicken
short legs,chili
short legs,chinchilla
short legs,chisel
short legs,chocolate
short legs,clarinet
short legs,coat
short legs,cockroach
short legs,coconut
short legs,corkscrew
short legs,corn
short legs,costume
short legs,cranberry
short legs,crow
short legs,crowbar
short legs,dagger
short legs,dragonfly
short legs,dress
short legs,drill
short legs,drum
short legs,duck
short legs,eagle
short legs,earwig
short legs,eggbeater
short legs,fern
short legs,fig
short legs,file
short legs,flute
short legs,fly
short legs,fruit
short legs,gong
short legs,grasshopper
short legs,grenade
short legs,gun
short legs,hat
short legs,jeans
short legs,jeep
short legs,missile
short legs,motorcycle
short legs,ostrich
short legs,owl
short legs,pants
short legs,parrot
short legs,peacock
short legs,pelican
short legs,penguin
short legs,rifle
short legs,scooter
short legs,skateboard
short legs,sled
short legs,slingshot
short legs,spear
short legs,tree
short legs,tumbleweed
six legs,accordion
six legs,acorn
six legs,airplane
six legs,aloe
six legs,ant
six legs,anteater
six legs,antelope
six legs,anvil
six legs,apple
six legs,artichoke
six legs,asparagus
six legs,avocado
six legs,axe
six legs,bagel
six legs,bagpipe
six legs,bamboo
six legs,banana
six legs,banjo
six legs,barrel
six legs,basket
six legs,bassoon
six legs,bat
six legs,bazooka
six legs,bean
six legs,bear
six legs,beaver
six legs,bed
six legs,bee
six legs,beet
six legs,beetle
six legs,bell
six legs,belt
six legs,bench
six legs,bird
six legs,bison
six legs,blackberry
six legs,blender
six legs,blouse
six legs,blowtorch
six legs,blueberry
six legs,boa
six legs,boar
six legs,bottle
six legs,bra
six legs,bread
six legs,broccoli
six legs,brownie
six legs,brussels sprouts
six legs,bucket
six legs,burner
six legs,burrito
six legs,bus
six legs,butterfly
six legs,cabbage
six legs,cactus
six legs,cake
six legs,camel
six legs,can opener
six legs,candelabra
six legs,candle
six legs,candy
six legs,cannon
six legs,car
six legs,carriage
six legs,carrot
six legs,cart
six legs,cat
six legs,caterpillar
six legs,cauliflower
six legs,celery
six legs,cello
six legs,cheese
six legs,cheetah
six legs,cherry
six legs,chicken
six legs,chili
six legs,chinchilla
six legs,chisel
six legs,chocolate
six legs,clarinet
six legs,coat
six legs,cockroach
six legs,coconut
six legs,corkscrew
six legs,corn
six legs,costume
six legs,cranberry
six legs,crow
six legs,crowbar
six legs,dagger
six legs,dragonfly
six legs,dress
six legs,drill
six legs,drum
six legs,duck
six legs,eagle
six legs,earwig
six legs,eggbeater
six legs,fern
six legs,fig
six legs,file
six legs,flute
six legs,fly
six legs,fruit
six legs,gong
six legs,grasshopper
six legs,grenade
six legs,gun
six legs,hat
six legs,jeans
six legs,jeep
six legs,missile
six legs,motorcycle
six legs,ostrich
six legs,owl
six legs,pants
six legs,parrot
six legs,peacock
six legs,pelican
six legs,penguin
six legs,rifle
six legs,scooter
six legs,skateboard
six legs,sled
six legs,slingshot
six legs,spear
six legs,tree
six legs,tumbleweed
size,accordion
size,acorn
size,airplane
size,aloe
size,ant
size,anteater
size,antelope
size,anvil
size,apple
size,artichoke
size,asparagus
size,avocado
size,axe
size,bagel
size,bagpipe
size,bamboo
size,banana
size,banjo
size,barrel
size,basket
size,bassoon
size,bat
size,bazooka
size,bean
size,bear
size,beaver
size,bed
size,bee
size,beet
size,beetle
size,bell
size,belt
size,bench
size,bird
size,bison
size,blackberry
size,blender
size,blouse
size,blowtorch
size,blueberry
size,boa
size,boar
size,bottle
size,bra
size,bread
size,broccoli
size,brownie
size,brussels sprouts
size,bucket
size,burner
size,burrito
size,bus
size,butterfly
size,cabbage
size,cactus
size,cake
size,camel
size,can opener
size,candelabra
size,candle
size,candy
size,cannon
size,car
size,carriage
size,carrot
size,cart
size,cat
size,caterpillar
size,cauliflower
size,celery
size,cello
size,cheese
size,cheetah
size,cherry
size,chicken
size,chili
size,chinchilla
size,chisel
size,chocolate
size,clarinet
size,coat
size,cockroach
size,coconut
size,corkscrew
size,corn
size,costume
size,cranberry
size,crow
size,crowbar
size,dagger
size,dragonfly
size,dress
size,drill
size,drum
size,duck
size,eagle
size,earwig
size,eggbeater
size,fern
size,fig
size,file
size,flute
size,fly
size,fruit
size,gong
size,grasshopper
size,grenade
size,gun
size,hat
size,jeans
size,jeep
size,missile
size,motorcycle
size,ostrich
size,owl
size,pants
size,parrot
size,peacock
size,pelican
size,penguin
size,rifle
size,scooter
size,skateboard
size,sled
size,slingshot
size,spear
size,tree
size,tumbleweed
small,accordion
small,acorn
small,airplane
small,aloe
small,ant
small,anteater
small,antelope
small,anvil
small,apple
small,artichoke
small,asparagus
small,avocado
small,axe
small,bagel
small,bagpipe
small,bamboo
small,banana
small,banjo
small,barrel
small,basket
small,bassoon
small,bat
small,bazooka
small,bean
small,bear
small,beaver
small,bed
small,bee
small,beet
small,beetle
small,bell
small,belt
small,bench
small,bird
small,bison
small,blackberry
small,blender
small,blouse
small,blowtorch
small,blueberry
small,boa
small,boar
small,bottle
small,bra
small,bread
small,broccoli
small,brownie
small,brussels sprouts
small,bucket
small,burner
small,burrito
small,bus
small,butterfly
small,cabbage
small,cactus
small,cake
small,camel
small,can opener
small,candelabra
small,candle
small,candy
small,cannon
small,car
small,carriage
small,carrot
small,cart
small,cat
small,caterpillar
small,cauliflower
small,celery
small,cello
small,cheese
small,cheetah
small,cherry
small,chicken
small,chili
small,chinchilla
small,chisel
small,chocolate
small,clarinet
small,coat
small,cockroach
small,coconut
small,corkscrew
small,corn
small,costume
small,cranberry
small,crow
small,crowbar
small,dagger
small,dragonfly
small,dress
small,drill
small,drum
small,duck
small,eagle
small,earwig
small,eggbeater
small,fern
small,fig
small,file
small,flute
small,fly
small,fruit
small,gong
small,grasshopper
small,grenade
small,gun
small,hat
small,jeans
small,jeep
small,missile
small,motorcycle
small,ostrich
small,owl
small,pants
small,parrot
small,peacock
small,pelican
small,penguin
small,rifle
small,scooter
small,skateboard
small,sled
small,slingshot
small,spear
small,tree
small,tumbleweed
small size,accordion
small size,acorn
small size,airplane
small size,aloe
small size,ant
small size,anteater
small size,antelope
small size,anvil
small size,apple
small size,artichoke
small size,asparagus
small size,avocado
small size,axe
small size,bagel
small size,bagpipe
small size,bamboo
small size,banana
small size,banjo
small size,barrel
small size,basket
small size,bassoon
small size,bat
small size,bazooka
small size,bean
small size,bear
small size,beaver
small size,bed
small size,bee
small size,beet
small size,beetle
small size,bell
small size,belt
small size,bench
small size,bird
small size,bison
small size,blackberry
small size,blender
small size,blouse
small size,blowtorch
small size,blueberry
small size,boa
small size,boar
small size,bottle
small size,bra
small size,bread
small size,broccoli
small size,brownie
small size,brussels sprouts
small size,bucket
small size,burner
small size,burrito
small size,bus
small size,butterfly
small size,cabbage
small size,cactus
small size,cake
small size,camel
small size,can opener
small size,candelabra
small size,candle
small size,candy
small size,cannon
small size,car
small size,carriage
small size,carrot
small size,cart
small size,cat
small size,caterpillar
small size,cauliflower
small size,celery
small size,cello
small size,cheese
small size,cheetah
small size,cherry
small size,chicken
small size,chili
small size,chinchilla
small size,chisel
small size,chocolate
small size,clarinet
small size,coat
small size,cockroach
small size,coconut
small size,corkscrew
small size,corn
small size,costume
small size,cranberry
small size,crow
small size,crowbar
small size,dagger
small size,dragonfly
small size,dress
small size,drill
small size,drum
small size,duck
small size,eagle
small size,earwig
small size,eggbeater
small size,fern
small size,fig
small size,file
small size,flute
small size,fly
small size,fruit
small size,gong
small size,grasshopper
small size,grenade
small size,gun
small size,hat
small size,jeans
small size,jeep
small size,missile
small size,motorcycle
small size,ostrich
small size,owl
small size,pants
small size,parrot
small size,peacock
small size,pelican
small size,penguin
small size,rifle
small size,scooter
small size,skateboard
small size,sled
small size,slingshot
small size,spear
small size,tree
small size,tumbleweed
stock,accordion
stock,acorn
stock,airplane
stock,aloe
stock,ant
stock,anteater
stock,antelope
stock,anvil
stock,apple
stock,artichoke
stock,asparagus
stock,avocado
stock,axe
stock,bagel
stock,bagpipe
stock,bamboo
stock,banana
stock,banjo
stock,barrel
stock,basket
stock,bassoon
stock,bat
stock,bazooka
stock,bean
stock,bear
stock,beaver
stock,bed
stock,bee
stock,beet
stock,beetle
stock,bell
stock,belt
stock,bench
stock,bird
stock,bison
stock,blackberry
stock,blender
stock,blouse
stock,blowtorch
stock,blueberry
stock,boa
stock,boar
stock,bottle
stock,bra
stock,bread
stock,broccoli
stock,brownie
stock,brussels sprouts
stock,bucket
stock,burner
stock,burrito
stock,bus
stock,butterfly
stock,cabbage
stock,cactus
stock,cake
stock,camel
stock,can opener
stock,candelabra
stock,candle
stock,candy
stock,cannon
stock,car
stock,carriage
stock,carrot
stock,cart
stock,cat
stock,caterpillar
stock,cauliflower
stock,celery
stock,cello
stock,cheese
stock,cheetah
stock,cherry
stock,chicken
stock,chili
stock,chinchilla
stock,chisel
stock,chocolate
stock,clarinet
stock,coat
stock,cockroach
stock,coconut
stock,corkscrew
stock,corn
stock,costume
stock,cranberry
stock,crow
stock,crowbar
stock,dagger
stock,dragonfly
stock,dress
stock,drill
stock,drum
stock,duck
stock,eagle
stock,earwig
stock,eggbeater
stock,fern
stock,fig
stock,file
stock,flute
stock,fly
stock,fruit
stock,gong
stock,grasshopper
stock,grenade
stock,gun
stock,hat
stock,jeans
stock,jeep
stock,missile
stock,motorcycle
stock,ostrich
stock,owl
stock,pants
stock,parrot
stock,peacock
stock,pelican
stock,penguin
stock,rifle
stock,scooter
stock,skateboard
stock,sled
stock,slingshot
stock,spear
stock,tree
stock,tumbleweed
style,accordion
style,acorn
style,airplane
style,aloe
style,ant
style,anteater
style,antelope
style,anvil
style,apple
style,artichoke
style,asparagus
style,avocado
style,axe
style,bagel
style,bagpipe
style,bamboo
style,banana
style,banjo
style,barrel
style,basket
style,bassoon
style,bat
style,bazooka
style,bean
style,bear
style,beaver
style,bed
style,bee
style,beet
style,beetle
style,bell
style,belt
style,bench
style,bird
style,bison
style,blackberry
style,blender
style,blouse
style,blowtorch
style,blueberry
style,boa
style,boar
style,bottle
style,bra
style,bread
style,broccoli
style,brownie
style,brussels sprouts
style,bucket
style,burner
style,burrito
style,bus
style,butterfly
style,cabbage
style,cactus
style,cake
style,camel
style,can opener
style,candelabra
style,candle
style,candy
style,cannon
style,car
style,carriage
style,carrot
style,cart
style,cat
style,caterpillar
style,cauliflower
style,celery
style,cello
style,cheese
style,cheetah
style,cherry
style,chicken
style,chili
style,chinchilla
style,chisel
style,chocolate
style,clarinet
style,coat
style,cockroach
style,coconut
style,corkscrew
style,corn
style,costume
style,cranberry
style,crow
style,crowbar
style,dagger
style,dragonfly
style,dress
style,drill
style,drum
style,duck
style,eagle
style,earwig
style,eggbeater
style,fern
style,fig
style,file
style,flute
style,fly
style,fruit
style,gong
style,grasshopper
style,grenade
style,gun
style,hat
style,jeans
style,jeep
style,missile
style,motorcycle
style,ostrich
style,owl
style,pants
style,parrot
style,peacock
style,pelican
style,penguin
style,rifle
style,scooter
style,skateboard
style,sled
style,slingshot
style,spear
style,tree
style,tumbleweed
sweet,accordion
sweet,acorn
sweet,airplane
sweet,aloe
sweet,ant
sweet,anteater
sweet,antelope
sweet,anvil
sweet,apple
sweet,artichoke
sweet,asparagus
sweet,avocado
sweet,axe
sweet,bagel
sweet,bagpipe
sweet,bamboo
sweet,banana
sweet,banjo
sweet,barrel
sweet,basket
sweet,bassoon
sweet,bat
sweet,bazooka
sweet,bean
sweet,bear
sweet,beaver
sweet,bed
sweet,bee
sweet,beet
sweet,beetle
sweet,bell
sweet,belt
sweet,bench
sweet,bird
sweet,bison
sweet,blackberry
sweet,blender
sweet,blouse
sweet,blowtorch
sweet,blueberry
sweet,boa
sweet,boar
sweet,bottle
sweet,bra
sweet,bread
sweet,broccoli
sweet,brownie
sweet,brussels sprouts
sweet,bucket
sweet,burner
sweet,burrito
sweet,bus
sweet,butterfly
sweet,cabbage
sweet,cactus
sweet,cake
sweet,camel
sweet,can opener
sweet,candelabra
sweet,candle
sweet,candy
sweet,cannon
sweet,car
sweet,carriage
sweet,carrot
sweet,cart
sweet,cat
sweet,caterpillar
sweet,cauliflower
sweet,celery
sweet,cello
sweet,cheese
sweet,cheetah
sweet,cherry
sweet,chicken
sweet,chili
sweet,chinchilla
sweet,chisel
sweet,chocolate
sweet,clarinet
sweet,coat
sweet,cockroach
sweet,coconut
sweet,corkscrew
sweet,corn
sweet,costume
sweet,cranberry
sweet,crow
sweet,crowbar
sweet,dagger
sweet,dragonfly
sweet,dress
sweet,drill
sweet,drum
sweet,duck
sweet,eagle
sweet,earwig
sweet,eggbeater
sweet,fern
sweet,fig
sweet,file
sweet,flute
sweet,fly
sweet,fruit
sweet,gong
sweet,grasshopper
sweet,grenade
sweet,gun
sweet,hat
sweet,jeans
sweet,jeep
sweet,missile
sweet,motorcycle
sweet,ostrich
sweet,owl
sweet,pants
sweet,parrot
sweet,peacock
sweet,pelican
sweet,penguin
sweet,rifle
sweet,scooter
sweet,skateboard
sweet,sled
sweet,slingshot
sweet,spear
sweet,tree
sweet,tumbleweed
sweet flavor,accordion
sweet flavor,acorn
sweet flavor,airplane
sweet flavor,aloe
sweet flavor,ant
sweet flavor,anteater
sweet flavor,antelope
sweet flavor,anvil
sweet flavor,apple
sweet flavor,artichoke
sweet flavor,asparagus
sweet flavor,avocado
sweet flavor,axe
sweet flavor,bagel
sweet flavor,bagpipe
sweet flavor,bamboo
sweet flavor,banana
sweet flavor,banjo
sweet flavor,barrel
sweet flavor,basket
sweet flavor,bassoon
sweet flavor,bat
sweet flavor,bazooka
sweet flavor,bean
sweet flavor,bear
sweet flavor,beaver
sweet flavor,bed
sweet flavor,bee
sweet flavor,beet
sweet flavor,beetle
sweet flavor,bell
sweet flavor,belt
sweet flavor,bench
sweet flavor,bird
sweet flavor,bison
sweet flavor,blackberry
sweet flavor,blender
sweet flavor,blouse
sweet flavor,blowtorch
sweet flavor,blueberry
sweet flavor,boa
sweet flavor,boar
sweet flavor,bottle
sweet flavor,bra
sweet flavor,bread
sweet flavor,broccoli
sweet flavor,brownie
sweet flavor,brussels sprouts
sweet flavor,bucket
sweet flavor,burner
sweet flavor,burrito
sweet flavor,bus
sweet flavor,butterfly
sweet flavor,cabbage
sweet flavor,cactus
sweet flavor,cake
sweet flavor,camel
sweet flavor,can opener
sweet flavor,candelabra
sweet flavor,candle
sweet flavor,candy
sweet flavor,cannon
sweet flavor,car
sweet flavor,carriage
sweet flavor,carrot
sweet flavor,cart
sweet flavor,cat
sweet flavor,caterpillar
sweet flavor,cauliflower
sweet flavor,celery
sweet flavor,cello
sweet flavor,cheese
sweet flavor,cheetah
sweet flavor,cherry
sweet flavor,chicken
sweet flavor,chili
sweet flavor,chinchilla
sweet flavor,chisel
sweet flavor,chocolate
sweet flavor,clarinet
sweet flavor,coat
sweet flavor,cockroach
sweet flavor,coconut
sweet flavor,corkscrew
sweet flavor,corn
sweet flavor,costume
sweet flavor,cranberry
sweet flavor,crow
sweet flavor,crowbar
sweet flavor,dagger
sweet flavor,dragonfly
sweet flavor,dress
sweet flavor,drill
sweet flavor,drum
sweet flavor,duck
sweet flavor,eagle
sweet flavor,earwig
sweet flavor,eggbeater
sweet flavor,fern
sweet flavor,fig
sweet flavor,file
sweet flavor,flute
sweet flavor,fly
sweet flavor,fruit
sweet flavor,gong
sweet flavor,grasshopper
sweet flavor,grenade
sweet flavor,gun
sweet flavor,hat
sweet flavor,jeans
sweet flavor,jeep
sweet flavor,missile
sweet flavor,motorcycle
sweet flavor,ostrich
sweet flavor,owl
sweet flavor,pants
sweet flavor,parrot
sweet flavor,peacock
sweet flavor,pelican
sweet flavor,penguin
sweet flavor,rifle
sweet flavor,scooter
sweet flavor,skateboard
sweet flavor,sled
sweet flavor,slingshot
sweet flavor,spear
sweet flavor,tree
sweet flavor,tumbleweed
sweet taste,accordion
sweet taste,acorn
sweet taste,airplane
sweet taste,aloe
sweet taste,ant
sweet taste,anteater
sweet taste,antelope
sweet taste,anvil
sweet taste,apple
sweet taste,artichoke
sweet taste,asparagus
sweet taste,avocado
sweet taste,axe
sweet taste,bagel
sweet taste,bagpipe
sweet taste,bamboo
sweet taste,banana
sweet taste,banjo
sweet taste,barrel
sweet taste,basket
sweet taste,bassoon
sweet taste,bat
sweet taste,bazooka
sweet taste,bean
sweet taste,bear
sweet taste,beaver
sweet taste,bed
sweet taste,bee
sweet taste,beet
sweet taste,beetle
sweet taste,bell
sweet taste,belt
sweet taste,bench
sweet taste,bird
sweet taste,bison
sweet taste,blackberry
sweet taste,blender
sweet taste,blouse
sweet taste,blowtorch
sweet taste,blueberry
sweet taste,boa
sweet taste,boar
sweet taste,bottle
sweet taste,bra
sweet taste,bread
sweet taste,broccoli
sweet taste,brownie
sweet taste,brussels sprouts
sweet taste,bucket
sweet taste,burner
sweet taste,burrito
sweet taste,bus
sweet taste,butterfly
sweet taste,cabbage
sweet taste,cactus
sweet taste,cake
sweet taste,camel
sweet taste,can opener
sweet taste,candelabra
sweet taste,candle
sweet taste,candy
sweet taste,cannon
sweet taste,car
sweet taste,carriage
sweet taste,carrot
sweet taste,cart
sweet taste,cat
sweet taste,caterpillar
sweet taste,cauliflower
sweet taste,celery
sweet taste,cello
sweet taste,cheese
sweet taste,cheetah
sweet taste,cherry
sweet taste,chicken
sweet taste,chili
sweet taste,chinchilla
sweet taste,chisel
sweet taste,chocolate
sweet taste,clarinet
sweet taste,coat
sweet taste,cockroach
sweet taste,coconut
sweet taste,corkscrew
sweet taste,corn
sweet taste,costume
sweet taste,cranberry
sweet taste,crow
sweet taste,crowbar
sweet taste,dagger
sweet taste,dragonfly
sweet taste,dress
sweet taste,drill
sweet taste,drum
sweet taste,duck
sweet taste,eagle
sweet taste,earwig
sweet taste,eggbeater
sweet taste,fern
sweet taste,fig
sweet taste,file
sweet taste,flute
sweet taste,fly
sweet taste,fruit
sweet taste,gong
sweet taste,grasshopper
sweet taste,grenade
sweet taste,gun
sweet taste,hat
sweet taste,jeans
sweet taste,jeep
sweet taste,missile
sweet taste,motorcycle
sweet taste,ostrich
sweet taste,owl
sweet taste,pants
sweet taste,parrot
sweet taste,peacock
sweet taste,pelican
sweet taste,penguin
sweet taste,rifle
sweet taste,scooter
sweet taste,skateboard
sweet taste,sled
sweet taste,slingshot
sweet taste,spear
sweet taste,tree
sweet taste,tumbleweed
tail,accordion
tail,acorn
tail,airplane
tail,aloe
tail,ant
tail,anteater
tail,antelope
tail,anvil
tail,apple
tail,artichoke
tail,asparagus
tail,avocado
tail,axe
tail,bagel
tail,bagpipe
tail,bamboo
tail,banana
tail,banjo
tail,barrel
tail,basket
tail,bassoon
tail,bat
tail,bazooka
tail,bean
tail,bear
tail,beaver
tail,bed
tail,bee
tail,beet
tail,beetle
tail,bell
tail,belt
tail,bench
tail,bird
tail,bison
tail,blackberry
tail,blender
tail,blouse
tail,blowtorch
tail,blueberry
tail,boa
tail,boar
tail,bottle
tail,bra
tail,bread
tail,broccoli
tail,brownie
tail,brussels sprouts
tail,bucket
tail,burner
tail,burrito
tail,bus
tail,butterfly
tail,cabbage
tail,cactus
tail,cake
tail,camel
tail,can opener
tail,candelabra
tail,candle
tail,candy
tail,cannon
tail,car
tail,carriage
tail,carrot
tail,cart
tail,cat
tail,caterpillar
tail,cauliflower
tail,celery
tail,cello
tail,cheese
tail,cheetah
tail,cherry
tail,chicken
tail,chili
tail,chinchilla
tail,chisel
tail,chocolate
tail,clarinet
tail,coat
tail,cockroach
tail,coconut
tail,corkscrew
tail,corn
tail,costume
tail,cranberry
tail,crow
tail,crowbar
tail,dagger
tail,dragonfly
tail,dress
tail,drill
tail,drum
tail,duck
tail,eagle
tail,earwig
tail,eggbeater
tail,fern
tail,fig
tail,file
tail,flute
tail,fly
tail,fruit
tail,gong
tail,grasshopper
tail,grenade
tail,gun
tail,hat
tail,jeans
tail,jeep
tail,missile
tail,motorcycle
tail,ostrich
tail,owl
tail,pants
tail,parrot
tail,peacock
tail,pelican
tail,penguin
tail,rifle
tail,scooter
tail,skateboard
tail,sled
tail,slingshot
tail,spear
tail,tree
tail,tumbleweed
tires,accordion
tires,acorn
tires,airplane
tires,aloe
tires,ant
tires,anteater
tires,antelope
tires,anvil
tires,apple
tires,artichoke
tires,asparagus
tires,avocado
tires,axe
tires,bagel
tires,bagpipe
tires,bamboo
tires,banana
tires,banjo
tires,barrel
tires,basket
tires,bassoon
tires,bat
tires,bazooka
tires,bean
tires,bear
tires,beaver
tires,bed
tires,bee
tires,beet
tires,beetle
tires,bell
tires,belt
tires,bench
tires,bird
tires,bison
tires,blackberry
tires,blender
tires,blouse
tires,blowtorch
tires,blueberry
tires,boa
tires,boar
tires,bottle
tires,bra
tires,bread
tires,broccoli
tires,brownie
tires,brussels sprouts
tires,bucket
tires,burner
tires,burrito
tires,bus
tires,butterfly
tires,cabbage
tires,cactus
tires,cake
tires,camel
tires,can opener
tires,candelabra
tires,candle
tires,candy
tires,cannon
tires,car
tires,carriage
tires,carrot
tires,cart
tires,cat
tires,caterpillar
tires,cauliflower
tires,celery
tires,cello
tires,cheese
tires,cheetah
tires,cherry
tires,chicken
tires,chili
tires,chinchilla
tires,chisel
tires,chocolate
tires,clarinet
tires,coat
tires,cockroach
tires,coconut
tires,corkscrew
tires,corn
tires,costume
tires,cranberry
tires,crow
tires,crowbar
tires,dagger
tires,dragonfly
tires,dress
tires,drill
tires,drum
tires,duck
tires,eagle
tires,earwig
tires,eggbeater
tires,fern
tires,fig
tires,file
tires,flute
tires,fly
tires,fruit
tires,gong
tires,grasshopper
tires,grenade
tires,gun
tires,hat
tires,jeans
tires,jeep
tires,missile
tires,motorcycle
tires,ostrich
tires,owl
tires,pants
tires,parrot
tires,peacock
tires,pelican
tires,penguin
tires,rifle
tires,scooter
tires,skateboard
tires,sled
tires,slingshot
tires,spear
tires,tree
tires,tumbleweed
trigger,accordion
trigger,acorn
trigger,airplane
trigger,aloe
trigger,ant
trigger,anteater
trigger,antelope
trigger,anvil
trigger,apple
trigger,artichoke
trigger,asparagus
trigger,avocado
trigger,axe
trigger,bagel
trigger,bagpipe
trigger,bamboo
trigger,banana
trigger,banjo
trigger,barrel
trigger,basket
trigger,bassoon
trigger,bat
trigger,bazooka
trigger,bean
trigger,bear
trigger,beaver
trigger,bed
trigger,bee
trigger,beet
trigger,beetle
trigger,bell
trigger,belt
trigger,bench
trigger,bird
trigger,bison
trigger,blackberry
trigger,blender
trigger,blouse
trigger,blowtorch
trigger,blueberry
trigger,boa
trigger,boar
trigger,bottle
trigger,bra
trigger,bread
trigger,broccoli
trigger,brownie
trigger,brussels sprouts
trigger,bucket
trigger,burner
trigger,burrito
trigger,bus
trigger,butterfly
trigger,cabbage
trigger,cactus
trigger,cake
trigger,camel
trigger,can opener
trigger,candelabra
trigger,candle
trigger,candy
trigger,cannon
trigger,car
trigger,carriage
trigger,carrot
trigger,cart
trigger,cat
trigger,caterpillar
trigger,cauliflower
trigger,celery
trigger,cello
trigger,cheese
trigger,cheetah
trigger,cherry
trigger,chicken
trigger,chili
trigger,chinchilla
trigger,chisel
trigger,chocolate
trigger,clarinet
trigger,coat
trigger,cockroach
trigger,coconut
trigger,corkscrew
trigger,corn
trigger,costume
trigger,cranberry
trigger,crow
trigger,crowbar
trigger,dagger
trigger,dragonfly
trigger,dress
trigger,drill
trigger,drum
trigger,duck
trigger,eagle
trigger,earwig
trigger,eggbeater
trigger,fern
trigger,fig
trigger,file
trigger,flute
trigger,fly
trigger,fruit
trigger,gong
trigger,grasshopper
trigger,grenade
trigger,gun
trigger,hat
trigger,jeans
trigger,jeep
trigger,missile
trigger,motorcycle
trigger,ostrich
trigger,owl
trigger,pants
trigger,parrot
trigger,peacock
trigger,pelican
trigger,penguin
trigger,rifle
trigger,scooter
trigger,skateboard
trigger,sled
trigger,slingshot
trigger,spear
trigger,tree
trigger,tumbleweed
two pairs of wings,accordion
two pairs of wings,acorn
two pairs of wings,airplane
two pairs of wings,aloe
two pairs of wings,ant
two pairs of wings,anteater
two pairs of wings,antelope
two pairs of wings,anvil
two pairs of wings,apple
two pairs of wings,artichoke
two pairs of wings,asparagus
two pairs of wings,avocado
two pairs of wings,axe
two pairs of wings,bagel
two pairs of wings,bagpipe
two pairs of wings,bamboo
two pairs of wings,banana
two pairs of wings,banjo
two pairs of wings,barrel
two pairs of wings,basket
two pairs of wings,bassoon
two pairs of wings,bat
two pairs of wings,bazooka
two pairs of wings,bean
two pairs of wings,bear
two pairs of wings,beaver
two pairs of wings,bed
two pairs of wings,bee
two pairs of wings,beet
two pairs of wings,beetle
two pairs of wings,bell
two pairs of wings,belt
two pairs of wings,bench
two pairs of wings,bird
two pairs of wings,bison
two pairs of wings,blackberry
two pairs of wings,blender
two pairs of wings,blouse
two pairs of wings,blowtorch
two pairs of wings,blueberry
two pairs of wings,boa
two pairs of wings,boar
two pairs of wings,bottle
two pairs of wings,bra
two pairs of wings,bread
two pairs of wings,broccoli
two pairs of wings,brownie
two pairs of wings,brussels sprouts
two pairs of wings,bucket
two pairs of wings,burner
two pairs of wings,burrito
two pairs of wings,bus
two pairs of wings,butterfly
two pairs of wings,cabbage
two pairs of wings,cactus
two pairs of wings,cake
two pairs of wings,camel
two pairs of wings,can opener
two pairs of wings,candelabra
two pairs of wings,candle
two pairs of wings,candy
two pairs of wings,cannon
two pairs of wings,car
two pairs of wings,carriage
two pairs of wings,carrot
two pairs of wings,cart
two pairs of wings,cat
two pairs of wings,caterpillar
two pairs of wings,cauliflower
two pairs of wings,celery
two pairs of wings,cello
two pairs of wings,cheese
two pairs of wings,cheetah
two pairs of wings,cherry
two pairs of wings,chicken
two pairs of wings,chili
two pairs of wings,chinchilla
two pairs of wings,chisel
two pairs of wings,chocolate
two pairs of wings,clarinet
two pairs of wings,coat
two pairs of wings,cockroach
two pairs of wings,coconut
two pairs of wings,corkscrew
two pairs of wings,corn
two pairs of wings,costume
two pairs of wings,cranberry
two pairs of wings,crow
two pairs of wings,crowbar
two pairs of wings,dagger
two pairs of wings,dragonfly
two pairs of wings,dress
two pairs of wings,drill
two pairs of wings,drum
two pairs of wings,duck
two pairs of wings,eagle
two pairs of wings,earwig
two pairs of wings,eggbeater
two pairs of wings,fern
two pairs of wings,fig
two pairs of wings,file
two pairs of wings,flute
two pairs of wings,fly
two pairs of wings,fruit
two pairs of wings,gong
two pairs of wings,grasshopper
two pairs of wings,grenade
two pairs of wings,gun
two pairs of wings,hat
two pairs of wings,jeans
two pairs of wings,jeep
two pairs of wings,missile
two pairs of wings,motorcycle
two pairs of wings,ostrich
two pairs of wings,owl
two pairs of wings,pants
two pairs of wings,parrot
two pairs of wings,peacock
two pairs of wings,pelican
two pairs of wings,penguin
two pairs of wings,rifle
two pairs of wings,scooter
two pairs of wings,skateboard
two pairs of wings,sled
two pairs of wings,slingshot
two pairs of wings,spear
two pairs of wings,tree
two pairs of wings,tumbleweed
versatile in cooking,accordion
versatile in cooking,acorn
versatile in cooking,airplane
versatile in cooking,aloe
versatile in cooking,ant
versatile in cooking,anteater
versatile in cooking,antelope
versatile in cooking,anvil
versatile in cooking,apple
versatile in cooking,artichoke
versatile in cooking,asparagus
versatile in cooking,avocado
versatile in cooking,axe
versatile in cooking,bagel
versatile in cooking,bagpipe
versatile in cooking,bamboo
versatile in cooking,banana
versatile in cooking,banjo
versatile in cooking,barrel
versatile in cooking,basket
versatile in cooking,bassoon
versatile in cooking,bat
versatile in cooking,bazooka
versatile in cooking,bean
versatile in cooking,bear
versatile in cooking,beaver
versatile in cooking,bed
versatile in cooking,bee
versatile in cooking,beet
versatile in cooking,beetle
versatile in cooking,bell
versatile in cooking,belt
versatile in cooking,bench
versatile in cooking,bird
versatile in cooking,bison
versatile in cooking,blackberry
versatile in cooking,blender
versatile in cooking,blouse
versatile in cooking,blowtorch
versatile in cooking,blueberry
versatile in cooking,boa
versatile in cooking,boar
versatile in cooking,bottle
versatile in cooking,bra
versatile in cooking,bread
versatile in cooking,broccoli
versatile in cooking,brownie
versatile in cooking,brussels sprouts
versatile in cooking,bucket
versatile in cooking,burner
versatile in cooking,burrito
versatile in cooking,bus
versatile in cooking,butterfly
versatile in cooking,cabbage
versatile in cooking,cactus
versatile in cooking,cake
versatile in cooking,camel
versatile in cooking,can opener
versatile in cooking,candelabra
versatile in cooking,candle
versatile in cooking,candy
versatile in cooking,cannon
versatile in cooking,car
versatile in cooking,carriage
versatile in cooking,carrot
versatile in cooking,cart
versatile in cooking,cat
versatile in cooking,caterpillar
versatile in cooking,cauliflower
versatile in cooking,celery
versatile in cooking,cello
versatile in cooking,cheese
versatile in cooking,cheetah
versatile in cooking,cherry
versatile in cooking,chicken
versatile in cooking,chili
versatile in cooking,chinchilla
versatile in cooking,chisel
versatile in cooking,chocolate
versatile in cooking,clarinet
versatile in cooking,coat
versatile in cooking,cockroach
versatile in cooking,coconut
versatile in cooking,corkscrew
versatile in cooking,corn
versatile in cooking,costume
versatile in cooking,cranberry
versatile in cooking,crow
versatile in cooking,crowbar
versatile in cooking,dagger
versatile in cooking,dragonfly
versatile in cooking,dress
versatile in cooking,drill
versatile in cooking,drum
versatile in cooking,duck
versatile in cooking,eagle
versatile in cooking,earwig
versatile in cooking,eggbeater
versatile in cooking,fern
versatile in cooking,fig
versatile in cooking,file
versatile in cooking,flute
versatile in cooking,fly
versatile in cooking,fruit
versatile in cooking,gong
versatile in cooking,grasshopper
versatile in cooking,grenade
versatile in cooking,gun
versatile in cooking,hat
versatile in cooking,jeans
versatile in cooking,jeep
versatile in cooking,missile
versatile in cooking,motorcycle
versatile in cooking,ostrich
versatile in cooking,owl
versatile in cooking,pants
versatile in cooking,parrot
versatile in cooking,peacock
versatile in cooking,pelican
versatile in cooking,penguin
versatile in cooking,rifle
versatile in cooking,scooter
versatile in cooking,skateboard
versatile in cooking,sled
versatile in cooking,slingshot
versatile in cooking,spear
versatile in cooking,tree
versatile in cooking,tumbleweed
weight,accordion
weight,acorn
weight,airplane
weight,aloe
weight,ant
weight,anteater
weight,antelope
weight,anvil
weight,apple
weight,artichoke
weight,asparagus
weight,avocado
weight,axe
weight,bagel
weight,bagpipe
weight,bamboo
weight,banana
weight,banjo
weight,barrel
weight,basket
weight,bassoon
weight,bat
weight,bazooka
weight,bean
weight,bear
weight,beaver
weight,bed
weight,bee
weight,beet
weight,beetle
weight,bell
weight,belt
weight,bench
weight,bird
weight,bison
weight,blackberry
weight,blender
weight,blouse
weight,blowtorch
weight,blueberry
weight,boa
weight,boar
weight,bottle
weight,bra
weight,bread
weight,broccoli
weight,brownie
weight,brussels sprouts
weight,bucket
weight,burner
weight,burrito
weight,bus
weight,butterfly
weight,cabbage
weight,cactus
weight,cake
weight,camel
weight,can opener
weight,candelabra
weight,candle
weight,candy
weight,cannon
weight,car
weight,carriage
weight,carrot
weight,cart
weight,cat
weight,caterpillar
weight,cauliflower
weight,celery
weight,cello
weight,cheese
weight,cheetah
weight,cherry
weight,chicken
weight,chili
weight,chinchilla
weight,chisel
weight,chocolate
weight,clarinet
weight,coat
weight,cockroach
weight,coconut
weight,corkscrew
weight,corn
weight,costume
weight,cranberry
weight,crow
weight,crowbar
weight,dagger
weight,dragonfly
weight,dress
weight,drill
weight,drum
weight,duck
weight,eagle
weight,earwig
weight,eggbeater
weight,fern
weight,fig
weight,file
weight,flute
weight,fly
weight,fruit
weight,gong
weight,grasshopper
weight,grenade
weight,gun
weight,hat
weight,jeans
weight,jeep
weight,missile
weight,motorcycle
weight,ostrich
weight,owl
weight,pants
weight,parrot
weight,peacock
weight,pelican
weight,penguin
weight,rifle
weight,scooter
weight,skateboard
weight,sled
weight,slingshot
weight,spear
weight,tree
weight,tumbleweed
wheels,accordion
wheels,acorn
wheels,airplane
wheels,aloe
wheels,ant
wheels,anteater
wheels,antelope
wheels,anvil
wheels,apple
wheels,artichoke
wheels,asparagus
wheels,avocado
wheels,axe
wheels,bagel
wheels,bagpipe
wheels,bamboo
wheels,banana
wheels,banjo
wheels,barrel
wheels,basket
wheels,bassoon
wheels,bat
wheels,bazooka
wheels,bean
wheels,bear
wheels,beaver
wheels,bed
wheels,bee
wheels,beet
wheels,beetle
wheels,bell
wheels,belt
wheels,bench
wheels,bird
wheels,bison
wheels,blackberry
wheels,blender
wheels,blouse
wheels,blowtorch
wheels,blueberry
wheels,boa
wheels,boar
wheels,bottle
wheels,bra
wheels,bread
wheels,broccoli
wheels,brownie
wheels,brussels sprouts
wheels,bucket
wheels,burner
wheels,burrito
wheels,bus
wheels,butterfly
wheels,cabbage
wheels,cactus
wheels,cake
wheels,camel
wheels,can opener
wheels,candelabra
wheels,candle
wheels,candy
wheels,cannon
wheels,car
wheels,carriage
wheels,carrot
wheels,cart
wheels,cat
wheels,caterpillar
wheels,cauliflower
wheels,celery
wheels,cello
wheels,cheese
wheels,cheetah
wheels,cherry
wheels,chicken
wheels,chili
wheels,chinchilla
wheels,chisel
wheels,chocolate
wheels,clarinet
wheels,coat
wheels,cockroach
wheels,coconut
wheels,corkscrew
wheels,corn
wheels,costume
wheels,cranberry
wheels,crow
wheels,crowbar
wheels,dagger
wheels,dragonfly
wheels,dress
wheels,drill
wheels,drum
wheels,duck
wheels,eagle
wheels,earwig
wheels,eggbeater
wheels,fern
wheels,fig
wheels,file
wheels,flute
wheels,fly
wheels,fruit
wheels,gong
wheels,grasshopper
wheels,grenade
wheels,gun
wheels,hat
wheels,jeans
wheels,jeep
wheels,missile
wheels,motorcycle
wheels,ostrich
wheels,owl
wheels,pants
wheels,parrot
wheels,peacock
wheels,pelican
wheels,penguin
wheels,rifle
wheels,scooter
wheels,skateboard
wheels,sled
wheels,slingshot
wheels,spear
wheels,tree
wheels,tumbleweed
wings,accordion
wings,acorn
wings,airplane
wings,aloe
wings,ant
wings,anteater
wings,antelope
wings,anvil
wings,apple
wings,artichoke
wings,asparagus
wings,avocado
wings,axe
wings,bagel
wings,bagpipe
wings,bamboo
wings,banana
wings,banjo
wings,barrel
wings,basket
wings,bassoon
wings,bat
wings,bazooka
wings,bean
wings,bear
wings,beaver
wings,bed
wings,bee
wings,beet
wings,beetle
wings,bell
wings,belt
wings,bench
wings,bird
wings,bison
wings,blackberry
wings,blender
wings,blouse
wings,blowtorch
wings,blueberry
wings,boa
wings,boar
wings,bottle
wings,bra
wings,bread
wings,broccoli
wings,brownie
wings,brussels sprouts
wings,bucket
wings,burner
wings,burrito
wings,bus
wings,butterfly
wings,cabbage
wings,cactus
wings,cake
wings,camel
wings,can opener
wings,candelabra
wings,candle
wings,candy
wings,cannon
wings,car
wings,carriage
wings,carrot
wings,cart
wings,cat
wings,caterpillar
wings,cauliflower
wings,celery
wings,cello
wings,cheese
wings,cheetah
wings,cherry
wings,chicken
wings,chili
wings,chinchilla
wings,chisel
wings,chocolate
wings,clarinet
wings,coat
wings,cockroach
wings,coconut
wings,corkscrew
wings,corn
wings,costume
wings,cranberry
wings,crow
wings,crowbar
wings,dagger
wings,dragonfly
wings,dress
wings,drill
wings,drum
wings,duck
wings,eagle
wings,earwig
wings,eggbeater
wings,fern
wings,fig
wings,file
wings,flute
wings,fly
wings,fruit
wings,gong
wings,grasshopper
wings,grenade
wings,gun
wings,hat
wings,jeans
wings,jeep
wings,missile
wings,motorcycle
wings,ostrich
wings,owl
wings,pants
wings,parrot
wings,peacock
wings,pelican
wings,penguin
wings,rifle
wings,scooter
wings,skateboard
wings,sled
wings,slingshot
wings,spear
wings,tree
wings,tumbleweed
