input,prompt,response
accordion|acorn|airplane,Answer using only one word - acorn or airplane and not accordion. Which is more similar in semantic meaning to accordion?,None
accordion|acorn|apple,Answer using only one word - acorn or apple and not accordion. Which is more similar in semantic meaning to accordion?,apple
accordion|acorn|barrel,Answer using only one word - acorn or barrel and not accordion. Which is more similar in semantic meaning to accordion?,barrel
accordion|acorn|beetle,Answer using only one word - acorn or beetle and not accordion. Which is more similar in semantic meaning to accordion?,beetle
accordion|acorn|blowtorch,Answer using only one word - acorn or blowtorch and not accordion. Which is more similar in semantic meaning to accordion?,None
accordion|acorn|brussels sprouts,Answer using only one word - acorn or brussels sprouts and not accordion. Which is more similar in semantic meaning to accordion?,brussels sprouts
accordion|acorn|candy,Answer using only one word - acorn or candy and not accordion. Which is more similar in semantic meaning to accordion?,candy
accordion|acorn|cat,Answer using only one word - acorn or cat and not accordion. Which is more similar in semantic meaning to accordion?,cat
accordion|acorn|chisel,Answer using only one word - acorn or chisel and not accordion. Which is more similar in semantic meaning to accordion?,None
accordion|acorn|crowbar,Answer using only one word - acorn or crowbar and not accordion. Which is more similar in semantic meaning to accordion?,None
accordion|acorn|fig,Answer using only one word - acorn or fig and not accordion. Which is more similar in semantic meaning to accordion?,fig
accordion|acorn|jeans,Answer using only one word - acorn or jeans and not accordion. Which is more similar in semantic meaning to accordion?,jeans
accordion|airplane|anteater,Answer using only one word - airplane or anteater and not accordion. Which is more similar in semantic meaning to accordion?,accordion
accordion|airplane|banana,Answer using only one word - airplane or banana and not accordion. Which is more similar in semantic meaning to accordion?,banana
accordion|airplane|bed,Answer using only one word - airplane or bed and not accordion. Which is more similar in semantic meaning to accordion?,bed
accordion|airplane|bird,Answer using only one word - airplane or bird and not accordion. Which is more similar in semantic meaning to accordion?,Accordion
accordion|airplane|boar,Answer using only one word - airplane or boar and not accordion. Which is more similar in semantic meaning to accordion?,boar
accordion|airplane|cactus,Answer using only one word - airplane or cactus and not accordion. Which is more similar in semantic meaning to accordion?,cactus
accordion|airplane|carrot,Answer using only one word - airplane or carrot and not accordion. Which is more similar in semantic meaning to accordion?,carrot
accordion|airplane|chili,Answer using only one word - airplane or chili and not accordion. Which is more similar in semantic meaning to accordion?,chili
accordion|airplane|coconut,Answer using only one word - airplane or coconut and not accordion. Which is more similar in semantic meaning to accordion?,coconut
accordion|airplane|eagle,Answer using only one word - airplane or eagle and not accordion. Which is more similar in semantic meaning to accordion?,Accordion
accordion|airplane|fly,Answer using only one word - airplane or fly and not accordion. Which is more similar in semantic meaning to accordion?,fly
accordion|aloe|ant,Answer using only one word - aloe or ant and not accordion. Which is more similar in semantic meaning to accordion?,ant
accordion|aloe|bagel,Answer using only one word - aloe or bagel and not accordion. Which is more similar in semantic meaning to accordion?,bagel
accordion|aloe|beaver,Answer using only one word - aloe or beaver and not accordion. Which is more similar in semantic meaning to accordion?,beaver
accordion|aloe|belt,Answer using only one word - aloe or belt and not accordion. Which is more similar in semantic meaning to accordion?,None
accordion|aloe|boa,Answer using only one word - aloe or boa and not accordion. Which is more similar in semantic meaning to accordion?,None
accordion|aloe|burrito,Answer using only one word - aloe or burrito and not accordion. Which is more similar in semantic meaning to accordion?,burrito
accordion|aloe|car,Answer using only one word - aloe or car and not accordion. Which is more similar in semantic meaning to accordion?,car
accordion|aloe|celery,Answer using only one word - aloe or celery and not accordion. Which is more similar in semantic meaning to accordion?,None
accordion|aloe|coat,Answer using only one word - aloe or coat and not accordion. Which is more similar in semantic meaning to accordion?,coat
accordion|aloe|dress,Answer using only one word - aloe or dress and not accordion. Which is more similar in semantic meaning to accordion?,dress
accordion|aloe|flute,Answer using only one word - aloe or flute and not accordion. Which is more similar in semantic meaning to accordion?,flute
accordion|aloe|motorcycle,Answer using only one word - aloe or motorcycle and not accordion. Which is more similar in semantic meaning to accordion?,accordion
accordion|ant|bagel,Answer using only one word - ant or bagel and not accordion. Which is more similar in semantic meaning to accordion?,bagel
accordion|ant|beaver,Answer using only one word - ant or beaver and not accordion. Which is more similar in semantic meaning to accordion?,None
accordion|ant|belt,Answer using only one word - ant or belt and not accordion. Which is more similar in semantic meaning to accordion?,belt
accordion|ant|boa,Answer using only one word - ant or boa and not accordion. Which is more similar in semantic meaning to accordion?,None
accordion|ant|burrito,Answer using only one word - ant or burrito and not accordion. Which is more similar in semantic meaning to accordion?,burrito
accordion|ant|car,Answer using only one word - ant or car and not accordion. Which is more similar in semantic meaning to accordion?,car
accordion|ant|celery,Answer using only one word - ant or celery and not accordion. Which is more similar in semantic meaning to accordion?,None
accordion|ant|coat,Answer using only one word - ant or coat and not accordion. Which is more similar in semantic meaning to accordion?,coat
accordion|ant|dress,Answer using only one word - ant or dress and not accordion. Which is more similar in semantic meaning to accordion?,dress
accordion|ant|flute,Answer using only one word - ant or flute and not accordion. Which is more similar in semantic meaning to accordion?,flute
accordion|ant|motorcycle,Answer using only one word - ant or motorcycle and not accordion. Which is more similar in semantic meaning to accordion?,accordion
accordion|anteater|banana,Answer using only one word - anteater or banana and not accordion. Which is more similar in semantic meaning to accordion?,banana
accordion|anteater|bed,Answer using only one word - anteater or bed and not accordion. Which is more similar in semantic meaning to accordion?,bed
accordion|anteater|bird,Answer using only one word - anteater or bird and not accordion. Which is more similar in semantic meaning to accordion?,bird
accordion|anteater|boar,Answer using only one word - anteater or boar and not accordion. Which is more similar in semantic meaning to accordion?,boar
accordion|anteater|cactus,Answer using only one word - anteater or cactus and not accordion. Which is more similar in semantic meaning to accordion?,cactus
accordion|anteater|carrot,Answer using only one word - anteater or carrot and not accordion. Which is more similar in semantic meaning to accordion?,carrot
accordion|anteater|chili,Answer using only one word - anteater or chili and not accordion. Which is more similar in semantic meaning to accordion?,Chili
accordion|anteater|coconut,Answer using only one word - anteater or coconut and not accordion. Which is more similar in semantic meaning to accordion?,coconut
accordion|anteater|eagle,Answer using only one word - anteater or eagle and not accordion. Which is more similar in semantic meaning to accordion?,Accordion
accordion|anteater|fly,Answer using only one word - anteater or fly and not accordion. Which is more similar in semantic meaning to accordion?,fly
accordion|anvil|apple,Answer using only one word - anvil or apple and not accordion. Which is more similar in semantic meaning to accordion?,apple
accordion|anvil|barrel,Answer using only one word - anvil or barrel and not accordion. Which is more similar in semantic meaning to accordion?,barrel
accordion|anvil|beetle,Answer using only one word - anvil or beetle and not accordion. Which is more similar in semantic meaning to accordion?,beetle
accordion|anvil|blowtorch,Answer using only one word - anvil or blowtorch and not accordion. Which is more similar in semantic meaning to accordion?,None
accordion|anvil|brussels sprouts,Answer using only one word - anvil or brussels sprouts and not accordion. Which is more similar in semantic meaning to accordion?,brussels sprouts
accordion|anvil|candy,Answer using only one word - anvil or candy and not accordion. Which is more similar in semantic meaning to accordion?,candy
accordion|anvil|cat,Answer using only one word - anvil or cat and not accordion. Which is more similar in semantic meaning to accordion?,cat
accordion|anvil|chisel,Answer using only one word - anvil or chisel and not accordion. Which is more similar in semantic meaning to accordion?,None
accordion|anvil|crowbar,Answer using only one word - anvil or crowbar and not accordion. Which is more similar in semantic meaning to accordion?,None
accordion|anvil|fig,Answer using only one word - anvil or fig and not accordion. Which is more similar in semantic meaning to accordion?,fig
accordion|anvil|jeans,Answer using only one word - anvil or jeans and not accordion. Which is more similar in semantic meaning to accordion?,jeans
accordion|apple|banana,Answer using only one word - apple or banana and not accordion. Which is more similar in semantic meaning to accordion?,banana
accordion|apple|bed,Answer using only one word - apple or bed and not accordion. Which is more similar in semantic meaning to accordion?,bed
accordion|apple|bird,Answer using only one word - apple or bird and not accordion. Which is more similar in semantic meaning to accordion?,bird
accordion|apple|boar,Answer using only one word - apple or boar and not accordion. Which is more similar in semantic meaning to accordion?,boar
accordion|apple|cactus,Answer using only one word - apple or cactus and not accordion. Which is more similar in semantic meaning to accordion?,cactus
accordion|apple|carrot,Answer using only one word - apple or carrot and not accordion. Which is more similar in semantic meaning to accordion?,carrot
accordion|apple|chili,Answer using only one word - apple or chili and not accordion. Which is more similar in semantic meaning to accordion?,chili
accordion|apple|coconut,Answer using only one word - apple or coconut and not accordion. Which is more similar in semantic meaning to accordion?,None
accordion|apple|eagle,Answer using only one word - apple or eagle and not accordion. Which is more similar in semantic meaning to accordion?,None
accordion|apple|fly,Answer using only one word - apple or fly and not accordion. Which is more similar in semantic meaning to accordion?,fly
accordion|artichoke|bagel,Answer using only one word - artichoke or bagel and not accordion. Which is more similar in semantic meaning to accordion?,bagel
accordion|artichoke|beaver,Answer using only one word - artichoke or beaver and not accordion. Which is more similar in semantic meaning to accordion?,beaver
accordion|artichoke|belt,Answer using only one word - artichoke or belt and not accordion. Which is more similar in semantic meaning to accordion?,belt
accordion|artichoke|boa,Answer using only one word - artichoke or boa and not accordion. Which is more similar in semantic meaning to accordion?,boa
accordion|artichoke|burrito,Answer using only one word - artichoke or burrito and not accordion. Which is more similar in semantic meaning to accordion?,burrito
accordion|artichoke|car,Answer using only one word - artichoke or car and not accordion. Which is more similar in semantic meaning to accordion?,car
accordion|artichoke|celery,Answer using only one word - artichoke or celery and not accordion. Which is more similar in semantic meaning to accordion?,None
accordion|artichoke|coat,Answer using only one word - artichoke or coat and not accordion. Which is more similar in semantic meaning to accordion?,coat
accordion|artichoke|dress,Answer using only one word - artichoke or dress and not accordion. Which is more similar in semantic meaning to accordion?,dress
accordion|artichoke|flute,Answer using only one word - artichoke or flute and not accordion. Which is more similar in semantic meaning to accordion?,flute
accordion|artichoke|motorcycle,Answer using only one word - artichoke or motorcycle and not accordion. Which is more similar in semantic meaning to accordion?,motorcycle
accordion|bagel|beaver,Answer using only one word - bagel or beaver and not accordion. Which is more similar in semantic meaning to accordion?,beaver
accordion|bagel|belt,Answer using only one word - bagel or belt and not accordion. Which is more similar in semantic meaning to accordion?,belt
accordion|bagel|boa,Answer using only one word - bagel or boa and not accordion. Which is more similar in semantic meaning to accordion?,boa
accordion|bagel|burrito,Answer using only one word - bagel or burrito and not accordion. Which is more similar in semantic meaning to accordion?,None
accordion|bagel|car,Answer using only one word - bagel or car and not accordion. Which is more similar in semantic meaning to accordion?,car
accordion|bagel|celery,Answer using only one word - bagel or celery and not accordion. Which is more similar in semantic meaning to accordion?,None
accordion|bagel|coat,Answer using only one word - bagel or coat and not accordion. Which is more similar in semantic meaning to accordion?,coat
accordion|bagel|dress,Answer using only one word - bagel or dress and not accordion. Which is more similar in semantic meaning to accordion?,dress
accordion|bagel|flute,Answer using only one word - bagel or flute and not accordion. Which is more similar in semantic meaning to accordion?,flute
accordion|bagel|motorcycle,Answer using only one word - bagel or motorcycle and not accordion. Which is more similar in semantic meaning to accordion?,motorcycle
accordion|banana|bed,Answer using only one word - banana or bed and not accordion. Which is more similar in semantic meaning to accordion?,bed
accordion|banana|bird,Answer using only one word - banana or bird and not accordion. Which is more similar in semantic meaning to accordion?,bird
accordion|banana|boar,Answer using only one word - banana or boar and not accordion. Which is more similar in semantic meaning to accordion?,boar
accordion|banana|cactus,Answer using only one word - banana or cactus and not accordion. Which is more similar in semantic meaning to accordion?,cactus
accordion|banana|carrot,Answer using only one word - banana or carrot and not accordion. Which is more similar in semantic meaning to accordion?,None
accordion|banana|chili,Answer using only one word - banana or chili and not accordion. Which is more similar in semantic meaning to accordion?,chili
accordion|banana|coconut,Answer using only one word - banana or coconut and not accordion. Which is more similar in semantic meaning to accordion?,None
accordion|banana|eagle,Answer using only one word - banana or eagle and not accordion. Which is more similar in semantic meaning to accordion?,Accordion
accordion|banana|fly,Answer using only one word - banana or fly and not accordion. Which is more similar in semantic meaning to accordion?,fly
accordion|banjo|barrel,Answer using only one word - banjo or barrel and not accordion. Which is more similar in semantic meaning to accordion?,barrel
accordion|banjo|beetle,Answer using only one word - banjo or beetle and not accordion. Which is more similar in semantic meaning to accordion?,beetle
accordion|banjo|blowtorch,Answer using only one word - banjo or blowtorch and not accordion. Which is more similar in semantic meaning to accordion?,banjo
accordion|banjo|brussels sprouts,Answer using only one word - banjo or brussels sprouts and not accordion. Which is more similar in semantic meaning to accordion?,brussels sprouts
accordion|banjo|candy,Answer using only one word - banjo or candy and not accordion. Which is more similar in semantic meaning to accordion?,Accordion
accordion|banjo|cat,Answer using only one word - banjo or cat and not accordion. Which is more similar in semantic meaning to accordion?,cat
accordion|banjo|chisel,Answer using only one word - banjo or chisel and not accordion. Which is more similar in semantic meaning to accordion?,chisel
accordion|banjo|crowbar,Answer using only one word - banjo or crowbar and not accordion. Which is more similar in semantic meaning to accordion?,crowbar
accordion|banjo|fig,Answer using only one word - banjo or fig and not accordion. Which is more similar in semantic meaning to accordion?,fig
accordion|banjo|jeans,Answer using only one word - banjo or jeans and not accordion. Which is more similar in semantic meaning to accordion?,Jeans
accordion|barrel|bed,Answer using only one word - barrel or bed and not accordion. Which is more similar in semantic meaning to accordion?,bed
accordion|barrel|bird,Answer using only one word - barrel or bird and not accordion. Which is more similar in semantic meaning to accordion?,bird
accordion|barrel|boar,Answer using only one word - barrel or boar and not accordion. Which is more similar in semantic meaning to accordion?,boar
accordion|barrel|cactus,Answer using only one word - barrel or cactus and not accordion. Which is more similar in semantic meaning to accordion?,cactus
accordion|barrel|carrot,Answer using only one word - barrel or carrot and not accordion. Which is more similar in semantic meaning to accordion?,None
accordion|barrel|chili,Answer using only one word - barrel or chili and not accordion. Which is more similar in semantic meaning to accordion?,chili
accordion|barrel|coconut,Answer using only one word - barrel or coconut and not accordion. Which is more similar in semantic meaning to accordion?,None
accordion|barrel|eagle,Answer using only one word - barrel or eagle and not accordion. Which is more similar in semantic meaning to accordion?,Accordion
accordion|barrel|fly,Answer using only one word - barrel or fly and not accordion. Which is more similar in semantic meaning to accordion?,fly
accordion|bat|beaver,Answer using only one word - bat or beaver and not accordion. Which is more similar in semantic meaning to accordion?,bat
accordion|bat|belt,Answer using only one word - bat or belt and not accordion. Which is more similar in semantic meaning to accordion?,belt
accordion|bat|boa,Answer using only one word - bat or boa and not accordion. Which is more similar in semantic meaning to accordion?,None
accordion|bat|burrito,Answer using only one word - bat or burrito and not accordion. Which is more similar in semantic meaning to accordion?,burrito
accordion|bat|car,Answer using only one word - bat or car and not accordion. Which is more similar in semantic meaning to accordion?,car
accordion|bat|celery,Answer using only one word - bat or celery and not accordion. Which is more similar in semantic meaning to accordion?,None.
accordion|bat|coat,Answer using only one word - bat or coat and not accordion. Which is more similar in semantic meaning to accordion?,coat
accordion|bat|dress,Answer using only one word - bat or dress and not accordion. Which is more similar in semantic meaning to accordion?,dress
accordion|bat|flute,Answer using only one word - bat or flute and not accordion. Which is more similar in semantic meaning to accordion?,flute
accordion|bat|motorcycle,Answer using only one word - bat or motorcycle and not accordion. Which is more similar in semantic meaning to accordion?,accordion
accordion|beaver|belt,Answer using only one word - beaver or belt and not accordion. Which is more similar in semantic meaning to accordion?,belt
accordion|beaver|boa,Answer using only one word - beaver or boa and not accordion. Which is more similar in semantic meaning to accordion?,beaver
accordion|beaver|burrito,Answer using only one word - beaver or burrito and not accordion. Which is more similar in semantic meaning to accordion?,beaver
accordion|beaver|car,Answer using only one word - beaver or car and not accordion. Which is more similar in semantic meaning to accordion?,car
accordion|beaver|celery,Answer using only one word - beaver or celery and not accordion. Which is more similar in semantic meaning to accordion?,beaver
accordion|beaver|coat,Answer using only one word - beaver or coat and not accordion. Which is more similar in semantic meaning to accordion?,coat
accordion|beaver|dress,Answer using only one word - beaver or dress and not accordion. Which is more similar in semantic meaning to accordion?,dress
accordion|beaver|flute,Answer using only one word - beaver or flute and not accordion. Which is more similar in semantic meaning to accordion?,flute
accordion|beaver|motorcycle,Answer using only one word - beaver or motorcycle and not accordion. Which is more similar in semantic meaning to accordion?,accordion
accordion|bed|bird,Answer using only one word - bed or bird and not accordion. Which is more similar in semantic meaning to accordion?,bird
accordion|bed|boar,Answer using only one word - bed or boar and not accordion. Which is more similar in semantic meaning to accordion?,boar
accordion|bed|cactus,Answer using only one word - bed or cactus and not accordion. Which is more similar in semantic meaning to accordion?,cactus
accordion|bed|carrot,Answer using only one word - bed or carrot and not accordion. Which is more similar in semantic meaning to accordion?,carrot
accordion|bed|chili,Answer using only one word - bed or chili and not accordion. Which is more similar in semantic meaning to accordion?,chili
accordion|bed|coconut,Answer using only one word - bed or coconut and not accordion. Which is more similar in semantic meaning to accordion?,coconut
accordion|bed|eagle,Answer using only one word - bed or eagle and not accordion. Which is more similar in semantic meaning to accordion?,Accordion
accordion|bed|fly,Answer using only one word - bed or fly and not accordion. Which is more similar in semantic meaning to accordion?,fly
accordion|beet|beetle,Answer using only one word - beet or beetle and not accordion. Which is more similar in semantic meaning to accordion?,beetle
accordion|beet|blowtorch,Answer using only one word - beet or blowtorch and not accordion. Which is more similar in semantic meaning to accordion?,beet
accordion|beet|brussels sprouts,Answer using only one word - beet or brussels sprouts and not accordion. Which is more similar in semantic meaning to accordion?,brussels sprouts
accordion|beet|candy,Answer using only one word - beet or candy and not accordion. Which is more similar in semantic meaning to accordion?,candy
accordion|beet|cat,Answer using only one word - beet or cat and not accordion. Which is more similar in semantic meaning to accordion?,cat
accordion|beet|chisel,Answer using only one word - beet or chisel and not accordion. Which is more similar in semantic meaning to accordion?,chisel
accordion|beet|crowbar,Answer using only one word - beet or crowbar and not accordion. Which is more similar in semantic meaning to accordion?,crowbar
accordion|beet|fig,Answer using only one word - beet or fig and not accordion. Which is more similar in semantic meaning to accordion?,fig
accordion|beet|jeans,Answer using only one word - beet or jeans and not accordion. Which is more similar in semantic meaning to accordion?,jeans
accordion|beetle|bird,Answer using only one word - beetle or bird and not accordion. Which is more similar in semantic meaning to accordion?,Accordion
accordion|beetle|boar,Answer using only one word - beetle or boar and not accordion. Which is more similar in semantic meaning to accordion?,None
accordion|beetle|cactus,Answer using only one word - beetle or cactus and not accordion. Which is more similar in semantic meaning to accordion?,None
accordion|beetle|carrot,Answer using only one word - beetle or carrot and not accordion. Which is more similar in semantic meaning to accordion?,carrot
accordion|beetle|chili,Answer using only one word - beetle or chili and not accordion. Which is more similar in semantic meaning to accordion?,chili
accordion|beetle|coconut,Answer using only one word - beetle or coconut and not accordion. Which is more similar in semantic meaning to accordion?,None
accordion|beetle|eagle,Answer using only one word - beetle or eagle and not accordion. Which is more similar in semantic meaning to accordion?,Accordion
accordion|beetle|fly,Answer using only one word - beetle or fly and not accordion. Which is more similar in semantic meaning to accordion?,fly
accordion|bell|belt,Answer using only one word - bell or belt and not accordion. Which is more similar in semantic meaning to accordion?,belt
accordion|bell|boa,Answer using only one word - bell or boa and not accordion. Which is more similar in semantic meaning to accordion?,boa
accordion|bell|burrito,Answer using only one word - bell or burrito and not accordion. Which is more similar in semantic meaning to accordion?,burrito
accordion|bell|car,Answer using only one word - bell or car and not accordion. Which is more similar in semantic meaning to accordion?,car
accordion|bell|celery,Answer using only one word - bell or celery and not accordion. Which is more similar in semantic meaning to accordion?,celery
accordion|bell|coat,Answer using only one word - bell or coat and not accordion. Which is more similar in semantic meaning to accordion?,coat
accordion|bell|dress,Answer using only one word - bell or dress and not accordion. Which is more similar in semantic meaning to accordion?,dress
accordion|bell|flute,Answer using only one word - bell or flute and not accordion. Which is more similar in semantic meaning to accordion?,flute
accordion|bell|motorcycle,Answer using only one word - bell or motorcycle and not accordion. Which is more similar in semantic meaning to accordion?,motorcycle
accordion|belt|boa,Answer using only one word - belt or boa and not accordion. Which is more similar in semantic meaning to accordion?,None
accordion|belt|burrito,Answer using only one word - belt or burrito and not accordion. Which is more similar in semantic meaning to accordion?,burrito
accordion|belt|car,Answer using only one word - belt or car and not accordion. Which is more similar in semantic meaning to accordion?,car
accordion|belt|celery,Answer using only one word - belt or celery and not accordion. Which is more similar in semantic meaning to accordion?,None.
accordion|belt|coat,Answer using only one word - belt or coat and not accordion. Which is more similar in semantic meaning to accordion?,coat
accordion|belt|dress,Answer using only one word - belt or dress and not accordion. Which is more similar in semantic meaning to accordion?,None
accordion|belt|flute,Answer using only one word - belt or flute and not accordion. Which is more similar in semantic meaning to accordion?,flute
accordion|belt|motorcycle,Answer using only one word - belt or motorcycle and not accordion. Which is more similar in semantic meaning to accordion?,None
accordion|bird|boar,Answer using only one word - bird or boar and not accordion. Which is more similar in semantic meaning to accordion?,boar
accordion|bird|cactus,Answer using only one word - bird or cactus and not accordion. Which is more similar in semantic meaning to accordion?,cactus
accordion|bird|carrot,Answer using only one word - bird or carrot and not accordion. Which is more similar in semantic meaning to accordion?,carrot
accordion|bird|chili,Answer using only one word - bird or chili and not accordion. Which is more similar in semantic meaning to accordion?,chili
accordion|bird|coconut,Answer using only one word - bird or coconut and not accordion. Which is more similar in semantic meaning to accordion?,coconut
accordion|bird|eagle,Answer using only one word - bird or eagle and not accordion. Which is more similar in semantic meaning to accordion?,None
accordion|bird|fly,Answer using only one word - bird or fly and not accordion. Which is more similar in semantic meaning to accordion?,fly
accordion|blender|blowtorch,Answer using only one word - blender or blowtorch and not accordion. Which is more similar in semantic meaning to accordion?,blender
accordion|blender|brussels sprouts,Answer using only one word - blender or brussels sprouts and not accordion. Which is more similar in semantic meaning to accordion?,brussels sprouts
accordion|blender|candy,Answer using only one word - blender or candy and not accordion. Which is more similar in semantic meaning to accordion?,Accordion
accordion|blender|cat,Answer using only one word - blender or cat and not accordion. Which is more similar in semantic meaning to accordion?,cat
accordion|blender|chisel,Answer using only one word - blender or chisel and not accordion. Which is more similar in semantic meaning to accordion?,chisel
accordion|blender|crowbar,Answer using only one word - blender or crowbar and not accordion. Which is more similar in semantic meaning to accordion?,None
accordion|blender|fig,Answer using only one word - blender or fig and not accordion. Which is more similar in semantic meaning to accordion?,Accordion
accordion|blender|jeans,Answer using only one word - blender or jeans and not accordion. Which is more similar in semantic meaning to accordion?,Accordion
accordion|blowtorch|boar,Answer using only one word - blowtorch or boar and not accordion. Which is more similar in semantic meaning to accordion?,boar
accordion|blowtorch|cactus,Answer using only one word - blowtorch or cactus and not accordion. Which is more similar in semantic meaning to accordion?,cactus
accordion|blowtorch|carrot,Answer using only one word - blowtorch or carrot and not accordion. Which is more similar in semantic meaning to accordion?,Accordion
accordion|blowtorch|chili,Answer using only one word - blowtorch or chili and not accordion. Which is more similar in semantic meaning to accordion?,None
accordion|blowtorch|coconut,Answer using only one word - blowtorch or coconut and not accordion. Which is more similar in semantic meaning to accordion?,coconut
accordion|blowtorch|eagle,Answer using only one word - blowtorch or eagle and not accordion. Which is more similar in semantic meaning to accordion?,eagle
accordion|blowtorch|fly,Answer using only one word - blowtorch or fly and not accordion. Which is more similar in semantic meaning to accordion?,fly
accordion|blueberry|boa,Answer using only one word - blueberry or boa and not accordion. Which is more similar in semantic meaning to accordion?,boa
accordion|blueberry|burrito,Answer using only one word - blueberry or burrito and not accordion. Which is more similar in semantic meaning to accordion?,burrito
accordion|blueberry|car,Answer using only one word - blueberry or car and not accordion. Which is more similar in semantic meaning to accordion?,car
accordion|blueberry|celery,Answer using only one word - blueberry or celery and not accordion. Which is more similar in semantic meaning to accordion?,celery
accordion|blueberry|coat,Answer using only one word - blueberry or coat and not accordion. Which is more similar in semantic meaning to accordion?,coat
accordion|blueberry|dress,Answer using only one word - blueberry or dress and not accordion. Which is more similar in semantic meaning to accordion?,dress
accordion|blueberry|flute,Answer using only one word - blueberry or flute and not accordion. Which is more similar in semantic meaning to accordion?,flute
accordion|blueberry|motorcycle,Answer using only one word - blueberry or motorcycle and not accordion. Which is more similar in semantic meaning to accordion?,motorcycle
accordion|boa|burrito,Answer using only one word - boa or burrito and not accordion. Which is more similar in semantic meaning to accordion?,burrito
accordion|boa|car,Answer using only one word - boa or car and not accordion. Which is more similar in semantic meaning to accordion?,car
accordion|boa|celery,Answer using only one word - boa or celery and not accordion. Which is more similar in semantic meaning to accordion?,celery
accordion|boa|coat,Answer using only one word - boa or coat and not accordion. Which is more similar in semantic meaning to accordion?,coat
accordion|boa|dress,Answer using only one word - boa or dress and not accordion. Which is more similar in semantic meaning to accordion?,dress
accordion|boa|flute,Answer using only one word - boa or flute and not accordion. Which is more similar in semantic meaning to accordion?,flute
accordion|boa|motorcycle,Answer using only one word - boa or motorcycle and not accordion. Which is more similar in semantic meaning to accordion?,accordion
accordion|boar|cactus,Answer using only one word - boar or cactus and not accordion. Which is more similar in semantic meaning to accordion?,cactus
accordion|boar|carrot,Answer using only one word - boar or carrot and not accordion. Which is more similar in semantic meaning to accordion?,carrot
accordion|boar|chili,Answer using only one word - boar or chili and not accordion. Which is more similar in semantic meaning to accordion?,chili
accordion|boar|coconut,Answer using only one word - boar or coconut and not accordion. Which is more similar in semantic meaning to accordion?,Accordion
accordion|boar|eagle,Answer using only one word - boar or eagle and not accordion. Which is more similar in semantic meaning to accordion?,Accordion
accordion|boar|fly,Answer using only one word - boar or fly and not accordion. Which is more similar in semantic meaning to accordion?,fly
accordion|bread|brussels sprouts,Answer using only one word - bread or brussels sprouts and not accordion. Which is more similar in semantic meaning to accordion?,brussels sprouts
accordion|bread|candy,Answer using only one word - bread or candy and not accordion. Which is more similar in semantic meaning to accordion?,None
accordion|bread|cat,Answer using only one word - bread or cat and not accordion. Which is more similar in semantic meaning to accordion?,cat
accordion|bread|chisel,Answer using only one word - bread or chisel and not accordion. Which is more similar in semantic meaning to accordion?,chisel
accordion|bread|crowbar,Answer using only one word - bread or crowbar and not accordion. Which is more similar in semantic meaning to accordion?,crowbar
accordion|bread|fig,Answer using only one word - bread or fig and not accordion. Which is more similar in semantic meaning to accordion?,None
accordion|bread|jeans,Answer using only one word - bread or jeans and not accordion. Which is more similar in semantic meaning to accordion?,jeans
accordion|brussels sprouts|cactus,Answer using only one word - brussels sprouts or cactus and not accordion. Which is more similar in semantic meaning to accordion?,cactus
accordion|brussels sprouts|carrot,Answer using only one word - brussels sprouts or carrot and not accordion. Which is more similar in semantic meaning to accordion?,carrot
accordion|brussels sprouts|chili,Answer using only one word - brussels sprouts or chili and not accordion. Which is more similar in semantic meaning to accordion?,chili
accordion|brussels sprouts|coconut,Answer using only one word - brussels sprouts or coconut and not accordion. Which is more similar in semantic meaning to accordion?,coconut
accordion|brussels sprouts|eagle,Answer using only one word - brussels sprouts or eagle and not accordion. Which is more similar in semantic meaning to accordion?,Accordion
accordion|brussels sprouts|fly,Answer using only one word - brussels sprouts or fly and not accordion. Which is more similar in semantic meaning to accordion?,fly
accordion|bucket|burrito,Answer using only one word - bucket or burrito and not accordion. Which is more similar in semantic meaning to accordion?,burrito
accordion|bucket|car,Answer using only one word - bucket or car and not accordion. Which is more similar in semantic meaning to accordion?,car
accordion|bucket|celery,Answer using only one word - bucket or celery and not accordion. Which is more similar in semantic meaning to accordion?,None
accordion|bucket|coat,Answer using only one word - bucket or coat and not accordion. Which is more similar in semantic meaning to accordion?,coat
accordion|bucket|dress,Answer using only one word - bucket or dress and not accordion. Which is more similar in semantic meaning to accordion?,dress
accordion|bucket|flute,Answer using only one word - bucket or flute and not accordion. Which is more similar in semantic meaning to accordion?,flute
accordion|bucket|motorcycle,Answer using only one word - bucket or motorcycle and not accordion. Which is more similar in semantic meaning to accordion?,bucket
accordion|burrito|car,Answer using only one word - burrito or car and not accordion. Which is more similar in semantic meaning to accordion?,car
accordion|burrito|celery,Answer using only one word - burrito or celery and not accordion. Which is more similar in semantic meaning to accordion?,None
accordion|burrito|coat,Answer using only one word - burrito or coat and not accordion. Which is more similar in semantic meaning to accordion?,coat
accordion|burrito|dress,Answer using only one word - burrito or dress and not accordion. Which is more similar in semantic meaning to accordion?,dress
accordion|burrito|flute,Answer using only one word - burrito or flute and not accordion. Which is more similar in semantic meaning to accordion?,flute
accordion|burrito|motorcycle,Answer using only one word - burrito or motorcycle and not accordion. Which is more similar in semantic meaning to accordion?,motorcycle
accordion|cactus|carrot,Answer using only one word - cactus or carrot and not accordion. Which is more similar in semantic meaning to accordion?,None
accordion|cactus|chili,Answer using only one word - cactus or chili and not accordion. Which is more similar in semantic meaning to accordion?,chili
accordion|cactus|coconut,Answer using only one word - cactus or coconut and not accordion. Which is more similar in semantic meaning to accordion?,None
accordion|cactus|eagle,Answer using only one word - cactus or eagle and not accordion. Which is more similar in semantic meaning to accordion?,Accordion
accordion|cactus|fly,Answer using only one word - cactus or fly and not accordion. Which is more similar in semantic meaning to accordion?,fly
accordion|candle|candy,Answer using only one word - candle or candy and not accordion. Which is more similar in semantic meaning to accordion?,None
accordion|candle|cat,Answer using only one word - candle or cat and not accordion. Which is more similar in semantic meaning to accordion?,cat
accordion|candle|chisel,Answer using only one word - candle or chisel and not accordion. Which is more similar in semantic meaning to accordion?,chisel
accordion|candle|crowbar,Answer using only one word - candle or crowbar and not accordion. Which is more similar in semantic meaning to accordion?,candle
accordion|candle|fig,Answer using only one word - candle or fig and not accordion. Which is more similar in semantic meaning to accordion?,fig
accordion|candle|jeans,Answer using only one word - candle or jeans and not accordion. Which is more similar in semantic meaning to accordion?,jeans
accordion|candy|carrot,Answer using only one word - candy or carrot and not accordion. Which is more similar in semantic meaning to accordion?,carrot
accordion|candy|chili,Answer using only one word - candy or chili and not accordion. Which is more similar in semantic meaning to accordion?,chili
accordion|candy|coconut,Answer using only one word - candy or coconut and not accordion. Which is more similar in semantic meaning to accordion?,coconut
accordion|candy|eagle,Answer using only one word - candy or eagle and not accordion. Which is more similar in semantic meaning to accordion?,Accordion
accordion|candy|fly,Answer using only one word - candy or fly and not accordion. Which is more similar in semantic meaning to accordion?,fly
accordion|cannon|car,Answer using only one word - cannon or car and not accordion. Which is more similar in semantic meaning to accordion?,car
accordion|cannon|celery,Answer using only one word - cannon or celery and not accordion. Which is more similar in semantic meaning to accordion?,None
accordion|cannon|coat,Answer using only one word - cannon or coat and not accordion. Which is more similar in semantic meaning to accordion?,coat
accordion|cannon|dress,Answer using only one word - cannon or dress and not accordion. Which is more similar in semantic meaning to accordion?,dress
accordion|cannon|flute,Answer using only one word - cannon or flute and not accordion. Which is more similar in semantic meaning to accordion?,flute
accordion|cannon|motorcycle,Answer using only one word - cannon or motorcycle and not accordion. Which is more similar in semantic meaning to accordion?,motorcycle
accordion|car|celery,Answer using only one word - car or celery and not accordion. Which is more similar in semantic meaning to accordion?,celery
accordion|car|coat,Answer using only one word - car or coat and not accordion. Which is more similar in semantic meaning to accordion?,coat
accordion|car|dress,Answer using only one word - car or dress and not accordion. Which is more similar in semantic meaning to accordion?,dress
accordion|car|flute,Answer using only one word - car or flute and not accordion. Which is more similar in semantic meaning to accordion?,flute
accordion|car|motorcycle,Answer using only one word - car or motorcycle and not accordion. Which is more similar in semantic meaning to accordion?,motorcycle
accordion|carrot|chili,Answer using only one word - carrot or chili and not accordion. Which is more similar in semantic meaning to accordion?,chili
accordion|carrot|coconut,Answer using only one word - carrot or coconut and not accordion. Which is more similar in semantic meaning to accordion?,None
accordion|carrot|eagle,Answer using only one word - carrot or eagle and not accordion. Which is more similar in semantic meaning to accordion?,Accordion
accordion|carrot|fly,Answer using only one word - carrot or fly and not accordion. Which is more similar in semantic meaning to accordion?,fly
accordion|cart|cat,Answer using only one word - cart or cat and not accordion. Which is more similar in semantic meaning to accordion?,cart
accordion|cart|chisel,Answer using only one word - cart or chisel and not accordion. Which is more similar in semantic meaning to accordion?,None
accordion|cart|crowbar,Answer using only one word - cart or crowbar and not accordion. Which is more similar in semantic meaning to accordion?,None
accordion|cart|fig,Answer using only one word - cart or fig and not accordion. Which is more similar in semantic meaning to accordion?,fig
accordion|cart|jeans,Answer using only one word - cart or jeans and not accordion. Which is more similar in semantic meaning to accordion?,jeans
accordion|cat|chili,Answer using only one word - cat or chili and not accordion. Which is more similar in semantic meaning to accordion?,chili
accordion|cat|coconut,Answer using only one word - cat or coconut and not accordion. Which is more similar in semantic meaning to accordion?,coconut
accordion|cat|eagle,Answer using only one word - cat or eagle and not accordion. Which is more similar in semantic meaning to accordion?,Accordion
accordion|cat|fly,Answer using only one word - cat or fly and not accordion. Which is more similar in semantic meaning to accordion?,fly
accordion|caterpillar|celery,Answer using only one word - caterpillar or celery and not accordion. Which is more similar in semantic meaning to accordion?,None
accordion|caterpillar|coat,Answer using only one word - caterpillar or coat and not accordion. Which is more similar in semantic meaning to accordion?,coat
accordion|caterpillar|dress,Answer using only one word - caterpillar or dress and not accordion. Which is more similar in semantic meaning to accordion?,dress
accordion|caterpillar|flute,Answer using only one word - caterpillar or flute and not accordion. Which is more similar in semantic meaning to accordion?,flute
accordion|caterpillar|motorcycle,Answer using only one word - caterpillar or motorcycle and not accordion. Which is more similar in semantic meaning to accordion?,accordion
accordion|celery|coat,Answer using only one word - celery or coat and not accordion. Which is more similar in semantic meaning to accordion?,coat
accordion|celery|dress,Answer using only one word - celery or dress and not accordion. Which is more similar in semantic meaning to accordion?,dress
accordion|celery|flute,Answer using only one word - celery or flute and not accordion. Which is more similar in semantic meaning to accordion?,flute
accordion|celery|motorcycle,Answer using only one word - celery or motorcycle and not accordion. Which is more similar in semantic meaning to accordion?,motorcycle
accordion|chili|coconut,Answer using only one word - chili or coconut and not accordion. Which is more similar in semantic meaning to accordion?,None
accordion|chili|eagle,Answer using only one word - chili or eagle and not accordion. Which is more similar in semantic meaning to accordion?,Accordion
accordion|chili|fly,Answer using only one word - chili or fly and not accordion. Which is more similar in semantic meaning to accordion?,fly
accordion|chinchilla|chisel,Answer using only one word - chinchilla or chisel and not accordion. Which is more similar in semantic meaning to accordion?,chinchilla
accordion|chinchilla|crowbar,Answer using only one word - chinchilla or crowbar and not accordion. Which is more similar in semantic meaning to accordion?,crowbar
accordion|chinchilla|fig,Answer using only one word - chinchilla or fig and not accordion. Which is more similar in semantic meaning to accordion?,Accordion
accordion|chinchilla|jeans,Answer using only one word - chinchilla or jeans and not accordion. Which is more similar in semantic meaning to accordion?,Jeans
accordion|chisel|coconut,Answer using only one word - chisel or coconut and not accordion. Which is more similar in semantic meaning to accordion?,coconut
accordion|chisel|eagle,Answer using only one word - chisel or eagle and not accordion. Which is more similar in semantic meaning to accordion?,Accordion
accordion|chisel|fly,Answer using only one word - chisel or fly and not accordion. Which is more similar in semantic meaning to accordion?,fly
accordion|clarinet|coat,Answer using only one word - clarinet or coat and not accordion. Which is more similar in semantic meaning to accordion?,coat
accordion|clarinet|dress,Answer using only one word - clarinet or dress and not accordion. Which is more similar in semantic meaning to accordion?,dress
accordion|clarinet|flute,Answer using only one word - clarinet or flute and not accordion. Which is more similar in semantic meaning to accordion?,flute
accordion|clarinet|motorcycle,Answer using only one word - clarinet or motorcycle and not accordion. Which is more similar in semantic meaning to accordion?,motorcycle
accordion|coat|dress,Answer using only one word - coat or dress and not accordion. Which is more similar in semantic meaning to accordion?,None
accordion|coat|flute,Answer using only one word - coat or flute and not accordion. Which is more similar in semantic meaning to accordion?,flute
accordion|coat|motorcycle,Answer using only one word - coat or motorcycle and not accordion. Which is more similar in semantic meaning to accordion?,None
accordion|coconut|eagle,Answer using only one word - coconut or eagle and not accordion. Which is more similar in semantic meaning to accordion?,Accordion
accordion|coconut|fly,Answer using only one word - coconut or fly and not accordion. Which is more similar in semantic meaning to accordion?,fly
accordion|crow|crowbar,Answer using only one word - crow or crowbar and not accordion. Which is more similar in semantic meaning to accordion?,None
accordion|crow|fig,Answer using only one word - crow or fig and not accordion. Which is more similar in semantic meaning to accordion?,fig
accordion|crow|jeans,Answer using only one word - crow or jeans and not accordion. Which is more similar in semantic meaning to accordion?,jeans
accordion|crowbar|eagle,Answer using only one word - crowbar or eagle and not accordion. Which is more similar in semantic meaning to accordion?,none
accordion|crowbar|fly,Answer using only one word - crowbar or fly and not accordion. Which is more similar in semantic meaning to accordion?,fly
accordion|dragonfly|dress,Answer using only one word - dragonfly or dress and not accordion. Which is more similar in semantic meaning to accordion?,dress
accordion|dragonfly|flute,Answer using only one word - dragonfly or flute and not accordion. Which is more similar in semantic meaning to accordion?,flute
accordion|dragonfly|motorcycle,Answer using only one word - dragonfly or motorcycle and not accordion. Which is more similar in semantic meaning to accordion?,accordion
accordion|dress|flute,Answer using only one word - dress or flute and not accordion. Which is more similar in semantic meaning to accordion?,flute
accordion|dress|motorcycle,Answer using only one word - dress or motorcycle and not accordion. Which is more similar in semantic meaning to accordion?,motorcycle
accordion|eagle|fly,Answer using only one word - eagle or fly and not accordion. Which is more similar in semantic meaning to accordion?,fly
accordion|eggbeater|fig,Answer using only one word - eggbeater or fig and not accordion. Which is more similar in semantic meaning to accordion?,fig
accordion|eggbeater|jeans,Answer using only one word - eggbeater or jeans and not accordion. Which is more similar in semantic meaning to accordion?,none
accordion|fig|fly,Answer using only one word - fig or fly and not accordion. Which is more similar in semantic meaning to accordion?,fly
accordion|file|flute,Answer using only one word - file or flute and not accordion. Which is more similar in semantic meaning to accordion?,flute
accordion|file|motorcycle,Answer using only one word - file or motorcycle and not accordion. Which is more similar in semantic meaning to accordion?,file
accordion|flute|motorcycle,Answer using only one word - flute or motorcycle and not accordion. Which is more similar in semantic meaning to accordion?,motorcycle
accordion|grenade|jeans,Answer using only one word - grenade or jeans and not accordion. Which is more similar in semantic meaning to accordion?,Accordion
accordion|missile|motorcycle,Answer using only one word - missile or motorcycle and not accordion. Which is more similar in semantic meaning to accordion?,Accordion
acorn|airplane|apple,Answer using only one word - airplane or apple and not acorn. Which is more similar in semantic meaning to acorn?,apple
acorn|airplane|barrel,Answer using only one word - airplane or barrel and not acorn. Which is more similar in semantic meaning to acorn?,barrel
acorn|airplane|beetle,Answer using only one word - airplane or beetle and not acorn. Which is more similar in semantic meaning to acorn?,beetle
acorn|airplane|blowtorch,Answer using only one word - airplane or blowtorch and not acorn. Which is more similar in semantic meaning to acorn?,blowtorch
acorn|airplane|brussels sprouts,Answer using only one word - airplane or brussels sprouts and not acorn. Which is more similar in semantic meaning to acorn?,brussels sprouts
acorn|airplane|candy,Answer using only one word - airplane or candy and not acorn. Which is more similar in semantic meaning to acorn?,candy
acorn|airplane|cat,Answer using only one word - airplane or cat and not acorn. Which is more similar in semantic meaning to acorn?,cat
acorn|airplane|chisel,Answer using only one word - airplane or chisel and not acorn. Which is more similar in semantic meaning to acorn?,acorn
acorn|airplane|crowbar,Answer using only one word - airplane or crowbar and not acorn. Which is more similar in semantic meaning to acorn?,crowsbar
acorn|airplane|fig,Answer using only one word - airplane or fig and not acorn. Which is more similar in semantic meaning to acorn?,fig
acorn|airplane|jeans,Answer using only one word - airplane or jeans and not acorn. Which is more similar in semantic meaning to acorn?,acorn
acorn|aloe|anvil,Answer using only one word - aloe or anvil and not acorn. Which is more similar in semantic meaning to acorn?,anvil
acorn|aloe|banjo,Answer using only one word - aloe or banjo and not acorn. Which is more similar in semantic meaning to acorn?,None
acorn|aloe|beet,Answer using only one word - aloe or beet and not acorn. Which is more similar in semantic meaning to acorn?,beet
acorn|aloe|blender,Answer using only one word - aloe or blender and not acorn. Which is more similar in semantic meaning to acorn?,None
acorn|aloe|bread,Answer using only one word - aloe or bread and not acorn. Which is more similar in semantic meaning to acorn?,None
acorn|aloe|candle,Answer using only one word - aloe or candle and not acorn. Which is more similar in semantic meaning to acorn?,None
acorn|aloe|cart,Answer using only one word - aloe or cart and not acorn. Which is more similar in semantic meaning to acorn?,None
acorn|aloe|chinchilla,Answer using only one word - aloe or chinchilla and not acorn. Which is more similar in semantic meaning to acorn?,None
acorn|aloe|crow,Answer using only one word - aloe or crow and not acorn. Which is more similar in semantic meaning to acorn?,None
acorn|aloe|eggbeater,Answer using only one word - aloe or eggbeater and not acorn. Which is more similar in semantic meaning to acorn?,None
acorn|aloe|grenade,Answer using only one word - aloe or grenade and not acorn. Which is more similar in semantic meaning to acorn?,None
acorn|ant|anvil,Answer using only one word - ant or anvil and not acorn. Which is more similar in semantic meaning to acorn?,anvil
acorn|ant|banjo,Answer using only one word - ant or banjo and not acorn. Which is more similar in semantic meaning to acorn?,banjo
acorn|ant|beet,Answer using only one word - ant or beet and not acorn. Which is more similar in semantic meaning to acorn?,beet
acorn|ant|blender,Answer using only one word - ant or blender and not acorn. Which is more similar in semantic meaning to acorn?,blender
acorn|ant|bread,Answer using only one word - ant or bread and not acorn. Which is more similar in semantic meaning to acorn?,acorn
acorn|ant|candle,Answer using only one word - ant or candle and not acorn. Which is more similar in semantic meaning to acorn?,candle
acorn|ant|cart,Answer using only one word - ant or cart and not acorn. Which is more similar in semantic meaning to acorn?,cart
acorn|ant|chinchilla,Answer using only one word - ant or chinchilla and not acorn. Which is more similar in semantic meaning to acorn?,chinchilla
acorn|ant|crow,Answer using only one word - ant or crow and not acorn. Which is more similar in semantic meaning to acorn?,ant
acorn|ant|eggbeater,Answer using only one word - ant or eggbeater and not acorn. Which is more similar in semantic meaning to acorn?,eggbeater
acorn|ant|grenade,Answer using only one word - ant or grenade and not acorn. Which is more similar in semantic meaning to acorn?,None
acorn|anteater|apple,Answer using only one word - anteater or apple and not acorn. Which is more similar in semantic meaning to acorn?,apple
acorn|anteater|barrel,Answer using only one word - anteater or barrel and not acorn. Which is more similar in semantic meaning to acorn?,None
acorn|anteater|beetle,Answer using only one word - anteater or beetle and not acorn. Which is more similar in semantic meaning to acorn?,beetle
acorn|anteater|blowtorch,Answer using only one word - anteater or blowtorch and not acorn. Which is more similar in semantic meaning to acorn?,None
acorn|anteater|brussels sprouts,Answer using only one word - anteater or brussels sprouts and not acorn. Which is more similar in semantic meaning to acorn?,anteater
acorn|anteater|candy,Answer using only one word - anteater or candy and not acorn. Which is more similar in semantic meaning to acorn?,candy
acorn|anteater|cat,Answer using only one word - anteater or cat and not acorn. Which is more similar in semantic meaning to acorn?,cat
acorn|anteater|chisel,Answer using only one word - anteater or chisel and not acorn. Which is more similar in semantic meaning to acorn?,None
acorn|anteater|crowbar,Answer using only one word - anteater or crowbar and not acorn. Which is more similar in semantic meaning to acorn?,crowbar
acorn|anteater|fig,Answer using only one word - anteater or fig and not acorn. Which is more similar in semantic meaning to acorn?,None
acorn|anteater|jeans,Answer using only one word - anteater or jeans and not acorn. Which is more similar in semantic meaning to acorn?,None
acorn|anvil|bagel,Answer using only one word - anvil or bagel and not acorn. Which is more similar in semantic meaning to acorn?,acorn
acorn|anvil|beaver,Answer using only one word - anvil or beaver and not acorn. Which is more similar in semantic meaning to acorn?,beaver
acorn|anvil|belt,Answer using only one word - anvil or belt and not acorn. Which is more similar in semantic meaning to acorn?,None
acorn|anvil|boa,Answer using only one word - anvil or boa and not acorn. Which is more similar in semantic meaning to acorn?,boa
acorn|anvil|burrito,Answer using only one word - anvil or burrito and not acorn. Which is more similar in semantic meaning to acorn?,acorn
acorn|anvil|car,Answer using only one word - anvil or car and not acorn. Which is more similar in semantic meaning to acorn?,car
acorn|anvil|celery,Answer using only one word - anvil or celery and not acorn. Which is more similar in semantic meaning to acorn?,celery
acorn|anvil|coat,Answer using only one word - anvil or coat and not acorn. Which is more similar in semantic meaning to acorn?,None
acorn|anvil|dress,Answer using only one word - anvil or dress and not acorn. Which is more similar in semantic meaning to acorn?,acorn
acorn|anvil|flute,Answer using only one word - anvil or flute and not acorn. Which is more similar in semantic meaning to acorn?,None
acorn|anvil|motorcycle,Answer using only one word - anvil or motorcycle and not acorn. Which is more similar in semantic meaning to acorn?,acorn
acorn|apple|barrel,Answer using only one word - apple or barrel and not acorn. Which is more similar in semantic meaning to acorn?,barrel
acorn|apple|beetle,Answer using only one word - apple or beetle and not acorn. Which is more similar in semantic meaning to acorn?,beetle
acorn|apple|blowtorch,Answer using only one word - apple or blowtorch and not acorn. Which is more similar in semantic meaning to acorn?,blowtorch
acorn|apple|brussels sprouts,Answer using only one word - apple or brussels sprouts and not acorn. Which is more similar in semantic meaning to acorn?,brussels sprouts
acorn|apple|candy,Answer using only one word - apple or candy and not acorn. Which is more similar in semantic meaning to acorn?,None
acorn|apple|cat,Answer using only one word - apple or cat and not acorn. Which is more similar in semantic meaning to acorn?,cat
acorn|apple|chisel,Answer using only one word - apple or chisel and not acorn. Which is more similar in semantic meaning to acorn?,chisel
acorn|apple|crowbar,Answer using only one word - apple or crowbar and not acorn. Which is more similar in semantic meaning to acorn?,crowbar
acorn|apple|fig,Answer using only one word - apple or fig and not acorn. Which is more similar in semantic meaning to acorn?,fig
acorn|apple|jeans,Answer using only one word - apple or jeans and not acorn. Which is more similar in semantic meaning to acorn?,acorn
acorn|artichoke|banjo,Answer using only one word - artichoke or banjo and not acorn. Which is more similar in semantic meaning to acorn?,banjo
acorn|artichoke|beet,Answer using only one word - artichoke or beet and not acorn. Which is more similar in semantic meaning to acorn?,beet
acorn|artichoke|blender,Answer using only one word - artichoke or blender and not acorn. Which is more similar in semantic meaning to acorn?,blender
acorn|artichoke|bread,Answer using only one word - artichoke or bread and not acorn. Which is more similar in semantic meaning to acorn?,artichoke
acorn|artichoke|candle,Answer using only one word - artichoke or candle and not acorn. Which is more similar in semantic meaning to acorn?,None
acorn|artichoke|cart,Answer using only one word - artichoke or cart and not acorn. Which is more similar in semantic meaning to acorn?,artichoke
acorn|artichoke|chinchilla,Answer using only one word - artichoke or chinchilla and not acorn. Which is more similar in semantic meaning to acorn?,chinchilla
acorn|artichoke|crow,Answer using only one word - artichoke or crow and not acorn. Which is more similar in semantic meaning to acorn?,None
acorn|artichoke|eggbeater,Answer using only one word - artichoke or eggbeater and not acorn. Which is more similar in semantic meaning to acorn?,eggbeater
acorn|artichoke|grenade,Answer using only one word - artichoke or grenade and not acorn. Which is more similar in semantic meaning to acorn?,grenade
acorn|bagel|banjo,Answer using only one word - bagel or banjo and not acorn. Which is more similar in semantic meaning to acorn?,None
acorn|bagel|beet,Answer using only one word - bagel or beet and not acorn. Which is more similar in semantic meaning to acorn?,beet
acorn|bagel|blender,Answer using only one word - bagel or blender and not acorn. Which is more similar in semantic meaning to acorn?,blender
acorn|bagel|bread,Answer using only one word - bagel or bread and not acorn. Which is more similar in semantic meaning to acorn?,bread
acorn|bagel|candle,Answer using only one word - bagel or candle and not acorn. Which is more similar in semantic meaning to acorn?,None
acorn|bagel|cart,Answer using only one word - bagel or cart and not acorn. Which is more similar in semantic meaning to acorn?,cart
acorn|bagel|chinchilla,Answer using only one word - bagel or chinchilla and not acorn. Which is more similar in semantic meaning to acorn?,chinchilla
acorn|bagel|crow,Answer using only one word - bagel or crow and not acorn. Which is more similar in semantic meaning to acorn?,crow
acorn|bagel|eggbeater,Answer using only one word - bagel or eggbeater and not acorn. Which is more similar in semantic meaning to acorn?,eggbeater
acorn|bagel|grenade,Answer using only one word - bagel or grenade and not acorn. Which is more similar in semantic meaning to acorn?,grenade
acorn|banana|barrel,Answer using only one word - banana or barrel and not acorn. Which is more similar in semantic meaning to acorn?,barrel
acorn|banana|beetle,Answer using only one word - banana or beetle and not acorn. Which is more similar in semantic meaning to acorn?,beetle
acorn|banana|blowtorch,Answer using only one word - banana or blowtorch and not acorn. Which is more similar in semantic meaning to acorn?,banana
acorn|banana|brussels sprouts,Answer using only one word - banana or brussels sprouts and not acorn. Which is more similar in semantic meaning to acorn?,brussels sprouts
acorn|banana|candy,Answer using only one word - banana or candy and not acorn. Which is more similar in semantic meaning to acorn?,None
acorn|banana|cat,Answer using only one word - banana or cat and not acorn. Which is more similar in semantic meaning to acorn?,cat
acorn|banana|chisel,Answer using only one word - banana or chisel and not acorn. Which is more similar in semantic meaning to acorn?,chisel
acorn|banana|crowbar,Answer using only one word - banana or crowbar and not acorn. Which is more similar in semantic meaning to acorn?,crowbar
acorn|banana|fig,Answer using only one word - banana or fig and not acorn. Which is more similar in semantic meaning to acorn?,fig
acorn|banana|jeans,Answer using only one word - banana or jeans and not acorn. Which is more similar in semantic meaning to acorn?,acorn
acorn|banjo|beaver,Answer using only one word - banjo or beaver and not acorn. Which is more similar in semantic meaning to acorn?,beaver
acorn|banjo|belt,Answer using only one word - banjo or belt and not acorn. Which is more similar in semantic meaning to acorn?,acorn
acorn|banjo|boa,Answer using only one word - banjo or boa and not acorn. Which is more similar in semantic meaning to acorn?,boa
acorn|banjo|burrito,Answer using only one word - banjo or burrito and not acorn. Which is more similar in semantic meaning to acorn?,burrito
acorn|banjo|car,Answer using only one word - banjo or car and not acorn. Which is more similar in semantic meaning to acorn?,car
acorn|banjo|celery,Answer using only one word - banjo or celery and not acorn. Which is more similar in semantic meaning to acorn?,celery
acorn|banjo|coat,Answer using only one word - banjo or coat and not acorn. Which is more similar in semantic meaning to acorn?,acorn
acorn|banjo|dress,Answer using only one word - banjo or dress and not acorn. Which is more similar in semantic meaning to acorn?,None
acorn|banjo|flute,Answer using only one word - banjo or flute and not acorn. Which is more similar in semantic meaning to acorn?,flute
acorn|banjo|motorcycle,Answer using only one word - banjo or motorcycle and not acorn. Which is more similar in semantic meaning to acorn?,motorcycle
acorn|barrel|beetle,Answer using only one word - barrel or beetle and not acorn. Which is more similar in semantic meaning to acorn?,beetle
acorn|barrel|blowtorch,Answer using only one word - barrel or blowtorch and not acorn. Which is more similar in semantic meaning to acorn?,barrel
acorn|barrel|brussels sprouts,Answer using only one word - barrel or brussels sprouts and not acorn. Which is more similar in semantic meaning to acorn?,brussels sprouts
acorn|barrel|candy,Answer using only one word - barrel or candy and not acorn. Which is more similar in semantic meaning to acorn?,candy
acorn|barrel|cat,Answer using only one word - barrel or cat and not acorn. Which is more similar in semantic meaning to acorn?,cat
acorn|barrel|chisel,Answer using only one word - barrel or chisel and not acorn. Which is more similar in semantic meaning to acorn?,chisel
acorn|barrel|crowbar,Answer using only one word - barrel or crowbar and not acorn. Which is more similar in semantic meaning to acorn?,None.
acorn|barrel|fig,Answer using only one word - barrel or fig and not acorn. Which is more similar in semantic meaning to acorn?,fig
acorn|barrel|jeans,Answer using only one word - barrel or jeans and not acorn. Which is more similar in semantic meaning to acorn?,acorn
acorn|bat|beet,Answer using only one word - bat or beet and not acorn. Which is more similar in semantic meaning to acorn?,bat
acorn|bat|blender,Answer using only one word - bat or blender and not acorn. Which is more similar in semantic meaning to acorn?,None
acorn|bat|bread,Answer using only one word - bat or bread and not acorn. Which is more similar in semantic meaning to acorn?,None
acorn|bat|candle,Answer using only one word - bat or candle and not acorn. Which is more similar in semantic meaning to acorn?,None
acorn|bat|cart,Answer using only one word - bat or cart and not acorn. Which is more similar in semantic meaning to acorn?,cart
acorn|bat|chinchilla,Answer using only one word - bat or chinchilla and not acorn. Which is more similar in semantic meaning to acorn?,bat
acorn|bat|crow,Answer using only one word - bat or crow and not acorn. Which is more similar in semantic meaning to acorn?,bat
acorn|bat|eggbeater,Answer using only one word - bat or eggbeater and not acorn. Which is more similar in semantic meaning to acorn?,None
acorn|bat|grenade,Answer using only one word - bat or grenade and not acorn. Which is more similar in semantic meaning to acorn?,None
acorn|beaver|beet,Answer using only one word - beaver or beet and not acorn. Which is more similar in semantic meaning to acorn?,beaver
acorn|beaver|blender,Answer using only one word - beaver or blender and not acorn. Which is more similar in semantic meaning to acorn?,beaver
acorn|beaver|bread,Answer using only one word - beaver or bread and not acorn. Which is more similar in semantic meaning to acorn?,beaver
acorn|beaver|candle,Answer using only one word - beaver or candle and not acorn. Which is more similar in semantic meaning to acorn?,beaver
acorn|beaver|cart,Answer using only one word - beaver or cart and not acorn. Which is more similar in semantic meaning to acorn?,beaver
acorn|beaver|chinchilla,Answer using only one word - beaver or chinchilla and not acorn. Which is more similar in semantic meaning to acorn?,beaver
acorn|beaver|crow,Answer using only one word - beaver or crow and not acorn. Which is more similar in semantic meaning to acorn?,beaver
acorn|beaver|eggbeater,Answer using only one word - beaver or eggbeater and not acorn. Which is more similar in semantic meaning to acorn?,beaver
acorn|beaver|grenade,Answer using only one word - beaver or grenade and not acorn. Which is more similar in semantic meaning to acorn?,beaver
acorn|bed|beetle,Answer using only one word - bed or beetle and not acorn. Which is more similar in semantic meaning to acorn?,beetle
acorn|bed|blowtorch,Answer using only one word - bed or blowtorch and not acorn. Which is more similar in semantic meaning to acorn?,None
acorn|bed|brussels sprouts,Answer using only one word - bed or brussels sprouts and not acorn. Which is more similar in semantic meaning to acorn?,brussels sprouts
acorn|bed|candy,Answer using only one word - bed or candy and not acorn. Which is more similar in semantic meaning to acorn?,acorn
acorn|bed|cat,Answer using only one word - bed or cat and not acorn. Which is more similar in semantic meaning to acorn?,cat
acorn|bed|chisel,Answer using only one word - bed or chisel and not acorn. Which is more similar in semantic meaning to acorn?,chisel
acorn|bed|crowbar,Answer using only one word - bed or crowbar and not acorn. Which is more similar in semantic meaning to acorn?,acorn
acorn|bed|fig,Answer using only one word - bed or fig and not acorn. Which is more similar in semantic meaning to acorn?,fig
acorn|bed|jeans,Answer using only one word - bed or jeans and not acorn. Which is more similar in semantic meaning to acorn?,jeans
acorn|beet|belt,Answer using only one word - beet or belt and not acorn. Which is more similar in semantic meaning to acorn?,beet
acorn|beet|boa,Answer using only one word - beet or boa and not acorn. Which is more similar in semantic meaning to acorn?,beet
acorn|beet|burrito,Answer using only one word - beet or burrito and not acorn. Which is more similar in semantic meaning to acorn?,burrito
acorn|beet|car,Answer using only one word - beet or car and not acorn. Which is more similar in semantic meaning to acorn?,car
acorn|beet|celery,Answer using only one word - beet or celery and not acorn. Which is more similar in semantic meaning to acorn?,None.
acorn|beet|coat,Answer using only one word - beet or coat and not acorn. Which is more similar in semantic meaning to acorn?,coat
acorn|beet|dress,Answer using only one word - beet or dress and not acorn. Which is more similar in semantic meaning to acorn?,dress
acorn|beet|flute,Answer using only one word - beet or flute and not acorn. Which is more similar in semantic meaning to acorn?,beet
acorn|beet|motorcycle,Answer using only one word - beet or motorcycle and not acorn. Which is more similar in semantic meaning to acorn?,beet
acorn|beetle|blowtorch,Answer using only one word - beetle or blowtorch and not acorn. Which is more similar in semantic meaning to acorn?,blowtorch
acorn|beetle|brussels sprouts,Answer using only one word - beetle or brussels sprouts and not acorn. Which is more similar in semantic meaning to acorn?,brussels sprouts
acorn|beetle|candy,Answer using only one word - beetle or candy and not acorn. Which is more similar in semantic meaning to acorn?,candy
acorn|beetle|cat,Answer using only one word - beetle or cat and not acorn. Which is more similar in semantic meaning to acorn?,cat
acorn|beetle|chisel,Answer using only one word - beetle or chisel and not acorn. Which is more similar in semantic meaning to acorn?,beetle
acorn|beetle|crowbar,Answer using only one word - beetle or crowbar and not acorn. Which is more similar in semantic meaning to acorn?,crowbar
acorn|beetle|fig,Answer using only one word - beetle or fig and not acorn. Which is more similar in semantic meaning to acorn?,fig
acorn|beetle|jeans,Answer using only one word - beetle or jeans and not acorn. Which is more similar in semantic meaning to acorn?,beetle
acorn|bell|blender,Answer using only one word - bell or blender and not acorn. Which is more similar in semantic meaning to acorn?,None
acorn|bell|bread,Answer using only one word - bell or bread and not acorn. Which is more similar in semantic meaning to acorn?,acorn
acorn|bell|candle,Answer using only one word - bell or candle and not acorn. Which is more similar in semantic meaning to acorn?,candle
acorn|bell|cart,Answer using only one word - bell or cart and not acorn. Which is more similar in semantic meaning to acorn?,cart
acorn|bell|chinchilla,Answer using only one word - bell or chinchilla and not acorn. Which is more similar in semantic meaning to acorn?,chinchilla
acorn|bell|crow,Answer using only one word - bell or crow and not acorn. Which is more similar in semantic meaning to acorn?,None
acorn|bell|eggbeater,Answer using only one word - bell or eggbeater and not acorn. Which is more similar in semantic meaning to acorn?,eggbeater
acorn|bell|grenade,Answer using only one word - bell or grenade and not acorn. Which is more similar in semantic meaning to acorn?,None
acorn|belt|blender,Answer using only one word - belt or blender and not acorn. Which is more similar in semantic meaning to acorn?,None.
acorn|belt|bread,Answer using only one word - belt or bread and not acorn. Which is more similar in semantic meaning to acorn?,bread
acorn|belt|candle,Answer using only one word - belt or candle and not acorn. Which is more similar in semantic meaning to acorn?,candle
acorn|belt|cart,Answer using only one word - belt or cart and not acorn. Which is more similar in semantic meaning to acorn?,cart
acorn|belt|chinchilla,Answer using only one word - belt or chinchilla and not acorn. Which is more similar in semantic meaning to acorn?,chinchilla
acorn|belt|crow,Answer using only one word - belt or crow and not acorn. Which is more similar in semantic meaning to acorn?,None
acorn|belt|eggbeater,Answer using only one word - belt or eggbeater and not acorn. Which is more similar in semantic meaning to acorn?,eggbeater
acorn|belt|grenade,Answer using only one word - belt or grenade and not acorn. Which is more similar in semantic meaning to acorn?,None
acorn|bird|blowtorch,Answer using only one word - bird or blowtorch and not acorn. Which is more similar in semantic meaning to acorn?,blowtorch
acorn|bird|brussels sprouts,Answer using only one word - bird or brussels sprouts and not acorn. Which is more similar in semantic meaning to acorn?,brussels sprouts
acorn|bird|candy,Answer using only one word - bird or candy and not acorn. Which is more similar in semantic meaning to acorn?,candy
acorn|bird|cat,Answer using only one word - bird or cat and not acorn. Which is more similar in semantic meaning to acorn?,cat
acorn|bird|chisel,Answer using only one word - bird or chisel and not acorn. Which is more similar in semantic meaning to acorn?,chisel
acorn|bird|crowbar,Answer using only one word - bird or crowbar and not acorn. Which is more similar in semantic meaning to acorn?,crowbar
acorn|bird|fig,Answer using only one word - bird or fig and not acorn. Which is more similar in semantic meaning to acorn?,fig
acorn|bird|jeans,Answer using only one word - bird or jeans and not acorn. Which is more similar in semantic meaning to acorn?,acorn
acorn|blender|boa,Answer using only one word - blender or boa and not acorn. Which is more similar in semantic meaning to acorn?,boa
acorn|blender|burrito,Answer using only one word - blender or burrito and not acorn. Which is more similar in semantic meaning to acorn?,burrito
acorn|blender|car,Answer using only one word - blender or car and not acorn. Which is more similar in semantic meaning to acorn?,car
acorn|blender|celery,Answer using only one word - blender or celery and not acorn. Which is more similar in semantic meaning to acorn?,celery
acorn|blender|coat,Answer using only one word - blender or coat and not acorn. Which is more similar in semantic meaning to acorn?,None
acorn|blender|dress,Answer using only one word - blender or dress and not acorn. Which is more similar in semantic meaning to acorn?,acorn
acorn|blender|flute,Answer using only one word - blender or flute and not acorn. Which is more similar in semantic meaning to acorn?,None
acorn|blender|motorcycle,Answer using only one word - blender or motorcycle and not acorn. Which is more similar in semantic meaning to acorn?,motorcycle
acorn|blowtorch|brussels sprouts,Answer using only one word - blowtorch or brussels sprouts and not acorn. Which is more similar in semantic meaning to acorn?,brussels sprouts
acorn|blowtorch|candy,Answer using only one word - blowtorch or candy and not acorn. Which is more similar in semantic meaning to acorn?,candy
acorn|blowtorch|cat,Answer using only one word - blowtorch or cat and not acorn. Which is more similar in semantic meaning to acorn?,cat
acorn|blowtorch|chisel,Answer using only one word - blowtorch or chisel and not acorn. Which is more similar in semantic meaning to acorn?,chisel
acorn|blowtorch|crowbar,Answer using only one word - blowtorch or crowbar and not acorn. Which is more similar in semantic meaning to acorn?,crowbar
acorn|blowtorch|fig,Answer using only one word - blowtorch or fig and not acorn. Which is more similar in semantic meaning to acorn?,fig
acorn|blowtorch|jeans,Answer using only one word - blowtorch or jeans and not acorn. Which is more similar in semantic meaning to acorn?,jeans
acorn|blueberry|bread,Answer using only one word - blueberry or bread and not acorn. Which is more similar in semantic meaning to acorn?,bread
acorn|blueberry|candle,Answer using only one word - blueberry or candle and not acorn. Which is more similar in semantic meaning to acorn?,candle
acorn|blueberry|cart,Answer using only one word - blueberry or cart and not acorn. Which is more similar in semantic meaning to acorn?,cart
acorn|blueberry|chinchilla,Answer using only one word - blueberry or chinchilla and not acorn. Which is more similar in semantic meaning to acorn?,chinchilla
acorn|blueberry|crow,Answer using only one word - blueberry or crow and not acorn. Which is more similar in semantic meaning to acorn?,crow
acorn|blueberry|eggbeater,Answer using only one word - blueberry or eggbeater and not acorn. Which is more similar in semantic meaning to acorn?,eggbeater
acorn|blueberry|grenade,Answer using only one word - blueberry or grenade and not acorn. Which is more similar in semantic meaning to acorn?,grenade
acorn|boa|bread,Answer using only one word - boa or bread and not acorn. Which is more similar in semantic meaning to acorn?,boa
acorn|boa|candle,Answer using only one word - boa or candle and not acorn. Which is more similar in semantic meaning to acorn?,candle
acorn|boa|cart,Answer using only one word - boa or cart and not acorn. Which is more similar in semantic meaning to acorn?,cart
acorn|boa|chinchilla,Answer using only one word - boa or chinchilla and not acorn. Which is more similar in semantic meaning to acorn?,chinchilla
acorn|boa|crow,Answer using only one word - boa or crow and not acorn. Which is more similar in semantic meaning to acorn?,boa
acorn|boa|eggbeater,Answer using only one word - boa or eggbeater and not acorn. Which is more similar in semantic meaning to acorn?,eggbeater
acorn|boa|grenade,Answer using only one word - boa or grenade and not acorn. Which is more similar in semantic meaning to acorn?,None
acorn|boar|brussels sprouts,Answer using only one word - boar or brussels sprouts and not acorn. Which is more similar in semantic meaning to acorn?,brussels sprouts
acorn|boar|candy,Answer using only one word - boar or candy and not acorn. Which is more similar in semantic meaning to acorn?,candy
acorn|boar|cat,Answer using only one word - boar or cat and not acorn. Which is more similar in semantic meaning to acorn?,cat
acorn|boar|chisel,Answer using only one word - boar or chisel and not acorn. Which is more similar in semantic meaning to acorn?,chisel
acorn|boar|crowbar,Answer using only one word - boar or crowbar and not acorn. Which is more similar in semantic meaning to acorn?,None
acorn|boar|fig,Answer using only one word - boar or fig and not acorn. Which is more similar in semantic meaning to acorn?,fig
acorn|boar|jeans,Answer using only one word - boar or jeans and not acorn. Which is more similar in semantic meaning to acorn?,acorn
acorn|bread|burrito,Answer using only one word - bread or burrito and not acorn. Which is more similar in semantic meaning to acorn?,None.
acorn|bread|car,Answer using only one word - bread or car and not acorn. Which is more similar in semantic meaning to acorn?,car
acorn|bread|celery,Answer using only one word - bread or celery and not acorn. Which is more similar in semantic meaning to acorn?,celery
acorn|bread|coat,Answer using only one word - bread or coat and not acorn. Which is more similar in semantic meaning to acorn?,None
acorn|bread|dress,Answer using only one word - bread or dress and not acorn. Which is more similar in semantic meaning to acorn?,dress
acorn|bread|flute,Answer using only one word - bread or flute and not acorn. Which is more similar in semantic meaning to acorn?,flute
acorn|bread|motorcycle,Answer using only one word - bread or motorcycle and not acorn. Which is more similar in semantic meaning to acorn?,motorcycle
acorn|brussels sprouts|candy,Answer using only one word - brussels sprouts or candy and not acorn. Which is more similar in semantic meaning to acorn?,candy
acorn|brussels sprouts|cat,Answer using only one word - brussels sprouts or cat and not acorn. Which is more similar in semantic meaning to acorn?,cat
acorn|brussels sprouts|chisel,Answer using only one word - brussels sprouts or chisel and not acorn. Which is more similar in semantic meaning to acorn?,chisel
acorn|brussels sprouts|crowbar,Answer using only one word - brussels sprouts or crowbar and not acorn. Which is more similar in semantic meaning to acorn?,crowbar
acorn|brussels sprouts|fig,Answer using only one word - brussels sprouts or fig and not acorn. Which is more similar in semantic meaning to acorn?,fig
acorn|brussels sprouts|jeans,Answer using only one word - brussels sprouts or jeans and not acorn. Which is more similar in semantic meaning to acorn?,brussels sprouts
acorn|bucket|candle,Answer using only one word - bucket or candle and not acorn. Which is more similar in semantic meaning to acorn?,candle
acorn|bucket|cart,Answer using only one word - bucket or cart and not acorn. Which is more similar in semantic meaning to acorn?,cart
acorn|bucket|chinchilla,Answer using only one word - bucket or chinchilla and not acorn. Which is more similar in semantic meaning to acorn?,chinchilla
acorn|bucket|crow,Answer using only one word - bucket or crow and not acorn. Which is more similar in semantic meaning to acorn?,crow
acorn|bucket|eggbeater,Answer using only one word - bucket or eggbeater and not acorn. Which is more similar in semantic meaning to acorn?,None
acorn|bucket|grenade,Answer using only one word - bucket or grenade and not acorn. Which is more similar in semantic meaning to acorn?,None
acorn|burrito|candle,Answer using only one word - burrito or candle and not acorn. Which is more similar in semantic meaning to acorn?,candle
acorn|burrito|cart,Answer using only one word - burrito or cart and not acorn. Which is more similar in semantic meaning to acorn?,cart
acorn|burrito|chinchilla,Answer using only one word - burrito or chinchilla and not acorn. Which is more similar in semantic meaning to acorn?,chinchilla
acorn|burrito|crow,Answer using only one word - burrito or crow and not acorn. Which is more similar in semantic meaning to acorn?,acorn
acorn|burrito|eggbeater,Answer using only one word - burrito or eggbeater and not acorn. Which is more similar in semantic meaning to acorn?,eggbeater
acorn|burrito|grenade,Answer using only one word - burrito or grenade and not acorn. Which is more similar in semantic meaning to acorn?,grenade
acorn|cactus|candy,Answer using only one word - cactus or candy and not acorn. Which is more similar in semantic meaning to acorn?,cactus
acorn|cactus|cat,Answer using only one word - cactus or cat and not acorn. Which is more similar in semantic meaning to acorn?,cat
acorn|cactus|chisel,Answer using only one word - cactus or chisel and not acorn. Which is more similar in semantic meaning to acorn?,cactus
acorn|cactus|crowbar,Answer using only one word - cactus or crowbar and not acorn. Which is more similar in semantic meaning to acorn?,cactus
acorn|cactus|fig,Answer using only one word - cactus or fig and not acorn. Which is more similar in semantic meaning to acorn?,cactus
acorn|cactus|jeans,Answer using only one word - cactus or jeans and not acorn. Which is more similar in semantic meaning to acorn?,acorn
acorn|candle|car,Answer using only one word - candle or car and not acorn. Which is more similar in semantic meaning to acorn?,car
acorn|candle|celery,Answer using only one word - candle or celery and not acorn. Which is more similar in semantic meaning to acorn?,celery
acorn|candle|coat,Answer using only one word - candle or coat and not acorn. Which is more similar in semantic meaning to acorn?,coat
acorn|candle|dress,Answer using only one word - candle or dress and not acorn. Which is more similar in semantic meaning to acorn?,candle
acorn|candle|flute,Answer using only one word - candle or flute and not acorn. Which is more similar in semantic meaning to acorn?,flute
acorn|candle|motorcycle,Answer using only one word - candle or motorcycle and not acorn. Which is more similar in semantic meaning to acorn?,acorn
acorn|candy|cat,Answer using only one word - candy or cat and not acorn. Which is more similar in semantic meaning to acorn?,cat
acorn|candy|chisel,Answer using only one word - candy or chisel and not acorn. Which is more similar in semantic meaning to acorn?,chisel
acorn|candy|crowbar,Answer using only one word - candy or crowbar and not acorn. Which is more similar in semantic meaning to acorn?,candy
acorn|candy|fig,Answer using only one word - candy or fig and not acorn. Which is more similar in semantic meaning to acorn?,fig
acorn|candy|jeans,Answer using only one word - candy or jeans and not acorn. Which is more similar in semantic meaning to acorn?,acorn
acorn|cannon|cart,Answer using only one word - cannon or cart and not acorn. Which is more similar in semantic meaning to acorn?,cart
acorn|cannon|chinchilla,Answer using only one word - cannon or chinchilla and not acorn. Which is more similar in semantic meaning to acorn?,chinchilla
acorn|cannon|crow,Answer using only one word - cannon or crow and not acorn. Which is more similar in semantic meaning to acorn?,cannon
acorn|cannon|eggbeater,Answer using only one word - cannon or eggbeater and not acorn. Which is more similar in semantic meaning to acorn?,acorn
acorn|cannon|grenade,Answer using only one word - cannon or grenade and not acorn. Which is more similar in semantic meaning to acorn?,None
acorn|car|cart,Answer using only one word - car or cart and not acorn. Which is more similar in semantic meaning to acorn?,cart
acorn|car|chinchilla,Answer using only one word - car or chinchilla and not acorn. Which is more similar in semantic meaning to acorn?,chinchilla
acorn|car|crow,Answer using only one word - car or crow and not acorn. Which is more similar in semantic meaning to acorn?,crow
acorn|car|eggbeater,Answer using only one word - car or eggbeater and not acorn. Which is more similar in semantic meaning to acorn?,eggbeater
acorn|car|grenade,Answer using only one word - car or grenade and not acorn. Which is more similar in semantic meaning to acorn?,grenade
acorn|carrot|cat,Answer using only one word - carrot or cat and not acorn. Which is more similar in semantic meaning to acorn?,cat
acorn|carrot|chisel,Answer using only one word - carrot or chisel and not acorn. Which is more similar in semantic meaning to acorn?,chisel
acorn|carrot|crowbar,Answer using only one word - carrot or crowbar and not acorn. Which is more similar in semantic meaning to acorn?,carrot
acorn|carrot|fig,Answer using only one word - carrot or fig and not acorn. Which is more similar in semantic meaning to acorn?,fig
acorn|carrot|jeans,Answer using only one word - carrot or jeans and not acorn. Which is more similar in semantic meaning to acorn?,None
acorn|cart|celery,Answer using only one word - cart or celery and not acorn. Which is more similar in semantic meaning to acorn?,celery
acorn|cart|coat,Answer using only one word - cart or coat and not acorn. Which is more similar in semantic meaning to acorn?,coat
acorn|cart|dress,Answer using only one word - cart or dress and not acorn. Which is more similar in semantic meaning to acorn?,None
acorn|cart|flute,Answer using only one word - cart or flute and not acorn. Which is more similar in semantic meaning to acorn?,flute
acorn|cart|motorcycle,Answer using only one word - cart or motorcycle and not acorn. Which is more similar in semantic meaning to acorn?,cart
acorn|cat|chisel,Answer using only one word - cat or chisel and not acorn. Which is more similar in semantic meaning to acorn?,chisel
acorn|cat|crowbar,Answer using only one word - cat or crowbar and not acorn. Which is more similar in semantic meaning to acorn?,crowbar
acorn|cat|fig,Answer using only one word - cat or fig and not acorn. Which is more similar in semantic meaning to acorn?,fig
acorn|cat|jeans,Answer using only one word - cat or jeans and not acorn. Which is more similar in semantic meaning to acorn?,acorn
acorn|caterpillar|chinchilla,Answer using only one word - caterpillar or chinchilla and not acorn. Which is more similar in semantic meaning to acorn?,caterpillar
acorn|caterpillar|crow,Answer using only one word - caterpillar or crow and not acorn. Which is more similar in semantic meaning to acorn?,caterpillar
acorn|caterpillar|eggbeater,Answer using only one word - caterpillar or eggbeater and not acorn. Which is more similar in semantic meaning to acorn?,eggbeater
acorn|caterpillar|grenade,Answer using only one word - caterpillar or grenade and not acorn. Which is more similar in semantic meaning to acorn?,caterpillar
acorn|celery|chinchilla,Answer using only one word - celery or chinchilla and not acorn. Which is more similar in semantic meaning to acorn?,chinchilla
acorn|celery|crow,Answer using only one word - celery or crow and not acorn. Which is more similar in semantic meaning to acorn?,crow
acorn|celery|eggbeater,Answer using only one word - celery or eggbeater and not acorn. Which is more similar in semantic meaning to acorn?,None
acorn|celery|grenade,Answer using only one word - celery or grenade and not acorn. Which is more similar in semantic meaning to acorn?,grenade
acorn|chili|chisel,Answer using only one word - chili or chisel and not acorn. Which is more similar in semantic meaning to acorn?,chili
acorn|chili|crowbar,Answer using only one word - chili or crowbar and not acorn. Which is more similar in semantic meaning to acorn?,chili
acorn|chili|fig,Answer using only one word - chili or fig and not acorn. Which is more similar in semantic meaning to acorn?,fig
acorn|chili|jeans,Answer using only one word - chili or jeans and not acorn. Which is more similar in semantic meaning to acorn?,acorn
acorn|chinchilla|coat,Answer using only one word - chinchilla or coat and not acorn. Which is more similar in semantic meaning to acorn?,coat
acorn|chinchilla|dress,Answer using only one word - chinchilla or dress and not acorn. Which is more similar in semantic meaning to acorn?,acorn
acorn|chinchilla|flute,Answer using only one word - chinchilla or flute and not acorn. Which is more similar in semantic meaning to acorn?,acorn
acorn|chinchilla|motorcycle,Answer using only one word - chinchilla or motorcycle and not acorn. Which is more similar in semantic meaning to acorn?,acorn
acorn|chisel|crowbar,Answer using only one word - chisel or crowbar and not acorn. Which is more similar in semantic meaning to acorn?,None
acorn|chisel|fig,Answer using only one word - chisel or fig and not acorn. Which is more similar in semantic meaning to acorn?,fig
acorn|chisel|jeans,Answer using only one word - chisel or jeans and not acorn. Which is more similar in semantic meaning to acorn?,None
acorn|clarinet|crow,Answer using only one word - clarinet or crow and not acorn. Which is more similar in semantic meaning to acorn?,crow
acorn|clarinet|eggbeater,Answer using only one word - clarinet or eggbeater and not acorn. Which is more similar in semantic meaning to acorn?,eggbeater
acorn|clarinet|grenade,Answer using only one word - clarinet or grenade and not acorn. Which is more similar in semantic meaning to acorn?,grenade
acorn|coat|crow,Answer using only one word - coat or crow and not acorn. Which is more similar in semantic meaning to acorn?,crow
acorn|coat|eggbeater,Answer using only one word - coat or eggbeater and not acorn. Which is more similar in semantic meaning to acorn?,eggbeater
acorn|coat|grenade,Answer using only one word - coat or grenade and not acorn. Which is more similar in semantic meaning to acorn?,None
acorn|coconut|crowbar,Answer using only one word - coconut or crowbar and not acorn. Which is more similar in semantic meaning to acorn?,coconut
acorn|coconut|fig,Answer using only one word - coconut or fig and not acorn. Which is more similar in semantic meaning to acorn?,fig
acorn|coconut|jeans,Answer using only one word - coconut or jeans and not acorn. Which is more similar in semantic meaning to acorn?,acorn
acorn|crow|dress,Answer using only one word - crow or dress and not acorn. Which is more similar in semantic meaning to acorn?,dress
acorn|crow|flute,Answer using only one word - crow or flute and not acorn. Which is more similar in semantic meaning to acorn?,flute
acorn|crow|motorcycle,Answer using only one word - crow or motorcycle and not acorn. Which is more similar in semantic meaning to acorn?,None
acorn|crowbar|fig,Answer using only one word - crowbar or fig and not acorn. Which is more similar in semantic meaning to acorn?,fig
acorn|crowbar|jeans,Answer using only one word - crowbar or jeans and not acorn. Which is more similar in semantic meaning to acorn?,None
acorn|dragonfly|eggbeater,Answer using only one word - dragonfly or eggbeater and not acorn. Which is more similar in semantic meaning to acorn?,eggbeater
acorn|dragonfly|grenade,Answer using only one word - dragonfly or grenade and not acorn. Which is more similar in semantic meaning to acorn?,None
acorn|dress|eggbeater,Answer using only one word - dress or eggbeater and not acorn. Which is more similar in semantic meaning to acorn?,eggbeater
acorn|dress|grenade,Answer using only one word - dress or grenade and not acorn. Which is more similar in semantic meaning to acorn?,None
acorn|eagle|fig,Answer using only one word - eagle or fig and not acorn. Which is more similar in semantic meaning to acorn?,fig
acorn|eagle|jeans,Answer using only one word - eagle or jeans and not acorn. Which is more similar in semantic meaning to acorn?,acorn
acorn|eggbeater|flute,Answer using only one word - eggbeater or flute and not acorn. Which is more similar in semantic meaning to acorn?,flute
acorn|eggbeater|motorcycle,Answer using only one word - eggbeater or motorcycle and not acorn. Which is more similar in semantic meaning to acorn?,None
acorn|fig|jeans,Answer using only one word - fig or jeans and not acorn. Which is more similar in semantic meaning to acorn?,fig
acorn|file|grenade,Answer using only one word - file or grenade and not acorn. Which is more similar in semantic meaning to acorn?,None
acorn|flute|grenade,Answer using only one word - flute or grenade and not acorn. Which is more similar in semantic meaning to acorn?,None
acorn|fly|jeans,Answer using only one word - fly or jeans and not acorn. Which is more similar in semantic meaning to acorn?,jeans
acorn|grenade|motorcycle,Answer using only one word - grenade or motorcycle and not acorn. Which is more similar in semantic meaning to acorn?,motorcycle
airplane|aloe|anteater,Answer using only one word - aloe or anteater and not airplane. Which is more similar in semantic meaning to airplane?,none
airplane|aloe|banana,Answer using only one word - aloe or banana and not airplane. Which is more similar in semantic meaning to airplane?,none
airplane|aloe|bed,Answer using only one word - aloe or bed and not airplane. Which is more similar in semantic meaning to airplane?,bed
airplane|aloe|bird,Answer using only one word - aloe or bird and not airplane. Which is more similar in semantic meaning to airplane?,bird
airplane|aloe|boar,Answer using only one word - aloe or boar and not airplane. Which is more similar in semantic meaning to airplane?,boar
airplane|aloe|cactus,Answer using only one word - aloe or cactus and not airplane. Which is more similar in semantic meaning to airplane?,cactus
airplane|aloe|carrot,Answer using only one word - aloe or carrot and not airplane. Which is more similar in semantic meaning to airplane?,carrot
airplane|aloe|chili,Answer using only one word - aloe or chili and not airplane. Which is more similar in semantic meaning to airplane?,chili
airplane|aloe|coconut,Answer using only one word - aloe or coconut and not airplane. Which is more similar in semantic meaning to airplane?,None
airplane|aloe|eagle,Answer using only one word - aloe or eagle and not airplane. Which is more similar in semantic meaning to airplane?,eagle
airplane|aloe|fly,Answer using only one word - aloe or fly and not airplane. Which is more similar in semantic meaning to airplane?,fly
airplane|ant|anteater,Answer using only one word - ant or anteater and not airplane. Which is more similar in semantic meaning to airplane?,None
airplane|ant|banana,Answer using only one word - ant or banana and not airplane. Which is more similar in semantic meaning to airplane?,None
airplane|ant|bed,Answer using only one word - ant or bed and not airplane. Which is more similar in semantic meaning to airplane?,bed
airplane|ant|bird,Answer using only one word - ant or bird and not airplane. Which is more similar in semantic meaning to airplane?,bird
airplane|ant|boar,Answer using only one word - ant or boar and not airplane. Which is more similar in semantic meaning to airplane?,None
airplane|ant|cactus,Answer using only one word - ant or cactus and not airplane. Which is more similar in semantic meaning to airplane?,cactus
airplane|ant|carrot,Answer using only one word - ant or carrot and not airplane. Which is more similar in semantic meaning to airplane?,carrot
airplane|ant|chili,Answer using only one word - ant or chili and not airplane. Which is more similar in semantic meaning to airplane?,chili
airplane|ant|coconut,Answer using only one word - ant or coconut and not airplane. Which is more similar in semantic meaning to airplane?,coconut
airplane|ant|eagle,Answer using only one word - ant or eagle and not airplane. Which is more similar in semantic meaning to airplane?,eagle
airplane|ant|fly,Answer using only one word - ant or fly and not airplane. Which is more similar in semantic meaning to airplane?,fly
airplane|anteater|anvil,Answer using only one word - anteater or anvil and not airplane. Which is more similar in semantic meaning to airplane?,anvil
airplane|anteater|banjo,Answer using only one word - anteater or banjo and not airplane. Which is more similar in semantic meaning to airplane?,banjo
airplane|anteater|beet,Answer using only one word - anteater or beet and not airplane. Which is more similar in semantic meaning to airplane?,None
airplane|anteater|blender,Answer using only one word - anteater or blender and not airplane. Which is more similar in semantic meaning to airplane?,blender
airplane|anteater|bread,Answer using only one word - anteater or bread and not airplane. Which is more similar in semantic meaning to airplane?,bread
airplane|anteater|candle,Answer using only one word - anteater or candle and not airplane. Which is more similar in semantic meaning to airplane?,candle
airplane|anteater|cart,Answer using only one word - anteater or cart and not airplane. Which is more similar in semantic meaning to airplane?,cart
airplane|anteater|chinchilla,Answer using only one word - anteater or chinchilla and not airplane. Which is more similar in semantic meaning to airplane?,None
airplane|anteater|crow,Answer using only one word - anteater or crow and not airplane. Which is more similar in semantic meaning to airplane?,crow
airplane|anteater|eggbeater,Answer using only one word - anteater or eggbeater and not airplane. Which is more similar in semantic meaning to airplane?,eggbeater
airplane|anteater|grenade,Answer using only one word - anteater or grenade and not airplane. Which is more similar in semantic meaning to airplane?,None
airplane|anvil|artichoke,Answer using only one word - anvil or artichoke and not airplane. Which is more similar in semantic meaning to airplane?,artichoke
airplane|anvil|bat,Answer using only one word - anvil or bat and not airplane. Which is more similar in semantic meaning to airplane?,bat
airplane|anvil|bell,Answer using only one word - anvil or bell and not airplane. Which is more similar in semantic meaning to airplane?,None
airplane|anvil|blueberry,Answer using only one word - anvil or blueberry and not airplane. Which is more similar in semantic meaning to airplane?,anvil
airplane|anvil|bucket,Answer using only one word - anvil or bucket and not airplane. Which is more similar in semantic meaning to airplane?,bucket
airplane|anvil|cannon,Answer using only one word - anvil or cannon and not airplane. Which is more similar in semantic meaning to airplane?,cannon
airplane|anvil|caterpillar,Answer using only one word - anvil or caterpillar and not airplane. Which is more similar in semantic meaning to airplane?,caterpillar
airplane|anvil|clarinet,Answer using only one word - anvil or clarinet and not airplane. Which is more similar in semantic meaning to airplane?,None
airplane|anvil|dragonfly,Answer using only one word - anvil or dragonfly and not airplane. Which is more similar in semantic meaning to airplane?,anvil
airplane|anvil|file,Answer using only one word - anvil or file and not airplane. Which is more similar in semantic meaning to airplane?,None
airplane|anvil|missile,Answer using only one word - anvil or missile and not airplane. Which is more similar in semantic meaning to airplane?,missile
airplane|apple|banjo,Answer using only one word - apple or banjo and not airplane. Which is more similar in semantic meaning to airplane?,banjo
airplane|apple|beet,Answer using only one word - apple or beet and not airplane. Which is more similar in semantic meaning to airplane?,beet
airplane|apple|blender,Answer using only one word - apple or blender and not airplane. Which is more similar in semantic meaning to airplane?,blender
airplane|apple|bread,Answer using only one word - apple or bread and not airplane. Which is more similar in semantic meaning to airplane?,bread
airplane|apple|candle,Answer using only one word - apple or candle and not airplane. Which is more similar in semantic meaning to airplane?,candle
airplane|apple|cart,Answer using only one word - apple or cart and not airplane. Which is more similar in semantic meaning to airplane?,cart
airplane|apple|chinchilla,Answer using only one word - apple or chinchilla and not airplane. Which is more similar in semantic meaning to airplane?,chinchilla
airplane|apple|crow,Answer using only one word - apple or crow and not airplane. Which is more similar in semantic meaning to airplane?,None
airplane|apple|eggbeater,Answer using only one word - apple or eggbeater and not airplane. Which is more similar in semantic meaning to airplane?,eggbeater
airplane|apple|grenade,Answer using only one word - apple or grenade and not airplane. Which is more similar in semantic meaning to airplane?,None
airplane|artichoke|banana,Answer using only one word - artichoke or banana and not airplane. Which is more similar in semantic meaning to airplane?,banana
airplane|artichoke|bed,Answer using only one word - artichoke or bed and not airplane. Which is more similar in semantic meaning to airplane?,bed
airplane|artichoke|bird,Answer using only one word - artichoke or bird and not airplane. Which is more similar in semantic meaning to airplane?,bird
airplane|artichoke|boar,Answer using only one word - artichoke or boar and not airplane. Which is more similar in semantic meaning to airplane?,boar
airplane|artichoke|cactus,Answer using only one word - artichoke or cactus and not airplane. Which is more similar in semantic meaning to airplane?,cactus
airplane|artichoke|carrot,Answer using only one word - artichoke or carrot and not airplane. Which is more similar in semantic meaning to airplane?,carrot
airplane|artichoke|chili,Answer using only one word - artichoke or chili and not airplane. Which is more similar in semantic meaning to airplane?,chili
airplane|artichoke|coconut,Answer using only one word - artichoke or coconut and not airplane. Which is more similar in semantic meaning to airplane?,None
airplane|artichoke|eagle,Answer using only one word - artichoke or eagle and not airplane. Which is more similar in semantic meaning to airplane?,eagle
airplane|artichoke|fly,Answer using only one word - artichoke or fly and not airplane. Which is more similar in semantic meaning to airplane?,fly
airplane|bagel|banana,Answer using only one word - bagel or banana and not airplane. Which is more similar in semantic meaning to airplane?,None
airplane|bagel|bed,Answer using only one word - bagel or bed and not airplane. Which is more similar in semantic meaning to airplane?,bed
airplane|bagel|bird,Answer using only one word - bagel or bird and not airplane. Which is more similar in semantic meaning to airplane?,bird
airplane|bagel|boar,Answer using only one word - bagel or boar and not airplane. Which is more similar in semantic meaning to airplane?,boar
airplane|bagel|cactus,Answer using only one word - bagel or cactus and not airplane. Which is more similar in semantic meaning to airplane?,cactus
airplane|bagel|carrot,Answer using only one word - bagel or carrot and not airplane. Which is more similar in semantic meaning to airplane?,None
airplane|bagel|chili,Answer using only one word - bagel or chili and not airplane. Which is more similar in semantic meaning to airplane?,None
airplane|bagel|coconut,Answer using only one word - bagel or coconut and not airplane. Which is more similar in semantic meaning to airplane?,None
airplane|bagel|eagle,Answer using only one word - bagel or eagle and not airplane. Which is more similar in semantic meaning to airplane?,None
airplane|bagel|fly,Answer using only one word - bagel or fly and not airplane. Which is more similar in semantic meaning to airplane?,fly
airplane|banana|banjo,Answer using only one word - banana or banjo and not airplane. Which is more similar in semantic meaning to airplane?,banjo
airplane|banana|beet,Answer using only one word - banana or beet and not airplane. Which is more similar in semantic meaning to airplane?,beet
airplane|banana|blender,Answer using only one word - banana or blender and not airplane. Which is more similar in semantic meaning to airplane?,blender
airplane|banana|bread,Answer using only one word - banana or bread and not airplane. Which is more similar in semantic meaning to airplane?,bread
airplane|banana|candle,Answer using only one word - banana or candle and not airplane. Which is more similar in semantic meaning to airplane?,candle
airplane|banana|cart,Answer using only one word - banana or cart and not airplane. Which is more similar in semantic meaning to airplane?,cart
airplane|banana|chinchilla,Answer using only one word - banana or chinchilla and not airplane. Which is more similar in semantic meaning to airplane?,chinchilla
airplane|banana|crow,Answer using only one word - banana or crow and not airplane. Which is more similar in semantic meaning to airplane?,crow
airplane|banana|eggbeater,Answer using only one word - banana or eggbeater and not airplane. Which is more similar in semantic meaning to airplane?,eggbeater
airplane|banana|grenade,Answer using only one word - banana or grenade and not airplane. Which is more similar in semantic meaning to airplane?,grenade
airplane|banjo|bat,Answer using only one word - banjo or bat and not airplane. Which is more similar in semantic meaning to airplane?,bat
airplane|banjo|bell,Answer using only one word - banjo or bell and not airplane. Which is more similar in semantic meaning to airplane?,None
airplane|banjo|blueberry,Answer using only one word - banjo or blueberry and not airplane. Which is more similar in semantic meaning to airplane?,None
airplane|banjo|bucket,Answer using only one word - banjo or bucket and not airplane. Which is more similar in semantic meaning to airplane?,bucket
airplane|banjo|cannon,Answer using only one word - banjo or cannon and not airplane. Which is more similar in semantic meaning to airplane?,cannon
airplane|banjo|caterpillar,Answer using only one word - banjo or caterpillar and not airplane. Which is more similar in semantic meaning to airplane?,None
airplane|banjo|clarinet,Answer using only one word - banjo or clarinet and not airplane. Which is more similar in semantic meaning to airplane?,None
airplane|banjo|dragonfly,Answer using only one word - banjo or dragonfly and not airplane. Which is more similar in semantic meaning to airplane?,None
airplane|banjo|file,Answer using only one word - banjo or file and not airplane. Which is more similar in semantic meaning to airplane?,file
airplane|banjo|missile,Answer using only one word - banjo or missile and not airplane. Which is more similar in semantic meaning to airplane?,missile
airplane|barrel|beet,Answer using only one word - barrel or beet and not airplane. Which is more similar in semantic meaning to airplane?,beet
airplane|barrel|blender,Answer using only one word - barrel or blender and not airplane. Which is more similar in semantic meaning to airplane?,blender
airplane|barrel|bread,Answer using only one word - barrel or bread and not airplane. Which is more similar in semantic meaning to airplane?,none
airplane|barrel|candle,Answer using only one word - barrel or candle and not airplane. Which is more similar in semantic meaning to airplane?,none
airplane|barrel|cart,Answer using only one word - barrel or cart and not airplane. Which is more similar in semantic meaning to airplane?,None
airplane|barrel|chinchilla,Answer using only one word - barrel or chinchilla and not airplane. Which is more similar in semantic meaning to airplane?,barrel
airplane|barrel|crow,Answer using only one word - barrel or crow and not airplane. Which is more similar in semantic meaning to airplane?,crow
airplane|barrel|eggbeater,Answer using only one word - barrel or eggbeater and not airplane. Which is more similar in semantic meaning to airplane?,None
airplane|barrel|grenade,Answer using only one word - barrel or grenade and not airplane. Which is more similar in semantic meaning to airplane?,none
airplane|bat|bed,Answer using only one word - bat or bed and not airplane. Which is more similar in semantic meaning to airplane?,None
airplane|bat|bird,Answer using only one word - bat or bird and not airplane. Which is more similar in semantic meaning to airplane?,bat
airplane|bat|boar,Answer using only one word - bat or boar and not airplane. Which is more similar in semantic meaning to airplane?,None
airplane|bat|cactus,Answer using only one word - bat or cactus and not airplane. Which is more similar in semantic meaning to airplane?,bat
airplane|bat|carrot,Answer using only one word - bat or carrot and not airplane. Which is more similar in semantic meaning to airplane?,bat
airplane|bat|chili,Answer using only one word - bat or chili and not airplane. Which is more similar in semantic meaning to airplane?,bat
airplane|bat|coconut,Answer using only one word - bat or coconut and not airplane. Which is more similar in semantic meaning to airplane?,bat
airplane|bat|eagle,Answer using only one word - bat or eagle and not airplane. Which is more similar in semantic meaning to airplane?,bat
airplane|bat|fly,Answer using only one word - bat or fly and not airplane. Which is more similar in semantic meaning to airplane?,fly
airplane|beaver|bed,Answer using only one word - beaver or bed and not airplane. Which is more similar in semantic meaning to airplane?,bed
airplane|beaver|bird,Answer using only one word - beaver or bird and not airplane. Which is more similar in semantic meaning to airplane?,beaver
airplane|beaver|boar,Answer using only one word - beaver or boar and not airplane. Which is more similar in semantic meaning to airplane?,beaver
airplane|beaver|cactus,Answer using only one word - beaver or cactus and not airplane. Which is more similar in semantic meaning to airplane?,beaver
airplane|beaver|carrot,Answer using only one word - beaver or carrot and not airplane. Which is more similar in semantic meaning to airplane?,carrot
airplane|beaver|chili,Answer using only one word - beaver or chili and not airplane. Which is more similar in semantic meaning to airplane?,chili
airplane|beaver|coconut,Answer using only one word - beaver or coconut and not airplane. Which is more similar in semantic meaning to airplane?,coconut
airplane|beaver|eagle,Answer using only one word - beaver or eagle and not airplane. Which is more similar in semantic meaning to airplane?,beaver
airplane|beaver|fly,Answer using only one word - beaver or fly and not airplane. Which is more similar in semantic meaning to airplane?,fly
airplane|bed|beet,Answer using only one word - bed or beet and not airplane. Which is more similar in semantic meaning to airplane?,beet
airplane|bed|blender,Answer using only one word - bed or blender and not airplane. Which is more similar in semantic meaning to airplane?,blender
airplane|bed|bread,Answer using only one word - bed or bread and not airplane. Which is more similar in semantic meaning to airplane?,bread
airplane|bed|candle,Answer using only one word - bed or candle and not airplane. Which is more similar in semantic meaning to airplane?,candle
airplane|bed|cart,Answer using only one word - bed or cart and not airplane. Which is more similar in semantic meaning to airplane?,cart
airplane|bed|chinchilla,Answer using only one word - bed or chinchilla and not airplane. Which is more similar in semantic meaning to airplane?,chinchilla
airplane|bed|crow,Answer using only one word - bed or crow and not airplane. Which is more similar in semantic meaning to airplane?,crow
airplane|bed|eggbeater,Answer using only one word - bed or eggbeater and not airplane. Which is more similar in semantic meaning to airplane?,eggbeater
airplane|bed|grenade,Answer using only one word - bed or grenade and not airplane. Which is more similar in semantic meaning to airplane?,None
airplane|beet|bell,Answer using only one word - beet or bell and not airplane. Which is more similar in semantic meaning to airplane?,bell
airplane|beet|blueberry,Answer using only one word - beet or blueberry and not airplane. Which is more similar in semantic meaning to airplane?,None
airplane|beet|bucket,Answer using only one word - beet or bucket and not airplane. Which is more similar in semantic meaning to airplane?,bucket
airplane|beet|cannon,Answer using only one word - beet or cannon and not airplane. Which is more similar in semantic meaning to airplane?,cannon
airplane|beet|caterpillar,Answer using only one word - beet or caterpillar and not airplane. Which is more similar in semantic meaning to airplane?,caterpillar
airplane|beet|clarinet,Answer using only one word - beet or clarinet and not airplane. Which is more similar in semantic meaning to airplane?,clarinet
airplane|beet|dragonfly,Answer using only one word - beet or dragonfly and not airplane. Which is more similar in semantic meaning to airplane?,dragonfly
airplane|beet|file,Answer using only one word - beet or file and not airplane. Which is more similar in semantic meaning to airplane?,file
airplane|beet|missile,Answer using only one word - beet or missile and not airplane. Which is more similar in semantic meaning to airplane?,missile
airplane|beetle|blender,Answer using only one word - beetle or blender and not airplane. Which is more similar in semantic meaning to airplane?,blender
airplane|beetle|bread,Answer using only one word - beetle or bread and not airplane. Which is more similar in semantic meaning to airplane?,beetle
airplane|beetle|candle,Answer using only one word - beetle or candle and not airplane. Which is more similar in semantic meaning to airplane?,candle
airplane|beetle|cart,Answer using only one word - beetle or cart and not airplane. Which is more similar in semantic meaning to airplane?,cart
airplane|beetle|chinchilla,Answer using only one word - beetle or chinchilla and not airplane. Which is more similar in semantic meaning to airplane?,beetle
airplane|beetle|crow,Answer using only one word - beetle or crow and not airplane. Which is more similar in semantic meaning to airplane?,beetle
airplane|beetle|eggbeater,Answer using only one word - beetle or eggbeater and not airplane. Which is more similar in semantic meaning to airplane?,beetle
airplane|beetle|grenade,Answer using only one word - beetle or grenade and not airplane. Which is more similar in semantic meaning to airplane?,None
airplane|bell|bird,Answer using only one word - bell or bird and not airplane. Which is more similar in semantic meaning to airplane?,bird
airplane|bell|boar,Answer using only one word - bell or boar and not airplane. Which is more similar in semantic meaning to airplane?,boar
airplane|bell|cactus,Answer using only one word - bell or cactus and not airplane. Which is more similar in semantic meaning to airplane?,cactus
airplane|bell|carrot,Answer using only one word - bell or carrot and not airplane. Which is more similar in semantic meaning to airplane?,carrot
airplane|bell|chili,Answer using only one word - bell or chili and not airplane. Which is more similar in semantic meaning to airplane?,chili
airplane|bell|coconut,Answer using only one word - bell or coconut and not airplane. Which is more similar in semantic meaning to airplane?,coconut
airplane|bell|eagle,Answer using only one word - bell or eagle and not airplane. Which is more similar in semantic meaning to airplane?,eagle
airplane|bell|fly,Answer using only one word - bell or fly and not airplane. Which is more similar in semantic meaning to airplane?,fly
airplane|belt|bird,Answer using only one word - belt or bird and not airplane. Which is more similar in semantic meaning to airplane?,bird
airplane|belt|boar,Answer using only one word - belt or boar and not airplane. Which is more similar in semantic meaning to airplane?,boar
airplane|belt|cactus,Answer using only one word - belt or cactus and not airplane. Which is more similar in semantic meaning to airplane?,None
airplane|belt|carrot,Answer using only one word - belt or carrot and not airplane. Which is more similar in semantic meaning to airplane?,carrot
airplane|belt|chili,Answer using only one word - belt or chili and not airplane. Which is more similar in semantic meaning to airplane?,None
airplane|belt|coconut,Answer using only one word - belt or coconut and not airplane. Which is more similar in semantic meaning to airplane?,coconut
airplane|belt|eagle,Answer using only one word - belt or eagle and not airplane. Which is more similar in semantic meaning to airplane?,eagle
airplane|belt|fly,Answer using only one word - belt or fly and not airplane. Which is more similar in semantic meaning to airplane?,fly
airplane|bird|blender,Answer using only one word - bird or blender and not airplane. Which is more similar in semantic meaning to airplane?,blender
airplane|bird|bread,Answer using only one word - bird or bread and not airplane. Which is more similar in semantic meaning to airplane?,bread
airplane|bird|candle,Answer using only one word - bird or candle and not airplane. Which is more similar in semantic meaning to airplane?,candle
airplane|bird|cart,Answer using only one word - bird or cart and not airplane. Which is more similar in semantic meaning to airplane?,cart
airplane|bird|chinchilla,Answer using only one word - bird or chinchilla and not airplane. Which is more similar in semantic meaning to airplane?,chinchilla
airplane|bird|crow,Answer using only one word - bird or crow and not airplane. Which is more similar in semantic meaning to airplane?,crow
airplane|bird|eggbeater,Answer using only one word - bird or eggbeater and not airplane. Which is more similar in semantic meaning to airplane?,eggbeater
airplane|bird|grenade,Answer using only one word - bird or grenade and not airplane. Which is more similar in semantic meaning to airplane?,grenade
airplane|blender|blueberry,Answer using only one word - blender or blueberry and not airplane. Which is more similar in semantic meaning to airplane?,None
airplane|blender|bucket,Answer using only one word - blender or bucket and not airplane. Which is more similar in semantic meaning to airplane?,bucket
airplane|blender|cannon,Answer using only one word - blender or cannon and not airplane. Which is more similar in semantic meaning to airplane?,cannon
airplane|blender|caterpillar,Answer using only one word - blender or caterpillar and not airplane. Which is more similar in semantic meaning to airplane?,blender
airplane|blender|clarinet,Answer using only one word - blender or clarinet and not airplane. Which is more similar in semantic meaning to airplane?,None
airplane|blender|dragonfly,Answer using only one word - blender or dragonfly and not airplane. Which is more similar in semantic meaning to airplane?,blender
airplane|blender|file,Answer using only one word - blender or file and not airplane. Which is more similar in semantic meaning to airplane?,file
airplane|blender|missile,Answer using only one word - blender or missile and not airplane. Which is more similar in semantic meaning to airplane?,blender
airplane|blowtorch|bread,Answer using only one word - blowtorch or bread and not airplane. Which is more similar in semantic meaning to airplane?,None
airplane|blowtorch|candle,Answer using only one word - blowtorch or candle and not airplane. Which is more similar in semantic meaning to airplane?,none
airplane|blowtorch|cart,Answer using only one word - blowtorch or cart and not airplane. Which is more similar in semantic meaning to airplane?,cart
airplane|blowtorch|chinchilla,Answer using only one word - blowtorch or chinchilla and not airplane. Which is more similar in semantic meaning to airplane?,chinchilla
airplane|blowtorch|crow,Answer using only one word - blowtorch or crow and not airplane. Which is more similar in semantic meaning to airplane?,crow
airplane|blowtorch|eggbeater,Answer using only one word - blowtorch or eggbeater and not airplane. Which is more similar in semantic meaning to airplane?,None
airplane|blowtorch|grenade,Answer using only one word - blowtorch or grenade and not airplane. Which is more similar in semantic meaning to airplane?,none
airplane|blueberry|boar,Answer using only one word - blueberry or boar and not airplane. Which is more similar in semantic meaning to airplane?,boar
airplane|blueberry|cactus,Answer using only one word - blueberry or cactus and not airplane. Which is more similar in semantic meaning to airplane?,cactus
airplane|blueberry|carrot,Answer using only one word - blueberry or carrot and not airplane. Which is more similar in semantic meaning to airplane?,carrot
airplane|blueberry|chili,Answer using only one word - blueberry or chili and not airplane. Which is more similar in semantic meaning to airplane?,chili
airplane|blueberry|coconut,Answer using only one word - blueberry or coconut and not airplane. Which is more similar in semantic meaning to airplane?,None
airplane|blueberry|eagle,Answer using only one word - blueberry or eagle and not airplane. Which is more similar in semantic meaning to airplane?,eagle
airplane|blueberry|fly,Answer using only one word - blueberry or fly and not airplane. Which is more similar in semantic meaning to airplane?,fly
airplane|boa|boar,Answer using only one word - boa or boar and not airplane. Which is more similar in semantic meaning to airplane?,None
airplane|boa|cactus,Answer using only one word - boa or cactus and not airplane. Which is more similar in semantic meaning to airplane?,cactus
airplane|boa|carrot,Answer using only one word - boa or carrot and not airplane. Which is more similar in semantic meaning to airplane?,carrot
airplane|boa|chili,Answer using only one word - boa or chili and not airplane. Which is more similar in semantic meaning to airplane?,chili
airplane|boa|coconut,Answer using only one word - boa or coconut and not airplane. Which is more similar in semantic meaning to airplane?,coconut
airplane|boa|eagle,Answer using only one word - boa or eagle and not airplane. Which is more similar in semantic meaning to airplane?,eagle
airplane|boa|fly,Answer using only one word - boa or fly and not airplane. Which is more similar in semantic meaning to airplane?,fly
airplane|boar|bread,Answer using only one word - boar or bread and not airplane. Which is more similar in semantic meaning to airplane?,bread
airplane|boar|candle,Answer using only one word - boar or candle and not airplane. Which is more similar in semantic meaning to airplane?,candle
airplane|boar|cart,Answer using only one word - boar or cart and not airplane. Which is more similar in semantic meaning to airplane?,cart
airplane|boar|chinchilla,Answer using only one word - boar or chinchilla and not airplane. Which is more similar in semantic meaning to airplane?,None
airplane|boar|crow,Answer using only one word - boar or crow and not airplane. Which is more similar in semantic meaning to airplane?,crow
airplane|boar|eggbeater,Answer using only one word - boar or eggbeater and not airplane. Which is more similar in semantic meaning to airplane?,eggbeater
airplane|boar|grenade,Answer using only one word - boar or grenade and not airplane. Which is more similar in semantic meaning to airplane?,None
airplane|bread|bucket,Answer using only one word - bread or bucket and not airplane. Which is more similar in semantic meaning to airplane?,bucket
airplane|bread|cannon,Answer using only one word - bread or cannon and not airplane. Which is more similar in semantic meaning to airplane?,cannon
airplane|bread|caterpillar,Answer using only one word - bread or caterpillar and not airplane. Which is more similar in semantic meaning to airplane?,caterpillar
airplane|bread|clarinet,Answer using only one word - bread or clarinet and not airplane. Which is more similar in semantic meaning to airplane?,clarinet
airplane|bread|dragonfly,Answer using only one word - bread or dragonfly and not airplane. Which is more similar in semantic meaning to airplane?,dragonfly
airplane|bread|file,Answer using only one word - bread or file and not airplane. Which is more similar in semantic meaning to airplane?,file
airplane|bread|missile,Answer using only one word - bread or missile and not airplane. Which is more similar in semantic meaning to airplane?,missile
airplane|brussels sprouts|candle,Answer using only one word - brussels sprouts or candle and not airplane. Which is more similar in semantic meaning to airplane?,candle
airplane|brussels sprouts|cart,Answer using only one word - brussels sprouts or cart and not airplane. Which is more similar in semantic meaning to airplane?,None
airplane|brussels sprouts|chinchilla,Answer using only one word - brussels sprouts or chinchilla and not airplane. Which is more similar in semantic meaning to airplane?,chinchilla
airplane|brussels sprouts|crow,Answer using only one word - brussels sprouts or crow and not airplane. Which is more similar in semantic meaning to airplane?,crow
airplane|brussels sprouts|eggbeater,Answer using only one word - brussels sprouts or eggbeater and not airplane. Which is more similar in semantic meaning to airplane?,eggbeater
airplane|brussels sprouts|grenade,Answer using only one word - brussels sprouts or grenade and not airplane. Which is more similar in semantic meaning to airplane?,grenade
airplane|bucket|cactus,Answer using only one word - bucket or cactus and not airplane. Which is more similar in semantic meaning to airplane?,cactus
airplane|bucket|carrot,Answer using only one word - bucket or carrot and not airplane. Which is more similar in semantic meaning to airplane?,carrot
airplane|bucket|chili,Answer using only one word - bucket or chili and not airplane. Which is more similar in semantic meaning to airplane?,chili
airplane|bucket|coconut,Answer using only one word - bucket or coconut and not airplane. Which is more similar in semantic meaning to airplane?,coconut
airplane|bucket|eagle,Answer using only one word - bucket or eagle and not airplane. Which is more similar in semantic meaning to airplane?,eagle
airplane|bucket|fly,Answer using only one word - bucket or fly and not airplane. Which is more similar in semantic meaning to airplane?,fly
airplane|burrito|cactus,Answer using only one word - burrito or cactus and not airplane. Which is more similar in semantic meaning to airplane?,cactus
airplane|burrito|carrot,Answer using only one word - burrito or carrot and not airplane. Which is more similar in semantic meaning to airplane?,carrot
airplane|burrito|chili,Answer using only one word - burrito or chili and not airplane. Which is more similar in semantic meaning to airplane?,None
airplane|burrito|coconut,Answer using only one word - burrito or coconut and not airplane. Which is more similar in semantic meaning to airplane?,None
airplane|burrito|eagle,Answer using only one word - burrito or eagle and not airplane. Which is more similar in semantic meaning to airplane?,eagle
airplane|burrito|fly,Answer using only one word - burrito or fly and not airplane. Which is more similar in semantic meaning to airplane?,fly
airplane|cactus|candle,Answer using only one word - cactus or candle and not airplane. Which is more similar in semantic meaning to airplane?,cactus
airplane|cactus|cart,Answer using only one word - cactus or cart and not airplane. Which is more similar in semantic meaning to airplane?,cart
airplane|cactus|chinchilla,Answer using only one word - cactus or chinchilla and not airplane. Which is more similar in semantic meaning to airplane?,chinchilla
airplane|cactus|crow,Answer using only one word - cactus or crow and not airplane. Which is more similar in semantic meaning to airplane?,cactus
airplane|cactus|eggbeater,Answer using only one word - cactus or eggbeater and not airplane. Which is more similar in semantic meaning to airplane?,eggbeater
airplane|cactus|grenade,Answer using only one word - cactus or grenade and not airplane. Which is more similar in semantic meaning to airplane?,grenade
airplane|candle|cannon,Answer using only one word - candle or cannon and not airplane. Which is more similar in semantic meaning to airplane?,cannon
airplane|candle|caterpillar,Answer using only one word - candle or caterpillar and not airplane. Which is more similar in semantic meaning to airplane?,candle
airplane|candle|clarinet,Answer using only one word - candle or clarinet and not airplane. Which is more similar in semantic meaning to airplane?,clarinet
airplane|candle|dragonfly,Answer using only one word - candle or dragonfly and not airplane. Which is more similar in semantic meaning to airplane?,dragonfly
airplane|candle|file,Answer using only one word - candle or file and not airplane. Which is more similar in semantic meaning to airplane?,file
airplane|candle|missile,Answer using only one word - candle or missile and not airplane. Which is more similar in semantic meaning to airplane?,missile
airplane|candy|cart,Answer using only one word - candy or cart and not airplane. Which is more similar in semantic meaning to airplane?,cart
airplane|candy|chinchilla,Answer using only one word - candy or chinchilla and not airplane. Which is more similar in semantic meaning to airplane?,chinchilla
airplane|candy|crow,Answer using only one word - candy or crow and not airplane. Which is more similar in semantic meaning to airplane?,crow
airplane|candy|eggbeater,Answer using only one word - candy or eggbeater and not airplane. Which is more similar in semantic meaning to airplane?,eggbeater
airplane|candy|grenade,Answer using only one word - candy or grenade and not airplane. Which is more similar in semantic meaning to airplane?,None
airplane|cannon|carrot,Answer using only one word - cannon or carrot and not airplane. Which is more similar in semantic meaning to airplane?,cannon
airplane|cannon|chili,Answer using only one word - cannon or chili and not airplane. Which is more similar in semantic meaning to airplane?,None
airplane|cannon|coconut,Answer using only one word - cannon or coconut and not airplane. Which is more similar in semantic meaning to airplane?,cannon
airplane|cannon|eagle,Answer using only one word - cannon or eagle and not airplane. Which is more similar in semantic meaning to airplane?,cannon
airplane|cannon|fly,Answer using only one word - cannon or fly and not airplane. Which is more similar in semantic meaning to airplane?,fly
airplane|car|carrot,Answer using only one word - car or carrot and not airplane. Which is more similar in semantic meaning to airplane?,car
airplane|car|chili,Answer using only one word - car or chili and not airplane. Which is more similar in semantic meaning to airplane?,chili
airplane|car|coconut,Answer using only one word - car or coconut and not airplane. Which is more similar in semantic meaning to airplane?,car
airplane|car|eagle,Answer using only one word - car or eagle and not airplane. Which is more similar in semantic meaning to airplane?,eagle
airplane|car|fly,Answer using only one word - car or fly and not airplane. Which is more similar in semantic meaning to airplane?,fly
airplane|carrot|cart,Answer using only one word - carrot or cart and not airplane. Which is more similar in semantic meaning to airplane?,cart
airplane|carrot|chinchilla,Answer using only one word - carrot or chinchilla and not airplane. Which is more similar in semantic meaning to airplane?,chinchilla
airplane|carrot|crow,Answer using only one word - carrot or crow and not airplane. Which is more similar in semantic meaning to airplane?,crow
airplane|carrot|eggbeater,Answer using only one word - carrot or eggbeater and not airplane. Which is more similar in semantic meaning to airplane?,None
airplane|carrot|grenade,Answer using only one word - carrot or grenade and not airplane. Which is more similar in semantic meaning to airplane?,grenade
airplane|cart|caterpillar,Answer using only one word - cart or caterpillar and not airplane. Which is more similar in semantic meaning to airplane?,caterpillar
airplane|cart|clarinet,Answer using only one word - cart or clarinet and not airplane. Which is more similar in semantic meaning to airplane?,None
airplane|cart|dragonfly,Answer using only one word - cart or dragonfly and not airplane. Which is more similar in semantic meaning to airplane?,cart
airplane|cart|file,Answer using only one word - cart or file and not airplane. Which is more similar in semantic meaning to airplane?,file
airplane|cart|missile,Answer using only one word - cart or missile and not airplane. Which is more similar in semantic meaning to airplane?,missile
airplane|cat|chinchilla,Answer using only one word - cat or chinchilla and not airplane. Which is more similar in semantic meaning to airplane?,chinchilla
airplane|cat|crow,Answer using only one word - cat or crow and not airplane. Which is more similar in semantic meaning to airplane?,crow
airplane|cat|eggbeater,Answer using only one word - cat or eggbeater and not airplane. Which is more similar in semantic meaning to airplane?,eggbeater
airplane|cat|grenade,Answer using only one word - cat or grenade and not airplane. Which is more similar in semantic meaning to airplane?,None
airplane|caterpillar|chili,Answer using only one word - caterpillar or chili and not airplane. Which is more similar in semantic meaning to airplane?,None
airplane|caterpillar|coconut,Answer using only one word - caterpillar or coconut and not airplane. Which is more similar in semantic meaning to airplane?,coconut
airplane|caterpillar|eagle,Answer using only one word - caterpillar or eagle and not airplane. Which is more similar in semantic meaning to airplane?,caterpillar
airplane|caterpillar|fly,Answer using only one word - caterpillar or fly and not airplane. Which is more similar in semantic meaning to airplane?,fly
airplane|celery|chili,Answer using only one word - celery or chili and not airplane. Which is more similar in semantic meaning to airplane?,None
airplane|celery|coconut,Answer using only one word - celery or coconut and not airplane. Which is more similar in semantic meaning to airplane?,coconut
airplane|celery|eagle,Answer using only one word - celery or eagle and not airplane. Which is more similar in semantic meaning to airplane?,None
airplane|celery|fly,Answer using only one word - celery or fly and not airplane. Which is more similar in semantic meaning to airplane?,fly
airplane|chili|chinchilla,Answer using only one word - chili or chinchilla and not airplane. Which is more similar in semantic meaning to airplane?,chinchilla
airplane|chili|crow,Answer using only one word - chili or crow and not airplane. Which is more similar in semantic meaning to airplane?,chili
airplane|chili|eggbeater,Answer using only one word - chili or eggbeater and not airplane. Which is more similar in semantic meaning to airplane?,None
airplane|chili|grenade,Answer using only one word - chili or grenade and not airplane. Which is more similar in semantic meaning to airplane?,None
airplane|chinchilla|clarinet,Answer using only one word - chinchilla or clarinet and not airplane. Which is more similar in semantic meaning to airplane?,None
airplane|chinchilla|dragonfly,Answer using only one word - chinchilla or dragonfly and not airplane. Which is more similar in semantic meaning to airplane?,chinchilla
airplane|chinchilla|file,Answer using only one word - chinchilla or file and not airplane. Which is more similar in semantic meaning to airplane?,file
airplane|chinchilla|missile,Answer using only one word - chinchilla or missile and not airplane. Which is more similar in semantic meaning to airplane?,missile
airplane|chisel|crow,Answer using only one word - chisel or crow and not airplane. Which is more similar in semantic meaning to airplane?,None
airplane|chisel|eggbeater,Answer using only one word - chisel or eggbeater and not airplane. Which is more similar in semantic meaning to airplane?,chisel
airplane|chisel|grenade,Answer using only one word - chisel or grenade and not airplane. Which is more similar in semantic meaning to airplane?,none
airplane|clarinet|coconut,Answer using only one word - clarinet or coconut and not airplane. Which is more similar in semantic meaning to airplane?,coconut
airplane|clarinet|eagle,Answer using only one word - clarinet or eagle and not airplane. Which is more similar in semantic meaning to airplane?,eagle
airplane|clarinet|fly,Answer using only one word - clarinet or fly and not airplane. Which is more similar in semantic meaning to airplane?,fly
airplane|coat|coconut,Answer using only one word - coat or coconut and not airplane. Which is more similar in semantic meaning to airplane?,coconut
airplane|coat|eagle,Answer using only one word - coat or eagle and not airplane. Which is more similar in semantic meaning to airplane?,eagle
airplane|coat|fly,Answer using only one word - coat or fly and not airplane. Which is more similar in semantic meaning to airplane?,fly
airplane|coconut|crow,Answer using only one word - coconut or crow and not airplane. Which is more similar in semantic meaning to airplane?,crow
airplane|coconut|eggbeater,Answer using only one word - coconut or eggbeater and not airplane. Which is more similar in semantic meaning to airplane?,eggbeater
airplane|coconut|grenade,Answer using only one word - coconut or grenade and not airplane. Which is more similar in semantic meaning to airplane?,None
airplane|crow|dragonfly,Answer using only one word - crow or dragonfly and not airplane. Which is more similar in semantic meaning to airplane?,crow
airplane|crow|file,Answer using only one word - crow or file and not airplane. Which is more similar in semantic meaning to airplane?,file
airplane|crow|missile,Answer using only one word - crow or missile and not airplane. Which is more similar in semantic meaning to airplane?,missile
airplane|crowbar|eggbeater,Answer using only one word - crowbar or eggbeater and not airplane. Which is more similar in semantic meaning to airplane?,None
airplane|crowbar|grenade,Answer using only one word - crowbar or grenade and not airplane. Which is more similar in semantic meaning to airplane?,none
airplane|dragonfly|eagle,Answer using only one word - dragonfly or eagle and not airplane. Which is more similar in semantic meaning to airplane?,eagle
airplane|dragonfly|fly,Answer using only one word - dragonfly or fly and not airplane. Which is more similar in semantic meaning to airplane?,fly
airplane|dress|eagle,Answer using only one word - dress or eagle and not airplane. Which is more similar in semantic meaning to airplane?,eagle
airplane|dress|fly,Answer using only one word - dress or fly and not airplane. Which is more similar in semantic meaning to airplane?,fly
airplane|eagle|eggbeater,Answer using only one word - eagle or eggbeater and not airplane. Which is more similar in semantic meaning to airplane?,eggbeater
airplane|eagle|grenade,Answer using only one word - eagle or grenade and not airplane. Which is more similar in semantic meaning to airplane?,grenade
airplane|eggbeater|file,Answer using only one word - eggbeater or file and not airplane. Which is more similar in semantic meaning to airplane?,None
airplane|eggbeater|missile,Answer using only one word - eggbeater or missile and not airplane. Which is more similar in semantic meaning to airplane?,missile
airplane|fig|grenade,Answer using only one word - fig or grenade and not airplane. Which is more similar in semantic meaning to airplane?,grenade
airplane|file|fly,Answer using only one word - file or fly and not airplane. Which is more similar in semantic meaning to airplane?,fly
airplane|flute|fly,Answer using only one word - flute or fly and not airplane. Which is more similar in semantic meaning to airplane?,fly
airplane|fly|grenade,Answer using only one word - fly or grenade and not airplane. Which is more similar in semantic meaning to airplane?,fly
airplane|grenade|missile,Answer using only one word - grenade or missile and not airplane. Which is more similar in semantic meaning to airplane?,None
aloe|ant|anteater,Answer using only one word - ant or anteater and not aloe. Which is more similar in semantic meaning to aloe?,Aloe
aloe|ant|banana,Answer using only one word - ant or banana and not aloe. Which is more similar in semantic meaning to aloe?,banana
aloe|ant|bed,Answer using only one word - ant or bed and not aloe. Which is more similar in semantic meaning to aloe?,bed
aloe|ant|bird,Answer using only one word - ant or bird and not aloe. Which is more similar in semantic meaning to aloe?,bird
aloe|ant|boar,Answer using only one word - ant or boar and not aloe. Which is more similar in semantic meaning to aloe?,boar
aloe|ant|cactus,Answer using only one word - ant or cactus and not aloe. Which is more similar in semantic meaning to aloe?,cactus
aloe|ant|carrot,Answer using only one word - ant or carrot and not aloe. Which is more similar in semantic meaning to aloe?,carrot
aloe|ant|chili,Answer using only one word - ant or chili and not aloe. Which is more similar in semantic meaning to aloe?,chili
aloe|ant|coconut,Answer using only one word - ant or coconut and not aloe. Which is more similar in semantic meaning to aloe?,coconut
aloe|ant|eagle,Answer using only one word - ant or eagle and not aloe. Which is more similar in semantic meaning to aloe?,None
aloe|ant|fly,Answer using only one word - ant or fly and not aloe. Which is more similar in semantic meaning to aloe?,fly
aloe|anteater|anvil,Answer using only one word - anteater or anvil and not aloe. Which is more similar in semantic meaning to aloe?,anvil
aloe|anteater|banjo,Answer using only one word - anteater or banjo and not aloe. Which is more similar in semantic meaning to aloe?,banjo
aloe|anteater|beet,Answer using only one word - anteater or beet and not aloe. Which is more similar in semantic meaning to aloe?,beet
aloe|anteater|blender,Answer using only one word - anteater or blender and not aloe. Which is more similar in semantic meaning to aloe?,blender
aloe|anteater|bread,Answer using only one word - anteater or bread and not aloe. Which is more similar in semantic meaning to aloe?,bread
aloe|anteater|candle,Answer using only one word - anteater or candle and not aloe. Which is more similar in semantic meaning to aloe?,candle
aloe|anteater|cart,Answer using only one word - anteater or cart and not aloe. Which is more similar in semantic meaning to aloe?,cart
aloe|anteater|chinchilla,Answer using only one word - anteater or chinchilla and not aloe. Which is more similar in semantic meaning to aloe?,chinchilla
aloe|anteater|crow,Answer using only one word - anteater or crow and not aloe. Which is more similar in semantic meaning to aloe?,crow
aloe|anteater|eggbeater,Answer using only one word - anteater or eggbeater and not aloe. Which is more similar in semantic meaning to aloe?,eggbeater
aloe|anteater|grenade,Answer using only one word - anteater or grenade and not aloe. Which is more similar in semantic meaning to aloe?,grenade
aloe|anvil|artichoke,Answer using only one word - anvil or artichoke and not aloe. Which is more similar in semantic meaning to aloe?,artichoke
aloe|anvil|bat,Answer using only one word - anvil or bat and not aloe. Which is more similar in semantic meaning to aloe?,bat
aloe|anvil|bell,Answer using only one word - anvil or bell and not aloe. Which is more similar in semantic meaning to aloe?,none
aloe|anvil|blueberry,Answer using only one word - anvil or blueberry and not aloe. Which is more similar in semantic meaning to aloe?,blueberry
aloe|anvil|bucket,Answer using only one word - anvil or bucket and not aloe. Which is more similar in semantic meaning to aloe?,bucket
aloe|anvil|cannon,Answer using only one word - anvil or cannon and not aloe. Which is more similar in semantic meaning to aloe?,cannon
aloe|anvil|caterpillar,Answer using only one word - anvil or caterpillar and not aloe. Which is more similar in semantic meaning to aloe?,caterpillar
aloe|anvil|clarinet,Answer using only one word - anvil or clarinet and not aloe. Which is more similar in semantic meaning to aloe?,none
aloe|anvil|dragonfly,Answer using only one word - anvil or dragonfly and not aloe. Which is more similar in semantic meaning to aloe?,dragonfly
aloe|anvil|file,Answer using only one word - anvil or file and not aloe. Which is more similar in semantic meaning to aloe?,file
aloe|anvil|missile,Answer using only one word - anvil or missile and not aloe. Which is more similar in semantic meaning to aloe?,missile
aloe|apple|banjo,Answer using only one word - apple or banjo and not aloe. Which is more similar in semantic meaning to aloe?,banjo
aloe|apple|beet,Answer using only one word - apple or beet and not aloe. Which is more similar in semantic meaning to aloe?,beet
aloe|apple|blender,Answer using only one word - apple or blender and not aloe. Which is more similar in semantic meaning to aloe?,blender
aloe|apple|bread,Answer using only one word - apple or bread and not aloe. Which is more similar in semantic meaning to aloe?,bread
aloe|apple|candle,Answer using only one word - apple or candle and not aloe. Which is more similar in semantic meaning to aloe?,candle
aloe|apple|cart,Answer using only one word - apple or cart and not aloe. Which is more similar in semantic meaning to aloe?,cart
aloe|apple|chinchilla,Answer using only one word - apple or chinchilla and not aloe. Which is more similar in semantic meaning to aloe?,chinchilla
aloe|apple|crow,Answer using only one word - apple or crow and not aloe. Which is more similar in semantic meaning to aloe?,None
aloe|apple|eggbeater,Answer using only one word - apple or eggbeater and not aloe. Which is more similar in semantic meaning to aloe?,eggbeater
aloe|apple|grenade,Answer using only one word - apple or grenade and not aloe. Which is more similar in semantic meaning to aloe?,grenade
aloe|artichoke|banana,Answer using only one word - artichoke or banana and not aloe. Which is more similar in semantic meaning to aloe?,banana
aloe|artichoke|bed,Answer using only one word - artichoke or bed and not aloe. Which is more similar in semantic meaning to aloe?,bed
aloe|artichoke|bird,Answer using only one word - artichoke or bird and not aloe. Which is more similar in semantic meaning to aloe?,bird
aloe|artichoke|boar,Answer using only one word - artichoke or boar and not aloe. Which is more similar in semantic meaning to aloe?,boar
aloe|artichoke|cactus,Answer using only one word - artichoke or cactus and not aloe. Which is more similar in semantic meaning to aloe?,cactus
aloe|artichoke|carrot,Answer using only one word - artichoke or carrot and not aloe. Which is more similar in semantic meaning to aloe?,carrot
aloe|artichoke|chili,Answer using only one word - artichoke or chili and not aloe. Which is more similar in semantic meaning to aloe?,chili
aloe|artichoke|coconut,Answer using only one word - artichoke or coconut and not aloe. Which is more similar in semantic meaning to aloe?,coconut
aloe|artichoke|eagle,Answer using only one word - artichoke or eagle and not aloe. Which is more similar in semantic meaning to aloe?,artichoke
aloe|artichoke|fly,Answer using only one word - artichoke or fly and not aloe. Which is more similar in semantic meaning to aloe?,fly
aloe|bagel|banana,Answer using only one word - bagel or banana and not aloe. Which is more similar in semantic meaning to aloe?,banana
aloe|bagel|bed,Answer using only one word - bagel or bed and not aloe. Which is more similar in semantic meaning to aloe?,bed
aloe|bagel|bird,Answer using only one word - bagel or bird and not aloe. Which is more similar in semantic meaning to aloe?,bird
aloe|bagel|boar,Answer using only one word - bagel or boar and not aloe. Which is more similar in semantic meaning to aloe?,boar
aloe|bagel|cactus,Answer using only one word - bagel or cactus and not aloe. Which is more similar in semantic meaning to aloe?,cactus
aloe|bagel|carrot,Answer using only one word - bagel or carrot and not aloe. Which is more similar in semantic meaning to aloe?,carrot
aloe|bagel|chili,Answer using only one word - bagel or chili and not aloe. Which is more similar in semantic meaning to aloe?,chili
aloe|bagel|coconut,Answer using only one word - bagel or coconut and not aloe. Which is more similar in semantic meaning to aloe?,coconut
aloe|bagel|eagle,Answer using only one word - bagel or eagle and not aloe. Which is more similar in semantic meaning to aloe?,eagle
aloe|bagel|fly,Answer using only one word - bagel or fly and not aloe. Which is more similar in semantic meaning to aloe?,fly
aloe|banana|banjo,Answer using only one word - banana or banjo and not aloe. Which is more similar in semantic meaning to aloe?,banjo
aloe|banana|beet,Answer using only one word - banana or beet and not aloe. Which is more similar in semantic meaning to aloe?,beet
aloe|banana|blender,Answer using only one word - banana or blender and not aloe. Which is more similar in semantic meaning to aloe?,blender
aloe|banana|bread,Answer using only one word - banana or bread and not aloe. Which is more similar in semantic meaning to aloe?,bread
aloe|banana|candle,Answer using only one word - banana or candle and not aloe. Which is more similar in semantic meaning to aloe?,candle
aloe|banana|cart,Answer using only one word - banana or cart and not aloe. Which is more similar in semantic meaning to aloe?,banana
aloe|banana|chinchilla,Answer using only one word - banana or chinchilla and not aloe. Which is more similar in semantic meaning to aloe?,chinchilla
aloe|banana|crow,Answer using only one word - banana or crow and not aloe. Which is more similar in semantic meaning to aloe?,crow
aloe|banana|eggbeater,Answer using only one word - banana or eggbeater and not aloe. Which is more similar in semantic meaning to aloe?,eggbeater
aloe|banana|grenade,Answer using only one word - banana or grenade and not aloe. Which is more similar in semantic meaning to aloe?,grenade
aloe|banjo|bat,Answer using only one word - banjo or bat and not aloe. Which is more similar in semantic meaning to aloe?,banjo
aloe|banjo|bell,Answer using only one word - banjo or bell and not aloe. Which is more similar in semantic meaning to aloe?,bell
aloe|banjo|blueberry,Answer using only one word - banjo or blueberry and not aloe. Which is more similar in semantic meaning to aloe?,None
aloe|banjo|bucket,Answer using only one word - banjo or bucket and not aloe. Which is more similar in semantic meaning to aloe?,bucket
aloe|banjo|cannon,Answer using only one word - banjo or cannon and not aloe. Which is more similar in semantic meaning to aloe?,cannon
aloe|banjo|caterpillar,Answer using only one word - banjo or caterpillar and not aloe. Which is more similar in semantic meaning to aloe?,caterpillar
aloe|banjo|clarinet,Answer using only one word - banjo or clarinet and not aloe. Which is more similar in semantic meaning to aloe?,None
aloe|banjo|dragonfly,Answer using only one word - banjo or dragonfly and not aloe. Which is more similar in semantic meaning to aloe?,dragonfly
aloe|banjo|file,Answer using only one word - banjo or file and not aloe. Which is more similar in semantic meaning to aloe?,file
aloe|banjo|missile,Answer using only one word - banjo or missile and not aloe. Which is more similar in semantic meaning to aloe?,missile
aloe|barrel|beet,Answer using only one word - barrel or beet and not aloe. Which is more similar in semantic meaning to aloe?,beet
aloe|barrel|blender,Answer using only one word - barrel or blender and not aloe. Which is more similar in semantic meaning to aloe?,blender
aloe|barrel|bread,Answer using only one word - barrel or bread and not aloe. Which is more similar in semantic meaning to aloe?,bread
aloe|barrel|candle,Answer using only one word - barrel or candle and not aloe. Which is more similar in semantic meaning to aloe?,candle
aloe|barrel|cart,Answer using only one word - barrel or cart and not aloe. Which is more similar in semantic meaning to aloe?,cart
aloe|barrel|chinchilla,Answer using only one word - barrel or chinchilla and not aloe. Which is more similar in semantic meaning to aloe?,chinchilla
aloe|barrel|crow,Answer using only one word - barrel or crow and not aloe. Which is more similar in semantic meaning to aloe?,crow
aloe|barrel|eggbeater,Answer using only one word - barrel or eggbeater and not aloe. Which is more similar in semantic meaning to aloe?,eggbeater
aloe|barrel|grenade,Answer using only one word - barrel or grenade and not aloe. Which is more similar in semantic meaning to aloe?,none
aloe|bat|bed,Answer using only one word - bat or bed and not aloe. Which is more similar in semantic meaning to aloe?,bed
aloe|bat|bird,Answer using only one word - bat or bird and not aloe. Which is more similar in semantic meaning to aloe?,bird
aloe|bat|boar,Answer using only one word - bat or boar and not aloe. Which is more similar in semantic meaning to aloe?,boar
aloe|bat|cactus,Answer using only one word - bat or cactus and not aloe. Which is more similar in semantic meaning to aloe?,cactus
aloe|bat|carrot,Answer using only one word - bat or carrot and not aloe. Which is more similar in semantic meaning to aloe?,carrot
aloe|bat|chili,Answer using only one word - bat or chili and not aloe. Which is more similar in semantic meaning to aloe?,chili
aloe|bat|coconut,Answer using only one word - bat or coconut and not aloe. Which is more similar in semantic meaning to aloe?,coconut
aloe|bat|eagle,Answer using only one word - bat or eagle and not aloe. Which is more similar in semantic meaning to aloe?,aloe
aloe|bat|fly,Answer using only one word - bat or fly and not aloe. Which is more similar in semantic meaning to aloe?,fly
aloe|beaver|bed,Answer using only one word - beaver or bed and not aloe. Which is more similar in semantic meaning to aloe?,bed
aloe|beaver|bird,Answer using only one word - beaver or bird and not aloe. Which is more similar in semantic meaning to aloe?,bird
aloe|beaver|boar,Answer using only one word - beaver or boar and not aloe. Which is more similar in semantic meaning to aloe?,boar
aloe|beaver|cactus,Answer using only one word - beaver or cactus and not aloe. Which is more similar in semantic meaning to aloe?,cactus
aloe|beaver|carrot,Answer using only one word - beaver or carrot and not aloe. Which is more similar in semantic meaning to aloe?,carrot
aloe|beaver|chili,Answer using only one word - beaver or chili and not aloe. Which is more similar in semantic meaning to aloe?,chili
aloe|beaver|coconut,Answer using only one word - beaver or coconut and not aloe. Which is more similar in semantic meaning to aloe?,coconut
aloe|beaver|eagle,Answer using only one word - beaver or eagle and not aloe. Which is more similar in semantic meaning to aloe?,aloe
aloe|beaver|fly,Answer using only one word - beaver or fly and not aloe. Which is more similar in semantic meaning to aloe?,fly
aloe|bed|beet,Answer using only one word - bed or beet and not aloe. Which is more similar in semantic meaning to aloe?,beet
aloe|bed|blender,Answer using only one word - bed or blender and not aloe. Which is more similar in semantic meaning to aloe?,blender
aloe|bed|bread,Answer using only one word - bed or bread and not aloe. Which is more similar in semantic meaning to aloe?,bread
aloe|bed|candle,Answer using only one word - bed or candle and not aloe. Which is more similar in semantic meaning to aloe?,candle
aloe|bed|cart,Answer using only one word - bed or cart and not aloe. Which is more similar in semantic meaning to aloe?,cart
aloe|bed|chinchilla,Answer using only one word - bed or chinchilla and not aloe. Which is more similar in semantic meaning to aloe?,chinchilla
aloe|bed|crow,Answer using only one word - bed or crow and not aloe. Which is more similar in semantic meaning to aloe?,crow
aloe|bed|eggbeater,Answer using only one word - bed or eggbeater and not aloe. Which is more similar in semantic meaning to aloe?,eggbeater
aloe|bed|grenade,Answer using only one word - bed or grenade and not aloe. Which is more similar in semantic meaning to aloe?,Grenade
aloe|beet|bell,Answer using only one word - beet or bell and not aloe. Which is more similar in semantic meaning to aloe?,bell
aloe|beet|blueberry,Answer using only one word - beet or blueberry and not aloe. Which is more similar in semantic meaning to aloe?,beet
aloe|beet|bucket,Answer using only one word - beet or bucket and not aloe. Which is more similar in semantic meaning to aloe?,bucket
aloe|beet|cannon,Answer using only one word - beet or cannon and not aloe. Which is more similar in semantic meaning to aloe?,cannon
aloe|beet|caterpillar,Answer using only one word - beet or caterpillar and not aloe. Which is more similar in semantic meaning to aloe?,caterpillar
aloe|beet|clarinet,Answer using only one word - beet or clarinet and not aloe. Which is more similar in semantic meaning to aloe?,beet
aloe|beet|dragonfly,Answer using only one word - beet or dragonfly and not aloe. Which is more similar in semantic meaning to aloe?,dragonfly
aloe|beet|file,Answer using only one word - beet or file and not aloe. Which is more similar in semantic meaning to aloe?,file
aloe|beet|missile,Answer using only one word - beet or missile and not aloe. Which is more similar in semantic meaning to aloe?,beet
aloe|beetle|blender,Answer using only one word - beetle or blender and not aloe. Which is more similar in semantic meaning to aloe?,blender
aloe|beetle|bread,Answer using only one word - beetle or bread and not aloe. Which is more similar in semantic meaning to aloe?,bread
aloe|beetle|candle,Answer using only one word - beetle or candle and not aloe. Which is more similar in semantic meaning to aloe?,candle
aloe|beetle|cart,Answer using only one word - beetle or cart and not aloe. Which is more similar in semantic meaning to aloe?,cart
aloe|beetle|chinchilla,Answer using only one word - beetle or chinchilla and not aloe. Which is more similar in semantic meaning to aloe?,chinchilla
aloe|beetle|crow,Answer using only one word - beetle or crow and not aloe. Which is more similar in semantic meaning to aloe?,crow
aloe|beetle|eggbeater,Answer using only one word - beetle or eggbeater and not aloe. Which is more similar in semantic meaning to aloe?,eggbeater
aloe|beetle|grenade,Answer using only one word - beetle or grenade and not aloe. Which is more similar in semantic meaning to aloe?,grenade
aloe|bell|bird,Answer using only one word - bell or bird and not aloe. Which is more similar in semantic meaning to aloe?,bird
aloe|bell|boar,Answer using only one word - bell or boar and not aloe. Which is more similar in semantic meaning to aloe?,boar
aloe|bell|cactus,Answer using only one word - bell or cactus and not aloe. Which is more similar in semantic meaning to aloe?,cactus
aloe|bell|carrot,Answer using only one word - bell or carrot and not aloe. Which is more similar in semantic meaning to aloe?,carrot
aloe|bell|chili,Answer using only one word - bell or chili and not aloe. Which is more similar in semantic meaning to aloe?,chili
aloe|bell|coconut,Answer using only one word - bell or coconut and not aloe. Which is more similar in semantic meaning to aloe?,coconut
aloe|bell|eagle,Answer using only one word - bell or eagle and not aloe. Which is more similar in semantic meaning to aloe?,aloe
aloe|bell|fly,Answer using only one word - bell or fly and not aloe. Which is more similar in semantic meaning to aloe?,fly
aloe|belt|bird,Answer using only one word - belt or bird and not aloe. Which is more similar in semantic meaning to aloe?,bird
aloe|belt|boar,Answer using only one word - belt or boar and not aloe. Which is more similar in semantic meaning to aloe?,boar
aloe|belt|cactus,Answer using only one word - belt or cactus and not aloe. Which is more similar in semantic meaning to aloe?,cactus
aloe|belt|carrot,Answer using only one word - belt or carrot and not aloe. Which is more similar in semantic meaning to aloe?,carrot
aloe|belt|chili,Answer using only one word - belt or chili and not aloe. Which is more similar in semantic meaning to aloe?,chili
aloe|belt|coconut,Answer using only one word - belt or coconut and not aloe. Which is more similar in semantic meaning to aloe?,coconut
aloe|belt|eagle,Answer using only one word - belt or eagle and not aloe. Which is more similar in semantic meaning to aloe?,aloe
aloe|belt|fly,Answer using only one word - belt or fly and not aloe. Which is more similar in semantic meaning to aloe?,fly
aloe|bird|blender,Answer using only one word - bird or blender and not aloe. Which is more similar in semantic meaning to aloe?,blender
aloe|bird|bread,Answer using only one word - bird or bread and not aloe. Which is more similar in semantic meaning to aloe?,bread
aloe|bird|candle,Answer using only one word - bird or candle and not aloe. Which is more similar in semantic meaning to aloe?,candle
aloe|bird|cart,Answer using only one word - bird or cart and not aloe. Which is more similar in semantic meaning to aloe?,cart
aloe|bird|chinchilla,Answer using only one word - bird or chinchilla and not aloe. Which is more similar in semantic meaning to aloe?,chinchilla
aloe|bird|crow,Answer using only one word - bird or crow and not aloe. Which is more similar in semantic meaning to aloe?,None
aloe|bird|eggbeater,Answer using only one word - bird or eggbeater and not aloe. Which is more similar in semantic meaning to aloe?,None
aloe|bird|grenade,Answer using only one word - bird or grenade and not aloe. Which is more similar in semantic meaning to aloe?,Grenade
aloe|blender|blueberry,Answer using only one word - blender or blueberry and not aloe. Which is more similar in semantic meaning to aloe?,blender
aloe|blender|bucket,Answer using only one word - blender or bucket and not aloe. Which is more similar in semantic meaning to aloe?,bucket
aloe|blender|cannon,Answer using only one word - blender or cannon and not aloe. Which is more similar in semantic meaning to aloe?,cannon
aloe|blender|caterpillar,Answer using only one word - blender or caterpillar and not aloe. Which is more similar in semantic meaning to aloe?,caterpillar
aloe|blender|clarinet,Answer using only one word - blender or clarinet and not aloe. Which is more similar in semantic meaning to aloe?,None
aloe|blender|dragonfly,Answer using only one word - blender or dragonfly and not aloe. Which is more similar in semantic meaning to aloe?,dragonfly
aloe|blender|file,Answer using only one word - blender or file and not aloe. Which is more similar in semantic meaning to aloe?,file
aloe|blender|missile,Answer using only one word - blender or missile and not aloe. Which is more similar in semantic meaning to aloe?,missile
aloe|blowtorch|bread,Answer using only one word - blowtorch or bread and not aloe. Which is more similar in semantic meaning to aloe?,bread
aloe|blowtorch|candle,Answer using only one word - blowtorch or candle and not aloe. Which is more similar in semantic meaning to aloe?,candle
aloe|blowtorch|cart,Answer using only one word - blowtorch or cart and not aloe. Which is more similar in semantic meaning to aloe?,cart
aloe|blowtorch|chinchilla,Answer using only one word - blowtorch or chinchilla and not aloe. Which is more similar in semantic meaning to aloe?,chinchilla
aloe|blowtorch|crow,Answer using only one word - blowtorch or crow and not aloe. Which is more similar in semantic meaning to aloe?,crow
aloe|blowtorch|eggbeater,Answer using only one word - blowtorch or eggbeater and not aloe. Which is more similar in semantic meaning to aloe?,eggbeater
aloe|blowtorch|grenade,Answer using only one word - blowtorch or grenade and not aloe. Which is more similar in semantic meaning to aloe?,none
aloe|blueberry|boar,Answer using only one word - blueberry or boar and not aloe. Which is more similar in semantic meaning to aloe?,boar
aloe|blueberry|cactus,Answer using only one word - blueberry or cactus and not aloe. Which is more similar in semantic meaning to aloe?,cactus
aloe|blueberry|carrot,Answer using only one word - blueberry or carrot and not aloe. Which is more similar in semantic meaning to aloe?,carrot
aloe|blueberry|chili,Answer using only one word - blueberry or chili and not aloe. Which is more similar in semantic meaning to aloe?,chili
aloe|blueberry|coconut,Answer using only one word - blueberry or coconut and not aloe. Which is more similar in semantic meaning to aloe?,coconut
aloe|blueberry|eagle,Answer using only one word - blueberry or eagle and not aloe. Which is more similar in semantic meaning to aloe?,aloe
aloe|blueberry|fly,Answer using only one word - blueberry or fly and not aloe. Which is more similar in semantic meaning to aloe?,fly
aloe|boa|boar,Answer using only one word - boa or boar and not aloe. Which is more similar in semantic meaning to aloe?,boar
aloe|boa|cactus,Answer using only one word - boa or cactus and not aloe. Which is more similar in semantic meaning to aloe?,cactus
aloe|boa|carrot,Answer using only one word - boa or carrot and not aloe. Which is more similar in semantic meaning to aloe?,carrot
aloe|boa|chili,Answer using only one word - boa or chili and not aloe. Which is more similar in semantic meaning to aloe?,chili
aloe|boa|coconut,Answer using only one word - boa or coconut and not aloe. Which is more similar in semantic meaning to aloe?,coconut
aloe|boa|eagle,Answer using only one word - boa or eagle and not aloe. Which is more similar in semantic meaning to aloe?,eagle
aloe|boa|fly,Answer using only one word - boa or fly and not aloe. Which is more similar in semantic meaning to aloe?,fly
aloe|boar|bread,Answer using only one word - boar or bread and not aloe. Which is more similar in semantic meaning to aloe?,bread
aloe|boar|candle,Answer using only one word - boar or candle and not aloe. Which is more similar in semantic meaning to aloe?,candle
aloe|boar|cart,Answer using only one word - boar or cart and not aloe. Which is more similar in semantic meaning to aloe?,cart
aloe|boar|chinchilla,Answer using only one word - boar or chinchilla and not aloe. Which is more similar in semantic meaning to aloe?,chinchilla
aloe|boar|crow,Answer using only one word - boar or crow and not aloe. Which is more similar in semantic meaning to aloe?,None
aloe|boar|eggbeater,Answer using only one word - boar or eggbeater and not aloe. Which is more similar in semantic meaning to aloe?,eggbeater
aloe|boar|grenade,Answer using only one word - boar or grenade and not aloe. Which is more similar in semantic meaning to aloe?,none
aloe|bread|bucket,Answer using only one word - bread or bucket and not aloe. Which is more similar in semantic meaning to aloe?,bucket
aloe|bread|cannon,Answer using only one word - bread or cannon and not aloe. Which is more similar in semantic meaning to aloe?,cannon
aloe|bread|caterpillar,Answer using only one word - bread or caterpillar and not aloe. Which is more similar in semantic meaning to aloe?,caterpillar
aloe|bread|clarinet,Answer using only one word - bread or clarinet and not aloe. Which is more similar in semantic meaning to aloe?,clarinet
aloe|bread|dragonfly,Answer using only one word - bread or dragonfly and not aloe. Which is more similar in semantic meaning to aloe?,dragonfly
aloe|bread|file,Answer using only one word - bread or file and not aloe. Which is more similar in semantic meaning to aloe?,file
aloe|bread|missile,Answer using only one word - bread or missile and not aloe. Which is more similar in semantic meaning to aloe?,missile
aloe|brussels sprouts|candle,Answer using only one word - brussels sprouts or candle and not aloe. Which is more similar in semantic meaning to aloe?,candle
aloe|brussels sprouts|cart,Answer using only one word - brussels sprouts or cart and not aloe. Which is more similar in semantic meaning to aloe?,brussels sprouts
aloe|brussels sprouts|chinchilla,Answer using only one word - brussels sprouts or chinchilla and not aloe. Which is more similar in semantic meaning to aloe?,chinchilla
aloe|brussels sprouts|crow,Answer using only one word - brussels sprouts or crow and not aloe. Which is more similar in semantic meaning to aloe?,brussels sprouts
aloe|brussels sprouts|eggbeater,Answer using only one word - brussels sprouts or eggbeater and not aloe. Which is more similar in semantic meaning to aloe?,brussels sprouts
aloe|brussels sprouts|grenade,Answer using only one word - brussels sprouts or grenade and not aloe. Which is more similar in semantic meaning to aloe?,grenade
aloe|bucket|cactus,Answer using only one word - bucket or cactus and not aloe. Which is more similar in semantic meaning to aloe?,cactus
aloe|bucket|carrot,Answer using only one word - bucket or carrot and not aloe. Which is more similar in semantic meaning to aloe?,carrot
aloe|bucket|chili,Answer using only one word - bucket or chili and not aloe. Which is more similar in semantic meaning to aloe?,chili
aloe|bucket|coconut,Answer using only one word - bucket or coconut and not aloe. Which is more similar in semantic meaning to aloe?,coconut
aloe|bucket|eagle,Answer using only one word - bucket or eagle and not aloe. Which is more similar in semantic meaning to aloe?,bucket
aloe|bucket|fly,Answer using only one word - bucket or fly and not aloe. Which is more similar in semantic meaning to aloe?,fly
aloe|burrito|cactus,Answer using only one word - burrito or cactus and not aloe. Which is more similar in semantic meaning to aloe?,cactus
aloe|burrito|carrot,Answer using only one word - burrito or carrot and not aloe. Which is more similar in semantic meaning to aloe?,carrot
aloe|burrito|chili,Answer using only one word - burrito or chili and not aloe. Which is more similar in semantic meaning to aloe?,chili
aloe|burrito|coconut,Answer using only one word - burrito or coconut and not aloe. Which is more similar in semantic meaning to aloe?,coconut
aloe|burrito|eagle,Answer using only one word - burrito or eagle and not aloe. Which is more similar in semantic meaning to aloe?,eagle
aloe|burrito|fly,Answer using only one word - burrito or fly and not aloe. Which is more similar in semantic meaning to aloe?,fly
aloe|cactus|candle,Answer using only one word - cactus or candle and not aloe. Which is more similar in semantic meaning to aloe?,cactus
aloe|cactus|cart,Answer using only one word - cactus or cart and not aloe. Which is more similar in semantic meaning to aloe?,cactus
aloe|cactus|chinchilla,Answer using only one word - cactus or chinchilla and not aloe. Which is more similar in semantic meaning to aloe?,cactus
aloe|cactus|crow,Answer using only one word - cactus or crow and not aloe. Which is more similar in semantic meaning to aloe?,cactus
aloe|cactus|eggbeater,Answer using only one word - cactus or eggbeater and not aloe. Which is more similar in semantic meaning to aloe?,cactus
aloe|cactus|grenade,Answer using only one word - cactus or grenade and not aloe. Which is more similar in semantic meaning to aloe?,grenade
aloe|candle|cannon,Answer using only one word - candle or cannon and not aloe. Which is more similar in semantic meaning to aloe?,candle
aloe|candle|caterpillar,Answer using only one word - candle or caterpillar and not aloe. Which is more similar in semantic meaning to aloe?,caterpillar
aloe|candle|clarinet,Answer using only one word - candle or clarinet and not aloe. Which is more similar in semantic meaning to aloe?,candle
aloe|candle|dragonfly,Answer using only one word - candle or dragonfly and not aloe. Which is more similar in semantic meaning to aloe?,dragonfly
aloe|candle|file,Answer using only one word - candle or file and not aloe. Which is more similar in semantic meaning to aloe?,file
aloe|candle|missile,Answer using only one word - candle or missile and not aloe. Which is more similar in semantic meaning to aloe?,missile
aloe|candy|cart,Answer using only one word - candy or cart and not aloe. Which is more similar in semantic meaning to aloe?,aloe
aloe|candy|chinchilla,Answer using only one word - candy or chinchilla and not aloe. Which is more similar in semantic meaning to aloe?,chinchilla
aloe|candy|crow,Answer using only one word - candy or crow and not aloe. Which is more similar in semantic meaning to aloe?,candy
aloe|candy|eggbeater,Answer using only one word - candy or eggbeater and not aloe. Which is more similar in semantic meaning to aloe?,None
aloe|candy|grenade,Answer using only one word - candy or grenade and not aloe. Which is more similar in semantic meaning to aloe?,Grenade
aloe|cannon|carrot,Answer using only one word - cannon or carrot and not aloe. Which is more similar in semantic meaning to aloe?,carrot
aloe|cannon|chili,Answer using only one word - cannon or chili and not aloe. Which is more similar in semantic meaning to aloe?,chili
aloe|cannon|coconut,Answer using only one word - cannon or coconut and not aloe. Which is more similar in semantic meaning to aloe?,coconut
aloe|cannon|eagle,Answer using only one word - cannon or eagle and not aloe. Which is more similar in semantic meaning to aloe?,aloe
aloe|cannon|fly,Answer using only one word - cannon or fly and not aloe. Which is more similar in semantic meaning to aloe?,fly
aloe|car|carrot,Answer using only one word - car or carrot and not aloe. Which is more similar in semantic meaning to aloe?,carrot
aloe|car|chili,Answer using only one word - car or chili and not aloe. Which is more similar in semantic meaning to aloe?,chili
aloe|car|coconut,Answer using only one word - car or coconut and not aloe. Which is more similar in semantic meaning to aloe?,coconut
aloe|car|eagle,Answer using only one word - car or eagle and not aloe. Which is more similar in semantic meaning to aloe?,eagle
aloe|car|fly,Answer using only one word - car or fly and not aloe. Which is more similar in semantic meaning to aloe?,fly
aloe|carrot|cart,Answer using only one word - carrot or cart and not aloe. Which is more similar in semantic meaning to aloe?,carrot
aloe|carrot|chinchilla,Answer using only one word - carrot or chinchilla and not aloe. Which is more similar in semantic meaning to aloe?,chinchilla
aloe|carrot|crow,Answer using only one word - carrot or crow and not aloe. Which is more similar in semantic meaning to aloe?,carrot
aloe|carrot|eggbeater,Answer using only one word - carrot or eggbeater and not aloe. Which is more similar in semantic meaning to aloe?,carrot
aloe|carrot|grenade,Answer using only one word - carrot or grenade and not aloe. Which is more similar in semantic meaning to aloe?,carrot
aloe|cart|caterpillar,Answer using only one word - cart or caterpillar and not aloe. Which is more similar in semantic meaning to aloe?,caterpillar
aloe|cart|clarinet,Answer using only one word - cart or clarinet and not aloe. Which is more similar in semantic meaning to aloe?,clarinet
aloe|cart|dragonfly,Answer using only one word - cart or dragonfly and not aloe. Which is more similar in semantic meaning to aloe?,dragonfly
aloe|cart|file,Answer using only one word - cart or file and not aloe. Which is more similar in semantic meaning to aloe?,file
aloe|cart|missile,Answer using only one word - cart or missile and not aloe. Which is more similar in semantic meaning to aloe?,None
aloe|cat|chinchilla,Answer using only one word - cat or chinchilla and not aloe. Which is more similar in semantic meaning to aloe?,chinchilla
aloe|cat|crow,Answer using only one word - cat or crow and not aloe. Which is more similar in semantic meaning to aloe?,cat
aloe|cat|eggbeater,Answer using only one word - cat or eggbeater and not aloe. Which is more similar in semantic meaning to aloe?,cat
aloe|cat|grenade,Answer using only one word - cat or grenade and not aloe. Which is more similar in semantic meaning to aloe?,cat
aloe|caterpillar|chili,Answer using only one word - caterpillar or chili and not aloe. Which is more similar in semantic meaning to aloe?,chili
aloe|caterpillar|coconut,Answer using only one word - caterpillar or coconut and not aloe. Which is more similar in semantic meaning to aloe?,coconut
aloe|caterpillar|eagle,Answer using only one word - caterpillar or eagle and not aloe. Which is more similar in semantic meaning to aloe?,caterpillar
aloe|caterpillar|fly,Answer using only one word - caterpillar or fly and not aloe. Which is more similar in semantic meaning to aloe?,fly
aloe|celery|chili,Answer using only one word - celery or chili and not aloe. Which is more similar in semantic meaning to aloe?,chili
aloe|celery|coconut,Answer using only one word - celery or coconut and not aloe. Which is more similar in semantic meaning to aloe?,coconut
aloe|celery|eagle,Answer using only one word - celery or eagle and not aloe. Which is more similar in semantic meaning to aloe?,eagle
aloe|celery|fly,Answer using only one word - celery or fly and not aloe. Which is more similar in semantic meaning to aloe?,fly
aloe|chili|chinchilla,Answer using only one word - chili or chinchilla and not aloe. Which is more similar in semantic meaning to aloe?,chinchilla
aloe|chili|crow,Answer using only one word - chili or crow and not aloe. Which is more similar in semantic meaning to aloe?,chili
aloe|chili|eggbeater,Answer using only one word - chili or eggbeater and not aloe. Which is more similar in semantic meaning to aloe?,None
aloe|chili|grenade,Answer using only one word - chili or grenade and not aloe. Which is more similar in semantic meaning to aloe?,None
aloe|chinchilla|clarinet,Answer using only one word - chinchilla or clarinet and not aloe. Which is more similar in semantic meaning to aloe?,chinchilla
aloe|chinchilla|dragonfly,Answer using only one word - chinchilla or dragonfly and not aloe. Which is more similar in semantic meaning to aloe?,dragonfly
aloe|chinchilla|file,Answer using only one word - chinchilla or file and not aloe. Which is more similar in semantic meaning to aloe?,file
aloe|chinchilla|missile,Answer using only one word - chinchilla or missile and not aloe. Which is more similar in semantic meaning to aloe?,missile
aloe|chisel|crow,Answer using only one word - chisel or crow and not aloe. Which is more similar in semantic meaning to aloe?,none
aloe|chisel|eggbeater,Answer using only one word - chisel or eggbeater and not aloe. Which is more similar in semantic meaning to aloe?,None
aloe|chisel|grenade,Answer using only one word - chisel or grenade and not aloe. Which is more similar in semantic meaning to aloe?,none
aloe|clarinet|coconut,Answer using only one word - clarinet or coconut and not aloe. Which is more similar in semantic meaning to aloe?,coconut
aloe|clarinet|eagle,Answer using only one word - clarinet or eagle and not aloe. Which is more similar in semantic meaning to aloe?,eagle
aloe|clarinet|fly,Answer using only one word - clarinet or fly and not aloe. Which is more similar in semantic meaning to aloe?,fly
aloe|coat|coconut,Answer using only one word - coat or coconut and not aloe. Which is more similar in semantic meaning to aloe?,coconut
aloe|coat|eagle,Answer using only one word - coat or eagle and not aloe. Which is more similar in semantic meaning to aloe?,aloe
aloe|coat|fly,Answer using only one word - coat or fly and not aloe. Which is more similar in semantic meaning to aloe?,fly
aloe|coconut|crow,Answer using only one word - coconut or crow and not aloe. Which is more similar in semantic meaning to aloe?,coconut
aloe|coconut|eggbeater,Answer using only one word - coconut or eggbeater and not aloe. Which is more similar in semantic meaning to aloe?,coconut
aloe|coconut|grenade,Answer using only one word - coconut or grenade and not aloe. Which is more similar in semantic meaning to aloe?,coconut
aloe|crow|dragonfly,Answer using only one word - crow or dragonfly and not aloe. Which is more similar in semantic meaning to aloe?,None
aloe|crow|file,Answer using only one word - crow or file and not aloe. Which is more similar in semantic meaning to aloe?,file
aloe|crow|missile,Answer using only one word - crow or missile and not aloe. Which is more similar in semantic meaning to aloe?,missile
aloe|crowbar|eggbeater,Answer using only one word - crowbar or eggbeater and not aloe. Which is more similar in semantic meaning to aloe?,None
aloe|crowbar|grenade,Answer using only one word - crowbar or grenade and not aloe. Which is more similar in semantic meaning to aloe?,none
aloe|dragonfly|eagle,Answer using only one word - dragonfly or eagle and not aloe. Which is more similar in semantic meaning to aloe?,none
aloe|dragonfly|fly,Answer using only one word - dragonfly or fly and not aloe. Which is more similar in semantic meaning to aloe?,fly
aloe|dress|eagle,Answer using only one word - dress or eagle and not aloe. Which is more similar in semantic meaning to aloe?,aloe
aloe|dress|fly,Answer using only one word - dress or fly and not aloe. Which is more similar in semantic meaning to aloe?,fly
aloe|eagle|eggbeater,Answer using only one word - eagle or eggbeater and not aloe. Which is more similar in semantic meaning to aloe?,eggbeater
aloe|eagle|grenade,Answer using only one word - eagle or grenade and not aloe. Which is more similar in semantic meaning to aloe?,aloe
aloe|eggbeater|file,Answer using only one word - eggbeater or file and not aloe. Which is more similar in semantic meaning to aloe?,file
aloe|eggbeater|missile,Answer using only one word - eggbeater or missile and not aloe. Which is more similar in semantic meaning to aloe?,missile
aloe|fig|grenade,Answer using only one word - fig or grenade and not aloe. Which is more similar in semantic meaning to aloe?,grenade
aloe|file|fly,Answer using only one word - file or fly and not aloe. Which is more similar in semantic meaning to aloe?,fly
aloe|flute|fly,Answer using only one word - flute or fly and not aloe. Which is more similar in semantic meaning to aloe?,fly
aloe|fly|grenade,Answer using only one word - fly or grenade and not aloe. Which is more similar in semantic meaning to aloe?,grenade
aloe|grenade|missile,Answer using only one word - grenade or missile and not aloe. Which is more similar in semantic meaning to aloe?,none
ant|anteater|anvil,Answer using only one word - anteater or anvil and not ant. Which is more similar in semantic meaning to ant?,anteater
ant|anteater|banjo,Answer using only one word - anteater or banjo and not ant. Which is more similar in semantic meaning to ant?,anteater
ant|anteater|beet,Answer using only one word - anteater or beet and not ant. Which is more similar in semantic meaning to ant?,anteater
ant|anteater|blender,Answer using only one word - anteater or blender and not ant. Which is more similar in semantic meaning to ant?,blender
ant|anteater|bread,Answer using only one word - anteater or bread and not ant. Which is more similar in semantic meaning to ant?,anteater
ant|anteater|candle,Answer using only one word - anteater or candle and not ant. Which is more similar in semantic meaning to ant?,anteater
ant|anteater|cart,Answer using only one word - anteater or cart and not ant. Which is more similar in semantic meaning to ant?,anteater
ant|anteater|chinchilla,Answer using only one word - anteater or chinchilla and not ant. Which is more similar in semantic meaning to ant?,anteater
ant|anteater|crow,Answer using only one word - anteater or crow and not ant. Which is more similar in semantic meaning to ant?,anteater
ant|anteater|eggbeater,Answer using only one word - anteater or eggbeater and not ant. Which is more similar in semantic meaning to ant?,eggbeater
ant|anteater|grenade,Answer using only one word - anteater or grenade and not ant. Which is more similar in semantic meaning to ant?,anteater
ant|anvil|artichoke,Answer using only one word - anvil or artichoke and not ant. Which is more similar in semantic meaning to ant?,artichoke
ant|anvil|bat,Answer using only one word - anvil or bat and not ant. Which is more similar in semantic meaning to ant?,bat
ant|anvil|bell,Answer using only one word - anvil or bell and not ant. Which is more similar in semantic meaning to ant?,None
ant|anvil|blueberry,Answer using only one word - anvil or blueberry and not ant. Which is more similar in semantic meaning to ant?,None
ant|anvil|bucket,Answer using only one word - anvil or bucket and not ant. Which is more similar in semantic meaning to ant?,bucket
ant|anvil|cannon,Answer using only one word - anvil or cannon and not ant. Which is more similar in semantic meaning to ant?,None
ant|anvil|caterpillar,Answer using only one word - anvil or caterpillar and not ant. Which is more similar in semantic meaning to ant?,caterpillar
ant|anvil|clarinet,Answer using only one word - anvil or clarinet and not ant. Which is more similar in semantic meaning to ant?,antvil
ant|anvil|dragonfly,Answer using only one word - anvil or dragonfly and not ant. Which is more similar in semantic meaning to ant?,dragonfly
ant|anvil|file,Answer using only one word - anvil or file and not ant. Which is more similar in semantic meaning to ant?,None
ant|anvil|missile,Answer using only one word - anvil or missile and not ant. Which is more similar in semantic meaning to ant?,ant
ant|apple|banjo,Answer using only one word - apple or banjo and not ant. Which is more similar in semantic meaning to ant?,banjo
ant|apple|beet,Answer using only one word - apple or beet and not ant. Which is more similar in semantic meaning to ant?,beet
ant|apple|blender,Answer using only one word - apple or blender and not ant. Which is more similar in semantic meaning to ant?,blender
ant|apple|bread,Answer using only one word - apple or bread and not ant. Which is more similar in semantic meaning to ant?,bread
ant|apple|candle,Answer using only one word - apple or candle and not ant. Which is more similar in semantic meaning to ant?,ant
ant|apple|cart,Answer using only one word - apple or cart and not ant. Which is more similar in semantic meaning to ant?,cart
ant|apple|chinchilla,Answer using only one word - apple or chinchilla and not ant. Which is more similar in semantic meaning to ant?,chinchilla
ant|apple|crow,Answer using only one word - apple or crow and not ant. Which is more similar in semantic meaning to ant?,crow
ant|apple|eggbeater,Answer using only one word - apple or eggbeater and not ant. Which is more similar in semantic meaning to ant?,eggbeater
ant|apple|grenade,Answer using only one word - apple or grenade and not ant. Which is more similar in semantic meaning to ant?,None
ant|artichoke|banana,Answer using only one word - artichoke or banana and not ant. Which is more similar in semantic meaning to ant?,banana
ant|artichoke|bed,Answer using only one word - artichoke or bed and not ant. Which is more similar in semantic meaning to ant?,bed
ant|artichoke|bird,Answer using only one word - artichoke or bird and not ant. Which is more similar in semantic meaning to ant?,bird
ant|artichoke|boar,Answer using only one word - artichoke or boar and not ant. Which is more similar in semantic meaning to ant?,boar
ant|artichoke|cactus,Answer using only one word - artichoke or cactus and not ant. Which is more similar in semantic meaning to ant?,cactus
ant|artichoke|carrot,Answer using only one word - artichoke or carrot and not ant. Which is more similar in semantic meaning to ant?,None.
ant|artichoke|chili,Answer using only one word - artichoke or chili and not ant. Which is more similar in semantic meaning to ant?,chili
ant|artichoke|coconut,Answer using only one word - artichoke or coconut and not ant. Which is more similar in semantic meaning to ant?,None.
ant|artichoke|eagle,Answer using only one word - artichoke or eagle and not ant. Which is more similar in semantic meaning to ant?,ant
ant|artichoke|fly,Answer using only one word - artichoke or fly and not ant. Which is more similar in semantic meaning to ant?,fly
ant|bagel|banana,Answer using only one word - bagel or banana and not ant. Which is more similar in semantic meaning to ant?,banana
ant|bagel|bed,Answer using only one word - bagel or bed and not ant. Which is more similar in semantic meaning to ant?,bed
ant|bagel|bird,Answer using only one word - bagel or bird and not ant. Which is more similar in semantic meaning to ant?,bird
ant|bagel|boar,Answer using only one word - bagel or boar and not ant. Which is more similar in semantic meaning to ant?,boar
ant|bagel|cactus,Answer using only one word - bagel or cactus and not ant. Which is more similar in semantic meaning to ant?,cactus
ant|bagel|carrot,Answer using only one word - bagel or carrot and not ant. Which is more similar in semantic meaning to ant?,None
ant|bagel|chili,Answer using only one word - bagel or chili and not ant. Which is more similar in semantic meaning to ant?,None
ant|bagel|coconut,Answer using only one word - bagel or coconut and not ant. Which is more similar in semantic meaning to ant?,None
ant|bagel|eagle,Answer using only one word - bagel or eagle and not ant. Which is more similar in semantic meaning to ant?,None.
ant|bagel|fly,Answer using only one word - bagel or fly and not ant. Which is more similar in semantic meaning to ant?,fly
ant|banana|banjo,Answer using only one word - banana or banjo and not ant. Which is more similar in semantic meaning to ant?,banjo
ant|banana|beet,Answer using only one word - banana or beet and not ant. Which is more similar in semantic meaning to ant?,beet
ant|banana|blender,Answer using only one word - banana or blender and not ant. Which is more similar in semantic meaning to ant?,blender
ant|banana|bread,Answer using only one word - banana or bread and not ant. Which is more similar in semantic meaning to ant?,bread
ant|banana|candle,Answer using only one word - banana or candle and not ant. Which is more similar in semantic meaning to ant?,candle
ant|banana|cart,Answer using only one word - banana or cart and not ant. Which is more similar in semantic meaning to ant?,cart
ant|banana|chinchilla,Answer using only one word - banana or chinchilla and not ant. Which is more similar in semantic meaning to ant?,chinchilla
ant|banana|crow,Answer using only one word - banana or crow and not ant. Which is more similar in semantic meaning to ant?,crow
ant|banana|eggbeater,Answer using only one word - banana or eggbeater and not ant. Which is more similar in semantic meaning to ant?,eggbeater
ant|banana|grenade,Answer using only one word - banana or grenade and not ant. Which is more similar in semantic meaning to ant?,grenade
ant|banjo|bat,Answer using only one word - banjo or bat and not ant. Which is more similar in semantic meaning to ant?,bat
ant|banjo|bell,Answer using only one word - banjo or bell and not ant. Which is more similar in semantic meaning to ant?,None.
ant|banjo|blueberry,Answer using only one word - banjo or blueberry and not ant. Which is more similar in semantic meaning to ant?,None.
ant|banjo|bucket,Answer using only one word - banjo or bucket and not ant. Which is more similar in semantic meaning to ant?,None
ant|banjo|cannon,Answer using only one word - banjo or cannon and not ant. Which is more similar in semantic meaning to ant?,cannon
ant|banjo|caterpillar,Answer using only one word - banjo or caterpillar and not ant. Which is more similar in semantic meaning to ant?,caterpillar
ant|banjo|clarinet,Answer using only one word - banjo or clarinet and not ant. Which is more similar in semantic meaning to ant?,None.
ant|banjo|dragonfly,Answer using only one word - banjo or dragonfly and not ant. Which is more similar in semantic meaning to ant?,None
ant|banjo|file,Answer using only one word - banjo or file and not ant. Which is more similar in semantic meaning to ant?,file
ant|banjo|missile,Answer using only one word - banjo or missile and not ant. Which is more similar in semantic meaning to ant?,None
ant|barrel|beet,Answer using only one word - barrel or beet and not ant. Which is more similar in semantic meaning to ant?,None.
ant|barrel|blender,Answer using only one word - barrel or blender and not ant. Which is more similar in semantic meaning to ant?,none
ant|barrel|bread,Answer using only one word - barrel or bread and not ant. Which is more similar in semantic meaning to ant?,none
ant|barrel|candle,Answer using only one word - barrel or candle and not ant. Which is more similar in semantic meaning to ant?,none
ant|barrel|cart,Answer using only one word - barrel or cart and not ant. Which is more similar in semantic meaning to ant?,none
ant|barrel|chinchilla,Answer using only one word - barrel or chinchilla and not ant. Which is more similar in semantic meaning to ant?,None.
ant|barrel|crow,Answer using only one word - barrel or crow and not ant. Which is more similar in semantic meaning to ant?,none
ant|barrel|eggbeater,Answer using only one word - barrel or eggbeater and not ant. Which is more similar in semantic meaning to ant?,none
ant|barrel|grenade,Answer using only one word - barrel or grenade and not ant. Which is more similar in semantic meaning to ant?,none
ant|bat|bed,Answer using only one word - bat or bed and not ant. Which is more similar in semantic meaning to ant?,None
ant|bat|bird,Answer using only one word - bat or bird and not ant. Which is more similar in semantic meaning to ant?,bird
ant|bat|boar,Answer using only one word - bat or boar and not ant. Which is more similar in semantic meaning to ant?,None.
ant|bat|cactus,Answer using only one word - bat or cactus and not ant. Which is more similar in semantic meaning to ant?,None
ant|bat|carrot,Answer using only one word - bat or carrot and not ant. Which is more similar in semantic meaning to ant?,None.
ant|bat|chili,Answer using only one word - bat or chili and not ant. Which is more similar in semantic meaning to ant?,chili
ant|bat|coconut,Answer using only one word - bat or coconut and not ant. Which is more similar in semantic meaning to ant?,None
ant|bat|eagle,Answer using only one word - bat or eagle and not ant. Which is more similar in semantic meaning to ant?,ant
ant|bat|fly,Answer using only one word - bat or fly and not ant. Which is more similar in semantic meaning to ant?,fly
ant|beaver|bed,Answer using only one word - beaver or bed and not ant. Which is more similar in semantic meaning to ant?,bed
ant|beaver|bird,Answer using only one word - beaver or bird and not ant. Which is more similar in semantic meaning to ant?,beaver
ant|beaver|boar,Answer using only one word - beaver or boar and not ant. Which is more similar in semantic meaning to ant?,beaver
ant|beaver|cactus,Answer using only one word - beaver or cactus and not ant. Which is more similar in semantic meaning to ant?,None
ant|beaver|carrot,Answer using only one word - beaver or carrot and not ant. Which is more similar in semantic meaning to ant?,carrot
ant|beaver|chili,Answer using only one word - beaver or chili and not ant. Which is more similar in semantic meaning to ant?,chili
ant|beaver|coconut,Answer using only one word - beaver or coconut and not ant. Which is more similar in semantic meaning to ant?,None
ant|beaver|eagle,Answer using only one word - beaver or eagle and not ant. Which is more similar in semantic meaning to ant?,None
ant|beaver|fly,Answer using only one word - beaver or fly and not ant. Which is more similar in semantic meaning to ant?,fly
ant|bed|beet,Answer using only one word - bed or beet and not ant. Which is more similar in semantic meaning to ant?,beet
ant|bed|blender,Answer using only one word - bed or blender and not ant. Which is more similar in semantic meaning to ant?,blender
ant|bed|bread,Answer using only one word - bed or bread and not ant. Which is more similar in semantic meaning to ant?,None
ant|bed|candle,Answer using only one word - bed or candle and not ant. Which is more similar in semantic meaning to ant?,candle
ant|bed|cart,Answer using only one word - bed or cart and not ant. Which is more similar in semantic meaning to ant?,cart
ant|bed|chinchilla,Answer using only one word - bed or chinchilla and not ant. Which is more similar in semantic meaning to ant?,None.
ant|bed|crow,Answer using only one word - bed or crow and not ant. Which is more similar in semantic meaning to ant?,crow
ant|bed|eggbeater,Answer using only one word - bed or eggbeater and not ant. Which is more similar in semantic meaning to ant?,eggbeater
ant|bed|grenade,Answer using only one word - bed or grenade and not ant. Which is more similar in semantic meaning to ant?,None
ant|beet|bell,Answer using only one word - beet or bell and not ant. Which is more similar in semantic meaning to ant?,None.
ant|beet|blueberry,Answer using only one word - beet or blueberry and not ant. Which is more similar in semantic meaning to ant?,None.
ant|beet|bucket,Answer using only one word - beet or bucket and not ant. Which is more similar in semantic meaning to ant?,None.
ant|beet|cannon,Answer using only one word - beet or cannon and not ant. Which is more similar in semantic meaning to ant?,cannon
ant|beet|caterpillar,Answer using only one word - beet or caterpillar and not ant. Which is more similar in semantic meaning to ant?,caterpillar
ant|beet|clarinet,Answer using only one word - beet or clarinet and not ant. Which is more similar in semantic meaning to ant?,None.
ant|beet|dragonfly,Answer using only one word - beet or dragonfly and not ant. Which is more similar in semantic meaning to ant?,None
ant|beet|file,Answer using only one word - beet or file and not ant. Which is more similar in semantic meaning to ant?,None
ant|beet|missile,Answer using only one word - beet or missile and not ant. Which is more similar in semantic meaning to ant?,missile
ant|beetle|blender,Answer using only one word - beetle or blender and not ant. Which is more similar in semantic meaning to ant?,beetle
ant|beetle|bread,Answer using only one word - beetle or bread and not ant. Which is more similar in semantic meaning to ant?,beetle
ant|beetle|candle,Answer using only one word - beetle or candle and not ant. Which is more similar in semantic meaning to ant?,beetle
ant|beetle|cart,Answer using only one word - beetle or cart and not ant. Which is more similar in semantic meaning to ant?,beetle
ant|beetle|chinchilla,Answer using only one word - beetle or chinchilla and not ant. Which is more similar in semantic meaning to ant?,beetle
ant|beetle|crow,Answer using only one word - beetle or crow and not ant. Which is more similar in semantic meaning to ant?,beetle
ant|beetle|eggbeater,Answer using only one word - beetle or eggbeater and not ant. Which is more similar in semantic meaning to ant?,beetle
ant|beetle|grenade,Answer using only one word - beetle or grenade and not ant. Which is more similar in semantic meaning to ant?,beetle
ant|bell|bird,Answer using only one word - bell or bird and not ant. Which is more similar in semantic meaning to ant?,bird
ant|bell|boar,Answer using only one word - bell or boar and not ant. Which is more similar in semantic meaning to ant?,boar
ant|bell|cactus,Answer using only one word - bell or cactus and not ant. Which is more similar in semantic meaning to ant?,cactus
ant|bell|carrot,Answer using only one word - bell or carrot and not ant. Which is more similar in semantic meaning to ant?,carrot
ant|bell|chili,Answer using only one word - bell or chili and not ant. Which is more similar in semantic meaning to ant?,chili
ant|bell|coconut,Answer using only one word - bell or coconut and not ant. Which is more similar in semantic meaning to ant?,None
ant|bell|eagle,Answer using only one word - bell or eagle and not ant. Which is more similar in semantic meaning to ant?,ant
ant|bell|fly,Answer using only one word - bell or fly and not ant. Which is more similar in semantic meaning to ant?,fly
ant|belt|bird,Answer using only one word - belt or bird and not ant. Which is more similar in semantic meaning to ant?,bird
ant|belt|boar,Answer using only one word - belt or boar and not ant. Which is more similar in semantic meaning to ant?,boar
ant|belt|cactus,Answer using only one word - belt or cactus and not ant. Which is more similar in semantic meaning to ant?,cactus
ant|belt|carrot,Answer using only one word - belt or carrot and not ant. Which is more similar in semantic meaning to ant?,carrot
ant|belt|chili,Answer using only one word - belt or chili and not ant. Which is more similar in semantic meaning to ant?,chili
ant|belt|coconut,Answer using only one word - belt or coconut and not ant. Which is more similar in semantic meaning to ant?,None.
ant|belt|eagle,Answer using only one word - belt or eagle and not ant. Which is more similar in semantic meaning to ant?,None.
ant|belt|fly,Answer using only one word - belt or fly and not ant. Which is more similar in semantic meaning to ant?,fly
ant|bird|blender,Answer using only one word - bird or blender and not ant. Which is more similar in semantic meaning to ant?,blender
ant|bird|bread,Answer using only one word - bird or bread and not ant. Which is more similar in semantic meaning to ant?,bread
ant|bird|candle,Answer using only one word - bird or candle and not ant. Which is more similar in semantic meaning to ant?,ant
ant|bird|cart,Answer using only one word - bird or cart and not ant. Which is more similar in semantic meaning to ant?,cart
ant|bird|chinchilla,Answer using only one word - bird or chinchilla and not ant. Which is more similar in semantic meaning to ant?,ant
ant|bird|crow,Answer using only one word - bird or crow and not ant. Which is more similar in semantic meaning to ant?,None
ant|bird|eggbeater,Answer using only one word - bird or eggbeater and not ant. Which is more similar in semantic meaning to ant?,ant
ant|bird|grenade,Answer using only one word - bird or grenade and not ant. Which is more similar in semantic meaning to ant?,ant
ant|blender|blueberry,Answer using only one word - blender or blueberry and not ant. Which is more similar in semantic meaning to ant?,None.
ant|blender|bucket,Answer using only one word - blender or bucket and not ant. Which is more similar in semantic meaning to ant?,bucket
ant|blender|cannon,Answer using only one word - blender or cannon and not ant. Which is more similar in semantic meaning to ant?,cannon
ant|blender|caterpillar,Answer using only one word - blender or caterpillar and not ant. Which is more similar in semantic meaning to ant?,caterpillar
ant|blender|clarinet,Answer using only one word - blender or clarinet and not ant. Which is more similar in semantic meaning to ant?,None
ant|blender|dragonfly,Answer using only one word - blender or dragonfly and not ant. Which is more similar in semantic meaning to ant?,dragonfly
ant|blender|file,Answer using only one word - blender or file and not ant. Which is more similar in semantic meaning to ant?,file
ant|blender|missile,Answer using only one word - blender or missile and not ant. Which is more similar in semantic meaning to ant?,none
ant|blowtorch|bread,Answer using only one word - blowtorch or bread and not ant. Which is more similar in semantic meaning to ant?,bread
ant|blowtorch|candle,Answer using only one word - blowtorch or candle and not ant. Which is more similar in semantic meaning to ant?,candle
ant|blowtorch|cart,Answer using only one word - blowtorch or cart and not ant. Which is more similar in semantic meaning to ant?,cart
ant|blowtorch|chinchilla,Answer using only one word - blowtorch or chinchilla and not ant. Which is more similar in semantic meaning to ant?,chinchilla
ant|blowtorch|crow,Answer using only one word - blowtorch or crow and not ant. Which is more similar in semantic meaning to ant?,None
ant|blowtorch|eggbeater,Answer using only one word - blowtorch or eggbeater and not ant. Which is more similar in semantic meaning to ant?,None.
ant|blowtorch|grenade,Answer using only one word - blowtorch or grenade and not ant. Which is more similar in semantic meaning to ant?,None.
ant|blueberry|boar,Answer using only one word - blueberry or boar and not ant. Which is more similar in semantic meaning to ant?,boar
ant|blueberry|cactus,Answer using only one word - blueberry or cactus and not ant. Which is more similar in semantic meaning to ant?,cactus
ant|blueberry|carrot,Answer using only one word - blueberry or carrot and not ant. Which is more similar in semantic meaning to ant?,carrot
ant|blueberry|chili,Answer using only one word - blueberry or chili and not ant. Which is more similar in semantic meaning to ant?,chili
ant|blueberry|coconut,Answer using only one word - blueberry or coconut and not ant. Which is more similar in semantic meaning to ant?,None.
ant|blueberry|eagle,Answer using only one word - blueberry or eagle and not ant. Which is more similar in semantic meaning to ant?,ant
ant|blueberry|fly,Answer using only one word - blueberry or fly and not ant. Which is more similar in semantic meaning to ant?,fly
ant|boa|boar,Answer using only one word - boa or boar and not ant. Which is more similar in semantic meaning to ant?,None
ant|boa|cactus,Answer using only one word - boa or cactus and not ant. Which is more similar in semantic meaning to ant?,cactus
ant|boa|carrot,Answer using only one word - boa or carrot and not ant. Which is more similar in semantic meaning to ant?,carrot
ant|boa|chili,Answer using only one word - boa or chili and not ant. Which is more similar in semantic meaning to ant?,chili
ant|boa|coconut,Answer using only one word - boa or coconut and not ant. Which is more similar in semantic meaning to ant?,None
ant|boa|eagle,Answer using only one word - boa or eagle and not ant. Which is more similar in semantic meaning to ant?,boa
ant|boa|fly,Answer using only one word - boa or fly and not ant. Which is more similar in semantic meaning to ant?,fly
ant|boar|bread,Answer using only one word - boar or bread and not ant. Which is more similar in semantic meaning to ant?,bread
ant|boar|candle,Answer using only one word - boar or candle and not ant. Which is more similar in semantic meaning to ant?,None
ant|boar|cart,Answer using only one word - boar or cart and not ant. Which is more similar in semantic meaning to ant?,cart
ant|boar|chinchilla,Answer using only one word - boar or chinchilla and not ant. Which is more similar in semantic meaning to ant?,None.
ant|boar|crow,Answer using only one word - boar or crow and not ant. Which is more similar in semantic meaning to ant?,None
ant|boar|eggbeater,Answer using only one word - boar or eggbeater and not ant. Which is more similar in semantic meaning to ant?,None.
ant|boar|grenade,Answer using only one word - boar or grenade and not ant. Which is more similar in semantic meaning to ant?,None
ant|bread|bucket,Answer using only one word - bread or bucket and not ant. Which is more similar in semantic meaning to ant?,bucket
ant|bread|cannon,Answer using only one word - bread or cannon and not ant. Which is more similar in semantic meaning to ant?,cannon
ant|bread|caterpillar,Answer using only one word - bread or caterpillar and not ant. Which is more similar in semantic meaning to ant?,caterpillar
ant|bread|clarinet,Answer using only one word - bread or clarinet and not ant. Which is more similar in semantic meaning to ant?,clarinet
ant|bread|dragonfly,Answer using only one word - bread or dragonfly and not ant. Which is more similar in semantic meaning to ant?,dragonfly
ant|bread|file,Answer using only one word - bread or file and not ant. Which is more similar in semantic meaning to ant?,file
ant|bread|missile,Answer using only one word - bread or missile and not ant. Which is more similar in semantic meaning to ant?,missile
ant|brussels sprouts|candle,Answer using only one word - brussels sprouts or candle and not ant. Which is more similar in semantic meaning to ant?,candle
ant|brussels sprouts|cart,Answer using only one word - brussels sprouts or cart and not ant. Which is more similar in semantic meaning to ant?,cart
ant|brussels sprouts|chinchilla,Answer using only one word - brussels sprouts or chinchilla and not ant. Which is more similar in semantic meaning to ant?,chinchilla
ant|brussels sprouts|crow,Answer using only one word - brussels sprouts or crow and not ant. Which is more similar in semantic meaning to ant?,crow
ant|brussels sprouts|eggbeater,Answer using only one word - brussels sprouts or eggbeater and not ant. Which is more similar in semantic meaning to ant?,eggbeater
ant|brussels sprouts|grenade,Answer using only one word - brussels sprouts or grenade and not ant. Which is more similar in semantic meaning to ant?,grenade
ant|bucket|cactus,Answer using only one word - bucket or cactus and not ant. Which is more similar in semantic meaning to ant?,cactus
ant|bucket|carrot,Answer using only one word - bucket or carrot and not ant. Which is more similar in semantic meaning to ant?,carrot
ant|bucket|chili,Answer using only one word - bucket or chili and not ant. Which is more similar in semantic meaning to ant?,None
ant|bucket|coconut,Answer using only one word - bucket or coconut and not ant. Which is more similar in semantic meaning to ant?,None
ant|bucket|eagle,Answer using only one word - bucket or eagle and not ant. Which is more similar in semantic meaning to ant?,None
ant|bucket|fly,Answer using only one word - bucket or fly and not ant. Which is more similar in semantic meaning to ant?,fly
ant|burrito|cactus,Answer using only one word - burrito or cactus and not ant. Which is more similar in semantic meaning to ant?,cactus
ant|burrito|carrot,Answer using only one word - burrito or carrot and not ant. Which is more similar in semantic meaning to ant?,carrot
ant|burrito|chili,Answer using only one word - burrito or chili and not ant. Which is more similar in semantic meaning to ant?,None
ant|burrito|coconut,Answer using only one word - burrito or coconut and not ant. Which is more similar in semantic meaning to ant?,coconut
ant|burrito|eagle,Answer using only one word - burrito or eagle and not ant. Which is more similar in semantic meaning to ant?,ant
ant|burrito|fly,Answer using only one word - burrito or fly and not ant. Which is more similar in semantic meaning to ant?,fly
ant|cactus|candle,Answer using only one word - cactus or candle and not ant. Which is more similar in semantic meaning to ant?,cactus
ant|cactus|cart,Answer using only one word - cactus or cart and not ant. Which is more similar in semantic meaning to ant?,None
ant|cactus|chinchilla,Answer using only one word - cactus or chinchilla and not ant. Which is more similar in semantic meaning to ant?,None.
ant|cactus|crow,Answer using only one word - cactus or crow and not ant. Which is more similar in semantic meaning to ant?,cactus
ant|cactus|eggbeater,Answer using only one word - cactus or eggbeater and not ant. Which is more similar in semantic meaning to ant?,eggbeater
ant|cactus|grenade,Answer using only one word - cactus or grenade and not ant. Which is more similar in semantic meaning to ant?,grenade
ant|candle|cannon,Answer using only one word - candle or cannon and not ant. Which is more similar in semantic meaning to ant?,cannon
ant|candle|caterpillar,Answer using only one word - candle or caterpillar and not ant. Which is more similar in semantic meaning to ant?,caterpillar
ant|candle|clarinet,Answer using only one word - candle or clarinet and not ant. Which is more similar in semantic meaning to ant?,None
ant|candle|dragonfly,Answer using only one word - candle or dragonfly and not ant. Which is more similar in semantic meaning to ant?,dragonfly
ant|candle|file,Answer using only one word - candle or file and not ant. Which is more similar in semantic meaning to ant?,file
ant|candle|missile,Answer using only one word - candle or missile and not ant. Which is more similar in semantic meaning to ant?,None
ant|candy|cart,Answer using only one word - candy or cart and not ant. Which is more similar in semantic meaning to ant?,cart
ant|candy|chinchilla,Answer using only one word - candy or chinchilla and not ant. Which is more similar in semantic meaning to ant?,chinchilla
ant|candy|crow,Answer using only one word - candy or crow and not ant. Which is more similar in semantic meaning to ant?,crow
ant|candy|eggbeater,Answer using only one word - candy or eggbeater and not ant. Which is more similar in semantic meaning to ant?,eggbeater
ant|candy|grenade,Answer using only one word - candy or grenade and not ant. Which is more similar in semantic meaning to ant?,None
ant|cannon|carrot,Answer using only one word - cannon or carrot and not ant. Which is more similar in semantic meaning to ant?,carrot
ant|cannon|chili,Answer using only one word - cannon or chili and not ant. Which is more similar in semantic meaning to ant?,None.
ant|cannon|coconut,Answer using only one word - cannon or coconut and not ant. Which is more similar in semantic meaning to ant?,None.
ant|cannon|eagle,Answer using only one word - cannon or eagle and not ant. Which is more similar in semantic meaning to ant?,ant
ant|cannon|fly,Answer using only one word - cannon or fly and not ant. Which is more similar in semantic meaning to ant?,fly
ant|car|carrot,Answer using only one word - car or carrot and not ant. Which is more similar in semantic meaning to ant?,carrot
ant|car|chili,Answer using only one word - car or chili and not ant. Which is more similar in semantic meaning to ant?,chili
ant|car|coconut,Answer using only one word - car or coconut and not ant. Which is more similar in semantic meaning to ant?,None.
ant|car|eagle,Answer using only one word - car or eagle and not ant. Which is more similar in semantic meaning to ant?,ant
ant|car|fly,Answer using only one word - car or fly and not ant. Which is more similar in semantic meaning to ant?,fly
ant|carrot|cart,Answer using only one word - carrot or cart and not ant. Which is more similar in semantic meaning to ant?,cart
ant|carrot|chinchilla,Answer using only one word - carrot or chinchilla and not ant. Which is more similar in semantic meaning to ant?,chinchilla
ant|carrot|crow,Answer using only one word - carrot or crow and not ant. Which is more similar in semantic meaning to ant?,None.
ant|carrot|eggbeater,Answer using only one word - carrot or eggbeater and not ant. Which is more similar in semantic meaning to ant?,None.
ant|carrot|grenade,Answer using only one word - carrot or grenade and not ant. Which is more similar in semantic meaning to ant?,None.
ant|cart|caterpillar,Answer using only one word - cart or caterpillar and not ant. Which is more similar in semantic meaning to ant?,caterpillar
ant|cart|clarinet,Answer using only one word - cart or clarinet and not ant. Which is more similar in semantic meaning to ant?,None.
ant|cart|dragonfly,Answer using only one word - cart or dragonfly and not ant. Which is more similar in semantic meaning to ant?,dragonfly
ant|cart|file,Answer using only one word - cart or file and not ant. Which is more similar in semantic meaning to ant?,file
ant|cart|missile,Answer using only one word - cart or missile and not ant. Which is more similar in semantic meaning to ant?,None
ant|cat|chinchilla,Answer using only one word - cat or chinchilla and not ant. Which is more similar in semantic meaning to ant?,ant
ant|cat|crow,Answer using only one word - cat or crow and not ant. Which is more similar in semantic meaning to ant?,None
ant|cat|eggbeater,Answer using only one word - cat or eggbeater and not ant. Which is more similar in semantic meaning to ant?,None
ant|cat|grenade,Answer using only one word - cat or grenade and not ant. Which is more similar in semantic meaning to ant?,ant
ant|caterpillar|chili,Answer using only one word - caterpillar or chili and not ant. Which is more similar in semantic meaning to ant?,chili
ant|caterpillar|coconut,Answer using only one word - caterpillar or coconut and not ant. Which is more similar in semantic meaning to ant?,caterpillar
ant|caterpillar|eagle,Answer using only one word - caterpillar or eagle and not ant. Which is more similar in semantic meaning to ant?,caterpillar
ant|caterpillar|fly,Answer using only one word - caterpillar or fly and not ant. Which is more similar in semantic meaning to ant?,caterpillar
ant|celery|chili,Answer using only one word - celery or chili and not ant. Which is more similar in semantic meaning to ant?,None.
ant|celery|coconut,Answer using only one word - celery or coconut and not ant. Which is more similar in semantic meaning to ant?,None.
ant|celery|eagle,Answer using only one word - celery or eagle and not ant. Which is more similar in semantic meaning to ant?,None.
ant|celery|fly,Answer using only one word - celery or fly and not ant. Which is more similar in semantic meaning to ant?,fly
ant|chili|chinchilla,Answer using only one word - chili or chinchilla and not ant. Which is more similar in semantic meaning to ant?,chinchilla
ant|chili|crow,Answer using only one word - chili or crow and not ant. Which is more similar in semantic meaning to ant?,crow
ant|chili|eggbeater,Answer using only one word - chili or eggbeater and not ant. Which is more similar in semantic meaning to ant?,None.
ant|chili|grenade,Answer using only one word - chili or grenade and not ant. Which is more similar in semantic meaning to ant?,None
ant|chinchilla|clarinet,Answer using only one word - chinchilla or clarinet and not ant. Which is more similar in semantic meaning to ant?,None.
ant|chinchilla|dragonfly,Answer using only one word - chinchilla or dragonfly and not ant. Which is more similar in semantic meaning to ant?,None.
ant|chinchilla|file,Answer using only one word - chinchilla or file and not ant. Which is more similar in semantic meaning to ant?,file
ant|chinchilla|missile,Answer using only one word - chinchilla or missile and not ant. Which is more similar in semantic meaning to ant?,ant
ant|chisel|crow,Answer using only one word - chisel or crow and not ant. Which is more similar in semantic meaning to ant?,None
ant|chisel|eggbeater,Answer using only one word - chisel or eggbeater and not ant. Which is more similar in semantic meaning to ant?,None.
ant|chisel|grenade,Answer using only one word - chisel or grenade and not ant. Which is more similar in semantic meaning to ant?,None
ant|clarinet|coconut,Answer using only one word - clarinet or coconut and not ant. Which is more similar in semantic meaning to ant?,None.
ant|clarinet|eagle,Answer using only one word - clarinet or eagle and not ant. Which is more similar in semantic meaning to ant?,ant
ant|clarinet|fly,Answer using only one word - clarinet or fly and not ant. Which is more similar in semantic meaning to ant?,fly
ant|coat|coconut,Answer using only one word - coat or coconut and not ant. Which is more similar in semantic meaning to ant?,None.
ant|coat|eagle,Answer using only one word - coat or eagle and not ant. Which is more similar in semantic meaning to ant?,ant
ant|coat|fly,Answer using only one word - coat or fly and not ant. Which is more similar in semantic meaning to ant?,fly
ant|coconut|crow,Answer using only one word - coconut or crow and not ant. Which is more similar in semantic meaning to ant?,crow
ant|coconut|eggbeater,Answer using only one word - coconut or eggbeater and not ant. Which is more similar in semantic meaning to ant?,eggbeater
ant|coconut|grenade,Answer using only one word - coconut or grenade and not ant. Which is more similar in semantic meaning to ant?,None.
ant|crow|dragonfly,Answer using only one word - crow or dragonfly and not ant. Which is more similar in semantic meaning to ant?,None.
ant|crow|file,Answer using only one word - crow or file and not ant. Which is more similar in semantic meaning to ant?,file
ant|crow|missile,Answer using only one word - crow or missile and not ant. Which is more similar in semantic meaning to ant?,None
ant|crowbar|eggbeater,Answer using only one word - crowbar or eggbeater and not ant. Which is more similar in semantic meaning to ant?,None.
ant|crowbar|grenade,Answer using only one word - crowbar or grenade and not ant. Which is more similar in semantic meaning to ant?,None
ant|dragonfly|eagle,Answer using only one word - dragonfly or eagle and not ant. Which is more similar in semantic meaning to ant?,None
ant|dragonfly|fly,Answer using only one word - dragonfly or fly and not ant. Which is more similar in semantic meaning to ant?,fly
ant|dress|eagle,Answer using only one word - dress or eagle and not ant. Which is more similar in semantic meaning to ant?,ant
ant|dress|fly,Answer using only one word - dress or fly and not ant. Which is more similar in semantic meaning to ant?,fly
ant|eagle|eggbeater,Answer using only one word - eagle or eggbeater and not ant. Which is more similar in semantic meaning to ant?,ant
ant|eagle|grenade,Answer using only one word - eagle or grenade and not ant. Which is more similar in semantic meaning to ant?,ant
ant|eggbeater|file,Answer using only one word - eggbeater or file and not ant. Which is more similar in semantic meaning to ant?,none
ant|eggbeater|missile,Answer using only one word - eggbeater or missile and not ant. Which is more similar in semantic meaning to ant?,None.
ant|fig|grenade,Answer using only one word - fig or grenade and not ant. Which is more similar in semantic meaning to ant?,None
ant|file|fly,Answer using only one word - file or fly and not ant. Which is more similar in semantic meaning to ant?,fly
ant|flute|fly,Answer using only one word - flute or fly and not ant. Which is more similar in semantic meaning to ant?,fly
ant|fly|grenade,Answer using only one word - fly or grenade and not ant. Which is more similar in semantic meaning to ant?,none
ant|grenade|missile,Answer using only one word - grenade or missile and not ant. Which is more similar in semantic meaning to ant?,None
anteater|anvil|apple,Answer using only one word - anvil or apple and not anteater. Which is more similar in semantic meaning to anteater?,anteater
anteater|anvil|barrel,Answer using only one word - anvil or barrel and not anteater. Which is more similar in semantic meaning to anteater?,barrel
anteater|anvil|beetle,Answer using only one word - anvil or beetle and not anteater. Which is more similar in semantic meaning to anteater?,beetle
anteater|anvil|blowtorch,Answer using only one word - anvil or blowtorch and not anteater. Which is more similar in semantic meaning to anteater?,None
anteater|anvil|brussels sprouts,Answer using only one word - anvil or brussels sprouts and not anteater. Which is more similar in semantic meaning to anteater?,anteater
anteater|anvil|candy,Answer using only one word - anvil or candy and not anteater. Which is more similar in semantic meaning to anteater?,candy
anteater|anvil|cat,Answer using only one word - anvil or cat and not anteater. Which is more similar in semantic meaning to anteater?,cat
anteater|anvil|chisel,Answer using only one word - anvil or chisel and not anteater. Which is more similar in semantic meaning to anteater?,None
anteater|anvil|crowbar,Answer using only one word - anvil or crowbar and not anteater. Which is more similar in semantic meaning to anteater?,None
anteater|anvil|fig,Answer using only one word - anvil or fig and not anteater. Which is more similar in semantic meaning to anteater?,anteater
anteater|anvil|jeans,Answer using only one word - anvil or jeans and not anteater. Which is more similar in semantic meaning to anteater?,anteater
anteater|apple|banana,Answer using only one word - apple or banana and not anteater. Which is more similar in semantic meaning to anteater?,banana
anteater|apple|bed,Answer using only one word - apple or bed and not anteater. Which is more similar in semantic meaning to anteater?,None
anteater|apple|bird,Answer using only one word - apple or bird and not anteater. Which is more similar in semantic meaning to anteater?,bird
anteater|apple|boar,Answer using only one word - apple or boar and not anteater. Which is more similar in semantic meaning to anteater?,boar
anteater|apple|cactus,Answer using only one word - apple or cactus and not anteater. Which is more similar in semantic meaning to anteater?,cactus
anteater|apple|carrot,Answer using only one word - apple or carrot and not anteater. Which is more similar in semantic meaning to anteater?,None
anteater|apple|chili,Answer using only one word - apple or chili and not anteater. Which is more similar in semantic meaning to anteater?,chili
anteater|apple|coconut,Answer using only one word - apple or coconut and not anteater. Which is more similar in semantic meaning to anteater?,None
anteater|apple|eagle,Answer using only one word - apple or eagle and not anteater. Which is more similar in semantic meaning to anteater?,None
anteater|apple|fly,Answer using only one word - apple or fly and not anteater. Which is more similar in semantic meaning to anteater?,fly
anteater|artichoke|bagel,Answer using only one word - artichoke or bagel and not anteater. Which is more similar in semantic meaning to anteater?,None
anteater|artichoke|beaver,Answer using only one word - artichoke or beaver and not anteater. Which is more similar in semantic meaning to anteater?,beaver
anteater|artichoke|belt,Answer using only one word - artichoke or belt and not anteater. Which is more similar in semantic meaning to anteater?,anteater
anteater|artichoke|boa,Answer using only one word - artichoke or boa and not anteater. Which is more similar in semantic meaning to anteater?,boa
anteater|artichoke|burrito,Answer using only one word - artichoke or burrito and not anteater. Which is more similar in semantic meaning to anteater?,burrito
anteater|artichoke|car,Answer using only one word - artichoke or car and not anteater. Which is more similar in semantic meaning to anteater?,car
anteater|artichoke|celery,Answer using only one word - artichoke or celery and not anteater. Which is more similar in semantic meaning to anteater?,None
anteater|artichoke|coat,Answer using only one word - artichoke or coat and not anteater. Which is more similar in semantic meaning to anteater?,coat
anteater|artichoke|dress,Answer using only one word - artichoke or dress and not anteater. Which is more similar in semantic meaning to anteater?,dress
anteater|artichoke|flute,Answer using only one word - artichoke or flute and not anteater. Which is more similar in semantic meaning to anteater?,flute
anteater|artichoke|motorcycle,Answer using only one word - artichoke or motorcycle and not anteater. Which is more similar in semantic meaning to anteater?,anteater
anteater|bagel|beaver,Answer using only one word - bagel or beaver and not anteater. Which is more similar in semantic meaning to anteater?,beaver
anteater|bagel|belt,Answer using only one word - bagel or belt and not anteater. Which is more similar in semantic meaning to anteater?,anteater
anteater|bagel|boa,Answer using only one word - bagel or boa and not anteater. Which is more similar in semantic meaning to anteater?,boa
anteater|bagel|burrito,Answer using only one word - bagel or burrito and not anteater. Which is more similar in semantic meaning to anteater?,None
anteater|bagel|car,Answer using only one word - bagel or car and not anteater. Which is more similar in semantic meaning to anteater?,car
anteater|bagel|celery,Answer using only one word - bagel or celery and not anteater. Which is more similar in semantic meaning to anteater?,None
anteater|bagel|coat,Answer using only one word - bagel or coat and not anteater. Which is more similar in semantic meaning to anteater?,None
anteater|bagel|dress,Answer using only one word - bagel or dress and not anteater. Which is more similar in semantic meaning to anteater?,None
anteater|bagel|flute,Answer using only one word - bagel or flute and not anteater. Which is more similar in semantic meaning to anteater?,flute
anteater|bagel|motorcycle,Answer using only one word - bagel or motorcycle and not anteater. Which is more similar in semantic meaning to anteater?,anteater
anteater|banana|bed,Answer using only one word - banana or bed and not anteater. Which is more similar in semantic meaning to anteater?,bed
anteater|banana|bird,Answer using only one word - banana or bird and not anteater. Which is more similar in semantic meaning to anteater?,bird
anteater|banana|boar,Answer using only one word - banana or boar and not anteater. Which is more similar in semantic meaning to anteater?,boar
anteater|banana|cactus,Answer using only one word - banana or cactus and not anteater. Which is more similar in semantic meaning to anteater?,cactus
anteater|banana|carrot,Answer using only one word - banana or carrot and not anteater. Which is more similar in semantic meaning to anteater?,None
anteater|banana|chili,Answer using only one word - banana or chili and not anteater. Which is more similar in semantic meaning to anteater?,chili
anteater|banana|coconut,Answer using only one word - banana or coconut and not anteater. Which is more similar in semantic meaning to anteater?,coconut
anteater|banana|eagle,Answer using only one word - banana or eagle and not anteater. Which is more similar in semantic meaning to anteater?,eagle
anteater|banana|fly,Answer using only one word - banana or fly and not anteater. Which is more similar in semantic meaning to anteater?,fly
anteater|banjo|barrel,Answer using only one word - banjo or barrel and not anteater. Which is more similar in semantic meaning to anteater?,barrel
anteater|banjo|beetle,Answer using only one word - banjo or beetle and not anteater. Which is more similar in semantic meaning to anteater?,beetle
anteater|banjo|blowtorch,Answer using only one word - banjo or blowtorch and not anteater. Which is more similar in semantic meaning to anteater?,None
anteater|banjo|brussels sprouts,Answer using only one word - banjo or brussels sprouts and not anteater. Which is more similar in semantic meaning to anteater?,brussels sprouts
anteater|banjo|candy,Answer using only one word - banjo or candy and not anteater. Which is more similar in semantic meaning to anteater?,None
anteater|banjo|cat,Answer using only one word - banjo or cat and not anteater. Which is more similar in semantic meaning to anteater?,cat
anteater|banjo|chisel,Answer using only one word - banjo or chisel and not anteater. Which is more similar in semantic meaning to anteater?,None
anteater|banjo|crowbar,Answer using only one word - banjo or crowbar and not anteater. Which is more similar in semantic meaning to anteater?,None
anteater|banjo|fig,Answer using only one word - banjo or fig and not anteater. Which is more similar in semantic meaning to anteater?,None
anteater|banjo|jeans,Answer using only one word - banjo or jeans and not anteater. Which is more similar in semantic meaning to anteater?,None
anteater|barrel|bed,Answer using only one word - barrel or bed and not anteater. Which is more similar in semantic meaning to anteater?,None
anteater|barrel|bird,Answer using only one word - barrel or bird and not anteater. Which is more similar in semantic meaning to anteater?,bird
anteater|barrel|boar,Answer using only one word - barrel or boar and not anteater. Which is more similar in semantic meaning to anteater?,boar
anteater|barrel|cactus,Answer using only one word - barrel or cactus and not anteater. Which is more similar in semantic meaning to anteater?,cactus
anteater|barrel|carrot,Answer using only one word - barrel or carrot and not anteater. Which is more similar in semantic meaning to anteater?,carrot
anteater|barrel|chili,Answer using only one word - barrel or chili and not anteater. Which is more similar in semantic meaning to anteater?,chili
anteater|barrel|coconut,Answer using only one word - barrel or coconut and not anteater. Which is more similar in semantic meaning to anteater?,coconut
anteater|barrel|eagle,Answer using only one word - barrel or eagle and not anteater. Which is more similar in semantic meaning to anteater?,None
anteater|barrel|fly,Answer using only one word - barrel or fly and not anteater. Which is more similar in semantic meaning to anteater?,fly
anteater|bat|beaver,Answer using only one word - bat or beaver and not anteater. Which is more similar in semantic meaning to anteater?,None
anteater|bat|belt,Answer using only one word - bat or belt and not anteater. Which is more similar in semantic meaning to anteater?,bat
anteater|bat|boa,Answer using only one word - bat or boa and not anteater. Which is more similar in semantic meaning to anteater?,boa
anteater|bat|burrito,Answer using only one word - bat or burrito and not anteater. Which is more similar in semantic meaning to anteater?,bat
anteater|bat|car,Answer using only one word - bat or car and not anteater. Which is more similar in semantic meaning to anteater?,bat
anteater|bat|celery,Answer using only one word - bat or celery and not anteater. Which is more similar in semantic meaning to anteater?,bat
anteater|bat|coat,Answer using only one word - bat or coat and not anteater. Which is more similar in semantic meaning to anteater?,bat
anteater|bat|dress,Answer using only one word - bat or dress and not anteater. Which is more similar in semantic meaning to anteater?,bat
anteater|bat|flute,Answer using only one word - bat or flute and not anteater. Which is more similar in semantic meaning to anteater?,flute
anteater|bat|motorcycle,Answer using only one word - bat or motorcycle and not anteater. Which is more similar in semantic meaning to anteater?,bat
anteater|beaver|belt,Answer using only one word - beaver or belt and not anteater. Which is more similar in semantic meaning to anteater?,beaver
anteater|beaver|boa,Answer using only one word - beaver or boa and not anteater. Which is more similar in semantic meaning to anteater?,beaver
anteater|beaver|burrito,Answer using only one word - beaver or burrito and not anteater. Which is more similar in semantic meaning to anteater?,beaver
anteater|beaver|car,Answer using only one word - beaver or car and not anteater. Which is more similar in semantic meaning to anteater?,car
anteater|beaver|celery,Answer using only one word - beaver or celery and not anteater. Which is more similar in semantic meaning to anteater?,beaver
anteater|beaver|coat,Answer using only one word - beaver or coat and not anteater. Which is more similar in semantic meaning to anteater?,coat
anteater|beaver|dress,Answer using only one word - beaver or dress and not anteater. Which is more similar in semantic meaning to anteater?,beaver
anteater|beaver|flute,Answer using only one word - beaver or flute and not anteater. Which is more similar in semantic meaning to anteater?,anteater
anteater|beaver|motorcycle,Answer using only one word - beaver or motorcycle and not anteater. Which is more similar in semantic meaning to anteater?,anteater
anteater|bed|bird,Answer using only one word - bed or bird and not anteater. Which is more similar in semantic meaning to anteater?,bird
anteater|bed|boar,Answer using only one word - bed or boar and not anteater. Which is more similar in semantic meaning to anteater?,boar
anteater|bed|cactus,Answer using only one word - bed or cactus and not anteater. Which is more similar in semantic meaning to anteater?,cactus
anteater|bed|carrot,Answer using only one word - bed or carrot and not anteater. Which is more similar in semantic meaning to anteater?,carrot
anteater|bed|chili,Answer using only one word - bed or chili and not anteater. Which is more similar in semantic meaning to anteater?,chili
anteater|bed|coconut,Answer using only one word - bed or coconut and not anteater. Which is more similar in semantic meaning to anteater?,coconut
anteater|bed|eagle,Answer using only one word - bed or eagle and not anteater. Which is more similar in semantic meaning to anteater?,eagle
anteater|bed|fly,Answer using only one word - bed or fly and not anteater. Which is more similar in semantic meaning to anteater?,fly
anteater|beet|beetle,Answer using only one word - beet or beetle and not anteater. Which is more similar in semantic meaning to anteater?,beetle
anteater|beet|blowtorch,Answer using only one word - beet or blowtorch and not anteater. Which is more similar in semantic meaning to anteater?,None
anteater|beet|brussels sprouts,Answer using only one word - beet or brussels sprouts and not anteater. Which is more similar in semantic meaning to anteater?,None
anteater|beet|candy,Answer using only one word - beet or candy and not anteater. Which is more similar in semantic meaning to anteater?,None
anteater|beet|cat,Answer using only one word - beet or cat and not anteater. Which is more similar in semantic meaning to anteater?,cat
anteater|beet|chisel,Answer using only one word - beet or chisel and not anteater. Which is more similar in semantic meaning to anteater?,anteater
anteater|beet|crowbar,Answer using only one word - beet or crowbar and not anteater. Which is more similar in semantic meaning to anteater?,crowbar
anteater|beet|fig,Answer using only one word - beet or fig and not anteater. Which is more similar in semantic meaning to anteater?,None.
anteater|beet|jeans,Answer using only one word - beet or jeans and not anteater. Which is more similar in semantic meaning to anteater?,None
anteater|beetle|bird,Answer using only one word - beetle or bird and not anteater. Which is more similar in semantic meaning to anteater?,beetle
anteater|beetle|boar,Answer using only one word - beetle or boar and not anteater. Which is more similar in semantic meaning to anteater?,beetle
anteater|beetle|cactus,Answer using only one word - beetle or cactus and not anteater. Which is more similar in semantic meaning to anteater?,beetle
anteater|beetle|carrot,Answer using only one word - beetle or carrot and not anteater. Which is more similar in semantic meaning to anteater?,carrot
anteater|beetle|chili,Answer using only one word - beetle or chili and not anteater. Which is more similar in semantic meaning to anteater?,chili
anteater|beetle|coconut,Answer using only one word - beetle or coconut and not anteater. Which is more similar in semantic meaning to anteater?,beetle
anteater|beetle|eagle,Answer using only one word - beetle or eagle and not anteater. Which is more similar in semantic meaning to anteater?,beetle
anteater|beetle|fly,Answer using only one word - beetle or fly and not anteater. Which is more similar in semantic meaning to anteater?,fly
anteater|bell|belt,Answer using only one word - bell or belt and not anteater. Which is more similar in semantic meaning to anteater?,anteater
anteater|bell|boa,Answer using only one word - bell or boa and not anteater. Which is more similar in semantic meaning to anteater?,boa
anteater|bell|burrito,Answer using only one word - bell or burrito and not anteater. Which is more similar in semantic meaning to anteater?,burrito
anteater|bell|car,Answer using only one word - bell or car and not anteater. Which is more similar in semantic meaning to anteater?,car
anteater|bell|celery,Answer using only one word - bell or celery and not anteater. Which is more similar in semantic meaning to anteater?,anteater
anteater|bell|coat,Answer using only one word - bell or coat and not anteater. Which is more similar in semantic meaning to anteater?,coat
anteater|bell|dress,Answer using only one word - bell or dress and not anteater. Which is more similar in semantic meaning to anteater?,None
anteater|bell|flute,Answer using only one word - bell or flute and not anteater. Which is more similar in semantic meaning to anteater?,None
anteater|bell|motorcycle,Answer using only one word - bell or motorcycle and not anteater. Which is more similar in semantic meaning to anteater?,anteater
anteater|belt|boa,Answer using only one word - belt or boa and not anteater. Which is more similar in semantic meaning to anteater?,boa
anteater|belt|burrito,Answer using only one word - belt or burrito and not anteater. Which is more similar in semantic meaning to anteater?,burrito
anteater|belt|car,Answer using only one word - belt or car and not anteater. Which is more similar in semantic meaning to anteater?,car
anteater|belt|celery,Answer using only one word - belt or celery and not anteater. Which is more similar in semantic meaning to anteater?,None.
anteater|belt|coat,Answer using only one word - belt or coat and not anteater. Which is more similar in semantic meaning to anteater?,None.
anteater|belt|dress,Answer using only one word - belt or dress and not anteater. Which is more similar in semantic meaning to anteater?,None
anteater|belt|flute,Answer using only one word - belt or flute and not anteater. Which is more similar in semantic meaning to anteater?,flute
anteater|belt|motorcycle,Answer using only one word - belt or motorcycle and not anteater. Which is more similar in semantic meaning to anteater?,None
anteater|bird|boar,Answer using only one word - bird or boar and not anteater. Which is more similar in semantic meaning to anteater?,boar
anteater|bird|cactus,Answer using only one word - bird or cactus and not anteater. Which is more similar in semantic meaning to anteater?,cactus
anteater|bird|carrot,Answer using only one word - bird or carrot and not anteater. Which is more similar in semantic meaning to anteater?,carrot
anteater|bird|chili,Answer using only one word - bird or chili and not anteater. Which is more similar in semantic meaning to anteater?,chili
anteater|bird|coconut,Answer using only one word - bird or coconut and not anteater. Which is more similar in semantic meaning to anteater?,coconut
anteater|bird|eagle,Answer using only one word - bird or eagle and not anteater. Which is more similar in semantic meaning to anteater?,None
anteater|bird|fly,Answer using only one word - bird or fly and not anteater. Which is more similar in semantic meaning to anteater?,fly
anteater|blender|blowtorch,Answer using only one word - blender or blowtorch and not anteater. Which is more similar in semantic meaning to anteater?,blender
anteater|blender|brussels sprouts,Answer using only one word - blender or brussels sprouts and not anteater. Which is more similar in semantic meaning to anteater?,brussels sprouts
anteater|blender|candy,Answer using only one word - blender or candy and not anteater. Which is more similar in semantic meaning to anteater?,candy
anteater|blender|cat,Answer using only one word - blender or cat and not anteater. Which is more similar in semantic meaning to anteater?,cat
anteater|blender|chisel,Answer using only one word - blender or chisel and not anteater. Which is more similar in semantic meaning to anteater?,None
anteater|blender|crowbar,Answer using only one word - blender or crowbar and not anteater. Which is more similar in semantic meaning to anteater?,blender
anteater|blender|fig,Answer using only one word - blender or fig and not anteater. Which is more similar in semantic meaning to anteater?,None
anteater|blender|jeans,Answer using only one word - blender or jeans and not anteater. Which is more similar in semantic meaning to anteater?,anteater
anteater|blowtorch|boar,Answer using only one word - blowtorch or boar and not anteater. Which is more similar in semantic meaning to anteater?,boar
anteater|blowtorch|cactus,Answer using only one word - blowtorch or cactus and not anteater. Which is more similar in semantic meaning to anteater?,cactus
anteater|blowtorch|carrot,Answer using only one word - blowtorch or carrot and not anteater. Which is more similar in semantic meaning to anteater?,carrot
anteater|blowtorch|chili,Answer using only one word - blowtorch or chili and not anteater. Which is more similar in semantic meaning to anteater?,chili
anteater|blowtorch|coconut,Answer using only one word - blowtorch or coconut and not anteater. Which is more similar in semantic meaning to anteater?,coconut
anteater|blowtorch|eagle,Answer using only one word - blowtorch or eagle and not anteater. Which is more similar in semantic meaning to anteater?,eagle
anteater|blowtorch|fly,Answer using only one word - blowtorch or fly and not anteater. Which is more similar in semantic meaning to anteater?,fly
anteater|blueberry|boa,Answer using only one word - blueberry or boa and not anteater. Which is more similar in semantic meaning to anteater?,boa
anteater|blueberry|burrito,Answer using only one word - blueberry or burrito and not anteater. Which is more similar in semantic meaning to anteater?,burrito
anteater|blueberry|car,Answer using only one word - blueberry or car and not anteater. Which is more similar in semantic meaning to anteater?,car
anteater|blueberry|celery,Answer using only one word - blueberry or celery and not anteater. Which is more similar in semantic meaning to anteater?,None
anteater|blueberry|coat,Answer using only one word - blueberry or coat and not anteater. Which is more similar in semantic meaning to anteater?,coat
anteater|blueberry|dress,Answer using only one word - blueberry or dress and not anteater. Which is more similar in semantic meaning to anteater?,dress
anteater|blueberry|flute,Answer using only one word - blueberry or flute and not anteater. Which is more similar in semantic meaning to anteater?,flute
anteater|blueberry|motorcycle,Answer using only one word - blueberry or motorcycle and not anteater. Which is more similar in semantic meaning to anteater?,motorcycle
anteater|boa|burrito,Answer using only one word - boa or burrito and not anteater. Which is more similar in semantic meaning to anteater?,boa
anteater|boa|car,Answer using only one word - boa or car and not anteater. Which is more similar in semantic meaning to anteater?,boa
anteater|boa|celery,Answer using only one word - boa or celery and not anteater. Which is more similar in semantic meaning to anteater?,boa
anteater|boa|coat,Answer using only one word - boa or coat and not anteater. Which is more similar in semantic meaning to anteater?,boa
anteater|boa|dress,Answer using only one word - boa or dress and not anteater. Which is more similar in semantic meaning to anteater?,boa
anteater|boa|flute,Answer using only one word - boa or flute and not anteater. Which is more similar in semantic meaning to anteater?,flute
anteater|boa|motorcycle,Answer using only one word - boa or motorcycle and not anteater. Which is more similar in semantic meaning to anteater?,boa
anteater|boar|cactus,Answer using only one word - boar or cactus and not anteater. Which is more similar in semantic meaning to anteater?,cactus
anteater|boar|carrot,Answer using only one word - boar or carrot and not anteater. Which is more similar in semantic meaning to anteater?,carrot
anteater|boar|chili,Answer using only one word - boar or chili and not anteater. Which is more similar in semantic meaning to anteater?,chili
anteater|boar|coconut,Answer using only one word - boar or coconut and not anteater. Which is more similar in semantic meaning to anteater?,boar
anteater|boar|eagle,Answer using only one word - boar or eagle and not anteater. Which is more similar in semantic meaning to anteater?,None
anteater|boar|fly,Answer using only one word - boar or fly and not anteater. Which is more similar in semantic meaning to anteater?,fly
anteater|bread|brussels sprouts,Answer using only one word - bread or brussels sprouts and not anteater. Which is more similar in semantic meaning to anteater?,brussels sprouts
anteater|bread|candy,Answer using only one word - bread or candy and not anteater. Which is more similar in semantic meaning to anteater?,None
anteater|bread|cat,Answer using only one word - bread or cat and not anteater. Which is more similar in semantic meaning to anteater?,cat
anteater|bread|chisel,Answer using only one word - bread or chisel and not anteater. Which is more similar in semantic meaning to anteater?,None
anteater|bread|crowbar,Answer using only one word - bread or crowbar and not anteater. Which is more similar in semantic meaning to anteater?,crowbar
anteater|bread|fig,Answer using only one word - bread or fig and not anteater. Which is more similar in semantic meaning to anteater?,None
anteater|bread|jeans,Answer using only one word - bread or jeans and not anteater. Which is more similar in semantic meaning to anteater?,None.
anteater|brussels sprouts|cactus,Answer using only one word - brussels sprouts or cactus and not anteater. Which is more similar in semantic meaning to anteater?,cactus
anteater|brussels sprouts|carrot,Answer using only one word - brussels sprouts or carrot and not anteater. Which is more similar in semantic meaning to anteater?,carrot
anteater|brussels sprouts|chili,Answer using only one word - brussels sprouts or chili and not anteater. Which is more similar in semantic meaning to anteater?,None
anteater|brussels sprouts|coconut,Answer using only one word - brussels sprouts or coconut and not anteater. Which is more similar in semantic meaning to anteater?,None
anteater|brussels sprouts|eagle,Answer using only one word - brussels sprouts or eagle and not anteater. Which is more similar in semantic meaning to anteater?,anteater
anteater|brussels sprouts|fly,Answer using only one word - brussels sprouts or fly and not anteater. Which is more similar in semantic meaning to anteater?,fly
anteater|bucket|burrito,Answer using only one word - bucket or burrito and not anteater. Which is more similar in semantic meaning to anteater?,burrito
anteater|bucket|car,Answer using only one word - bucket or car and not anteater. Which is more similar in semantic meaning to anteater?,car
anteater|bucket|celery,Answer using only one word - bucket or celery and not anteater. Which is more similar in semantic meaning to anteater?,None.
anteater|bucket|coat,Answer using only one word - bucket or coat and not anteater. Which is more similar in semantic meaning to anteater?,coat
anteater|bucket|dress,Answer using only one word - bucket or dress and not anteater. Which is more similar in semantic meaning to anteater?,None
anteater|bucket|flute,Answer using only one word - bucket or flute and not anteater. Which is more similar in semantic meaning to anteater?,flute
anteater|bucket|motorcycle,Answer using only one word - bucket or motorcycle and not anteater. Which is more similar in semantic meaning to anteater?,anteater
anteater|burrito|car,Answer using only one word - burrito or car and not anteater. Which is more similar in semantic meaning to anteater?,car
anteater|burrito|celery,Answer using only one word - burrito or celery and not anteater. Which is more similar in semantic meaning to anteater?,None
anteater|burrito|coat,Answer using only one word - burrito or coat and not anteater. Which is more similar in semantic meaning to anteater?,coat
anteater|burrito|dress,Answer using only one word - burrito or dress and not anteater. Which is more similar in semantic meaning to anteater?,None
anteater|burrito|flute,Answer using only one word - burrito or flute and not anteater. Which is more similar in semantic meaning to anteater?,flute
anteater|burrito|motorcycle,Answer using only one word - burrito or motorcycle and not anteater. Which is more similar in semantic meaning to anteater?,anteater
anteater|cactus|carrot,Answer using only one word - cactus or carrot and not anteater. Which is more similar in semantic meaning to anteater?,cactus
anteater|cactus|chili,Answer using only one word - cactus or chili and not anteater. Which is more similar in semantic meaning to anteater?,chili
anteater|cactus|coconut,Answer using only one word - cactus or coconut and not anteater. Which is more similar in semantic meaning to anteater?,cactus
anteater|cactus|eagle,Answer using only one word - cactus or eagle and not anteater. Which is more similar in semantic meaning to anteater?,cactus
anteater|cactus|fly,Answer using only one word - cactus or fly and not anteater. Which is more similar in semantic meaning to anteater?,fly
anteater|candle|candy,Answer using only one word - candle or candy and not anteater. Which is more similar in semantic meaning to anteater?,None
anteater|candle|cat,Answer using only one word - candle or cat and not anteater. Which is more similar in semantic meaning to anteater?,cat
anteater|candle|chisel,Answer using only one word - candle or chisel and not anteater. Which is more similar in semantic meaning to anteater?,chisel
anteater|candle|crowbar,Answer using only one word - candle or crowbar and not anteater. Which is more similar in semantic meaning to anteater?,candle
anteater|candle|fig,Answer using only one word - candle or fig and not anteater. Which is more similar in semantic meaning to anteater?,fig
anteater|candle|jeans,Answer using only one word - candle or jeans and not anteater. Which is more similar in semantic meaning to anteater?,None
anteater|candy|carrot,Answer using only one word - candy or carrot and not anteater. Which is more similar in semantic meaning to anteater?,carrot
anteater|candy|chili,Answer using only one word - candy or chili and not anteater. Which is more similar in semantic meaning to anteater?,chili
anteater|candy|coconut,Answer using only one word - candy or coconut and not anteater. Which is more similar in semantic meaning to anteater?,None
anteater|candy|eagle,Answer using only one word - candy or eagle and not anteater. Which is more similar in semantic meaning to anteater?,eagle
anteater|candy|fly,Answer using only one word - candy or fly and not anteater. Which is more similar in semantic meaning to anteater?,fly
anteater|cannon|car,Answer using only one word - cannon or car and not anteater. Which is more similar in semantic meaning to anteater?,car
anteater|cannon|celery,Answer using only one word - cannon or celery and not anteater. Which is more similar in semantic meaning to anteater?,None
anteater|cannon|coat,Answer using only one word - cannon or coat and not anteater. Which is more similar in semantic meaning to anteater?,None
anteater|cannon|dress,Answer using only one word - cannon or dress and not anteater. Which is more similar in semantic meaning to anteater?,anteater
anteater|cannon|flute,Answer using only one word - cannon or flute and not anteater. Which is more similar in semantic meaning to anteater?,anteater
anteater|cannon|motorcycle,Answer using only one word - cannon or motorcycle and not anteater. Which is more similar in semantic meaning to anteater?,anteater
anteater|car|celery,Answer using only one word - car or celery and not anteater. Which is more similar in semantic meaning to anteater?,car
anteater|car|coat,Answer using only one word - car or coat and not anteater. Which is more similar in semantic meaning to anteater?,None.
anteater|car|dress,Answer using only one word - car or dress and not anteater. Which is more similar in semantic meaning to anteater?,None.
anteater|car|flute,Answer using only one word - car or flute and not anteater. Which is more similar in semantic meaning to anteater?,flute
anteater|car|motorcycle,Answer using only one word - car or motorcycle and not anteater. Which is more similar in semantic meaning to anteater?,None
anteater|carrot|chili,Answer using only one word - carrot or chili and not anteater. Which is more similar in semantic meaning to anteater?,chili
anteater|carrot|coconut,Answer using only one word - carrot or coconut and not anteater. Which is more similar in semantic meaning to anteater?,None
anteater|carrot|eagle,Answer using only one word - carrot or eagle and not anteater. Which is more similar in semantic meaning to anteater?,None
anteater|carrot|fly,Answer using only one word - carrot or fly and not anteater. Which is more similar in semantic meaning to anteater?,fly
anteater|cart|cat,Answer using only one word - cart or cat and not anteater. Which is more similar in semantic meaning to anteater?,cat
anteater|cart|chisel,Answer using only one word - cart or chisel and not anteater. Which is more similar in semantic meaning to anteater?,None
anteater|cart|crowbar,Answer using only one word - cart or crowbar and not anteater. Which is more similar in semantic meaning to anteater?,None
anteater|cart|fig,Answer using only one word - cart or fig and not anteater. Which is more similar in semantic meaning to anteater?,fig
anteater|cart|jeans,Answer using only one word - cart or jeans and not anteater. Which is more similar in semantic meaning to anteater?,None
anteater|cat|chili,Answer using only one word - cat or chili and not anteater. Which is more similar in semantic meaning to anteater?,chili
anteater|cat|coconut,Answer using only one word - cat or coconut and not anteater. Which is more similar in semantic meaning to anteater?,cat
anteater|cat|eagle,Answer using only one word - cat or eagle and not anteater. Which is more similar in semantic meaning to anteater?,None
anteater|cat|fly,Answer using only one word - cat or fly and not anteater. Which is more similar in semantic meaning to anteater?,fly
anteater|caterpillar|celery,Answer using only one word - caterpillar or celery and not anteater. Which is more similar in semantic meaning to anteater?,caterpillar
anteater|caterpillar|coat,Answer using only one word - caterpillar or coat and not anteater. Which is more similar in semantic meaning to anteater?,coat
anteater|caterpillar|dress,Answer using only one word - caterpillar or dress and not anteater. Which is more similar in semantic meaning to anteater?,caterpillar
anteater|caterpillar|flute,Answer using only one word - caterpillar or flute and not anteater. Which is more similar in semantic meaning to anteater?,flute
anteater|caterpillar|motorcycle,Answer using only one word - caterpillar or motorcycle and not anteater. Which is more similar in semantic meaning to anteater?,caterpillar
anteater|celery|coat,Answer using only one word - celery or coat and not anteater. Which is more similar in semantic meaning to anteater?,None
anteater|celery|dress,Answer using only one word - celery or dress and not anteater. Which is more similar in semantic meaning to anteater?,None
anteater|celery|flute,Answer using only one word - celery or flute and not anteater. Which is more similar in semantic meaning to anteater?,anteater
anteater|celery|motorcycle,Answer using only one word - celery or motorcycle and not anteater. Which is more similar in semantic meaning to anteater?,anteater
anteater|chili|coconut,Answer using only one word - chili or coconut and not anteater. Which is more similar in semantic meaning to anteater?,None
anteater|chili|eagle,Answer using only one word - chili or eagle and not anteater. Which is more similar in semantic meaning to anteater?,None
anteater|chili|fly,Answer using only one word - chili or fly and not anteater. Which is more similar in semantic meaning to anteater?,fly
anteater|chinchilla|chisel,Answer using only one word - chinchilla or chisel and not anteater. Which is more similar in semantic meaning to anteater?,chinchilla
anteater|chinchilla|crowbar,Answer using only one word - chinchilla or crowbar and not anteater. Which is more similar in semantic meaning to anteater?,chinchilla
anteater|chinchilla|fig,Answer using only one word - chinchilla or fig and not anteater. Which is more similar in semantic meaning to anteater?,chinchilla
anteater|chinchilla|jeans,Answer using only one word - chinchilla or jeans and not anteater. Which is more similar in semantic meaning to anteater?,None
anteater|chisel|coconut,Answer using only one word - chisel or coconut and not anteater. Which is more similar in semantic meaning to anteater?,coconut
anteater|chisel|eagle,Answer using only one word - chisel or eagle and not anteater. Which is more similar in semantic meaning to anteater?,None
anteater|chisel|fly,Answer using only one word - chisel or fly and not anteater. Which is more similar in semantic meaning to anteater?,fly
anteater|clarinet|coat,Answer using only one word - clarinet or coat and not anteater. Which is more similar in semantic meaning to anteater?,coat
anteater|clarinet|dress,Answer using only one word - clarinet or dress and not anteater. Which is more similar in semantic meaning to anteater?,dress
anteater|clarinet|flute,Answer using only one word - clarinet or flute and not anteater. Which is more similar in semantic meaning to anteater?,None
anteater|clarinet|motorcycle,Answer using only one word - clarinet or motorcycle and not anteater. Which is more similar in semantic meaning to anteater?,motorcycle
anteater|coat|dress,Answer using only one word - coat or dress and not anteater. Which is more similar in semantic meaning to anteater?,None
anteater|coat|flute,Answer using only one word - coat or flute and not anteater. Which is more similar in semantic meaning to anteater?,flute
anteater|coat|motorcycle,Answer using only one word - coat or motorcycle and not anteater. Which is more similar in semantic meaning to anteater?,None.
anteater|coconut|eagle,Answer using only one word - coconut or eagle and not anteater. Which is more similar in semantic meaning to anteater?,eagle
anteater|coconut|fly,Answer using only one word - coconut or fly and not anteater. Which is more similar in semantic meaning to anteater?,fly
anteater|crow|crowbar,Answer using only one word - crow or crowbar and not anteater. Which is more similar in semantic meaning to anteater?,None
anteater|crow|fig,Answer using only one word - crow or fig and not anteater. Which is more similar in semantic meaning to anteater?,None
anteater|crow|jeans,Answer using only one word - crow or jeans and not anteater. Which is more similar in semantic meaning to anteater?,anteater
anteater|crowbar|eagle,Answer using only one word - crowbar or eagle and not anteater. Which is more similar in semantic meaning to anteater?,eagle
anteater|crowbar|fly,Answer using only one word - crowbar or fly and not anteater. Which is more similar in semantic meaning to anteater?,fly
anteater|dragonfly|dress,Answer using only one word - dragonfly or dress and not anteater. Which is more similar in semantic meaning to anteater?,dress
anteater|dragonfly|flute,Answer using only one word - dragonfly or flute and not anteater. Which is more similar in semantic meaning to anteater?,flute
anteater|dragonfly|motorcycle,Answer using only one word - dragonfly or motorcycle and not anteater. Which is more similar in semantic meaning to anteater?,motorcycle
anteater|dress|flute,Answer using only one word - dress or flute and not anteater. Which is more similar in semantic meaning to anteater?,flute
anteater|dress|motorcycle,Answer using only one word - dress or motorcycle and not anteater. Which is more similar in semantic meaning to anteater?,motorcycle
anteater|eagle|fly,Answer using only one word - eagle or fly and not anteater. Which is more similar in semantic meaning to anteater?,fly
anteater|eggbeater|fig,Answer using only one word - eggbeater or fig and not anteater. Which is more similar in semantic meaning to anteater?,None
anteater|eggbeater|jeans,Answer using only one word - eggbeater or jeans and not anteater. Which is more similar in semantic meaning to anteater?,None
anteater|fig|fly,Answer using only one word - fig or fly and not anteater. Which is more similar in semantic meaning to anteater?,fly
anteater|file|flute,Answer using only one word - file or flute and not anteater. Which is more similar in semantic meaning to anteater?,None
anteater|file|motorcycle,Answer using only one word - file or motorcycle and not anteater. Which is more similar in semantic meaning to anteater?,motorcycle
anteater|flute|motorcycle,Answer using only one word - flute or motorcycle and not anteater. Which is more similar in semantic meaning to anteater?,anteater
anteater|grenade|jeans,Answer using only one word - grenade or jeans and not anteater. Which is more similar in semantic meaning to anteater?,anteater
anteater|missile|motorcycle,Answer using only one word - missile or motorcycle and not anteater. Which is more similar in semantic meaning to anteater?,anteater
anvil|apple|barrel,Answer using only one word - apple or barrel and not anvil. Which is more similar in semantic meaning to anvil?,barrel
anvil|apple|beetle,Answer using only one word - apple or beetle and not anvil. Which is more similar in semantic meaning to anvil?,beetle
anvil|apple|blowtorch,Answer using only one word - apple or blowtorch and not anvil. Which is more similar in semantic meaning to anvil?,blowtorch
anvil|apple|brussels sprouts,Answer using only one word - apple or brussels sprouts and not anvil. Which is more similar in semantic meaning to anvil?,brussels sprouts
anvil|apple|candy,Answer using only one word - apple or candy and not anvil. Which is more similar in semantic meaning to anvil?,anvil
anvil|apple|cat,Answer using only one word - apple or cat and not anvil. Which is more similar in semantic meaning to anvil?,cat
anvil|apple|chisel,Answer using only one word - apple or chisel and not anvil. Which is more similar in semantic meaning to anvil?,chisel
anvil|apple|crowbar,Answer using only one word - apple or crowbar and not anvil. Which is more similar in semantic meaning to anvil?,crowbar
anvil|apple|fig,Answer using only one word - apple or fig and not anvil. Which is more similar in semantic meaning to anvil?,anvil
anvil|apple|jeans,Answer using only one word - apple or jeans and not anvil. Which is more similar in semantic meaning to anvil?,anvil
anvil|artichoke|banjo,Answer using only one word - artichoke or banjo and not anvil. Which is more similar in semantic meaning to anvil?,anvil
anvil|artichoke|beet,Answer using only one word - artichoke or beet and not anvil. Which is more similar in semantic meaning to anvil?,beet
anvil|artichoke|blender,Answer using only one word - artichoke or blender and not anvil. Which is more similar in semantic meaning to anvil?,anvil
anvil|artichoke|bread,Answer using only one word - artichoke or bread and not anvil. Which is more similar in semantic meaning to anvil?,anvil
anvil|artichoke|candle,Answer using only one word - artichoke or candle and not anvil. Which is more similar in semantic meaning to anvil?,candle
anvil|artichoke|cart,Answer using only one word - artichoke or cart and not anvil. Which is more similar in semantic meaning to anvil?,anvil
anvil|artichoke|chinchilla,Answer using only one word - artichoke or chinchilla and not anvil. Which is more similar in semantic meaning to anvil?,anvil
anvil|artichoke|crow,Answer using only one word - artichoke or crow and not anvil. Which is more similar in semantic meaning to anvil?,anvil
anvil|artichoke|eggbeater,Answer using only one word - artichoke or eggbeater and not anvil. Which is more similar in semantic meaning to anvil?,anvil
anvil|artichoke|grenade,Answer using only one word - artichoke or grenade and not anvil. Which is more similar in semantic meaning to anvil?,grenade
anvil|bagel|banjo,Answer using only one word - bagel or banjo and not anvil. Which is more similar in semantic meaning to anvil?,anvil
anvil|bagel|beet,Answer using only one word - bagel or beet and not anvil. Which is more similar in semantic meaning to anvil?,beet
anvil|bagel|blender,Answer using only one word - bagel or blender and not anvil. Which is more similar in semantic meaning to anvil?,anvil
anvil|bagel|bread,Answer using only one word - bagel or bread and not anvil. Which is more similar in semantic meaning to anvil?,bread
anvil|bagel|candle,Answer using only one word - bagel or candle and not anvil. Which is more similar in semantic meaning to anvil?,anvil
anvil|bagel|cart,Answer using only one word - bagel or cart and not anvil. Which is more similar in semantic meaning to anvil?,cart
anvil|bagel|chinchilla,Answer using only one word - bagel or chinchilla and not anvil. Which is more similar in semantic meaning to anvil?,chinchilla
anvil|bagel|crow,Answer using only one word - bagel or crow and not anvil. Which is more similar in semantic meaning to anvil?,anvil
anvil|bagel|eggbeater,Answer using only one word - bagel or eggbeater and not anvil. Which is more similar in semantic meaning to anvil?,eggbeater
anvil|bagel|grenade,Answer using only one word - bagel or grenade and not anvil. Which is more similar in semantic meaning to anvil?,grenade
anvil|banana|barrel,Answer using only one word - banana or barrel and not anvil. Which is more similar in semantic meaning to anvil?,barrel
anvil|banana|beetle,Answer using only one word - banana or beetle and not anvil. Which is more similar in semantic meaning to anvil?,anvil
anvil|banana|blowtorch,Answer using only one word - banana or blowtorch and not anvil. Which is more similar in semantic meaning to anvil?,anvil
anvil|banana|brussels sprouts,Answer using only one word - banana or brussels sprouts and not anvil. Which is more similar in semantic meaning to anvil?,brussels sprouts
anvil|banana|candy,Answer using only one word - banana or candy and not anvil. Which is more similar in semantic meaning to anvil?,anvil
anvil|banana|cat,Answer using only one word - banana or cat and not anvil. Which is more similar in semantic meaning to anvil?,anvil
anvil|banana|chisel,Answer using only one word - banana or chisel and not anvil. Which is more similar in semantic meaning to anvil?,chisel
anvil|banana|crowbar,Answer using only one word - banana or crowbar and not anvil. Which is more similar in semantic meaning to anvil?,crowbar
anvil|banana|fig,Answer using only one word - banana or fig and not anvil. Which is more similar in semantic meaning to anvil?,anvil
anvil|banana|jeans,Answer using only one word - banana or jeans and not anvil. Which is more similar in semantic meaning to anvil?,anvil
anvil|banjo|beaver,Answer using only one word - banjo or beaver and not anvil. Which is more similar in semantic meaning to anvil?,anvil
anvil|banjo|belt,Answer using only one word - banjo or belt and not anvil. Which is more similar in semantic meaning to anvil?,anvil
anvil|banjo|boa,Answer using only one word - banjo or boa and not anvil. Which is more similar in semantic meaning to anvil?,anvil
anvil|banjo|burrito,Answer using only one word - banjo or burrito and not anvil. Which is more similar in semantic meaning to anvil?,burrito
anvil|banjo|car,Answer using only one word - banjo or car and not anvil. Which is more similar in semantic meaning to anvil?,anvil
anvil|banjo|celery,Answer using only one word - banjo or celery and not anvil. Which is more similar in semantic meaning to anvil?,anvil
anvil|banjo|coat,Answer using only one word - banjo or coat and not anvil. Which is more similar in semantic meaning to anvil?,anvil
anvil|banjo|dress,Answer using only one word - banjo or dress and not anvil. Which is more similar in semantic meaning to anvil?,anvil
anvil|banjo|flute,Answer using only one word - banjo or flute and not anvil. Which is more similar in semantic meaning to anvil?,anvil
anvil|banjo|motorcycle,Answer using only one word - banjo or motorcycle and not anvil. Which is more similar in semantic meaning to anvil?,anvil
anvil|barrel|beetle,Answer using only one word - barrel or beetle and not anvil. Which is more similar in semantic meaning to anvil?,barrel
anvil|barrel|blowtorch,Answer using only one word - barrel or blowtorch and not anvil. Which is more similar in semantic meaning to anvil?,barrel
anvil|barrel|brussels sprouts,Answer using only one word - barrel or brussels sprouts and not anvil. Which is more similar in semantic meaning to anvil?,barrel
anvil|barrel|candy,Answer using only one word - barrel or candy and not anvil. Which is more similar in semantic meaning to anvil?,anvil
anvil|barrel|cat,Answer using only one word - barrel or cat and not anvil. Which is more similar in semantic meaning to anvil?,anvil
anvil|barrel|chisel,Answer using only one word - barrel or chisel and not anvil. Which is more similar in semantic meaning to anvil?,barrel
anvil|barrel|crowbar,Answer using only one word - barrel or crowbar and not anvil. Which is more similar in semantic meaning to anvil?,barrel
anvil|barrel|fig,Answer using only one word - barrel or fig and not anvil. Which is more similar in semantic meaning to anvil?,anvil
anvil|barrel|jeans,Answer using only one word - barrel or jeans and not anvil. Which is more similar in semantic meaning to anvil?,barrel
anvil|bat|beet,Answer using only one word - bat or beet and not anvil. Which is more similar in semantic meaning to anvil?,bat
anvil|bat|blender,Answer using only one word - bat or blender and not anvil. Which is more similar in semantic meaning to anvil?,anvil
anvil|bat|bread,Answer using only one word - bat or bread and not anvil. Which is more similar in semantic meaning to anvil?,anvil
anvil|bat|candle,Answer using only one word - bat or candle and not anvil. Which is more similar in semantic meaning to anvil?,bat
anvil|bat|cart,Answer using only one word - bat or cart and not anvil. Which is more similar in semantic meaning to anvil?,cart
anvil|bat|chinchilla,Answer using only one word - bat or chinchilla and not anvil. Which is more similar in semantic meaning to anvil?,anvil
anvil|bat|crow,Answer using only one word - bat or crow and not anvil. Which is more similar in semantic meaning to anvil?,anvil
anvil|bat|eggbeater,Answer using only one word - bat or eggbeater and not anvil. Which is more similar in semantic meaning to anvil?,anvil
anvil|bat|grenade,Answer using only one word - bat or grenade and not anvil. Which is more similar in semantic meaning to anvil?,anvil
anvil|beaver|beet,Answer using only one word - beaver or beet and not anvil. Which is more similar in semantic meaning to anvil?,beaver
anvil|beaver|blender,Answer using only one word - beaver or blender and not anvil. Which is more similar in semantic meaning to anvil?,anvil
anvil|beaver|bread,Answer using only one word - beaver or bread and not anvil. Which is more similar in semantic meaning to anvil?,anvil
anvil|beaver|candle,Answer using only one word - beaver or candle and not anvil. Which is more similar in semantic meaning to anvil?,beaver
anvil|beaver|cart,Answer using only one word - beaver or cart and not anvil. Which is more similar in semantic meaning to anvil?,anvil
anvil|beaver|chinchilla,Answer using only one word - beaver or chinchilla and not anvil. Which is more similar in semantic meaning to anvil?,beaver
anvil|beaver|crow,Answer using only one word - beaver or crow and not anvil. Which is more similar in semantic meaning to anvil?,anvil
anvil|beaver|eggbeater,Answer using only one word - beaver or eggbeater and not anvil. Which is more similar in semantic meaning to anvil?,anvil
anvil|beaver|grenade,Answer using only one word - beaver or grenade and not anvil. Which is more similar in semantic meaning to anvil?,anvil
anvil|bed|beetle,Answer using only one word - bed or beetle and not anvil. Which is more similar in semantic meaning to anvil?,beetle
anvil|bed|blowtorch,Answer using only one word - bed or blowtorch and not anvil. Which is more similar in semantic meaning to anvil?,anvil
anvil|bed|brussels sprouts,Answer using only one word - bed or brussels sprouts and not anvil. Which is more similar in semantic meaning to anvil?,anvil
anvil|bed|candy,Answer using only one word - bed or candy and not anvil. Which is more similar in semantic meaning to anvil?,anvil
anvil|bed|cat,Answer using only one word - bed or cat and not anvil. Which is more similar in semantic meaning to anvil?,anvil
anvil|bed|chisel,Answer using only one word - bed or chisel and not anvil. Which is more similar in semantic meaning to anvil?,chisel
anvil|bed|crowbar,Answer using only one word - bed or crowbar and not anvil. Which is more similar in semantic meaning to anvil?,crowbar
anvil|bed|fig,Answer using only one word - bed or fig and not anvil. Which is more similar in semantic meaning to anvil?,fig
anvil|bed|jeans,Answer using only one word - bed or jeans and not anvil. Which is more similar in semantic meaning to anvil?,anvil
anvil|beet|belt,Answer using only one word - beet or belt and not anvil. Which is more similar in semantic meaning to anvil?,anvil
anvil|beet|boa,Answer using only one word - beet or boa and not anvil. Which is more similar in semantic meaning to anvil?,anvil
anvil|beet|burrito,Answer using only one word - beet or burrito and not anvil. Which is more similar in semantic meaning to anvil?,anvil
anvil|beet|car,Answer using only one word - beet or car and not anvil. Which is more similar in semantic meaning to anvil?,anvil
anvil|beet|celery,Answer using only one word - beet or celery and not anvil. Which is more similar in semantic meaning to anvil?,anvil
anvil|beet|coat,Answer using only one word - beet or coat and not anvil. Which is more similar in semantic meaning to anvil?,anvil
anvil|beet|dress,Answer using only one word - beet or dress and not anvil. Which is more similar in semantic meaning to anvil?,anvil
anvil|beet|flute,Answer using only one word - beet or flute and not anvil. Which is more similar in semantic meaning to anvil?,anvil
anvil|beet|motorcycle,Answer using only one word - beet or motorcycle and not anvil. Which is more similar in semantic meaning to anvil?,anvil
anvil|beetle|blowtorch,Answer using only one word - beetle or blowtorch and not anvil. Which is more similar in semantic meaning to anvil?,anvil
anvil|beetle|brussels sprouts,Answer using only one word - beetle or brussels sprouts and not anvil. Which is more similar in semantic meaning to anvil?,brussels sprouts
anvil|beetle|candy,Answer using only one word - beetle or candy and not anvil. Which is more similar in semantic meaning to anvil?,anvil
anvil|beetle|cat,Answer using only one word - beetle or cat and not anvil. Which is more similar in semantic meaning to anvil?,anvil
anvil|beetle|chisel,Answer using only one word - beetle or chisel and not anvil. Which is more similar in semantic meaning to anvil?,chisel
anvil|beetle|crowbar,Answer using only one word - beetle or crowbar and not anvil. Which is more similar in semantic meaning to anvil?,crowbar
anvil|beetle|fig,Answer using only one word - beetle or fig and not anvil. Which is more similar in semantic meaning to anvil?,anvil
anvil|beetle|jeans,Answer using only one word - beetle or jeans and not anvil. Which is more similar in semantic meaning to anvil?,anvil
anvil|bell|blender,Answer using only one word - bell or blender and not anvil. Which is more similar in semantic meaning to anvil?,anvil
anvil|bell|bread,Answer using only one word - bell or bread and not anvil. Which is more similar in semantic meaning to anvil?,anvil
anvil|bell|candle,Answer using only one word - bell or candle and not anvil. Which is more similar in semantic meaning to anvil?,candle
anvil|bell|cart,Answer using only one word - bell or cart and not anvil. Which is more similar in semantic meaning to anvil?,anvil
anvil|bell|chinchilla,Answer using only one word - bell or chinchilla and not anvil. Which is more similar in semantic meaning to anvil?,anvil
anvil|bell|crow,Answer using only one word - bell or crow and not anvil. Which is more similar in semantic meaning to anvil?,anvil
anvil|bell|eggbeater,Answer using only one word - bell or eggbeater and not anvil. Which is more similar in semantic meaning to anvil?,anvil
anvil|bell|grenade,Answer using only one word - bell or grenade and not anvil. Which is more similar in semantic meaning to anvil?,anvil
anvil|belt|blender,Answer using only one word - belt or blender and not anvil. Which is more similar in semantic meaning to anvil?,anvil
anvil|belt|bread,Answer using only one word - belt or bread and not anvil. Which is more similar in semantic meaning to anvil?,anvil
anvil|belt|candle,Answer using only one word - belt or candle and not anvil. Which is more similar in semantic meaning to anvil?,anvil
anvil|belt|cart,Answer using only one word - belt or cart and not anvil. Which is more similar in semantic meaning to anvil?,cart
anvil|belt|chinchilla,Answer using only one word - belt or chinchilla and not anvil. Which is more similar in semantic meaning to anvil?,anvil
anvil|belt|crow,Answer using only one word - belt or crow and not anvil. Which is more similar in semantic meaning to anvil?,anvil
anvil|belt|eggbeater,Answer using only one word - belt or eggbeater and not anvil. Which is more similar in semantic meaning to anvil?,anvil
anvil|belt|grenade,Answer using only one word - belt or grenade and not anvil. Which is more similar in semantic meaning to anvil?,anvil
anvil|bird|blowtorch,Answer using only one word - bird or blowtorch and not anvil. Which is more similar in semantic meaning to anvil?,anvil
anvil|bird|brussels sprouts,Answer using only one word - bird or brussels sprouts and not anvil. Which is more similar in semantic meaning to anvil?,brussels sprouts
anvil|bird|candy,Answer using only one word - bird or candy and not anvil. Which is more similar in semantic meaning to anvil?,candy
anvil|bird|cat,Answer using only one word - bird or cat and not anvil. Which is more similar in semantic meaning to anvil?,cat
anvil|bird|chisel,Answer using only one word - bird or chisel and not anvil. Which is more similar in semantic meaning to anvil?,chisel
anvil|bird|crowbar,Answer using only one word - bird or crowbar and not anvil. Which is more similar in semantic meaning to anvil?,crowbar
anvil|bird|fig,Answer using only one word - bird or fig and not anvil. Which is more similar in semantic meaning to anvil?,anvil
anvil|bird|jeans,Answer using only one word - bird or jeans and not anvil. Which is more similar in semantic meaning to anvil?,anvil
anvil|blender|boa,Answer using only one word - blender or boa and not anvil. Which is more similar in semantic meaning to anvil?,anvil
anvil|blender|burrito,Answer using only one word - blender or burrito and not anvil. Which is more similar in semantic meaning to anvil?,anvil
anvil|blender|car,Answer using only one word - blender or car and not anvil. Which is more similar in semantic meaning to anvil?,anvil
anvil|blender|celery,Answer using only one word - blender or celery and not anvil. Which is more similar in semantic meaning to anvil?,anvil
anvil|blender|coat,Answer using only one word - blender or coat and not anvil. Which is more similar in semantic meaning to anvil?,anvil
anvil|blender|dress,Answer using only one word - blender or dress and not anvil. Which is more similar in semantic meaning to anvil?,anvil
anvil|blender|flute,Answer using only one word - blender or flute and not anvil. Which is more similar in semantic meaning to anvil?,anvil
anvil|blender|motorcycle,Answer using only one word - blender or motorcycle and not anvil. Which is more similar in semantic meaning to anvil?,anvil
anvil|blowtorch|brussels sprouts,Answer using only one word - blowtorch or brussels sprouts and not anvil. Which is more similar in semantic meaning to anvil?,brussels sprouts
anvil|blowtorch|candy,Answer using only one word - blowtorch or candy and not anvil. Which is more similar in semantic meaning to anvil?,anvil
anvil|blowtorch|cat,Answer using only one word - blowtorch or cat and not anvil. Which is more similar in semantic meaning to anvil?,anvil
anvil|blowtorch|chisel,Answer using only one word - blowtorch or chisel and not anvil. Which is more similar in semantic meaning to anvil?,chisel
anvil|blowtorch|crowbar,Answer using only one word - blowtorch or crowbar and not anvil. Which is more similar in semantic meaning to anvil?,crowbar
anvil|blowtorch|fig,Answer using only one word - blowtorch or fig and not anvil. Which is more similar in semantic meaning to anvil?,anvil
anvil|blowtorch|jeans,Answer using only one word - blowtorch or jeans and not anvil. Which is more similar in semantic meaning to anvil?,anvil
anvil|blueberry|bread,Answer using only one word - blueberry or bread and not anvil. Which is more similar in semantic meaning to anvil?,anvil
anvil|blueberry|candle,Answer using only one word - blueberry or candle and not anvil. Which is more similar in semantic meaning to anvil?,anvil
anvil|blueberry|cart,Answer using only one word - blueberry or cart and not anvil. Which is more similar in semantic meaning to anvil?,cart
anvil|blueberry|chinchilla,Answer using only one word - blueberry or chinchilla and not anvil. Which is more similar in semantic meaning to anvil?,chinchilla
anvil|blueberry|crow,Answer using only one word - blueberry or crow and not anvil. Which is more similar in semantic meaning to anvil?,anvil
anvil|blueberry|eggbeater,Answer using only one word - blueberry or eggbeater and not anvil. Which is more similar in semantic meaning to anvil?,eggbeater
anvil|blueberry|grenade,Answer using only one word - blueberry or grenade and not anvil. Which is more similar in semantic meaning to anvil?,anvil
anvil|boa|bread,Answer using only one word - boa or bread and not anvil. Which is more similar in semantic meaning to anvil?,anvil
anvil|boa|candle,Answer using only one word - boa or candle and not anvil. Which is more similar in semantic meaning to anvil?,anvil
anvil|boa|cart,Answer using only one word - boa or cart and not anvil. Which is more similar in semantic meaning to anvil?,anvil
anvil|boa|chinchilla,Answer using only one word - boa or chinchilla and not anvil. Which is more similar in semantic meaning to anvil?,anvil
anvil|boa|crow,Answer using only one word - boa or crow and not anvil. Which is more similar in semantic meaning to anvil?,anvil
anvil|boa|eggbeater,Answer using only one word - boa or eggbeater and not anvil. Which is more similar in semantic meaning to anvil?,anvil
anvil|boa|grenade,Answer using only one word - boa or grenade and not anvil. Which is more similar in semantic meaning to anvil?,anvil
anvil|boar|brussels sprouts,Answer using only one word - boar or brussels sprouts and not anvil. Which is more similar in semantic meaning to anvil?,brussels sprouts
anvil|boar|candy,Answer using only one word - boar or candy and not anvil. Which is more similar in semantic meaning to anvil?,anvil
anvil|boar|cat,Answer using only one word - boar or cat and not anvil. Which is more similar in semantic meaning to anvil?,anvil
anvil|boar|chisel,Answer using only one word - boar or chisel and not anvil. Which is more similar in semantic meaning to anvil?,chisel
anvil|boar|crowbar,Answer using only one word - boar or crowbar and not anvil. Which is more similar in semantic meaning to anvil?,boar
anvil|boar|fig,Answer using only one word - boar or fig and not anvil. Which is more similar in semantic meaning to anvil?,anvil
anvil|boar|jeans,Answer using only one word - boar or jeans and not anvil. Which is more similar in semantic meaning to anvil?,anvil
anvil|bread|burrito,Answer using only one word - bread or burrito and not anvil. Which is more similar in semantic meaning to anvil?,anvil
anvil|bread|car,Answer using only one word - bread or car and not anvil. Which is more similar in semantic meaning to anvil?,car
anvil|bread|celery,Answer using only one word - bread or celery and not anvil. Which is more similar in semantic meaning to anvil?,anvil
anvil|bread|coat,Answer using only one word - bread or coat and not anvil. Which is more similar in semantic meaning to anvil?,coat
anvil|bread|dress,Answer using only one word - bread or dress and not anvil. Which is more similar in semantic meaning to anvil?,anvil
anvil|bread|flute,Answer using only one word - bread or flute and not anvil. Which is more similar in semantic meaning to anvil?,flute
anvil|bread|motorcycle,Answer using only one word - bread or motorcycle and not anvil. Which is more similar in semantic meaning to anvil?,anvil
anvil|brussels sprouts|candy,Answer using only one word - brussels sprouts or candy and not anvil. Which is more similar in semantic meaning to anvil?,anvil
anvil|brussels sprouts|cat,Answer using only one word - brussels sprouts or cat and not anvil. Which is more similar in semantic meaning to anvil?,anvil
anvil|brussels sprouts|chisel,Answer using only one word - brussels sprouts or chisel and not anvil. Which is more similar in semantic meaning to anvil?,anvil
anvil|brussels sprouts|crowbar,Answer using only one word - brussels sprouts or crowbar and not anvil. Which is more similar in semantic meaning to anvil?,crowbar
anvil|brussels sprouts|fig,Answer using only one word - brussels sprouts or fig and not anvil. Which is more similar in semantic meaning to anvil?,anvil
anvil|brussels sprouts|jeans,Answer using only one word - brussels sprouts or jeans and not anvil. Which is more similar in semantic meaning to anvil?,anvil
anvil|bucket|candle,Answer using only one word - bucket or candle and not anvil. Which is more similar in semantic meaning to anvil?,anvil
anvil|bucket|cart,Answer using only one word - bucket or cart and not anvil. Which is more similar in semantic meaning to anvil?,cart
anvil|bucket|chinchilla,Answer using only one word - bucket or chinchilla and not anvil. Which is more similar in semantic meaning to anvil?,anvil
anvil|bucket|crow,Answer using only one word - bucket or crow and not anvil. Which is more similar in semantic meaning to anvil?,anvil
anvil|bucket|eggbeater,Answer using only one word - bucket or eggbeater and not anvil. Which is more similar in semantic meaning to anvil?,anvil
anvil|bucket|grenade,Answer using only one word - bucket or grenade and not anvil. Which is more similar in semantic meaning to anvil?,anvil
anvil|burrito|candle,Answer using only one word - burrito or candle and not anvil. Which is more similar in semantic meaning to anvil?,anvil
anvil|burrito|cart,Answer using only one word - burrito or cart and not anvil. Which is more similar in semantic meaning to anvil?,cart
anvil|burrito|chinchilla,Answer using only one word - burrito or chinchilla and not anvil. Which is more similar in semantic meaning to anvil?,chinchilla
anvil|burrito|crow,Answer using only one word - burrito or crow and not anvil. Which is more similar in semantic meaning to anvil?,anvil
anvil|burrito|eggbeater,Answer using only one word - burrito or eggbeater and not anvil. Which is more similar in semantic meaning to anvil?,Anvil
anvil|burrito|grenade,Answer using only one word - burrito or grenade and not anvil. Which is more similar in semantic meaning to anvil?,grenade
anvil|cactus|candy,Answer using only one word - cactus or candy and not anvil. Which is more similar in semantic meaning to anvil?,anvil
anvil|cactus|cat,Answer using only one word - cactus or cat and not anvil. Which is more similar in semantic meaning to anvil?,anvil
anvil|cactus|chisel,Answer using only one word - cactus or chisel and not anvil. Which is more similar in semantic meaning to anvil?,chisel
anvil|cactus|crowbar,Answer using only one word - cactus or crowbar and not anvil. Which is more similar in semantic meaning to anvil?,cactus
anvil|cactus|fig,Answer using only one word - cactus or fig and not anvil. Which is more similar in semantic meaning to anvil?,anvil
anvil|cactus|jeans,Answer using only one word - cactus or jeans and not anvil. Which is more similar in semantic meaning to anvil?,anvil
anvil|candle|car,Answer using only one word - candle or car and not anvil. Which is more similar in semantic meaning to anvil?,anvil
anvil|candle|celery,Answer using only one word - candle or celery and not anvil. Which is more similar in semantic meaning to anvil?,anvil
anvil|candle|coat,Answer using only one word - candle or coat and not anvil. Which is more similar in semantic meaning to anvil?,coat
anvil|candle|dress,Answer using only one word - candle or dress and not anvil. Which is more similar in semantic meaning to anvil?,anvil
anvil|candle|flute,Answer using only one word - candle or flute and not anvil. Which is more similar in semantic meaning to anvil?,anvil
anvil|candle|motorcycle,Answer using only one word - candle or motorcycle and not anvil. Which is more similar in semantic meaning to anvil?,anvil
anvil|candy|cat,Answer using only one word - candy or cat and not anvil. Which is more similar in semantic meaning to anvil?,cat
anvil|candy|chisel,Answer using only one word - candy or chisel and not anvil. Which is more similar in semantic meaning to anvil?,chisel
anvil|candy|crowbar,Answer using only one word - candy or crowbar and not anvil. Which is more similar in semantic meaning to anvil?,crowbar
anvil|candy|fig,Answer using only one word - candy or fig and not anvil. Which is more similar in semantic meaning to anvil?,anvil
anvil|candy|jeans,Answer using only one word - candy or jeans and not anvil. Which is more similar in semantic meaning to anvil?,anvil
anvil|cannon|cart,Answer using only one word - cannon or cart and not anvil. Which is more similar in semantic meaning to anvil?,cannon
anvil|cannon|chinchilla,Answer using only one word - cannon or chinchilla and not anvil. Which is more similar in semantic meaning to anvil?,anvil
anvil|cannon|crow,Answer using only one word - cannon or crow and not anvil. Which is more similar in semantic meaning to anvil?,cannon
anvil|cannon|eggbeater,Answer using only one word - cannon or eggbeater and not anvil. Which is more similar in semantic meaning to anvil?,cannon
anvil|cannon|grenade,Answer using only one word - cannon or grenade and not anvil. Which is more similar in semantic meaning to anvil?,anvil
anvil|car|cart,Answer using only one word - car or cart and not anvil. Which is more similar in semantic meaning to anvil?,cart
anvil|car|chinchilla,Answer using only one word - car or chinchilla and not anvil. Which is more similar in semantic meaning to anvil?,anvil
anvil|car|crow,Answer using only one word - car or crow and not anvil. Which is more similar in semantic meaning to anvil?,anvil
anvil|car|eggbeater,Answer using only one word - car or eggbeater and not anvil. Which is more similar in semantic meaning to anvil?,anvil
anvil|car|grenade,Answer using only one word - car or grenade and not anvil. Which is more similar in semantic meaning to anvil?,anvil
anvil|carrot|cat,Answer using only one word - carrot or cat and not anvil. Which is more similar in semantic meaning to anvil?,anvil
anvil|carrot|chisel,Answer using only one word - carrot or chisel and not anvil. Which is more similar in semantic meaning to anvil?,chisel
anvil|carrot|crowbar,Answer using only one word - carrot or crowbar and not anvil. Which is more similar in semantic meaning to anvil?,crowbar
anvil|carrot|fig,Answer using only one word - carrot or fig and not anvil. Which is more similar in semantic meaning to anvil?,anvil
anvil|carrot|jeans,Answer using only one word - carrot or jeans and not anvil. Which is more similar in semantic meaning to anvil?,anvil
anvil|cart|celery,Answer using only one word - cart or celery and not anvil. Which is more similar in semantic meaning to anvil?,anvil
anvil|cart|coat,Answer using only one word - cart or coat and not anvil. Which is more similar in semantic meaning to anvil?,anvil
anvil|cart|dress,Answer using only one word - cart or dress and not anvil. Which is more similar in semantic meaning to anvil?,anvil
anvil|cart|flute,Answer using only one word - cart or flute and not anvil. Which is more similar in semantic meaning to anvil?,anvil
anvil|cart|motorcycle,Answer using only one word - cart or motorcycle and not anvil. Which is more similar in semantic meaning to anvil?,anvil
anvil|cat|chisel,Answer using only one word - cat or chisel and not anvil. Which is more similar in semantic meaning to anvil?,chisel
anvil|cat|crowbar,Answer using only one word - cat or crowbar and not anvil. Which is more similar in semantic meaning to anvil?,crowbar
anvil|cat|fig,Answer using only one word - cat or fig and not anvil. Which is more similar in semantic meaning to anvil?,anvil
anvil|cat|jeans,Answer using only one word - cat or jeans and not anvil. Which is more similar in semantic meaning to anvil?,anvil
anvil|caterpillar|chinchilla,Answer using only one word - caterpillar or chinchilla and not anvil. Which is more similar in semantic meaning to anvil?,anvil
anvil|caterpillar|crow,Answer using only one word - caterpillar or crow and not anvil. Which is more similar in semantic meaning to anvil?,caterpillar
anvil|caterpillar|eggbeater,Answer using only one word - caterpillar or eggbeater and not anvil. Which is more similar in semantic meaning to anvil?,anvil
anvil|caterpillar|grenade,Answer using only one word - caterpillar or grenade and not anvil. Which is more similar in semantic meaning to anvil?,anvil
anvil|celery|chinchilla,Answer using only one word - celery or chinchilla and not anvil. Which is more similar in semantic meaning to anvil?,anvil
anvil|celery|crow,Answer using only one word - celery or crow and not anvil. Which is more similar in semantic meaning to anvil?,anvil
anvil|celery|eggbeater,Answer using only one word - celery or eggbeater and not anvil. Which is more similar in semantic meaning to anvil?,anvil
anvil|celery|grenade,Answer using only one word - celery or grenade and not anvil. Which is more similar in semantic meaning to anvil?,anvil
anvil|chili|chisel,Answer using only one word - chili or chisel and not anvil. Which is more similar in semantic meaning to anvil?,chisel
anvil|chili|crowbar,Answer using only one word - chili or crowbar and not anvil. Which is more similar in semantic meaning to anvil?,chili
anvil|chili|fig,Answer using only one word - chili or fig and not anvil. Which is more similar in semantic meaning to anvil?,anvil
anvil|chili|jeans,Answer using only one word - chili or jeans and not anvil. Which is more similar in semantic meaning to anvil?,anvil
anvil|chinchilla|coat,Answer using only one word - chinchilla or coat and not anvil. Which is more similar in semantic meaning to anvil?,anvil
anvil|chinchilla|dress,Answer using only one word - chinchilla or dress and not anvil. Which is more similar in semantic meaning to anvil?,anvil
anvil|chinchilla|flute,Answer using only one word - chinchilla or flute and not anvil. Which is more similar in semantic meaning to anvil?,anvil
anvil|chinchilla|motorcycle,Answer using only one word - chinchilla or motorcycle and not anvil. Which is more similar in semantic meaning to anvil?,anvil
anvil|chisel|crowbar,Answer using only one word - chisel or crowbar and not anvil. Which is more similar in semantic meaning to anvil?,None
anvil|chisel|fig,Answer using only one word - chisel or fig and not anvil. Which is more similar in semantic meaning to anvil?,anvil
anvil|chisel|jeans,Answer using only one word - chisel or jeans and not anvil. Which is more similar in semantic meaning to anvil?,chisel
anvil|clarinet|crow,Answer using only one word - clarinet or crow and not anvil. Which is more similar in semantic meaning to anvil?,anvil
anvil|clarinet|eggbeater,Answer using only one word - clarinet or eggbeater and not anvil. Which is more similar in semantic meaning to anvil?,eggbeater
anvil|clarinet|grenade,Answer using only one word - clarinet or grenade and not anvil. Which is more similar in semantic meaning to anvil?,anvil
anvil|coat|crow,Answer using only one word - coat or crow and not anvil. Which is more similar in semantic meaning to anvil?,anvil
anvil|coat|eggbeater,Answer using only one word - coat or eggbeater and not anvil. Which is more similar in semantic meaning to anvil?,anvil
anvil|coat|grenade,Answer using only one word - coat or grenade and not anvil. Which is more similar in semantic meaning to anvil?,anvil
anvil|coconut|crowbar,Answer using only one word - coconut or crowbar and not anvil. Which is more similar in semantic meaning to anvil?,crowbar
anvil|coconut|fig,Answer using only one word - coconut or fig and not anvil. Which is more similar in semantic meaning to anvil?,anvil
anvil|coconut|jeans,Answer using only one word - coconut or jeans and not anvil. Which is more similar in semantic meaning to anvil?,anvil
anvil|crow|dress,Answer using only one word - crow or dress and not anvil. Which is more similar in semantic meaning to anvil?,anvil
anvil|crow|flute,Answer using only one word - crow or flute and not anvil. Which is more similar in semantic meaning to anvil?,anvil
anvil|crow|motorcycle,Answer using only one word - crow or motorcycle and not anvil. Which is more similar in semantic meaning to anvil?,anvil
anvil|crowbar|fig,Answer using only one word - crowbar or fig and not anvil. Which is more similar in semantic meaning to anvil?,anvil
anvil|crowbar|jeans,Answer using only one word - crowbar or jeans and not anvil. Which is more similar in semantic meaning to anvil?,anvil
anvil|dragonfly|eggbeater,Answer using only one word - dragonfly or eggbeater and not anvil. Which is more similar in semantic meaning to anvil?,anvil
anvil|dragonfly|grenade,Answer using only one word - dragonfly or grenade and not anvil. Which is more similar in semantic meaning to anvil?,anvil
anvil|dress|eggbeater,Answer using only one word - dress or eggbeater and not anvil. Which is more similar in semantic meaning to anvil?,anvil
anvil|dress|grenade,Answer using only one word - dress or grenade and not anvil. Which is more similar in semantic meaning to anvil?,anvil
anvil|eagle|fig,Answer using only one word - eagle or fig and not anvil. Which is more similar in semantic meaning to anvil?,anvil
anvil|eagle|jeans,Answer using only one word - eagle or jeans and not anvil. Which is more similar in semantic meaning to anvil?,anvil
anvil|eggbeater|flute,Answer using only one word - eggbeater or flute and not anvil. Which is more similar in semantic meaning to anvil?,anvil
anvil|eggbeater|motorcycle,Answer using only one word - eggbeater or motorcycle and not anvil. Which is more similar in semantic meaning to anvil?,anvil
anvil|fig|jeans,Answer using only one word - fig or jeans and not anvil. Which is more similar in semantic meaning to anvil?,anvil
anvil|file|grenade,Answer using only one word - file or grenade and not anvil. Which is more similar in semantic meaning to anvil?,anvil
anvil|flute|grenade,Answer using only one word - flute or grenade and not anvil. Which is more similar in semantic meaning to anvil?,anvil
anvil|fly|jeans,Answer using only one word - fly or jeans and not anvil. Which is more similar in semantic meaning to anvil?,anvil
anvil|grenade|motorcycle,Answer using only one word - grenade or motorcycle and not anvil. Which is more similar in semantic meaning to anvil?,anvil
apple|artichoke|banana,Answer using only one word - artichoke or banana and not apple. Which is more similar in semantic meaning to apple?,banana
apple|artichoke|bed,Answer using only one word - artichoke or bed and not apple. Which is more similar in semantic meaning to apple?,artichoke
apple|artichoke|bird,Answer using only one word - artichoke or bird and not apple. Which is more similar in semantic meaning to apple?,artichoke
apple|artichoke|boar,Answer using only one word - artichoke or boar and not apple. Which is more similar in semantic meaning to apple?,artichoke
apple|artichoke|cactus,Answer using only one word - artichoke or cactus and not apple. Which is more similar in semantic meaning to apple?,cactus
apple|artichoke|carrot,Answer using only one word - artichoke or carrot and not apple. Which is more similar in semantic meaning to apple?,carrot
apple|artichoke|chili,Answer using only one word - artichoke or chili and not apple. Which is more similar in semantic meaning to apple?,chili
apple|artichoke|coconut,Answer using only one word - artichoke or coconut and not apple. Which is more similar in semantic meaning to apple?,coconut
apple|artichoke|eagle,Answer using only one word - artichoke or eagle and not apple. Which is more similar in semantic meaning to apple?,artichoke
apple|artichoke|fly,Answer using only one word - artichoke or fly and not apple. Which is more similar in semantic meaning to apple?,artichoke
apple|bagel|banana,Answer using only one word - bagel or banana and not apple. Which is more similar in semantic meaning to apple?,banana
apple|bagel|bed,Answer using only one word - bagel or bed and not apple. Which is more similar in semantic meaning to apple?,bed
apple|bagel|bird,Answer using only one word - bagel or bird and not apple. Which is more similar in semantic meaning to apple?,bird
apple|bagel|boar,Answer using only one word - bagel or boar and not apple. Which is more similar in semantic meaning to apple?,boar
apple|bagel|cactus,Answer using only one word - bagel or cactus and not apple. Which is more similar in semantic meaning to apple?,cactus
apple|bagel|carrot,Answer using only one word - bagel or carrot and not apple. Which is more similar in semantic meaning to apple?,carrot
apple|bagel|chili,Answer using only one word - bagel or chili and not apple. Which is more similar in semantic meaning to apple?,chili
apple|bagel|coconut,Answer using only one word - bagel or coconut and not apple. Which is more similar in semantic meaning to apple?,coconut
apple|bagel|eagle,Answer using only one word - bagel or eagle and not apple. Which is more similar in semantic meaning to apple?,None
apple|bagel|fly,Answer using only one word - bagel or fly and not apple. Which is more similar in semantic meaning to apple?,fly
apple|banana|banjo,Answer using only one word - banana or banjo and not apple. Which is more similar in semantic meaning to apple?,banana
apple|banana|beet,Answer using only one word - banana or beet and not apple. Which is more similar in semantic meaning to apple?,banana
apple|banana|blender,Answer using only one word - banana or blender and not apple. Which is more similar in semantic meaning to apple?,banana
apple|banana|bread,Answer using only one word - banana or bread and not apple. Which is more similar in semantic meaning to apple?,banana
apple|banana|candle,Answer using only one word - banana or candle and not apple. Which is more similar in semantic meaning to apple?,banana
apple|banana|cart,Answer using only one word - banana or cart and not apple. Which is more similar in semantic meaning to apple?,banana
apple|banana|chinchilla,Answer using only one word - banana or chinchilla and not apple. Which is more similar in semantic meaning to apple?,banana
apple|banana|crow,Answer using only one word - banana or crow and not apple. Which is more similar in semantic meaning to apple?,banana
apple|banana|eggbeater,Answer using only one word - banana or eggbeater and not apple. Which is more similar in semantic meaning to apple?,eggbeater
apple|banana|grenade,Answer using only one word - banana or grenade and not apple. Which is more similar in semantic meaning to apple?,banana
apple|banjo|bat,Answer using only one word - banjo or bat and not apple. Which is more similar in semantic meaning to apple?,bat
apple|banjo|bell,Answer using only one word - banjo or bell and not apple. Which is more similar in semantic meaning to apple?,bell
apple|banjo|blueberry,Answer using only one word - banjo or blueberry and not apple. Which is more similar in semantic meaning to apple?,blueberry
apple|banjo|bucket,Answer using only one word - banjo or bucket and not apple. Which is more similar in semantic meaning to apple?,bucket
apple|banjo|cannon,Answer using only one word - banjo or cannon and not apple. Which is more similar in semantic meaning to apple?,cannon
apple|banjo|caterpillar,Answer using only one word - banjo or caterpillar and not apple. Which is more similar in semantic meaning to apple?,caterpillar
apple|banjo|clarinet,Answer using only one word - banjo or clarinet and not apple. Which is more similar in semantic meaning to apple?,None
apple|banjo|dragonfly,Answer using only one word - banjo or dragonfly and not apple. Which is more similar in semantic meaning to apple?,None
apple|banjo|file,Answer using only one word - banjo or file and not apple. Which is more similar in semantic meaning to apple?,file
apple|banjo|missile,Answer using only one word - banjo or missile and not apple. Which is more similar in semantic meaning to apple?,banjo
apple|barrel|beet,Answer using only one word - barrel or beet and not apple. Which is more similar in semantic meaning to apple?,beet
apple|barrel|blender,Answer using only one word - barrel or blender and not apple. Which is more similar in semantic meaning to apple?,blender
apple|barrel|bread,Answer using only one word - barrel or bread and not apple. Which is more similar in semantic meaning to apple?,bread
apple|barrel|candle,Answer using only one word - barrel or candle and not apple. Which is more similar in semantic meaning to apple?,candle
apple|barrel|cart,Answer using only one word - barrel or cart and not apple. Which is more similar in semantic meaning to apple?,cart
apple|barrel|chinchilla,Answer using only one word - barrel or chinchilla and not apple. Which is more similar in semantic meaning to apple?,chinchilla
apple|barrel|crow,Answer using only one word - barrel or crow and not apple. Which is more similar in semantic meaning to apple?,crow
apple|barrel|eggbeater,Answer using only one word - barrel or eggbeater and not apple. Which is more similar in semantic meaning to apple?,eggbeater
apple|barrel|grenade,Answer using only one word - barrel or grenade and not apple. Which is more similar in semantic meaning to apple?,none
apple|bat|bed,Answer using only one word - bat or bed and not apple. Which is more similar in semantic meaning to apple?,bed
apple|bat|bird,Answer using only one word - bat or bird and not apple. Which is more similar in semantic meaning to apple?,bird
apple|bat|boar,Answer using only one word - bat or boar and not apple. Which is more similar in semantic meaning to apple?,None
apple|bat|cactus,Answer using only one word - bat or cactus and not apple. Which is more similar in semantic meaning to apple?,cactus
apple|bat|carrot,Answer using only one word - bat or carrot and not apple. Which is more similar in semantic meaning to apple?,carrot
apple|bat|chili,Answer using only one word - bat or chili and not apple. Which is more similar in semantic meaning to apple?,chili
apple|bat|coconut,Answer using only one word - bat or coconut and not apple. Which is more similar in semantic meaning to apple?,coconut
apple|bat|eagle,Answer using only one word - bat or eagle and not apple. Which is more similar in semantic meaning to apple?,None
apple|bat|fly,Answer using only one word - bat or fly and not apple. Which is more similar in semantic meaning to apple?,fly
apple|beaver|bed,Answer using only one word - beaver or bed and not apple. Which is more similar in semantic meaning to apple?,bed
apple|beaver|bird,Answer using only one word - beaver or bird and not apple. Which is more similar in semantic meaning to apple?,beaver
apple|beaver|boar,Answer using only one word - beaver or boar and not apple. Which is more similar in semantic meaning to apple?,beaver
apple|beaver|cactus,Answer using only one word - beaver or cactus and not apple. Which is more similar in semantic meaning to apple?,cactus
apple|beaver|carrot,Answer using only one word - beaver or carrot and not apple. Which is more similar in semantic meaning to apple?,carrot
apple|beaver|chili,Answer using only one word - beaver or chili and not apple. Which is more similar in semantic meaning to apple?,chili
apple|beaver|coconut,Answer using only one word - beaver or coconut and not apple. Which is more similar in semantic meaning to apple?,coconut
apple|beaver|eagle,Answer using only one word - beaver or eagle and not apple. Which is more similar in semantic meaning to apple?,None
apple|beaver|fly,Answer using only one word - beaver or fly and not apple. Which is more similar in semantic meaning to apple?,fly
apple|bed|beet,Answer using only one word - bed or beet and not apple. Which is more similar in semantic meaning to apple?,beet
apple|bed|blender,Answer using only one word - bed or blender and not apple. Which is more similar in semantic meaning to apple?,blender
apple|bed|bread,Answer using only one word - bed or bread and not apple. Which is more similar in semantic meaning to apple?,bread
apple|bed|candle,Answer using only one word - bed or candle and not apple. Which is more similar in semantic meaning to apple?,candle
apple|bed|cart,Answer using only one word - bed or cart and not apple. Which is more similar in semantic meaning to apple?,cart
apple|bed|chinchilla,Answer using only one word - bed or chinchilla and not apple. Which is more similar in semantic meaning to apple?,chinchilla
apple|bed|crow,Answer using only one word - bed or crow and not apple. Which is more similar in semantic meaning to apple?,crow
apple|bed|eggbeater,Answer using only one word - bed or eggbeater and not apple. Which is more similar in semantic meaning to apple?,eggbeater
apple|bed|grenade,Answer using only one word - bed or grenade and not apple. Which is more similar in semantic meaning to apple?,None
apple|beet|bell,Answer using only one word - beet or bell and not apple. Which is more similar in semantic meaning to apple?,beet
apple|beet|blueberry,Answer using only one word - beet or blueberry and not apple. Which is more similar in semantic meaning to apple?,beet
apple|beet|bucket,Answer using only one word - beet or bucket and not apple. Which is more similar in semantic meaning to apple?,beet
apple|beet|cannon,Answer using only one word - beet or cannon and not apple. Which is more similar in semantic meaning to apple?,beet
apple|beet|caterpillar,Answer using only one word - beet or caterpillar and not apple. Which is more similar in semantic meaning to apple?,beet
apple|beet|clarinet,Answer using only one word - beet or clarinet and not apple. Which is more similar in semantic meaning to apple?,beet
apple|beet|dragonfly,Answer using only one word - beet or dragonfly and not apple. Which is more similar in semantic meaning to apple?,beet
apple|beet|file,Answer using only one word - beet or file and not apple. Which is more similar in semantic meaning to apple?,file
apple|beet|missile,Answer using only one word - beet or missile and not apple. Which is more similar in semantic meaning to apple?,beet
apple|beetle|blender,Answer using only one word - beetle or blender and not apple. Which is more similar in semantic meaning to apple?,blender
apple|beetle|bread,Answer using only one word - beetle or bread and not apple. Which is more similar in semantic meaning to apple?,bread
apple|beetle|candle,Answer using only one word - beetle or candle and not apple. Which is more similar in semantic meaning to apple?,candle
apple|beetle|cart,Answer using only one word - beetle or cart and not apple. Which is more similar in semantic meaning to apple?,cart
apple|beetle|chinchilla,Answer using only one word - beetle or chinchilla and not apple. Which is more similar in semantic meaning to apple?,chinchilla
apple|beetle|crow,Answer using only one word - beetle or crow and not apple. Which is more similar in semantic meaning to apple?,beetle
apple|beetle|eggbeater,Answer using only one word - beetle or eggbeater and not apple. Which is more similar in semantic meaning to apple?,eggbeater
apple|beetle|grenade,Answer using only one word - beetle or grenade and not apple. Which is more similar in semantic meaning to apple?,grenade
apple|bell|bird,Answer using only one word - bell or bird and not apple. Which is more similar in semantic meaning to apple?,bird
apple|bell|boar,Answer using only one word - bell or boar and not apple. Which is more similar in semantic meaning to apple?,boar
apple|bell|cactus,Answer using only one word - bell or cactus and not apple. Which is more similar in semantic meaning to apple?,cactus
apple|bell|carrot,Answer using only one word - bell or carrot and not apple. Which is more similar in semantic meaning to apple?,carrot
apple|bell|chili,Answer using only one word - bell or chili and not apple. Which is more similar in semantic meaning to apple?,chili
apple|bell|coconut,Answer using only one word - bell or coconut and not apple. Which is more similar in semantic meaning to apple?,coconut
apple|bell|eagle,Answer using only one word - bell or eagle and not apple. Which is more similar in semantic meaning to apple?,eagle
apple|bell|fly,Answer using only one word - bell or fly and not apple. Which is more similar in semantic meaning to apple?,fly
apple|belt|bird,Answer using only one word - belt or bird and not apple. Which is more similar in semantic meaning to apple?,bird
apple|belt|boar,Answer using only one word - belt or boar and not apple. Which is more similar in semantic meaning to apple?,boar
apple|belt|cactus,Answer using only one word - belt or cactus and not apple. Which is more similar in semantic meaning to apple?,cactus
apple|belt|carrot,Answer using only one word - belt or carrot and not apple. Which is more similar in semantic meaning to apple?,carrot
apple|belt|chili,Answer using only one word - belt or chili and not apple. Which is more similar in semantic meaning to apple?,chili
apple|belt|coconut,Answer using only one word - belt or coconut and not apple. Which is more similar in semantic meaning to apple?,coconut
apple|belt|eagle,Answer using only one word - belt or eagle and not apple. Which is more similar in semantic meaning to apple?,eagle
apple|belt|fly,Answer using only one word - belt or fly and not apple. Which is more similar in semantic meaning to apple?,fly
apple|bird|blender,Answer using only one word - bird or blender and not apple. Which is more similar in semantic meaning to apple?,blender
apple|bird|bread,Answer using only one word - bird or bread and not apple. Which is more similar in semantic meaning to apple?,bread
apple|bird|candle,Answer using only one word - bird or candle and not apple. Which is more similar in semantic meaning to apple?,candle
apple|bird|cart,Answer using only one word - bird or cart and not apple. Which is more similar in semantic meaning to apple?,cart
apple|bird|chinchilla,Answer using only one word - bird or chinchilla and not apple. Which is more similar in semantic meaning to apple?,chinchilla
apple|bird|crow,Answer using only one word - bird or crow and not apple. Which is more similar in semantic meaning to apple?,None
apple|bird|eggbeater,Answer using only one word - bird or eggbeater and not apple. Which is more similar in semantic meaning to apple?,eggbeater
apple|bird|grenade,Answer using only one word - bird or grenade and not apple. Which is more similar in semantic meaning to apple?,None
apple|blender|blueberry,Answer using only one word - blender or blueberry and not apple. Which is more similar in semantic meaning to apple?,blueberry
apple|blender|bucket,Answer using only one word - blender or bucket and not apple. Which is more similar in semantic meaning to apple?,bucket
apple|blender|cannon,Answer using only one word - blender or cannon and not apple. Which is more similar in semantic meaning to apple?,cannon
apple|blender|caterpillar,Answer using only one word - blender or caterpillar and not apple. Which is more similar in semantic meaning to apple?,caterpillar
apple|blender|clarinet,Answer using only one word - blender or clarinet and not apple. Which is more similar in semantic meaning to apple?,clarinet
apple|blender|dragonfly,Answer using only one word - blender or dragonfly and not apple. Which is more similar in semantic meaning to apple?,dragonfly
apple|blender|file,Answer using only one word - blender or file and not apple. Which is more similar in semantic meaning to apple?,file
apple|blender|missile,Answer using only one word - blender or missile and not apple. Which is more similar in semantic meaning to apple?,blender
apple|blowtorch|bread,Answer using only one word - blowtorch or bread and not apple. Which is more similar in semantic meaning to apple?,bread
apple|blowtorch|candle,Answer using only one word - blowtorch or candle and not apple. Which is more similar in semantic meaning to apple?,candle
apple|blowtorch|cart,Answer using only one word - blowtorch or cart and not apple. Which is more similar in semantic meaning to apple?,cart
apple|blowtorch|chinchilla,Answer using only one word - blowtorch or chinchilla and not apple. Which is more similar in semantic meaning to apple?,chinchilla
apple|blowtorch|crow,Answer using only one word - blowtorch or crow and not apple. Which is more similar in semantic meaning to apple?,None
apple|blowtorch|eggbeater,Answer using only one word - blowtorch or eggbeater and not apple. Which is more similar in semantic meaning to apple?,eggbeater
apple|blowtorch|grenade,Answer using only one word - blowtorch or grenade and not apple. Which is more similar in semantic meaning to apple?,none
apple|blueberry|boar,Answer using only one word - blueberry or boar and not apple. Which is more similar in semantic meaning to apple?,blueberry
apple|blueberry|cactus,Answer using only one word - blueberry or cactus and not apple. Which is more similar in semantic meaning to apple?,blueberry
apple|blueberry|carrot,Answer using only one word - blueberry or carrot and not apple. Which is more similar in semantic meaning to apple?,blueberry
apple|blueberry|chili,Answer using only one word - blueberry or chili and not apple. Which is more similar in semantic meaning to apple?,blueberry
apple|blueberry|coconut,Answer using only one word - blueberry or coconut and not apple. Which is more similar in semantic meaning to apple?,blueberry
apple|blueberry|eagle,Answer using only one word - blueberry or eagle and not apple. Which is more similar in semantic meaning to apple?,blueberry
apple|blueberry|fly,Answer using only one word - blueberry or fly and not apple. Which is more similar in semantic meaning to apple?,blueberry
apple|boa|boar,Answer using only one word - boa or boar and not apple. Which is more similar in semantic meaning to apple?,None
apple|boa|cactus,Answer using only one word - boa or cactus and not apple. Which is more similar in semantic meaning to apple?,cactus
apple|boa|carrot,Answer using only one word - boa or carrot and not apple. Which is more similar in semantic meaning to apple?,carrot
apple|boa|chili,Answer using only one word - boa or chili and not apple. Which is more similar in semantic meaning to apple?,chili
apple|boa|coconut,Answer using only one word - boa or coconut and not apple. Which is more similar in semantic meaning to apple?,coconut
apple|boa|eagle,Answer using only one word - boa or eagle and not apple. Which is more similar in semantic meaning to apple?,None
apple|boa|fly,Answer using only one word - boa or fly and not apple. Which is more similar in semantic meaning to apple?,fly
apple|boar|bread,Answer using only one word - boar or bread and not apple. Which is more similar in semantic meaning to apple?,bread
apple|boar|candle,Answer using only one word - boar or candle and not apple. Which is more similar in semantic meaning to apple?,candle
apple|boar|cart,Answer using only one word - boar or cart and not apple. Which is more similar in semantic meaning to apple?,cart
apple|boar|chinchilla,Answer using only one word - boar or chinchilla and not apple. Which is more similar in semantic meaning to apple?,chinchilla
apple|boar|crow,Answer using only one word - boar or crow and not apple. Which is more similar in semantic meaning to apple?,crow
apple|boar|eggbeater,Answer using only one word - boar or eggbeater and not apple. Which is more similar in semantic meaning to apple?,eggbeater
apple|boar|grenade,Answer using only one word - boar or grenade and not apple. Which is more similar in semantic meaning to apple?,apple
apple|bread|bucket,Answer using only one word - bread or bucket and not apple. Which is more similar in semantic meaning to apple?,bucket
apple|bread|cannon,Answer using only one word - bread or cannon and not apple. Which is more similar in semantic meaning to apple?,cannon
apple|bread|caterpillar,Answer using only one word - bread or caterpillar and not apple. Which is more similar in semantic meaning to apple?,caterpillar
apple|bread|clarinet,Answer using only one word - bread or clarinet and not apple. Which is more similar in semantic meaning to apple?,clarinet
apple|bread|dragonfly,Answer using only one word - bread or dragonfly and not apple. Which is more similar in semantic meaning to apple?,dragonfly
apple|bread|file,Answer using only one word - bread or file and not apple. Which is more similar in semantic meaning to apple?,file
apple|bread|missile,Answer using only one word - bread or missile and not apple. Which is more similar in semantic meaning to apple?,None
apple|brussels sprouts|candle,Answer using only one word - brussels sprouts or candle and not apple. Which is more similar in semantic meaning to apple?,candle
apple|brussels sprouts|cart,Answer using only one word - brussels sprouts or cart and not apple. Which is more similar in semantic meaning to apple?,brussels sprouts
apple|brussels sprouts|chinchilla,Answer using only one word - brussels sprouts or chinchilla and not apple. Which is more similar in semantic meaning to apple?,brussels sprouts
apple|brussels sprouts|crow,Answer using only one word - brussels sprouts or crow and not apple. Which is more similar in semantic meaning to apple?,brussels sprouts
apple|brussels sprouts|eggbeater,Answer using only one word - brussels sprouts or eggbeater and not apple. Which is more similar in semantic meaning to apple?,eggbeater
apple|brussels sprouts|grenade,Answer using only one word - brussels sprouts or grenade and not apple. Which is more similar in semantic meaning to apple?,grenade
apple|bucket|cactus,Answer using only one word - bucket or cactus and not apple. Which is more similar in semantic meaning to apple?,cactus
apple|bucket|carrot,Answer using only one word - bucket or carrot and not apple. Which is more similar in semantic meaning to apple?,carrot
apple|bucket|chili,Answer using only one word - bucket or chili and not apple. Which is more similar in semantic meaning to apple?,chili
apple|bucket|coconut,Answer using only one word - bucket or coconut and not apple. Which is more similar in semantic meaning to apple?,coconut
apple|bucket|eagle,Answer using only one word - bucket or eagle and not apple. Which is more similar in semantic meaning to apple?,eagle
apple|bucket|fly,Answer using only one word - bucket or fly and not apple. Which is more similar in semantic meaning to apple?,fly
apple|burrito|cactus,Answer using only one word - burrito or cactus and not apple. Which is more similar in semantic meaning to apple?,cactus
apple|burrito|carrot,Answer using only one word - burrito or carrot and not apple. Which is more similar in semantic meaning to apple?,carrot
apple|burrito|chili,Answer using only one word - burrito or chili and not apple. Which is more similar in semantic meaning to apple?,chili
apple|burrito|coconut,Answer using only one word - burrito or coconut and not apple. Which is more similar in semantic meaning to apple?,coconut
apple|burrito|eagle,Answer using only one word - burrito or eagle and not apple. Which is more similar in semantic meaning to apple?,eagle
apple|burrito|fly,Answer using only one word - burrito or fly and not apple. Which is more similar in semantic meaning to apple?,fly
apple|cactus|candle,Answer using only one word - cactus or candle and not apple. Which is more similar in semantic meaning to apple?,cactus
apple|cactus|cart,Answer using only one word - cactus or cart and not apple. Which is more similar in semantic meaning to apple?,cactus
apple|cactus|chinchilla,Answer using only one word - cactus or chinchilla and not apple. Which is more similar in semantic meaning to apple?,chinchilla
apple|cactus|crow,Answer using only one word - cactus or crow and not apple. Which is more similar in semantic meaning to apple?,cactus
apple|cactus|eggbeater,Answer using only one word - cactus or eggbeater and not apple. Which is more similar in semantic meaning to apple?,eggbeater
apple|cactus|grenade,Answer using only one word - cactus or grenade and not apple. Which is more similar in semantic meaning to apple?,grenade
apple|candle|cannon,Answer using only one word - candle or cannon and not apple. Which is more similar in semantic meaning to apple?,cannon
apple|candle|caterpillar,Answer using only one word - candle or caterpillar and not apple. Which is more similar in semantic meaning to apple?,caterpillar
apple|candle|clarinet,Answer using only one word - candle or clarinet and not apple. Which is more similar in semantic meaning to apple?,clarinet
apple|candle|dragonfly,Answer using only one word - candle or dragonfly and not apple. Which is more similar in semantic meaning to apple?,dragonfly
apple|candle|file,Answer using only one word - candle or file and not apple. Which is more similar in semantic meaning to apple?,file
apple|candle|missile,Answer using only one word - candle or missile and not apple. Which is more similar in semantic meaning to apple?,none
apple|candy|cart,Answer using only one word - candy or cart and not apple. Which is more similar in semantic meaning to apple?,candy
apple|candy|chinchilla,Answer using only one word - candy or chinchilla and not apple. Which is more similar in semantic meaning to apple?,candy
apple|candy|crow,Answer using only one word - candy or crow and not apple. Which is more similar in semantic meaning to apple?,candy
apple|candy|eggbeater,Answer using only one word - candy or eggbeater and not apple. Which is more similar in semantic meaning to apple?,eggbeater
apple|candy|grenade,Answer using only one word - candy or grenade and not apple. Which is more similar in semantic meaning to apple?,candy
apple|cannon|carrot,Answer using only one word - cannon or carrot and not apple. Which is more similar in semantic meaning to apple?,carrot
apple|cannon|chili,Answer using only one word - cannon or chili and not apple. Which is more similar in semantic meaning to apple?,chili
apple|cannon|coconut,Answer using only one word - cannon or coconut and not apple. Which is more similar in semantic meaning to apple?,coconut
apple|cannon|eagle,Answer using only one word - cannon or eagle and not apple. Which is more similar in semantic meaning to apple?,eagle
apple|cannon|fly,Answer using only one word - cannon or fly and not apple. Which is more similar in semantic meaning to apple?,fly
apple|car|carrot,Answer using only one word - car or carrot and not apple. Which is more similar in semantic meaning to apple?,carrot
apple|car|chili,Answer using only one word - car or chili and not apple. Which is more similar in semantic meaning to apple?,chili
apple|car|coconut,Answer using only one word - car or coconut and not apple. Which is more similar in semantic meaning to apple?,coconut
apple|car|eagle,Answer using only one word - car or eagle and not apple. Which is more similar in semantic meaning to apple?,eagle
apple|car|fly,Answer using only one word - car or fly and not apple. Which is more similar in semantic meaning to apple?,fly
apple|carrot|cart,Answer using only one word - carrot or cart and not apple. Which is more similar in semantic meaning to apple?,carrot
apple|carrot|chinchilla,Answer using only one word - carrot or chinchilla and not apple. Which is more similar in semantic meaning to apple?,carrot
apple|carrot|crow,Answer using only one word - carrot or crow and not apple. Which is more similar in semantic meaning to apple?,carrot
apple|carrot|eggbeater,Answer using only one word - carrot or eggbeater and not apple. Which is more similar in semantic meaning to apple?,None
apple|carrot|grenade,Answer using only one word - carrot or grenade and not apple. Which is more similar in semantic meaning to apple?,carrot
apple|cart|caterpillar,Answer using only one word - cart or caterpillar and not apple. Which is more similar in semantic meaning to apple?,caterpillar
apple|cart|clarinet,Answer using only one word - cart or clarinet and not apple. Which is more similar in semantic meaning to apple?,clarinet
apple|cart|dragonfly,Answer using only one word - cart or dragonfly and not apple. Which is more similar in semantic meaning to apple?,None
apple|cart|file,Answer using only one word - cart or file and not apple. Which is more similar in semantic meaning to apple?,file
apple|cart|missile,Answer using only one word - cart or missile and not apple. Which is more similar in semantic meaning to apple?,cart
apple|cat|chinchilla,Answer using only one word - cat or chinchilla and not apple. Which is more similar in semantic meaning to apple?,chinchilla
apple|cat|crow,Answer using only one word - cat or crow and not apple. Which is more similar in semantic meaning to apple?,cat
apple|cat|eggbeater,Answer using only one word - cat or eggbeater and not apple. Which is more similar in semantic meaning to apple?,eggbeater
apple|cat|grenade,Answer using only one word - cat or grenade and not apple. Which is more similar in semantic meaning to apple?,None
apple|caterpillar|chili,Answer using only one word - caterpillar or chili and not apple. Which is more similar in semantic meaning to apple?,chili
apple|caterpillar|coconut,Answer using only one word - caterpillar or coconut and not apple. Which is more similar in semantic meaning to apple?,coconut
apple|caterpillar|eagle,Answer using only one word - caterpillar or eagle and not apple. Which is more similar in semantic meaning to apple?,caterpillar
apple|caterpillar|fly,Answer using only one word - caterpillar or fly and not apple. Which is more similar in semantic meaning to apple?,fly
apple|celery|chili,Answer using only one word - celery or chili and not apple. Which is more similar in semantic meaning to apple?,chili
apple|celery|coconut,Answer using only one word - celery or coconut and not apple. Which is more similar in semantic meaning to apple?,coconut
apple|celery|eagle,Answer using only one word - celery or eagle and not apple. Which is more similar in semantic meaning to apple?,None
apple|celery|fly,Answer using only one word - celery or fly and not apple. Which is more similar in semantic meaning to apple?,fly
apple|chili|chinchilla,Answer using only one word - chili or chinchilla and not apple. Which is more similar in semantic meaning to apple?,chinchilla
apple|chili|crow,Answer using only one word - chili or crow and not apple. Which is more similar in semantic meaning to apple?,chili
apple|chili|eggbeater,Answer using only one word - chili or eggbeater and not apple. Which is more similar in semantic meaning to apple?,eggbeater
apple|chili|grenade,Answer using only one word - chili or grenade and not apple. Which is more similar in semantic meaning to apple?,chili
apple|chinchilla|clarinet,Answer using only one word - chinchilla or clarinet and not apple. Which is more similar in semantic meaning to apple?,chinchilla
apple|chinchilla|dragonfly,Answer using only one word - chinchilla or dragonfly and not apple. Which is more similar in semantic meaning to apple?,chinchilla
apple|chinchilla|file,Answer using only one word - chinchilla or file and not apple. Which is more similar in semantic meaning to apple?,file
apple|chinchilla|missile,Answer using only one word - chinchilla or missile and not apple. Which is more similar in semantic meaning to apple?,missile
apple|chisel|crow,Answer using only one word - chisel or crow and not apple. Which is more similar in semantic meaning to apple?,none
apple|chisel|eggbeater,Answer using only one word - chisel or eggbeater and not apple. Which is more similar in semantic meaning to apple?,None
apple|chisel|grenade,Answer using only one word - chisel or grenade and not apple. Which is more similar in semantic meaning to apple?,none
apple|clarinet|coconut,Answer using only one word - clarinet or coconut and not apple. Which is more similar in semantic meaning to apple?,coconut
apple|clarinet|eagle,Answer using only one word - clarinet or eagle and not apple. Which is more similar in semantic meaning to apple?,eagle
apple|clarinet|fly,Answer using only one word - clarinet or fly and not apple. Which is more similar in semantic meaning to apple?,fly
apple|coat|coconut,Answer using only one word - coat or coconut and not apple. Which is more similar in semantic meaning to apple?,coconut
apple|coat|eagle,Answer using only one word - coat or eagle and not apple. Which is more similar in semantic meaning to apple?,None
apple|coat|fly,Answer using only one word - coat or fly and not apple. Which is more similar in semantic meaning to apple?,fly
apple|coconut|crow,Answer using only one word - coconut or crow and not apple. Which is more similar in semantic meaning to apple?,coconut
apple|coconut|eggbeater,Answer using only one word - coconut or eggbeater and not apple. Which is more similar in semantic meaning to apple?,eggbeater
apple|coconut|grenade,Answer using only one word - coconut or grenade and not apple. Which is more similar in semantic meaning to apple?,coconut
apple|crow|dragonfly,Answer using only one word - crow or dragonfly and not apple. Which is more similar in semantic meaning to apple?,None
apple|crow|file,Answer using only one word - crow or file and not apple. Which is more similar in semantic meaning to apple?,file
apple|crow|missile,Answer using only one word - crow or missile and not apple. Which is more similar in semantic meaning to apple?,None
apple|crowbar|eggbeater,Answer using only one word - crowbar or eggbeater and not apple. Which is more similar in semantic meaning to apple?,eggbeater
apple|crowbar|grenade,Answer using only one word - crowbar or grenade and not apple. Which is more similar in semantic meaning to apple?,none
apple|dragonfly|eagle,Answer using only one word - dragonfly or eagle and not apple. Which is more similar in semantic meaning to apple?,none
apple|dragonfly|fly,Answer using only one word - dragonfly or fly and not apple. Which is more similar in semantic meaning to apple?,fly
apple|dress|eagle,Answer using only one word - dress or eagle and not apple. Which is more similar in semantic meaning to apple?,eagle
apple|dress|fly,Answer using only one word - dress or fly and not apple. Which is more similar in semantic meaning to apple?,fly
apple|eagle|eggbeater,Answer using only one word - eagle or eggbeater and not apple. Which is more similar in semantic meaning to apple?,eggbeater
apple|eagle|grenade,Answer using only one word - eagle or grenade and not apple. Which is more similar in semantic meaning to apple?,grenade
apple|eggbeater|file,Answer using only one word - eggbeater or file and not apple. Which is more similar in semantic meaning to apple?,file
apple|eggbeater|missile,Answer using only one word - eggbeater or missile and not apple. Which is more similar in semantic meaning to apple?,eggbeater
apple|fig|grenade,Answer using only one word - fig or grenade and not apple. Which is more similar in semantic meaning to apple?,fig
apple|file|fly,Answer using only one word - file or fly and not apple. Which is more similar in semantic meaning to apple?,fly
apple|flute|fly,Answer using only one word - flute or fly and not apple. Which is more similar in semantic meaning to apple?,fly
apple|fly|grenade,Answer using only one word - fly or grenade and not apple. Which is more similar in semantic meaning to apple?,None
apple|grenade|missile,Answer using only one word - grenade or missile and not apple. Which is more similar in semantic meaning to apple?,none
artichoke|bagel|banana,Answer using only one word - bagel or banana and not artichoke. Which is more similar in semantic meaning to artichoke?,banana
artichoke|bagel|bed,Answer using only one word - bagel or bed and not artichoke. Which is more similar in semantic meaning to artichoke?,artichoke
artichoke|bagel|bird,Answer using only one word - bagel or bird and not artichoke. Which is more similar in semantic meaning to artichoke?,bird
artichoke|bagel|boar,Answer using only one word - bagel or boar and not artichoke. Which is more similar in semantic meaning to artichoke?,boar
artichoke|bagel|cactus,Answer using only one word - bagel or cactus and not artichoke. Which is more similar in semantic meaning to artichoke?,cactus
artichoke|bagel|carrot,Answer using only one word - bagel or carrot and not artichoke. Which is more similar in semantic meaning to artichoke?,carrot
artichoke|bagel|chili,Answer using only one word - bagel or chili and not artichoke. Which is more similar in semantic meaning to artichoke?,chili
artichoke|bagel|coconut,Answer using only one word - bagel or coconut and not artichoke. Which is more similar in semantic meaning to artichoke?,coconut
artichoke|bagel|eagle,Answer using only one word - bagel or eagle and not artichoke. Which is more similar in semantic meaning to artichoke?,artichoke
artichoke|bagel|fly,Answer using only one word - bagel or fly and not artichoke. Which is more similar in semantic meaning to artichoke?,fly
artichoke|banana|banjo,Answer using only one word - banana or banjo and not artichoke. Which is more similar in semantic meaning to artichoke?,banjo
artichoke|banana|beet,Answer using only one word - banana or beet and not artichoke. Which is more similar in semantic meaning to artichoke?,beet
artichoke|banana|blender,Answer using only one word - banana or blender and not artichoke. Which is more similar in semantic meaning to artichoke?,artichoke
artichoke|banana|bread,Answer using only one word - banana or bread and not artichoke. Which is more similar in semantic meaning to artichoke?,artichoke
artichoke|banana|candle,Answer using only one word - banana or candle and not artichoke. Which is more similar in semantic meaning to artichoke?,candle
artichoke|banana|cart,Answer using only one word - banana or cart and not artichoke. Which is more similar in semantic meaning to artichoke?,artichoke
artichoke|banana|chinchilla,Answer using only one word - banana or chinchilla and not artichoke. Which is more similar in semantic meaning to artichoke?,chinchilla
artichoke|banana|crow,Answer using only one word - banana or crow and not artichoke. Which is more similar in semantic meaning to artichoke?,artichoke
artichoke|banana|eggbeater,Answer using only one word - banana or eggbeater and not artichoke. Which is more similar in semantic meaning to artichoke?,artichoke
artichoke|banana|grenade,Answer using only one word - banana or grenade and not artichoke. Which is more similar in semantic meaning to artichoke?,artichoke
artichoke|banjo|bat,Answer using only one word - banjo or bat and not artichoke. Which is more similar in semantic meaning to artichoke?,bat
artichoke|banjo|bell,Answer using only one word - banjo or bell and not artichoke. Which is more similar in semantic meaning to artichoke?,None
artichoke|banjo|blueberry,Answer using only one word - banjo or blueberry and not artichoke. Which is more similar in semantic meaning to artichoke?,blueberry
artichoke|banjo|bucket,Answer using only one word - banjo or bucket and not artichoke. Which is more similar in semantic meaning to artichoke?,bucket
artichoke|banjo|cannon,Answer using only one word - banjo or cannon and not artichoke. Which is more similar in semantic meaning to artichoke?,cannon
artichoke|banjo|caterpillar,Answer using only one word - banjo or caterpillar and not artichoke. Which is more similar in semantic meaning to artichoke?,caterpillar
artichoke|banjo|clarinet,Answer using only one word - banjo or clarinet and not artichoke. Which is more similar in semantic meaning to artichoke?,artichoke
artichoke|banjo|dragonfly,Answer using only one word - banjo or dragonfly and not artichoke. Which is more similar in semantic meaning to artichoke?,None
artichoke|banjo|file,Answer using only one word - banjo or file and not artichoke. Which is more similar in semantic meaning to artichoke?,file
artichoke|banjo|missile,Answer using only one word - banjo or missile and not artichoke. Which is more similar in semantic meaning to artichoke?,artichoke
artichoke|barrel|beet,Answer using only one word - barrel or beet and not artichoke. Which is more similar in semantic meaning to artichoke?,beet
artichoke|barrel|blender,Answer using only one word - barrel or blender and not artichoke. Which is more similar in semantic meaning to artichoke?,blender
artichoke|barrel|bread,Answer using only one word - barrel or bread and not artichoke. Which is more similar in semantic meaning to artichoke?,bread
artichoke|barrel|candle,Answer using only one word - barrel or candle and not artichoke. Which is more similar in semantic meaning to artichoke?,candle
artichoke|barrel|cart,Answer using only one word - barrel or cart and not artichoke. Which is more similar in semantic meaning to artichoke?,cart
artichoke|barrel|chinchilla,Answer using only one word - barrel or chinchilla and not artichoke. Which is more similar in semantic meaning to artichoke?,chinchilla
artichoke|barrel|crow,Answer using only one word - barrel or crow and not artichoke. Which is more similar in semantic meaning to artichoke?,crow
artichoke|barrel|eggbeater,Answer using only one word - barrel or eggbeater and not artichoke. Which is more similar in semantic meaning to artichoke?,eggbeater
artichoke|barrel|grenade,Answer using only one word - barrel or grenade and not artichoke. Which is more similar in semantic meaning to artichoke?,none
artichoke|bat|bed,Answer using only one word - bat or bed and not artichoke. Which is more similar in semantic meaning to artichoke?,None
artichoke|bat|bird,Answer using only one word - bat or bird and not artichoke. Which is more similar in semantic meaning to artichoke?,bird
artichoke|bat|boar,Answer using only one word - bat or boar and not artichoke. Which is more similar in semantic meaning to artichoke?,None
artichoke|bat|cactus,Answer using only one word - bat or cactus and not artichoke. Which is more similar in semantic meaning to artichoke?,cactus
artichoke|bat|carrot,Answer using only one word - bat or carrot and not artichoke. Which is more similar in semantic meaning to artichoke?,carrot
artichoke|bat|chili,Answer using only one word - bat or chili and not artichoke. Which is more similar in semantic meaning to artichoke?,chili
artichoke|bat|coconut,Answer using only one word - bat or coconut and not artichoke. Which is more similar in semantic meaning to artichoke?,coconut
artichoke|bat|eagle,Answer using only one word - bat or eagle and not artichoke. Which is more similar in semantic meaning to artichoke?,bat
artichoke|bat|fly,Answer using only one word - bat or fly and not artichoke. Which is more similar in semantic meaning to artichoke?,fly
artichoke|beaver|bed,Answer using only one word - beaver or bed and not artichoke. Which is more similar in semantic meaning to artichoke?,beaver
artichoke|beaver|bird,Answer using only one word - beaver or bird and not artichoke. Which is more similar in semantic meaning to artichoke?,artichoke
artichoke|beaver|boar,Answer using only one word - beaver or boar and not artichoke. Which is more similar in semantic meaning to artichoke?,beaver
artichoke|beaver|cactus,Answer using only one word - beaver or cactus and not artichoke. Which is more similar in semantic meaning to artichoke?,cactus
artichoke|beaver|carrot,Answer using only one word - beaver or carrot and not artichoke. Which is more similar in semantic meaning to artichoke?,carrot
artichoke|beaver|chili,Answer using only one word - beaver or chili and not artichoke. Which is more similar in semantic meaning to artichoke?,chili
artichoke|beaver|coconut,Answer using only one word - beaver or coconut and not artichoke. Which is more similar in semantic meaning to artichoke?,coconut
artichoke|beaver|eagle,Answer using only one word - beaver or eagle and not artichoke. Which is more similar in semantic meaning to artichoke?,artichoke
artichoke|beaver|fly,Answer using only one word - beaver or fly and not artichoke. Which is more similar in semantic meaning to artichoke?,artichoke
artichoke|bed|beet,Answer using only one word - bed or beet and not artichoke. Which is more similar in semantic meaning to artichoke?,beet
artichoke|bed|blender,Answer using only one word - bed or blender and not artichoke. Which is more similar in semantic meaning to artichoke?,blender
artichoke|bed|bread,Answer using only one word - bed or bread and not artichoke. Which is more similar in semantic meaning to artichoke?,bread
artichoke|bed|candle,Answer using only one word - bed or candle and not artichoke. Which is more similar in semantic meaning to artichoke?,candle
artichoke|bed|cart,Answer using only one word - bed or cart and not artichoke. Which is more similar in semantic meaning to artichoke?,cart
artichoke|bed|chinchilla,Answer using only one word - bed or chinchilla and not artichoke. Which is more similar in semantic meaning to artichoke?,chinchilla
artichoke|bed|crow,Answer using only one word - bed or crow and not artichoke. Which is more similar in semantic meaning to artichoke?,crow
artichoke|bed|eggbeater,Answer using only one word - bed or eggbeater and not artichoke. Which is more similar in semantic meaning to artichoke?,eggbeater
artichoke|bed|grenade,Answer using only one word - bed or grenade and not artichoke. Which is more similar in semantic meaning to artichoke?,artichoke
artichoke|beet|bell,Answer using only one word - beet or bell and not artichoke. Which is more similar in semantic meaning to artichoke?,beet
artichoke|beet|blueberry,Answer using only one word - beet or blueberry and not artichoke. Which is more similar in semantic meaning to artichoke?,beet
artichoke|beet|bucket,Answer using only one word - beet or bucket and not artichoke. Which is more similar in semantic meaning to artichoke?,bucket
artichoke|beet|cannon,Answer using only one word - beet or cannon and not artichoke. Which is more similar in semantic meaning to artichoke?,beet
artichoke|beet|caterpillar,Answer using only one word - beet or caterpillar and not artichoke. Which is more similar in semantic meaning to artichoke?,beet
artichoke|beet|clarinet,Answer using only one word - beet or clarinet and not artichoke. Which is more similar in semantic meaning to artichoke?,beet
artichoke|beet|dragonfly,Answer using only one word - beet or dragonfly and not artichoke. Which is more similar in semantic meaning to artichoke?,beet
artichoke|beet|file,Answer using only one word - beet or file and not artichoke. Which is more similar in semantic meaning to artichoke?,file
artichoke|beet|missile,Answer using only one word - beet or missile and not artichoke. Which is more similar in semantic meaning to artichoke?,beet
artichoke|beetle|blender,Answer using only one word - beetle or blender and not artichoke. Which is more similar in semantic meaning to artichoke?,blender
artichoke|beetle|bread,Answer using only one word - beetle or bread and not artichoke. Which is more similar in semantic meaning to artichoke?,bread
artichoke|beetle|candle,Answer using only one word - beetle or candle and not artichoke. Which is more similar in semantic meaning to artichoke?,candle
artichoke|beetle|cart,Answer using only one word - beetle or cart and not artichoke. Which is more similar in semantic meaning to artichoke?,artichoke
artichoke|beetle|chinchilla,Answer using only one word - beetle or chinchilla and not artichoke. Which is more similar in semantic meaning to artichoke?,chinchilla
artichoke|beetle|crow,Answer using only one word - beetle or crow and not artichoke. Which is more similar in semantic meaning to artichoke?,artichoke
artichoke|beetle|eggbeater,Answer using only one word - beetle or eggbeater and not artichoke. Which is more similar in semantic meaning to artichoke?,eggbeater
artichoke|beetle|grenade,Answer using only one word - beetle or grenade and not artichoke. Which is more similar in semantic meaning to artichoke?,artichoke
artichoke|bell|bird,Answer using only one word - bell or bird and not artichoke. Which is more similar in semantic meaning to artichoke?,artichoke
artichoke|bell|boar,Answer using only one word - bell or boar and not artichoke. Which is more similar in semantic meaning to artichoke?,artichoke
artichoke|bell|cactus,Answer using only one word - bell or cactus and not artichoke. Which is more similar in semantic meaning to artichoke?,cactus
artichoke|bell|carrot,Answer using only one word - bell or carrot and not artichoke. Which is more similar in semantic meaning to artichoke?,carrot
artichoke|bell|chili,Answer using only one word - bell or chili and not artichoke. Which is more similar in semantic meaning to artichoke?,chili
artichoke|bell|coconut,Answer using only one word - bell or coconut and not artichoke. Which is more similar in semantic meaning to artichoke?,coconut
artichoke|bell|eagle,Answer using only one word - bell or eagle and not artichoke. Which is more similar in semantic meaning to artichoke?,artichoke
artichoke|bell|fly,Answer using only one word - bell or fly and not artichoke. Which is more similar in semantic meaning to artichoke?,fly
artichoke|belt|bird,Answer using only one word - belt or bird and not artichoke. Which is more similar in semantic meaning to artichoke?,bird
artichoke|belt|boar,Answer using only one word - belt or boar and not artichoke. Which is more similar in semantic meaning to artichoke?,boar
artichoke|belt|cactus,Answer using only one word - belt or cactus and not artichoke. Which is more similar in semantic meaning to artichoke?,cactus
artichoke|belt|carrot,Answer using only one word - belt or carrot and not artichoke. Which is more similar in semantic meaning to artichoke?,carrot
artichoke|belt|chili,Answer using only one word - belt or chili and not artichoke. Which is more similar in semantic meaning to artichoke?,chili
artichoke|belt|coconut,Answer using only one word - belt or coconut and not artichoke. Which is more similar in semantic meaning to artichoke?,coconut
artichoke|belt|eagle,Answer using only one word - belt or eagle and not artichoke. Which is more similar in semantic meaning to artichoke?,artichoke
artichoke|belt|fly,Answer using only one word - belt or fly and not artichoke. Which is more similar in semantic meaning to artichoke?,fly
artichoke|bird|blender,Answer using only one word - bird or blender and not artichoke. Which is more similar in semantic meaning to artichoke?,blender
artichoke|bird|bread,Answer using only one word - bird or bread and not artichoke. Which is more similar in semantic meaning to artichoke?,bread
artichoke|bird|candle,Answer using only one word - bird or candle and not artichoke. Which is more similar in semantic meaning to artichoke?,candle
artichoke|bird|cart,Answer using only one word - bird or cart and not artichoke. Which is more similar in semantic meaning to artichoke?,cart
artichoke|bird|chinchilla,Answer using only one word - bird or chinchilla and not artichoke. Which is more similar in semantic meaning to artichoke?,chinchilla
artichoke|bird|crow,Answer using only one word - bird or crow and not artichoke. Which is more similar in semantic meaning to artichoke?,artichoke
artichoke|bird|eggbeater,Answer using only one word - bird or eggbeater and not artichoke. Which is more similar in semantic meaning to artichoke?,artichoke
artichoke|bird|grenade,Answer using only one word - bird or grenade and not artichoke. Which is more similar in semantic meaning to artichoke?,artichoke
artichoke|blender|blueberry,Answer using only one word - blender or blueberry and not artichoke. Which is more similar in semantic meaning to artichoke?,blueberry
artichoke|blender|bucket,Answer using only one word - blender or bucket and not artichoke. Which is more similar in semantic meaning to artichoke?,bucket
artichoke|blender|cannon,Answer using only one word - blender or cannon and not artichoke. Which is more similar in semantic meaning to artichoke?,cannon
artichoke|blender|caterpillar,Answer using only one word - blender or caterpillar and not artichoke. Which is more similar in semantic meaning to artichoke?,caterpillar
artichoke|blender|clarinet,Answer using only one word - blender or clarinet and not artichoke. Which is more similar in semantic meaning to artichoke?,clarinet
artichoke|blender|dragonfly,Answer using only one word - blender or dragonfly and not artichoke. Which is more similar in semantic meaning to artichoke?,dragonfly
artichoke|blender|file,Answer using only one word - blender or file and not artichoke. Which is more similar in semantic meaning to artichoke?,file
artichoke|blender|missile,Answer using only one word - blender or missile and not artichoke. Which is more similar in semantic meaning to artichoke?,missile
artichoke|blowtorch|bread,Answer using only one word - blowtorch or bread and not artichoke. Which is more similar in semantic meaning to artichoke?,bread
artichoke|blowtorch|candle,Answer using only one word - blowtorch or candle and not artichoke. Which is more similar in semantic meaning to artichoke?,candle
artichoke|blowtorch|cart,Answer using only one word - blowtorch or cart and not artichoke. Which is more similar in semantic meaning to artichoke?,cart
artichoke|blowtorch|chinchilla,Answer using only one word - blowtorch or chinchilla and not artichoke. Which is more similar in semantic meaning to artichoke?,chinchilla
artichoke|blowtorch|crow,Answer using only one word - blowtorch or crow and not artichoke. Which is more similar in semantic meaning to artichoke?,crow
artichoke|blowtorch|eggbeater,Answer using only one word - blowtorch or eggbeater and not artichoke. Which is more similar in semantic meaning to artichoke?,eggbeater
artichoke|blowtorch|grenade,Answer using only one word - blowtorch or grenade and not artichoke. Which is more similar in semantic meaning to artichoke?,None
artichoke|blueberry|boar,Answer using only one word - blueberry or boar and not artichoke. Which is more similar in semantic meaning to artichoke?,boar
artichoke|blueberry|cactus,Answer using only one word - blueberry or cactus and not artichoke. Which is more similar in semantic meaning to artichoke?,cactus
artichoke|blueberry|carrot,Answer using only one word - blueberry or carrot and not artichoke. Which is more similar in semantic meaning to artichoke?,carrot
artichoke|blueberry|chili,Answer using only one word - blueberry or chili and not artichoke. Which is more similar in semantic meaning to artichoke?,chili
artichoke|blueberry|coconut,Answer using only one word - blueberry or coconut and not artichoke. Which is more similar in semantic meaning to artichoke?,coconut
artichoke|blueberry|eagle,Answer using only one word - blueberry or eagle and not artichoke. Which is more similar in semantic meaning to artichoke?,artichoke
artichoke|blueberry|fly,Answer using only one word - blueberry or fly and not artichoke. Which is more similar in semantic meaning to artichoke?,fly
artichoke|boa|boar,Answer using only one word - boa or boar and not artichoke. Which is more similar in semantic meaning to artichoke?,boa
artichoke|boa|cactus,Answer using only one word - boa or cactus and not artichoke. Which is more similar in semantic meaning to artichoke?,cactus
artichoke|boa|carrot,Answer using only one word - boa or carrot and not artichoke. Which is more similar in semantic meaning to artichoke?,carrot
artichoke|boa|chili,Answer using only one word - boa or chili and not artichoke. Which is more similar in semantic meaning to artichoke?,chili
artichoke|boa|coconut,Answer using only one word - boa or coconut and not artichoke. Which is more similar in semantic meaning to artichoke?,coconut
artichoke|boa|eagle,Answer using only one word - boa or eagle and not artichoke. Which is more similar in semantic meaning to artichoke?,boa
artichoke|boa|fly,Answer using only one word - boa or fly and not artichoke. Which is more similar in semantic meaning to artichoke?,fly
artichoke|boar|bread,Answer using only one word - boar or bread and not artichoke. Which is more similar in semantic meaning to artichoke?,bread
artichoke|boar|candle,Answer using only one word - boar or candle and not artichoke. Which is more similar in semantic meaning to artichoke?,candle
artichoke|boar|cart,Answer using only one word - boar or cart and not artichoke. Which is more similar in semantic meaning to artichoke?,artichoke
artichoke|boar|chinchilla,Answer using only one word - boar or chinchilla and not artichoke. Which is more similar in semantic meaning to artichoke?,chinchilla
artichoke|boar|crow,Answer using only one word - boar or crow and not artichoke. Which is more similar in semantic meaning to artichoke?,artichoke
artichoke|boar|eggbeater,Answer using only one word - boar or eggbeater and not artichoke. Which is more similar in semantic meaning to artichoke?,eggbeater
artichoke|boar|grenade,Answer using only one word - boar or grenade and not artichoke. Which is more similar in semantic meaning to artichoke?,artichoke
artichoke|bread|bucket,Answer using only one word - bread or bucket and not artichoke. Which is more similar in semantic meaning to artichoke?,bucket
artichoke|bread|cannon,Answer using only one word - bread or cannon and not artichoke. Which is more similar in semantic meaning to artichoke?,cannon
artichoke|bread|caterpillar,Answer using only one word - bread or caterpillar and not artichoke. Which is more similar in semantic meaning to artichoke?,caterpillar
artichoke|bread|clarinet,Answer using only one word - bread or clarinet and not artichoke. Which is more similar in semantic meaning to artichoke?,clarinet
artichoke|bread|dragonfly,Answer using only one word - bread or dragonfly and not artichoke. Which is more similar in semantic meaning to artichoke?,dragonfly
artichoke|bread|file,Answer using only one word - bread or file and not artichoke. Which is more similar in semantic meaning to artichoke?,file
artichoke|bread|missile,Answer using only one word - bread or missile and not artichoke. Which is more similar in semantic meaning to artichoke?,artichoke
artichoke|brussels sprouts|candle,Answer using only one word - brussels sprouts or candle and not artichoke. Which is more similar in semantic meaning to artichoke?,brussels sprouts
artichoke|brussels sprouts|cart,Answer using only one word - brussels sprouts or cart and not artichoke. Which is more similar in semantic meaning to artichoke?,brussels sprouts
artichoke|brussels sprouts|chinchilla,Answer using only one word - brussels sprouts or chinchilla and not artichoke. Which is more similar in semantic meaning to artichoke?,brussels sprouts
artichoke|brussels sprouts|crow,Answer using only one word - brussels sprouts or crow and not artichoke. Which is more similar in semantic meaning to artichoke?,brussels sprouts
artichoke|brussels sprouts|eggbeater,Answer using only one word - brussels sprouts or eggbeater and not artichoke. Which is more similar in semantic meaning to artichoke?,brussels sprouts
artichoke|brussels sprouts|grenade,Answer using only one word - brussels sprouts or grenade and not artichoke. Which is more similar in semantic meaning to artichoke?,brussels sprouts
artichoke|bucket|cactus,Answer using only one word - bucket or cactus and not artichoke. Which is more similar in semantic meaning to artichoke?,cactus
artichoke|bucket|carrot,Answer using only one word - bucket or carrot and not artichoke. Which is more similar in semantic meaning to artichoke?,carrot
artichoke|bucket|chili,Answer using only one word - bucket or chili and not artichoke. Which is more similar in semantic meaning to artichoke?,chili
artichoke|bucket|coconut,Answer using only one word - bucket or coconut and not artichoke. Which is more similar in semantic meaning to artichoke?,coconut
artichoke|bucket|eagle,Answer using only one word - bucket or eagle and not artichoke. Which is more similar in semantic meaning to artichoke?,artichoke
artichoke|bucket|fly,Answer using only one word - bucket or fly and not artichoke. Which is more similar in semantic meaning to artichoke?,fly
artichoke|burrito|cactus,Answer using only one word - burrito or cactus and not artichoke. Which is more similar in semantic meaning to artichoke?,cactus
artichoke|burrito|carrot,Answer using only one word - burrito or carrot and not artichoke. Which is more similar in semantic meaning to artichoke?,carrot
artichoke|burrito|chili,Answer using only one word - burrito or chili and not artichoke. Which is more similar in semantic meaning to artichoke?,chili
artichoke|burrito|coconut,Answer using only one word - burrito or coconut and not artichoke. Which is more similar in semantic meaning to artichoke?,coconut
artichoke|burrito|eagle,Answer using only one word - burrito or eagle and not artichoke. Which is more similar in semantic meaning to artichoke?,eagle
artichoke|burrito|fly,Answer using only one word - burrito or fly and not artichoke. Which is more similar in semantic meaning to artichoke?,fly
artichoke|cactus|candle,Answer using only one word - cactus or candle and not artichoke. Which is more similar in semantic meaning to artichoke?,cactus
artichoke|cactus|cart,Answer using only one word - cactus or cart and not artichoke. Which is more similar in semantic meaning to artichoke?,cactus
artichoke|cactus|chinchilla,Answer using only one word - cactus or chinchilla and not artichoke. Which is more similar in semantic meaning to artichoke?,chinchilla
artichoke|cactus|crow,Answer using only one word - cactus or crow and not artichoke. Which is more similar in semantic meaning to artichoke?,cactus
artichoke|cactus|eggbeater,Answer using only one word - cactus or eggbeater and not artichoke. Which is more similar in semantic meaning to artichoke?,eggbeater
artichoke|cactus|grenade,Answer using only one word - cactus or grenade and not artichoke. Which is more similar in semantic meaning to artichoke?,cactus
artichoke|candle|cannon,Answer using only one word - candle or cannon and not artichoke. Which is more similar in semantic meaning to artichoke?,cannon
artichoke|candle|caterpillar,Answer using only one word - candle or caterpillar and not artichoke. Which is more similar in semantic meaning to artichoke?,caterpillar
artichoke|candle|clarinet,Answer using only one word - candle or clarinet and not artichoke. Which is more similar in semantic meaning to artichoke?,artichoke
artichoke|candle|dragonfly,Answer using only one word - candle or dragonfly and not artichoke. Which is more similar in semantic meaning to artichoke?,artichoke
artichoke|candle|file,Answer using only one word - candle or file and not artichoke. Which is more similar in semantic meaning to artichoke?,file
artichoke|candle|missile,Answer using only one word - candle or missile and not artichoke. Which is more similar in semantic meaning to artichoke?,artichoke
artichoke|candy|cart,Answer using only one word - candy or cart and not artichoke. Which is more similar in semantic meaning to artichoke?,artichoke
artichoke|candy|chinchilla,Answer using only one word - candy or chinchilla and not artichoke. Which is more similar in semantic meaning to artichoke?,chinchilla
artichoke|candy|crow,Answer using only one word - candy or crow and not artichoke. Which is more similar in semantic meaning to artichoke?,candy
artichoke|candy|eggbeater,Answer using only one word - candy or eggbeater and not artichoke. Which is more similar in semantic meaning to artichoke?,artichoke
artichoke|candy|grenade,Answer using only one word - candy or grenade and not artichoke. Which is more similar in semantic meaning to artichoke?,None
artichoke|cannon|carrot,Answer using only one word - cannon or carrot and not artichoke. Which is more similar in semantic meaning to artichoke?,carrot
artichoke|cannon|chili,Answer using only one word - cannon or chili and not artichoke. Which is more similar in semantic meaning to artichoke?,chili
artichoke|cannon|coconut,Answer using only one word - cannon or coconut and not artichoke. Which is more similar in semantic meaning to artichoke?,coconut
artichoke|cannon|eagle,Answer using only one word - cannon or eagle and not artichoke. Which is more similar in semantic meaning to artichoke?,artichoke
artichoke|cannon|fly,Answer using only one word - cannon or fly and not artichoke. Which is more similar in semantic meaning to artichoke?,fly
artichoke|car|carrot,Answer using only one word - car or carrot and not artichoke. Which is more similar in semantic meaning to artichoke?,carrot
artichoke|car|chili,Answer using only one word - car or chili and not artichoke. Which is more similar in semantic meaning to artichoke?,chili
artichoke|car|coconut,Answer using only one word - car or coconut and not artichoke. Which is more similar in semantic meaning to artichoke?,coconut
artichoke|car|eagle,Answer using only one word - car or eagle and not artichoke. Which is more similar in semantic meaning to artichoke?,artichoke
artichoke|car|fly,Answer using only one word - car or fly and not artichoke. Which is more similar in semantic meaning to artichoke?,artichoke
artichoke|carrot|cart,Answer using only one word - carrot or cart and not artichoke. Which is more similar in semantic meaning to artichoke?,carrot
artichoke|carrot|chinchilla,Answer using only one word - carrot or chinchilla and not artichoke. Which is more similar in semantic meaning to artichoke?,chinchilla
artichoke|carrot|crow,Answer using only one word - carrot or crow and not artichoke. Which is more similar in semantic meaning to artichoke?,carrot
artichoke|carrot|eggbeater,Answer using only one word - carrot or eggbeater and not artichoke. Which is more similar in semantic meaning to artichoke?,artichoke
artichoke|carrot|grenade,Answer using only one word - carrot or grenade and not artichoke. Which is more similar in semantic meaning to artichoke?,carrot
artichoke|cart|caterpillar,Answer using only one word - cart or caterpillar and not artichoke. Which is more similar in semantic meaning to artichoke?,caterpillar
artichoke|cart|clarinet,Answer using only one word - cart or clarinet and not artichoke. Which is more similar in semantic meaning to artichoke?,clarinet
artichoke|cart|dragonfly,Answer using only one word - cart or dragonfly and not artichoke. Which is more similar in semantic meaning to artichoke?,dragonfly
artichoke|cart|file,Answer using only one word - cart or file and not artichoke. Which is more similar in semantic meaning to artichoke?,file
artichoke|cart|missile,Answer using only one word - cart or missile and not artichoke. Which is more similar in semantic meaning to artichoke?,cart
artichoke|cat|chinchilla,Answer using only one word - cat or chinchilla and not artichoke. Which is more similar in semantic meaning to artichoke?,chinchilla
artichoke|cat|crow,Answer using only one word - cat or crow and not artichoke. Which is more similar in semantic meaning to artichoke?,artichoke
artichoke|cat|eggbeater,Answer using only one word - cat or eggbeater and not artichoke. Which is more similar in semantic meaning to artichoke?,eggbeater
artichoke|cat|grenade,Answer using only one word - cat or grenade and not artichoke. Which is more similar in semantic meaning to artichoke?,artichoke
artichoke|caterpillar|chili,Answer using only one word - caterpillar or chili and not artichoke. Which is more similar in semantic meaning to artichoke?,chili
artichoke|caterpillar|coconut,Answer using only one word - caterpillar or coconut and not artichoke. Which is more similar in semantic meaning to artichoke?,coconut
artichoke|caterpillar|eagle,Answer using only one word - caterpillar or eagle and not artichoke. Which is more similar in semantic meaning to artichoke?,artichoke
artichoke|caterpillar|fly,Answer using only one word - caterpillar or fly and not artichoke. Which is more similar in semantic meaning to artichoke?,caterpillar
artichoke|celery|chili,Answer using only one word - celery or chili and not artichoke. Which is more similar in semantic meaning to artichoke?,chili
artichoke|celery|coconut,Answer using only one word - celery or coconut and not artichoke. Which is more similar in semantic meaning to artichoke?,coconut
artichoke|celery|eagle,Answer using only one word - celery or eagle and not artichoke. Which is more similar in semantic meaning to artichoke?,celery
artichoke|celery|fly,Answer using only one word - celery or fly and not artichoke. Which is more similar in semantic meaning to artichoke?,fly
artichoke|chili|chinchilla,Answer using only one word - chili or chinchilla and not artichoke. Which is more similar in semantic meaning to artichoke?,chinchilla
artichoke|chili|crow,Answer using only one word - chili or crow and not artichoke. Which is more similar in semantic meaning to artichoke?,chili
artichoke|chili|eggbeater,Answer using only one word - chili or eggbeater and not artichoke. Which is more similar in semantic meaning to artichoke?,eggbeater
artichoke|chili|grenade,Answer using only one word - chili or grenade and not artichoke. Which is more similar in semantic meaning to artichoke?,None
artichoke|chinchilla|clarinet,Answer using only one word - chinchilla or clarinet and not artichoke. Which is more similar in semantic meaning to artichoke?,artichoke
artichoke|chinchilla|dragonfly,Answer using only one word - chinchilla or dragonfly and not artichoke. Which is more similar in semantic meaning to artichoke?,None
artichoke|chinchilla|file,Answer using only one word - chinchilla or file and not artichoke. Which is more similar in semantic meaning to artichoke?,chinchilla
artichoke|chinchilla|missile,Answer using only one word - chinchilla or missile and not artichoke. Which is more similar in semantic meaning to artichoke?,artichoke
artichoke|chisel|crow,Answer using only one word - chisel or crow and not artichoke. Which is more similar in semantic meaning to artichoke?,None
artichoke|chisel|eggbeater,Answer using only one word - chisel or eggbeater and not artichoke. Which is more similar in semantic meaning to artichoke?,eggbeater
artichoke|chisel|grenade,Answer using only one word - chisel or grenade and not artichoke. Which is more similar in semantic meaning to artichoke?,artichoke
artichoke|clarinet|coconut,Answer using only one word - clarinet or coconut and not artichoke. Which is more similar in semantic meaning to artichoke?,coconut
artichoke|clarinet|eagle,Answer using only one word - clarinet or eagle and not artichoke. Which is more similar in semantic meaning to artichoke?,eagle
artichoke|clarinet|fly,Answer using only one word - clarinet or fly and not artichoke. Which is more similar in semantic meaning to artichoke?,fly
artichoke|coat|coconut,Answer using only one word - coat or coconut and not artichoke. Which is more similar in semantic meaning to artichoke?,coconut
artichoke|coat|eagle,Answer using only one word - coat or eagle and not artichoke. Which is more similar in semantic meaning to artichoke?,artichoke
artichoke|coat|fly,Answer using only one word - coat or fly and not artichoke. Which is more similar in semantic meaning to artichoke?,fly
artichoke|coconut|crow,Answer using only one word - coconut or crow and not artichoke. Which is more similar in semantic meaning to artichoke?,coconut
artichoke|coconut|eggbeater,Answer using only one word - coconut or eggbeater and not artichoke. Which is more similar in semantic meaning to artichoke?,artichoke
artichoke|coconut|grenade,Answer using only one word - coconut or grenade and not artichoke. Which is more similar in semantic meaning to artichoke?,coconut
artichoke|crow|dragonfly,Answer using only one word - crow or dragonfly and not artichoke. Which is more similar in semantic meaning to artichoke?,artichoke
artichoke|crow|file,Answer using only one word - crow or file and not artichoke. Which is more similar in semantic meaning to artichoke?,file
artichoke|crow|missile,Answer using only one word - crow or missile and not artichoke. Which is more similar in semantic meaning to artichoke?,artichoke
artichoke|crowbar|eggbeater,Answer using only one word - crowbar or eggbeater and not artichoke. Which is more similar in semantic meaning to artichoke?,eggbeater
artichoke|crowbar|grenade,Answer using only one word - crowbar or grenade and not artichoke. Which is more similar in semantic meaning to artichoke?,None
artichoke|dragonfly|eagle,Answer using only one word - dragonfly or eagle and not artichoke. Which is more similar in semantic meaning to artichoke?,artichoke
artichoke|dragonfly|fly,Answer using only one word - dragonfly or fly and not artichoke. Which is more similar in semantic meaning to artichoke?,fly
artichoke|dress|eagle,Answer using only one word - dress or eagle and not artichoke. Which is more similar in semantic meaning to artichoke?,artichoke
artichoke|dress|fly,Answer using only one word - dress or fly and not artichoke. Which is more similar in semantic meaning to artichoke?,artichoke
artichoke|eagle|eggbeater,Answer using only one word - eagle or eggbeater and not artichoke. Which is more similar in semantic meaning to artichoke?,eggbeater
artichoke|eagle|grenade,Answer using only one word - eagle or grenade and not artichoke. Which is more similar in semantic meaning to artichoke?,artichoke
artichoke|eggbeater|file,Answer using only one word - eggbeater or file and not artichoke. Which is more similar in semantic meaning to artichoke?,file
artichoke|eggbeater|missile,Answer using only one word - eggbeater or missile and not artichoke. Which is more similar in semantic meaning to artichoke?,artichoke
artichoke|fig|grenade,Answer using only one word - fig or grenade and not artichoke. Which is more similar in semantic meaning to artichoke?,fig
artichoke|file|fly,Answer using only one word - file or fly and not artichoke. Which is more similar in semantic meaning to artichoke?,fly
artichoke|flute|fly,Answer using only one word - flute or fly and not artichoke. Which is more similar in semantic meaning to artichoke?,fly
artichoke|fly|grenade,Answer using only one word - fly or grenade and not artichoke. Which is more similar in semantic meaning to artichoke?,grenade
artichoke|grenade|missile,Answer using only one word - grenade or missile and not artichoke. Which is more similar in semantic meaning to artichoke?,artichoke
bagel|banana|banjo,Answer using only one word - banana or banjo and not bagel. Which is more similar in semantic meaning to bagel?,banjo
bagel|banana|beet,Answer using only one word - banana or beet and not bagel. Which is more similar in semantic meaning to bagel?,beet
bagel|banana|blender,Answer using only one word - banana or blender and not bagel. Which is more similar in semantic meaning to bagel?,blender
bagel|banana|bread,Answer using only one word - banana or bread and not bagel. Which is more similar in semantic meaning to bagel?,bread
bagel|banana|candle,Answer using only one word - banana or candle and not bagel. Which is more similar in semantic meaning to bagel?,candle
bagel|banana|cart,Answer using only one word - banana or cart and not bagel. Which is more similar in semantic meaning to bagel?,cart
bagel|banana|chinchilla,Answer using only one word - banana or chinchilla and not bagel. Which is more similar in semantic meaning to bagel?,chinchilla
bagel|banana|crow,Answer using only one word - banana or crow and not bagel. Which is more similar in semantic meaning to bagel?,crow
bagel|banana|eggbeater,Answer using only one word - banana or eggbeater and not bagel. Which is more similar in semantic meaning to bagel?,eggbeater
bagel|banana|grenade,Answer using only one word - banana or grenade and not bagel. Which is more similar in semantic meaning to bagel?,grenade
bagel|banjo|bat,Answer using only one word - banjo or bat and not bagel. Which is more similar in semantic meaning to bagel?,bat
bagel|banjo|bell,Answer using only one word - banjo or bell and not bagel. Which is more similar in semantic meaning to bagel?,None
bagel|banjo|blueberry,Answer using only one word - banjo or blueberry and not bagel. Which is more similar in semantic meaning to bagel?,None
bagel|banjo|bucket,Answer using only one word - banjo or bucket and not bagel. Which is more similar in semantic meaning to bagel?,bucket
bagel|banjo|cannon,Answer using only one word - banjo or cannon and not bagel. Which is more similar in semantic meaning to bagel?,cannon
bagel|banjo|caterpillar,Answer using only one word - banjo or caterpillar and not bagel. Which is more similar in semantic meaning to bagel?,caterpillar
bagel|banjo|clarinet,Answer using only one word - banjo or clarinet and not bagel. Which is more similar in semantic meaning to bagel?,None
bagel|banjo|dragonfly,Answer using only one word - banjo or dragonfly and not bagel. Which is more similar in semantic meaning to bagel?,None
bagel|banjo|file,Answer using only one word - banjo or file and not bagel. Which is more similar in semantic meaning to bagel?,file
bagel|banjo|missile,Answer using only one word - banjo or missile and not bagel. Which is more similar in semantic meaning to bagel?,banjo
bagel|barrel|beet,Answer using only one word - barrel or beet and not bagel. Which is more similar in semantic meaning to bagel?,beet
bagel|barrel|blender,Answer using only one word - barrel or blender and not bagel. Which is more similar in semantic meaning to bagel?,blender
bagel|barrel|bread,Answer using only one word - barrel or bread and not bagel. Which is more similar in semantic meaning to bagel?,bread
bagel|barrel|candle,Answer using only one word - barrel or candle and not bagel. Which is more similar in semantic meaning to bagel?,candle
bagel|barrel|cart,Answer using only one word - barrel or cart and not bagel. Which is more similar in semantic meaning to bagel?,cart
bagel|barrel|chinchilla,Answer using only one word - barrel or chinchilla and not bagel. Which is more similar in semantic meaning to bagel?,chinchilla
bagel|barrel|crow,Answer using only one word - barrel or crow and not bagel. Which is more similar in semantic meaning to bagel?,crow
bagel|barrel|eggbeater,Answer using only one word - barrel or eggbeater and not bagel. Which is more similar in semantic meaning to bagel?,eggbeater
bagel|barrel|grenade,Answer using only one word - barrel or grenade and not bagel. Which is more similar in semantic meaning to bagel?,None.
bagel|bat|bed,Answer using only one word - bat or bed and not bagel. Which is more similar in semantic meaning to bagel?,bagel
bagel|bat|bird,Answer using only one word - bat or bird and not bagel. Which is more similar in semantic meaning to bagel?,bagel
bagel|bat|boar,Answer using only one word - bat or boar and not bagel. Which is more similar in semantic meaning to bagel?,None
bagel|bat|cactus,Answer using only one word - bat or cactus and not bagel. Which is more similar in semantic meaning to bagel?,None
bagel|bat|carrot,Answer using only one word - bat or carrot and not bagel. Which is more similar in semantic meaning to bagel?,None
bagel|bat|chili,Answer using only one word - bat or chili and not bagel. Which is more similar in semantic meaning to bagel?,chili
bagel|bat|coconut,Answer using only one word - bat or coconut and not bagel. Which is more similar in semantic meaning to bagel?,coconut
bagel|bat|eagle,Answer using only one word - bat or eagle and not bagel. Which is more similar in semantic meaning to bagel?,None
bagel|bat|fly,Answer using only one word - bat or fly and not bagel. Which is more similar in semantic meaning to bagel?,fly
bagel|beaver|bed,Answer using only one word - beaver or bed and not bagel. Which is more similar in semantic meaning to bagel?,beaver
bagel|beaver|bird,Answer using only one word - beaver or bird and not bagel. Which is more similar in semantic meaning to bagel?,beaver
bagel|beaver|boar,Answer using only one word - beaver or boar and not bagel. Which is more similar in semantic meaning to bagel?,beaver
bagel|beaver|cactus,Answer using only one word - beaver or cactus and not bagel. Which is more similar in semantic meaning to bagel?,beaver
bagel|beaver|carrot,Answer using only one word - beaver or carrot and not bagel. Which is more similar in semantic meaning to bagel?,carrot
bagel|beaver|chili,Answer using only one word - beaver or chili and not bagel. Which is more similar in semantic meaning to bagel?,chili
bagel|beaver|coconut,Answer using only one word - beaver or coconut and not bagel. Which is more similar in semantic meaning to bagel?,coconut
bagel|beaver|eagle,Answer using only one word - beaver or eagle and not bagel. Which is more similar in semantic meaning to bagel?,beaver
bagel|beaver|fly,Answer using only one word - beaver or fly and not bagel. Which is more similar in semantic meaning to bagel?,fly
bagel|bed|beet,Answer using only one word - bed or beet and not bagel. Which is more similar in semantic meaning to bagel?,beet
bagel|bed|blender,Answer using only one word - bed or blender and not bagel. Which is more similar in semantic meaning to bagel?,blender
bagel|bed|bread,Answer using only one word - bed or bread and not bagel. Which is more similar in semantic meaning to bagel?,bread
bagel|bed|candle,Answer using only one word - bed or candle and not bagel. Which is more similar in semantic meaning to bagel?,candle
bagel|bed|cart,Answer using only one word - bed or cart and not bagel. Which is more similar in semantic meaning to bagel?,cart
bagel|bed|chinchilla,Answer using only one word - bed or chinchilla and not bagel. Which is more similar in semantic meaning to bagel?,chinchilla
bagel|bed|crow,Answer using only one word - bed or crow and not bagel. Which is more similar in semantic meaning to bagel?,bagel
bagel|bed|eggbeater,Answer using only one word - bed or eggbeater and not bagel. Which is more similar in semantic meaning to bagel?,eggbeater
bagel|bed|grenade,Answer using only one word - bed or grenade and not bagel. Which is more similar in semantic meaning to bagel?,None
bagel|beet|bell,Answer using only one word - beet or bell and not bagel. Which is more similar in semantic meaning to bagel?,bell
bagel|beet|blueberry,Answer using only one word - beet or blueberry and not bagel. Which is more similar in semantic meaning to bagel?,beet
bagel|beet|bucket,Answer using only one word - beet or bucket and not bagel. Which is more similar in semantic meaning to bagel?,bucket
bagel|beet|cannon,Answer using only one word - beet or cannon and not bagel. Which is more similar in semantic meaning to bagel?,cannon
bagel|beet|caterpillar,Answer using only one word - beet or caterpillar and not bagel. Which is more similar in semantic meaning to bagel?,caterpillar
bagel|beet|clarinet,Answer using only one word - beet or clarinet and not bagel. Which is more similar in semantic meaning to bagel?,beet
bagel|beet|dragonfly,Answer using only one word - beet or dragonfly and not bagel. Which is more similar in semantic meaning to bagel?,None
bagel|beet|file,Answer using only one word - beet or file and not bagel. Which is more similar in semantic meaning to bagel?,file
bagel|beet|missile,Answer using only one word - beet or missile and not bagel. Which is more similar in semantic meaning to bagel?,missile
bagel|beetle|blender,Answer using only one word - beetle or blender and not bagel. Which is more similar in semantic meaning to bagel?,blender
bagel|beetle|bread,Answer using only one word - beetle or bread and not bagel. Which is more similar in semantic meaning to bagel?,bread
bagel|beetle|candle,Answer using only one word - beetle or candle and not bagel. Which is more similar in semantic meaning to bagel?,candle
bagel|beetle|cart,Answer using only one word - beetle or cart and not bagel. Which is more similar in semantic meaning to bagel?,cart
bagel|beetle|chinchilla,Answer using only one word - beetle or chinchilla and not bagel. Which is more similar in semantic meaning to bagel?,beetle
bagel|beetle|crow,Answer using only one word - beetle or crow and not bagel. Which is more similar in semantic meaning to bagel?,None
bagel|beetle|eggbeater,Answer using only one word - beetle or eggbeater and not bagel. Which is more similar in semantic meaning to bagel?,eggbeater
bagel|beetle|grenade,Answer using only one word - beetle or grenade and not bagel. Which is more similar in semantic meaning to bagel?,grenade
bagel|bell|bird,Answer using only one word - bell or bird and not bagel. Which is more similar in semantic meaning to bagel?,bird
bagel|bell|boar,Answer using only one word - bell or boar and not bagel. Which is more similar in semantic meaning to bagel?,boar
bagel|bell|cactus,Answer using only one word - bell or cactus and not bagel. Which is more similar in semantic meaning to bagel?,cactus
bagel|bell|carrot,Answer using only one word - bell or carrot and not bagel. Which is more similar in semantic meaning to bagel?,carrot
bagel|bell|chili,Answer using only one word - bell or chili and not bagel. Which is more similar in semantic meaning to bagel?,chili
bagel|bell|coconut,Answer using only one word - bell or coconut and not bagel. Which is more similar in semantic meaning to bagel?,coconut
bagel|bell|eagle,Answer using only one word - bell or eagle and not bagel. Which is more similar in semantic meaning to bagel?,None
bagel|bell|fly,Answer using only one word - bell or fly and not bagel. Which is more similar in semantic meaning to bagel?,fly
bagel|belt|bird,Answer using only one word - belt or bird and not bagel. Which is more similar in semantic meaning to bagel?,bird
bagel|belt|boar,Answer using only one word - belt or boar and not bagel. Which is more similar in semantic meaning to bagel?,boar
bagel|belt|cactus,Answer using only one word - belt or cactus and not bagel. Which is more similar in semantic meaning to bagel?,cactus
bagel|belt|carrot,Answer using only one word - belt or carrot and not bagel. Which is more similar in semantic meaning to bagel?,carrot
bagel|belt|chili,Answer using only one word - belt or chili and not bagel. Which is more similar in semantic meaning to bagel?,chili
bagel|belt|coconut,Answer using only one word - belt or coconut and not bagel. Which is more similar in semantic meaning to bagel?,coconut
bagel|belt|eagle,Answer using only one word - belt or eagle and not bagel. Which is more similar in semantic meaning to bagel?,eagle
bagel|belt|fly,Answer using only one word - belt or fly and not bagel. Which is more similar in semantic meaning to bagel?,fly
bagel|bird|blender,Answer using only one word - bird or blender and not bagel. Which is more similar in semantic meaning to bagel?,blender
bagel|bird|bread,Answer using only one word - bird or bread and not bagel. Which is more similar in semantic meaning to bagel?,bread
bagel|bird|candle,Answer using only one word - bird or candle and not bagel. Which is more similar in semantic meaning to bagel?,candle
bagel|bird|cart,Answer using only one word - bird or cart and not bagel. Which is more similar in semantic meaning to bagel?,cart
bagel|bird|chinchilla,Answer using only one word - bird or chinchilla and not bagel. Which is more similar in semantic meaning to bagel?,chinchilla
bagel|bird|crow,Answer using only one word - bird or crow and not bagel. Which is more similar in semantic meaning to bagel?,None
bagel|bird|eggbeater,Answer using only one word - bird or eggbeater and not bagel. Which is more similar in semantic meaning to bagel?,eggbeater
bagel|bird|grenade,Answer using only one word - bird or grenade and not bagel. Which is more similar in semantic meaning to bagel?,None
bagel|blender|blueberry,Answer using only one word - blender or blueberry and not bagel. Which is more similar in semantic meaning to bagel?,blueberry
bagel|blender|bucket,Answer using only one word - blender or bucket and not bagel. Which is more similar in semantic meaning to bagel?,bucket
bagel|blender|cannon,Answer using only one word - blender or cannon and not bagel. Which is more similar in semantic meaning to bagel?,cannon
bagel|blender|caterpillar,Answer using only one word - blender or caterpillar and not bagel. Which is more similar in semantic meaning to bagel?,caterpillar
bagel|blender|clarinet,Answer using only one word - blender or clarinet and not bagel. Which is more similar in semantic meaning to bagel?,None
bagel|blender|dragonfly,Answer using only one word - blender or dragonfly and not bagel. Which is more similar in semantic meaning to bagel?,dragonfly
bagel|blender|file,Answer using only one word - blender or file and not bagel. Which is more similar in semantic meaning to bagel?,file
bagel|blender|missile,Answer using only one word - blender or missile and not bagel. Which is more similar in semantic meaning to bagel?,missile
bagel|blowtorch|bread,Answer using only one word - blowtorch or bread and not bagel. Which is more similar in semantic meaning to bagel?,bread
bagel|blowtorch|candle,Answer using only one word - blowtorch or candle and not bagel. Which is more similar in semantic meaning to bagel?,candle
bagel|blowtorch|cart,Answer using only one word - blowtorch or cart and not bagel. Which is more similar in semantic meaning to bagel?,cart
bagel|blowtorch|chinchilla,Answer using only one word - blowtorch or chinchilla and not bagel. Which is more similar in semantic meaning to bagel?,chinchilla
bagel|blowtorch|crow,Answer using only one word - blowtorch or crow and not bagel. Which is more similar in semantic meaning to bagel?,crow
bagel|blowtorch|eggbeater,Answer using only one word - blowtorch or eggbeater and not bagel. Which is more similar in semantic meaning to bagel?,eggbeater
bagel|blowtorch|grenade,Answer using only one word - blowtorch or grenade and not bagel. Which is more similar in semantic meaning to bagel?,none
bagel|blueberry|boar,Answer using only one word - blueberry or boar and not bagel. Which is more similar in semantic meaning to bagel?,boar
bagel|blueberry|cactus,Answer using only one word - blueberry or cactus and not bagel. Which is more similar in semantic meaning to bagel?,cactus
bagel|blueberry|carrot,Answer using only one word - blueberry or carrot and not bagel. Which is more similar in semantic meaning to bagel?,carrot
bagel|blueberry|chili,Answer using only one word - blueberry or chili and not bagel. Which is more similar in semantic meaning to bagel?,chili
bagel|blueberry|coconut,Answer using only one word - blueberry or coconut and not bagel. Which is more similar in semantic meaning to bagel?,coconut
bagel|blueberry|eagle,Answer using only one word - blueberry or eagle and not bagel. Which is more similar in semantic meaning to bagel?,None
bagel|blueberry|fly,Answer using only one word - blueberry or fly and not bagel. Which is more similar in semantic meaning to bagel?,fly
bagel|boa|boar,Answer using only one word - boa or boar and not bagel. Which is more similar in semantic meaning to bagel?,boar
bagel|boa|cactus,Answer using only one word - boa or cactus and not bagel. Which is more similar in semantic meaning to bagel?,cactus
bagel|boa|carrot,Answer using only one word - boa or carrot and not bagel. Which is more similar in semantic meaning to bagel?,carrot
bagel|boa|chili,Answer using only one word - boa or chili and not bagel. Which is more similar in semantic meaning to bagel?,chili
bagel|boa|coconut,Answer using only one word - boa or coconut and not bagel. Which is more similar in semantic meaning to bagel?,coconut
bagel|boa|eagle,Answer using only one word - boa or eagle and not bagel. Which is more similar in semantic meaning to bagel?,boa
bagel|boa|fly,Answer using only one word - boa or fly and not bagel. Which is more similar in semantic meaning to bagel?,fly
bagel|boar|bread,Answer using only one word - boar or bread and not bagel. Which is more similar in semantic meaning to bagel?,bread
bagel|boar|candle,Answer using only one word - boar or candle and not bagel. Which is more similar in semantic meaning to bagel?,candle
bagel|boar|cart,Answer using only one word - boar or cart and not bagel. Which is more similar in semantic meaning to bagel?,cart
bagel|boar|chinchilla,Answer using only one word - boar or chinchilla and not bagel. Which is more similar in semantic meaning to bagel?,None
bagel|boar|crow,Answer using only one word - boar or crow and not bagel. Which is more similar in semantic meaning to bagel?,None
bagel|boar|eggbeater,Answer using only one word - boar or eggbeater and not bagel. Which is more similar in semantic meaning to bagel?,eggbeater
bagel|boar|grenade,Answer using only one word - boar or grenade and not bagel. Which is more similar in semantic meaning to bagel?,bagel
bagel|bread|bucket,Answer using only one word - bread or bucket and not bagel. Which is more similar in semantic meaning to bagel?,bucket
bagel|bread|cannon,Answer using only one word - bread or cannon and not bagel. Which is more similar in semantic meaning to bagel?,cannon
bagel|bread|caterpillar,Answer using only one word - bread or caterpillar and not bagel. Which is more similar in semantic meaning to bagel?,bread
bagel|bread|clarinet,Answer using only one word - bread or clarinet and not bagel. Which is more similar in semantic meaning to bagel?,bread
bagel|bread|dragonfly,Answer using only one word - bread or dragonfly and not bagel. Which is more similar in semantic meaning to bagel?,bread
bagel|bread|file,Answer using only one word - bread or file and not bagel. Which is more similar in semantic meaning to bagel?,file
bagel|bread|missile,Answer using only one word - bread or missile and not bagel. Which is more similar in semantic meaning to bagel?,bread
bagel|brussels sprouts|candle,Answer using only one word - brussels sprouts or candle and not bagel. Which is more similar in semantic meaning to bagel?,candle
bagel|brussels sprouts|cart,Answer using only one word - brussels sprouts or cart and not bagel. Which is more similar in semantic meaning to bagel?,brussels sprouts
bagel|brussels sprouts|chinchilla,Answer using only one word - brussels sprouts or chinchilla and not bagel. Which is more similar in semantic meaning to bagel?,chinchilla
bagel|brussels sprouts|crow,Answer using only one word - brussels sprouts or crow and not bagel. Which is more similar in semantic meaning to bagel?,brussels sprouts
bagel|brussels sprouts|eggbeater,Answer using only one word - brussels sprouts or eggbeater and not bagel. Which is more similar in semantic meaning to bagel?,eggbeater
bagel|brussels sprouts|grenade,Answer using only one word - brussels sprouts or grenade and not bagel. Which is more similar in semantic meaning to bagel?,grenade
bagel|bucket|cactus,Answer using only one word - bucket or cactus and not bagel. Which is more similar in semantic meaning to bagel?,cactus
bagel|bucket|carrot,Answer using only one word - bucket or carrot and not bagel. Which is more similar in semantic meaning to bagel?,carrot
bagel|bucket|chili,Answer using only one word - bucket or chili and not bagel. Which is more similar in semantic meaning to bagel?,chili
bagel|bucket|coconut,Answer using only one word - bucket or coconut and not bagel. Which is more similar in semantic meaning to bagel?,coconut
bagel|bucket|eagle,Answer using only one word - bucket or eagle and not bagel. Which is more similar in semantic meaning to bagel?,bucket
bagel|bucket|fly,Answer using only one word - bucket or fly and not bagel. Which is more similar in semantic meaning to bagel?,fly
bagel|burrito|cactus,Answer using only one word - burrito or cactus and not bagel. Which is more similar in semantic meaning to bagel?,cactus
bagel|burrito|carrot,Answer using only one word - burrito or carrot and not bagel. Which is more similar in semantic meaning to bagel?,carrot
bagel|burrito|chili,Answer using only one word - burrito or chili and not bagel. Which is more similar in semantic meaning to bagel?,chili
bagel|burrito|coconut,Answer using only one word - burrito or coconut and not bagel. Which is more similar in semantic meaning to bagel?,coconut
bagel|burrito|eagle,Answer using only one word - burrito or eagle and not bagel. Which is more similar in semantic meaning to bagel?,burrito
bagel|burrito|fly,Answer using only one word - burrito or fly and not bagel. Which is more similar in semantic meaning to bagel?,fly
bagel|cactus|candle,Answer using only one word - cactus or candle and not bagel. Which is more similar in semantic meaning to bagel?,cactus
bagel|cactus|cart,Answer using only one word - cactus or cart and not bagel. Which is more similar in semantic meaning to bagel?,cactus
bagel|cactus|chinchilla,Answer using only one word - cactus or chinchilla and not bagel. Which is more similar in semantic meaning to bagel?,chinchilla
bagel|cactus|crow,Answer using only one word - cactus or crow and not bagel. Which is more similar in semantic meaning to bagel?,cactus
bagel|cactus|eggbeater,Answer using only one word - cactus or eggbeater and not bagel. Which is more similar in semantic meaning to bagel?,eggbeater
bagel|cactus|grenade,Answer using only one word - cactus or grenade and not bagel. Which is more similar in semantic meaning to bagel?,grenade
bagel|candle|cannon,Answer using only one word - candle or cannon and not bagel. Which is more similar in semantic meaning to bagel?,candle
bagel|candle|caterpillar,Answer using only one word - candle or caterpillar and not bagel. Which is more similar in semantic meaning to bagel?,candle
bagel|candle|clarinet,Answer using only one word - candle or clarinet and not bagel. Which is more similar in semantic meaning to bagel?,clarinet
bagel|candle|dragonfly,Answer using only one word - candle or dragonfly and not bagel. Which is more similar in semantic meaning to bagel?,candle
bagel|candle|file,Answer using only one word - candle or file and not bagel. Which is more similar in semantic meaning to bagel?,file
bagel|candle|missile,Answer using only one word - candle or missile and not bagel. Which is more similar in semantic meaning to bagel?,bagel
bagel|candy|cart,Answer using only one word - candy or cart and not bagel. Which is more similar in semantic meaning to bagel?,candy
bagel|candy|chinchilla,Answer using only one word - candy or chinchilla and not bagel. Which is more similar in semantic meaning to bagel?,chinchilla
bagel|candy|crow,Answer using only one word - candy or crow and not bagel. Which is more similar in semantic meaning to bagel?,candy
bagel|candy|eggbeater,Answer using only one word - candy or eggbeater and not bagel. Which is more similar in semantic meaning to bagel?,eggbeater
bagel|candy|grenade,Answer using only one word - candy or grenade and not bagel. Which is more similar in semantic meaning to bagel?,None
bagel|cannon|carrot,Answer using only one word - cannon or carrot and not bagel. Which is more similar in semantic meaning to bagel?,carrot
bagel|cannon|chili,Answer using only one word - cannon or chili and not bagel. Which is more similar in semantic meaning to bagel?,chili
bagel|cannon|coconut,Answer using only one word - cannon or coconut and not bagel. Which is more similar in semantic meaning to bagel?,coconut
bagel|cannon|eagle,Answer using only one word - cannon or eagle and not bagel. Which is more similar in semantic meaning to bagel?,cannon
bagel|cannon|fly,Answer using only one word - cannon or fly and not bagel. Which is more similar in semantic meaning to bagel?,fly
bagel|car|carrot,Answer using only one word - car or carrot and not bagel. Which is more similar in semantic meaning to bagel?,carrot
bagel|car|chili,Answer using only one word - car or chili and not bagel. Which is more similar in semantic meaning to bagel?,chili
bagel|car|coconut,Answer using only one word - car or coconut and not bagel. Which is more similar in semantic meaning to bagel?,coconut
bagel|car|eagle,Answer using only one word - car or eagle and not bagel. Which is more similar in semantic meaning to bagel?,car
bagel|car|fly,Answer using only one word - car or fly and not bagel. Which is more similar in semantic meaning to bagel?,bagel
bagel|carrot|cart,Answer using only one word - carrot or cart and not bagel. Which is more similar in semantic meaning to bagel?,cart
bagel|carrot|chinchilla,Answer using only one word - carrot or chinchilla and not bagel. Which is more similar in semantic meaning to bagel?,chinchilla
bagel|carrot|crow,Answer using only one word - carrot or crow and not bagel. Which is more similar in semantic meaning to bagel?,carrot
bagel|carrot|eggbeater,Answer using only one word - carrot or eggbeater and not bagel. Which is more similar in semantic meaning to bagel?,None
bagel|carrot|grenade,Answer using only one word - carrot or grenade and not bagel. Which is more similar in semantic meaning to bagel?,grenade
bagel|cart|caterpillar,Answer using only one word - cart or caterpillar and not bagel. Which is more similar in semantic meaning to bagel?,caterpillar
bagel|cart|clarinet,Answer using only one word - cart or clarinet and not bagel. Which is more similar in semantic meaning to bagel?,cart
bagel|cart|dragonfly,Answer using only one word - cart or dragonfly and not bagel. Which is more similar in semantic meaning to bagel?,None
bagel|cart|file,Answer using only one word - cart or file and not bagel. Which is more similar in semantic meaning to bagel?,file
bagel|cart|missile,Answer using only one word - cart or missile and not bagel. Which is more similar in semantic meaning to bagel?,None
bagel|cat|chinchilla,Answer using only one word - cat or chinchilla and not bagel. Which is more similar in semantic meaning to bagel?,cat
bagel|cat|crow,Answer using only one word - cat or crow and not bagel. Which is more similar in semantic meaning to bagel?,cat
bagel|cat|eggbeater,Answer using only one word - cat or eggbeater and not bagel. Which is more similar in semantic meaning to bagel?,eggbeater
bagel|cat|grenade,Answer using only one word - cat or grenade and not bagel. Which is more similar in semantic meaning to bagel?,None
bagel|caterpillar|chili,Answer using only one word - caterpillar or chili and not bagel. Which is more similar in semantic meaning to bagel?,chili
bagel|caterpillar|coconut,Answer using only one word - caterpillar or coconut and not bagel. Which is more similar in semantic meaning to bagel?,coconut
bagel|caterpillar|eagle,Answer using only one word - caterpillar or eagle and not bagel. Which is more similar in semantic meaning to bagel?,caterpillar
bagel|caterpillar|fly,Answer using only one word - caterpillar or fly and not bagel. Which is more similar in semantic meaning to bagel?,fly
bagel|celery|chili,Answer using only one word - celery or chili and not bagel. Which is more similar in semantic meaning to bagel?,chili
bagel|celery|coconut,Answer using only one word - celery or coconut and not bagel. Which is more similar in semantic meaning to bagel?,coconut
bagel|celery|eagle,Answer using only one word - celery or eagle and not bagel. Which is more similar in semantic meaning to bagel?,None
bagel|celery|fly,Answer using only one word - celery or fly and not bagel. Which is more similar in semantic meaning to bagel?,fly
bagel|chili|chinchilla,Answer using only one word - chili or chinchilla and not bagel. Which is more similar in semantic meaning to bagel?,chinchilla
bagel|chili|crow,Answer using only one word - chili or crow and not bagel. Which is more similar in semantic meaning to bagel?,crow
bagel|chili|eggbeater,Answer using only one word - chili or eggbeater and not bagel. Which is more similar in semantic meaning to bagel?,eggbeater
bagel|chili|grenade,Answer using only one word - chili or grenade and not bagel. Which is more similar in semantic meaning to bagel?,None
bagel|chinchilla|clarinet,Answer using only one word - chinchilla or clarinet and not bagel. Which is more similar in semantic meaning to bagel?,None
bagel|chinchilla|dragonfly,Answer using only one word - chinchilla or dragonfly and not bagel. Which is more similar in semantic meaning to bagel?,None
bagel|chinchilla|file,Answer using only one word - chinchilla or file and not bagel. Which is more similar in semantic meaning to bagel?,file
bagel|chinchilla|missile,Answer using only one word - chinchilla or missile and not bagel. Which is more similar in semantic meaning to bagel?,bagel
bagel|chisel|crow,Answer using only one word - chisel or crow and not bagel. Which is more similar in semantic meaning to bagel?,chisel
bagel|chisel|eggbeater,Answer using only one word - chisel or eggbeater and not bagel. Which is more similar in semantic meaning to bagel?,eggbeater
bagel|chisel|grenade,Answer using only one word - chisel or grenade and not bagel. Which is more similar in semantic meaning to bagel?,None
bagel|clarinet|coconut,Answer using only one word - clarinet or coconut and not bagel. Which is more similar in semantic meaning to bagel?,coconut
bagel|clarinet|eagle,Answer using only one word - clarinet or eagle and not bagel. Which is more similar in semantic meaning to bagel?,eagle
bagel|clarinet|fly,Answer using only one word - clarinet or fly and not bagel. Which is more similar in semantic meaning to bagel?,fly
bagel|coat|coconut,Answer using only one word - coat or coconut and not bagel. Which is more similar in semantic meaning to bagel?,coconut
bagel|coat|eagle,Answer using only one word - coat or eagle and not bagel. Which is more similar in semantic meaning to bagel?,None
bagel|coat|fly,Answer using only one word - coat or fly and not bagel. Which is more similar in semantic meaning to bagel?,fly
bagel|coconut|crow,Answer using only one word - coconut or crow and not bagel. Which is more similar in semantic meaning to bagel?,crow
bagel|coconut|eggbeater,Answer using only one word - coconut or eggbeater and not bagel. Which is more similar in semantic meaning to bagel?,eggbeater
bagel|coconut|grenade,Answer using only one word - coconut or grenade and not bagel. Which is more similar in semantic meaning to bagel?,None
bagel|crow|dragonfly,Answer using only one word - crow or dragonfly and not bagel. Which is more similar in semantic meaning to bagel?,None.
bagel|crow|file,Answer using only one word - crow or file and not bagel. Which is more similar in semantic meaning to bagel?,file
bagel|crow|missile,Answer using only one word - crow or missile and not bagel. Which is more similar in semantic meaning to bagel?,bagel
bagel|crowbar|eggbeater,Answer using only one word - crowbar or eggbeater and not bagel. Which is more similar in semantic meaning to bagel?,eggbeater
bagel|crowbar|grenade,Answer using only one word - crowbar or grenade and not bagel. Which is more similar in semantic meaning to bagel?,None
bagel|dragonfly|eagle,Answer using only one word - dragonfly or eagle and not bagel. Which is more similar in semantic meaning to bagel?,None
bagel|dragonfly|fly,Answer using only one word - dragonfly or fly and not bagel. Which is more similar in semantic meaning to bagel?,fly
bagel|dress|eagle,Answer using only one word - dress or eagle and not bagel. Which is more similar in semantic meaning to bagel?,bagel
bagel|dress|fly,Answer using only one word - dress or fly and not bagel. Which is more similar in semantic meaning to bagel?,fly
bagel|eagle|eggbeater,Answer using only one word - eagle or eggbeater and not bagel. Which is more similar in semantic meaning to bagel?,eggbeater
bagel|eagle|grenade,Answer using only one word - eagle or grenade and not bagel. Which is more similar in semantic meaning to bagel?,None
bagel|eggbeater|file,Answer using only one word - eggbeater or file and not bagel. Which is more similar in semantic meaning to bagel?,file
bagel|eggbeater|missile,Answer using only one word - eggbeater or missile and not bagel. Which is more similar in semantic meaning to bagel?,eggbeater
bagel|fig|grenade,Answer using only one word - fig or grenade and not bagel. Which is more similar in semantic meaning to bagel?,fig
bagel|file|fly,Answer using only one word - file or fly and not bagel. Which is more similar in semantic meaning to bagel?,fly
bagel|flute|fly,Answer using only one word - flute or fly and not bagel. Which is more similar in semantic meaning to bagel?,fly
bagel|fly|grenade,Answer using only one word - fly or grenade and not bagel. Which is more similar in semantic meaning to bagel?,None
bagel|grenade|missile,Answer using only one word - grenade or missile and not bagel. Which is more similar in semantic meaning to bagel?,None
banana|banjo|barrel,Answer using only one word - banjo or barrel and not banana. Which is more similar in semantic meaning to banana?,barrel
banana|banjo|beetle,Answer using only one word - banjo or beetle and not banana. Which is more similar in semantic meaning to banana?,beetle
banana|banjo|blowtorch,Answer using only one word - banjo or blowtorch and not banana. Which is more similar in semantic meaning to banana?,banjo
banana|banjo|brussels sprouts,Answer using only one word - banjo or brussels sprouts and not banana. Which is more similar in semantic meaning to banana?,brussels sprouts
banana|banjo|candy,Answer using only one word - banjo or candy and not banana. Which is more similar in semantic meaning to banana?,candy
banana|banjo|cat,Answer using only one word - banjo or cat and not banana. Which is more similar in semantic meaning to banana?,cat
banana|banjo|chisel,Answer using only one word - banjo or chisel and not banana. Which is more similar in semantic meaning to banana?,banana
banana|banjo|crowbar,Answer using only one word - banjo or crowbar and not banana. Which is more similar in semantic meaning to banana?,banjo
banana|banjo|fig,Answer using only one word - banjo or fig and not banana. Which is more similar in semantic meaning to banana?,fig
banana|banjo|jeans,Answer using only one word - banjo or jeans and not banana. Which is more similar in semantic meaning to banana?,None
banana|barrel|bed,Answer using only one word - barrel or bed and not banana. Which is more similar in semantic meaning to banana?,banana
banana|barrel|bird,Answer using only one word - barrel or bird and not banana. Which is more similar in semantic meaning to banana?,bird
banana|barrel|boar,Answer using only one word - barrel or boar and not banana. Which is more similar in semantic meaning to banana?,banana
banana|barrel|cactus,Answer using only one word - barrel or cactus and not banana. Which is more similar in semantic meaning to banana?,cactus
banana|barrel|carrot,Answer using only one word - barrel or carrot and not banana. Which is more similar in semantic meaning to banana?,carrot
banana|barrel|chili,Answer using only one word - barrel or chili and not banana. Which is more similar in semantic meaning to banana?,chili
banana|barrel|coconut,Answer using only one word - barrel or coconut and not banana. Which is more similar in semantic meaning to banana?,coconut
banana|barrel|eagle,Answer using only one word - barrel or eagle and not banana. Which is more similar in semantic meaning to banana?,banana
banana|barrel|fly,Answer using only one word - barrel or fly and not banana. Which is more similar in semantic meaning to banana?,fly
banana|bat|beaver,Answer using only one word - bat or beaver and not banana. Which is more similar in semantic meaning to banana?,banana
banana|bat|belt,Answer using only one word - bat or belt and not banana. Which is more similar in semantic meaning to banana?,belt
banana|bat|boa,Answer using only one word - bat or boa and not banana. Which is more similar in semantic meaning to banana?,None
banana|bat|burrito,Answer using only one word - bat or burrito and not banana. Which is more similar in semantic meaning to banana?,burrito
banana|bat|car,Answer using only one word - bat or car and not banana. Which is more similar in semantic meaning to banana?,car
banana|bat|celery,Answer using only one word - bat or celery and not banana. Which is more similar in semantic meaning to banana?,celery
banana|bat|coat,Answer using only one word - bat or coat and not banana. Which is more similar in semantic meaning to banana?,coat
banana|bat|dress,Answer using only one word - bat or dress and not banana. Which is more similar in semantic meaning to banana?,dress
banana|bat|flute,Answer using only one word - bat or flute and not banana. Which is more similar in semantic meaning to banana?,flute
banana|bat|motorcycle,Answer using only one word - bat or motorcycle and not banana. Which is more similar in semantic meaning to banana?,banana
banana|beaver|belt,Answer using only one word - beaver or belt and not banana. Which is more similar in semantic meaning to banana?,banana
banana|beaver|boa,Answer using only one word - beaver or boa and not banana. Which is more similar in semantic meaning to banana?,banana
banana|beaver|burrito,Answer using only one word - beaver or burrito and not banana. Which is more similar in semantic meaning to banana?,banana
banana|beaver|car,Answer using only one word - beaver or car and not banana. Which is more similar in semantic meaning to banana?,car
banana|beaver|celery,Answer using only one word - beaver or celery and not banana. Which is more similar in semantic meaning to banana?,celery
banana|beaver|coat,Answer using only one word - beaver or coat and not banana. Which is more similar in semantic meaning to banana?,coat
banana|beaver|dress,Answer using only one word - beaver or dress and not banana. Which is more similar in semantic meaning to banana?,banana
banana|beaver|flute,Answer using only one word - beaver or flute and not banana. Which is more similar in semantic meaning to banana?,banana
banana|beaver|motorcycle,Answer using only one word - beaver or motorcycle and not banana. Which is more similar in semantic meaning to banana?,banana
banana|bed|bird,Answer using only one word - bed or bird and not banana. Which is more similar in semantic meaning to banana?,bird
banana|bed|boar,Answer using only one word - bed or boar and not banana. Which is more similar in semantic meaning to banana?,boar
banana|bed|cactus,Answer using only one word - bed or cactus and not banana. Which is more similar in semantic meaning to banana?,cactus
banana|bed|carrot,Answer using only one word - bed or carrot and not banana. Which is more similar in semantic meaning to banana?,carrot
banana|bed|chili,Answer using only one word - bed or chili and not banana. Which is more similar in semantic meaning to banana?,chili
banana|bed|coconut,Answer using only one word - bed or coconut and not banana. Which is more similar in semantic meaning to banana?,coconut
banana|bed|eagle,Answer using only one word - bed or eagle and not banana. Which is more similar in semantic meaning to banana?,banana
banana|bed|fly,Answer using only one word - bed or fly and not banana. Which is more similar in semantic meaning to banana?,fly
banana|beet|beetle,Answer using only one word - beet or beetle and not banana. Which is more similar in semantic meaning to banana?,beetle
banana|beet|blowtorch,Answer using only one word - beet or blowtorch and not banana. Which is more similar in semantic meaning to banana?,beet
banana|beet|brussels sprouts,Answer using only one word - beet or brussels sprouts and not banana. Which is more similar in semantic meaning to banana?,brussels sprouts
banana|beet|candy,Answer using only one word - beet or candy and not banana. Which is more similar in semantic meaning to banana?,candy
banana|beet|cat,Answer using only one word - beet or cat and not banana. Which is more similar in semantic meaning to banana?,cat
banana|beet|chisel,Answer using only one word - beet or chisel and not banana. Which is more similar in semantic meaning to banana?,banana
banana|beet|crowbar,Answer using only one word - beet or crowbar and not banana. Which is more similar in semantic meaning to banana?,banana
banana|beet|fig,Answer using only one word - beet or fig and not banana. Which is more similar in semantic meaning to banana?,beet
banana|beet|jeans,Answer using only one word - beet or jeans and not banana. Which is more similar in semantic meaning to banana?,banana
banana|beetle|bird,Answer using only one word - beetle or bird and not banana. Which is more similar in semantic meaning to banana?,banana
banana|beetle|boar,Answer using only one word - beetle or boar and not banana. Which is more similar in semantic meaning to banana?,banana
banana|beetle|cactus,Answer using only one word - beetle or cactus and not banana. Which is more similar in semantic meaning to banana?,cactus
banana|beetle|carrot,Answer using only one word - beetle or carrot and not banana. Which is more similar in semantic meaning to banana?,carrot
banana|beetle|chili,Answer using only one word - beetle or chili and not banana. Which is more similar in semantic meaning to banana?,chili
banana|beetle|coconut,Answer using only one word - beetle or coconut and not banana. Which is more similar in semantic meaning to banana?,coconut
banana|beetle|eagle,Answer using only one word - beetle or eagle and not banana. Which is more similar in semantic meaning to banana?,banana
banana|beetle|fly,Answer using only one word - beetle or fly and not banana. Which is more similar in semantic meaning to banana?,fly
banana|bell|belt,Answer using only one word - bell or belt and not banana. Which is more similar in semantic meaning to banana?,banana
banana|bell|boa,Answer using only one word - bell or boa and not banana. Which is more similar in semantic meaning to banana?,boa
banana|bell|burrito,Answer using only one word - bell or burrito and not banana. Which is more similar in semantic meaning to banana?,burrito
banana|bell|car,Answer using only one word - bell or car and not banana. Which is more similar in semantic meaning to banana?,car
banana|bell|celery,Answer using only one word - bell or celery and not banana. Which is more similar in semantic meaning to banana?,celery
banana|bell|coat,Answer using only one word - bell or coat and not banana. Which is more similar in semantic meaning to banana?,coat
banana|bell|dress,Answer using only one word - bell or dress and not banana. Which is more similar in semantic meaning to banana?,banana
banana|bell|flute,Answer using only one word - bell or flute and not banana. Which is more similar in semantic meaning to banana?,banana
banana|bell|motorcycle,Answer using only one word - bell or motorcycle and not banana. Which is more similar in semantic meaning to banana?,banana
banana|belt|boa,Answer using only one word - belt or boa and not banana. Which is more similar in semantic meaning to banana?,None.
banana|belt|burrito,Answer using only one word - belt or burrito and not banana. Which is more similar in semantic meaning to banana?,burrito
banana|belt|car,Answer using only one word - belt or car and not banana. Which is more similar in semantic meaning to banana?,car
banana|belt|celery,Answer using only one word - belt or celery and not banana. Which is more similar in semantic meaning to banana?,celery
banana|belt|coat,Answer using only one word - belt or coat and not banana. Which is more similar in semantic meaning to banana?,coat
banana|belt|dress,Answer using only one word - belt or dress and not banana. Which is more similar in semantic meaning to banana?,none
banana|belt|flute,Answer using only one word - belt or flute and not banana. Which is more similar in semantic meaning to banana?,flute
banana|belt|motorcycle,Answer using only one word - belt or motorcycle and not banana. Which is more similar in semantic meaning to banana?,none
banana|bird|boar,Answer using only one word - bird or boar and not banana. Which is more similar in semantic meaning to banana?,boar
banana|bird|cactus,Answer using only one word - bird or cactus and not banana. Which is more similar in semantic meaning to banana?,cactus
banana|bird|carrot,Answer using only one word - bird or carrot and not banana. Which is more similar in semantic meaning to banana?,carrot
banana|bird|chili,Answer using only one word - bird or chili and not banana. Which is more similar in semantic meaning to banana?,chili
banana|bird|coconut,Answer using only one word - bird or coconut and not banana. Which is more similar in semantic meaning to banana?,coconut
banana|bird|eagle,Answer using only one word - bird or eagle and not banana. Which is more similar in semantic meaning to banana?,banana
banana|bird|fly,Answer using only one word - bird or fly and not banana. Which is more similar in semantic meaning to banana?,fly
banana|blender|blowtorch,Answer using only one word - blender or blowtorch and not banana. Which is more similar in semantic meaning to banana?,blender
banana|blender|brussels sprouts,Answer using only one word - blender or brussels sprouts and not banana. Which is more similar in semantic meaning to banana?,brussels sprouts
banana|blender|candy,Answer using only one word - blender or candy and not banana. Which is more similar in semantic meaning to banana?,candy
banana|blender|cat,Answer using only one word - blender or cat and not banana. Which is more similar in semantic meaning to banana?,cat
banana|blender|chisel,Answer using only one word - blender or chisel and not banana. Which is more similar in semantic meaning to banana?,chisel
banana|blender|crowbar,Answer using only one word - blender or crowbar and not banana. Which is more similar in semantic meaning to banana?,banana
banana|blender|fig,Answer using only one word - blender or fig and not banana. Which is more similar in semantic meaning to banana?,fig
banana|blender|jeans,Answer using only one word - blender or jeans and not banana. Which is more similar in semantic meaning to banana?,blender
banana|blowtorch|boar,Answer using only one word - blowtorch or boar and not banana. Which is more similar in semantic meaning to banana?,boar
banana|blowtorch|cactus,Answer using only one word - blowtorch or cactus and not banana. Which is more similar in semantic meaning to banana?,cactus
banana|blowtorch|carrot,Answer using only one word - blowtorch or carrot and not banana. Which is more similar in semantic meaning to banana?,carrot
banana|blowtorch|chili,Answer using only one word - blowtorch or chili and not banana. Which is more similar in semantic meaning to banana?,chili
banana|blowtorch|coconut,Answer using only one word - blowtorch or coconut and not banana. Which is more similar in semantic meaning to banana?,coconut
banana|blowtorch|eagle,Answer using only one word - blowtorch or eagle and not banana. Which is more similar in semantic meaning to banana?,banana
banana|blowtorch|fly,Answer using only one word - blowtorch or fly and not banana. Which is more similar in semantic meaning to banana?,fly
banana|blueberry|boa,Answer using only one word - blueberry or boa and not banana. Which is more similar in semantic meaning to banana?,banana
banana|blueberry|burrito,Answer using only one word - blueberry or burrito and not banana. Which is more similar in semantic meaning to banana?,burrito
banana|blueberry|car,Answer using only one word - blueberry or car and not banana. Which is more similar in semantic meaning to banana?,car
banana|blueberry|celery,Answer using only one word - blueberry or celery and not banana. Which is more similar in semantic meaning to banana?,celery
banana|blueberry|coat,Answer using only one word - blueberry or coat and not banana. Which is more similar in semantic meaning to banana?,banana
banana|blueberry|dress,Answer using only one word - blueberry or dress and not banana. Which is more similar in semantic meaning to banana?,dress
banana|blueberry|flute,Answer using only one word - blueberry or flute and not banana. Which is more similar in semantic meaning to banana?,banana
banana|blueberry|motorcycle,Answer using only one word - blueberry or motorcycle and not banana. Which is more similar in semantic meaning to banana?,banana
banana|boa|burrito,Answer using only one word - boa or burrito and not banana. Which is more similar in semantic meaning to banana?,burrito
banana|boa|car,Answer using only one word - boa or car and not banana. Which is more similar in semantic meaning to banana?,car
banana|boa|celery,Answer using only one word - boa or celery and not banana. Which is more similar in semantic meaning to banana?,celery
banana|boa|coat,Answer using only one word - boa or coat and not banana. Which is more similar in semantic meaning to banana?,banana
banana|boa|dress,Answer using only one word - boa or dress and not banana. Which is more similar in semantic meaning to banana?,dress
banana|boa|flute,Answer using only one word - boa or flute and not banana. Which is more similar in semantic meaning to banana?,banana
banana|boa|motorcycle,Answer using only one word - boa or motorcycle and not banana. Which is more similar in semantic meaning to banana?,banana
banana|boar|cactus,Answer using only one word - boar or cactus and not banana. Which is more similar in semantic meaning to banana?,cactus
banana|boar|carrot,Answer using only one word - boar or carrot and not banana. Which is more similar in semantic meaning to banana?,carrot
banana|boar|chili,Answer using only one word - boar or chili and not banana. Which is more similar in semantic meaning to banana?,chili
banana|boar|coconut,Answer using only one word - boar or coconut and not banana. Which is more similar in semantic meaning to banana?,coconut
banana|boar|eagle,Answer using only one word - boar or eagle and not banana. Which is more similar in semantic meaning to banana?,banana
banana|boar|fly,Answer using only one word - boar or fly and not banana. Which is more similar in semantic meaning to banana?,fly
banana|bread|brussels sprouts,Answer using only one word - bread or brussels sprouts and not banana. Which is more similar in semantic meaning to banana?,brussels sprouts
banana|bread|candy,Answer using only one word - bread or candy and not banana. Which is more similar in semantic meaning to banana?,candy
banana|bread|cat,Answer using only one word - bread or cat and not banana. Which is more similar in semantic meaning to banana?,cat
banana|bread|chisel,Answer using only one word - bread or chisel and not banana. Which is more similar in semantic meaning to banana?,banana
banana|bread|crowbar,Answer using only one word - bread or crowbar and not banana. Which is more similar in semantic meaning to banana?,crowbar
banana|bread|fig,Answer using only one word - bread or fig and not banana. Which is more similar in semantic meaning to banana?,fig
banana|bread|jeans,Answer using only one word - bread or jeans and not banana. Which is more similar in semantic meaning to banana?,banana
banana|brussels sprouts|cactus,Answer using only one word - brussels sprouts or cactus and not banana. Which is more similar in semantic meaning to banana?,cactus
banana|brussels sprouts|carrot,Answer using only one word - brussels sprouts or carrot and not banana. Which is more similar in semantic meaning to banana?,carrot
banana|brussels sprouts|chili,Answer using only one word - brussels sprouts or chili and not banana. Which is more similar in semantic meaning to banana?,chili
banana|brussels sprouts|coconut,Answer using only one word - brussels sprouts or coconut and not banana. Which is more similar in semantic meaning to banana?,coconut
banana|brussels sprouts|eagle,Answer using only one word - brussels sprouts or eagle and not banana. Which is more similar in semantic meaning to banana?,banana
banana|brussels sprouts|fly,Answer using only one word - brussels sprouts or fly and not banana. Which is more similar in semantic meaning to banana?,fly
banana|bucket|burrito,Answer using only one word - bucket or burrito and not banana. Which is more similar in semantic meaning to banana?,burrito
banana|bucket|car,Answer using only one word - bucket or car and not banana. Which is more similar in semantic meaning to banana?,car
banana|bucket|celery,Answer using only one word - bucket or celery and not banana. Which is more similar in semantic meaning to banana?,celery
banana|bucket|coat,Answer using only one word - bucket or coat and not banana. Which is more similar in semantic meaning to banana?,coat
banana|bucket|dress,Answer using only one word - bucket or dress and not banana. Which is more similar in semantic meaning to banana?,dress
banana|bucket|flute,Answer using only one word - bucket or flute and not banana. Which is more similar in semantic meaning to banana?,flute
banana|bucket|motorcycle,Answer using only one word - bucket or motorcycle and not banana. Which is more similar in semantic meaning to banana?,none
banana|burrito|car,Answer using only one word - burrito or car and not banana. Which is more similar in semantic meaning to banana?,car
banana|burrito|celery,Answer using only one word - burrito or celery and not banana. Which is more similar in semantic meaning to banana?,celery
banana|burrito|coat,Answer using only one word - burrito or coat and not banana. Which is more similar in semantic meaning to banana?,banana
banana|burrito|dress,Answer using only one word - burrito or dress and not banana. Which is more similar in semantic meaning to banana?,banana
banana|burrito|flute,Answer using only one word - burrito or flute and not banana. Which is more similar in semantic meaning to banana?,flute
banana|burrito|motorcycle,Answer using only one word - burrito or motorcycle and not banana. Which is more similar in semantic meaning to banana?,banana
banana|cactus|carrot,Answer using only one word - cactus or carrot and not banana. Which is more similar in semantic meaning to banana?,carrot
banana|cactus|chili,Answer using only one word - cactus or chili and not banana. Which is more similar in semantic meaning to banana?,chili
banana|cactus|coconut,Answer using only one word - cactus or coconut and not banana. Which is more similar in semantic meaning to banana?,cactus
banana|cactus|eagle,Answer using only one word - cactus or eagle and not banana. Which is more similar in semantic meaning to banana?,banana
banana|cactus|fly,Answer using only one word - cactus or fly and not banana. Which is more similar in semantic meaning to banana?,fly
banana|candle|candy,Answer using only one word - candle or candy and not banana. Which is more similar in semantic meaning to banana?,candy
banana|candle|cat,Answer using only one word - candle or cat and not banana. Which is more similar in semantic meaning to banana?,cat
banana|candle|chisel,Answer using only one word - candle or chisel and not banana. Which is more similar in semantic meaning to banana?,chisel
banana|candle|crowbar,Answer using only one word - candle or crowbar and not banana. Which is more similar in semantic meaning to banana?,banana
banana|candle|fig,Answer using only one word - candle or fig and not banana. Which is more similar in semantic meaning to banana?,fig
banana|candle|jeans,Answer using only one word - candle or jeans and not banana. Which is more similar in semantic meaning to banana?,banana
banana|candy|carrot,Answer using only one word - candy or carrot and not banana. Which is more similar in semantic meaning to banana?,carrot
banana|candy|chili,Answer using only one word - candy or chili and not banana. Which is more similar in semantic meaning to banana?,chili
banana|candy|coconut,Answer using only one word - candy or coconut and not banana. Which is more similar in semantic meaning to banana?,coconut
banana|candy|eagle,Answer using only one word - candy or eagle and not banana. Which is more similar in semantic meaning to banana?,banana
banana|candy|fly,Answer using only one word - candy or fly and not banana. Which is more similar in semantic meaning to banana?,fly
banana|cannon|car,Answer using only one word - cannon or car and not banana. Which is more similar in semantic meaning to banana?,car
banana|cannon|celery,Answer using only one word - cannon or celery and not banana. Which is more similar in semantic meaning to banana?,celery
banana|cannon|coat,Answer using only one word - cannon or coat and not banana. Which is more similar in semantic meaning to banana?,coat
banana|cannon|dress,Answer using only one word - cannon or dress and not banana. Which is more similar in semantic meaning to banana?,banana
banana|cannon|flute,Answer using only one word - cannon or flute and not banana. Which is more similar in semantic meaning to banana?,banana
banana|cannon|motorcycle,Answer using only one word - cannon or motorcycle and not banana. Which is more similar in semantic meaning to banana?,banana
banana|car|celery,Answer using only one word - car or celery and not banana. Which is more similar in semantic meaning to banana?,celery
banana|car|coat,Answer using only one word - car or coat and not banana. Which is more similar in semantic meaning to banana?,coat
banana|car|dress,Answer using only one word - car or dress and not banana. Which is more similar in semantic meaning to banana?,banana
banana|car|flute,Answer using only one word - car or flute and not banana. Which is more similar in semantic meaning to banana?,banana
banana|car|motorcycle,Answer using only one word - car or motorcycle and not banana. Which is more similar in semantic meaning to banana?,banana
banana|carrot|chili,Answer using only one word - carrot or chili and not banana. Which is more similar in semantic meaning to banana?,chili
banana|carrot|coconut,Answer using only one word - carrot or coconut and not banana. Which is more similar in semantic meaning to banana?,coconut
banana|carrot|eagle,Answer using only one word - carrot or eagle and not banana. Which is more similar in semantic meaning to banana?,banana
banana|carrot|fly,Answer using only one word - carrot or fly and not banana. Which is more similar in semantic meaning to banana?,banana
banana|cart|cat,Answer using only one word - cart or cat and not banana. Which is more similar in semantic meaning to banana?,cat
banana|cart|chisel,Answer using only one word - cart or chisel and not banana. Which is more similar in semantic meaning to banana?,none
banana|cart|crowbar,Answer using only one word - cart or crowbar and not banana. Which is more similar in semantic meaning to banana?,none
banana|cart|fig,Answer using only one word - cart or fig and not banana. Which is more similar in semantic meaning to banana?,fig
banana|cart|jeans,Answer using only one word - cart or jeans and not banana. Which is more similar in semantic meaning to banana?,jeans
banana|cat|chili,Answer using only one word - cat or chili and not banana. Which is more similar in semantic meaning to banana?,chili
banana|cat|coconut,Answer using only one word - cat or coconut and not banana. Which is more similar in semantic meaning to banana?,coconut
banana|cat|eagle,Answer using only one word - cat or eagle and not banana. Which is more similar in semantic meaning to banana?,banana
banana|cat|fly,Answer using only one word - cat or fly and not banana. Which is more similar in semantic meaning to banana?,fly
banana|caterpillar|celery,Answer using only one word - caterpillar or celery and not banana. Which is more similar in semantic meaning to banana?,celery
banana|caterpillar|coat,Answer using only one word - caterpillar or coat and not banana. Which is more similar in semantic meaning to banana?,coat
banana|caterpillar|dress,Answer using only one word - caterpillar or dress and not banana. Which is more similar in semantic meaning to banana?,banana
banana|caterpillar|flute,Answer using only one word - caterpillar or flute and not banana. Which is more similar in semantic meaning to banana?,flute
banana|caterpillar|motorcycle,Answer using only one word - caterpillar or motorcycle and not banana. Which is more similar in semantic meaning to banana?,banana
banana|celery|coat,Answer using only one word - celery or coat and not banana. Which is more similar in semantic meaning to banana?,coat
banana|celery|dress,Answer using only one word - celery or dress and not banana. Which is more similar in semantic meaning to banana?,dress
banana|celery|flute,Answer using only one word - celery or flute and not banana. Which is more similar in semantic meaning to banana?,flute
banana|celery|motorcycle,Answer using only one word - celery or motorcycle and not banana. Which is more similar in semantic meaning to banana?,banana
banana|chili|coconut,Answer using only one word - chili or coconut and not banana. Which is more similar in semantic meaning to banana?,coconut
banana|chili|eagle,Answer using only one word - chili or eagle and not banana. Which is more similar in semantic meaning to banana?,banana
banana|chili|fly,Answer using only one word - chili or fly and not banana. Which is more similar in semantic meaning to banana?,fly
banana|chinchilla|chisel,Answer using only one word - chinchilla or chisel and not banana. Which is more similar in semantic meaning to banana?,banana
banana|chinchilla|crowbar,Answer using only one word - chinchilla or crowbar and not banana. Which is more similar in semantic meaning to banana?,banana
banana|chinchilla|fig,Answer using only one word - chinchilla or fig and not banana. Which is more similar in semantic meaning to banana?,fig
banana|chinchilla|jeans,Answer using only one word - chinchilla or jeans and not banana. Which is more similar in semantic meaning to banana?,banana
banana|chisel|coconut,Answer using only one word - chisel or coconut and not banana. Which is more similar in semantic meaning to banana?,coconut
banana|chisel|eagle,Answer using only one word - chisel or eagle and not banana. Which is more similar in semantic meaning to banana?,banana
banana|chisel|fly,Answer using only one word - chisel or fly and not banana. Which is more similar in semantic meaning to banana?,fly
banana|clarinet|coat,Answer using only one word - clarinet or coat and not banana. Which is more similar in semantic meaning to banana?,coat
banana|clarinet|dress,Answer using only one word - clarinet or dress and not banana. Which is more similar in semantic meaning to banana?,dress
banana|clarinet|flute,Answer using only one word - clarinet or flute and not banana. Which is more similar in semantic meaning to banana?,banana
banana|clarinet|motorcycle,Answer using only one word - clarinet or motorcycle and not banana. Which is more similar in semantic meaning to banana?,banana
banana|coat|dress,Answer using only one word - coat or dress and not banana. Which is more similar in semantic meaning to banana?,banana
banana|coat|flute,Answer using only one word - coat or flute and not banana. Which is more similar in semantic meaning to banana?,flute
banana|coat|motorcycle,Answer using only one word - coat or motorcycle and not banana. Which is more similar in semantic meaning to banana?,banana
banana|coconut|eagle,Answer using only one word - coconut or eagle and not banana. Which is more similar in semantic meaning to banana?,banana
banana|coconut|fly,Answer using only one word - coconut or fly and not banana. Which is more similar in semantic meaning to banana?,coconut
banana|crow|crowbar,Answer using only one word - crow or crowbar and not banana. Which is more similar in semantic meaning to banana?,banana
banana|crow|fig,Answer using only one word - crow or fig and not banana. Which is more similar in semantic meaning to banana?,fig
banana|crow|jeans,Answer using only one word - crow or jeans and not banana. Which is more similar in semantic meaning to banana?,banana
banana|crowbar|eagle,Answer using only one word - crowbar or eagle and not banana. Which is more similar in semantic meaning to banana?,banana
banana|crowbar|fly,Answer using only one word - crowbar or fly and not banana. Which is more similar in semantic meaning to banana?,fly
banana|dragonfly|dress,Answer using only one word - dragonfly or dress and not banana. Which is more similar in semantic meaning to banana?,dress
banana|dragonfly|flute,Answer using only one word - dragonfly or flute and not banana. Which is more similar in semantic meaning to banana?,banana
banana|dragonfly|motorcycle,Answer using only one word - dragonfly or motorcycle and not banana. Which is more similar in semantic meaning to banana?,banana
banana|dress|flute,Answer using only one word - dress or flute and not banana. Which is more similar in semantic meaning to banana?,flute
banana|dress|motorcycle,Answer using only one word - dress or motorcycle and not banana. Which is more similar in semantic meaning to banana?,banana
banana|eagle|fly,Answer using only one word - eagle or fly and not banana. Which is more similar in semantic meaning to banana?,banana
banana|eggbeater|fig,Answer using only one word - eggbeater or fig and not banana. Which is more similar in semantic meaning to banana?,fig
banana|eggbeater|jeans,Answer using only one word - eggbeater or jeans and not banana. Which is more similar in semantic meaning to banana?,banana
banana|fig|fly,Answer using only one word - fig or fly and not banana. Which is more similar in semantic meaning to banana?,fly
banana|file|flute,Answer using only one word - file or flute and not banana. Which is more similar in semantic meaning to banana?,flute
banana|file|motorcycle,Answer using only one word - file or motorcycle and not banana. Which is more similar in semantic meaning to banana?,banana
banana|flute|motorcycle,Answer using only one word - flute or motorcycle and not banana. Which is more similar in semantic meaning to banana?,banana
banana|grenade|jeans,Answer using only one word - grenade or jeans and not banana. Which is more similar in semantic meaning to banana?,banana
banana|missile|motorcycle,Answer using only one word - missile or motorcycle and not banana. Which is more similar in semantic meaning to banana?,banana
banjo|barrel|beetle,Answer using only one word - barrel or beetle and not banjo. Which is more similar in semantic meaning to banjo?,beetle
banjo|barrel|blowtorch,Answer using only one word - barrel or blowtorch and not banjo. Which is more similar in semantic meaning to banjo?,None
banjo|barrel|brussels sprouts,Answer using only one word - barrel or brussels sprouts and not banjo. Which is more similar in semantic meaning to banjo?,brussels sprouts
banjo|barrel|candy,Answer using only one word - barrel or candy and not banjo. Which is more similar in semantic meaning to banjo?,candy
banjo|barrel|cat,Answer using only one word - barrel or cat and not banjo. Which is more similar in semantic meaning to banjo?,cat
banjo|barrel|chisel,Answer using only one word - barrel or chisel and not banjo. Which is more similar in semantic meaning to banjo?,chisel
banjo|barrel|crowbar,Answer using only one word - barrel or crowbar and not banjo. Which is more similar in semantic meaning to banjo?,banjo
banjo|barrel|fig,Answer using only one word - barrel or fig and not banjo. Which is more similar in semantic meaning to banjo?,fig
banjo|barrel|jeans,Answer using only one word - barrel or jeans and not banjo. Which is more similar in semantic meaning to banjo?,banjo
banjo|bat|beet,Answer using only one word - bat or beet and not banjo. Which is more similar in semantic meaning to banjo?,bat
banjo|bat|blender,Answer using only one word - bat or blender and not banjo. Which is more similar in semantic meaning to banjo?,banjo
banjo|bat|bread,Answer using only one word - bat or bread and not banjo. Which is more similar in semantic meaning to banjo?,banjo
banjo|bat|candle,Answer using only one word - bat or candle and not banjo. Which is more similar in semantic meaning to banjo?,bat
banjo|bat|cart,Answer using only one word - bat or cart and not banjo. Which is more similar in semantic meaning to banjo?,cart
banjo|bat|chinchilla,Answer using only one word - bat or chinchilla and not banjo. Which is more similar in semantic meaning to banjo?,bat
banjo|bat|crow,Answer using only one word - bat or crow and not banjo. Which is more similar in semantic meaning to banjo?,bat
banjo|bat|eggbeater,Answer using only one word - bat or eggbeater and not banjo. Which is more similar in semantic meaning to banjo?,bat
banjo|bat|grenade,Answer using only one word - bat or grenade and not banjo. Which is more similar in semantic meaning to banjo?,None
banjo|beaver|beet,Answer using only one word - beaver or beet and not banjo. Which is more similar in semantic meaning to banjo?,beaver
banjo|beaver|blender,Answer using only one word - beaver or blender and not banjo. Which is more similar in semantic meaning to banjo?,banjo
banjo|beaver|bread,Answer using only one word - beaver or bread and not banjo. Which is more similar in semantic meaning to banjo?,banjo
banjo|beaver|candle,Answer using only one word - beaver or candle and not banjo. Which is more similar in semantic meaning to banjo?,beaver
banjo|beaver|cart,Answer using only one word - beaver or cart and not banjo. Which is more similar in semantic meaning to banjo?,beaver
banjo|beaver|chinchilla,Answer using only one word - beaver or chinchilla and not banjo. Which is more similar in semantic meaning to banjo?,beaver
banjo|beaver|crow,Answer using only one word - beaver or crow and not banjo. Which is more similar in semantic meaning to banjo?,beaver
banjo|beaver|eggbeater,Answer using only one word - beaver or eggbeater and not banjo. Which is more similar in semantic meaning to banjo?,beaver
banjo|beaver|grenade,Answer using only one word - beaver or grenade and not banjo. Which is more similar in semantic meaning to banjo?,banjo
banjo|bed|beetle,Answer using only one word - bed or beetle and not banjo. Which is more similar in semantic meaning to banjo?,beetle
banjo|bed|blowtorch,Answer using only one word - bed or blowtorch and not banjo. Which is more similar in semantic meaning to banjo?,banjo
banjo|bed|brussels sprouts,Answer using only one word - bed or brussels sprouts and not banjo. Which is more similar in semantic meaning to banjo?,brussels sprouts
banjo|bed|candy,Answer using only one word - bed or candy and not banjo. Which is more similar in semantic meaning to banjo?,banjo
banjo|bed|cat,Answer using only one word - bed or cat and not banjo. Which is more similar in semantic meaning to banjo?,cat
banjo|bed|chisel,Answer using only one word - bed or chisel and not banjo. Which is more similar in semantic meaning to banjo?,chisel
banjo|bed|crowbar,Answer using only one word - bed or crowbar and not banjo. Which is more similar in semantic meaning to banjo?,crowbar
banjo|bed|fig,Answer using only one word - bed or fig and not banjo. Which is more similar in semantic meaning to banjo?,fig
banjo|bed|jeans,Answer using only one word - bed or jeans and not banjo. Which is more similar in semantic meaning to banjo?,jeans
banjo|beet|belt,Answer using only one word - beet or belt and not banjo. Which is more similar in semantic meaning to banjo?,banjo
banjo|beet|boa,Answer using only one word - beet or boa and not banjo. Which is more similar in semantic meaning to banjo?,None
banjo|beet|burrito,Answer using only one word - beet or burrito and not banjo. Which is more similar in semantic meaning to banjo?,burrito
banjo|beet|car,Answer using only one word - beet or car and not banjo. Which is more similar in semantic meaning to banjo?,banjo
banjo|beet|celery,Answer using only one word - beet or celery and not banjo. Which is more similar in semantic meaning to banjo?,None.
banjo|beet|coat,Answer using only one word - beet or coat and not banjo. Which is more similar in semantic meaning to banjo?,banjo
banjo|beet|dress,Answer using only one word - beet or dress and not banjo. Which is more similar in semantic meaning to banjo?,dress
banjo|beet|flute,Answer using only one word - beet or flute and not banjo. Which is more similar in semantic meaning to banjo?,flute
banjo|beet|motorcycle,Answer using only one word - beet or motorcycle and not banjo. Which is more similar in semantic meaning to banjo?,banjo
banjo|beetle|blowtorch,Answer using only one word - beetle or blowtorch and not banjo. Which is more similar in semantic meaning to banjo?,None
banjo|beetle|brussels sprouts,Answer using only one word - beetle or brussels sprouts and not banjo. Which is more similar in semantic meaning to banjo?,brussels sprouts
banjo|beetle|candy,Answer using only one word - beetle or candy and not banjo. Which is more similar in semantic meaning to banjo?,candy
banjo|beetle|cat,Answer using only one word - beetle or cat and not banjo. Which is more similar in semantic meaning to banjo?,cat
banjo|beetle|chisel,Answer using only one word - beetle or chisel and not banjo. Which is more similar in semantic meaning to banjo?,chisel
banjo|beetle|crowbar,Answer using only one word - beetle or crowbar and not banjo. Which is more similar in semantic meaning to banjo?,crowbar
banjo|beetle|fig,Answer using only one word - beetle or fig and not banjo. Which is more similar in semantic meaning to banjo?,None
banjo|beetle|jeans,Answer using only one word - beetle or jeans and not banjo. Which is more similar in semantic meaning to banjo?,beetle
banjo|bell|blender,Answer using only one word - bell or blender and not banjo. Which is more similar in semantic meaning to banjo?,banjo
banjo|bell|bread,Answer using only one word - bell or bread and not banjo. Which is more similar in semantic meaning to banjo?,banjo
banjo|bell|candle,Answer using only one word - bell or candle and not banjo. Which is more similar in semantic meaning to banjo?,banjo
banjo|bell|cart,Answer using only one word - bell or cart and not banjo. Which is more similar in semantic meaning to banjo?,banjo
banjo|bell|chinchilla,Answer using only one word - bell or chinchilla and not banjo. Which is more similar in semantic meaning to banjo?,chinchilla
banjo|bell|crow,Answer using only one word - bell or crow and not banjo. Which is more similar in semantic meaning to banjo?,banjo
banjo|bell|eggbeater,Answer using only one word - bell or eggbeater and not banjo. Which is more similar in semantic meaning to banjo?,banjo
banjo|bell|grenade,Answer using only one word - bell or grenade and not banjo. Which is more similar in semantic meaning to banjo?,banjo
banjo|belt|blender,Answer using only one word - belt or blender and not banjo. Which is more similar in semantic meaning to banjo?,banjo
banjo|belt|bread,Answer using only one word - belt or bread and not banjo. Which is more similar in semantic meaning to banjo?,banjo
banjo|belt|candle,Answer using only one word - belt or candle and not banjo. Which is more similar in semantic meaning to banjo?,candle
banjo|belt|cart,Answer using only one word - belt or cart and not banjo. Which is more similar in semantic meaning to banjo?,cart
banjo|belt|chinchilla,Answer using only one word - belt or chinchilla and not banjo. Which is more similar in semantic meaning to banjo?,chinchilla
banjo|belt|crow,Answer using only one word - belt or crow and not banjo. Which is more similar in semantic meaning to banjo?,belt
banjo|belt|eggbeater,Answer using only one word - belt or eggbeater and not banjo. Which is more similar in semantic meaning to banjo?,eggbeater
banjo|belt|grenade,Answer using only one word - belt or grenade and not banjo. Which is more similar in semantic meaning to banjo?,banjo
banjo|bird|blowtorch,Answer using only one word - bird or blowtorch and not banjo. Which is more similar in semantic meaning to banjo?,banjo
banjo|bird|brussels sprouts,Answer using only one word - bird or brussels sprouts and not banjo. Which is more similar in semantic meaning to banjo?,brussels sprouts
banjo|bird|candy,Answer using only one word - bird or candy and not banjo. Which is more similar in semantic meaning to banjo?,candy
banjo|bird|cat,Answer using only one word - bird or cat and not banjo. Which is more similar in semantic meaning to banjo?,cat
banjo|bird|chisel,Answer using only one word - bird or chisel and not banjo. Which is more similar in semantic meaning to banjo?,chisel
banjo|bird|crowbar,Answer using only one word - bird or crowbar and not banjo. Which is more similar in semantic meaning to banjo?,crowbar
banjo|bird|fig,Answer using only one word - bird or fig and not banjo. Which is more similar in semantic meaning to banjo?,fig
banjo|bird|jeans,Answer using only one word - bird or jeans and not banjo. Which is more similar in semantic meaning to banjo?,banjo
banjo|blender|boa,Answer using only one word - blender or boa and not banjo. Which is more similar in semantic meaning to banjo?,boa
banjo|blender|burrito,Answer using only one word - blender or burrito and not banjo. Which is more similar in semantic meaning to banjo?,None
banjo|blender|car,Answer using only one word - blender or car and not banjo. Which is more similar in semantic meaning to banjo?,banjo
banjo|blender|celery,Answer using only one word - blender or celery and not banjo. Which is more similar in semantic meaning to banjo?,banjo
banjo|blender|coat,Answer using only one word - blender or coat and not banjo. Which is more similar in semantic meaning to banjo?,banjo
banjo|blender|dress,Answer using only one word - blender or dress and not banjo. Which is more similar in semantic meaning to banjo?,banjo
banjo|blender|flute,Answer using only one word - blender or flute and not banjo. Which is more similar in semantic meaning to banjo?,flute
banjo|blender|motorcycle,Answer using only one word - blender or motorcycle and not banjo. Which is more similar in semantic meaning to banjo?,motorcycle
banjo|blowtorch|brussels sprouts,Answer using only one word - blowtorch or brussels sprouts and not banjo. Which is more similar in semantic meaning to banjo?,brussels sprouts
banjo|blowtorch|candy,Answer using only one word - blowtorch or candy and not banjo. Which is more similar in semantic meaning to banjo?,None
banjo|blowtorch|cat,Answer using only one word - blowtorch or cat and not banjo. Which is more similar in semantic meaning to banjo?,cat
banjo|blowtorch|chisel,Answer using only one word - blowtorch or chisel and not banjo. Which is more similar in semantic meaning to banjo?,chisel
banjo|blowtorch|crowbar,Answer using only one word - blowtorch or crowbar and not banjo. Which is more similar in semantic meaning to banjo?,banjo
banjo|blowtorch|fig,Answer using only one word - blowtorch or fig and not banjo. Which is more similar in semantic meaning to banjo?,banjo
banjo|blowtorch|jeans,Answer using only one word - blowtorch or jeans and not banjo. Which is more similar in semantic meaning to banjo?,jeans
banjo|blueberry|bread,Answer using only one word - blueberry or bread and not banjo. Which is more similar in semantic meaning to banjo?,banjo
banjo|blueberry|candle,Answer using only one word - blueberry or candle and not banjo. Which is more similar in semantic meaning to banjo?,candle
banjo|blueberry|cart,Answer using only one word - blueberry or cart and not banjo. Which is more similar in semantic meaning to banjo?,banjo
banjo|blueberry|chinchilla,Answer using only one word - blueberry or chinchilla and not banjo. Which is more similar in semantic meaning to banjo?,chinchilla
banjo|blueberry|crow,Answer using only one word - blueberry or crow and not banjo. Which is more similar in semantic meaning to banjo?,crow
banjo|blueberry|eggbeater,Answer using only one word - blueberry or eggbeater and not banjo. Which is more similar in semantic meaning to banjo?,eggbeater
banjo|blueberry|grenade,Answer using only one word - blueberry or grenade and not banjo. Which is more similar in semantic meaning to banjo?,banjo
banjo|boa|bread,Answer using only one word - boa or bread and not banjo. Which is more similar in semantic meaning to banjo?,boa
banjo|boa|candle,Answer using only one word - boa or candle and not banjo. Which is more similar in semantic meaning to banjo?,candle
banjo|boa|cart,Answer using only one word - boa or cart and not banjo. Which is more similar in semantic meaning to banjo?,cart
banjo|boa|chinchilla,Answer using only one word - boa or chinchilla and not banjo. Which is more similar in semantic meaning to banjo?,None
banjo|boa|crow,Answer using only one word - boa or crow and not banjo. Which is more similar in semantic meaning to banjo?,boa
banjo|boa|eggbeater,Answer using only one word - boa or eggbeater and not banjo. Which is more similar in semantic meaning to banjo?,eggbeater
banjo|boa|grenade,Answer using only one word - boa or grenade and not banjo. Which is more similar in semantic meaning to banjo?,None
banjo|boar|brussels sprouts,Answer using only one word - boar or brussels sprouts and not banjo. Which is more similar in semantic meaning to banjo?,brussels sprouts
banjo|boar|candy,Answer using only one word - boar or candy and not banjo. Which is more similar in semantic meaning to banjo?,banjo
banjo|boar|cat,Answer using only one word - boar or cat and not banjo. Which is more similar in semantic meaning to banjo?,cat
banjo|boar|chisel,Answer using only one word - boar or chisel and not banjo. Which is more similar in semantic meaning to banjo?,banjo
banjo|boar|crowbar,Answer using only one word - boar or crowbar and not banjo. Which is more similar in semantic meaning to banjo?,banjo
banjo|boar|fig,Answer using only one word - boar or fig and not banjo. Which is more similar in semantic meaning to banjo?,fig
banjo|boar|jeans,Answer using only one word - boar or jeans and not banjo. Which is more similar in semantic meaning to banjo?,boar
banjo|bread|burrito,Answer using only one word - bread or burrito and not banjo. Which is more similar in semantic meaning to banjo?,None
banjo|bread|car,Answer using only one word - bread or car and not banjo. Which is more similar in semantic meaning to banjo?,banjo
banjo|bread|celery,Answer using only one word - bread or celery and not banjo. Which is more similar in semantic meaning to banjo?,None.
banjo|bread|coat,Answer using only one word - bread or coat and not banjo. Which is more similar in semantic meaning to banjo?,banjo
banjo|bread|dress,Answer using only one word - bread or dress and not banjo. Which is more similar in semantic meaning to banjo?,None
banjo|bread|flute,Answer using only one word - bread or flute and not banjo. Which is more similar in semantic meaning to banjo?,flute
banjo|bread|motorcycle,Answer using only one word - bread or motorcycle and not banjo. Which is more similar in semantic meaning to banjo?,banjo
banjo|brussels sprouts|candy,Answer using only one word - brussels sprouts or candy and not banjo. Which is more similar in semantic meaning to banjo?,candy
banjo|brussels sprouts|cat,Answer using only one word - brussels sprouts or cat and not banjo. Which is more similar in semantic meaning to banjo?,cat
banjo|brussels sprouts|chisel,Answer using only one word - brussels sprouts or chisel and not banjo. Which is more similar in semantic meaning to banjo?,chisel
banjo|brussels sprouts|crowbar,Answer using only one word - brussels sprouts or crowbar and not banjo. Which is more similar in semantic meaning to banjo?,crowbar
banjo|brussels sprouts|fig,Answer using only one word - brussels sprouts or fig and not banjo. Which is more similar in semantic meaning to banjo?,None.
banjo|brussels sprouts|jeans,Answer using only one word - brussels sprouts or jeans and not banjo. Which is more similar in semantic meaning to banjo?,brussels sprouts
banjo|bucket|candle,Answer using only one word - bucket or candle and not banjo. Which is more similar in semantic meaning to banjo?,candle
banjo|bucket|cart,Answer using only one word - bucket or cart and not banjo. Which is more similar in semantic meaning to banjo?,cart
banjo|bucket|chinchilla,Answer using only one word - bucket or chinchilla and not banjo. Which is more similar in semantic meaning to banjo?,chinchilla
banjo|bucket|crow,Answer using only one word - bucket or crow and not banjo. Which is more similar in semantic meaning to banjo?,crow
banjo|bucket|eggbeater,Answer using only one word - bucket or eggbeater and not banjo. Which is more similar in semantic meaning to banjo?,eggbeater
banjo|bucket|grenade,Answer using only one word - bucket or grenade and not banjo. Which is more similar in semantic meaning to banjo?,banjo
banjo|burrito|candle,Answer using only one word - burrito or candle and not banjo. Which is more similar in semantic meaning to banjo?,candle
banjo|burrito|cart,Answer using only one word - burrito or cart and not banjo. Which is more similar in semantic meaning to banjo?,cart
banjo|burrito|chinchilla,Answer using only one word - burrito or chinchilla and not banjo. Which is more similar in semantic meaning to banjo?,None
banjo|burrito|crow,Answer using only one word - burrito or crow and not banjo. Which is more similar in semantic meaning to banjo?,crow
banjo|burrito|eggbeater,Answer using only one word - burrito or eggbeater and not banjo. Which is more similar in semantic meaning to banjo?,eggbeater
banjo|burrito|grenade,Answer using only one word - burrito or grenade and not banjo. Which is more similar in semantic meaning to banjo?,None
banjo|cactus|candy,Answer using only one word - cactus or candy and not banjo. Which is more similar in semantic meaning to banjo?,cactus
banjo|cactus|cat,Answer using only one word - cactus or cat and not banjo. Which is more similar in semantic meaning to banjo?,cat
banjo|cactus|chisel,Answer using only one word - cactus or chisel and not banjo. Which is more similar in semantic meaning to banjo?,chisel
banjo|cactus|crowbar,Answer using only one word - cactus or crowbar and not banjo. Which is more similar in semantic meaning to banjo?,cactus
banjo|cactus|fig,Answer using only one word - cactus or fig and not banjo. Which is more similar in semantic meaning to banjo?,cactus
banjo|cactus|jeans,Answer using only one word - cactus or jeans and not banjo. Which is more similar in semantic meaning to banjo?,banjo
banjo|candle|car,Answer using only one word - candle or car and not banjo. Which is more similar in semantic meaning to banjo?,banjo
banjo|candle|celery,Answer using only one word - candle or celery and not banjo. Which is more similar in semantic meaning to banjo?,celery
banjo|candle|coat,Answer using only one word - candle or coat and not banjo. Which is more similar in semantic meaning to banjo?,banjo
banjo|candle|dress,Answer using only one word - candle or dress and not banjo. Which is more similar in semantic meaning to banjo?,dress
banjo|candle|flute,Answer using only one word - candle or flute and not banjo. Which is more similar in semantic meaning to banjo?,flute
banjo|candle|motorcycle,Answer using only one word - candle or motorcycle and not banjo. Which is more similar in semantic meaning to banjo?,motorcycle
banjo|candy|cat,Answer using only one word - candy or cat and not banjo. Which is more similar in semantic meaning to banjo?,cat
banjo|candy|chisel,Answer using only one word - candy or chisel and not banjo. Which is more similar in semantic meaning to banjo?,chisel
banjo|candy|crowbar,Answer using only one word - candy or crowbar and not banjo. Which is more similar in semantic meaning to banjo?,banjo
banjo|candy|fig,Answer using only one word - candy or fig and not banjo. Which is more similar in semantic meaning to banjo?,fig
banjo|candy|jeans,Answer using only one word - candy or jeans and not banjo. Which is more similar in semantic meaning to banjo?,banjo
banjo|cannon|cart,Answer using only one word - cannon or cart and not banjo. Which is more similar in semantic meaning to banjo?,cart
banjo|cannon|chinchilla,Answer using only one word - cannon or chinchilla and not banjo. Which is more similar in semantic meaning to banjo?,banjo
banjo|cannon|crow,Answer using only one word - cannon or crow and not banjo. Which is more similar in semantic meaning to banjo?,cannon
banjo|cannon|eggbeater,Answer using only one word - cannon or eggbeater and not banjo. Which is more similar in semantic meaning to banjo?,banjo
banjo|cannon|grenade,Answer using only one word - cannon or grenade and not banjo. Which is more similar in semantic meaning to banjo?,None.
banjo|car|cart,Answer using only one word - car or cart and not banjo. Which is more similar in semantic meaning to banjo?,cart
banjo|car|chinchilla,Answer using only one word - car or chinchilla and not banjo. Which is more similar in semantic meaning to banjo?,chinchilla
banjo|car|crow,Answer using only one word - car or crow and not banjo. Which is more similar in semantic meaning to banjo?,car
banjo|car|eggbeater,Answer using only one word - car or eggbeater and not banjo. Which is more similar in semantic meaning to banjo?,eggbeater
banjo|car|grenade,Answer using only one word - car or grenade and not banjo. Which is more similar in semantic meaning to banjo?,banjo
banjo|carrot|cat,Answer using only one word - carrot or cat and not banjo. Which is more similar in semantic meaning to banjo?,cat
banjo|carrot|chisel,Answer using only one word - carrot or chisel and not banjo. Which is more similar in semantic meaning to banjo?,chisel
banjo|carrot|crowbar,Answer using only one word - carrot or crowbar and not banjo. Which is more similar in semantic meaning to banjo?,banjo
banjo|carrot|fig,Answer using only one word - carrot or fig and not banjo. Which is more similar in semantic meaning to banjo?,fig
banjo|carrot|jeans,Answer using only one word - carrot or jeans and not banjo. Which is more similar in semantic meaning to banjo?,banjo
banjo|cart|celery,Answer using only one word - cart or celery and not banjo. Which is more similar in semantic meaning to banjo?,None.
banjo|cart|coat,Answer using only one word - cart or coat and not banjo. Which is more similar in semantic meaning to banjo?,None
banjo|cart|dress,Answer using only one word - cart or dress and not banjo. Which is more similar in semantic meaning to banjo?,None
banjo|cart|flute,Answer using only one word - cart or flute and not banjo. Which is more similar in semantic meaning to banjo?,flute
banjo|cart|motorcycle,Answer using only one word - cart or motorcycle and not banjo. Which is more similar in semantic meaning to banjo?,banjo
banjo|cat|chisel,Answer using only one word - cat or chisel and not banjo. Which is more similar in semantic meaning to banjo?,chisel
banjo|cat|crowbar,Answer using only one word - cat or crowbar and not banjo. Which is more similar in semantic meaning to banjo?,crowbar
banjo|cat|fig,Answer using only one word - cat or fig and not banjo. Which is more similar in semantic meaning to banjo?,fig
banjo|cat|jeans,Answer using only one word - cat or jeans and not banjo. Which is more similar in semantic meaning to banjo?,banjo
banjo|caterpillar|chinchilla,Answer using only one word - caterpillar or chinchilla and not banjo. Which is more similar in semantic meaning to banjo?,None
banjo|caterpillar|crow,Answer using only one word - caterpillar or crow and not banjo. Which is more similar in semantic meaning to banjo?,caterpillar
banjo|caterpillar|eggbeater,Answer using only one word - caterpillar or eggbeater and not banjo. Which is more similar in semantic meaning to banjo?,eggbeater
banjo|caterpillar|grenade,Answer using only one word - caterpillar or grenade and not banjo. Which is more similar in semantic meaning to banjo?,None
banjo|celery|chinchilla,Answer using only one word - celery or chinchilla and not banjo. Which is more similar in semantic meaning to banjo?,chinchilla
banjo|celery|crow,Answer using only one word - celery or crow and not banjo. Which is more similar in semantic meaning to banjo?,None
banjo|celery|eggbeater,Answer using only one word - celery or eggbeater and not banjo. Which is more similar in semantic meaning to banjo?,None
banjo|celery|grenade,Answer using only one word - celery or grenade and not banjo. Which is more similar in semantic meaning to banjo?,None
banjo|chili|chisel,Answer using only one word - chili or chisel and not banjo. Which is more similar in semantic meaning to banjo?,chili
banjo|chili|crowbar,Answer using only one word - chili or crowbar and not banjo. Which is more similar in semantic meaning to banjo?,chili
banjo|chili|fig,Answer using only one word - chili or fig and not banjo. Which is more similar in semantic meaning to banjo?,fig
banjo|chili|jeans,Answer using only one word - chili or jeans and not banjo. Which is more similar in semantic meaning to banjo?,banjo
banjo|chinchilla|coat,Answer using only one word - chinchilla or coat and not banjo. Which is more similar in semantic meaning to banjo?,None
banjo|chinchilla|dress,Answer using only one word - chinchilla or dress and not banjo. Which is more similar in semantic meaning to banjo?,None
banjo|chinchilla|flute,Answer using only one word - chinchilla or flute and not banjo. Which is more similar in semantic meaning to banjo?,flute
banjo|chinchilla|motorcycle,Answer using only one word - chinchilla or motorcycle and not banjo. Which is more similar in semantic meaning to banjo?,motorcycle
banjo|chisel|crowbar,Answer using only one word - chisel or crowbar and not banjo. Which is more similar in semantic meaning to banjo?,banjo
banjo|chisel|fig,Answer using only one word - chisel or fig and not banjo. Which is more similar in semantic meaning to banjo?,fig
banjo|chisel|jeans,Answer using only one word - chisel or jeans and not banjo. Which is more similar in semantic meaning to banjo?,banjo
banjo|clarinet|crow,Answer using only one word - clarinet or crow and not banjo. Which is more similar in semantic meaning to banjo?,crow
banjo|clarinet|eggbeater,Answer using only one word - clarinet or eggbeater and not banjo. Which is more similar in semantic meaning to banjo?,eggbeater
banjo|clarinet|grenade,Answer using only one word - clarinet or grenade and not banjo. Which is more similar in semantic meaning to banjo?,None
banjo|coat|crow,Answer using only one word - coat or crow and not banjo. Which is more similar in semantic meaning to banjo?,crow
banjo|coat|eggbeater,Answer using only one word - coat or eggbeater and not banjo. Which is more similar in semantic meaning to banjo?,eggbeater
banjo|coat|grenade,Answer using only one word - coat or grenade and not banjo. Which is more similar in semantic meaning to banjo?,None
banjo|coconut|crowbar,Answer using only one word - coconut or crowbar and not banjo. Which is more similar in semantic meaning to banjo?,crowbar
banjo|coconut|fig,Answer using only one word - coconut or fig and not banjo. Which is more similar in semantic meaning to banjo?,fig
banjo|coconut|jeans,Answer using only one word - coconut or jeans and not banjo. Which is more similar in semantic meaning to banjo?,banjo
banjo|crow|dress,Answer using only one word - crow or dress and not banjo. Which is more similar in semantic meaning to banjo?,dress
banjo|crow|flute,Answer using only one word - crow or flute and not banjo. Which is more similar in semantic meaning to banjo?,flute
banjo|crow|motorcycle,Answer using only one word - crow or motorcycle and not banjo. Which is more similar in semantic meaning to banjo?,banjo
banjo|crowbar|fig,Answer using only one word - crowbar or fig and not banjo. Which is more similar in semantic meaning to banjo?,None
banjo|crowbar|jeans,Answer using only one word - crowbar or jeans and not banjo. Which is more similar in semantic meaning to banjo?,banjo
banjo|dragonfly|eggbeater,Answer using only one word - dragonfly or eggbeater and not banjo. Which is more similar in semantic meaning to banjo?,eggbeater
banjo|dragonfly|grenade,Answer using only one word - dragonfly or grenade and not banjo. Which is more similar in semantic meaning to banjo?,None
banjo|dress|eggbeater,Answer using only one word - dress or eggbeater and not banjo. Which is more similar in semantic meaning to banjo?,eggbeater
banjo|dress|grenade,Answer using only one word - dress or grenade and not banjo. Which is more similar in semantic meaning to banjo?,None
banjo|eagle|fig,Answer using only one word - eagle or fig and not banjo. Which is more similar in semantic meaning to banjo?,fig
banjo|eagle|jeans,Answer using only one word - eagle or jeans and not banjo. Which is more similar in semantic meaning to banjo?,banjo
banjo|eggbeater|flute,Answer using only one word - eggbeater or flute and not banjo. Which is more similar in semantic meaning to banjo?,flute
banjo|eggbeater|motorcycle,Answer using only one word - eggbeater or motorcycle and not banjo. Which is more similar in semantic meaning to banjo?,banjo
banjo|fig|jeans,Answer using only one word - fig or jeans and not banjo. Which is more similar in semantic meaning to banjo?,jeans
banjo|file|grenade,Answer using only one word - file or grenade and not banjo. Which is more similar in semantic meaning to banjo?,None
banjo|flute|grenade,Answer using only one word - flute or grenade and not banjo. Which is more similar in semantic meaning to banjo?,banjo
banjo|fly|jeans,Answer using only one word - fly or jeans and not banjo. Which is more similar in semantic meaning to banjo?,banjo
banjo|grenade|motorcycle,Answer using only one word - grenade or motorcycle and not banjo. Which is more similar in semantic meaning to banjo?,banjo
barrel|bat|bed,Answer using only one word - bat or bed and not barrel. Which is more similar in semantic meaning to barrel?,None
barrel|bat|bird,Answer using only one word - bat or bird and not barrel. Which is more similar in semantic meaning to barrel?,bird
barrel|bat|boar,Answer using only one word - bat or boar and not barrel. Which is more similar in semantic meaning to barrel?,None.
barrel|bat|cactus,Answer using only one word - bat or cactus and not barrel. Which is more similar in semantic meaning to barrel?,None
barrel|bat|carrot,Answer using only one word - bat or carrot and not barrel. Which is more similar in semantic meaning to barrel?,bat
barrel|bat|chili,Answer using only one word - bat or chili and not barrel. Which is more similar in semantic meaning to barrel?,bat
barrel|bat|coconut,Answer using only one word - bat or coconut and not barrel. Which is more similar in semantic meaning to barrel?,coconut
barrel|bat|eagle,Answer using only one word - bat or eagle and not barrel. Which is more similar in semantic meaning to barrel?,bat
barrel|bat|fly,Answer using only one word - bat or fly and not barrel. Which is more similar in semantic meaning to barrel?,fly
barrel|beaver|bed,Answer using only one word - beaver or bed and not barrel. Which is more similar in semantic meaning to barrel?,bed
barrel|beaver|bird,Answer using only one word - beaver or bird and not barrel. Which is more similar in semantic meaning to barrel?,beaver
barrel|beaver|boar,Answer using only one word - beaver or boar and not barrel. Which is more similar in semantic meaning to barrel?,beaver
barrel|beaver|cactus,Answer using only one word - beaver or cactus and not barrel. Which is more similar in semantic meaning to barrel?,cactus
barrel|beaver|carrot,Answer using only one word - beaver or carrot and not barrel. Which is more similar in semantic meaning to barrel?,carrot
barrel|beaver|chili,Answer using only one word - beaver or chili and not barrel. Which is more similar in semantic meaning to barrel?,chili
barrel|beaver|coconut,Answer using only one word - beaver or coconut and not barrel. Which is more similar in semantic meaning to barrel?,coconut
barrel|beaver|eagle,Answer using only one word - beaver or eagle and not barrel. Which is more similar in semantic meaning to barrel?,None
barrel|beaver|fly,Answer using only one word - beaver or fly and not barrel. Which is more similar in semantic meaning to barrel?,fly
barrel|bed|beet,Answer using only one word - bed or beet and not barrel. Which is more similar in semantic meaning to barrel?,beet
barrel|bed|blender,Answer using only one word - bed or blender and not barrel. Which is more similar in semantic meaning to barrel?,blender
barrel|bed|bread,Answer using only one word - bed or bread and not barrel. Which is more similar in semantic meaning to barrel?,bread
barrel|bed|candle,Answer using only one word - bed or candle and not barrel. Which is more similar in semantic meaning to barrel?,candle
barrel|bed|cart,Answer using only one word - bed or cart and not barrel. Which is more similar in semantic meaning to barrel?,cart
barrel|bed|chinchilla,Answer using only one word - bed or chinchilla and not barrel. Which is more similar in semantic meaning to barrel?,chinchilla
barrel|bed|crow,Answer using only one word - bed or crow and not barrel. Which is more similar in semantic meaning to barrel?,crow
barrel|bed|eggbeater,Answer using only one word - bed or eggbeater and not barrel. Which is more similar in semantic meaning to barrel?,eggbeater
barrel|bed|grenade,Answer using only one word - bed or grenade and not barrel. Which is more similar in semantic meaning to barrel?,grenade
barrel|beet|bell,Answer using only one word - beet or bell and not barrel. Which is more similar in semantic meaning to barrel?,bell
barrel|beet|blueberry,Answer using only one word - beet or blueberry and not barrel. Which is more similar in semantic meaning to barrel?,None.
barrel|beet|bucket,Answer using only one word - beet or bucket and not barrel. Which is more similar in semantic meaning to barrel?,bucket
barrel|beet|cannon,Answer using only one word - beet or cannon and not barrel. Which is more similar in semantic meaning to barrel?,cannon
barrel|beet|caterpillar,Answer using only one word - beet or caterpillar and not barrel. Which is more similar in semantic meaning to barrel?,caterpillar
barrel|beet|clarinet,Answer using only one word - beet or clarinet and not barrel. Which is more similar in semantic meaning to barrel?,clarinet
barrel|beet|dragonfly,Answer using only one word - beet or dragonfly and not barrel. Which is more similar in semantic meaning to barrel?,None
barrel|beet|file,Answer using only one word - beet or file and not barrel. Which is more similar in semantic meaning to barrel?,file
barrel|beet|missile,Answer using only one word - beet or missile and not barrel. Which is more similar in semantic meaning to barrel?,missile
barrel|beetle|blender,Answer using only one word - beetle or blender and not barrel. Which is more similar in semantic meaning to barrel?,blender
barrel|beetle|bread,Answer using only one word - beetle or bread and not barrel. Which is more similar in semantic meaning to barrel?,bread
barrel|beetle|candle,Answer using only one word - beetle or candle and not barrel. Which is more similar in semantic meaning to barrel?,candle
barrel|beetle|cart,Answer using only one word - beetle or cart and not barrel. Which is more similar in semantic meaning to barrel?,cart
barrel|beetle|chinchilla,Answer using only one word - beetle or chinchilla and not barrel. Which is more similar in semantic meaning to barrel?,barrel
barrel|beetle|crow,Answer using only one word - beetle or crow and not barrel. Which is more similar in semantic meaning to barrel?,barrel
barrel|beetle|eggbeater,Answer using only one word - beetle or eggbeater and not barrel. Which is more similar in semantic meaning to barrel?,barrel
barrel|beetle|grenade,Answer using only one word - beetle or grenade and not barrel. Which is more similar in semantic meaning to barrel?,grenade
barrel|bell|bird,Answer using only one word - bell or bird and not barrel. Which is more similar in semantic meaning to barrel?,bird
barrel|bell|boar,Answer using only one word - bell or boar and not barrel. Which is more similar in semantic meaning to barrel?,boar
barrel|bell|cactus,Answer using only one word - bell or cactus and not barrel. Which is more similar in semantic meaning to barrel?,cactus
barrel|bell|carrot,Answer using only one word - bell or carrot and not barrel. Which is more similar in semantic meaning to barrel?,barrel
barrel|bell|chili,Answer using only one word - bell or chili and not barrel. Which is more similar in semantic meaning to barrel?,chili
barrel|bell|coconut,Answer using only one word - bell or coconut and not barrel. Which is more similar in semantic meaning to barrel?,coconut
barrel|bell|eagle,Answer using only one word - bell or eagle and not barrel. Which is more similar in semantic meaning to barrel?,barrel
barrel|bell|fly,Answer using only one word - bell or fly and not barrel. Which is more similar in semantic meaning to barrel?,fly
barrel|belt|bird,Answer using only one word - belt or bird and not barrel. Which is more similar in semantic meaning to barrel?,belt
barrel|belt|boar,Answer using only one word - belt or boar and not barrel. Which is more similar in semantic meaning to barrel?,boar
barrel|belt|cactus,Answer using only one word - belt or cactus and not barrel. Which is more similar in semantic meaning to barrel?,belt
barrel|belt|carrot,Answer using only one word - belt or carrot and not barrel. Which is more similar in semantic meaning to barrel?,barrel
barrel|belt|chili,Answer using only one word - belt or chili and not barrel. Which is more similar in semantic meaning to barrel?,belt
barrel|belt|coconut,Answer using only one word - belt or coconut and not barrel. Which is more similar in semantic meaning to barrel?,belt
barrel|belt|eagle,Answer using only one word - belt or eagle and not barrel. Which is more similar in semantic meaning to barrel?,None
barrel|belt|fly,Answer using only one word - belt or fly and not barrel. Which is more similar in semantic meaning to barrel?,fly
barrel|bird|blender,Answer using only one word - bird or blender and not barrel. Which is more similar in semantic meaning to barrel?,blender
barrel|bird|bread,Answer using only one word - bird or bread and not barrel. Which is more similar in semantic meaning to barrel?,bread
barrel|bird|candle,Answer using only one word - bird or candle and not barrel. Which is more similar in semantic meaning to barrel?,candle
barrel|bird|cart,Answer using only one word - bird or cart and not barrel. Which is more similar in semantic meaning to barrel?,cart
barrel|bird|chinchilla,Answer using only one word - bird or chinchilla and not barrel. Which is more similar in semantic meaning to barrel?,chinchilla
barrel|bird|crow,Answer using only one word - bird or crow and not barrel. Which is more similar in semantic meaning to barrel?,None
barrel|bird|eggbeater,Answer using only one word - bird or eggbeater and not barrel. Which is more similar in semantic meaning to barrel?,eggbeater
barrel|bird|grenade,Answer using only one word - bird or grenade and not barrel. Which is more similar in semantic meaning to barrel?,grenade
barrel|blender|blueberry,Answer using only one word - blender or blueberry and not barrel. Which is more similar in semantic meaning to barrel?,barrel
barrel|blender|bucket,Answer using only one word - blender or bucket and not barrel. Which is more similar in semantic meaning to barrel?,bucket
barrel|blender|cannon,Answer using only one word - blender or cannon and not barrel. Which is more similar in semantic meaning to barrel?,cannon
barrel|blender|caterpillar,Answer using only one word - blender or caterpillar and not barrel. Which is more similar in semantic meaning to barrel?,caterpillar
barrel|blender|clarinet,Answer using only one word - blender or clarinet and not barrel. Which is more similar in semantic meaning to barrel?,barrel
barrel|blender|dragonfly,Answer using only one word - blender or dragonfly and not barrel. Which is more similar in semantic meaning to barrel?,barrel
barrel|blender|file,Answer using only one word - blender or file and not barrel. Which is more similar in semantic meaning to barrel?,file
barrel|blender|missile,Answer using only one word - blender or missile and not barrel. Which is more similar in semantic meaning to barrel?,missile
barrel|blowtorch|bread,Answer using only one word - blowtorch or bread and not barrel. Which is more similar in semantic meaning to barrel?,barrel
barrel|blowtorch|candle,Answer using only one word - blowtorch or candle and not barrel. Which is more similar in semantic meaning to barrel?,None
barrel|blowtorch|cart,Answer using only one word - blowtorch or cart and not barrel. Which is more similar in semantic meaning to barrel?,cart
barrel|blowtorch|chinchilla,Answer using only one word - blowtorch or chinchilla and not barrel. Which is more similar in semantic meaning to barrel?,chinchilla
barrel|blowtorch|crow,Answer using only one word - blowtorch or crow and not barrel. Which is more similar in semantic meaning to barrel?,barrel
barrel|blowtorch|eggbeater,Answer using only one word - blowtorch or eggbeater and not barrel. Which is more similar in semantic meaning to barrel?,barrel
barrel|blowtorch|grenade,Answer using only one word - blowtorch or grenade and not barrel. Which is more similar in semantic meaning to barrel?,None
barrel|blueberry|boar,Answer using only one word - blueberry or boar and not barrel. Which is more similar in semantic meaning to barrel?,boar
barrel|blueberry|cactus,Answer using only one word - blueberry or cactus and not barrel. Which is more similar in semantic meaning to barrel?,cactus
barrel|blueberry|carrot,Answer using only one word - blueberry or carrot and not barrel. Which is more similar in semantic meaning to barrel?,carrot
barrel|blueberry|chili,Answer using only one word - blueberry or chili and not barrel. Which is more similar in semantic meaning to barrel?,chili
barrel|blueberry|coconut,Answer using only one word - blueberry or coconut and not barrel. Which is more similar in semantic meaning to barrel?,coconut
barrel|blueberry|eagle,Answer using only one word - blueberry or eagle and not barrel. Which is more similar in semantic meaning to barrel?,eagle
barrel|blueberry|fly,Answer using only one word - blueberry or fly and not barrel. Which is more similar in semantic meaning to barrel?,fly
barrel|boa|boar,Answer using only one word - boa or boar and not barrel. Which is more similar in semantic meaning to barrel?,boar
barrel|boa|cactus,Answer using only one word - boa or cactus and not barrel. Which is more similar in semantic meaning to barrel?,cactus
barrel|boa|carrot,Answer using only one word - boa or carrot and not barrel. Which is more similar in semantic meaning to barrel?,carrot
barrel|boa|chili,Answer using only one word - boa or chili and not barrel. Which is more similar in semantic meaning to barrel?,chili
barrel|boa|coconut,Answer using only one word - boa or coconut and not barrel. Which is more similar in semantic meaning to barrel?,coconut
barrel|boa|eagle,Answer using only one word - boa or eagle and not barrel. Which is more similar in semantic meaning to barrel?,boa
barrel|boa|fly,Answer using only one word - boa or fly and not barrel. Which is more similar in semantic meaning to barrel?,fly
barrel|boar|bread,Answer using only one word - boar or bread and not barrel. Which is more similar in semantic meaning to barrel?,bread
barrel|boar|candle,Answer using only one word - boar or candle and not barrel. Which is more similar in semantic meaning to barrel?,candle
barrel|boar|cart,Answer using only one word - boar or cart and not barrel. Which is more similar in semantic meaning to barrel?,cart
barrel|boar|chinchilla,Answer using only one word - boar or chinchilla and not barrel. Which is more similar in semantic meaning to barrel?,None.
barrel|boar|crow,Answer using only one word - boar or crow and not barrel. Which is more similar in semantic meaning to barrel?,None
barrel|boar|eggbeater,Answer using only one word - boar or eggbeater and not barrel. Which is more similar in semantic meaning to barrel?,barrel
barrel|boar|grenade,Answer using only one word - boar or grenade and not barrel. Which is more similar in semantic meaning to barrel?,grenade
barrel|bread|bucket,Answer using only one word - bread or bucket and not barrel. Which is more similar in semantic meaning to barrel?,bucket
barrel|bread|cannon,Answer using only one word - bread or cannon and not barrel. Which is more similar in semantic meaning to barrel?,cannon
barrel|bread|caterpillar,Answer using only one word - bread or caterpillar and not barrel. Which is more similar in semantic meaning to barrel?,caterpillar
barrel|bread|clarinet,Answer using only one word - bread or clarinet and not barrel. Which is more similar in semantic meaning to barrel?,clarinet
barrel|bread|dragonfly,Answer using only one word - bread or dragonfly and not barrel. Which is more similar in semantic meaning to barrel?,dragonfly
barrel|bread|file,Answer using only one word - bread or file and not barrel. Which is more similar in semantic meaning to barrel?,file
barrel|bread|missile,Answer using only one word - bread or missile and not barrel. Which is more similar in semantic meaning to barrel?,missile
barrel|brussels sprouts|candle,Answer using only one word - brussels sprouts or candle and not barrel. Which is more similar in semantic meaning to barrel?,barrel
barrel|brussels sprouts|cart,Answer using only one word - brussels sprouts or cart and not barrel. Which is more similar in semantic meaning to barrel?,barrel
barrel|brussels sprouts|chinchilla,Answer using only one word - brussels sprouts or chinchilla and not barrel. Which is more similar in semantic meaning to barrel?,chinchilla
barrel|brussels sprouts|crow,Answer using only one word - brussels sprouts or crow and not barrel. Which is more similar in semantic meaning to barrel?,barrel
barrel|brussels sprouts|eggbeater,Answer using only one word - brussels sprouts or eggbeater and not barrel. Which is more similar in semantic meaning to barrel?,barrel
barrel|brussels sprouts|grenade,Answer using only one word - brussels sprouts or grenade and not barrel. Which is more similar in semantic meaning to barrel?,grenade
barrel|bucket|cactus,Answer using only one word - bucket or cactus and not barrel. Which is more similar in semantic meaning to barrel?,bucket
barrel|bucket|carrot,Answer using only one word - bucket or carrot and not barrel. Which is more similar in semantic meaning to barrel?,barrel
barrel|bucket|chili,Answer using only one word - bucket or chili and not barrel. Which is more similar in semantic meaning to barrel?,bucket
barrel|bucket|coconut,Answer using only one word - bucket or coconut and not barrel. Which is more similar in semantic meaning to barrel?,bucket
barrel|bucket|eagle,Answer using only one word - bucket or eagle and not barrel. Which is more similar in semantic meaning to barrel?,bucket
barrel|bucket|fly,Answer using only one word - bucket or fly and not barrel. Which is more similar in semantic meaning to barrel?,bucket
barrel|burrito|cactus,Answer using only one word - burrito or cactus and not barrel. Which is more similar in semantic meaning to barrel?,cactus
barrel|burrito|carrot,Answer using only one word - burrito or carrot and not barrel. Which is more similar in semantic meaning to barrel?,barrel
barrel|burrito|chili,Answer using only one word - burrito or chili and not barrel. Which is more similar in semantic meaning to barrel?,chili
barrel|burrito|coconut,Answer using only one word - burrito or coconut and not barrel. Which is more similar in semantic meaning to barrel?,barrel
barrel|burrito|eagle,Answer using only one word - burrito or eagle and not barrel. Which is more similar in semantic meaning to barrel?,eagle
barrel|burrito|fly,Answer using only one word - burrito or fly and not barrel. Which is more similar in semantic meaning to barrel?,fly
barrel|cactus|candle,Answer using only one word - cactus or candle and not barrel. Which is more similar in semantic meaning to barrel?,cactus
barrel|cactus|cart,Answer using only one word - cactus or cart and not barrel. Which is more similar in semantic meaning to barrel?,cart
barrel|cactus|chinchilla,Answer using only one word - cactus or chinchilla and not barrel. Which is more similar in semantic meaning to barrel?,chinchilla
barrel|cactus|crow,Answer using only one word - cactus or crow and not barrel. Which is more similar in semantic meaning to barrel?,cactus
barrel|cactus|eggbeater,Answer using only one word - cactus or eggbeater and not barrel. Which is more similar in semantic meaning to barrel?,eggbeater
barrel|cactus|grenade,Answer using only one word - cactus or grenade and not barrel. Which is more similar in semantic meaning to barrel?,grenade
barrel|candle|cannon,Answer using only one word - candle or cannon and not barrel. Which is more similar in semantic meaning to barrel?,cannon
barrel|candle|caterpillar,Answer using only one word - candle or caterpillar and not barrel. Which is more similar in semantic meaning to barrel?,candle
barrel|candle|clarinet,Answer using only one word - candle or clarinet and not barrel. Which is more similar in semantic meaning to barrel?,candle
barrel|candle|dragonfly,Answer using only one word - candle or dragonfly and not barrel. Which is more similar in semantic meaning to barrel?,candle
barrel|candle|file,Answer using only one word - candle or file and not barrel. Which is more similar in semantic meaning to barrel?,file
barrel|candle|missile,Answer using only one word - candle or missile and not barrel. Which is more similar in semantic meaning to barrel?,missile
barrel|candy|cart,Answer using only one word - candy or cart and not barrel. Which is more similar in semantic meaning to barrel?,cart
barrel|candy|chinchilla,Answer using only one word - candy or chinchilla and not barrel. Which is more similar in semantic meaning to barrel?,chinchilla
barrel|candy|crow,Answer using only one word - candy or crow and not barrel. Which is more similar in semantic meaning to barrel?,crow
barrel|candy|eggbeater,Answer using only one word - candy or eggbeater and not barrel. Which is more similar in semantic meaning to barrel?,eggbeater
barrel|candy|grenade,Answer using only one word - candy or grenade and not barrel. Which is more similar in semantic meaning to barrel?,grenade
barrel|cannon|carrot,Answer using only one word - cannon or carrot and not barrel. Which is more similar in semantic meaning to barrel?,cannon
barrel|cannon|chili,Answer using only one word - cannon or chili and not barrel. Which is more similar in semantic meaning to barrel?,cannon
barrel|cannon|coconut,Answer using only one word - cannon or coconut and not barrel. Which is more similar in semantic meaning to barrel?,cannon
barrel|cannon|eagle,Answer using only one word - cannon or eagle and not barrel. Which is more similar in semantic meaning to barrel?,cannon
barrel|cannon|fly,Answer using only one word - cannon or fly and not barrel. Which is more similar in semantic meaning to barrel?,cannon
barrel|car|carrot,Answer using only one word - car or carrot and not barrel. Which is more similar in semantic meaning to barrel?,carrot
barrel|car|chili,Answer using only one word - car or chili and not barrel. Which is more similar in semantic meaning to barrel?,chili
barrel|car|coconut,Answer using only one word - car or coconut and not barrel. Which is more similar in semantic meaning to barrel?,coconut
barrel|car|eagle,Answer using only one word - car or eagle and not barrel. Which is more similar in semantic meaning to barrel?,eagle
barrel|car|fly,Answer using only one word - car or fly and not barrel. Which is more similar in semantic meaning to barrel?,fly
barrel|carrot|cart,Answer using only one word - carrot or cart and not barrel. Which is more similar in semantic meaning to barrel?,cart
barrel|carrot|chinchilla,Answer using only one word - carrot or chinchilla and not barrel. Which is more similar in semantic meaning to barrel?,chinchilla
barrel|carrot|crow,Answer using only one word - carrot or crow and not barrel. Which is more similar in semantic meaning to barrel?,None
barrel|carrot|eggbeater,Answer using only one word - carrot or eggbeater and not barrel. Which is more similar in semantic meaning to barrel?,barrel
barrel|carrot|grenade,Answer using only one word - carrot or grenade and not barrel. Which is more similar in semantic meaning to barrel?,grenade
barrel|cart|caterpillar,Answer using only one word - cart or caterpillar and not barrel. Which is more similar in semantic meaning to barrel?,None
barrel|cart|clarinet,Answer using only one word - cart or clarinet and not barrel. Which is more similar in semantic meaning to barrel?,cart
barrel|cart|dragonfly,Answer using only one word - cart or dragonfly and not barrel. Which is more similar in semantic meaning to barrel?,None
barrel|cart|file,Answer using only one word - cart or file and not barrel. Which is more similar in semantic meaning to barrel?,file
barrel|cart|missile,Answer using only one word - cart or missile and not barrel. Which is more similar in semantic meaning to barrel?,missile
barrel|cat|chinchilla,Answer using only one word - cat or chinchilla and not barrel. Which is more similar in semantic meaning to barrel?,chinchilla
barrel|cat|crow,Answer using only one word - cat or crow and not barrel. Which is more similar in semantic meaning to barrel?,crow
barrel|cat|eggbeater,Answer using only one word - cat or eggbeater and not barrel. Which is more similar in semantic meaning to barrel?,eggbeater
barrel|cat|grenade,Answer using only one word - cat or grenade and not barrel. Which is more similar in semantic meaning to barrel?,grenade
barrel|caterpillar|chili,Answer using only one word - caterpillar or chili and not barrel. Which is more similar in semantic meaning to barrel?,barrel
barrel|caterpillar|coconut,Answer using only one word - caterpillar or coconut and not barrel. Which is more similar in semantic meaning to barrel?,coconut
barrel|caterpillar|eagle,Answer using only one word - caterpillar or eagle and not barrel. Which is more similar in semantic meaning to barrel?,barrel
barrel|caterpillar|fly,Answer using only one word - caterpillar or fly and not barrel. Which is more similar in semantic meaning to barrel?,fly
barrel|celery|chili,Answer using only one word - celery or chili and not barrel. Which is more similar in semantic meaning to barrel?,chili
barrel|celery|coconut,Answer using only one word - celery or coconut and not barrel. Which is more similar in semantic meaning to barrel?,coconut
barrel|celery|eagle,Answer using only one word - celery or eagle and not barrel. Which is more similar in semantic meaning to barrel?,None
barrel|celery|fly,Answer using only one word - celery or fly and not barrel. Which is more similar in semantic meaning to barrel?,fly
barrel|chili|chinchilla,Answer using only one word - chili or chinchilla and not barrel. Which is more similar in semantic meaning to barrel?,chinchilla
barrel|chili|crow,Answer using only one word - chili or crow and not barrel. Which is more similar in semantic meaning to barrel?,chili
barrel|chili|eggbeater,Answer using only one word - chili or eggbeater and not barrel. Which is more similar in semantic meaning to barrel?,barrel
barrel|chili|grenade,Answer using only one word - chili or grenade and not barrel. Which is more similar in semantic meaning to barrel?,grenade
barrel|chinchilla|clarinet,Answer using only one word - chinchilla or clarinet and not barrel. Which is more similar in semantic meaning to barrel?,None.
barrel|chinchilla|dragonfly,Answer using only one word - chinchilla or dragonfly and not barrel. Which is more similar in semantic meaning to barrel?,None.
barrel|chinchilla|file,Answer using only one word - chinchilla or file and not barrel. Which is more similar in semantic meaning to barrel?,file
barrel|chinchilla|missile,Answer using only one word - chinchilla or missile and not barrel. Which is more similar in semantic meaning to barrel?,missile
barrel|chisel|crow,Answer using only one word - chisel or crow and not barrel. Which is more similar in semantic meaning to barrel?,None
barrel|chisel|eggbeater,Answer using only one word - chisel or eggbeater and not barrel. Which is more similar in semantic meaning to barrel?,barrel
barrel|chisel|grenade,Answer using only one word - chisel or grenade and not barrel. Which is more similar in semantic meaning to barrel?,grenade
barrel|clarinet|coconut,Answer using only one word - clarinet or coconut and not barrel. Which is more similar in semantic meaning to barrel?,coconut
barrel|clarinet|eagle,Answer using only one word - clarinet or eagle and not barrel. Which is more similar in semantic meaning to barrel?,barrel
barrel|clarinet|fly,Answer using only one word - clarinet or fly and not barrel. Which is more similar in semantic meaning to barrel?,fly
barrel|coat|coconut,Answer using only one word - coat or coconut and not barrel. Which is more similar in semantic meaning to barrel?,coconut
barrel|coat|eagle,Answer using only one word - coat or eagle and not barrel. Which is more similar in semantic meaning to barrel?,None
barrel|coat|fly,Answer using only one word - coat or fly and not barrel. Which is more similar in semantic meaning to barrel?,fly
barrel|coconut|crow,Answer using only one word - coconut or crow and not barrel. Which is more similar in semantic meaning to barrel?,crow
barrel|coconut|eggbeater,Answer using only one word - coconut or eggbeater and not barrel. Which is more similar in semantic meaning to barrel?,eggbeater
barrel|coconut|grenade,Answer using only one word - coconut or grenade and not barrel. Which is more similar in semantic meaning to barrel?,grenade
barrel|crow|dragonfly,Answer using only one word - crow or dragonfly and not barrel. Which is more similar in semantic meaning to barrel?,barrel
barrel|crow|file,Answer using only one word - crow or file and not barrel. Which is more similar in semantic meaning to barrel?,file
barrel|crow|missile,Answer using only one word - crow or missile and not barrel. Which is more similar in semantic meaning to barrel?,missile
barrel|crowbar|eggbeater,Answer using only one word - crowbar or eggbeater and not barrel. Which is more similar in semantic meaning to barrel?,barrel
barrel|crowbar|grenade,Answer using only one word - crowbar or grenade and not barrel. Which is more similar in semantic meaning to barrel?,None
barrel|dragonfly|eagle,Answer using only one word - dragonfly or eagle and not barrel. Which is more similar in semantic meaning to barrel?,barrel
barrel|dragonfly|fly,Answer using only one word - dragonfly or fly and not barrel. Which is more similar in semantic meaning to barrel?,fly
barrel|dress|eagle,Answer using only one word - dress or eagle and not barrel. Which is more similar in semantic meaning to barrel?,barrel
barrel|dress|fly,Answer using only one word - dress or fly and not barrel. Which is more similar in semantic meaning to barrel?,fly
barrel|eagle|eggbeater,Answer using only one word - eagle or eggbeater and not barrel. Which is more similar in semantic meaning to barrel?,eggbeater
barrel|eagle|grenade,Answer using only one word - eagle or grenade and not barrel. Which is more similar in semantic meaning to barrel?,grenade
barrel|eggbeater|file,Answer using only one word - eggbeater or file and not barrel. Which is more similar in semantic meaning to barrel?,file
barrel|eggbeater|missile,Answer using only one word - eggbeater or missile and not barrel. Which is more similar in semantic meaning to barrel?,missile
barrel|fig|grenade,Answer using only one word - fig or grenade and not barrel. Which is more similar in semantic meaning to barrel?,fig
barrel|file|fly,Answer using only one word - file or fly and not barrel. Which is more similar in semantic meaning to barrel?,fly
barrel|flute|fly,Answer using only one word - flute or fly and not barrel. Which is more similar in semantic meaning to barrel?,fly
barrel|fly|grenade,Answer using only one word - fly or grenade and not barrel. Which is more similar in semantic meaning to barrel?,grenade
barrel|grenade|missile,Answer using only one word - grenade or missile and not barrel. Which is more similar in semantic meaning to barrel?,missile
bat|beaver|bed,Answer using only one word - beaver or bed and not bat. Which is more similar in semantic meaning to bat?,bed
bat|beaver|bird,Answer using only one word - beaver or bird and not bat. Which is more similar in semantic meaning to bat?,beaver
bat|beaver|boar,Answer using only one word - beaver or boar and not bat. Which is more similar in semantic meaning to bat?,beaver
bat|beaver|cactus,Answer using only one word - beaver or cactus and not bat. Which is more similar in semantic meaning to bat?,cactus
bat|beaver|carrot,Answer using only one word - beaver or carrot and not bat. Which is more similar in semantic meaning to bat?,carrot
bat|beaver|chili,Answer using only one word - beaver or chili and not bat. Which is more similar in semantic meaning to bat?,chili
bat|beaver|coconut,Answer using only one word - beaver or coconut and not bat. Which is more similar in semantic meaning to bat?,beaver
bat|beaver|eagle,Answer using only one word - beaver or eagle and not bat. Which is more similar in semantic meaning to bat?,None
bat|beaver|fly,Answer using only one word - beaver or fly and not bat. Which is more similar in semantic meaning to bat?,beaver
bat|bed|beet,Answer using only one word - bed or beet and not bat. Which is more similar in semantic meaning to bat?,beet
bat|bed|blender,Answer using only one word - bed or blender and not bat. Which is more similar in semantic meaning to bat?,blender
bat|bed|bread,Answer using only one word - bed or bread and not bat. Which is more similar in semantic meaning to bat?,bread
bat|bed|candle,Answer using only one word - bed or candle and not bat. Which is more similar in semantic meaning to bat?,candle
bat|bed|cart,Answer using only one word - bed or cart and not bat. Which is more similar in semantic meaning to bat?,cart
bat|bed|chinchilla,Answer using only one word - bed or chinchilla and not bat. Which is more similar in semantic meaning to bat?,chinchilla
bat|bed|crow,Answer using only one word - bed or crow and not bat. Which is more similar in semantic meaning to bat?,crow
bat|bed|eggbeater,Answer using only one word - bed or eggbeater and not bat. Which is more similar in semantic meaning to bat?,eggbeater
bat|bed|grenade,Answer using only one word - bed or grenade and not bat. Which is more similar in semantic meaning to bat?,grenade
bat|beet|bell,Answer using only one word - beet or bell and not bat. Which is more similar in semantic meaning to bat?,bell
bat|beet|blueberry,Answer using only one word - beet or blueberry and not bat. Which is more similar in semantic meaning to bat?,None.
bat|beet|bucket,Answer using only one word - beet or bucket and not bat. Which is more similar in semantic meaning to bat?,bucket
bat|beet|cannon,Answer using only one word - beet or cannon and not bat. Which is more similar in semantic meaning to bat?,cannon
bat|beet|caterpillar,Answer using only one word - beet or caterpillar and not bat. Which is more similar in semantic meaning to bat?,caterpillar
bat|beet|clarinet,Answer using only one word - beet or clarinet and not bat. Which is more similar in semantic meaning to bat?,clarinet
bat|beet|dragonfly,Answer using only one word - beet or dragonfly and not bat. Which is more similar in semantic meaning to bat?,dragonfly
bat|beet|file,Answer using only one word - beet or file and not bat. Which is more similar in semantic meaning to bat?,file
bat|beet|missile,Answer using only one word - beet or missile and not bat. Which is more similar in semantic meaning to bat?,missile
bat|beetle|blender,Answer using only one word - beetle or blender and not bat. Which is more similar in semantic meaning to bat?,blender
bat|beetle|bread,Answer using only one word - beetle or bread and not bat. Which is more similar in semantic meaning to bat?,beetle
bat|beetle|candle,Answer using only one word - beetle or candle and not bat. Which is more similar in semantic meaning to bat?,candle
bat|beetle|cart,Answer using only one word - beetle or cart and not bat. Which is more similar in semantic meaning to bat?,cart
bat|beetle|chinchilla,Answer using only one word - beetle or chinchilla and not bat. Which is more similar in semantic meaning to bat?,chinchilla
bat|beetle|crow,Answer using only one word - beetle or crow and not bat. Which is more similar in semantic meaning to bat?,beetle
bat|beetle|eggbeater,Answer using only one word - beetle or eggbeater and not bat. Which is more similar in semantic meaning to bat?,eggbeater
bat|beetle|grenade,Answer using only one word - beetle or grenade and not bat. Which is more similar in semantic meaning to bat?,None
bat|bell|bird,Answer using only one word - bell or bird and not bat. Which is more similar in semantic meaning to bat?,bird
bat|bell|boar,Answer using only one word - bell or boar and not bat. Which is more similar in semantic meaning to bat?,boar
bat|bell|cactus,Answer using only one word - bell or cactus and not bat. Which is more similar in semantic meaning to bat?,cactus
bat|bell|carrot,Answer using only one word - bell or carrot and not bat. Which is more similar in semantic meaning to bat?,carrot
bat|bell|chili,Answer using only one word - bell or chili and not bat. Which is more similar in semantic meaning to bat?,chili
bat|bell|coconut,Answer using only one word - bell or coconut and not bat. Which is more similar in semantic meaning to bat?,coconut
bat|bell|eagle,Answer using only one word - bell or eagle and not bat. Which is more similar in semantic meaning to bat?,None
bat|bell|fly,Answer using only one word - bell or fly and not bat. Which is more similar in semantic meaning to bat?,fly
bat|belt|bird,Answer using only one word - belt or bird and not bat. Which is more similar in semantic meaning to bat?,bird
bat|belt|boar,Answer using only one word - belt or boar and not bat. Which is more similar in semantic meaning to bat?,boar
bat|belt|cactus,Answer using only one word - belt or cactus and not bat. Which is more similar in semantic meaning to bat?,cactus
bat|belt|carrot,Answer using only one word - belt or carrot and not bat. Which is more similar in semantic meaning to bat?,carrot
bat|belt|chili,Answer using only one word - belt or chili and not bat. Which is more similar in semantic meaning to bat?,chili
bat|belt|coconut,Answer using only one word - belt or coconut and not bat. Which is more similar in semantic meaning to bat?,coconut
bat|belt|eagle,Answer using only one word - belt or eagle and not bat. Which is more similar in semantic meaning to bat?,eagle
bat|belt|fly,Answer using only one word - belt or fly and not bat. Which is more similar in semantic meaning to bat?,fly
bat|bird|blender,Answer using only one word - bird or blender and not bat. Which is more similar in semantic meaning to bat?,blender
bat|bird|bread,Answer using only one word - bird or bread and not bat. Which is more similar in semantic meaning to bat?,bread
bat|bird|candle,Answer using only one word - bird or candle and not bat. Which is more similar in semantic meaning to bat?,candle
bat|bird|cart,Answer using only one word - bird or cart and not bat. Which is more similar in semantic meaning to bat?,cart
bat|bird|chinchilla,Answer using only one word - bird or chinchilla and not bat. Which is more similar in semantic meaning to bat?,chinchilla
bat|bird|crow,Answer using only one word - bird or crow and not bat. Which is more similar in semantic meaning to bat?,crow
bat|bird|eggbeater,Answer using only one word - bird or eggbeater and not bat. Which is more similar in semantic meaning to bat?,eggbeater
bat|bird|grenade,Answer using only one word - bird or grenade and not bat. Which is more similar in semantic meaning to bat?,Grenade
bat|blender|blueberry,Answer using only one word - blender or blueberry and not bat. Which is more similar in semantic meaning to bat?,None.
bat|blender|bucket,Answer using only one word - blender or bucket and not bat. Which is more similar in semantic meaning to bat?,bucket
bat|blender|cannon,Answer using only one word - blender or cannon and not bat. Which is more similar in semantic meaning to bat?,cannon
bat|blender|caterpillar,Answer using only one word - blender or caterpillar and not bat. Which is more similar in semantic meaning to bat?,caterpillar
bat|blender|clarinet,Answer using only one word - blender or clarinet and not bat. Which is more similar in semantic meaning to bat?,clarinet
bat|blender|dragonfly,Answer using only one word - blender or dragonfly and not bat. Which is more similar in semantic meaning to bat?,dragonfly
bat|blender|file,Answer using only one word - blender or file and not bat. Which is more similar in semantic meaning to bat?,file
bat|blender|missile,Answer using only one word - blender or missile and not bat. Which is more similar in semantic meaning to bat?,missile
bat|blowtorch|bread,Answer using only one word - blowtorch or bread and not bat. Which is more similar in semantic meaning to bat?,bat
bat|blowtorch|candle,Answer using only one word - blowtorch or candle and not bat. Which is more similar in semantic meaning to bat?,None.
bat|blowtorch|cart,Answer using only one word - blowtorch or cart and not bat. Which is more similar in semantic meaning to bat?,cart
bat|blowtorch|chinchilla,Answer using only one word - blowtorch or chinchilla and not bat. Which is more similar in semantic meaning to bat?,chinchilla
bat|blowtorch|crow,Answer using only one word - blowtorch or crow and not bat. Which is more similar in semantic meaning to bat?,crow
bat|blowtorch|eggbeater,Answer using only one word - blowtorch or eggbeater and not bat. Which is more similar in semantic meaning to bat?,eggbeater
bat|blowtorch|grenade,Answer using only one word - blowtorch or grenade and not bat. Which is more similar in semantic meaning to bat?,none
bat|blueberry|boar,Answer using only one word - blueberry or boar and not bat. Which is more similar in semantic meaning to bat?,boar
bat|blueberry|cactus,Answer using only one word - blueberry or cactus and not bat. Which is more similar in semantic meaning to bat?,cactus
bat|blueberry|carrot,Answer using only one word - blueberry or carrot and not bat. Which is more similar in semantic meaning to bat?,carrot
bat|blueberry|chili,Answer using only one word - blueberry or chili and not bat. Which is more similar in semantic meaning to bat?,chili
bat|blueberry|coconut,Answer using only one word - blueberry or coconut and not bat. Which is more similar in semantic meaning to bat?,None.
bat|blueberry|eagle,Answer using only one word - blueberry or eagle and not bat. Which is more similar in semantic meaning to bat?,eagle
bat|blueberry|fly,Answer using only one word - blueberry or fly and not bat. Which is more similar in semantic meaning to bat?,fly
bat|boa|boar,Answer using only one word - boa or boar and not bat. Which is more similar in semantic meaning to bat?,boa
bat|boa|cactus,Answer using only one word - boa or cactus and not bat. Which is more similar in semantic meaning to bat?,cactus
bat|boa|carrot,Answer using only one word - boa or carrot and not bat. Which is more similar in semantic meaning to bat?,carrot
bat|boa|chili,Answer using only one word - boa or chili and not bat. Which is more similar in semantic meaning to bat?,chili
bat|boa|coconut,Answer using only one word - boa or coconut and not bat. Which is more similar in semantic meaning to bat?,coconut
bat|boa|eagle,Answer using only one word - boa or eagle and not bat. Which is more similar in semantic meaning to bat?,boa
bat|boa|fly,Answer using only one word - boa or fly and not bat. Which is more similar in semantic meaning to bat?,boa
bat|boar|bread,Answer using only one word - boar or bread and not bat. Which is more similar in semantic meaning to bat?,bread
bat|boar|candle,Answer using only one word - boar or candle and not bat. Which is more similar in semantic meaning to bat?,candle
bat|boar|cart,Answer using only one word - boar or cart and not bat. Which is more similar in semantic meaning to bat?,cart
bat|boar|chinchilla,Answer using only one word - boar or chinchilla and not bat. Which is more similar in semantic meaning to bat?,chinchilla
bat|boar|crow,Answer using only one word - boar or crow and not bat. Which is more similar in semantic meaning to bat?,crow
bat|boar|eggbeater,Answer using only one word - boar or eggbeater and not bat. Which is more similar in semantic meaning to bat?,eggbeater
bat|boar|grenade,Answer using only one word - boar or grenade and not bat. Which is more similar in semantic meaning to bat?,None
bat|bread|bucket,Answer using only one word - bread or bucket and not bat. Which is more similar in semantic meaning to bat?,bucket
bat|bread|cannon,Answer using only one word - bread or cannon and not bat. Which is more similar in semantic meaning to bat?,cannon
bat|bread|caterpillar,Answer using only one word - bread or caterpillar and not bat. Which is more similar in semantic meaning to bat?,caterpillar
bat|bread|clarinet,Answer using only one word - bread or clarinet and not bat. Which is more similar in semantic meaning to bat?,clarinet
bat|bread|dragonfly,Answer using only one word - bread or dragonfly and not bat. Which is more similar in semantic meaning to bat?,dragonfly
bat|bread|file,Answer using only one word - bread or file and not bat. Which is more similar in semantic meaning to bat?,file
bat|bread|missile,Answer using only one word - bread or missile and not bat. Which is more similar in semantic meaning to bat?,missile
bat|brussels sprouts|candle,Answer using only one word - brussels sprouts or candle and not bat. Which is more similar in semantic meaning to bat?,candle
bat|brussels sprouts|cart,Answer using only one word - brussels sprouts or cart and not bat. Which is more similar in semantic meaning to bat?,cart
bat|brussels sprouts|chinchilla,Answer using only one word - brussels sprouts or chinchilla and not bat. Which is more similar in semantic meaning to bat?,chinchilla
bat|brussels sprouts|crow,Answer using only one word - brussels sprouts or crow and not bat. Which is more similar in semantic meaning to bat?,crow
bat|brussels sprouts|eggbeater,Answer using only one word - brussels sprouts or eggbeater and not bat. Which is more similar in semantic meaning to bat?,eggbeater
bat|brussels sprouts|grenade,Answer using only one word - brussels sprouts or grenade and not bat. Which is more similar in semantic meaning to bat?,grenade
bat|bucket|cactus,Answer using only one word - bucket or cactus and not bat. Which is more similar in semantic meaning to bat?,cactus
bat|bucket|carrot,Answer using only one word - bucket or carrot and not bat. Which is more similar in semantic meaning to bat?,carrot
bat|bucket|chili,Answer using only one word - bucket or chili and not bat. Which is more similar in semantic meaning to bat?,chili
bat|bucket|coconut,Answer using only one word - bucket or coconut and not bat. Which is more similar in semantic meaning to bat?,coconut
bat|bucket|eagle,Answer using only one word - bucket or eagle and not bat. Which is more similar in semantic meaning to bat?,eagle
bat|bucket|fly,Answer using only one word - bucket or fly and not bat. Which is more similar in semantic meaning to bat?,fly
bat|burrito|cactus,Answer using only one word - burrito or cactus and not bat. Which is more similar in semantic meaning to bat?,cactus
bat|burrito|carrot,Answer using only one word - burrito or carrot and not bat. Which is more similar in semantic meaning to bat?,carrot
bat|burrito|chili,Answer using only one word - burrito or chili and not bat. Which is more similar in semantic meaning to bat?,None.
bat|burrito|coconut,Answer using only one word - burrito or coconut and not bat. Which is more similar in semantic meaning to bat?,coconut
bat|burrito|eagle,Answer using only one word - burrito or eagle and not bat. Which is more similar in semantic meaning to bat?,eagle
bat|burrito|fly,Answer using only one word - burrito or fly and not bat. Which is more similar in semantic meaning to bat?,fly
bat|cactus|candle,Answer using only one word - cactus or candle and not bat. Which is more similar in semantic meaning to bat?,cactus
bat|cactus|cart,Answer using only one word - cactus or cart and not bat. Which is more similar in semantic meaning to bat?,cart
bat|cactus|chinchilla,Answer using only one word - cactus or chinchilla and not bat. Which is more similar in semantic meaning to bat?,chinchilla
bat|cactus|crow,Answer using only one word - cactus or crow and not bat. Which is more similar in semantic meaning to bat?,cactus
bat|cactus|eggbeater,Answer using only one word - cactus or eggbeater and not bat. Which is more similar in semantic meaning to bat?,eggbeater
bat|cactus|grenade,Answer using only one word - cactus or grenade and not bat. Which is more similar in semantic meaning to bat?,grenade
bat|candle|cannon,Answer using only one word - candle or cannon and not bat. Which is more similar in semantic meaning to bat?,cannon
bat|candle|caterpillar,Answer using only one word - candle or caterpillar and not bat. Which is more similar in semantic meaning to bat?,caterpillar
bat|candle|clarinet,Answer using only one word - candle or clarinet and not bat. Which is more similar in semantic meaning to bat?,clarinet
bat|candle|dragonfly,Answer using only one word - candle or dragonfly and not bat. Which is more similar in semantic meaning to bat?,dragonfly
bat|candle|file,Answer using only one word - candle or file and not bat. Which is more similar in semantic meaning to bat?,file
bat|candle|missile,Answer using only one word - candle or missile and not bat. Which is more similar in semantic meaning to bat?,missile
bat|candy|cart,Answer using only one word - candy or cart and not bat. Which is more similar in semantic meaning to bat?,cart
bat|candy|chinchilla,Answer using only one word - candy or chinchilla and not bat. Which is more similar in semantic meaning to bat?,chinchilla
bat|candy|crow,Answer using only one word - candy or crow and not bat. Which is more similar in semantic meaning to bat?,crow
bat|candy|eggbeater,Answer using only one word - candy or eggbeater and not bat. Which is more similar in semantic meaning to bat?,eggbeater
bat|candy|grenade,Answer using only one word - candy or grenade and not bat. Which is more similar in semantic meaning to bat?,grenade
bat|cannon|carrot,Answer using only one word - cannon or carrot and not bat. Which is more similar in semantic meaning to bat?,cannon
bat|cannon|chili,Answer using only one word - cannon or chili and not bat. Which is more similar in semantic meaning to bat?,chili
bat|cannon|coconut,Answer using only one word - cannon or coconut and not bat. Which is more similar in semantic meaning to bat?,coconut
bat|cannon|eagle,Answer using only one word - cannon or eagle and not bat. Which is more similar in semantic meaning to bat?,cannon
bat|cannon|fly,Answer using only one word - cannon or fly and not bat. Which is more similar in semantic meaning to bat?,fly
bat|car|carrot,Answer using only one word - car or carrot and not bat. Which is more similar in semantic meaning to bat?,carrot
bat|car|chili,Answer using only one word - car or chili and not bat. Which is more similar in semantic meaning to bat?,chili
bat|car|coconut,Answer using only one word - car or coconut and not bat. Which is more similar in semantic meaning to bat?,coconut
bat|car|eagle,Answer using only one word - car or eagle and not bat. Which is more similar in semantic meaning to bat?,eagle
bat|car|fly,Answer using only one word - car or fly and not bat. Which is more similar in semantic meaning to bat?,fly
bat|carrot|cart,Answer using only one word - carrot or cart and not bat. Which is more similar in semantic meaning to bat?,cart
bat|carrot|chinchilla,Answer using only one word - carrot or chinchilla and not bat. Which is more similar in semantic meaning to bat?,chinchilla
bat|carrot|crow,Answer using only one word - carrot or crow and not bat. Which is more similar in semantic meaning to bat?,crow
bat|carrot|eggbeater,Answer using only one word - carrot or eggbeater and not bat. Which is more similar in semantic meaning to bat?,eggbeater
bat|carrot|grenade,Answer using only one word - carrot or grenade and not bat. Which is more similar in semantic meaning to bat?,grenade
bat|cart|caterpillar,Answer using only one word - cart or caterpillar and not bat. Which is more similar in semantic meaning to bat?,caterpillar
bat|cart|clarinet,Answer using only one word - cart or clarinet and not bat. Which is more similar in semantic meaning to bat?,clarinet
bat|cart|dragonfly,Answer using only one word - cart or dragonfly and not bat. Which is more similar in semantic meaning to bat?,dragonfly
bat|cart|file,Answer using only one word - cart or file and not bat. Which is more similar in semantic meaning to bat?,file
bat|cart|missile,Answer using only one word - cart or missile and not bat. Which is more similar in semantic meaning to bat?,missile
bat|cat|chinchilla,Answer using only one word - cat or chinchilla and not bat. Which is more similar in semantic meaning to bat?,chinchilla
bat|cat|crow,Answer using only one word - cat or crow and not bat. Which is more similar in semantic meaning to bat?,crow
bat|cat|eggbeater,Answer using only one word - cat or eggbeater and not bat. Which is more similar in semantic meaning to bat?,eggbeater
bat|cat|grenade,Answer using only one word - cat or grenade and not bat. Which is more similar in semantic meaning to bat?,cat
bat|caterpillar|chili,Answer using only one word - caterpillar or chili and not bat. Which is more similar in semantic meaning to bat?,chili
bat|caterpillar|coconut,Answer using only one word - caterpillar or coconut and not bat. Which is more similar in semantic meaning to bat?,caterpillar
bat|caterpillar|eagle,Answer using only one word - caterpillar or eagle and not bat. Which is more similar in semantic meaning to bat?,caterpillar
bat|caterpillar|fly,Answer using only one word - caterpillar or fly and not bat. Which is more similar in semantic meaning to bat?,fly
bat|celery|chili,Answer using only one word - celery or chili and not bat. Which is more similar in semantic meaning to bat?,chili
bat|celery|coconut,Answer using only one word - celery or coconut and not bat. Which is more similar in semantic meaning to bat?,None.
bat|celery|eagle,Answer using only one word - celery or eagle and not bat. Which is more similar in semantic meaning to bat?,eagle
bat|celery|fly,Answer using only one word - celery or fly and not bat. Which is more similar in semantic meaning to bat?,fly
bat|chili|chinchilla,Answer using only one word - chili or chinchilla and not bat. Which is more similar in semantic meaning to bat?,chinchilla
bat|chili|crow,Answer using only one word - chili or crow and not bat. Which is more similar in semantic meaning to bat?,crow
bat|chili|eggbeater,Answer using only one word - chili or eggbeater and not bat. Which is more similar in semantic meaning to bat?,None.
bat|chili|grenade,Answer using only one word - chili or grenade and not bat. Which is more similar in semantic meaning to bat?,None.
bat|chinchilla|clarinet,Answer using only one word - chinchilla or clarinet and not bat. Which is more similar in semantic meaning to bat?,chinchilla
bat|chinchilla|dragonfly,Answer using only one word - chinchilla or dragonfly and not bat. Which is more similar in semantic meaning to bat?,chinchilla
bat|chinchilla|file,Answer using only one word - chinchilla or file and not bat. Which is more similar in semantic meaning to bat?,file
bat|chinchilla|missile,Answer using only one word - chinchilla or missile and not bat. Which is more similar in semantic meaning to bat?,missile
bat|chisel|crow,Answer using only one word - chisel or crow and not bat. Which is more similar in semantic meaning to bat?,chisel
bat|chisel|eggbeater,Answer using only one word - chisel or eggbeater and not bat. Which is more similar in semantic meaning to bat?,chisel
bat|chisel|grenade,Answer using only one word - chisel or grenade and not bat. Which is more similar in semantic meaning to bat?,chisel
bat|clarinet|coconut,Answer using only one word - clarinet or coconut and not bat. Which is more similar in semantic meaning to bat?,coconut
bat|clarinet|eagle,Answer using only one word - clarinet or eagle and not bat. Which is more similar in semantic meaning to bat?,eagle
bat|clarinet|fly,Answer using only one word - clarinet or fly and not bat. Which is more similar in semantic meaning to bat?,fly
bat|coat|coconut,Answer using only one word - coat or coconut and not bat. Which is more similar in semantic meaning to bat?,coconut
bat|coat|eagle,Answer using only one word - coat or eagle and not bat. Which is more similar in semantic meaning to bat?,eagle
bat|coat|fly,Answer using only one word - coat or fly and not bat. Which is more similar in semantic meaning to bat?,fly
bat|coconut|crow,Answer using only one word - coconut or crow and not bat. Which is more similar in semantic meaning to bat?,crow
bat|coconut|eggbeater,Answer using only one word - coconut or eggbeater and not bat. Which is more similar in semantic meaning to bat?,eggbeater
bat|coconut|grenade,Answer using only one word - coconut or grenade and not bat. Which is more similar in semantic meaning to bat?,None
bat|crow|dragonfly,Answer using only one word - crow or dragonfly and not bat. Which is more similar in semantic meaning to bat?,None
bat|crow|file,Answer using only one word - crow or file and not bat. Which is more similar in semantic meaning to bat?,file
bat|crow|missile,Answer using only one word - crow or missile and not bat. Which is more similar in semantic meaning to bat?,None
bat|crowbar|eggbeater,Answer using only one word - crowbar or eggbeater and not bat. Which is more similar in semantic meaning to bat?,crowbar
bat|crowbar|grenade,Answer using only one word - crowbar or grenade and not bat. Which is more similar in semantic meaning to bat?,crowbar
bat|dragonfly|eagle,Answer using only one word - dragonfly or eagle and not bat. Which is more similar in semantic meaning to bat?,None
bat|dragonfly|fly,Answer using only one word - dragonfly or fly and not bat. Which is more similar in semantic meaning to bat?,fly
bat|dress|eagle,Answer using only one word - dress or eagle and not bat. Which is more similar in semantic meaning to bat?,eagle
bat|dress|fly,Answer using only one word - dress or fly and not bat. Which is more similar in semantic meaning to bat?,fly
bat|eagle|eggbeater,Answer using only one word - eagle or eggbeater and not bat. Which is more similar in semantic meaning to bat?,eggbeater
bat|eagle|grenade,Answer using only one word - eagle or grenade and not bat. Which is more similar in semantic meaning to bat?,None
bat|eggbeater|file,Answer using only one word - eggbeater or file and not bat. Which is more similar in semantic meaning to bat?,file
bat|eggbeater|missile,Answer using only one word - eggbeater or missile and not bat. Which is more similar in semantic meaning to bat?,missile
bat|fig|grenade,Answer using only one word - fig or grenade and not bat. Which is more similar in semantic meaning to bat?,grenade
bat|file|fly,Answer using only one word - file or fly and not bat. Which is more similar in semantic meaning to bat?,fly
bat|flute|fly,Answer using only one word - flute or fly and not bat. Which is more similar in semantic meaning to bat?,fly
bat|fly|grenade,Answer using only one word - fly or grenade and not bat. Which is more similar in semantic meaning to bat?,grenade
bat|grenade|missile,Answer using only one word - grenade or missile and not bat. Which is more similar in semantic meaning to bat?,none
beaver|bed|beet,Answer using only one word - bed or beet and not beaver. Which is more similar in semantic meaning to beaver?,beet
beaver|bed|blender,Answer using only one word - bed or blender and not beaver. Which is more similar in semantic meaning to beaver?,blender
beaver|bed|bread,Answer using only one word - bed or bread and not beaver. Which is more similar in semantic meaning to beaver?,bread
beaver|bed|candle,Answer using only one word - bed or candle and not beaver. Which is more similar in semantic meaning to beaver?,candle
beaver|bed|cart,Answer using only one word - bed or cart and not beaver. Which is more similar in semantic meaning to beaver?,cart
beaver|bed|chinchilla,Answer using only one word - bed or chinchilla and not beaver. Which is more similar in semantic meaning to beaver?,chinchilla
beaver|bed|crow,Answer using only one word - bed or crow and not beaver. Which is more similar in semantic meaning to beaver?,crow
beaver|bed|eggbeater,Answer using only one word - bed or eggbeater and not beaver. Which is more similar in semantic meaning to beaver?,eggbeater
beaver|bed|grenade,Answer using only one word - bed or grenade and not beaver. Which is more similar in semantic meaning to beaver?,Grenade
beaver|beet|bell,Answer using only one word - beet or bell and not beaver. Which is more similar in semantic meaning to beaver?,bell
beaver|beet|blueberry,Answer using only one word - beet or blueberry and not beaver. Which is more similar in semantic meaning to beaver?,beet
beaver|beet|bucket,Answer using only one word - beet or bucket and not beaver. Which is more similar in semantic meaning to beaver?,bucket
beaver|beet|cannon,Answer using only one word - beet or cannon and not beaver. Which is more similar in semantic meaning to beaver?,cannon
beaver|beet|caterpillar,Answer using only one word - beet or caterpillar and not beaver. Which is more similar in semantic meaning to beaver?,caterpillar
beaver|beet|clarinet,Answer using only one word - beet or clarinet and not beaver. Which is more similar in semantic meaning to beaver?,clarinet
beaver|beet|dragonfly,Answer using only one word - beet or dragonfly and not beaver. Which is more similar in semantic meaning to beaver?,beet
beaver|beet|file,Answer using only one word - beet or file and not beaver. Which is more similar in semantic meaning to beaver?,file
beaver|beet|missile,Answer using only one word - beet or missile and not beaver. Which is more similar in semantic meaning to beaver?,missile
beaver|beetle|blender,Answer using only one word - beetle or blender and not beaver. Which is more similar in semantic meaning to beaver?,beetle
beaver|beetle|bread,Answer using only one word - beetle or bread and not beaver. Which is more similar in semantic meaning to beaver?,beetle
beaver|beetle|candle,Answer using only one word - beetle or candle and not beaver. Which is more similar in semantic meaning to beaver?,beetle
beaver|beetle|cart,Answer using only one word - beetle or cart and not beaver. Which is more similar in semantic meaning to beaver?,cart
beaver|beetle|chinchilla,Answer using only one word - beetle or chinchilla and not beaver. Which is more similar in semantic meaning to beaver?,beetle
beaver|beetle|crow,Answer using only one word - beetle or crow and not beaver. Which is more similar in semantic meaning to beaver?,beetle
beaver|beetle|eggbeater,Answer using only one word - beetle or eggbeater and not beaver. Which is more similar in semantic meaning to beaver?,beetle
beaver|beetle|grenade,Answer using only one word - beetle or grenade and not beaver. Which is more similar in semantic meaning to beaver?,beetle
beaver|bell|bird,Answer using only one word - bell or bird and not beaver. Which is more similar in semantic meaning to beaver?,bird
beaver|bell|boar,Answer using only one word - bell or boar and not beaver. Which is more similar in semantic meaning to beaver?,boar
beaver|bell|cactus,Answer using only one word - bell or cactus and not beaver. Which is more similar in semantic meaning to beaver?,cactus
beaver|bell|carrot,Answer using only one word - bell or carrot and not beaver. Which is more similar in semantic meaning to beaver?,carrot
beaver|bell|chili,Answer using only one word - bell or chili and not beaver. Which is more similar in semantic meaning to beaver?,chili
beaver|bell|coconut,Answer using only one word - bell or coconut and not beaver. Which is more similar in semantic meaning to beaver?,coconut
beaver|bell|eagle,Answer using only one word - bell or eagle and not beaver. Which is more similar in semantic meaning to beaver?,eagle
beaver|bell|fly,Answer using only one word - bell or fly and not beaver. Which is more similar in semantic meaning to beaver?,fly
beaver|belt|bird,Answer using only one word - belt or bird and not beaver. Which is more similar in semantic meaning to beaver?,bird
beaver|belt|boar,Answer using only one word - belt or boar and not beaver. Which is more similar in semantic meaning to beaver?,boar
beaver|belt|cactus,Answer using only one word - belt or cactus and not beaver. Which is more similar in semantic meaning to beaver?,cactus
beaver|belt|carrot,Answer using only one word - belt or carrot and not beaver. Which is more similar in semantic meaning to beaver?,carrot
beaver|belt|chili,Answer using only one word - belt or chili and not beaver. Which is more similar in semantic meaning to beaver?,chili
beaver|belt|coconut,Answer using only one word - belt or coconut and not beaver. Which is more similar in semantic meaning to beaver?,coconut
beaver|belt|eagle,Answer using only one word - belt or eagle and not beaver. Which is more similar in semantic meaning to beaver?,eagle
beaver|belt|fly,Answer using only one word - belt or fly and not beaver. Which is more similar in semantic meaning to beaver?,fly
beaver|bird|blender,Answer using only one word - bird or blender and not beaver. Which is more similar in semantic meaning to beaver?,blender
beaver|bird|bread,Answer using only one word - bird or bread and not beaver. Which is more similar in semantic meaning to beaver?,bread
beaver|bird|candle,Answer using only one word - bird or candle and not beaver. Which is more similar in semantic meaning to beaver?,candle
beaver|bird|cart,Answer using only one word - bird or cart and not beaver. Which is more similar in semantic meaning to beaver?,cart
beaver|bird|chinchilla,Answer using only one word - bird or chinchilla and not beaver. Which is more similar in semantic meaning to beaver?,chinchilla
beaver|bird|crow,Answer using only one word - bird or crow and not beaver. Which is more similar in semantic meaning to beaver?,crow
beaver|bird|eggbeater,Answer using only one word - bird or eggbeater and not beaver. Which is more similar in semantic meaning to beaver?,eggbeater
beaver|bird|grenade,Answer using only one word - bird or grenade and not beaver. Which is more similar in semantic meaning to beaver?,Grenade
beaver|blender|blueberry,Answer using only one word - blender or blueberry and not beaver. Which is more similar in semantic meaning to beaver?,beaver
beaver|blender|bucket,Answer using only one word - blender or bucket and not beaver. Which is more similar in semantic meaning to beaver?,bucket
beaver|blender|cannon,Answer using only one word - blender or cannon and not beaver. Which is more similar in semantic meaning to beaver?,cannon
beaver|blender|caterpillar,Answer using only one word - blender or caterpillar and not beaver. Which is more similar in semantic meaning to beaver?,caterpillar
beaver|blender|clarinet,Answer using only one word - blender or clarinet and not beaver. Which is more similar in semantic meaning to beaver?,clarinet
beaver|blender|dragonfly,Answer using only one word - blender or dragonfly and not beaver. Which is more similar in semantic meaning to beaver?,dragonfly
beaver|blender|file,Answer using only one word - blender or file and not beaver. Which is more similar in semantic meaning to beaver?,file
beaver|blender|missile,Answer using only one word - blender or missile and not beaver. Which is more similar in semantic meaning to beaver?,missile
beaver|blowtorch|bread,Answer using only one word - blowtorch or bread and not beaver. Which is more similar in semantic meaning to beaver?,bread
beaver|blowtorch|candle,Answer using only one word - blowtorch or candle and not beaver. Which is more similar in semantic meaning to beaver?,candle
beaver|blowtorch|cart,Answer using only one word - blowtorch or cart and not beaver. Which is more similar in semantic meaning to beaver?,cart
beaver|blowtorch|chinchilla,Answer using only one word - blowtorch or chinchilla and not beaver. Which is more similar in semantic meaning to beaver?,chinchilla
beaver|blowtorch|crow,Answer using only one word - blowtorch or crow and not beaver. Which is more similar in semantic meaning to beaver?,crow
beaver|blowtorch|eggbeater,Answer using only one word - blowtorch or eggbeater and not beaver. Which is more similar in semantic meaning to beaver?,eggbeater
beaver|blowtorch|grenade,Answer using only one word - blowtorch or grenade and not beaver. Which is more similar in semantic meaning to beaver?,None.
beaver|blueberry|boar,Answer using only one word - blueberry or boar and not beaver. Which is more similar in semantic meaning to beaver?,boar
beaver|blueberry|cactus,Answer using only one word - blueberry or cactus and not beaver. Which is more similar in semantic meaning to beaver?,cactus
beaver|blueberry|carrot,Answer using only one word - blueberry or carrot and not beaver. Which is more similar in semantic meaning to beaver?,carrot
beaver|blueberry|chili,Answer using only one word - blueberry or chili and not beaver. Which is more similar in semantic meaning to beaver?,chili
beaver|blueberry|coconut,Answer using only one word - blueberry or coconut and not beaver. Which is more similar in semantic meaning to beaver?,coconut
beaver|blueberry|eagle,Answer using only one word - blueberry or eagle and not beaver. Which is more similar in semantic meaning to beaver?,eagle
beaver|blueberry|fly,Answer using only one word - blueberry or fly and not beaver. Which is more similar in semantic meaning to beaver?,fly
beaver|boa|boar,Answer using only one word - boa or boar and not beaver. Which is more similar in semantic meaning to beaver?,boa
beaver|boa|cactus,Answer using only one word - boa or cactus and not beaver. Which is more similar in semantic meaning to beaver?,boa
beaver|boa|carrot,Answer using only one word - boa or carrot and not beaver. Which is more similar in semantic meaning to beaver?,carrot
beaver|boa|chili,Answer using only one word - boa or chili and not beaver. Which is more similar in semantic meaning to beaver?,chili
beaver|boa|coconut,Answer using only one word - boa or coconut and not beaver. Which is more similar in semantic meaning to beaver?,coconut
beaver|boa|eagle,Answer using only one word - boa or eagle and not beaver. Which is more similar in semantic meaning to beaver?,boa
beaver|boa|fly,Answer using only one word - boa or fly and not beaver. Which is more similar in semantic meaning to beaver?,boa
beaver|boar|bread,Answer using only one word - boar or bread and not beaver. Which is more similar in semantic meaning to beaver?,bread
beaver|boar|candle,Answer using only one word - boar or candle and not beaver. Which is more similar in semantic meaning to beaver?,candle
beaver|boar|cart,Answer using only one word - boar or cart and not beaver. Which is more similar in semantic meaning to beaver?,cart
beaver|boar|chinchilla,Answer using only one word - boar or chinchilla and not beaver. Which is more similar in semantic meaning to beaver?,chinchilla
beaver|boar|crow,Answer using only one word - boar or crow and not beaver. Which is more similar in semantic meaning to beaver?,crow
beaver|boar|eggbeater,Answer using only one word - boar or eggbeater and not beaver. Which is more similar in semantic meaning to beaver?,boar
beaver|boar|grenade,Answer using only one word - boar or grenade and not beaver. Which is more similar in semantic meaning to beaver?,None
beaver|bread|bucket,Answer using only one word - bread or bucket and not beaver. Which is more similar in semantic meaning to beaver?,bucket
beaver|bread|cannon,Answer using only one word - bread or cannon and not beaver. Which is more similar in semantic meaning to beaver?,cannon
beaver|bread|caterpillar,Answer using only one word - bread or caterpillar and not beaver. Which is more similar in semantic meaning to beaver?,caterpillar
beaver|bread|clarinet,Answer using only one word - bread or clarinet and not beaver. Which is more similar in semantic meaning to beaver?,clarinet
beaver|bread|dragonfly,Answer using only one word - bread or dragonfly and not beaver. Which is more similar in semantic meaning to beaver?,dragonfly
beaver|bread|file,Answer using only one word - bread or file and not beaver. Which is more similar in semantic meaning to beaver?,file
beaver|bread|missile,Answer using only one word - bread or missile and not beaver. Which is more similar in semantic meaning to beaver?,missile
beaver|brussels sprouts|candle,Answer using only one word - brussels sprouts or candle and not beaver. Which is more similar in semantic meaning to beaver?,candle
beaver|brussels sprouts|cart,Answer using only one word - brussels sprouts or cart and not beaver. Which is more similar in semantic meaning to beaver?,cart
beaver|brussels sprouts|chinchilla,Answer using only one word - brussels sprouts or chinchilla and not beaver. Which is more similar in semantic meaning to beaver?,chinchilla
beaver|brussels sprouts|crow,Answer using only one word - brussels sprouts or crow and not beaver. Which is more similar in semantic meaning to beaver?,crow
beaver|brussels sprouts|eggbeater,Answer using only one word - brussels sprouts or eggbeater and not beaver. Which is more similar in semantic meaning to beaver?,eggbeater
beaver|brussels sprouts|grenade,Answer using only one word - brussels sprouts or grenade and not beaver. Which is more similar in semantic meaning to beaver?,grenade
beaver|bucket|cactus,Answer using only one word - bucket or cactus and not beaver. Which is more similar in semantic meaning to beaver?,cactus
beaver|bucket|carrot,Answer using only one word - bucket or carrot and not beaver. Which is more similar in semantic meaning to beaver?,carrot
beaver|bucket|chili,Answer using only one word - bucket or chili and not beaver. Which is more similar in semantic meaning to beaver?,chili
beaver|bucket|coconut,Answer using only one word - bucket or coconut and not beaver. Which is more similar in semantic meaning to beaver?,coconut
beaver|bucket|eagle,Answer using only one word - bucket or eagle and not beaver. Which is more similar in semantic meaning to beaver?,bucket
beaver|bucket|fly,Answer using only one word - bucket or fly and not beaver. Which is more similar in semantic meaning to beaver?,fly
beaver|burrito|cactus,Answer using only one word - burrito or cactus and not beaver. Which is more similar in semantic meaning to beaver?,cactus
beaver|burrito|carrot,Answer using only one word - burrito or carrot and not beaver. Which is more similar in semantic meaning to beaver?,beaver
beaver|burrito|chili,Answer using only one word - burrito or chili and not beaver. Which is more similar in semantic meaning to beaver?,beaver
beaver|burrito|coconut,Answer using only one word - burrito or coconut and not beaver. Which is more similar in semantic meaning to beaver?,beaver
beaver|burrito|eagle,Answer using only one word - burrito or eagle and not beaver. Which is more similar in semantic meaning to beaver?,eagle
beaver|burrito|fly,Answer using only one word - burrito or fly and not beaver. Which is more similar in semantic meaning to beaver?,fly
beaver|cactus|candle,Answer using only one word - cactus or candle and not beaver. Which is more similar in semantic meaning to beaver?,cactus
beaver|cactus|cart,Answer using only one word - cactus or cart and not beaver. Which is more similar in semantic meaning to beaver?,cart
beaver|cactus|chinchilla,Answer using only one word - cactus or chinchilla and not beaver. Which is more similar in semantic meaning to beaver?,chinchilla
beaver|cactus|crow,Answer using only one word - cactus or crow and not beaver. Which is more similar in semantic meaning to beaver?,cactus
beaver|cactus|eggbeater,Answer using only one word - cactus or eggbeater and not beaver. Which is more similar in semantic meaning to beaver?,eggbeater
beaver|cactus|grenade,Answer using only one word - cactus or grenade and not beaver. Which is more similar in semantic meaning to beaver?,grenade
beaver|candle|cannon,Answer using only one word - candle or cannon and not beaver. Which is more similar in semantic meaning to beaver?,cannon
beaver|candle|caterpillar,Answer using only one word - candle or caterpillar and not beaver. Which is more similar in semantic meaning to beaver?,caterpillar
beaver|candle|clarinet,Answer using only one word - candle or clarinet and not beaver. Which is more similar in semantic meaning to beaver?,clarinet
beaver|candle|dragonfly,Answer using only one word - candle or dragonfly and not beaver. Which is more similar in semantic meaning to beaver?,dragonfly
beaver|candle|file,Answer using only one word - candle or file and not beaver. Which is more similar in semantic meaning to beaver?,file
beaver|candle|missile,Answer using only one word - candle or missile and not beaver. Which is more similar in semantic meaning to beaver?,missile
beaver|candy|cart,Answer using only one word - candy or cart and not beaver. Which is more similar in semantic meaning to beaver?,cart
beaver|candy|chinchilla,Answer using only one word - candy or chinchilla and not beaver. Which is more similar in semantic meaning to beaver?,chinchilla
beaver|candy|crow,Answer using only one word - candy or crow and not beaver. Which is more similar in semantic meaning to beaver?,crow
beaver|candy|eggbeater,Answer using only one word - candy or eggbeater and not beaver. Which is more similar in semantic meaning to beaver?,eggbeater
beaver|candy|grenade,Answer using only one word - candy or grenade and not beaver. Which is more similar in semantic meaning to beaver?,beaver
beaver|cannon|carrot,Answer using only one word - cannon or carrot and not beaver. Which is more similar in semantic meaning to beaver?,carrot
beaver|cannon|chili,Answer using only one word - cannon or chili and not beaver. Which is more similar in semantic meaning to beaver?,chili
beaver|cannon|coconut,Answer using only one word - cannon or coconut and not beaver. Which is more similar in semantic meaning to beaver?,coconut
beaver|cannon|eagle,Answer using only one word - cannon or eagle and not beaver. Which is more similar in semantic meaning to beaver?,cannon
beaver|cannon|fly,Answer using only one word - cannon or fly and not beaver. Which is more similar in semantic meaning to beaver?,fly
beaver|car|carrot,Answer using only one word - car or carrot and not beaver. Which is more similar in semantic meaning to beaver?,carrot
beaver|car|chili,Answer using only one word - car or chili and not beaver. Which is more similar in semantic meaning to beaver?,chili
beaver|car|coconut,Answer using only one word - car or coconut and not beaver. Which is more similar in semantic meaning to beaver?,coconut
beaver|car|eagle,Answer using only one word - car or eagle and not beaver. Which is more similar in semantic meaning to beaver?,car
beaver|car|fly,Answer using only one word - car or fly and not beaver. Which is more similar in semantic meaning to beaver?,fly
beaver|carrot|cart,Answer using only one word - carrot or cart and not beaver. Which is more similar in semantic meaning to beaver?,cart
beaver|carrot|chinchilla,Answer using only one word - carrot or chinchilla and not beaver. Which is more similar in semantic meaning to beaver?,chinchilla
beaver|carrot|crow,Answer using only one word - carrot or crow and not beaver. Which is more similar in semantic meaning to beaver?,crow
beaver|carrot|eggbeater,Answer using only one word - carrot or eggbeater and not beaver. Which is more similar in semantic meaning to beaver?,beaver
beaver|carrot|grenade,Answer using only one word - carrot or grenade and not beaver. Which is more similar in semantic meaning to beaver?,beaver
beaver|cart|caterpillar,Answer using only one word - cart or caterpillar and not beaver. Which is more similar in semantic meaning to beaver?,caterpillar
beaver|cart|clarinet,Answer using only one word - cart or clarinet and not beaver. Which is more similar in semantic meaning to beaver?,clarinet
beaver|cart|dragonfly,Answer using only one word - cart or dragonfly and not beaver. Which is more similar in semantic meaning to beaver?,dragonfly
beaver|cart|file,Answer using only one word - cart or file and not beaver. Which is more similar in semantic meaning to beaver?,file
beaver|cart|missile,Answer using only one word - cart or missile and not beaver. Which is more similar in semantic meaning to beaver?,cart
beaver|cat|chinchilla,Answer using only one word - cat or chinchilla and not beaver. Which is more similar in semantic meaning to beaver?,chinchilla
beaver|cat|crow,Answer using only one word - cat or crow and not beaver. Which is more similar in semantic meaning to beaver?,crow
beaver|cat|eggbeater,Answer using only one word - cat or eggbeater and not beaver. Which is more similar in semantic meaning to beaver?,eggbeater
beaver|cat|grenade,Answer using only one word - cat or grenade and not beaver. Which is more similar in semantic meaning to beaver?,None
beaver|caterpillar|chili,Answer using only one word - caterpillar or chili and not beaver. Which is more similar in semantic meaning to beaver?,chili
beaver|caterpillar|coconut,Answer using only one word - caterpillar or coconut and not beaver. Which is more similar in semantic meaning to beaver?,coconut
beaver|caterpillar|eagle,Answer using only one word - caterpillar or eagle and not beaver. Which is more similar in semantic meaning to beaver?,caterpillar
beaver|caterpillar|fly,Answer using only one word - caterpillar or fly and not beaver. Which is more similar in semantic meaning to beaver?,fly
beaver|celery|chili,Answer using only one word - celery or chili and not beaver. Which is more similar in semantic meaning to beaver?,chili
beaver|celery|coconut,Answer using only one word - celery or coconut and not beaver. Which is more similar in semantic meaning to beaver?,coconut
beaver|celery|eagle,Answer using only one word - celery or eagle and not beaver. Which is more similar in semantic meaning to beaver?,eagle
beaver|celery|fly,Answer using only one word - celery or fly and not beaver. Which is more similar in semantic meaning to beaver?,fly
beaver|chili|chinchilla,Answer using only one word - chili or chinchilla and not beaver. Which is more similar in semantic meaning to beaver?,chinchilla
beaver|chili|crow,Answer using only one word - chili or crow and not beaver. Which is more similar in semantic meaning to beaver?,chili
beaver|chili|eggbeater,Answer using only one word - chili or eggbeater and not beaver. Which is more similar in semantic meaning to beaver?,Chili
beaver|chili|grenade,Answer using only one word - chili or grenade and not beaver. Which is more similar in semantic meaning to beaver?,None.
beaver|chinchilla|clarinet,Answer using only one word - chinchilla or clarinet and not beaver. Which is more similar in semantic meaning to beaver?,chinchilla
beaver|chinchilla|dragonfly,Answer using only one word - chinchilla or dragonfly and not beaver. Which is more similar in semantic meaning to beaver?,chinchilla
beaver|chinchilla|file,Answer using only one word - chinchilla or file and not beaver. Which is more similar in semantic meaning to beaver?,chinchilla
beaver|chinchilla|missile,Answer using only one word - chinchilla or missile and not beaver. Which is more similar in semantic meaning to beaver?,chinchilla
beaver|chisel|crow,Answer using only one word - chisel or crow and not beaver. Which is more similar in semantic meaning to beaver?,chisel
beaver|chisel|eggbeater,Answer using only one word - chisel or eggbeater and not beaver. Which is more similar in semantic meaning to beaver?,chisel
beaver|chisel|grenade,Answer using only one word - chisel or grenade and not beaver. Which is more similar in semantic meaning to beaver?,None
beaver|clarinet|coconut,Answer using only one word - clarinet or coconut and not beaver. Which is more similar in semantic meaning to beaver?,coconut
beaver|clarinet|eagle,Answer using only one word - clarinet or eagle and not beaver. Which is more similar in semantic meaning to beaver?,eagle
beaver|clarinet|fly,Answer using only one word - clarinet or fly and not beaver. Which is more similar in semantic meaning to beaver?,fly
beaver|coat|coconut,Answer using only one word - coat or coconut and not beaver. Which is more similar in semantic meaning to beaver?,coconut
beaver|coat|eagle,Answer using only one word - coat or eagle and not beaver. Which is more similar in semantic meaning to beaver?,coat
beaver|coat|fly,Answer using only one word - coat or fly and not beaver. Which is more similar in semantic meaning to beaver?,coat
beaver|coconut|crow,Answer using only one word - coconut or crow and not beaver. Which is more similar in semantic meaning to beaver?,crow
beaver|coconut|eggbeater,Answer using only one word - coconut or eggbeater and not beaver. Which is more similar in semantic meaning to beaver?,eggbeater
beaver|coconut|grenade,Answer using only one word - coconut or grenade and not beaver. Which is more similar in semantic meaning to beaver?,grenade
beaver|crow|dragonfly,Answer using only one word - crow or dragonfly and not beaver. Which is more similar in semantic meaning to beaver?,dragonfly
beaver|crow|file,Answer using only one word - crow or file and not beaver. Which is more similar in semantic meaning to beaver?,file
beaver|crow|missile,Answer using only one word - crow or missile and not beaver. Which is more similar in semantic meaning to beaver?,missile
beaver|crowbar|eggbeater,Answer using only one word - crowbar or eggbeater and not beaver. Which is more similar in semantic meaning to beaver?,None
beaver|crowbar|grenade,Answer using only one word - crowbar or grenade and not beaver. Which is more similar in semantic meaning to beaver?,None
beaver|dragonfly|eagle,Answer using only one word - dragonfly or eagle and not beaver. Which is more similar in semantic meaning to beaver?,eagle
beaver|dragonfly|fly,Answer using only one word - dragonfly or fly and not beaver. Which is more similar in semantic meaning to beaver?,fly
beaver|dress|eagle,Answer using only one word - dress or eagle and not beaver. Which is more similar in semantic meaning to beaver?,dress
beaver|dress|fly,Answer using only one word - dress or fly and not beaver. Which is more similar in semantic meaning to beaver?,fly
beaver|eagle|eggbeater,Answer using only one word - eagle or eggbeater and not beaver. Which is more similar in semantic meaning to beaver?,eggbeater
beaver|eagle|grenade,Answer using only one word - eagle or grenade and not beaver. Which is more similar in semantic meaning to beaver?,beaver
beaver|eggbeater|file,Answer using only one word - eggbeater or file and not beaver. Which is more similar in semantic meaning to beaver?,file
beaver|eggbeater|missile,Answer using only one word - eggbeater or missile and not beaver. Which is more similar in semantic meaning to beaver?,missile
beaver|fig|grenade,Answer using only one word - fig or grenade and not beaver. Which is more similar in semantic meaning to beaver?,None
beaver|file|fly,Answer using only one word - file or fly and not beaver. Which is more similar in semantic meaning to beaver?,file
beaver|flute|fly,Answer using only one word - flute or fly and not beaver. Which is more similar in semantic meaning to beaver?,fly
beaver|fly|grenade,Answer using only one word - fly or grenade and not beaver. Which is more similar in semantic meaning to beaver?,None
beaver|grenade|missile,Answer using only one word - grenade or missile and not beaver. Which is more similar in semantic meaning to beaver?,None
bed|beet|beetle,Answer using only one word - beet or beetle and not bed. Which is more similar in semantic meaning to bed?,beetle
bed|beet|blowtorch,Answer using only one word - beet or blowtorch and not bed. Which is more similar in semantic meaning to bed?,bed
bed|beet|brussels sprouts,Answer using only one word - beet or brussels sprouts and not bed. Which is more similar in semantic meaning to bed?,None.
bed|beet|candy,Answer using only one word - beet or candy and not bed. Which is more similar in semantic meaning to bed?,candy
bed|beet|cat,Answer using only one word - beet or cat and not bed. Which is more similar in semantic meaning to bed?,cat
bed|beet|chisel,Answer using only one word - beet or chisel and not bed. Which is more similar in semantic meaning to bed?,chisel
bed|beet|crowbar,Answer using only one word - beet or crowbar and not bed. Which is more similar in semantic meaning to bed?,crowbar
bed|beet|fig,Answer using only one word - beet or fig and not bed. Which is more similar in semantic meaning to bed?,fig
bed|beet|jeans,Answer using only one word - beet or jeans and not bed. Which is more similar in semantic meaning to bed?,bed
bed|beetle|bird,Answer using only one word - beetle or bird and not bed. Which is more similar in semantic meaning to bed?,bed
bed|beetle|boar,Answer using only one word - beetle or boar and not bed. Which is more similar in semantic meaning to bed?,None
bed|beetle|cactus,Answer using only one word - beetle or cactus and not bed. Which is more similar in semantic meaning to bed?,cactus
bed|beetle|carrot,Answer using only one word - beetle or carrot and not bed. Which is more similar in semantic meaning to bed?,carrot
bed|beetle|chili,Answer using only one word - beetle or chili and not bed. Which is more similar in semantic meaning to bed?,chili
bed|beetle|coconut,Answer using only one word - beetle or coconut and not bed. Which is more similar in semantic meaning to bed?,coconut
bed|beetle|eagle,Answer using only one word - beetle or eagle and not bed. Which is more similar in semantic meaning to bed?,bed Beetle
bed|beetle|fly,Answer using only one word - beetle or fly and not bed. Which is more similar in semantic meaning to bed?,fly
bed|bell|belt,Answer using only one word - bell or belt and not bed. Which is more similar in semantic meaning to bed?,belt
bed|bell|boa,Answer using only one word - bell or boa and not bed. Which is more similar in semantic meaning to bed?,boa
bed|bell|burrito,Answer using only one word - bell or burrito and not bed. Which is more similar in semantic meaning to bed?,burrito
bed|bell|car,Answer using only one word - bell or car and not bed. Which is more similar in semantic meaning to bed?,car
bed|bell|celery,Answer using only one word - bell or celery and not bed. Which is more similar in semantic meaning to bed?,bed
bed|bell|coat,Answer using only one word - bell or coat and not bed. Which is more similar in semantic meaning to bed?,coat
bed|bell|dress,Answer using only one word - bell or dress and not bed. Which is more similar in semantic meaning to bed?,bed
bed|bell|flute,Answer using only one word - bell or flute and not bed. Which is more similar in semantic meaning to bed?,bed
bed|bell|motorcycle,Answer using only one word - bell or motorcycle and not bed. Which is more similar in semantic meaning to bed?,bed
bed|belt|boa,Answer using only one word - belt or boa and not bed. Which is more similar in semantic meaning to bed?,None.
bed|belt|burrito,Answer using only one word - belt or burrito and not bed. Which is more similar in semantic meaning to bed?,burrito
bed|belt|car,Answer using only one word - belt or car and not bed. Which is more similar in semantic meaning to bed?,car
bed|belt|celery,Answer using only one word - belt or celery and not bed. Which is more similar in semantic meaning to bed?,bed
bed|belt|coat,Answer using only one word - belt or coat and not bed. Which is more similar in semantic meaning to bed?,coat
bed|belt|dress,Answer using only one word - belt or dress and not bed. Which is more similar in semantic meaning to bed?,dress
bed|belt|flute,Answer using only one word - belt or flute and not bed. Which is more similar in semantic meaning to bed?,flute
bed|belt|motorcycle,Answer using only one word - belt or motorcycle and not bed. Which is more similar in semantic meaning to bed?,motorcycle
bed|bird|boar,Answer using only one word - bird or boar and not bed. Which is more similar in semantic meaning to bed?,None
bed|bird|cactus,Answer using only one word - bird or cactus and not bed. Which is more similar in semantic meaning to bed?,cactus
bed|bird|carrot,Answer using only one word - bird or carrot and not bed. Which is more similar in semantic meaning to bed?,carrot
bed|bird|chili,Answer using only one word - bird or chili and not bed. Which is more similar in semantic meaning to bed?,bed
bed|bird|coconut,Answer using only one word - bird or coconut and not bed. Which is more similar in semantic meaning to bed?,bed
bed|bird|eagle,Answer using only one word - bird or eagle and not bed. Which is more similar in semantic meaning to bed?,None
bed|bird|fly,Answer using only one word - bird or fly and not bed. Which is more similar in semantic meaning to bed?,fly
bed|blender|blowtorch,Answer using only one word - blender or blowtorch and not bed. Which is more similar in semantic meaning to bed?,blender
bed|blender|brussels sprouts,Answer using only one word - blender or brussels sprouts and not bed. Which is more similar in semantic meaning to bed?,bed
bed|blender|candy,Answer using only one word - blender or candy and not bed. Which is more similar in semantic meaning to bed?,bed
bed|blender|cat,Answer using only one word - blender or cat and not bed. Which is more similar in semantic meaning to bed?,cat
bed|blender|chisel,Answer using only one word - blender or chisel and not bed. Which is more similar in semantic meaning to bed?,None
bed|blender|crowbar,Answer using only one word - blender or crowbar and not bed. Which is more similar in semantic meaning to bed?,bed
bed|blender|fig,Answer using only one word - blender or fig and not bed. Which is more similar in semantic meaning to bed?,bed
bed|blender|jeans,Answer using only one word - blender or jeans and not bed. Which is more similar in semantic meaning to bed?,bed
bed|blowtorch|boar,Answer using only one word - blowtorch or boar and not bed. Which is more similar in semantic meaning to bed?,boar
bed|blowtorch|cactus,Answer using only one word - blowtorch or cactus and not bed. Which is more similar in semantic meaning to bed?,cactus
bed|blowtorch|carrot,Answer using only one word - blowtorch or carrot and not bed. Which is more similar in semantic meaning to bed?,bed
bed|blowtorch|chili,Answer using only one word - blowtorch or chili and not bed. Which is more similar in semantic meaning to bed?,bed
bed|blowtorch|coconut,Answer using only one word - blowtorch or coconut and not bed. Which is more similar in semantic meaning to bed?,coconut
bed|blowtorch|eagle,Answer using only one word - blowtorch or eagle and not bed. Which is more similar in semantic meaning to bed?,bed
bed|blowtorch|fly,Answer using only one word - blowtorch or fly and not bed. Which is more similar in semantic meaning to bed?,fly
bed|blueberry|boa,Answer using only one word - blueberry or boa and not bed. Which is more similar in semantic meaning to bed?,boa
bed|blueberry|burrito,Answer using only one word - blueberry or burrito and not bed. Which is more similar in semantic meaning to bed?,burrito
bed|blueberry|car,Answer using only one word - blueberry or car and not bed. Which is more similar in semantic meaning to bed?,car
bed|blueberry|celery,Answer using only one word - blueberry or celery and not bed. Which is more similar in semantic meaning to bed?,bed
bed|blueberry|coat,Answer using only one word - blueberry or coat and not bed. Which is more similar in semantic meaning to bed?,coat
bed|blueberry|dress,Answer using only one word - blueberry or dress and not bed. Which is more similar in semantic meaning to bed?,dress
bed|blueberry|flute,Answer using only one word - blueberry or flute and not bed. Which is more similar in semantic meaning to bed?,bed
bed|blueberry|motorcycle,Answer using only one word - blueberry or motorcycle and not bed. Which is more similar in semantic meaning to bed?,motorcycle
bed|boa|burrito,Answer using only one word - boa or burrito and not bed. Which is more similar in semantic meaning to bed?,burrito
bed|boa|car,Answer using only one word - boa or car and not bed. Which is more similar in semantic meaning to bed?,car
bed|boa|celery,Answer using only one word - boa or celery and not bed. Which is more similar in semantic meaning to bed?,bed
bed|boa|coat,Answer using only one word - boa or coat and not bed. Which is more similar in semantic meaning to bed?,coat
bed|boa|dress,Answer using only one word - boa or dress and not bed. Which is more similar in semantic meaning to bed?,dress
bed|boa|flute,Answer using only one word - boa or flute and not bed. Which is more similar in semantic meaning to bed?,flute
bed|boa|motorcycle,Answer using only one word - boa or motorcycle and not bed. Which is more similar in semantic meaning to bed?,bed
bed|boar|cactus,Answer using only one word - boar or cactus and not bed. Which is more similar in semantic meaning to bed?,cactus
bed|boar|carrot,Answer using only one word - boar or carrot and not bed. Which is more similar in semantic meaning to bed?,carrot
bed|boar|chili,Answer using only one word - boar or chili and not bed. Which is more similar in semantic meaning to bed?,bed
bed|boar|coconut,Answer using only one word - boar or coconut and not bed. Which is more similar in semantic meaning to bed?,bed
bed|boar|eagle,Answer using only one word - boar or eagle and not bed. Which is more similar in semantic meaning to bed?,bed
bed|boar|fly,Answer using only one word - boar or fly and not bed. Which is more similar in semantic meaning to bed?,fly
bed|bread|brussels sprouts,Answer using only one word - bread or brussels sprouts and not bed. Which is more similar in semantic meaning to bed?,brussels sprouts
bed|bread|candy,Answer using only one word - bread or candy and not bed. Which is more similar in semantic meaning to bed?,None
bed|bread|cat,Answer using only one word - bread or cat and not bed. Which is more similar in semantic meaning to bed?,cat
bed|bread|chisel,Answer using only one word - bread or chisel and not bed. Which is more similar in semantic meaning to bed?,None
bed|bread|crowbar,Answer using only one word - bread or crowbar and not bed. Which is more similar in semantic meaning to bed?,None
bed|bread|fig,Answer using only one word - bread or fig and not bed. Which is more similar in semantic meaning to bed?,None.
bed|bread|jeans,Answer using only one word - bread or jeans and not bed. Which is more similar in semantic meaning to bed?,None
bed|brussels sprouts|cactus,Answer using only one word - brussels sprouts or cactus and not bed. Which is more similar in semantic meaning to bed?,cactus
bed|brussels sprouts|carrot,Answer using only one word - brussels sprouts or carrot and not bed. Which is more similar in semantic meaning to bed?,bed
bed|brussels sprouts|chili,Answer using only one word - brussels sprouts or chili and not bed. Which is more similar in semantic meaning to bed?,bed
bed|brussels sprouts|coconut,Answer using only one word - brussels sprouts or coconut and not bed. Which is more similar in semantic meaning to bed?,bed
bed|brussels sprouts|eagle,Answer using only one word - brussels sprouts or eagle and not bed. Which is more similar in semantic meaning to bed?,bed
bed|brussels sprouts|fly,Answer using only one word - brussels sprouts or fly and not bed. Which is more similar in semantic meaning to bed?,fly
bed|bucket|burrito,Answer using only one word - bucket or burrito and not bed. Which is more similar in semantic meaning to bed?,burrito
bed|bucket|car,Answer using only one word - bucket or car and not bed. Which is more similar in semantic meaning to bed?,car
bed|bucket|celery,Answer using only one word - bucket or celery and not bed. Which is more similar in semantic meaning to bed?,bed
bed|bucket|coat,Answer using only one word - bucket or coat and not bed. Which is more similar in semantic meaning to bed?,coat
bed|bucket|dress,Answer using only one word - bucket or dress and not bed. Which is more similar in semantic meaning to bed?,dress
bed|bucket|flute,Answer using only one word - bucket or flute and not bed. Which is more similar in semantic meaning to bed?,bed
bed|bucket|motorcycle,Answer using only one word - bucket or motorcycle and not bed. Which is more similar in semantic meaning to bed?,bucket
bed|burrito|car,Answer using only one word - burrito or car and not bed. Which is more similar in semantic meaning to bed?,car
bed|burrito|celery,Answer using only one word - burrito or celery and not bed. Which is more similar in semantic meaning to bed?,bed
bed|burrito|coat,Answer using only one word - burrito or coat and not bed. Which is more similar in semantic meaning to bed?,coat
bed|burrito|dress,Answer using only one word - burrito or dress and not bed. Which is more similar in semantic meaning to bed?,dress
bed|burrito|flute,Answer using only one word - burrito or flute and not bed. Which is more similar in semantic meaning to bed?,bed
bed|burrito|motorcycle,Answer using only one word - burrito or motorcycle and not bed. Which is more similar in semantic meaning to bed?,motorcycle
bed|cactus|carrot,Answer using only one word - cactus or carrot and not bed. Which is more similar in semantic meaning to bed?,cactus
bed|cactus|chili,Answer using only one word - cactus or chili and not bed. Which is more similar in semantic meaning to bed?,chili
bed|cactus|coconut,Answer using only one word - cactus or coconut and not bed. Which is more similar in semantic meaning to bed?,cactus
bed|cactus|eagle,Answer using only one word - cactus or eagle and not bed. Which is more similar in semantic meaning to bed?,bed
bed|cactus|fly,Answer using only one word - cactus or fly and not bed. Which is more similar in semantic meaning to bed?,fly
bed|candle|candy,Answer using only one word - candle or candy and not bed. Which is more similar in semantic meaning to bed?,candle
bed|candle|cat,Answer using only one word - candle or cat and not bed. Which is more similar in semantic meaning to bed?,cat
bed|candle|chisel,Answer using only one word - candle or chisel and not bed. Which is more similar in semantic meaning to bed?,chisel
bed|candle|crowbar,Answer using only one word - candle or crowbar and not bed. Which is more similar in semantic meaning to bed?,candle
bed|candle|fig,Answer using only one word - candle or fig and not bed. Which is more similar in semantic meaning to bed?,fig
bed|candle|jeans,Answer using only one word - candle or jeans and not bed. Which is more similar in semantic meaning to bed?,bed
bed|candy|carrot,Answer using only one word - candy or carrot and not bed. Which is more similar in semantic meaning to bed?,carrot
bed|candy|chili,Answer using only one word - candy or chili and not bed. Which is more similar in semantic meaning to bed?,bed
bed|candy|coconut,Answer using only one word - candy or coconut and not bed. Which is more similar in semantic meaning to bed?,None
bed|candy|eagle,Answer using only one word - candy or eagle and not bed. Which is more similar in semantic meaning to bed?,bed
bed|candy|fly,Answer using only one word - candy or fly and not bed. Which is more similar in semantic meaning to bed?,fly
bed|cannon|car,Answer using only one word - cannon or car and not bed. Which is more similar in semantic meaning to bed?,car
bed|cannon|celery,Answer using only one word - cannon or celery and not bed. Which is more similar in semantic meaning to bed?,bed
bed|cannon|coat,Answer using only one word - cannon or coat and not bed. Which is more similar in semantic meaning to bed?,coat
bed|cannon|dress,Answer using only one word - cannon or dress and not bed. Which is more similar in semantic meaning to bed?,dress
bed|cannon|flute,Answer using only one word - cannon or flute and not bed. Which is more similar in semantic meaning to bed?,bed
bed|cannon|motorcycle,Answer using only one word - cannon or motorcycle and not bed. Which is more similar in semantic meaning to bed?,motorcycle
bed|car|celery,Answer using only one word - car or celery and not bed. Which is more similar in semantic meaning to bed?,bed
bed|car|coat,Answer using only one word - car or coat and not bed. Which is more similar in semantic meaning to bed?,coat
bed|car|dress,Answer using only one word - car or dress and not bed. Which is more similar in semantic meaning to bed?,dress
bed|car|flute,Answer using only one word - car or flute and not bed. Which is more similar in semantic meaning to bed?,flute
bed|car|motorcycle,Answer using only one word - car or motorcycle and not bed. Which is more similar in semantic meaning to bed?,motorcycle
bed|carrot|chili,Answer using only one word - carrot or chili and not bed. Which is more similar in semantic meaning to bed?,chili
bed|carrot|coconut,Answer using only one word - carrot or coconut and not bed. Which is more similar in semantic meaning to bed?,None
bed|carrot|eagle,Answer using only one word - carrot or eagle and not bed. Which is more similar in semantic meaning to bed?,bed
bed|carrot|fly,Answer using only one word - carrot or fly and not bed. Which is more similar in semantic meaning to bed?,fly
bed|cart|cat,Answer using only one word - cart or cat and not bed. Which is more similar in semantic meaning to bed?,cat
bed|cart|chisel,Answer using only one word - cart or chisel and not bed. Which is more similar in semantic meaning to bed?,chisel
bed|cart|crowbar,Answer using only one word - cart or crowbar and not bed. Which is more similar in semantic meaning to bed?,None.
bed|cart|fig,Answer using only one word - cart or fig and not bed. Which is more similar in semantic meaning to bed?,fig
bed|cart|jeans,Answer using only one word - cart or jeans and not bed. Which is more similar in semantic meaning to bed?,bed
bed|cat|chili,Answer using only one word - cat or chili and not bed. Which is more similar in semantic meaning to bed?,bed
bed|cat|coconut,Answer using only one word - cat or coconut and not bed. Which is more similar in semantic meaning to bed?,bed
bed|cat|eagle,Answer using only one word - cat or eagle and not bed. Which is more similar in semantic meaning to bed?,bed
bed|cat|fly,Answer using only one word - cat or fly and not bed. Which is more similar in semantic meaning to bed?,fly
bed|caterpillar|celery,Answer using only one word - caterpillar or celery and not bed. Which is more similar in semantic meaning to bed?,None.
bed|caterpillar|coat,Answer using only one word - caterpillar or coat and not bed. Which is more similar in semantic meaning to bed?,coat
bed|caterpillar|dress,Answer using only one word - caterpillar or dress and not bed. Which is more similar in semantic meaning to bed?,bed
bed|caterpillar|flute,Answer using only one word - caterpillar or flute and not bed. Which is more similar in semantic meaning to bed?,bed
bed|caterpillar|motorcycle,Answer using only one word - caterpillar or motorcycle and not bed. Which is more similar in semantic meaning to bed?,bed
bed|celery|coat,Answer using only one word - celery or coat and not bed. Which is more similar in semantic meaning to bed?,coat
bed|celery|dress,Answer using only one word - celery or dress and not bed. Which is more similar in semantic meaning to bed?,dress
bed|celery|flute,Answer using only one word - celery or flute and not bed. Which is more similar in semantic meaning to bed?,bed
bed|celery|motorcycle,Answer using only one word - celery or motorcycle and not bed. Which is more similar in semantic meaning to bed?,motorcycle
bed|chili|coconut,Answer using only one word - chili or coconut and not bed. Which is more similar in semantic meaning to bed?,bed
bed|chili|eagle,Answer using only one word - chili or eagle and not bed. Which is more similar in semantic meaning to bed?,bed
bed|chili|fly,Answer using only one word - chili or fly and not bed. Which is more similar in semantic meaning to bed?,fly
bed|chinchilla|chisel,Answer using only one word - chinchilla or chisel and not bed. Which is more similar in semantic meaning to bed?,bed
bed|chinchilla|crowbar,Answer using only one word - chinchilla or crowbar and not bed. Which is more similar in semantic meaning to bed?,bed
bed|chinchilla|fig,Answer using only one word - chinchilla or fig and not bed. Which is more similar in semantic meaning to bed?,bed
bed|chinchilla|jeans,Answer using only one word - chinchilla or jeans and not bed. Which is more similar in semantic meaning to bed?,bed
bed|chisel|coconut,Answer using only one word - chisel or coconut and not bed. Which is more similar in semantic meaning to bed?,coconut
bed|chisel|eagle,Answer using only one word - chisel or eagle and not bed. Which is more similar in semantic meaning to bed?,bed
bed|chisel|fly,Answer using only one word - chisel or fly and not bed. Which is more similar in semantic meaning to bed?,fly
bed|clarinet|coat,Answer using only one word - clarinet or coat and not bed. Which is more similar in semantic meaning to bed?,coat
bed|clarinet|dress,Answer using only one word - clarinet or dress and not bed. Which is more similar in semantic meaning to bed?,dress
bed|clarinet|flute,Answer using only one word - clarinet or flute and not bed. Which is more similar in semantic meaning to bed?,none
bed|clarinet|motorcycle,Answer using only one word - clarinet or motorcycle and not bed. Which is more similar in semantic meaning to bed?,motorcycle
bed|coat|dress,Answer using only one word - coat or dress and not bed. Which is more similar in semantic meaning to bed?,None
bed|coat|flute,Answer using only one word - coat or flute and not bed. Which is more similar in semantic meaning to bed?,flute
bed|coat|motorcycle,Answer using only one word - coat or motorcycle and not bed. Which is more similar in semantic meaning to bed?,motorcycle
bed|coconut|eagle,Answer using only one word - coconut or eagle and not bed. Which is more similar in semantic meaning to bed?,bed
bed|coconut|fly,Answer using only one word - coconut or fly and not bed. Which is more similar in semantic meaning to bed?,fly
bed|crow|crowbar,Answer using only one word - crow or crowbar and not bed. Which is more similar in semantic meaning to bed?,crowbar
bed|crow|fig,Answer using only one word - crow or fig and not bed. Which is more similar in semantic meaning to bed?,fig
bed|crow|jeans,Answer using only one word - crow or jeans and not bed. Which is more similar in semantic meaning to bed?,jeans
bed|crowbar|eagle,Answer using only one word - crowbar or eagle and not bed. Which is more similar in semantic meaning to bed?,bed
bed|crowbar|fly,Answer using only one word - crowbar or fly and not bed. Which is more similar in semantic meaning to bed?,fly
bed|dragonfly|dress,Answer using only one word - dragonfly or dress and not bed. Which is more similar in semantic meaning to bed?,dress
bed|dragonfly|flute,Answer using only one word - dragonfly or flute and not bed. Which is more similar in semantic meaning to bed?,bed
bed|dragonfly|motorcycle,Answer using only one word - dragonfly or motorcycle and not bed. Which is more similar in semantic meaning to bed?,motorcycle
bed|dress|flute,Answer using only one word - dress or flute and not bed. Which is more similar in semantic meaning to bed?,bed
bed|dress|motorcycle,Answer using only one word - dress or motorcycle and not bed. Which is more similar in semantic meaning to bed?,bed
bed|eagle|fly,Answer using only one word - eagle or fly and not bed. Which is more similar in semantic meaning to bed?,fly
bed|eggbeater|fig,Answer using only one word - eggbeater or fig and not bed. Which is more similar in semantic meaning to bed?,bed
bed|eggbeater|jeans,Answer using only one word - eggbeater or jeans and not bed. Which is more similar in semantic meaning to bed?,jeans
bed|fig|fly,Answer using only one word - fig or fly and not bed. Which is more similar in semantic meaning to bed?,fly
bed|file|flute,Answer using only one word - file or flute and not bed. Which is more similar in semantic meaning to bed?,bed
bed|file|motorcycle,Answer using only one word - file or motorcycle and not bed. Which is more similar in semantic meaning to bed?,motorcycle
bed|flute|motorcycle,Answer using only one word - flute or motorcycle and not bed. Which is more similar in semantic meaning to bed?,motorcycle
bed|grenade|jeans,Answer using only one word - grenade or jeans and not bed. Which is more similar in semantic meaning to bed?,bed
bed|missile|motorcycle,Answer using only one word - missile or motorcycle and not bed. Which is more similar in semantic meaning to bed?,bed
beet|beetle|blowtorch,Answer using only one word - beetle or blowtorch and not beet. Which is more similar in semantic meaning to beet?,beetle
beet|beetle|brussels sprouts,Answer using only one word - beetle or brussels sprouts and not beet. Which is more similar in semantic meaning to beet?,beetle
beet|beetle|candy,Answer using only one word - beetle or candy and not beet. Which is more similar in semantic meaning to beet?,beetle
beet|beetle|cat,Answer using only one word - beetle or cat and not beet. Which is more similar in semantic meaning to beet?,beetle
beet|beetle|chisel,Answer using only one word - beetle or chisel and not beet. Which is more similar in semantic meaning to beet?,beetle
beet|beetle|crowbar,Answer using only one word - beetle or crowbar and not beet. Which is more similar in semantic meaning to beet?,beetle
beet|beetle|fig,Answer using only one word - beetle or fig and not beet. Which is more similar in semantic meaning to beet?,beetle
beet|beetle|jeans,Answer using only one word - beetle or jeans and not beet. Which is more similar in semantic meaning to beet?,beetle
beet|bell|blender,Answer using only one word - bell or blender and not beet. Which is more similar in semantic meaning to beet?,bell
beet|bell|bread,Answer using only one word - bell or bread and not beet. Which is more similar in semantic meaning to beet?,beet
beet|bell|candle,Answer using only one word - bell or candle and not beet. Which is more similar in semantic meaning to beet?,beet
beet|bell|cart,Answer using only one word - bell or cart and not beet. Which is more similar in semantic meaning to beet?,cart
beet|bell|chinchilla,Answer using only one word - bell or chinchilla and not beet. Which is more similar in semantic meaning to beet?,chinchilla
beet|bell|crow,Answer using only one word - bell or crow and not beet. Which is more similar in semantic meaning to beet?,beet
beet|bell|eggbeater,Answer using only one word - bell or eggbeater and not beet. Which is more similar in semantic meaning to beet?,eggbeater
beet|bell|grenade,Answer using only one word - bell or grenade and not beet. Which is more similar in semantic meaning to beet?,beet
beet|belt|blender,Answer using only one word - belt or blender and not beet. Which is more similar in semantic meaning to beet?,blender
beet|belt|bread,Answer using only one word - belt or bread and not beet. Which is more similar in semantic meaning to beet?,beet
beet|belt|candle,Answer using only one word - belt or candle and not beet. Which is more similar in semantic meaning to beet?,candle
beet|belt|cart,Answer using only one word - belt or cart and not beet. Which is more similar in semantic meaning to beet?,cart
beet|belt|chinchilla,Answer using only one word - belt or chinchilla and not beet. Which is more similar in semantic meaning to beet?,chinchilla
beet|belt|crow,Answer using only one word - belt or crow and not beet. Which is more similar in semantic meaning to beet?,beet
beet|belt|eggbeater,Answer using only one word - belt or eggbeater and not beet. Which is more similar in semantic meaning to beet?,eggbeater
beet|belt|grenade,Answer using only one word - belt or grenade and not beet. Which is more similar in semantic meaning to beet?,None
beet|bird|blowtorch,Answer using only one word - bird or blowtorch and not beet. Which is more similar in semantic meaning to beet?,blowtorch
beet|bird|brussels sprouts,Answer using only one word - bird or brussels sprouts and not beet. Which is more similar in semantic meaning to beet?,brussels sprouts
beet|bird|candy,Answer using only one word - bird or candy and not beet. Which is more similar in semantic meaning to beet?,candy
beet|bird|cat,Answer using only one word - bird or cat and not beet. Which is more similar in semantic meaning to beet?,cat
beet|bird|chisel,Answer using only one word - bird or chisel and not beet. Which is more similar in semantic meaning to beet?,chisel
beet|bird|crowbar,Answer using only one word - bird or crowbar and not beet. Which is more similar in semantic meaning to beet?,crowbar
beet|bird|fig,Answer using only one word - bird or fig and not beet. Which is more similar in semantic meaning to beet?,fig
beet|bird|jeans,Answer using only one word - bird or jeans and not beet. Which is more similar in semantic meaning to beet?,beet
beet|blender|boa,Answer using only one word - blender or boa and not beet. Which is more similar in semantic meaning to beet?,boa
beet|blender|burrito,Answer using only one word - blender or burrito and not beet. Which is more similar in semantic meaning to beet?,burrito
beet|blender|car,Answer using only one word - blender or car and not beet. Which is more similar in semantic meaning to beet?,car
beet|blender|celery,Answer using only one word - blender or celery and not beet. Which is more similar in semantic meaning to beet?,celery
beet|blender|coat,Answer using only one word - blender or coat and not beet. Which is more similar in semantic meaning to beet?,coat
beet|blender|dress,Answer using only one word - blender or dress and not beet. Which is more similar in semantic meaning to beet?,beet
beet|blender|flute,Answer using only one word - blender or flute and not beet. Which is more similar in semantic meaning to beet?,flute
beet|blender|motorcycle,Answer using only one word - blender or motorcycle and not beet. Which is more similar in semantic meaning to beet?,blender
beet|blowtorch|brussels sprouts,Answer using only one word - blowtorch or brussels sprouts and not beet. Which is more similar in semantic meaning to beet?,brussels sprouts
beet|blowtorch|candy,Answer using only one word - blowtorch or candy and not beet. Which is more similar in semantic meaning to beet?,candy
beet|blowtorch|cat,Answer using only one word - blowtorch or cat and not beet. Which is more similar in semantic meaning to beet?,cat
beet|blowtorch|chisel,Answer using only one word - blowtorch or chisel and not beet. Which is more similar in semantic meaning to beet?,chisel
beet|blowtorch|crowbar,Answer using only one word - blowtorch or crowbar and not beet. Which is more similar in semantic meaning to beet?,beet
beet|blowtorch|fig,Answer using only one word - blowtorch or fig and not beet. Which is more similar in semantic meaning to beet?,fig
beet|blowtorch|jeans,Answer using only one word - blowtorch or jeans and not beet. Which is more similar in semantic meaning to beet?,jeans
beet|blueberry|bread,Answer using only one word - blueberry or bread and not beet. Which is more similar in semantic meaning to beet?,beet
beet|blueberry|candle,Answer using only one word - blueberry or candle and not beet. Which is more similar in semantic meaning to beet?,beet
beet|blueberry|cart,Answer using only one word - blueberry or cart and not beet. Which is more similar in semantic meaning to beet?,cart
beet|blueberry|chinchilla,Answer using only one word - blueberry or chinchilla and not beet. Which is more similar in semantic meaning to beet?,chinchilla
beet|blueberry|crow,Answer using only one word - blueberry or crow and not beet. Which is more similar in semantic meaning to beet?,crow
beet|blueberry|eggbeater,Answer using only one word - blueberry or eggbeater and not beet. Which is more similar in semantic meaning to beet?,beet
beet|blueberry|grenade,Answer using only one word - blueberry or grenade and not beet. Which is more similar in semantic meaning to beet?,beet
beet|boa|bread,Answer using only one word - boa or bread and not beet. Which is more similar in semantic meaning to beet?,beet
beet|boa|candle,Answer using only one word - boa or candle and not beet. Which is more similar in semantic meaning to beet?,candle
beet|boa|cart,Answer using only one word - boa or cart and not beet. Which is more similar in semantic meaning to beet?,cart
beet|boa|chinchilla,Answer using only one word - boa or chinchilla and not beet. Which is more similar in semantic meaning to beet?,chinchilla
beet|boa|crow,Answer using only one word - boa or crow and not beet. Which is more similar in semantic meaning to beet?,crow
beet|boa|eggbeater,Answer using only one word - boa or eggbeater and not beet. Which is more similar in semantic meaning to beet?,eggbeater
beet|boa|grenade,Answer using only one word - boa or grenade and not beet. Which is more similar in semantic meaning to beet?,beet
beet|boar|brussels sprouts,Answer using only one word - boar or brussels sprouts and not beet. Which is more similar in semantic meaning to beet?,brussels sprouts
beet|boar|candy,Answer using only one word - boar or candy and not beet. Which is more similar in semantic meaning to beet?,candy
beet|boar|cat,Answer using only one word - boar or cat and not beet. Which is more similar in semantic meaning to beet?,cat
beet|boar|chisel,Answer using only one word - boar or chisel and not beet. Which is more similar in semantic meaning to beet?,beet
beet|boar|crowbar,Answer using only one word - boar or crowbar and not beet. Which is more similar in semantic meaning to beet?,beet
beet|boar|fig,Answer using only one word - boar or fig and not beet. Which is more similar in semantic meaning to beet?,fig
beet|boar|jeans,Answer using only one word - boar or jeans and not beet. Which is more similar in semantic meaning to beet?,beet
beet|bread|burrito,Answer using only one word - bread or burrito and not beet. Which is more similar in semantic meaning to beet?,burrito
beet|bread|car,Answer using only one word - bread or car and not beet. Which is more similar in semantic meaning to beet?,car
beet|bread|celery,Answer using only one word - bread or celery and not beet. Which is more similar in semantic meaning to beet?,celery
beet|bread|coat,Answer using only one word - bread or coat and not beet. Which is more similar in semantic meaning to beet?,coat
beet|bread|dress,Answer using only one word - bread or dress and not beet. Which is more similar in semantic meaning to beet?,dress
beet|bread|flute,Answer using only one word - bread or flute and not beet. Which is more similar in semantic meaning to beet?,flute
beet|bread|motorcycle,Answer using only one word - bread or motorcycle and not beet. Which is more similar in semantic meaning to beet?,beet
beet|brussels sprouts|candy,Answer using only one word - brussels sprouts or candy and not beet. Which is more similar in semantic meaning to beet?,beet
beet|brussels sprouts|cat,Answer using only one word - brussels sprouts or cat and not beet. Which is more similar in semantic meaning to beet?,beet
beet|brussels sprouts|chisel,Answer using only one word - brussels sprouts or chisel and not beet. Which is more similar in semantic meaning to beet?,brussels sprouts
beet|brussels sprouts|crowbar,Answer using only one word - brussels sprouts or crowbar and not beet. Which is more similar in semantic meaning to beet?,beet
beet|brussels sprouts|fig,Answer using only one word - brussels sprouts or fig and not beet. Which is more similar in semantic meaning to beet?,beet
beet|brussels sprouts|jeans,Answer using only one word - brussels sprouts or jeans and not beet. Which is more similar in semantic meaning to beet?,beets
beet|bucket|candle,Answer using only one word - bucket or candle and not beet. Which is more similar in semantic meaning to beet?,candle
beet|bucket|cart,Answer using only one word - bucket or cart and not beet. Which is more similar in semantic meaning to beet?,cart
beet|bucket|chinchilla,Answer using only one word - bucket or chinchilla and not beet. Which is more similar in semantic meaning to beet?,chinchilla
beet|bucket|crow,Answer using only one word - bucket or crow and not beet. Which is more similar in semantic meaning to beet?,crow
beet|bucket|eggbeater,Answer using only one word - bucket or eggbeater and not beet. Which is more similar in semantic meaning to beet?,eggbeater
beet|bucket|grenade,Answer using only one word - bucket or grenade and not beet. Which is more similar in semantic meaning to beet?,bucket
beet|burrito|candle,Answer using only one word - burrito or candle and not beet. Which is more similar in semantic meaning to beet?,candle
beet|burrito|cart,Answer using only one word - burrito or cart and not beet. Which is more similar in semantic meaning to beet?,cart
beet|burrito|chinchilla,Answer using only one word - burrito or chinchilla and not beet. Which is more similar in semantic meaning to beet?,chinchilla
beet|burrito|crow,Answer using only one word - burrito or crow and not beet. Which is more similar in semantic meaning to beet?,crow
beet|burrito|eggbeater,Answer using only one word - burrito or eggbeater and not beet. Which is more similar in semantic meaning to beet?,Eggbeater
beet|burrito|grenade,Answer using only one word - burrito or grenade and not beet. Which is more similar in semantic meaning to beet?,grenade
beet|cactus|candy,Answer using only one word - cactus or candy and not beet. Which is more similar in semantic meaning to beet?,candy
beet|cactus|cat,Answer using only one word - cactus or cat and not beet. Which is more similar in semantic meaning to beet?,cat
beet|cactus|chisel,Answer using only one word - cactus or chisel and not beet. Which is more similar in semantic meaning to beet?,chisel
beet|cactus|crowbar,Answer using only one word - cactus or crowbar and not beet. Which is more similar in semantic meaning to beet?,cactus
beet|cactus|fig,Answer using only one word - cactus or fig and not beet. Which is more similar in semantic meaning to beet?,fig
beet|cactus|jeans,Answer using only one word - cactus or jeans and not beet. Which is more similar in semantic meaning to beet?,beet
beet|candle|car,Answer using only one word - candle or car and not beet. Which is more similar in semantic meaning to beet?,car
beet|candle|celery,Answer using only one word - candle or celery and not beet. Which is more similar in semantic meaning to beet?,celery
beet|candle|coat,Answer using only one word - candle or coat and not beet. Which is more similar in semantic meaning to beet?,coat
beet|candle|dress,Answer using only one word - candle or dress and not beet. Which is more similar in semantic meaning to beet?,dress
beet|candle|flute,Answer using only one word - candle or flute and not beet. Which is more similar in semantic meaning to beet?,beet
beet|candle|motorcycle,Answer using only one word - candle or motorcycle and not beet. Which is more similar in semantic meaning to beet?,beet
beet|candy|cat,Answer using only one word - candy or cat and not beet. Which is more similar in semantic meaning to beet?,cat
beet|candy|chisel,Answer using only one word - candy or chisel and not beet. Which is more similar in semantic meaning to beet?,beet
beet|candy|crowbar,Answer using only one word - candy or crowbar and not beet. Which is more similar in semantic meaning to beet?,candy
beet|candy|fig,Answer using only one word - candy or fig and not beet. Which is more similar in semantic meaning to beet?,fig
beet|candy|jeans,Answer using only one word - candy or jeans and not beet. Which is more similar in semantic meaning to beet?,beet
beet|cannon|cart,Answer using only one word - cannon or cart and not beet. Which is more similar in semantic meaning to beet?,cart
beet|cannon|chinchilla,Answer using only one word - cannon or chinchilla and not beet. Which is more similar in semantic meaning to beet?,chinchilla
beet|cannon|crow,Answer using only one word - cannon or crow and not beet. Which is more similar in semantic meaning to beet?,cannon
beet|cannon|eggbeater,Answer using only one word - cannon or eggbeater and not beet. Which is more similar in semantic meaning to beet?,eggbeater
beet|cannon|grenade,Answer using only one word - cannon or grenade and not beet. Which is more similar in semantic meaning to beet?,None.
beet|car|cart,Answer using only one word - car or cart and not beet. Which is more similar in semantic meaning to beet?,cart
beet|car|chinchilla,Answer using only one word - car or chinchilla and not beet. Which is more similar in semantic meaning to beet?,chinchilla
beet|car|crow,Answer using only one word - car or crow and not beet. Which is more similar in semantic meaning to beet?,car
beet|car|eggbeater,Answer using only one word - car or eggbeater and not beet. Which is more similar in semantic meaning to beet?,eggbeater
beet|car|grenade,Answer using only one word - car or grenade and not beet. Which is more similar in semantic meaning to beet?,None
beet|carrot|cat,Answer using only one word - carrot or cat and not beet. Which is more similar in semantic meaning to beet?,carrot
beet|carrot|chisel,Answer using only one word - carrot or chisel and not beet. Which is more similar in semantic meaning to beet?,carrot
beet|carrot|crowbar,Answer using only one word - carrot or crowbar and not beet. Which is more similar in semantic meaning to beet?,beet
beet|carrot|fig,Answer using only one word - carrot or fig and not beet. Which is more similar in semantic meaning to beet?,fig
beet|carrot|jeans,Answer using only one word - carrot or jeans and not beet. Which is more similar in semantic meaning to beet?,beet
beet|cart|celery,Answer using only one word - cart or celery and not beet. Which is more similar in semantic meaning to beet?,celery
beet|cart|coat,Answer using only one word - cart or coat and not beet. Which is more similar in semantic meaning to beet?,coat
beet|cart|dress,Answer using only one word - cart or dress and not beet. Which is more similar in semantic meaning to beet?,cart
beet|cart|flute,Answer using only one word - cart or flute and not beet. Which is more similar in semantic meaning to beet?,None
beet|cart|motorcycle,Answer using only one word - cart or motorcycle and not beet. Which is more similar in semantic meaning to beet?,cart
beet|cat|chisel,Answer using only one word - cat or chisel and not beet. Which is more similar in semantic meaning to beet?,chisel
beet|cat|crowbar,Answer using only one word - cat or crowbar and not beet. Which is more similar in semantic meaning to beet?,beet
beet|cat|fig,Answer using only one word - cat or fig and not beet. Which is more similar in semantic meaning to beet?,fig
beet|cat|jeans,Answer using only one word - cat or jeans and not beet. Which is more similar in semantic meaning to beet?,beet
beet|caterpillar|chinchilla,Answer using only one word - caterpillar or chinchilla and not beet. Which is more similar in semantic meaning to beet?,caterpillar
beet|caterpillar|crow,Answer using only one word - caterpillar or crow and not beet. Which is more similar in semantic meaning to beet?,caterpillar
beet|caterpillar|eggbeater,Answer using only one word - caterpillar or eggbeater and not beet. Which is more similar in semantic meaning to beet?,eggbeater
beet|caterpillar|grenade,Answer using only one word - caterpillar or grenade and not beet. Which is more similar in semantic meaning to beet?,caterpillar
beet|celery|chinchilla,Answer using only one word - celery or chinchilla and not beet. Which is more similar in semantic meaning to beet?,chinchilla
beet|celery|crow,Answer using only one word - celery or crow and not beet. Which is more similar in semantic meaning to beet?,crow
beet|celery|eggbeater,Answer using only one word - celery or eggbeater and not beet. Which is more similar in semantic meaning to beet?,beet
beet|celery|grenade,Answer using only one word - celery or grenade and not beet. Which is more similar in semantic meaning to beet?,celery
beet|chili|chisel,Answer using only one word - chili or chisel and not beet. Which is more similar in semantic meaning to beet?,chili
beet|chili|crowbar,Answer using only one word - chili or crowbar and not beet. Which is more similar in semantic meaning to beet?,chili
beet|chili|fig,Answer using only one word - chili or fig and not beet. Which is more similar in semantic meaning to beet?,fig
beet|chili|jeans,Answer using only one word - chili or jeans and not beet. Which is more similar in semantic meaning to beet?,beet
beet|chinchilla|coat,Answer using only one word - chinchilla or coat and not beet. Which is more similar in semantic meaning to beet?,coat
beet|chinchilla|dress,Answer using only one word - chinchilla or dress and not beet. Which is more similar in semantic meaning to beet?,dress
beet|chinchilla|flute,Answer using only one word - chinchilla or flute and not beet. Which is more similar in semantic meaning to beet?,beet
beet|chinchilla|motorcycle,Answer using only one word - chinchilla or motorcycle and not beet. Which is more similar in semantic meaning to beet?,motorcycle
beet|chisel|crowbar,Answer using only one word - chisel or crowbar and not beet. Which is more similar in semantic meaning to beet?,None.
beet|chisel|fig,Answer using only one word - chisel or fig and not beet. Which is more similar in semantic meaning to beet?,fig
beet|chisel|jeans,Answer using only one word - chisel or jeans and not beet. Which is more similar in semantic meaning to beet?,beet
beet|clarinet|crow,Answer using only one word - clarinet or crow and not beet. Which is more similar in semantic meaning to beet?,crow
beet|clarinet|eggbeater,Answer using only one word - clarinet or eggbeater and not beet. Which is more similar in semantic meaning to beet?,eggbeater
beet|clarinet|grenade,Answer using only one word - clarinet or grenade and not beet. Which is more similar in semantic meaning to beet?,grenade
beet|coat|crow,Answer using only one word - coat or crow and not beet. Which is more similar in semantic meaning to beet?,crow
beet|coat|eggbeater,Answer using only one word - coat or eggbeater and not beet. Which is more similar in semantic meaning to beet?,eggbeater
beet|coat|grenade,Answer using only one word - coat or grenade and not beet. Which is more similar in semantic meaning to beet?,None
beet|coconut|crowbar,Answer using only one word - coconut or crowbar and not beet. Which is more similar in semantic meaning to beet?,beet
beet|coconut|fig,Answer using only one word - coconut or fig and not beet. Which is more similar in semantic meaning to beet?,fig
beet|coconut|jeans,Answer using only one word - coconut or jeans and not beet. Which is more similar in semantic meaning to beet?,beet
beet|crow|dress,Answer using only one word - crow or dress and not beet. Which is more similar in semantic meaning to beet?,dress
beet|crow|flute,Answer using only one word - crow or flute and not beet. Which is more similar in semantic meaning to beet?,beet
beet|crow|motorcycle,Answer using only one word - crow or motorcycle and not beet. Which is more similar in semantic meaning to beet?,beet
beet|crowbar|fig,Answer using only one word - crowbar or fig and not beet. Which is more similar in semantic meaning to beet?,fig
beet|crowbar|jeans,Answer using only one word - crowbar or jeans and not beet. Which is more similar in semantic meaning to beet?,beet
beet|dragonfly|eggbeater,Answer using only one word - dragonfly or eggbeater and not beet. Which is more similar in semantic meaning to beet?,eggbeater
beet|dragonfly|grenade,Answer using only one word - dragonfly or grenade and not beet. Which is more similar in semantic meaning to beet?,beet
beet|dress|eggbeater,Answer using only one word - dress or eggbeater and not beet. Which is more similar in semantic meaning to beet?,eggbeater
beet|dress|grenade,Answer using only one word - dress or grenade and not beet. Which is more similar in semantic meaning to beet?,None
beet|eagle|fig,Answer using only one word - eagle or fig and not beet. Which is more similar in semantic meaning to beet?,fig
beet|eagle|jeans,Answer using only one word - eagle or jeans and not beet. Which is more similar in semantic meaning to beet?,beet
beet|eggbeater|flute,Answer using only one word - eggbeater or flute and not beet. Which is more similar in semantic meaning to beet?,beet
beet|eggbeater|motorcycle,Answer using only one word - eggbeater or motorcycle and not beet. Which is more similar in semantic meaning to beet?,beet
beet|fig|jeans,Answer using only one word - fig or jeans and not beet. Which is more similar in semantic meaning to beet?,beet
beet|file|grenade,Answer using only one word - file or grenade and not beet. Which is more similar in semantic meaning to beet?,file
beet|flute|grenade,Answer using only one word - flute or grenade and not beet. Which is more similar in semantic meaning to beet?,beet
beet|fly|jeans,Answer using only one word - fly or jeans and not beet. Which is more similar in semantic meaning to beet?,jeans
beet|grenade|motorcycle,Answer using only one word - grenade or motorcycle and not beet. Which is more similar in semantic meaning to beet?,beet
beetle|bell|bird,Answer using only one word - bell or bird and not beetle. Which is more similar in semantic meaning to beetle?,bird
beetle|bell|boar,Answer using only one word - bell or boar and not beetle. Which is more similar in semantic meaning to beetle?,boar
beetle|bell|cactus,Answer using only one word - bell or cactus and not beetle. Which is more similar in semantic meaning to beetle?,cactus
beetle|bell|carrot,Answer using only one word - bell or carrot and not beetle. Which is more similar in semantic meaning to beetle?,carrot
beetle|bell|chili,Answer using only one word - bell or chili and not beetle. Which is more similar in semantic meaning to beetle?,chili
beetle|bell|coconut,Answer using only one word - bell or coconut and not beetle. Which is more similar in semantic meaning to beetle?,coconut
beetle|bell|eagle,Answer using only one word - bell or eagle and not beetle. Which is more similar in semantic meaning to beetle?,beetle
beetle|bell|fly,Answer using only one word - bell or fly and not beetle. Which is more similar in semantic meaning to beetle?,fly
beetle|belt|bird,Answer using only one word - belt or bird and not beetle. Which is more similar in semantic meaning to beetle?,bird
beetle|belt|boar,Answer using only one word - belt or boar and not beetle. Which is more similar in semantic meaning to beetle?,boar
beetle|belt|cactus,Answer using only one word - belt or cactus and not beetle. Which is more similar in semantic meaning to beetle?,cactus
beetle|belt|carrot,Answer using only one word - belt or carrot and not beetle. Which is more similar in semantic meaning to beetle?,carrot
beetle|belt|chili,Answer using only one word - belt or chili and not beetle. Which is more similar in semantic meaning to beetle?,chili
beetle|belt|coconut,Answer using only one word - belt or coconut and not beetle. Which is more similar in semantic meaning to beetle?,coconut
beetle|belt|eagle,Answer using only one word - belt or eagle and not beetle. Which is more similar in semantic meaning to beetle?,eagle
beetle|belt|fly,Answer using only one word - belt or fly and not beetle. Which is more similar in semantic meaning to beetle?,fly
beetle|bird|blender,Answer using only one word - bird or blender and not beetle. Which is more similar in semantic meaning to beetle?,blender
beetle|bird|bread,Answer using only one word - bird or bread and not beetle. Which is more similar in semantic meaning to beetle?,bread
beetle|bird|candle,Answer using only one word - bird or candle and not beetle. Which is more similar in semantic meaning to beetle?,candle
beetle|bird|cart,Answer using only one word - bird or cart and not beetle. Which is more similar in semantic meaning to beetle?,cart
beetle|bird|chinchilla,Answer using only one word - bird or chinchilla and not beetle. Which is more similar in semantic meaning to beetle?,chinchilla
beetle|bird|crow,Answer using only one word - bird or crow and not beetle. Which is more similar in semantic meaning to beetle?,beetle
beetle|bird|eggbeater,Answer using only one word - bird or eggbeater and not beetle. Which is more similar in semantic meaning to beetle?,eggbeater
beetle|bird|grenade,Answer using only one word - bird or grenade and not beetle. Which is more similar in semantic meaning to beetle?,beetle
beetle|blender|blueberry,Answer using only one word - blender or blueberry and not beetle. Which is more similar in semantic meaning to beetle?,beetle
beetle|blender|bucket,Answer using only one word - blender or bucket and not beetle. Which is more similar in semantic meaning to beetle?,bucket
beetle|blender|cannon,Answer using only one word - blender or cannon and not beetle. Which is more similar in semantic meaning to beetle?,cannon
beetle|blender|caterpillar,Answer using only one word - blender or caterpillar and not beetle. Which is more similar in semantic meaning to beetle?,caterpillar
beetle|blender|clarinet,Answer using only one word - blender or clarinet and not beetle. Which is more similar in semantic meaning to beetle?,clarinet
beetle|blender|dragonfly,Answer using only one word - blender or dragonfly and not beetle. Which is more similar in semantic meaning to beetle?,dragonfly
beetle|blender|file,Answer using only one word - blender or file and not beetle. Which is more similar in semantic meaning to beetle?,file
beetle|blender|missile,Answer using only one word - blender or missile and not beetle. Which is more similar in semantic meaning to beetle?,missile
beetle|blowtorch|bread,Answer using only one word - blowtorch or bread and not beetle. Which is more similar in semantic meaning to beetle?,beetle
beetle|blowtorch|candle,Answer using only one word - blowtorch or candle and not beetle. Which is more similar in semantic meaning to beetle?,candle
beetle|blowtorch|cart,Answer using only one word - blowtorch or cart and not beetle. Which is more similar in semantic meaning to beetle?,cart
beetle|blowtorch|chinchilla,Answer using only one word - blowtorch or chinchilla and not beetle. Which is more similar in semantic meaning to beetle?,chinchilla
beetle|blowtorch|crow,Answer using only one word - blowtorch or crow and not beetle. Which is more similar in semantic meaning to beetle?,crow
beetle|blowtorch|eggbeater,Answer using only one word - blowtorch or eggbeater and not beetle. Which is more similar in semantic meaning to beetle?,eggbeater
beetle|blowtorch|grenade,Answer using only one word - blowtorch or grenade and not beetle. Which is more similar in semantic meaning to beetle?,None.
beetle|blueberry|boar,Answer using only one word - blueberry or boar and not beetle. Which is more similar in semantic meaning to beetle?,boar
beetle|blueberry|cactus,Answer using only one word - blueberry or cactus and not beetle. Which is more similar in semantic meaning to beetle?,cactus
beetle|blueberry|carrot,Answer using only one word - blueberry or carrot and not beetle. Which is more similar in semantic meaning to beetle?,carrot
beetle|blueberry|chili,Answer using only one word - blueberry or chili and not beetle. Which is more similar in semantic meaning to beetle?,chili
beetle|blueberry|coconut,Answer using only one word - blueberry or coconut and not beetle. Which is more similar in semantic meaning to beetle?,coconut
beetle|blueberry|eagle,Answer using only one word - blueberry or eagle and not beetle. Which is more similar in semantic meaning to beetle?,beetle
beetle|blueberry|fly,Answer using only one word - blueberry or fly and not beetle. Which is more similar in semantic meaning to beetle?,fly
beetle|boa|boar,Answer using only one word - boa or boar and not beetle. Which is more similar in semantic meaning to beetle?,boar
beetle|boa|cactus,Answer using only one word - boa or cactus and not beetle. Which is more similar in semantic meaning to beetle?,cactus
beetle|boa|carrot,Answer using only one word - boa or carrot and not beetle. Which is more similar in semantic meaning to beetle?,carrot
beetle|boa|chili,Answer using only one word - boa or chili and not beetle. Which is more similar in semantic meaning to beetle?,chili
beetle|boa|coconut,Answer using only one word - boa or coconut and not beetle. Which is more similar in semantic meaning to beetle?,coconut
beetle|boa|eagle,Answer using only one word - boa or eagle and not beetle. Which is more similar in semantic meaning to beetle?,eagle
beetle|boa|fly,Answer using only one word - boa or fly and not beetle. Which is more similar in semantic meaning to beetle?,fly
beetle|boar|bread,Answer using only one word - boar or bread and not beetle. Which is more similar in semantic meaning to beetle?,beetle
beetle|boar|candle,Answer using only one word - boar or candle and not beetle. Which is more similar in semantic meaning to beetle?,candle
beetle|boar|cart,Answer using only one word - boar or cart and not beetle. Which is more similar in semantic meaning to beetle?,cart
beetle|boar|chinchilla,Answer using only one word - boar or chinchilla and not beetle. Which is more similar in semantic meaning to beetle?,chinchilla
beetle|boar|crow,Answer using only one word - boar or crow and not beetle. Which is more similar in semantic meaning to beetle?,boar
beetle|boar|eggbeater,Answer using only one word - boar or eggbeater and not beetle. Which is more similar in semantic meaning to beetle?,boar
beetle|boar|grenade,Answer using only one word - boar or grenade and not beetle. Which is more similar in semantic meaning to beetle?,beetle
beetle|bread|bucket,Answer using only one word - bread or bucket and not beetle. Which is more similar in semantic meaning to beetle?,bucket
beetle|bread|cannon,Answer using only one word - bread or cannon and not beetle. Which is more similar in semantic meaning to beetle?,cannon
beetle|bread|caterpillar,Answer using only one word - bread or caterpillar and not beetle. Which is more similar in semantic meaning to beetle?,caterpillar
beetle|bread|clarinet,Answer using only one word - bread or clarinet and not beetle. Which is more similar in semantic meaning to beetle?,clarinet
beetle|bread|dragonfly,Answer using only one word - bread or dragonfly and not beetle. Which is more similar in semantic meaning to beetle?,dragonfly
beetle|bread|file,Answer using only one word - bread or file and not beetle. Which is more similar in semantic meaning to beetle?,file
beetle|bread|missile,Answer using only one word - bread or missile and not beetle. Which is more similar in semantic meaning to beetle?,beetle
beetle|brussels sprouts|candle,Answer using only one word - brussels sprouts or candle and not beetle. Which is more similar in semantic meaning to beetle?,candle
beetle|brussels sprouts|cart,Answer using only one word - brussels sprouts or cart and not beetle. Which is more similar in semantic meaning to beetle?,cart
beetle|brussels sprouts|chinchilla,Answer using only one word - brussels sprouts or chinchilla and not beetle. Which is more similar in semantic meaning to beetle?,chinchilla
beetle|brussels sprouts|crow,Answer using only one word - brussels sprouts or crow and not beetle. Which is more similar in semantic meaning to beetle?,crow
beetle|brussels sprouts|eggbeater,Answer using only one word - brussels sprouts or eggbeater and not beetle. Which is more similar in semantic meaning to beetle?,eggbeater
beetle|brussels sprouts|grenade,Answer using only one word - brussels sprouts or grenade and not beetle. Which is more similar in semantic meaning to beetle?,grenade
beetle|bucket|cactus,Answer using only one word - bucket or cactus and not beetle. Which is more similar in semantic meaning to beetle?,cactus
beetle|bucket|carrot,Answer using only one word - bucket or carrot and not beetle. Which is more similar in semantic meaning to beetle?,carrot
beetle|bucket|chili,Answer using only one word - bucket or chili and not beetle. Which is more similar in semantic meaning to beetle?,chili
beetle|bucket|coconut,Answer using only one word - bucket or coconut and not beetle. Which is more similar in semantic meaning to beetle?,coconut
beetle|bucket|eagle,Answer using only one word - bucket or eagle and not beetle. Which is more similar in semantic meaning to beetle?,bucket
beetle|bucket|fly,Answer using only one word - bucket or fly and not beetle. Which is more similar in semantic meaning to beetle?,fly
beetle|burrito|cactus,Answer using only one word - burrito or cactus and not beetle. Which is more similar in semantic meaning to beetle?,cactus
beetle|burrito|carrot,Answer using only one word - burrito or carrot and not beetle. Which is more similar in semantic meaning to beetle?,beetle
beetle|burrito|chili,Answer using only one word - burrito or chili and not beetle. Which is more similar in semantic meaning to beetle?,beetle
beetle|burrito|coconut,Answer using only one word - burrito or coconut and not beetle. Which is more similar in semantic meaning to beetle?,beetle
beetle|burrito|eagle,Answer using only one word - burrito or eagle and not beetle. Which is more similar in semantic meaning to beetle?,beetle
beetle|burrito|fly,Answer using only one word - burrito or fly and not beetle. Which is more similar in semantic meaning to beetle?,fly
beetle|cactus|candle,Answer using only one word - cactus or candle and not beetle. Which is more similar in semantic meaning to beetle?,cactus
beetle|cactus|cart,Answer using only one word - cactus or cart and not beetle. Which is more similar in semantic meaning to beetle?,cart
beetle|cactus|chinchilla,Answer using only one word - cactus or chinchilla and not beetle. Which is more similar in semantic meaning to beetle?,chinchilla
beetle|cactus|crow,Answer using only one word - cactus or crow and not beetle. Which is more similar in semantic meaning to beetle?,cactus
beetle|cactus|eggbeater,Answer using only one word - cactus or eggbeater and not beetle. Which is more similar in semantic meaning to beetle?,eggbeater
beetle|cactus|grenade,Answer using only one word - cactus or grenade and not beetle. Which is more similar in semantic meaning to beetle?,grenade
beetle|candle|cannon,Answer using only one word - candle or cannon and not beetle. Which is more similar in semantic meaning to beetle?,cannon
beetle|candle|caterpillar,Answer using only one word - candle or caterpillar and not beetle. Which is more similar in semantic meaning to beetle?,caterpillar
beetle|candle|clarinet,Answer using only one word - candle or clarinet and not beetle. Which is more similar in semantic meaning to beetle?,clarinet
beetle|candle|dragonfly,Answer using only one word - candle or dragonfly and not beetle. Which is more similar in semantic meaning to beetle?,candle
beetle|candle|file,Answer using only one word - candle or file and not beetle. Which is more similar in semantic meaning to beetle?,file
beetle|candle|missile,Answer using only one word - candle or missile and not beetle. Which is more similar in semantic meaning to beetle?,beetle
beetle|candy|cart,Answer using only one word - candy or cart and not beetle. Which is more similar in semantic meaning to beetle?,cart
beetle|candy|chinchilla,Answer using only one word - candy or chinchilla and not beetle. Which is more similar in semantic meaning to beetle?,chinchilla
beetle|candy|crow,Answer using only one word - candy or crow and not beetle. Which is more similar in semantic meaning to beetle?,crow
beetle|candy|eggbeater,Answer using only one word - candy or eggbeater and not beetle. Which is more similar in semantic meaning to beetle?,eggbeater
beetle|candy|grenade,Answer using only one word - candy or grenade and not beetle. Which is more similar in semantic meaning to beetle?,grenade
beetle|cannon|carrot,Answer using only one word - cannon or carrot and not beetle. Which is more similar in semantic meaning to beetle?,carrot
beetle|cannon|chili,Answer using only one word - cannon or chili and not beetle. Which is more similar in semantic meaning to beetle?,chili
beetle|cannon|coconut,Answer using only one word - cannon or coconut and not beetle. Which is more similar in semantic meaning to beetle?,coconut
beetle|cannon|eagle,Answer using only one word - cannon or eagle and not beetle. Which is more similar in semantic meaning to beetle?,cannon
beetle|cannon|fly,Answer using only one word - cannon or fly and not beetle. Which is more similar in semantic meaning to beetle?,fly
beetle|car|carrot,Answer using only one word - car or carrot and not beetle. Which is more similar in semantic meaning to beetle?,carrot
beetle|car|chili,Answer using only one word - car or chili and not beetle. Which is more similar in semantic meaning to beetle?,chili
beetle|car|coconut,Answer using only one word - car or coconut and not beetle. Which is more similar in semantic meaning to beetle?,coconut
beetle|car|eagle,Answer using only one word - car or eagle and not beetle. Which is more similar in semantic meaning to beetle?,car
beetle|car|fly,Answer using only one word - car or fly and not beetle. Which is more similar in semantic meaning to beetle?,fly
beetle|carrot|cart,Answer using only one word - carrot or cart and not beetle. Which is more similar in semantic meaning to beetle?,cart
beetle|carrot|chinchilla,Answer using only one word - carrot or chinchilla and not beetle. Which is more similar in semantic meaning to beetle?,chinchilla
beetle|carrot|crow,Answer using only one word - carrot or crow and not beetle. Which is more similar in semantic meaning to beetle?,crow
beetle|carrot|eggbeater,Answer using only one word - carrot or eggbeater and not beetle. Which is more similar in semantic meaning to beetle?,beetle
beetle|carrot|grenade,Answer using only one word - carrot or grenade and not beetle. Which is more similar in semantic meaning to beetle?,grenade
beetle|cart|caterpillar,Answer using only one word - cart or caterpillar and not beetle. Which is more similar in semantic meaning to beetle?,caterpillar
beetle|cart|clarinet,Answer using only one word - cart or clarinet and not beetle. Which is more similar in semantic meaning to beetle?,clarinet
beetle|cart|dragonfly,Answer using only one word - cart or dragonfly and not beetle. Which is more similar in semantic meaning to beetle?,dragonfly
beetle|cart|file,Answer using only one word - cart or file and not beetle. Which is more similar in semantic meaning to beetle?,file
beetle|cart|missile,Answer using only one word - cart or missile and not beetle. Which is more similar in semantic meaning to beetle?,cart
beetle|cat|chinchilla,Answer using only one word - cat or chinchilla and not beetle. Which is more similar in semantic meaning to beetle?,chinchilla
beetle|cat|crow,Answer using only one word - cat or crow and not beetle. Which is more similar in semantic meaning to beetle?,beetle
beetle|cat|eggbeater,Answer using only one word - cat or eggbeater and not beetle. Which is more similar in semantic meaning to beetle?,eggbeater
beetle|cat|grenade,Answer using only one word - cat or grenade and not beetle. Which is more similar in semantic meaning to beetle?,beetle
beetle|caterpillar|chili,Answer using only one word - caterpillar or chili and not beetle. Which is more similar in semantic meaning to beetle?,caterpillar
beetle|caterpillar|coconut,Answer using only one word - caterpillar or coconut and not beetle. Which is more similar in semantic meaning to beetle?,caterpillar
beetle|caterpillar|eagle,Answer using only one word - caterpillar or eagle and not beetle. Which is more similar in semantic meaning to beetle?,caterpillar
beetle|caterpillar|fly,Answer using only one word - caterpillar or fly and not beetle. Which is more similar in semantic meaning to beetle?,caterpillar
beetle|celery|chili,Answer using only one word - celery or chili and not beetle. Which is more similar in semantic meaning to beetle?,chili
beetle|celery|coconut,Answer using only one word - celery or coconut and not beetle. Which is more similar in semantic meaning to beetle?,coconut
beetle|celery|eagle,Answer using only one word - celery or eagle and not beetle. Which is more similar in semantic meaning to beetle?,eagle
beetle|celery|fly,Answer using only one word - celery or fly and not beetle. Which is more similar in semantic meaning to beetle?,fly
beetle|chili|chinchilla,Answer using only one word - chili or chinchilla and not beetle. Which is more similar in semantic meaning to beetle?,chinchilla
beetle|chili|crow,Answer using only one word - chili or crow and not beetle. Which is more similar in semantic meaning to beetle?,crow
beetle|chili|eggbeater,Answer using only one word - chili or eggbeater and not beetle. Which is more similar in semantic meaning to beetle?,eggbeater
beetle|chili|grenade,Answer using only one word - chili or grenade and not beetle. Which is more similar in semantic meaning to beetle?,None
beetle|chinchilla|clarinet,Answer using only one word - chinchilla or clarinet and not beetle. Which is more similar in semantic meaning to beetle?,beetle
beetle|chinchilla|dragonfly,Answer using only one word - chinchilla or dragonfly and not beetle. Which is more similar in semantic meaning to beetle?,chinchilla
beetle|chinchilla|file,Answer using only one word - chinchilla or file and not beetle. Which is more similar in semantic meaning to beetle?,file
beetle|chinchilla|missile,Answer using only one word - chinchilla or missile and not beetle. Which is more similar in semantic meaning to beetle?,beetle
beetle|chisel|crow,Answer using only one word - chisel or crow and not beetle. Which is more similar in semantic meaning to beetle?,crow
beetle|chisel|eggbeater,Answer using only one word - chisel or eggbeater and not beetle. Which is more similar in semantic meaning to beetle?,chisel
beetle|chisel|grenade,Answer using only one word - chisel or grenade and not beetle. Which is more similar in semantic meaning to beetle?,grenade
beetle|clarinet|coconut,Answer using only one word - clarinet or coconut and not beetle. Which is more similar in semantic meaning to beetle?,coconut
beetle|clarinet|eagle,Answer using only one word - clarinet or eagle and not beetle. Which is more similar in semantic meaning to beetle?,eagle
beetle|clarinet|fly,Answer using only one word - clarinet or fly and not beetle. Which is more similar in semantic meaning to beetle?,fly
beetle|coat|coconut,Answer using only one word - coat or coconut and not beetle. Which is more similar in semantic meaning to beetle?,coconut
beetle|coat|eagle,Answer using only one word - coat or eagle and not beetle. Which is more similar in semantic meaning to beetle?,beetle
beetle|coat|fly,Answer using only one word - coat or fly and not beetle. Which is more similar in semantic meaning to beetle?,fly
beetle|coconut|crow,Answer using only one word - coconut or crow and not beetle. Which is more similar in semantic meaning to beetle?,crow
beetle|coconut|eggbeater,Answer using only one word - coconut or eggbeater and not beetle. Which is more similar in semantic meaning to beetle?,eggbeater
beetle|coconut|grenade,Answer using only one word - coconut or grenade and not beetle. Which is more similar in semantic meaning to beetle?,grenade
beetle|crow|dragonfly,Answer using only one word - crow or dragonfly and not beetle. Which is more similar in semantic meaning to beetle?,beetle
beetle|crow|file,Answer using only one word - crow or file and not beetle. Which is more similar in semantic meaning to beetle?,file
beetle|crow|missile,Answer using only one word - crow or missile and not beetle. Which is more similar in semantic meaning to beetle?,beetle
beetle|crowbar|eggbeater,Answer using only one word - crowbar or eggbeater and not beetle. Which is more similar in semantic meaning to beetle?,None.
beetle|crowbar|grenade,Answer using only one word - crowbar or grenade and not beetle. Which is more similar in semantic meaning to beetle?,beetle
beetle|dragonfly|eagle,Answer using only one word - dragonfly or eagle and not beetle. Which is more similar in semantic meaning to beetle?,beetle
beetle|dragonfly|fly,Answer using only one word - dragonfly or fly and not beetle. Which is more similar in semantic meaning to beetle?,fly
beetle|dress|eagle,Answer using only one word - dress or eagle and not beetle. Which is more similar in semantic meaning to beetle?,beetle
beetle|dress|fly,Answer using only one word - dress or fly and not beetle. Which is more similar in semantic meaning to beetle?,fly
beetle|eagle|eggbeater,Answer using only one word - eagle or eggbeater and not beetle. Which is more similar in semantic meaning to beetle?,eggbeater
beetle|eagle|grenade,Answer using only one word - eagle or grenade and not beetle. Which is more similar in semantic meaning to beetle?,beetle
beetle|eggbeater|file,Answer using only one word - eggbeater or file and not beetle. Which is more similar in semantic meaning to beetle?,file
beetle|eggbeater|missile,Answer using only one word - eggbeater or missile and not beetle. Which is more similar in semantic meaning to beetle?,beetle
beetle|fig|grenade,Answer using only one word - fig or grenade and not beetle. Which is more similar in semantic meaning to beetle?,grenade
beetle|file|fly,Answer using only one word - file or fly and not beetle. Which is more similar in semantic meaning to beetle?,fly
beetle|flute|fly,Answer using only one word - flute or fly and not beetle. Which is more similar in semantic meaning to beetle?,fly
beetle|fly|grenade,Answer using only one word - fly or grenade and not beetle. Which is more similar in semantic meaning to beetle?,grenade
beetle|grenade|missile,Answer using only one word - grenade or missile and not beetle. Which is more similar in semantic meaning to beetle?,None
bell|belt|bird,Answer using only one word - belt or bird and not bell. Which is more similar in semantic meaning to bell?,bird
bell|belt|boar,Answer using only one word - belt or boar and not bell. Which is more similar in semantic meaning to bell?,boar
bell|belt|cactus,Answer using only one word - belt or cactus and not bell. Which is more similar in semantic meaning to bell?,cactus
bell|belt|carrot,Answer using only one word - belt or carrot and not bell. Which is more similar in semantic meaning to bell?,carrot
bell|belt|chili,Answer using only one word - belt or chili and not bell. Which is more similar in semantic meaning to bell?,chili
bell|belt|coconut,Answer using only one word - belt or coconut and not bell. Which is more similar in semantic meaning to bell?,coconut
bell|belt|eagle,Answer using only one word - belt or eagle and not bell. Which is more similar in semantic meaning to bell?,eagle
bell|belt|fly,Answer using only one word - belt or fly and not bell. Which is more similar in semantic meaning to bell?,fly
bell|bird|blender,Answer using only one word - bird or blender and not bell. Which is more similar in semantic meaning to bell?,blender
bell|bird|bread,Answer using only one word - bird or bread and not bell. Which is more similar in semantic meaning to bell?,bread
bell|bird|candle,Answer using only one word - bird or candle and not bell. Which is more similar in semantic meaning to bell?,candle
bell|bird|cart,Answer using only one word - bird or cart and not bell. Which is more similar in semantic meaning to bell?,cart
bell|bird|chinchilla,Answer using only one word - bird or chinchilla and not bell. Which is more similar in semantic meaning to bell?,chinchilla
bell|bird|crow,Answer using only one word - bird or crow and not bell. Which is more similar in semantic meaning to bell?,crow
bell|bird|eggbeater,Answer using only one word - bird or eggbeater and not bell. Which is more similar in semantic meaning to bell?,eggbeater
bell|bird|grenade,Answer using only one word - bird or grenade and not bell. Which is more similar in semantic meaning to bell?,grenade
bell|blender|blueberry,Answer using only one word - blender or blueberry and not bell. Which is more similar in semantic meaning to bell?,None.
bell|blender|bucket,Answer using only one word - blender or bucket and not bell. Which is more similar in semantic meaning to bell?,bucket
bell|blender|cannon,Answer using only one word - blender or cannon and not bell. Which is more similar in semantic meaning to bell?,cannon
bell|blender|caterpillar,Answer using only one word - blender or caterpillar and not bell. Which is more similar in semantic meaning to bell?,caterpillar
bell|blender|clarinet,Answer using only one word - blender or clarinet and not bell. Which is more similar in semantic meaning to bell?,clarinet
bell|blender|dragonfly,Answer using only one word - blender or dragonfly and not bell. Which is more similar in semantic meaning to bell?,dragonfly
bell|blender|file,Answer using only one word - blender or file and not bell. Which is more similar in semantic meaning to bell?,file
bell|blender|missile,Answer using only one word - blender or missile and not bell. Which is more similar in semantic meaning to bell?,missile
bell|blowtorch|bread,Answer using only one word - blowtorch or bread and not bell. Which is more similar in semantic meaning to bell?,None.
bell|blowtorch|candle,Answer using only one word - blowtorch or candle and not bell. Which is more similar in semantic meaning to bell?,candle
bell|blowtorch|cart,Answer using only one word - blowtorch or cart and not bell. Which is more similar in semantic meaning to bell?,cart
bell|blowtorch|chinchilla,Answer using only one word - blowtorch or chinchilla and not bell. Which is more similar in semantic meaning to bell?,chinchilla
bell|blowtorch|crow,Answer using only one word - blowtorch or crow and not bell. Which is more similar in semantic meaning to bell?,crow
bell|blowtorch|eggbeater,Answer using only one word - blowtorch or eggbeater and not bell. Which is more similar in semantic meaning to bell?,eggbeater
bell|blowtorch|grenade,Answer using only one word - blowtorch or grenade and not bell. Which is more similar in semantic meaning to bell?,none
bell|blueberry|boar,Answer using only one word - blueberry or boar and not bell. Which is more similar in semantic meaning to bell?,boar
bell|blueberry|cactus,Answer using only one word - blueberry or cactus and not bell. Which is more similar in semantic meaning to bell?,cactus
bell|blueberry|carrot,Answer using only one word - blueberry or carrot and not bell. Which is more similar in semantic meaning to bell?,carrot
bell|blueberry|chili,Answer using only one word - blueberry or chili and not bell. Which is more similar in semantic meaning to bell?,chili
bell|blueberry|coconut,Answer using only one word - blueberry or coconut and not bell. Which is more similar in semantic meaning to bell?,None.
bell|blueberry|eagle,Answer using only one word - blueberry or eagle and not bell. Which is more similar in semantic meaning to bell?,eagle
bell|blueberry|fly,Answer using only one word - blueberry or fly and not bell. Which is more similar in semantic meaning to bell?,fly
bell|boa|boar,Answer using only one word - boa or boar and not bell. Which is more similar in semantic meaning to bell?,boar
bell|boa|cactus,Answer using only one word - boa or cactus and not bell. Which is more similar in semantic meaning to bell?,cactus
bell|boa|carrot,Answer using only one word - boa or carrot and not bell. Which is more similar in semantic meaning to bell?,carrot
bell|boa|chili,Answer using only one word - boa or chili and not bell. Which is more similar in semantic meaning to bell?,chili
bell|boa|coconut,Answer using only one word - boa or coconut and not bell. Which is more similar in semantic meaning to bell?,coconut
bell|boa|eagle,Answer using only one word - boa or eagle and not bell. Which is more similar in semantic meaning to bell?,boa
bell|boa|fly,Answer using only one word - boa or fly and not bell. Which is more similar in semantic meaning to bell?,fly
bell|boar|bread,Answer using only one word - boar or bread and not bell. Which is more similar in semantic meaning to bell?,bread
bell|boar|candle,Answer using only one word - boar or candle and not bell. Which is more similar in semantic meaning to bell?,candle
bell|boar|cart,Answer using only one word - boar or cart and not bell. Which is more similar in semantic meaning to bell?,cart
bell|boar|chinchilla,Answer using only one word - boar or chinchilla and not bell. Which is more similar in semantic meaning to bell?,chinchilla
bell|boar|crow,Answer using only one word - boar or crow and not bell. Which is more similar in semantic meaning to bell?,crow
bell|boar|eggbeater,Answer using only one word - boar or eggbeater and not bell. Which is more similar in semantic meaning to bell?,eggbeater
bell|boar|grenade,Answer using only one word - boar or grenade and not bell. Which is more similar in semantic meaning to bell?,grenade
bell|bread|bucket,Answer using only one word - bread or bucket and not bell. Which is more similar in semantic meaning to bell?,bucket
bell|bread|cannon,Answer using only one word - bread or cannon and not bell. Which is more similar in semantic meaning to bell?,cannon
bell|bread|caterpillar,Answer using only one word - bread or caterpillar and not bell. Which is more similar in semantic meaning to bell?,caterpillar
bell|bread|clarinet,Answer using only one word - bread or clarinet and not bell. Which is more similar in semantic meaning to bell?,clarinet
bell|bread|dragonfly,Answer using only one word - bread or dragonfly and not bell. Which is more similar in semantic meaning to bell?,dragonfly
bell|bread|file,Answer using only one word - bread or file and not bell. Which is more similar in semantic meaning to bell?,file
bell|bread|missile,Answer using only one word - bread or missile and not bell. Which is more similar in semantic meaning to bell?,missile
bell|brussels sprouts|candle,Answer using only one word - brussels sprouts or candle and not bell. Which is more similar in semantic meaning to bell?,candle
bell|brussels sprouts|cart,Answer using only one word - brussels sprouts or cart and not bell. Which is more similar in semantic meaning to bell?,cart
bell|brussels sprouts|chinchilla,Answer using only one word - brussels sprouts or chinchilla and not bell. Which is more similar in semantic meaning to bell?,chinchilla
bell|brussels sprouts|crow,Answer using only one word - brussels sprouts or crow and not bell. Which is more similar in semantic meaning to bell?,crow
bell|brussels sprouts|eggbeater,Answer using only one word - brussels sprouts or eggbeater and not bell. Which is more similar in semantic meaning to bell?,eggbeater
bell|brussels sprouts|grenade,Answer using only one word - brussels sprouts or grenade and not bell. Which is more similar in semantic meaning to bell?,grenade
bell|bucket|cactus,Answer using only one word - bucket or cactus and not bell. Which is more similar in semantic meaning to bell?,cactus
bell|bucket|carrot,Answer using only one word - bucket or carrot and not bell. Which is more similar in semantic meaning to bell?,carrot
bell|bucket|chili,Answer using only one word - bucket or chili and not bell. Which is more similar in semantic meaning to bell?,chili
bell|bucket|coconut,Answer using only one word - bucket or coconut and not bell. Which is more similar in semantic meaning to bell?,coconut
bell|bucket|eagle,Answer using only one word - bucket or eagle and not bell. Which is more similar in semantic meaning to bell?,bucket
bell|bucket|fly,Answer using only one word - bucket or fly and not bell. Which is more similar in semantic meaning to bell?,fly
bell|burrito|cactus,Answer using only one word - burrito or cactus and not bell. Which is more similar in semantic meaning to bell?,cactus
bell|burrito|carrot,Answer using only one word - burrito or carrot and not bell. Which is more similar in semantic meaning to bell?,carrot
bell|burrito|chili,Answer using only one word - burrito or chili and not bell. Which is more similar in semantic meaning to bell?,chili
bell|burrito|coconut,Answer using only one word - burrito or coconut and not bell. Which is more similar in semantic meaning to bell?,coconut
bell|burrito|eagle,Answer using only one word - burrito or eagle and not bell. Which is more similar in semantic meaning to bell?,eagle
bell|burrito|fly,Answer using only one word - burrito or fly and not bell. Which is more similar in semantic meaning to bell?,fly
bell|cactus|candle,Answer using only one word - cactus or candle and not bell. Which is more similar in semantic meaning to bell?,cactus
bell|cactus|cart,Answer using only one word - cactus or cart and not bell. Which is more similar in semantic meaning to bell?,cart
bell|cactus|chinchilla,Answer using only one word - cactus or chinchilla and not bell. Which is more similar in semantic meaning to bell?,chinchilla
bell|cactus|crow,Answer using only one word - cactus or crow and not bell. Which is more similar in semantic meaning to bell?,cactus
bell|cactus|eggbeater,Answer using only one word - cactus or eggbeater and not bell. Which is more similar in semantic meaning to bell?,eggbeater
bell|cactus|grenade,Answer using only one word - cactus or grenade and not bell. Which is more similar in semantic meaning to bell?,grenade
bell|candle|cannon,Answer using only one word - candle or cannon and not bell. Which is more similar in semantic meaning to bell?,cannon
bell|candle|caterpillar,Answer using only one word - candle or caterpillar and not bell. Which is more similar in semantic meaning to bell?,candle
bell|candle|clarinet,Answer using only one word - candle or clarinet and not bell. Which is more similar in semantic meaning to bell?,clarinet
bell|candle|dragonfly,Answer using only one word - candle or dragonfly and not bell. Which is more similar in semantic meaning to bell?,dragonfly
bell|candle|file,Answer using only one word - candle or file and not bell. Which is more similar in semantic meaning to bell?,file
bell|candle|missile,Answer using only one word - candle or missile and not bell. Which is more similar in semantic meaning to bell?,candle
bell|candy|cart,Answer using only one word - candy or cart and not bell. Which is more similar in semantic meaning to bell?,cart
bell|candy|chinchilla,Answer using only one word - candy or chinchilla and not bell. Which is more similar in semantic meaning to bell?,chinchilla
bell|candy|crow,Answer using only one word - candy or crow and not bell. Which is more similar in semantic meaning to bell?,crow
bell|candy|eggbeater,Answer using only one word - candy or eggbeater and not bell. Which is more similar in semantic meaning to bell?,eggbeater
bell|candy|grenade,Answer using only one word - candy or grenade and not bell. Which is more similar in semantic meaning to bell?,grenade
bell|cannon|carrot,Answer using only one word - cannon or carrot and not bell. Which is more similar in semantic meaning to bell?,cannon
bell|cannon|chili,Answer using only one word - cannon or chili and not bell. Which is more similar in semantic meaning to bell?,chili
bell|cannon|coconut,Answer using only one word - cannon or coconut and not bell. Which is more similar in semantic meaning to bell?,coconut
bell|cannon|eagle,Answer using only one word - cannon or eagle and not bell. Which is more similar in semantic meaning to bell?,cannon
bell|cannon|fly,Answer using only one word - cannon or fly and not bell. Which is more similar in semantic meaning to bell?,fly
bell|car|carrot,Answer using only one word - car or carrot and not bell. Which is more similar in semantic meaning to bell?,carrot
bell|car|chili,Answer using only one word - car or chili and not bell. Which is more similar in semantic meaning to bell?,chili
bell|car|coconut,Answer using only one word - car or coconut and not bell. Which is more similar in semantic meaning to bell?,coconut
bell|car|eagle,Answer using only one word - car or eagle and not bell. Which is more similar in semantic meaning to bell?,eagle
bell|car|fly,Answer using only one word - car or fly and not bell. Which is more similar in semantic meaning to bell?,fly
bell|carrot|cart,Answer using only one word - carrot or cart and not bell. Which is more similar in semantic meaning to bell?,cart
bell|carrot|chinchilla,Answer using only one word - carrot or chinchilla and not bell. Which is more similar in semantic meaning to bell?,chinchilla
bell|carrot|crow,Answer using only one word - carrot or crow and not bell. Which is more similar in semantic meaning to bell?,crow
bell|carrot|eggbeater,Answer using only one word - carrot or eggbeater and not bell. Which is more similar in semantic meaning to bell?,None
bell|carrot|grenade,Answer using only one word - carrot or grenade and not bell. Which is more similar in semantic meaning to bell?,grenade
bell|cart|caterpillar,Answer using only one word - cart or caterpillar and not bell. Which is more similar in semantic meaning to bell?,caterpillar
bell|cart|clarinet,Answer using only one word - cart or clarinet and not bell. Which is more similar in semantic meaning to bell?,clarinet
bell|cart|dragonfly,Answer using only one word - cart or dragonfly and not bell. Which is more similar in semantic meaning to bell?,dragonfly
bell|cart|file,Answer using only one word - cart or file and not bell. Which is more similar in semantic meaning to bell?,file
bell|cart|missile,Answer using only one word - cart or missile and not bell. Which is more similar in semantic meaning to bell?,missile
bell|cat|chinchilla,Answer using only one word - cat or chinchilla and not bell. Which is more similar in semantic meaning to bell?,chinchilla
bell|cat|crow,Answer using only one word - cat or crow and not bell. Which is more similar in semantic meaning to bell?,crow
bell|cat|eggbeater,Answer using only one word - cat or eggbeater and not bell. Which is more similar in semantic meaning to bell?,eggbeater
bell|cat|grenade,Answer using only one word - cat or grenade and not bell. Which is more similar in semantic meaning to bell?,grenade
bell|caterpillar|chili,Answer using only one word - caterpillar or chili and not bell. Which is more similar in semantic meaning to bell?,chili
bell|caterpillar|coconut,Answer using only one word - caterpillar or coconut and not bell. Which is more similar in semantic meaning to bell?,coconut
bell|caterpillar|eagle,Answer using only one word - caterpillar or eagle and not bell. Which is more similar in semantic meaning to bell?,caterpillar
bell|caterpillar|fly,Answer using only one word - caterpillar or fly and not bell. Which is more similar in semantic meaning to bell?,fly
bell|celery|chili,Answer using only one word - celery or chili and not bell. Which is more similar in semantic meaning to bell?,chili
bell|celery|coconut,Answer using only one word - celery or coconut and not bell. Which is more similar in semantic meaning to bell?,coconut
bell|celery|eagle,Answer using only one word - celery or eagle and not bell. Which is more similar in semantic meaning to bell?,None
bell|celery|fly,Answer using only one word - celery or fly and not bell. Which is more similar in semantic meaning to bell?,fly
bell|chili|chinchilla,Answer using only one word - chili or chinchilla and not bell. Which is more similar in semantic meaning to bell?,chinchilla
bell|chili|crow,Answer using only one word - chili or crow and not bell. Which is more similar in semantic meaning to bell?,chili
bell|chili|eggbeater,Answer using only one word - chili or eggbeater and not bell. Which is more similar in semantic meaning to bell?,eggbeater
bell|chili|grenade,Answer using only one word - chili or grenade and not bell. Which is more similar in semantic meaning to bell?,chili
bell|chinchilla|clarinet,Answer using only one word - chinchilla or clarinet and not bell. Which is more similar in semantic meaning to bell?,clarinet
bell|chinchilla|dragonfly,Answer using only one word - chinchilla or dragonfly and not bell. Which is more similar in semantic meaning to bell?,chinchilla
bell|chinchilla|file,Answer using only one word - chinchilla or file and not bell. Which is more similar in semantic meaning to bell?,file
bell|chinchilla|missile,Answer using only one word - chinchilla or missile and not bell. Which is more similar in semantic meaning to bell?,missile
bell|chisel|crow,Answer using only one word - chisel or crow and not bell. Which is more similar in semantic meaning to bell?,chisel
bell|chisel|eggbeater,Answer using only one word - chisel or eggbeater and not bell. Which is more similar in semantic meaning to bell?,chisel
bell|chisel|grenade,Answer using only one word - chisel or grenade and not bell. Which is more similar in semantic meaning to bell?,grenade
bell|clarinet|coconut,Answer using only one word - clarinet or coconut and not bell. Which is more similar in semantic meaning to bell?,coconut
bell|clarinet|eagle,Answer using only one word - clarinet or eagle and not bell. Which is more similar in semantic meaning to bell?,eagle
bell|clarinet|fly,Answer using only one word - clarinet or fly and not bell. Which is more similar in semantic meaning to bell?,fly
bell|coat|coconut,Answer using only one word - coat or coconut and not bell. Which is more similar in semantic meaning to bell?,coconut
bell|coat|eagle,Answer using only one word - coat or eagle and not bell. Which is more similar in semantic meaning to bell?,eagle
bell|coat|fly,Answer using only one word - coat or fly and not bell. Which is more similar in semantic meaning to bell?,fly
bell|coconut|crow,Answer using only one word - coconut or crow and not bell. Which is more similar in semantic meaning to bell?,crow
bell|coconut|eggbeater,Answer using only one word - coconut or eggbeater and not bell. Which is more similar in semantic meaning to bell?,eggbeater
bell|coconut|grenade,Answer using only one word - coconut or grenade and not bell. Which is more similar in semantic meaning to bell?,grenade
bell|crow|dragonfly,Answer using only one word - crow or dragonfly and not bell. Which is more similar in semantic meaning to bell?,None
bell|crow|file,Answer using only one word - crow or file and not bell. Which is more similar in semantic meaning to bell?,file
bell|crow|missile,Answer using only one word - crow or missile and not bell. Which is more similar in semantic meaning to bell?,missile
bell|crowbar|eggbeater,Answer using only one word - crowbar or eggbeater and not bell. Which is more similar in semantic meaning to bell?,None
bell|crowbar|grenade,Answer using only one word - crowbar or grenade and not bell. Which is more similar in semantic meaning to bell?,None
bell|dragonfly|eagle,Answer using only one word - dragonfly or eagle and not bell. Which is more similar in semantic meaning to bell?,None
bell|dragonfly|fly,Answer using only one word - dragonfly or fly and not bell. Which is more similar in semantic meaning to bell?,fly
bell|dress|eagle,Answer using only one word - dress or eagle and not bell. Which is more similar in semantic meaning to bell?,eagle
bell|dress|fly,Answer using only one word - dress or fly and not bell. Which is more similar in semantic meaning to bell?,fly
bell|eagle|eggbeater,Answer using only one word - eagle or eggbeater and not bell. Which is more similar in semantic meaning to bell?,eggbeater
bell|eagle|grenade,Answer using only one word - eagle or grenade and not bell. Which is more similar in semantic meaning to bell?,grenade
bell|eggbeater|file,Answer using only one word - eggbeater or file and not bell. Which is more similar in semantic meaning to bell?,file
bell|eggbeater|missile,Answer using only one word - eggbeater or missile and not bell. Which is more similar in semantic meaning to bell?,missile
bell|fig|grenade,Answer using only one word - fig or grenade and not bell. Which is more similar in semantic meaning to bell?,grenade
bell|file|fly,Answer using only one word - file or fly and not bell. Which is more similar in semantic meaning to bell?,fly
bell|flute|fly,Answer using only one word - flute or fly and not bell. Which is more similar in semantic meaning to bell?,fly
bell|fly|grenade,Answer using only one word - fly or grenade and not bell. Which is more similar in semantic meaning to bell?,grenade
bell|grenade|missile,Answer using only one word - grenade or missile and not bell. Which is more similar in semantic meaning to bell?,None
belt|bird|blender,Answer using only one word - bird or blender and not belt. Which is more similar in semantic meaning to belt?,blender
belt|bird|bread,Answer using only one word - bird or bread and not belt. Which is more similar in semantic meaning to belt?,bread
belt|bird|candle,Answer using only one word - bird or candle and not belt. Which is more similar in semantic meaning to belt?,candle
belt|bird|cart,Answer using only one word - bird or cart and not belt. Which is more similar in semantic meaning to belt?,cart
belt|bird|chinchilla,Answer using only one word - bird or chinchilla and not belt. Which is more similar in semantic meaning to belt?,chinchilla
belt|bird|crow,Answer using only one word - bird or crow and not belt. Which is more similar in semantic meaning to belt?,crow
belt|bird|eggbeater,Answer using only one word - bird or eggbeater and not belt. Which is more similar in semantic meaning to belt?,eggbeater
belt|bird|grenade,Answer using only one word - bird or grenade and not belt. Which is more similar in semantic meaning to belt?,grenade
belt|blender|blueberry,Answer using only one word - blender or blueberry and not belt. Which is more similar in semantic meaning to belt?,belt
belt|blender|bucket,Answer using only one word - blender or bucket and not belt. Which is more similar in semantic meaning to belt?,bucket
belt|blender|cannon,Answer using only one word - blender or cannon and not belt. Which is more similar in semantic meaning to belt?,cannon
belt|blender|caterpillar,Answer using only one word - blender or caterpillar and not belt. Which is more similar in semantic meaning to belt?,caterpillar
belt|blender|clarinet,Answer using only one word - blender or clarinet and not belt. Which is more similar in semantic meaning to belt?,belt
belt|blender|dragonfly,Answer using only one word - blender or dragonfly and not belt. Which is more similar in semantic meaning to belt?,dragonfly
belt|blender|file,Answer using only one word - blender or file and not belt. Which is more similar in semantic meaning to belt?,file
belt|blender|missile,Answer using only one word - blender or missile and not belt. Which is more similar in semantic meaning to belt?,belt
belt|blowtorch|bread,Answer using only one word - blowtorch or bread and not belt. Which is more similar in semantic meaning to belt?,belt
belt|blowtorch|candle,Answer using only one word - blowtorch or candle and not belt. Which is more similar in semantic meaning to belt?,None.
belt|blowtorch|cart,Answer using only one word - blowtorch or cart and not belt. Which is more similar in semantic meaning to belt?,cart
belt|blowtorch|chinchilla,Answer using only one word - blowtorch or chinchilla and not belt. Which is more similar in semantic meaning to belt?,chinchilla
belt|blowtorch|crow,Answer using only one word - blowtorch or crow and not belt. Which is more similar in semantic meaning to belt?,crow
belt|blowtorch|eggbeater,Answer using only one word - blowtorch or eggbeater and not belt. Which is more similar in semantic meaning to belt?,eggbeater
belt|blowtorch|grenade,Answer using only one word - blowtorch or grenade and not belt. Which is more similar in semantic meaning to belt?,None.
belt|blueberry|boar,Answer using only one word - blueberry or boar and not belt. Which is more similar in semantic meaning to belt?,boar
belt|blueberry|cactus,Answer using only one word - blueberry or cactus and not belt. Which is more similar in semantic meaning to belt?,cactus
belt|blueberry|carrot,Answer using only one word - blueberry or carrot and not belt. Which is more similar in semantic meaning to belt?,carrot
belt|blueberry|chili,Answer using only one word - blueberry or chili and not belt. Which is more similar in semantic meaning to belt?,chili
belt|blueberry|coconut,Answer using only one word - blueberry or coconut and not belt. Which is more similar in semantic meaning to belt?,coconut
belt|blueberry|eagle,Answer using only one word - blueberry or eagle and not belt. Which is more similar in semantic meaning to belt?,eagle
belt|blueberry|fly,Answer using only one word - blueberry or fly and not belt. Which is more similar in semantic meaning to belt?,fly
belt|boa|boar,Answer using only one word - boa or boar and not belt. Which is more similar in semantic meaning to belt?,boa
belt|boa|cactus,Answer using only one word - boa or cactus and not belt. Which is more similar in semantic meaning to belt?,cactus
belt|boa|carrot,Answer using only one word - boa or carrot and not belt. Which is more similar in semantic meaning to belt?,carrot
belt|boa|chili,Answer using only one word - boa or chili and not belt. Which is more similar in semantic meaning to belt?,chili
belt|boa|coconut,Answer using only one word - boa or coconut and not belt. Which is more similar in semantic meaning to belt?,coconut
belt|boa|eagle,Answer using only one word - boa or eagle and not belt. Which is more similar in semantic meaning to belt?,boa
belt|boa|fly,Answer using only one word - boa or fly and not belt. Which is more similar in semantic meaning to belt?,fly
belt|boar|bread,Answer using only one word - boar or bread and not belt. Which is more similar in semantic meaning to belt?,bread
belt|boar|candle,Answer using only one word - boar or candle and not belt. Which is more similar in semantic meaning to belt?,candle
belt|boar|cart,Answer using only one word - boar or cart and not belt. Which is more similar in semantic meaning to belt?,cart
belt|boar|chinchilla,Answer using only one word - boar or chinchilla and not belt. Which is more similar in semantic meaning to belt?,chinchilla
belt|boar|crow,Answer using only one word - boar or crow and not belt. Which is more similar in semantic meaning to belt?,crow
belt|boar|eggbeater,Answer using only one word - boar or eggbeater and not belt. Which is more similar in semantic meaning to belt?,eggbeater
belt|boar|grenade,Answer using only one word - boar or grenade and not belt. Which is more similar in semantic meaning to belt?,grenade
belt|bread|bucket,Answer using only one word - bread or bucket and not belt. Which is more similar in semantic meaning to belt?,bucket
belt|bread|cannon,Answer using only one word - bread or cannon and not belt. Which is more similar in semantic meaning to belt?,cannon
belt|bread|caterpillar,Answer using only one word - bread or caterpillar and not belt. Which is more similar in semantic meaning to belt?,caterpillar
belt|bread|clarinet,Answer using only one word - bread or clarinet and not belt. Which is more similar in semantic meaning to belt?,clarinet
belt|bread|dragonfly,Answer using only one word - bread or dragonfly and not belt. Which is more similar in semantic meaning to belt?,dragonfly
belt|bread|file,Answer using only one word - bread or file and not belt. Which is more similar in semantic meaning to belt?,file
belt|bread|missile,Answer using only one word - bread or missile and not belt. Which is more similar in semantic meaning to belt?,missile
belt|brussels sprouts|candle,Answer using only one word - brussels sprouts or candle and not belt. Which is more similar in semantic meaning to belt?,candle
belt|brussels sprouts|cart,Answer using only one word - brussels sprouts or cart and not belt. Which is more similar in semantic meaning to belt?,belt
belt|brussels sprouts|chinchilla,Answer using only one word - brussels sprouts or chinchilla and not belt. Which is more similar in semantic meaning to belt?,chinchilla
belt|brussels sprouts|crow,Answer using only one word - brussels sprouts or crow and not belt. Which is more similar in semantic meaning to belt?,crow
belt|brussels sprouts|eggbeater,Answer using only one word - brussels sprouts or eggbeater and not belt. Which is more similar in semantic meaning to belt?,eggbeater
belt|brussels sprouts|grenade,Answer using only one word - brussels sprouts or grenade and not belt. Which is more similar in semantic meaning to belt?,grenade
belt|bucket|cactus,Answer using only one word - bucket or cactus and not belt. Which is more similar in semantic meaning to belt?,cactus
belt|bucket|carrot,Answer using only one word - bucket or carrot and not belt. Which is more similar in semantic meaning to belt?,belt
belt|bucket|chili,Answer using only one word - bucket or chili and not belt. Which is more similar in semantic meaning to belt?,chili
belt|bucket|coconut,Answer using only one word - bucket or coconut and not belt. Which is more similar in semantic meaning to belt?,bucket
belt|bucket|eagle,Answer using only one word - bucket or eagle and not belt. Which is more similar in semantic meaning to belt?,bucket
belt|bucket|fly,Answer using only one word - bucket or fly and not belt. Which is more similar in semantic meaning to belt?,fly
belt|burrito|cactus,Answer using only one word - burrito or cactus and not belt. Which is more similar in semantic meaning to belt?,cactus
belt|burrito|carrot,Answer using only one word - burrito or carrot and not belt. Which is more similar in semantic meaning to belt?,carrot
belt|burrito|chili,Answer using only one word - burrito or chili and not belt. Which is more similar in semantic meaning to belt?,chili
belt|burrito|coconut,Answer using only one word - burrito or coconut and not belt. Which is more similar in semantic meaning to belt?,coconut
belt|burrito|eagle,Answer using only one word - burrito or eagle and not belt. Which is more similar in semantic meaning to belt?,eagle
belt|burrito|fly,Answer using only one word - burrito or fly and not belt. Which is more similar in semantic meaning to belt?,fly
belt|cactus|candle,Answer using only one word - cactus or candle and not belt. Which is more similar in semantic meaning to belt?,cactus
belt|cactus|cart,Answer using only one word - cactus or cart and not belt. Which is more similar in semantic meaning to belt?,cart
belt|cactus|chinchilla,Answer using only one word - cactus or chinchilla and not belt. Which is more similar in semantic meaning to belt?,chinchilla
belt|cactus|crow,Answer using only one word - cactus or crow and not belt. Which is more similar in semantic meaning to belt?,cactus
belt|cactus|eggbeater,Answer using only one word - cactus or eggbeater and not belt. Which is more similar in semantic meaning to belt?,eggbeater
belt|cactus|grenade,Answer using only one word - cactus or grenade and not belt. Which is more similar in semantic meaning to belt?,grenade
belt|candle|cannon,Answer using only one word - candle or cannon and not belt. Which is more similar in semantic meaning to belt?,candle
belt|candle|caterpillar,Answer using only one word - candle or caterpillar and not belt. Which is more similar in semantic meaning to belt?,caterpillar
belt|candle|clarinet,Answer using only one word - candle or clarinet and not belt. Which is more similar in semantic meaning to belt?,clarinet
belt|candle|dragonfly,Answer using only one word - candle or dragonfly and not belt. Which is more similar in semantic meaning to belt?,belt
belt|candle|file,Answer using only one word - candle or file and not belt. Which is more similar in semantic meaning to belt?,file
belt|candle|missile,Answer using only one word - candle or missile and not belt. Which is more similar in semantic meaning to belt?,None
belt|candy|cart,Answer using only one word - candy or cart and not belt. Which is more similar in semantic meaning to belt?,cart
belt|candy|chinchilla,Answer using only one word - candy or chinchilla and not belt. Which is more similar in semantic meaning to belt?,chinchilla
belt|candy|crow,Answer using only one word - candy or crow and not belt. Which is more similar in semantic meaning to belt?,crow
belt|candy|eggbeater,Answer using only one word - candy or eggbeater and not belt. Which is more similar in semantic meaning to belt?,belt
belt|candy|grenade,Answer using only one word - candy or grenade and not belt. Which is more similar in semantic meaning to belt?,grenade
belt|cannon|carrot,Answer using only one word - cannon or carrot and not belt. Which is more similar in semantic meaning to belt?,belt
belt|cannon|chili,Answer using only one word - cannon or chili and not belt. Which is more similar in semantic meaning to belt?,belt
belt|cannon|coconut,Answer using only one word - cannon or coconut and not belt. Which is more similar in semantic meaning to belt?,coconut
belt|cannon|eagle,Answer using only one word - cannon or eagle and not belt. Which is more similar in semantic meaning to belt?,None
belt|cannon|fly,Answer using only one word - cannon or fly and not belt. Which is more similar in semantic meaning to belt?,fly
belt|car|carrot,Answer using only one word - car or carrot and not belt. Which is more similar in semantic meaning to belt?,carrot
belt|car|chili,Answer using only one word - car or chili and not belt. Which is more similar in semantic meaning to belt?,chili
belt|car|coconut,Answer using only one word - car or coconut and not belt. Which is more similar in semantic meaning to belt?,coconut
belt|car|eagle,Answer using only one word - car or eagle and not belt. Which is more similar in semantic meaning to belt?,belt
belt|car|fly,Answer using only one word - car or fly and not belt. Which is more similar in semantic meaning to belt?,fly
belt|carrot|cart,Answer using only one word - carrot or cart and not belt. Which is more similar in semantic meaning to belt?,cart
belt|carrot|chinchilla,Answer using only one word - carrot or chinchilla and not belt. Which is more similar in semantic meaning to belt?,chinchilla
belt|carrot|crow,Answer using only one word - carrot or crow and not belt. Which is more similar in semantic meaning to belt?,crow
belt|carrot|eggbeater,Answer using only one word - carrot or eggbeater and not belt. Which is more similar in semantic meaning to belt?,belt
belt|carrot|grenade,Answer using only one word - carrot or grenade and not belt. Which is more similar in semantic meaning to belt?,grenade
belt|cart|caterpillar,Answer using only one word - cart or caterpillar and not belt. Which is more similar in semantic meaning to belt?,caterpillar
belt|cart|clarinet,Answer using only one word - cart or clarinet and not belt. Which is more similar in semantic meaning to belt?,clarinet
belt|cart|dragonfly,Answer using only one word - cart or dragonfly and not belt. Which is more similar in semantic meaning to belt?,cart
belt|cart|file,Answer using only one word - cart or file and not belt. Which is more similar in semantic meaning to belt?,file
belt|cart|missile,Answer using only one word - cart or missile and not belt. Which is more similar in semantic meaning to belt?,missile
belt|cat|chinchilla,Answer using only one word - cat or chinchilla and not belt. Which is more similar in semantic meaning to belt?,chinchilla
belt|cat|crow,Answer using only one word - cat or crow and not belt. Which is more similar in semantic meaning to belt?,crow
belt|cat|eggbeater,Answer using only one word - cat or eggbeater and not belt. Which is more similar in semantic meaning to belt?,eggbeater
belt|cat|grenade,Answer using only one word - cat or grenade and not belt. Which is more similar in semantic meaning to belt?,grenade
belt|caterpillar|chili,Answer using only one word - caterpillar or chili and not belt. Which is more similar in semantic meaning to belt?,chili
belt|caterpillar|coconut,Answer using only one word - caterpillar or coconut and not belt. Which is more similar in semantic meaning to belt?,caterpillar
belt|caterpillar|eagle,Answer using only one word - caterpillar or eagle and not belt. Which is more similar in semantic meaning to belt?,caterpillar
belt|caterpillar|fly,Answer using only one word - caterpillar or fly and not belt. Which is more similar in semantic meaning to belt?,fly
belt|celery|chili,Answer using only one word - celery or chili and not belt. Which is more similar in semantic meaning to belt?,chili
belt|celery|coconut,Answer using only one word - celery or coconut and not belt. Which is more similar in semantic meaning to belt?,coconut
belt|celery|eagle,Answer using only one word - celery or eagle and not belt. Which is more similar in semantic meaning to belt?,eagle
belt|celery|fly,Answer using only one word - celery or fly and not belt. Which is more similar in semantic meaning to belt?,fly
belt|chili|chinchilla,Answer using only one word - chili or chinchilla and not belt. Which is more similar in semantic meaning to belt?,chinchilla
belt|chili|crow,Answer using only one word - chili or crow and not belt. Which is more similar in semantic meaning to belt?,chili
belt|chili|eggbeater,Answer using only one word - chili or eggbeater and not belt. Which is more similar in semantic meaning to belt?,eggbeater
belt|chili|grenade,Answer using only one word - chili or grenade and not belt. Which is more similar in semantic meaning to belt?,grenade
belt|chinchilla|clarinet,Answer using only one word - chinchilla or clarinet and not belt. Which is more similar in semantic meaning to belt?,clarinet
belt|chinchilla|dragonfly,Answer using only one word - chinchilla or dragonfly and not belt. Which is more similar in semantic meaning to belt?,belt
belt|chinchilla|file,Answer using only one word - chinchilla or file and not belt. Which is more similar in semantic meaning to belt?,file
belt|chinchilla|missile,Answer using only one word - chinchilla or missile and not belt. Which is more similar in semantic meaning to belt?,missile
belt|chisel|crow,Answer using only one word - chisel or crow and not belt. Which is more similar in semantic meaning to belt?,crow
belt|chisel|eggbeater,Answer using only one word - chisel or eggbeater and not belt. Which is more similar in semantic meaning to belt?,chisel
belt|chisel|grenade,Answer using only one word - chisel or grenade and not belt. Which is more similar in semantic meaning to belt?,grenade
belt|clarinet|coconut,Answer using only one word - clarinet or coconut and not belt. Which is more similar in semantic meaning to belt?,coconut
belt|clarinet|eagle,Answer using only one word - clarinet or eagle and not belt. Which is more similar in semantic meaning to belt?,eagle
belt|clarinet|fly,Answer using only one word - clarinet or fly and not belt. Which is more similar in semantic meaning to belt?,fly
belt|coat|coconut,Answer using only one word - coat or coconut and not belt. Which is more similar in semantic meaning to belt?,coconut
belt|coat|eagle,Answer using only one word - coat or eagle and not belt. Which is more similar in semantic meaning to belt?,coat
belt|coat|fly,Answer using only one word - coat or fly and not belt. Which is more similar in semantic meaning to belt?,fly
belt|coconut|crow,Answer using only one word - coconut or crow and not belt. Which is more similar in semantic meaning to belt?,crow
belt|coconut|eggbeater,Answer using only one word - coconut or eggbeater and not belt. Which is more similar in semantic meaning to belt?,eggbeater
belt|coconut|grenade,Answer using only one word - coconut or grenade and not belt. Which is more similar in semantic meaning to belt?,grenade
belt|crow|dragonfly,Answer using only one word - crow or dragonfly and not belt. Which is more similar in semantic meaning to belt?,None.
belt|crow|file,Answer using only one word - crow or file and not belt. Which is more similar in semantic meaning to belt?,file
belt|crow|missile,Answer using only one word - crow or missile and not belt. Which is more similar in semantic meaning to belt?,missile
belt|crowbar|eggbeater,Answer using only one word - crowbar or eggbeater and not belt. Which is more similar in semantic meaning to belt?,None.
belt|crowbar|grenade,Answer using only one word - crowbar or grenade and not belt. Which is more similar in semantic meaning to belt?,None.
belt|dragonfly|eagle,Answer using only one word - dragonfly or eagle and not belt. Which is more similar in semantic meaning to belt?,None
belt|dragonfly|fly,Answer using only one word - dragonfly or fly and not belt. Which is more similar in semantic meaning to belt?,fly
belt|dress|eagle,Answer using only one word - dress or eagle and not belt. Which is more similar in semantic meaning to belt?,dress
belt|dress|fly,Answer using only one word - dress or fly and not belt. Which is more similar in semantic meaning to belt?,fly
belt|eagle|eggbeater,Answer using only one word - eagle or eggbeater and not belt. Which is more similar in semantic meaning to belt?,eggbeater
belt|eagle|grenade,Answer using only one word - eagle or grenade and not belt. Which is more similar in semantic meaning to belt?,grenade
belt|eggbeater|file,Answer using only one word - eggbeater or file and not belt. Which is more similar in semantic meaning to belt?,file
belt|eggbeater|missile,Answer using only one word - eggbeater or missile and not belt. Which is more similar in semantic meaning to belt?,belt
belt|fig|grenade,Answer using only one word - fig or grenade and not belt. Which is more similar in semantic meaning to belt?,fig
belt|file|fly,Answer using only one word - file or fly and not belt. Which is more similar in semantic meaning to belt?,fly
belt|flute|fly,Answer using only one word - flute or fly and not belt. Which is more similar in semantic meaning to belt?,fly
belt|fly|grenade,Answer using only one word - fly or grenade and not belt. Which is more similar in semantic meaning to belt?,grenade
belt|grenade|missile,Answer using only one word - grenade or missile and not belt. Which is more similar in semantic meaning to belt?,belt
bird|blender|blowtorch,Answer using only one word - blender or blowtorch and not bird. Which is more similar in semantic meaning to bird?,blender
bird|blender|brussels sprouts,Answer using only one word - blender or brussels sprouts and not bird. Which is more similar in semantic meaning to bird?,brussels sprouts
bird|blender|candy,Answer using only one word - blender or candy and not bird. Which is more similar in semantic meaning to bird?,none
bird|blender|cat,Answer using only one word - blender or cat and not bird. Which is more similar in semantic meaning to bird?,cat
bird|blender|chisel,Answer using only one word - blender or chisel and not bird. Which is more similar in semantic meaning to bird?,none
bird|blender|crowbar,Answer using only one word - blender or crowbar and not bird. Which is more similar in semantic meaning to bird?,none
bird|blender|fig,Answer using only one word - blender or fig and not bird. Which is more similar in semantic meaning to bird?,fig
bird|blender|jeans,Answer using only one word - blender or jeans and not bird. Which is more similar in semantic meaning to bird?,blender
bird|blowtorch|boar,Answer using only one word - blowtorch or boar and not bird. Which is more similar in semantic meaning to bird?,boar
bird|blowtorch|cactus,Answer using only one word - blowtorch or cactus and not bird. Which is more similar in semantic meaning to bird?,cactus
bird|blowtorch|carrot,Answer using only one word - blowtorch or carrot and not bird. Which is more similar in semantic meaning to bird?,carrot
bird|blowtorch|chili,Answer using only one word - blowtorch or chili and not bird. Which is more similar in semantic meaning to bird?,None.
bird|blowtorch|coconut,Answer using only one word - blowtorch or coconut and not bird. Which is more similar in semantic meaning to bird?,coconut
bird|blowtorch|eagle,Answer using only one word - blowtorch or eagle and not bird. Which is more similar in semantic meaning to bird?,eagle
bird|blowtorch|fly,Answer using only one word - blowtorch or fly and not bird. Which is more similar in semantic meaning to bird?,fly
bird|blueberry|boa,Answer using only one word - blueberry or boa and not bird. Which is more similar in semantic meaning to bird?,boa
bird|blueberry|burrito,Answer using only one word - blueberry or burrito and not bird. Which is more similar in semantic meaning to bird?,burrito
bird|blueberry|car,Answer using only one word - blueberry or car and not bird. Which is more similar in semantic meaning to bird?,car
bird|blueberry|celery,Answer using only one word - blueberry or celery and not bird. Which is more similar in semantic meaning to bird?,None.
bird|blueberry|coat,Answer using only one word - blueberry or coat and not bird. Which is more similar in semantic meaning to bird?,coat
bird|blueberry|dress,Answer using only one word - blueberry or dress and not bird. Which is more similar in semantic meaning to bird?,dress
bird|blueberry|flute,Answer using only one word - blueberry or flute and not bird. Which is more similar in semantic meaning to bird?,flute
bird|blueberry|motorcycle,Answer using only one word - blueberry or motorcycle and not bird. Which is more similar in semantic meaning to bird?,motorcycle
bird|boa|burrito,Answer using only one word - boa or burrito and not bird. Which is more similar in semantic meaning to bird?,burrito
bird|boa|car,Answer using only one word - boa or car and not bird. Which is more similar in semantic meaning to bird?,car
bird|boa|celery,Answer using only one word - boa or celery and not bird. Which is more similar in semantic meaning to bird?,celery
bird|boa|coat,Answer using only one word - boa or coat and not bird. Which is more similar in semantic meaning to bird?,boa
bird|boa|dress,Answer using only one word - boa or dress and not bird. Which is more similar in semantic meaning to bird?,boa
bird|boa|flute,Answer using only one word - boa or flute and not bird. Which is more similar in semantic meaning to bird?,flute
bird|boa|motorcycle,Answer using only one word - boa or motorcycle and not bird. Which is more similar in semantic meaning to bird?,boa
bird|boar|cactus,Answer using only one word - boar or cactus and not bird. Which is more similar in semantic meaning to bird?,cactus
bird|boar|carrot,Answer using only one word - boar or carrot and not bird. Which is more similar in semantic meaning to bird?,carrot
bird|boar|chili,Answer using only one word - boar or chili and not bird. Which is more similar in semantic meaning to bird?,chili
bird|boar|coconut,Answer using only one word - boar or coconut and not bird. Which is more similar in semantic meaning to bird?,coconut
bird|boar|eagle,Answer using only one word - boar or eagle and not bird. Which is more similar in semantic meaning to bird?,eagle
bird|boar|fly,Answer using only one word - boar or fly and not bird. Which is more similar in semantic meaning to bird?,fly
bird|bread|brussels sprouts,Answer using only one word - bread or brussels sprouts and not bird. Which is more similar in semantic meaning to bird?,brussels sprouts
bird|bread|candy,Answer using only one word - bread or candy and not bird. Which is more similar in semantic meaning to bird?,none
bird|bread|cat,Answer using only one word - bread or cat and not bird. Which is more similar in semantic meaning to bird?,cat
bird|bread|chisel,Answer using only one word - bread or chisel and not bird. Which is more similar in semantic meaning to bird?,none
bird|bread|crowbar,Answer using only one word - bread or crowbar and not bird. Which is more similar in semantic meaning to bird?,crowbar
bird|bread|fig,Answer using only one word - bread or fig and not bird. Which is more similar in semantic meaning to bird?,None
bird|bread|jeans,Answer using only one word - bread or jeans and not bird. Which is more similar in semantic meaning to bird?,None.
bird|brussels sprouts|cactus,Answer using only one word - brussels sprouts or cactus and not bird. Which is more similar in semantic meaning to bird?,cactus
bird|brussels sprouts|carrot,Answer using only one word - brussels sprouts or carrot and not bird. Which is more similar in semantic meaning to bird?,carrot
bird|brussels sprouts|chili,Answer using only one word - brussels sprouts or chili and not bird. Which is more similar in semantic meaning to bird?,chili
bird|brussels sprouts|coconut,Answer using only one word - brussels sprouts or coconut and not bird. Which is more similar in semantic meaning to bird?,coconut
bird|brussels sprouts|eagle,Answer using only one word - brussels sprouts or eagle and not bird. Which is more similar in semantic meaning to bird?,eagle
bird|brussels sprouts|fly,Answer using only one word - brussels sprouts or fly and not bird. Which is more similar in semantic meaning to bird?,fly
bird|bucket|burrito,Answer using only one word - bucket or burrito and not bird. Which is more similar in semantic meaning to bird?,burrito
bird|bucket|car,Answer using only one word - bucket or car and not bird. Which is more similar in semantic meaning to bird?,car
bird|bucket|celery,Answer using only one word - bucket or celery and not bird. Which is more similar in semantic meaning to bird?,None.
bird|bucket|coat,Answer using only one word - bucket or coat and not bird. Which is more similar in semantic meaning to bird?,coat
bird|bucket|dress,Answer using only one word - bucket or dress and not bird. Which is more similar in semantic meaning to bird?,none
bird|bucket|flute,Answer using only one word - bucket or flute and not bird. Which is more similar in semantic meaning to bird?,flute
bird|bucket|motorcycle,Answer using only one word - bucket or motorcycle and not bird. Which is more similar in semantic meaning to bird?,none
bird|burrito|car,Answer using only one word - burrito or car and not bird. Which is more similar in semantic meaning to bird?,car
bird|burrito|celery,Answer using only one word - burrito or celery and not bird. Which is more similar in semantic meaning to bird?,None.
bird|burrito|coat,Answer using only one word - burrito or coat and not bird. Which is more similar in semantic meaning to bird?,coat
bird|burrito|dress,Answer using only one word - burrito or dress and not bird. Which is more similar in semantic meaning to bird?,bird
bird|burrito|flute,Answer using only one word - burrito or flute and not bird. Which is more similar in semantic meaning to bird?,flute
bird|burrito|motorcycle,Answer using only one word - burrito or motorcycle and not bird. Which is more similar in semantic meaning to bird?,motorcycle
bird|cactus|carrot,Answer using only one word - cactus or carrot and not bird. Which is more similar in semantic meaning to bird?,cactus
bird|cactus|chili,Answer using only one word - cactus or chili and not bird. Which is more similar in semantic meaning to bird?,None
bird|cactus|coconut,Answer using only one word - cactus or coconut and not bird. Which is more similar in semantic meaning to bird?,cactus
bird|cactus|eagle,Answer using only one word - cactus or eagle and not bird. Which is more similar in semantic meaning to bird?,eagle
bird|cactus|fly,Answer using only one word - cactus or fly and not bird. Which is more similar in semantic meaning to bird?,fly
bird|candle|candy,Answer using only one word - candle or candy and not bird. Which is more similar in semantic meaning to bird?,None.
bird|candle|cat,Answer using only one word - candle or cat and not bird. Which is more similar in semantic meaning to bird?,cat
bird|candle|chisel,Answer using only one word - candle or chisel and not bird. Which is more similar in semantic meaning to bird?,chisel
bird|candle|crowbar,Answer using only one word - candle or crowbar and not bird. Which is more similar in semantic meaning to bird?,candle
bird|candle|fig,Answer using only one word - candle or fig and not bird. Which is more similar in semantic meaning to bird?,fig
bird|candle|jeans,Answer using only one word - candle or jeans and not bird. Which is more similar in semantic meaning to bird?,None
bird|candy|carrot,Answer using only one word - candy or carrot and not bird. Which is more similar in semantic meaning to bird?,carrot
bird|candy|chili,Answer using only one word - candy or chili and not bird. Which is more similar in semantic meaning to bird?,chili
bird|candy|coconut,Answer using only one word - candy or coconut and not bird. Which is more similar in semantic meaning to bird?,None.
bird|candy|eagle,Answer using only one word - candy or eagle and not bird. Which is more similar in semantic meaning to bird?,eagle
bird|candy|fly,Answer using only one word - candy or fly and not bird. Which is more similar in semantic meaning to bird?,fly
bird|cannon|car,Answer using only one word - cannon or car and not bird. Which is more similar in semantic meaning to bird?,car
bird|cannon|celery,Answer using only one word - cannon or celery and not bird. Which is more similar in semantic meaning to bird?,None.
bird|cannon|coat,Answer using only one word - cannon or coat and not bird. Which is more similar in semantic meaning to bird?,coat
bird|cannon|dress,Answer using only one word - cannon or dress and not bird. Which is more similar in semantic meaning to bird?,dress
bird|cannon|flute,Answer using only one word - cannon or flute and not bird. Which is more similar in semantic meaning to bird?,flute
bird|cannon|motorcycle,Answer using only one word - cannon or motorcycle and not bird. Which is more similar in semantic meaning to bird?,motorcycle
bird|car|celery,Answer using only one word - car or celery and not bird. Which is more similar in semantic meaning to bird?,None.
bird|car|coat,Answer using only one word - car or coat and not bird. Which is more similar in semantic meaning to bird?,None.
bird|car|dress,Answer using only one word - car or dress and not bird. Which is more similar in semantic meaning to bird?,None.
bird|car|flute,Answer using only one word - car or flute and not bird. Which is more similar in semantic meaning to bird?,flute
bird|car|motorcycle,Answer using only one word - car or motorcycle and not bird. Which is more similar in semantic meaning to bird?,motorcycle
bird|carrot|chili,Answer using only one word - carrot or chili and not bird. Which is more similar in semantic meaning to bird?,None.
bird|carrot|coconut,Answer using only one word - carrot or coconut and not bird. Which is more similar in semantic meaning to bird?,None.
bird|carrot|eagle,Answer using only one word - carrot or eagle and not bird. Which is more similar in semantic meaning to bird?,eagle
bird|carrot|fly,Answer using only one word - carrot or fly and not bird. Which is more similar in semantic meaning to bird?,fly
bird|cart|cat,Answer using only one word - cart or cat and not bird. Which is more similar in semantic meaning to bird?,cat
bird|cart|chisel,Answer using only one word - cart or chisel and not bird. Which is more similar in semantic meaning to bird?,None.
bird|cart|crowbar,Answer using only one word - cart or crowbar and not bird. Which is more similar in semantic meaning to bird?,None.
bird|cart|fig,Answer using only one word - cart or fig and not bird. Which is more similar in semantic meaning to bird?,fig
bird|cart|jeans,Answer using only one word - cart or jeans and not bird. Which is more similar in semantic meaning to bird?,jeans
bird|cat|chili,Answer using only one word - cat or chili and not bird. Which is more similar in semantic meaning to bird?,chili
bird|cat|coconut,Answer using only one word - cat or coconut and not bird. Which is more similar in semantic meaning to bird?,cat
bird|cat|eagle,Answer using only one word - cat or eagle and not bird. Which is more similar in semantic meaning to bird?,eagle
bird|cat|fly,Answer using only one word - cat or fly and not bird. Which is more similar in semantic meaning to bird?,fly
bird|caterpillar|celery,Answer using only one word - caterpillar or celery and not bird. Which is more similar in semantic meaning to bird?,None
bird|caterpillar|coat,Answer using only one word - caterpillar or coat and not bird. Which is more similar in semantic meaning to bird?,coat
bird|caterpillar|dress,Answer using only one word - caterpillar or dress and not bird. Which is more similar in semantic meaning to bird?,None
bird|caterpillar|flute,Answer using only one word - caterpillar or flute and not bird. Which is more similar in semantic meaning to bird?,flute
bird|caterpillar|motorcycle,Answer using only one word - caterpillar or motorcycle and not bird. Which is more similar in semantic meaning to bird?,caterpillar
bird|celery|coat,Answer using only one word - celery or coat and not bird. Which is more similar in semantic meaning to bird?,None
bird|celery|dress,Answer using only one word - celery or dress and not bird. Which is more similar in semantic meaning to bird?,none
bird|celery|flute,Answer using only one word - celery or flute and not bird. Which is more similar in semantic meaning to bird?,flute
bird|celery|motorcycle,Answer using only one word - celery or motorcycle and not bird. Which is more similar in semantic meaning to bird?,none
bird|chili|coconut,Answer using only one word - chili or coconut and not bird. Which is more similar in semantic meaning to bird?,None.
bird|chili|eagle,Answer using only one word - chili or eagle and not bird. Which is more similar in semantic meaning to bird?,eagle
bird|chili|fly,Answer using only one word - chili or fly and not bird. Which is more similar in semantic meaning to bird?,fly
bird|chinchilla|chisel,Answer using only one word - chinchilla or chisel and not bird. Which is more similar in semantic meaning to bird?,chinchilla
bird|chinchilla|crowbar,Answer using only one word - chinchilla or crowbar and not bird. Which is more similar in semantic meaning to bird?,crowbar
bird|chinchilla|fig,Answer using only one word - chinchilla or fig and not bird. Which is more similar in semantic meaning to bird?,fig
bird|chinchilla|jeans,Answer using only one word - chinchilla or jeans and not bird. Which is more similar in semantic meaning to bird?,chinchilla
bird|chisel|coconut,Answer using only one word - chisel or coconut and not bird. Which is more similar in semantic meaning to bird?,coconut
bird|chisel|eagle,Answer using only one word - chisel or eagle and not bird. Which is more similar in semantic meaning to bird?,eagle
bird|chisel|fly,Answer using only one word - chisel or fly and not bird. Which is more similar in semantic meaning to bird?,fly
bird|clarinet|coat,Answer using only one word - clarinet or coat and not bird. Which is more similar in semantic meaning to bird?,coat
bird|clarinet|dress,Answer using only one word - clarinet or dress and not bird. Which is more similar in semantic meaning to bird?,dress
bird|clarinet|flute,Answer using only one word - clarinet or flute and not bird. Which is more similar in semantic meaning to bird?,flute
bird|clarinet|motorcycle,Answer using only one word - clarinet or motorcycle and not bird. Which is more similar in semantic meaning to bird?,motorcycle
bird|coat|dress,Answer using only one word - coat or dress and not bird. Which is more similar in semantic meaning to bird?,None.
bird|coat|flute,Answer using only one word - coat or flute and not bird. Which is more similar in semantic meaning to bird?,flute
bird|coat|motorcycle,Answer using only one word - coat or motorcycle and not bird. Which is more similar in semantic meaning to bird?,none
bird|coconut|eagle,Answer using only one word - coconut or eagle and not bird. Which is more similar in semantic meaning to bird?,eagle
bird|coconut|fly,Answer using only one word - coconut or fly and not bird. Which is more similar in semantic meaning to bird?,fly
bird|crow|crowbar,Answer using only one word - crow or crowbar and not bird. Which is more similar in semantic meaning to bird?,crowbar
bird|crow|fig,Answer using only one word - crow or fig and not bird. Which is more similar in semantic meaning to bird?,crow
bird|crow|jeans,Answer using only one word - crow or jeans and not bird. Which is more similar in semantic meaning to bird?,crow
bird|crowbar|eagle,Answer using only one word - crowbar or eagle and not bird. Which is more similar in semantic meaning to bird?,eagle
bird|crowbar|fly,Answer using only one word - crowbar or fly and not bird. Which is more similar in semantic meaning to bird?,fly
bird|dragonfly|dress,Answer using only one word - dragonfly or dress and not bird. Which is more similar in semantic meaning to bird?,dress
bird|dragonfly|flute,Answer using only one word - dragonfly or flute and not bird. Which is more similar in semantic meaning to bird?,flute
bird|dragonfly|motorcycle,Answer using only one word - dragonfly or motorcycle and not bird. Which is more similar in semantic meaning to bird?,dragonfly
bird|dress|flute,Answer using only one word - dress or flute and not bird. Which is more similar in semantic meaning to bird?,flute
bird|dress|motorcycle,Answer using only one word - dress or motorcycle and not bird. Which is more similar in semantic meaning to bird?,motorcycle
bird|eagle|fly,Answer using only one word - eagle or fly and not bird. Which is more similar in semantic meaning to bird?,fly
bird|eggbeater|fig,Answer using only one word - eggbeater or fig and not bird. Which is more similar in semantic meaning to bird?,fig
bird|eggbeater|jeans,Answer using only one word - eggbeater or jeans and not bird. Which is more similar in semantic meaning to bird?,None.
bird|fig|fly,Answer using only one word - fig or fly and not bird. Which is more similar in semantic meaning to bird?,fig
bird|file|flute,Answer using only one word - file or flute and not bird. Which is more similar in semantic meaning to bird?,flute
bird|file|motorcycle,Answer using only one word - file or motorcycle and not bird. Which is more similar in semantic meaning to bird?,motorcycle
bird|flute|motorcycle,Answer using only one word - flute or motorcycle and not bird. Which is more similar in semantic meaning to bird?,motorcycle
bird|grenade|jeans,Answer using only one word - grenade or jeans and not bird. Which is more similar in semantic meaning to bird?,bird
bird|missile|motorcycle,Answer using only one word - missile or motorcycle and not bird. Which is more similar in semantic meaning to bird?,none
blender|blowtorch|brussels sprouts,Answer using only one word - blowtorch or brussels sprouts and not blender. Which is more similar in semantic meaning to blender?,brussels sprouts
blender|blowtorch|candy,Answer using only one word - blowtorch or candy and not blender. Which is more similar in semantic meaning to blender?,None
blender|blowtorch|cat,Answer using only one word - blowtorch or cat and not blender. Which is more similar in semantic meaning to blender?,blender
blender|blowtorch|chisel,Answer using only one word - blowtorch or chisel and not blender. Which is more similar in semantic meaning to blender?,chisel
blender|blowtorch|crowbar,Answer using only one word - blowtorch or crowbar and not blender. Which is more similar in semantic meaning to blender?,blender
blender|blowtorch|fig,Answer using only one word - blowtorch or fig and not blender. Which is more similar in semantic meaning to blender?,blender
blender|blowtorch|jeans,Answer using only one word - blowtorch or jeans and not blender. Which is more similar in semantic meaning to blender?,blowtorch
blender|blueberry|bread,Answer using only one word - blueberry or bread and not blender. Which is more similar in semantic meaning to blender?,bread
blender|blueberry|candle,Answer using only one word - blueberry or candle and not blender. Which is more similar in semantic meaning to blender?,candle
blender|blueberry|cart,Answer using only one word - blueberry or cart and not blender. Which is more similar in semantic meaning to blender?,cart
blender|blueberry|chinchilla,Answer using only one word - blueberry or chinchilla and not blender. Which is more similar in semantic meaning to blender?,chinchilla
blender|blueberry|crow,Answer using only one word - blueberry or crow and not blender. Which is more similar in semantic meaning to blender?,crow
blender|blueberry|eggbeater,Answer using only one word - blueberry or eggbeater and not blender. Which is more similar in semantic meaning to blender?,eggbeater
blender|blueberry|grenade,Answer using only one word - blueberry or grenade and not blender. Which is more similar in semantic meaning to blender?,grenade
blender|boa|bread,Answer using only one word - boa or bread and not blender. Which is more similar in semantic meaning to blender?,boa
blender|boa|candle,Answer using only one word - boa or candle and not blender. Which is more similar in semantic meaning to blender?,candle
blender|boa|cart,Answer using only one word - boa or cart and not blender. Which is more similar in semantic meaning to blender?,cart
blender|boa|chinchilla,Answer using only one word - boa or chinchilla and not blender. Which is more similar in semantic meaning to blender?,chinchilla
blender|boa|crow,Answer using only one word - boa or crow and not blender. Which is more similar in semantic meaning to blender?,boa
blender|boa|eggbeater,Answer using only one word - boa or eggbeater and not blender. Which is more similar in semantic meaning to blender?,eggbeater
blender|boa|grenade,Answer using only one word - boa or grenade and not blender. Which is more similar in semantic meaning to blender?,None
blender|boar|brussels sprouts,Answer using only one word - boar or brussels sprouts and not blender. Which is more similar in semantic meaning to blender?,brussels sprouts
blender|boar|candy,Answer using only one word - boar or candy and not blender. Which is more similar in semantic meaning to blender?,candy
blender|boar|cat,Answer using only one word - boar or cat and not blender. Which is more similar in semantic meaning to blender?,cat
blender|boar|chisel,Answer using only one word - boar or chisel and not blender. Which is more similar in semantic meaning to blender?,chisel
blender|boar|crowbar,Answer using only one word - boar or crowbar and not blender. Which is more similar in semantic meaning to blender?,None
blender|boar|fig,Answer using only one word - boar or fig and not blender. Which is more similar in semantic meaning to blender?,fig
blender|boar|jeans,Answer using only one word - boar or jeans and not blender. Which is more similar in semantic meaning to blender?,jeans
blender|bread|burrito,Answer using only one word - bread or burrito and not blender. Which is more similar in semantic meaning to blender?,None
blender|bread|car,Answer using only one word - bread or car and not blender. Which is more similar in semantic meaning to blender?,car
blender|bread|celery,Answer using only one word - bread or celery and not blender. Which is more similar in semantic meaning to blender?,None
blender|bread|coat,Answer using only one word - bread or coat and not blender. Which is more similar in semantic meaning to blender?,coat
blender|bread|dress,Answer using only one word - bread or dress and not blender. Which is more similar in semantic meaning to blender?,dress
blender|bread|flute,Answer using only one word - bread or flute and not blender. Which is more similar in semantic meaning to blender?,flute
blender|bread|motorcycle,Answer using only one word - bread or motorcycle and not blender. Which is more similar in semantic meaning to blender?,motorcycle
blender|brussels sprouts|candy,Answer using only one word - brussels sprouts or candy and not blender. Which is more similar in semantic meaning to blender?,candy
blender|brussels sprouts|cat,Answer using only one word - brussels sprouts or cat and not blender. Which is more similar in semantic meaning to blender?,cat
blender|brussels sprouts|chisel,Answer using only one word - brussels sprouts or chisel and not blender. Which is more similar in semantic meaning to blender?,chisel
blender|brussels sprouts|crowbar,Answer using only one word - brussels sprouts or crowbar and not blender. Which is more similar in semantic meaning to blender?,crowbar
blender|brussels sprouts|fig,Answer using only one word - brussels sprouts or fig and not blender. Which is more similar in semantic meaning to blender?,fig
blender|brussels sprouts|jeans,Answer using only one word - brussels sprouts or jeans and not blender. Which is more similar in semantic meaning to blender?,jeans
blender|bucket|candle,Answer using only one word - bucket or candle and not blender. Which is more similar in semantic meaning to blender?,None
blender|bucket|cart,Answer using only one word - bucket or cart and not blender. Which is more similar in semantic meaning to blender?,cart
blender|bucket|chinchilla,Answer using only one word - bucket or chinchilla and not blender. Which is more similar in semantic meaning to blender?,chinchilla
blender|bucket|crow,Answer using only one word - bucket or crow and not blender. Which is more similar in semantic meaning to blender?,None
blender|bucket|eggbeater,Answer using only one word - bucket or eggbeater and not blender. Which is more similar in semantic meaning to blender?,eggbeater
blender|bucket|grenade,Answer using only one word - bucket or grenade and not blender. Which is more similar in semantic meaning to blender?,None
blender|burrito|candle,Answer using only one word - burrito or candle and not blender. Which is more similar in semantic meaning to blender?,candle
blender|burrito|cart,Answer using only one word - burrito or cart and not blender. Which is more similar in semantic meaning to blender?,cart
blender|burrito|chinchilla,Answer using only one word - burrito or chinchilla and not blender. Which is more similar in semantic meaning to blender?,chinchilla
blender|burrito|crow,Answer using only one word - burrito or crow and not blender. Which is more similar in semantic meaning to blender?,crow
blender|burrito|eggbeater,Answer using only one word - burrito or eggbeater and not blender. Which is more similar in semantic meaning to blender?,Eggbeater
blender|burrito|grenade,Answer using only one word - burrito or grenade and not blender. Which is more similar in semantic meaning to blender?,grenade
blender|cactus|candy,Answer using only one word - cactus or candy and not blender. Which is more similar in semantic meaning to blender?,candy
blender|cactus|cat,Answer using only one word - cactus or cat and not blender. Which is more similar in semantic meaning to blender?,cat
blender|cactus|chisel,Answer using only one word - cactus or chisel and not blender. Which is more similar in semantic meaning to blender?,chisel
blender|cactus|crowbar,Answer using only one word - cactus or crowbar and not blender. Which is more similar in semantic meaning to blender?,cactus
blender|cactus|fig,Answer using only one word - cactus or fig and not blender. Which is more similar in semantic meaning to blender?,fig
blender|cactus|jeans,Answer using only one word - cactus or jeans and not blender. Which is more similar in semantic meaning to blender?,cactus
blender|candle|car,Answer using only one word - candle or car and not blender. Which is more similar in semantic meaning to blender?,car
blender|candle|celery,Answer using only one word - candle or celery and not blender. Which is more similar in semantic meaning to blender?,None
blender|candle|coat,Answer using only one word - candle or coat and not blender. Which is more similar in semantic meaning to blender?,coat
blender|candle|dress,Answer using only one word - candle or dress and not blender. Which is more similar in semantic meaning to blender?,dress
blender|candle|flute,Answer using only one word - candle or flute and not blender. Which is more similar in semantic meaning to blender?,blender
blender|candle|motorcycle,Answer using only one word - candle or motorcycle and not blender. Which is more similar in semantic meaning to blender?,motorcycle
blender|candy|cat,Answer using only one word - candy or cat and not blender. Which is more similar in semantic meaning to blender?,cat
blender|candy|chisel,Answer using only one word - candy or chisel and not blender. Which is more similar in semantic meaning to blender?,chisel
blender|candy|crowbar,Answer using only one word - candy or crowbar and not blender. Which is more similar in semantic meaning to blender?,candy
blender|candy|fig,Answer using only one word - candy or fig and not blender. Which is more similar in semantic meaning to blender?,fig
blender|candy|jeans,Answer using only one word - candy or jeans and not blender. Which is more similar in semantic meaning to blender?,jeans
blender|cannon|cart,Answer using only one word - cannon or cart and not blender. Which is more similar in semantic meaning to blender?,cart
blender|cannon|chinchilla,Answer using only one word - cannon or chinchilla and not blender. Which is more similar in semantic meaning to blender?,cannon
blender|cannon|crow,Answer using only one word - cannon or crow and not blender. Which is more similar in semantic meaning to blender?,cannon
blender|cannon|eggbeater,Answer using only one word - cannon or eggbeater and not blender. Which is more similar in semantic meaning to blender?,cannon
blender|cannon|grenade,Answer using only one word - cannon or grenade and not blender. Which is more similar in semantic meaning to blender?,None
blender|car|cart,Answer using only one word - car or cart and not blender. Which is more similar in semantic meaning to blender?,cart
blender|car|chinchilla,Answer using only one word - car or chinchilla and not blender. Which is more similar in semantic meaning to blender?,chinchilla
blender|car|crow,Answer using only one word - car or crow and not blender. Which is more similar in semantic meaning to blender?,car
blender|car|eggbeater,Answer using only one word - car or eggbeater and not blender. Which is more similar in semantic meaning to blender?,eggbeater
blender|car|grenade,Answer using only one word - car or grenade and not blender. Which is more similar in semantic meaning to blender?,None
blender|carrot|cat,Answer using only one word - carrot or cat and not blender. Which is more similar in semantic meaning to blender?,cat
blender|carrot|chisel,Answer using only one word - carrot or chisel and not blender. Which is more similar in semantic meaning to blender?,chisel
blender|carrot|crowbar,Answer using only one word - carrot or crowbar and not blender. Which is more similar in semantic meaning to blender?,crowbar
blender|carrot|fig,Answer using only one word - carrot or fig and not blender. Which is more similar in semantic meaning to blender?,fig
blender|carrot|jeans,Answer using only one word - carrot or jeans and not blender. Which is more similar in semantic meaning to blender?,jeans
blender|cart|celery,Answer using only one word - cart or celery and not blender. Which is more similar in semantic meaning to blender?,None
blender|cart|coat,Answer using only one word - cart or coat and not blender. Which is more similar in semantic meaning to blender?,None
blender|cart|dress,Answer using only one word - cart or dress and not blender. Which is more similar in semantic meaning to blender?,None
blender|cart|flute,Answer using only one word - cart or flute and not blender. Which is more similar in semantic meaning to blender?,None
blender|cart|motorcycle,Answer using only one word - cart or motorcycle and not blender. Which is more similar in semantic meaning to blender?,None
blender|cat|chisel,Answer using only one word - cat or chisel and not blender. Which is more similar in semantic meaning to blender?,chisel
blender|cat|crowbar,Answer using only one word - cat or crowbar and not blender. Which is more similar in semantic meaning to blender?,crowbar
blender|cat|fig,Answer using only one word - cat or fig and not blender. Which is more similar in semantic meaning to blender?,fig
blender|cat|jeans,Answer using only one word - cat or jeans and not blender. Which is more similar in semantic meaning to blender?,jeans
blender|caterpillar|chinchilla,Answer using only one word - caterpillar or chinchilla and not blender. Which is more similar in semantic meaning to blender?,None
blender|caterpillar|crow,Answer using only one word - caterpillar or crow and not blender. Which is more similar in semantic meaning to blender?,caterpillar
blender|caterpillar|eggbeater,Answer using only one word - caterpillar or eggbeater and not blender. Which is more similar in semantic meaning to blender?,eggbeater
blender|caterpillar|grenade,Answer using only one word - caterpillar or grenade and not blender. Which is more similar in semantic meaning to blender?,None
blender|celery|chinchilla,Answer using only one word - celery or chinchilla and not blender. Which is more similar in semantic meaning to blender?,chinchilla
blender|celery|crow,Answer using only one word - celery or crow and not blender. Which is more similar in semantic meaning to blender?,crow
blender|celery|eggbeater,Answer using only one word - celery or eggbeater and not blender. Which is more similar in semantic meaning to blender?,eggbeater
blender|celery|grenade,Answer using only one word - celery or grenade and not blender. Which is more similar in semantic meaning to blender?,grenade
blender|chili|chisel,Answer using only one word - chili or chisel and not blender. Which is more similar in semantic meaning to blender?,chisel
blender|chili|crowbar,Answer using only one word - chili or crowbar and not blender. Which is more similar in semantic meaning to blender?,chili
blender|chili|fig,Answer using only one word - chili or fig and not blender. Which is more similar in semantic meaning to blender?,fig
blender|chili|jeans,Answer using only one word - chili or jeans and not blender. Which is more similar in semantic meaning to blender?,chili
blender|chinchilla|coat,Answer using only one word - chinchilla or coat and not blender. Which is more similar in semantic meaning to blender?,coat
blender|chinchilla|dress,Answer using only one word - chinchilla or dress and not blender. Which is more similar in semantic meaning to blender?,dress
blender|chinchilla|flute,Answer using only one word - chinchilla or flute and not blender. Which is more similar in semantic meaning to blender?,flute
blender|chinchilla|motorcycle,Answer using only one word - chinchilla or motorcycle and not blender. Which is more similar in semantic meaning to blender?,blender
blender|chisel|crowbar,Answer using only one word - chisel or crowbar and not blender. Which is more similar in semantic meaning to blender?,None
blender|chisel|fig,Answer using only one word - chisel or fig and not blender. Which is more similar in semantic meaning to blender?,fig
blender|chisel|jeans,Answer using only one word - chisel or jeans and not blender. Which is more similar in semantic meaning to blender?,None
blender|clarinet|crow,Answer using only one word - clarinet or crow and not blender. Which is more similar in semantic meaning to blender?,None
blender|clarinet|eggbeater,Answer using only one word - clarinet or eggbeater and not blender. Which is more similar in semantic meaning to blender?,eggbeater
blender|clarinet|grenade,Answer using only one word - clarinet or grenade and not blender. Which is more similar in semantic meaning to blender?,grenade
blender|coat|crow,Answer using only one word - coat or crow and not blender. Which is more similar in semantic meaning to blender?,None
blender|coat|eggbeater,Answer using only one word - coat or eggbeater and not blender. Which is more similar in semantic meaning to blender?,eggbeater
blender|coat|grenade,Answer using only one word - coat or grenade and not blender. Which is more similar in semantic meaning to blender?,None
blender|coconut|crowbar,Answer using only one word - coconut or crowbar and not blender. Which is more similar in semantic meaning to blender?,coconut
blender|coconut|fig,Answer using only one word - coconut or fig and not blender. Which is more similar in semantic meaning to blender?,fig
blender|coconut|jeans,Answer using only one word - coconut or jeans and not blender. Which is more similar in semantic meaning to blender?,coconut
blender|crow|dress,Answer using only one word - crow or dress and not blender. Which is more similar in semantic meaning to blender?,dress
blender|crow|flute,Answer using only one word - crow or flute and not blender. Which is more similar in semantic meaning to blender?,flute
blender|crow|motorcycle,Answer using only one word - crow or motorcycle and not blender. Which is more similar in semantic meaning to blender?,motorcycle
blender|crowbar|fig,Answer using only one word - crowbar or fig and not blender. Which is more similar in semantic meaning to blender?,fig
blender|crowbar|jeans,Answer using only one word - crowbar or jeans and not blender. Which is more similar in semantic meaning to blender?,blender
blender|dragonfly|eggbeater,Answer using only one word - dragonfly or eggbeater and not blender. Which is more similar in semantic meaning to blender?,eggbeater
blender|dragonfly|grenade,Answer using only one word - dragonfly or grenade and not blender. Which is more similar in semantic meaning to blender?,grenade
blender|dress|eggbeater,Answer using only one word - dress or eggbeater and not blender. Which is more similar in semantic meaning to blender?,eggbeater
blender|dress|grenade,Answer using only one word - dress or grenade and not blender. Which is more similar in semantic meaning to blender?,None
blender|eagle|fig,Answer using only one word - eagle or fig and not blender. Which is more similar in semantic meaning to blender?,fig
blender|eagle|jeans,Answer using only one word - eagle or jeans and not blender. Which is more similar in semantic meaning to blender?,blender
blender|eggbeater|flute,Answer using only one word - eggbeater or flute and not blender. Which is more similar in semantic meaning to blender?,flute
blender|eggbeater|motorcycle,Answer using only one word - eggbeater or motorcycle and not blender. Which is more similar in semantic meaning to blender?,motorcycle
blender|fig|jeans,Answer using only one word - fig or jeans and not blender. Which is more similar in semantic meaning to blender?,jeans
blender|file|grenade,Answer using only one word - file or grenade and not blender. Which is more similar in semantic meaning to blender?,file
blender|flute|grenade,Answer using only one word - flute or grenade and not blender. Which is more similar in semantic meaning to blender?,None
blender|fly|jeans,Answer using only one word - fly or jeans and not blender. Which is more similar in semantic meaning to blender?,jeans
blender|grenade|motorcycle,Answer using only one word - grenade or motorcycle and not blender. Which is more similar in semantic meaning to blender?,motorcycle
blowtorch|blueberry|boar,Answer using only one word - blueberry or boar and not blowtorch. Which is more similar in semantic meaning to blowtorch?,boar
blowtorch|blueberry|cactus,Answer using only one word - blueberry or cactus and not blowtorch. Which is more similar in semantic meaning to blowtorch?,cactus
blowtorch|blueberry|carrot,Answer using only one word - blueberry or carrot and not blowtorch. Which is more similar in semantic meaning to blowtorch?,carrot
blowtorch|blueberry|chili,Answer using only one word - blueberry or chili and not blowtorch. Which is more similar in semantic meaning to blowtorch?,chili
blowtorch|blueberry|coconut,Answer using only one word - blueberry or coconut and not blowtorch. Which is more similar in semantic meaning to blowtorch?,coconut
blowtorch|blueberry|eagle,Answer using only one word - blueberry or eagle and not blowtorch. Which is more similar in semantic meaning to blowtorch?,eagle
blowtorch|blueberry|fly,Answer using only one word - blueberry or fly and not blowtorch. Which is more similar in semantic meaning to blowtorch?,fly
blowtorch|boa|boar,Answer using only one word - boa or boar and not blowtorch. Which is more similar in semantic meaning to blowtorch?,boar
blowtorch|boa|cactus,Answer using only one word - boa or cactus and not blowtorch. Which is more similar in semantic meaning to blowtorch?,cactus
blowtorch|boa|carrot,Answer using only one word - boa or carrot and not blowtorch. Which is more similar in semantic meaning to blowtorch?,carrot
blowtorch|boa|chili,Answer using only one word - boa or chili and not blowtorch. Which is more similar in semantic meaning to blowtorch?,chili
blowtorch|boa|coconut,Answer using only one word - boa or coconut and not blowtorch. Which is more similar in semantic meaning to blowtorch?,coconut
blowtorch|boa|eagle,Answer using only one word - boa or eagle and not blowtorch. Which is more similar in semantic meaning to blowtorch?,boa
blowtorch|boa|fly,Answer using only one word - boa or fly and not blowtorch. Which is more similar in semantic meaning to blowtorch?,fly
blowtorch|boar|bread,Answer using only one word - boar or bread and not blowtorch. Which is more similar in semantic meaning to blowtorch?,bread
blowtorch|boar|candle,Answer using only one word - boar or candle and not blowtorch. Which is more similar in semantic meaning to blowtorch?,candle
blowtorch|boar|cart,Answer using only one word - boar or cart and not blowtorch. Which is more similar in semantic meaning to blowtorch?,cart
blowtorch|boar|chinchilla,Answer using only one word - boar or chinchilla and not blowtorch. Which is more similar in semantic meaning to blowtorch?,None
blowtorch|boar|crow,Answer using only one word - boar or crow and not blowtorch. Which is more similar in semantic meaning to blowtorch?,crow
blowtorch|boar|eggbeater,Answer using only one word - boar or eggbeater and not blowtorch. Which is more similar in semantic meaning to blowtorch?,eggbeater
blowtorch|boar|grenade,Answer using only one word - boar or grenade and not blowtorch. Which is more similar in semantic meaning to blowtorch?,grenade
blowtorch|bread|bucket,Answer using only one word - bread or bucket and not blowtorch. Which is more similar in semantic meaning to blowtorch?,bucket
blowtorch|bread|cannon,Answer using only one word - bread or cannon and not blowtorch. Which is more similar in semantic meaning to blowtorch?,cannon
blowtorch|bread|caterpillar,Answer using only one word - bread or caterpillar and not blowtorch. Which is more similar in semantic meaning to blowtorch?,caterpillar
blowtorch|bread|clarinet,Answer using only one word - bread or clarinet and not blowtorch. Which is more similar in semantic meaning to blowtorch?,clarinet
blowtorch|bread|dragonfly,Answer using only one word - bread or dragonfly and not blowtorch. Which is more similar in semantic meaning to blowtorch?,dragonfly
blowtorch|bread|file,Answer using only one word - bread or file and not blowtorch. Which is more similar in semantic meaning to blowtorch?,file
blowtorch|bread|missile,Answer using only one word - bread or missile and not blowtorch. Which is more similar in semantic meaning to blowtorch?,missile
blowtorch|brussels sprouts|candle,Answer using only one word - brussels sprouts or candle and not blowtorch. Which is more similar in semantic meaning to blowtorch?,candle
blowtorch|brussels sprouts|cart,Answer using only one word - brussels sprouts or cart and not blowtorch. Which is more similar in semantic meaning to blowtorch?,cart
blowtorch|brussels sprouts|chinchilla,Answer using only one word - brussels sprouts or chinchilla and not blowtorch. Which is more similar in semantic meaning to blowtorch?,chinchilla
blowtorch|brussels sprouts|crow,Answer using only one word - brussels sprouts or crow and not blowtorch. Which is more similar in semantic meaning to blowtorch?,crow
blowtorch|brussels sprouts|eggbeater,Answer using only one word - brussels sprouts or eggbeater and not blowtorch. Which is more similar in semantic meaning to blowtorch?,eggbeater
blowtorch|brussels sprouts|grenade,Answer using only one word - brussels sprouts or grenade and not blowtorch. Which is more similar in semantic meaning to blowtorch?,grenade
blowtorch|bucket|cactus,Answer using only one word - bucket or cactus and not blowtorch. Which is more similar in semantic meaning to blowtorch?,cactus
blowtorch|bucket|carrot,Answer using only one word - bucket or carrot and not blowtorch. Which is more similar in semantic meaning to blowtorch?,bucket
blowtorch|bucket|chili,Answer using only one word - bucket or chili and not blowtorch. Which is more similar in semantic meaning to blowtorch?,chili
blowtorch|bucket|coconut,Answer using only one word - bucket or coconut and not blowtorch. Which is more similar in semantic meaning to blowtorch?,bucket
blowtorch|bucket|eagle,Answer using only one word - bucket or eagle and not blowtorch. Which is more similar in semantic meaning to blowtorch?,bucket
blowtorch|bucket|fly,Answer using only one word - bucket or fly and not blowtorch. Which is more similar in semantic meaning to blowtorch?,fly
blowtorch|burrito|cactus,Answer using only one word - burrito or cactus and not blowtorch. Which is more similar in semantic meaning to blowtorch?,cactus
blowtorch|burrito|carrot,Answer using only one word - burrito or carrot and not blowtorch. Which is more similar in semantic meaning to blowtorch?,carrot
blowtorch|burrito|chili,Answer using only one word - burrito or chili and not blowtorch. Which is more similar in semantic meaning to blowtorch?,chili
blowtorch|burrito|coconut,Answer using only one word - burrito or coconut and not blowtorch. Which is more similar in semantic meaning to blowtorch?,coconut
blowtorch|burrito|eagle,Answer using only one word - burrito or eagle and not blowtorch. Which is more similar in semantic meaning to blowtorch?,eagle
blowtorch|burrito|fly,Answer using only one word - burrito or fly and not blowtorch. Which is more similar in semantic meaning to blowtorch?,fly
blowtorch|cactus|candle,Answer using only one word - cactus or candle and not blowtorch. Which is more similar in semantic meaning to blowtorch?,candle
blowtorch|cactus|cart,Answer using only one word - cactus or cart and not blowtorch. Which is more similar in semantic meaning to blowtorch?,cart
blowtorch|cactus|chinchilla,Answer using only one word - cactus or chinchilla and not blowtorch. Which is more similar in semantic meaning to blowtorch?,chinchilla
blowtorch|cactus|crow,Answer using only one word - cactus or crow and not blowtorch. Which is more similar in semantic meaning to blowtorch?,cactus
blowtorch|cactus|eggbeater,Answer using only one word - cactus or eggbeater and not blowtorch. Which is more similar in semantic meaning to blowtorch?,eggbeater
blowtorch|cactus|grenade,Answer using only one word - cactus or grenade and not blowtorch. Which is more similar in semantic meaning to blowtorch?,grenade
blowtorch|candle|cannon,Answer using only one word - candle or cannon and not blowtorch. Which is more similar in semantic meaning to blowtorch?,cannon
blowtorch|candle|caterpillar,Answer using only one word - candle or caterpillar and not blowtorch. Which is more similar in semantic meaning to blowtorch?,candle
blowtorch|candle|clarinet,Answer using only one word - candle or clarinet and not blowtorch. Which is more similar in semantic meaning to blowtorch?,clarinet
blowtorch|candle|dragonfly,Answer using only one word - candle or dragonfly and not blowtorch. Which is more similar in semantic meaning to blowtorch?,dragonfly
blowtorch|candle|file,Answer using only one word - candle or file and not blowtorch. Which is more similar in semantic meaning to blowtorch?,file
blowtorch|candle|missile,Answer using only one word - candle or missile and not blowtorch. Which is more similar in semantic meaning to blowtorch?,missile
blowtorch|candy|cart,Answer using only one word - candy or cart and not blowtorch. Which is more similar in semantic meaning to blowtorch?,cart
blowtorch|candy|chinchilla,Answer using only one word - candy or chinchilla and not blowtorch. Which is more similar in semantic meaning to blowtorch?,chinchilla
blowtorch|candy|crow,Answer using only one word - candy or crow and not blowtorch. Which is more similar in semantic meaning to blowtorch?,crow
blowtorch|candy|eggbeater,Answer using only one word - candy or eggbeater and not blowtorch. Which is more similar in semantic meaning to blowtorch?,eggbeater
blowtorch|candy|grenade,Answer using only one word - candy or grenade and not blowtorch. Which is more similar in semantic meaning to blowtorch?,grenade
blowtorch|cannon|carrot,Answer using only one word - cannon or carrot and not blowtorch. Which is more similar in semantic meaning to blowtorch?,cannon
blowtorch|cannon|chili,Answer using only one word - cannon or chili and not blowtorch. Which is more similar in semantic meaning to blowtorch?,cannon
blowtorch|cannon|coconut,Answer using only one word - cannon or coconut and not blowtorch. Which is more similar in semantic meaning to blowtorch?,cannon
blowtorch|cannon|eagle,Answer using only one word - cannon or eagle and not blowtorch. Which is more similar in semantic meaning to blowtorch?,cannon
blowtorch|cannon|fly,Answer using only one word - cannon or fly and not blowtorch. Which is more similar in semantic meaning to blowtorch?,fly
blowtorch|car|carrot,Answer using only one word - car or carrot and not blowtorch. Which is more similar in semantic meaning to blowtorch?,carrot
blowtorch|car|chili,Answer using only one word - car or chili and not blowtorch. Which is more similar in semantic meaning to blowtorch?,chili
blowtorch|car|coconut,Answer using only one word - car or coconut and not blowtorch. Which is more similar in semantic meaning to blowtorch?,coconut
blowtorch|car|eagle,Answer using only one word - car or eagle and not blowtorch. Which is more similar in semantic meaning to blowtorch?,eagle
blowtorch|car|fly,Answer using only one word - car or fly and not blowtorch. Which is more similar in semantic meaning to blowtorch?,fly
blowtorch|carrot|cart,Answer using only one word - carrot or cart and not blowtorch. Which is more similar in semantic meaning to blowtorch?,cart
blowtorch|carrot|chinchilla,Answer using only one word - carrot or chinchilla and not blowtorch. Which is more similar in semantic meaning to blowtorch?,chinchilla
blowtorch|carrot|crow,Answer using only one word - carrot or crow and not blowtorch. Which is more similar in semantic meaning to blowtorch?,crow
blowtorch|carrot|eggbeater,Answer using only one word - carrot or eggbeater and not blowtorch. Which is more similar in semantic meaning to blowtorch?,eggbeater
blowtorch|carrot|grenade,Answer using only one word - carrot or grenade and not blowtorch. Which is more similar in semantic meaning to blowtorch?,grenade
blowtorch|cart|caterpillar,Answer using only one word - cart or caterpillar and not blowtorch. Which is more similar in semantic meaning to blowtorch?,caterpillar
blowtorch|cart|clarinet,Answer using only one word - cart or clarinet and not blowtorch. Which is more similar in semantic meaning to blowtorch?,clarinet
blowtorch|cart|dragonfly,Answer using only one word - cart or dragonfly and not blowtorch. Which is more similar in semantic meaning to blowtorch?,cart
blowtorch|cart|file,Answer using only one word - cart or file and not blowtorch. Which is more similar in semantic meaning to blowtorch?,file
blowtorch|cart|missile,Answer using only one word - cart or missile and not blowtorch. Which is more similar in semantic meaning to blowtorch?,missile
blowtorch|cat|chinchilla,Answer using only one word - cat or chinchilla and not blowtorch. Which is more similar in semantic meaning to blowtorch?,chinchilla
blowtorch|cat|crow,Answer using only one word - cat or crow and not blowtorch. Which is more similar in semantic meaning to blowtorch?,crow
blowtorch|cat|eggbeater,Answer using only one word - cat or eggbeater and not blowtorch. Which is more similar in semantic meaning to blowtorch?,eggbeater
blowtorch|cat|grenade,Answer using only one word - cat or grenade and not blowtorch. Which is more similar in semantic meaning to blowtorch?,grenade
blowtorch|caterpillar|chili,Answer using only one word - caterpillar or chili and not blowtorch. Which is more similar in semantic meaning to blowtorch?,chili
blowtorch|caterpillar|coconut,Answer using only one word - caterpillar or coconut and not blowtorch. Which is more similar in semantic meaning to blowtorch?,coconut
blowtorch|caterpillar|eagle,Answer using only one word - caterpillar or eagle and not blowtorch. Which is more similar in semantic meaning to blowtorch?,caterpillar
blowtorch|caterpillar|fly,Answer using only one word - caterpillar or fly and not blowtorch. Which is more similar in semantic meaning to blowtorch?,fly
blowtorch|celery|chili,Answer using only one word - celery or chili and not blowtorch. Which is more similar in semantic meaning to blowtorch?,chili
blowtorch|celery|coconut,Answer using only one word - celery or coconut and not blowtorch. Which is more similar in semantic meaning to blowtorch?,coconut
blowtorch|celery|eagle,Answer using only one word - celery or eagle and not blowtorch. Which is more similar in semantic meaning to blowtorch?,eagle
blowtorch|celery|fly,Answer using only one word - celery or fly and not blowtorch. Which is more similar in semantic meaning to blowtorch?,fly
blowtorch|chili|chinchilla,Answer using only one word - chili or chinchilla and not blowtorch. Which is more similar in semantic meaning to blowtorch?,chili
blowtorch|chili|crow,Answer using only one word - chili or crow and not blowtorch. Which is more similar in semantic meaning to blowtorch?,crow
blowtorch|chili|eggbeater,Answer using only one word - chili or eggbeater and not blowtorch. Which is more similar in semantic meaning to blowtorch?,eggbeater
blowtorch|chili|grenade,Answer using only one word - chili or grenade and not blowtorch. Which is more similar in semantic meaning to blowtorch?,grenade
blowtorch|chinchilla|clarinet,Answer using only one word - chinchilla or clarinet and not blowtorch. Which is more similar in semantic meaning to blowtorch?,clarinet
blowtorch|chinchilla|dragonfly,Answer using only one word - chinchilla or dragonfly and not blowtorch. Which is more similar in semantic meaning to blowtorch?,dragonfly
blowtorch|chinchilla|file,Answer using only one word - chinchilla or file and not blowtorch. Which is more similar in semantic meaning to blowtorch?,file
blowtorch|chinchilla|missile,Answer using only one word - chinchilla or missile and not blowtorch. Which is more similar in semantic meaning to blowtorch?,missile
blowtorch|chisel|crow,Answer using only one word - chisel or crow and not blowtorch. Which is more similar in semantic meaning to blowtorch?,crow
blowtorch|chisel|eggbeater,Answer using only one word - chisel or eggbeater and not blowtorch. Which is more similar in semantic meaning to blowtorch?,chisel
blowtorch|chisel|grenade,Answer using only one word - chisel or grenade and not blowtorch. Which is more similar in semantic meaning to blowtorch?,grenade
blowtorch|clarinet|coconut,Answer using only one word - clarinet or coconut and not blowtorch. Which is more similar in semantic meaning to blowtorch?,coconut
blowtorch|clarinet|eagle,Answer using only one word - clarinet or eagle and not blowtorch. Which is more similar in semantic meaning to blowtorch?,eagle
blowtorch|clarinet|fly,Answer using only one word - clarinet or fly and not blowtorch. Which is more similar in semantic meaning to blowtorch?,fly
blowtorch|coat|coconut,Answer using only one word - coat or coconut and not blowtorch. Which is more similar in semantic meaning to blowtorch?,coconut
blowtorch|coat|eagle,Answer using only one word - coat or eagle and not blowtorch. Which is more similar in semantic meaning to blowtorch?,eagle
blowtorch|coat|fly,Answer using only one word - coat or fly and not blowtorch. Which is more similar in semantic meaning to blowtorch?,fly
blowtorch|coconut|crow,Answer using only one word - coconut or crow and not blowtorch. Which is more similar in semantic meaning to blowtorch?,crow
blowtorch|coconut|eggbeater,Answer using only one word - coconut or eggbeater and not blowtorch. Which is more similar in semantic meaning to blowtorch?,eggbeater
blowtorch|coconut|grenade,Answer using only one word - coconut or grenade and not blowtorch. Which is more similar in semantic meaning to blowtorch?,grenade
blowtorch|crow|dragonfly,Answer using only one word - crow or dragonfly and not blowtorch. Which is more similar in semantic meaning to blowtorch?,None
blowtorch|crow|file,Answer using only one word - crow or file and not blowtorch. Which is more similar in semantic meaning to blowtorch?,file
blowtorch|crow|missile,Answer using only one word - crow or missile and not blowtorch. Which is more similar in semantic meaning to blowtorch?,missile
blowtorch|crowbar|eggbeater,Answer using only one word - crowbar or eggbeater and not blowtorch. Which is more similar in semantic meaning to blowtorch?,crowbar
blowtorch|crowbar|grenade,Answer using only one word - crowbar or grenade and not blowtorch. Which is more similar in semantic meaning to blowtorch?,None
blowtorch|dragonfly|eagle,Answer using only one word - dragonfly or eagle and not blowtorch. Which is more similar in semantic meaning to blowtorch?,eagle
blowtorch|dragonfly|fly,Answer using only one word - dragonfly or fly and not blowtorch. Which is more similar in semantic meaning to blowtorch?,fly
blowtorch|dress|eagle,Answer using only one word - dress or eagle and not blowtorch. Which is more similar in semantic meaning to blowtorch?,eagle
blowtorch|dress|fly,Answer using only one word - dress or fly and not blowtorch. Which is more similar in semantic meaning to blowtorch?,fly
blowtorch|eagle|eggbeater,Answer using only one word - eagle or eggbeater and not blowtorch. Which is more similar in semantic meaning to blowtorch?,eggbeater
blowtorch|eagle|grenade,Answer using only one word - eagle or grenade and not blowtorch. Which is more similar in semantic meaning to blowtorch?,grenade
blowtorch|eggbeater|file,Answer using only one word - eggbeater or file and not blowtorch. Which is more similar in semantic meaning to blowtorch?,file
blowtorch|eggbeater|missile,Answer using only one word - eggbeater or missile and not blowtorch. Which is more similar in semantic meaning to blowtorch?,missile
blowtorch|fig|grenade,Answer using only one word - fig or grenade and not blowtorch. Which is more similar in semantic meaning to blowtorch?,grenade
blowtorch|file|fly,Answer using only one word - file or fly and not blowtorch. Which is more similar in semantic meaning to blowtorch?,fly
blowtorch|flute|fly,Answer using only one word - flute or fly and not blowtorch. Which is more similar in semantic meaning to blowtorch?,fly
blowtorch|fly|grenade,Answer using only one word - fly or grenade and not blowtorch. Which is more similar in semantic meaning to blowtorch?,grenade
blowtorch|grenade|missile,Answer using only one word - grenade or missile and not blowtorch. Which is more similar in semantic meaning to blowtorch?,missile
blueberry|boa|boar,Answer using only one word - boa or boar and not blueberry. Which is more similar in semantic meaning to blueberry?,None
blueberry|boa|cactus,Answer using only one word - boa or cactus and not blueberry. Which is more similar in semantic meaning to blueberry?,cactus
blueberry|boa|carrot,Answer using only one word - boa or carrot and not blueberry. Which is more similar in semantic meaning to blueberry?,carrot
blueberry|boa|chili,Answer using only one word - boa or chili and not blueberry. Which is more similar in semantic meaning to blueberry?,chili
blueberry|boa|coconut,Answer using only one word - boa or coconut and not blueberry. Which is more similar in semantic meaning to blueberry?,coconut
blueberry|boa|eagle,Answer using only one word - boa or eagle and not blueberry. Which is more similar in semantic meaning to blueberry?,boa
blueberry|boa|fly,Answer using only one word - boa or fly and not blueberry. Which is more similar in semantic meaning to blueberry?,fly
blueberry|boar|bread,Answer using only one word - boar or bread and not blueberry. Which is more similar in semantic meaning to blueberry?,bread
blueberry|boar|candle,Answer using only one word - boar or candle and not blueberry. Which is more similar in semantic meaning to blueberry?,candle
blueberry|boar|cart,Answer using only one word - boar or cart and not blueberry. Which is more similar in semantic meaning to blueberry?,cart
blueberry|boar|chinchilla,Answer using only one word - boar or chinchilla and not blueberry. Which is more similar in semantic meaning to blueberry?,chinchilla
blueberry|boar|crow,Answer using only one word - boar or crow and not blueberry. Which is more similar in semantic meaning to blueberry?,None.
blueberry|boar|eggbeater,Answer using only one word - boar or eggbeater and not blueberry. Which is more similar in semantic meaning to blueberry?,eggbeater
blueberry|boar|grenade,Answer using only one word - boar or grenade and not blueberry. Which is more similar in semantic meaning to blueberry?,blueberry
blueberry|bread|bucket,Answer using only one word - bread or bucket and not blueberry. Which is more similar in semantic meaning to blueberry?,bucket
blueberry|bread|cannon,Answer using only one word - bread or cannon and not blueberry. Which is more similar in semantic meaning to blueberry?,cannon
blueberry|bread|caterpillar,Answer using only one word - bread or caterpillar and not blueberry. Which is more similar in semantic meaning to blueberry?,caterpillar
blueberry|bread|clarinet,Answer using only one word - bread or clarinet and not blueberry. Which is more similar in semantic meaning to blueberry?,clarinet
blueberry|bread|dragonfly,Answer using only one word - bread or dragonfly and not blueberry. Which is more similar in semantic meaning to blueberry?,dragonfly
blueberry|bread|file,Answer using only one word - bread or file and not blueberry. Which is more similar in semantic meaning to blueberry?,file
blueberry|bread|missile,Answer using only one word - bread or missile and not blueberry. Which is more similar in semantic meaning to blueberry?,missile
blueberry|brussels sprouts|candle,Answer using only one word - brussels sprouts or candle and not blueberry. Which is more similar in semantic meaning to blueberry?,brussels sprouts
blueberry|brussels sprouts|cart,Answer using only one word - brussels sprouts or cart and not blueberry. Which is more similar in semantic meaning to blueberry?,brussels sprouts
blueberry|brussels sprouts|chinchilla,Answer using only one word - brussels sprouts or chinchilla and not blueberry. Which is more similar in semantic meaning to blueberry?,chinchilla
blueberry|brussels sprouts|crow,Answer using only one word - brussels sprouts or crow and not blueberry. Which is more similar in semantic meaning to blueberry?,brussels sprouts
blueberry|brussels sprouts|eggbeater,Answer using only one word - brussels sprouts or eggbeater and not blueberry. Which is more similar in semantic meaning to blueberry?,brussels sprouts
blueberry|brussels sprouts|grenade,Answer using only one word - brussels sprouts or grenade and not blueberry. Which is more similar in semantic meaning to blueberry?,grenade
blueberry|bucket|cactus,Answer using only one word - bucket or cactus and not blueberry. Which is more similar in semantic meaning to blueberry?,cactus
blueberry|bucket|carrot,Answer using only one word - bucket or carrot and not blueberry. Which is more similar in semantic meaning to blueberry?,carrot
blueberry|bucket|chili,Answer using only one word - bucket or chili and not blueberry. Which is more similar in semantic meaning to blueberry?,chili
blueberry|bucket|coconut,Answer using only one word - bucket or coconut and not blueberry. Which is more similar in semantic meaning to blueberry?,coconut
blueberry|bucket|eagle,Answer using only one word - bucket or eagle and not blueberry. Which is more similar in semantic meaning to blueberry?,bucket
blueberry|bucket|fly,Answer using only one word - bucket or fly and not blueberry. Which is more similar in semantic meaning to blueberry?,fly
blueberry|burrito|cactus,Answer using only one word - burrito or cactus and not blueberry. Which is more similar in semantic meaning to blueberry?,cactus
blueberry|burrito|carrot,Answer using only one word - burrito or carrot and not blueberry. Which is more similar in semantic meaning to blueberry?,carrot
blueberry|burrito|chili,Answer using only one word - burrito or chili and not blueberry. Which is more similar in semantic meaning to blueberry?,chili
blueberry|burrito|coconut,Answer using only one word - burrito or coconut and not blueberry. Which is more similar in semantic meaning to blueberry?,coconut
blueberry|burrito|eagle,Answer using only one word - burrito or eagle and not blueberry. Which is more similar in semantic meaning to blueberry?,burrito
blueberry|burrito|fly,Answer using only one word - burrito or fly and not blueberry. Which is more similar in semantic meaning to blueberry?,fly
blueberry|cactus|candle,Answer using only one word - cactus or candle and not blueberry. Which is more similar in semantic meaning to blueberry?,cactus
blueberry|cactus|cart,Answer using only one word - cactus or cart and not blueberry. Which is more similar in semantic meaning to blueberry?,cactus
blueberry|cactus|chinchilla,Answer using only one word - cactus or chinchilla and not blueberry. Which is more similar in semantic meaning to blueberry?,chinchilla
blueberry|cactus|crow,Answer using only one word - cactus or crow and not blueberry. Which is more similar in semantic meaning to blueberry?,cactus
blueberry|cactus|eggbeater,Answer using only one word - cactus or eggbeater and not blueberry. Which is more similar in semantic meaning to blueberry?,eggbeater
blueberry|cactus|grenade,Answer using only one word - cactus or grenade and not blueberry. Which is more similar in semantic meaning to blueberry?,grenade
blueberry|candle|cannon,Answer using only one word - candle or cannon and not blueberry. Which is more similar in semantic meaning to blueberry?,candle
blueberry|candle|caterpillar,Answer using only one word - candle or caterpillar and not blueberry. Which is more similar in semantic meaning to blueberry?,caterpillar
blueberry|candle|clarinet,Answer using only one word - candle or clarinet and not blueberry. Which is more similar in semantic meaning to blueberry?,candle
blueberry|candle|dragonfly,Answer using only one word - candle or dragonfly and not blueberry. Which is more similar in semantic meaning to blueberry?,dragonfly
blueberry|candle|file,Answer using only one word - candle or file and not blueberry. Which is more similar in semantic meaning to blueberry?,file
blueberry|candle|missile,Answer using only one word - candle or missile and not blueberry. Which is more similar in semantic meaning to blueberry?,missile
blueberry|candy|cart,Answer using only one word - candy or cart and not blueberry. Which is more similar in semantic meaning to blueberry?,candy
blueberry|candy|chinchilla,Answer using only one word - candy or chinchilla and not blueberry. Which is more similar in semantic meaning to blueberry?,chinchilla
blueberry|candy|crow,Answer using only one word - candy or crow and not blueberry. Which is more similar in semantic meaning to blueberry?,candy
blueberry|candy|eggbeater,Answer using only one word - candy or eggbeater and not blueberry. Which is more similar in semantic meaning to blueberry?,eggbeater
blueberry|candy|grenade,Answer using only one word - candy or grenade and not blueberry. Which is more similar in semantic meaning to blueberry?,None
blueberry|cannon|carrot,Answer using only one word - cannon or carrot and not blueberry. Which is more similar in semantic meaning to blueberry?,carrot
blueberry|cannon|chili,Answer using only one word - cannon or chili and not blueberry. Which is more similar in semantic meaning to blueberry?,chili
blueberry|cannon|coconut,Answer using only one word - cannon or coconut and not blueberry. Which is more similar in semantic meaning to blueberry?,coconut
blueberry|cannon|eagle,Answer using only one word - cannon or eagle and not blueberry. Which is more similar in semantic meaning to blueberry?,eagle
blueberry|cannon|fly,Answer using only one word - cannon or fly and not blueberry. Which is more similar in semantic meaning to blueberry?,fly
blueberry|car|carrot,Answer using only one word - car or carrot and not blueberry. Which is more similar in semantic meaning to blueberry?,carrot
blueberry|car|chili,Answer using only one word - car or chili and not blueberry. Which is more similar in semantic meaning to blueberry?,chili
blueberry|car|coconut,Answer using only one word - car or coconut and not blueberry. Which is more similar in semantic meaning to blueberry?,coconut
blueberry|car|eagle,Answer using only one word - car or eagle and not blueberry. Which is more similar in semantic meaning to blueberry?,eagle
blueberry|car|fly,Answer using only one word - car or fly and not blueberry. Which is more similar in semantic meaning to blueberry?,fly
blueberry|carrot|cart,Answer using only one word - carrot or cart and not blueberry. Which is more similar in semantic meaning to blueberry?,carrot
blueberry|carrot|chinchilla,Answer using only one word - carrot or chinchilla and not blueberry. Which is more similar in semantic meaning to blueberry?,chinchilla
blueberry|carrot|crow,Answer using only one word - carrot or crow and not blueberry. Which is more similar in semantic meaning to blueberry?,carrot
blueberry|carrot|eggbeater,Answer using only one word - carrot or eggbeater and not blueberry. Which is more similar in semantic meaning to blueberry?,None
blueberry|carrot|grenade,Answer using only one word - carrot or grenade and not blueberry. Which is more similar in semantic meaning to blueberry?,None.
blueberry|cart|caterpillar,Answer using only one word - cart or caterpillar and not blueberry. Which is more similar in semantic meaning to blueberry?,caterpillar
blueberry|cart|clarinet,Answer using only one word - cart or clarinet and not blueberry. Which is more similar in semantic meaning to blueberry?,None.
blueberry|cart|dragonfly,Answer using only one word - cart or dragonfly and not blueberry. Which is more similar in semantic meaning to blueberry?,None.
blueberry|cart|file,Answer using only one word - cart or file and not blueberry. Which is more similar in semantic meaning to blueberry?,file
blueberry|cart|missile,Answer using only one word - cart or missile and not blueberry. Which is more similar in semantic meaning to blueberry?,None.
blueberry|cat|chinchilla,Answer using only one word - cat or chinchilla and not blueberry. Which is more similar in semantic meaning to blueberry?,chinchilla
blueberry|cat|crow,Answer using only one word - cat or crow and not blueberry. Which is more similar in semantic meaning to blueberry?,cat
blueberry|cat|eggbeater,Answer using only one word - cat or eggbeater and not blueberry. Which is more similar in semantic meaning to blueberry?,eggbeater
blueberry|cat|grenade,Answer using only one word - cat or grenade and not blueberry. Which is more similar in semantic meaning to blueberry?,None
blueberry|caterpillar|chili,Answer using only one word - caterpillar or chili and not blueberry. Which is more similar in semantic meaning to blueberry?,chili
blueberry|caterpillar|coconut,Answer using only one word - caterpillar or coconut and not blueberry. Which is more similar in semantic meaning to blueberry?,caterpillar
blueberry|caterpillar|eagle,Answer using only one word - caterpillar or eagle and not blueberry. Which is more similar in semantic meaning to blueberry?,caterpillar
blueberry|caterpillar|fly,Answer using only one word - caterpillar or fly and not blueberry. Which is more similar in semantic meaning to blueberry?,fly
blueberry|celery|chili,Answer using only one word - celery or chili and not blueberry. Which is more similar in semantic meaning to blueberry?,chili
blueberry|celery|coconut,Answer using only one word - celery or coconut and not blueberry. Which is more similar in semantic meaning to blueberry?,coconut
blueberry|celery|eagle,Answer using only one word - celery or eagle and not blueberry. Which is more similar in semantic meaning to blueberry?,None.
blueberry|celery|fly,Answer using only one word - celery or fly and not blueberry. Which is more similar in semantic meaning to blueberry?,fly
blueberry|chili|chinchilla,Answer using only one word - chili or chinchilla and not blueberry. Which is more similar in semantic meaning to blueberry?,chinchilla
blueberry|chili|crow,Answer using only one word - chili or crow and not blueberry. Which is more similar in semantic meaning to blueberry?,chili
blueberry|chili|eggbeater,Answer using only one word - chili or eggbeater and not blueberry. Which is more similar in semantic meaning to blueberry?,None
blueberry|chili|grenade,Answer using only one word - chili or grenade and not blueberry. Which is more similar in semantic meaning to blueberry?,None
blueberry|chinchilla|clarinet,Answer using only one word - chinchilla or clarinet and not blueberry. Which is more similar in semantic meaning to blueberry?,None
blueberry|chinchilla|dragonfly,Answer using only one word - chinchilla or dragonfly and not blueberry. Which is more similar in semantic meaning to blueberry?,None
blueberry|chinchilla|file,Answer using only one word - chinchilla or file and not blueberry. Which is more similar in semantic meaning to blueberry?,file
blueberry|chinchilla|missile,Answer using only one word - chinchilla or missile and not blueberry. Which is more similar in semantic meaning to blueberry?,blueberry
blueberry|chisel|crow,Answer using only one word - chisel or crow and not blueberry. Which is more similar in semantic meaning to blueberry?,none
blueberry|chisel|eggbeater,Answer using only one word - chisel or eggbeater and not blueberry. Which is more similar in semantic meaning to blueberry?,None.
blueberry|chisel|grenade,Answer using only one word - chisel or grenade and not blueberry. Which is more similar in semantic meaning to blueberry?,None.
blueberry|clarinet|coconut,Answer using only one word - clarinet or coconut and not blueberry. Which is more similar in semantic meaning to blueberry?,coconut
blueberry|clarinet|eagle,Answer using only one word - clarinet or eagle and not blueberry. Which is more similar in semantic meaning to blueberry?,eagle
blueberry|clarinet|fly,Answer using only one word - clarinet or fly and not blueberry. Which is more similar in semantic meaning to blueberry?,fly
blueberry|coat|coconut,Answer using only one word - coat or coconut and not blueberry. Which is more similar in semantic meaning to blueberry?,coconut
blueberry|coat|eagle,Answer using only one word - coat or eagle and not blueberry. Which is more similar in semantic meaning to blueberry?,coat
blueberry|coat|fly,Answer using only one word - coat or fly and not blueberry. Which is more similar in semantic meaning to blueberry?,fly
blueberry|coconut|crow,Answer using only one word - coconut or crow and not blueberry. Which is more similar in semantic meaning to blueberry?,coconut
blueberry|coconut|eggbeater,Answer using only one word - coconut or eggbeater and not blueberry. Which is more similar in semantic meaning to blueberry?,eggbeater
blueberry|coconut|grenade,Answer using only one word - coconut or grenade and not blueberry. Which is more similar in semantic meaning to blueberry?,None
blueberry|crow|dragonfly,Answer using only one word - crow or dragonfly and not blueberry. Which is more similar in semantic meaning to blueberry?,None.
blueberry|crow|file,Answer using only one word - crow or file and not blueberry. Which is more similar in semantic meaning to blueberry?,file
blueberry|crow|missile,Answer using only one word - crow or missile and not blueberry. Which is more similar in semantic meaning to blueberry?,None.
blueberry|crowbar|eggbeater,Answer using only one word - crowbar or eggbeater and not blueberry. Which is more similar in semantic meaning to blueberry?,eggbeater
blueberry|crowbar|grenade,Answer using only one word - crowbar or grenade and not blueberry. Which is more similar in semantic meaning to blueberry?,none
blueberry|dragonfly|eagle,Answer using only one word - dragonfly or eagle and not blueberry. Which is more similar in semantic meaning to blueberry?,None
blueberry|dragonfly|fly,Answer using only one word - dragonfly or fly and not blueberry. Which is more similar in semantic meaning to blueberry?,fly
blueberry|dress|eagle,Answer using only one word - dress or eagle and not blueberry. Which is more similar in semantic meaning to blueberry?,eagle
blueberry|dress|fly,Answer using only one word - dress or fly and not blueberry. Which is more similar in semantic meaning to blueberry?,fly
blueberry|eagle|eggbeater,Answer using only one word - eagle or eggbeater and not blueberry. Which is more similar in semantic meaning to blueberry?,eggbeater
blueberry|eagle|grenade,Answer using only one word - eagle or grenade and not blueberry. Which is more similar in semantic meaning to blueberry?,None.
blueberry|eggbeater|file,Answer using only one word - eggbeater or file and not blueberry. Which is more similar in semantic meaning to blueberry?,None
blueberry|eggbeater|missile,Answer using only one word - eggbeater or missile and not blueberry. Which is more similar in semantic meaning to blueberry?,None.
blueberry|fig|grenade,Answer using only one word - fig or grenade and not blueberry. Which is more similar in semantic meaning to blueberry?,fig
blueberry|file|fly,Answer using only one word - file or fly and not blueberry. Which is more similar in semantic meaning to blueberry?,fly
blueberry|flute|fly,Answer using only one word - flute or fly and not blueberry. Which is more similar in semantic meaning to blueberry?,fly
blueberry|fly|grenade,Answer using only one word - fly or grenade and not blueberry. Which is more similar in semantic meaning to blueberry?,None
blueberry|grenade|missile,Answer using only one word - grenade or missile and not blueberry. Which is more similar in semantic meaning to blueberry?,None.
boa|boar|bread,Answer using only one word - boar or bread and not boa. Which is more similar in semantic meaning to boa?,bread
boa|boar|candle,Answer using only one word - boar or candle and not boa. Which is more similar in semantic meaning to boa?,candle
boa|boar|cart,Answer using only one word - boar or cart and not boa. Which is more similar in semantic meaning to boa?,cart
boa|boar|chinchilla,Answer using only one word - boar or chinchilla and not boa. Which is more similar in semantic meaning to boa?,chinchilla
boa|boar|crow,Answer using only one word - boar or crow and not boa. Which is more similar in semantic meaning to boa?,crow
boa|boar|eggbeater,Answer using only one word - boar or eggbeater and not boa. Which is more similar in semantic meaning to boa?,eggbeater
boa|boar|grenade,Answer using only one word - boar or grenade and not boa. Which is more similar in semantic meaning to boa?,None
boa|bread|bucket,Answer using only one word - bread or bucket and not boa. Which is more similar in semantic meaning to boa?,bucket
boa|bread|cannon,Answer using only one word - bread or cannon and not boa. Which is more similar in semantic meaning to boa?,cannon
boa|bread|caterpillar,Answer using only one word - bread or caterpillar and not boa. Which is more similar in semantic meaning to boa?,caterpillar
boa|bread|clarinet,Answer using only one word - bread or clarinet and not boa. Which is more similar in semantic meaning to boa?,clarinet
boa|bread|dragonfly,Answer using only one word - bread or dragonfly and not boa. Which is more similar in semantic meaning to boa?,dragonfly
boa|bread|file,Answer using only one word - bread or file and not boa. Which is more similar in semantic meaning to boa?,file
boa|bread|missile,Answer using only one word - bread or missile and not boa. Which is more similar in semantic meaning to boa?,boa
boa|brussels sprouts|candle,Answer using only one word - brussels sprouts or candle and not boa. Which is more similar in semantic meaning to boa?,candle
boa|brussels sprouts|cart,Answer using only one word - brussels sprouts or cart and not boa. Which is more similar in semantic meaning to boa?,boa
boa|brussels sprouts|chinchilla,Answer using only one word - brussels sprouts or chinchilla and not boa. Which is more similar in semantic meaning to boa?,chinchilla
boa|brussels sprouts|crow,Answer using only one word - brussels sprouts or crow and not boa. Which is more similar in semantic meaning to boa?,boa
boa|brussels sprouts|eggbeater,Answer using only one word - brussels sprouts or eggbeater and not boa. Which is more similar in semantic meaning to boa?,boa
boa|brussels sprouts|grenade,Answer using only one word - brussels sprouts or grenade and not boa. Which is more similar in semantic meaning to boa?,grenade
boa|bucket|cactus,Answer using only one word - bucket or cactus and not boa. Which is more similar in semantic meaning to boa?,cactus
boa|bucket|carrot,Answer using only one word - bucket or carrot and not boa. Which is more similar in semantic meaning to boa?,carrot
boa|bucket|chili,Answer using only one word - bucket or chili and not boa. Which is more similar in semantic meaning to boa?,chili
boa|bucket|coconut,Answer using only one word - bucket or coconut and not boa. Which is more similar in semantic meaning to boa?,coconut
boa|bucket|eagle,Answer using only one word - bucket or eagle and not boa. Which is more similar in semantic meaning to boa?,eagle
boa|bucket|fly,Answer using only one word - bucket or fly and not boa. Which is more similar in semantic meaning to boa?,fly
boa|burrito|cactus,Answer using only one word - burrito or cactus and not boa. Which is more similar in semantic meaning to boa?,cactus
boa|burrito|carrot,Answer using only one word - burrito or carrot and not boa. Which is more similar in semantic meaning to boa?,carrot
boa|burrito|chili,Answer using only one word - burrito or chili and not boa. Which is more similar in semantic meaning to boa?,chili
boa|burrito|coconut,Answer using only one word - burrito or coconut and not boa. Which is more similar in semantic meaning to boa?,coconut
boa|burrito|eagle,Answer using only one word - burrito or eagle and not boa. Which is more similar in semantic meaning to boa?,boa
boa|burrito|fly,Answer using only one word - burrito or fly and not boa. Which is more similar in semantic meaning to boa?,fly
boa|cactus|candle,Answer using only one word - cactus or candle and not boa. Which is more similar in semantic meaning to boa?,cactus
boa|cactus|cart,Answer using only one word - cactus or cart and not boa. Which is more similar in semantic meaning to boa?,cactus
boa|cactus|chinchilla,Answer using only one word - cactus or chinchilla and not boa. Which is more similar in semantic meaning to boa?,chinchilla
boa|cactus|crow,Answer using only one word - cactus or crow and not boa. Which is more similar in semantic meaning to boa?,cactus
boa|cactus|eggbeater,Answer using only one word - cactus or eggbeater and not boa. Which is more similar in semantic meaning to boa?,boa
boa|cactus|grenade,Answer using only one word - cactus or grenade and not boa. Which is more similar in semantic meaning to boa?,boa
boa|candle|cannon,Answer using only one word - candle or cannon and not boa. Which is more similar in semantic meaning to boa?,cannon
boa|candle|caterpillar,Answer using only one word - candle or caterpillar and not boa. Which is more similar in semantic meaning to boa?,caterpillar
boa|candle|clarinet,Answer using only one word - candle or clarinet and not boa. Which is more similar in semantic meaning to boa?,clarinet
boa|candle|dragonfly,Answer using only one word - candle or dragonfly and not boa. Which is more similar in semantic meaning to boa?,dragonfly
boa|candle|file,Answer using only one word - candle or file and not boa. Which is more similar in semantic meaning to boa?,file
boa|candle|missile,Answer using only one word - candle or missile and not boa. Which is more similar in semantic meaning to boa?,boa
boa|candy|cart,Answer using only one word - candy or cart and not boa. Which is more similar in semantic meaning to boa?,cart
boa|candy|chinchilla,Answer using only one word - candy or chinchilla and not boa. Which is more similar in semantic meaning to boa?,chinchilla
boa|candy|crow,Answer using only one word - candy or crow and not boa. Which is more similar in semantic meaning to boa?,crow
boa|candy|eggbeater,Answer using only one word - candy or eggbeater and not boa. Which is more similar in semantic meaning to boa?,boa
boa|candy|grenade,Answer using only one word - candy or grenade and not boa. Which is more similar in semantic meaning to boa?,None
boa|cannon|carrot,Answer using only one word - cannon or carrot and not boa. Which is more similar in semantic meaning to boa?,carrot
boa|cannon|chili,Answer using only one word - cannon or chili and not boa. Which is more similar in semantic meaning to boa?,chili
boa|cannon|coconut,Answer using only one word - cannon or coconut and not boa. Which is more similar in semantic meaning to boa?,cannon
boa|cannon|eagle,Answer using only one word - cannon or eagle and not boa. Which is more similar in semantic meaning to boa?,boa
boa|cannon|fly,Answer using only one word - cannon or fly and not boa. Which is more similar in semantic meaning to boa?,fly
boa|car|carrot,Answer using only one word - car or carrot and not boa. Which is more similar in semantic meaning to boa?,carrot
boa|car|chili,Answer using only one word - car or chili and not boa. Which is more similar in semantic meaning to boa?,chili
boa|car|coconut,Answer using only one word - car or coconut and not boa. Which is more similar in semantic meaning to boa?,coconut
boa|car|eagle,Answer using only one word - car or eagle and not boa. Which is more similar in semantic meaning to boa?,eagle
boa|car|fly,Answer using only one word - car or fly and not boa. Which is more similar in semantic meaning to boa?,fly
boa|carrot|cart,Answer using only one word - carrot or cart and not boa. Which is more similar in semantic meaning to boa?,cart
boa|carrot|chinchilla,Answer using only one word - carrot or chinchilla and not boa. Which is more similar in semantic meaning to boa?,chinchilla
boa|carrot|crow,Answer using only one word - carrot or crow and not boa. Which is more similar in semantic meaning to boa?,boa
boa|carrot|eggbeater,Answer using only one word - carrot or eggbeater and not boa. Which is more similar in semantic meaning to boa?,boa
boa|carrot|grenade,Answer using only one word - carrot or grenade and not boa. Which is more similar in semantic meaning to boa?,Boa
boa|cart|caterpillar,Answer using only one word - cart or caterpillar and not boa. Which is more similar in semantic meaning to boa?,caterpillar
boa|cart|clarinet,Answer using only one word - cart or clarinet and not boa. Which is more similar in semantic meaning to boa?,clarinet
boa|cart|dragonfly,Answer using only one word - cart or dragonfly and not boa. Which is more similar in semantic meaning to boa?,dragonfly
boa|cart|file,Answer using only one word - cart or file and not boa. Which is more similar in semantic meaning to boa?,file
boa|cart|missile,Answer using only one word - cart or missile and not boa. Which is more similar in semantic meaning to boa?,cart
boa|cat|chinchilla,Answer using only one word - cat or chinchilla and not boa. Which is more similar in semantic meaning to boa?,chinchilla
boa|cat|crow,Answer using only one word - cat or crow and not boa. Which is more similar in semantic meaning to boa?,crow
boa|cat|eggbeater,Answer using only one word - cat or eggbeater and not boa. Which is more similar in semantic meaning to boa?,eggbeater
boa|cat|grenade,Answer using only one word - cat or grenade and not boa. Which is more similar in semantic meaning to boa?,boa
boa|caterpillar|chili,Answer using only one word - caterpillar or chili and not boa. Which is more similar in semantic meaning to boa?,chili
boa|caterpillar|coconut,Answer using only one word - caterpillar or coconut and not boa. Which is more similar in semantic meaning to boa?,caterpillar
boa|caterpillar|eagle,Answer using only one word - caterpillar or eagle and not boa. Which is more similar in semantic meaning to boa?,boa
boa|caterpillar|fly,Answer using only one word - caterpillar or fly and not boa. Which is more similar in semantic meaning to boa?,fly
boa|celery|chili,Answer using only one word - celery or chili and not boa. Which is more similar in semantic meaning to boa?,chili
boa|celery|coconut,Answer using only one word - celery or coconut and not boa. Which is more similar in semantic meaning to boa?,None
boa|celery|eagle,Answer using only one word - celery or eagle and not boa. Which is more similar in semantic meaning to boa?,eagle
boa|celery|fly,Answer using only one word - celery or fly and not boa. Which is more similar in semantic meaning to boa?,fly
boa|chili|chinchilla,Answer using only one word - chili or chinchilla and not boa. Which is more similar in semantic meaning to boa?,chinchilla
boa|chili|crow,Answer using only one word - chili or crow and not boa. Which is more similar in semantic meaning to boa?,crow
boa|chili|eggbeater,Answer using only one word - chili or eggbeater and not boa. Which is more similar in semantic meaning to boa?,Boa
boa|chili|grenade,Answer using only one word - chili or grenade and not boa. Which is more similar in semantic meaning to boa?,Boa
boa|chinchilla|clarinet,Answer using only one word - chinchilla or clarinet and not boa. Which is more similar in semantic meaning to boa?,boa
boa|chinchilla|dragonfly,Answer using only one word - chinchilla or dragonfly and not boa. Which is more similar in semantic meaning to boa?,dragonfly
boa|chinchilla|file,Answer using only one word - chinchilla or file and not boa. Which is more similar in semantic meaning to boa?,file
boa|chinchilla|missile,Answer using only one word - chinchilla or missile and not boa. Which is more similar in semantic meaning to boa?,boa
boa|chisel|crow,Answer using only one word - chisel or crow and not boa. Which is more similar in semantic meaning to boa?,crow
boa|chisel|eggbeater,Answer using only one word - chisel or eggbeater and not boa. Which is more similar in semantic meaning to boa?,boa
boa|chisel|grenade,Answer using only one word - chisel or grenade and not boa. Which is more similar in semantic meaning to boa?,boa
boa|clarinet|coconut,Answer using only one word - clarinet or coconut and not boa. Which is more similar in semantic meaning to boa?,coconut
boa|clarinet|eagle,Answer using only one word - clarinet or eagle and not boa. Which is more similar in semantic meaning to boa?,eagle
boa|clarinet|fly,Answer using only one word - clarinet or fly and not boa. Which is more similar in semantic meaning to boa?,fly
boa|coat|coconut,Answer using only one word - coat or coconut and not boa. Which is more similar in semantic meaning to boa?,coconut
boa|coat|eagle,Answer using only one word - coat or eagle and not boa. Which is more similar in semantic meaning to boa?,coat
boa|coat|fly,Answer using only one word - coat or fly and not boa. Which is more similar in semantic meaning to boa?,fly
boa|coconut|crow,Answer using only one word - coconut or crow and not boa. Which is more similar in semantic meaning to boa?,crow
boa|coconut|eggbeater,Answer using only one word - coconut or eggbeater and not boa. Which is more similar in semantic meaning to boa?,eggbeater
boa|coconut|grenade,Answer using only one word - coconut or grenade and not boa. Which is more similar in semantic meaning to boa?,Boa
boa|crow|dragonfly,Answer using only one word - crow or dragonfly and not boa. Which is more similar in semantic meaning to boa?,boa
boa|crow|file,Answer using only one word - crow or file and not boa. Which is more similar in semantic meaning to boa?,file
boa|crow|missile,Answer using only one word - crow or missile and not boa. Which is more similar in semantic meaning to boa?,boa
boa|crowbar|eggbeater,Answer using only one word - crowbar or eggbeater and not boa. Which is more similar in semantic meaning to boa?,eggbeater
boa|crowbar|grenade,Answer using only one word - crowbar or grenade and not boa. Which is more similar in semantic meaning to boa?,boa
boa|dragonfly|eagle,Answer using only one word - dragonfly or eagle and not boa. Which is more similar in semantic meaning to boa?,boa
boa|dragonfly|fly,Answer using only one word - dragonfly or fly and not boa. Which is more similar in semantic meaning to boa?,fly
boa|dress|eagle,Answer using only one word - dress or eagle and not boa. Which is more similar in semantic meaning to boa?,dress
boa|dress|fly,Answer using only one word - dress or fly and not boa. Which is more similar in semantic meaning to boa?,fly
boa|eagle|eggbeater,Answer using only one word - eagle or eggbeater and not boa. Which is more similar in semantic meaning to boa?,eggbeater
boa|eagle|grenade,Answer using only one word - eagle or grenade and not boa. Which is more similar in semantic meaning to boa?,boa
boa|eggbeater|file,Answer using only one word - eggbeater or file and not boa. Which is more similar in semantic meaning to boa?,file
boa|eggbeater|missile,Answer using only one word - eggbeater or missile and not boa. Which is more similar in semantic meaning to boa?,boa
boa|fig|grenade,Answer using only one word - fig or grenade and not boa. Which is more similar in semantic meaning to boa?,fig
boa|file|fly,Answer using only one word - file or fly and not boa. Which is more similar in semantic meaning to boa?,fly
boa|flute|fly,Answer using only one word - flute or fly and not boa. Which is more similar in semantic meaning to boa?,fly
boa|fly|grenade,Answer using only one word - fly or grenade and not boa. Which is more similar in semantic meaning to boa?,None
boa|grenade|missile,Answer using only one word - grenade or missile and not boa. Which is more similar in semantic meaning to boa?,None
boar|bread|brussels sprouts,Answer using only one word - bread or brussels sprouts and not boar. Which is more similar in semantic meaning to boar?,brussels sprouts
boar|bread|candy,Answer using only one word - bread or candy and not boar. Which is more similar in semantic meaning to boar?,None
boar|bread|cat,Answer using only one word - bread or cat and not boar. Which is more similar in semantic meaning to boar?,cat
boar|bread|chisel,Answer using only one word - bread or chisel and not boar. Which is more similar in semantic meaning to boar?,chisel
boar|bread|crowbar,Answer using only one word - bread or crowbar and not boar. Which is more similar in semantic meaning to boar?,crowbar
boar|bread|fig,Answer using only one word - bread or fig and not boar. Which is more similar in semantic meaning to boar?,None.
boar|bread|jeans,Answer using only one word - bread or jeans and not boar. Which is more similar in semantic meaning to boar?,jeans
boar|brussels sprouts|cactus,Answer using only one word - brussels sprouts or cactus and not boar. Which is more similar in semantic meaning to boar?,cactus
boar|brussels sprouts|carrot,Answer using only one word - brussels sprouts or carrot and not boar. Which is more similar in semantic meaning to boar?,carrot
boar|brussels sprouts|chili,Answer using only one word - brussels sprouts or chili and not boar. Which is more similar in semantic meaning to boar?,chili
boar|brussels sprouts|coconut,Answer using only one word - brussels sprouts or coconut and not boar. Which is more similar in semantic meaning to boar?,coconut
boar|brussels sprouts|eagle,Answer using only one word - brussels sprouts or eagle and not boar. Which is more similar in semantic meaning to boar?,eagle
boar|brussels sprouts|fly,Answer using only one word - brussels sprouts or fly and not boar. Which is more similar in semantic meaning to boar?,fly
boar|bucket|burrito,Answer using only one word - bucket or burrito and not boar. Which is more similar in semantic meaning to boar?,burrito
boar|bucket|car,Answer using only one word - bucket or car and not boar. Which is more similar in semantic meaning to boar?,car
boar|bucket|celery,Answer using only one word - bucket or celery and not boar. Which is more similar in semantic meaning to boar?,celery
boar|bucket|coat,Answer using only one word - bucket or coat and not boar. Which is more similar in semantic meaning to boar?,coat
boar|bucket|dress,Answer using only one word - bucket or dress and not boar. Which is more similar in semantic meaning to boar?,bucket
boar|bucket|flute,Answer using only one word - bucket or flute and not boar. Which is more similar in semantic meaning to boar?,flute
boar|bucket|motorcycle,Answer using only one word - bucket or motorcycle and not boar. Which is more similar in semantic meaning to boar?,bucket
boar|burrito|car,Answer using only one word - burrito or car and not boar. Which is more similar in semantic meaning to boar?,car
boar|burrito|celery,Answer using only one word - burrito or celery and not boar. Which is more similar in semantic meaning to boar?,None
boar|burrito|coat,Answer using only one word - burrito or coat and not boar. Which is more similar in semantic meaning to boar?,coat
boar|burrito|dress,Answer using only one word - burrito or dress and not boar. Which is more similar in semantic meaning to boar?,dress
boar|burrito|flute,Answer using only one word - burrito or flute and not boar. Which is more similar in semantic meaning to boar?,flute
boar|burrito|motorcycle,Answer using only one word - burrito or motorcycle and not boar. Which is more similar in semantic meaning to boar?,motorcycle
boar|cactus|carrot,Answer using only one word - cactus or carrot and not boar. Which is more similar in semantic meaning to boar?,carrot
boar|cactus|chili,Answer using only one word - cactus or chili and not boar. Which is more similar in semantic meaning to boar?,chili
boar|cactus|coconut,Answer using only one word - cactus or coconut and not boar. Which is more similar in semantic meaning to boar?,cactus
boar|cactus|eagle,Answer using only one word - cactus or eagle and not boar. Which is more similar in semantic meaning to boar?,cactus
boar|cactus|fly,Answer using only one word - cactus or fly and not boar. Which is more similar in semantic meaning to boar?,fly
boar|candle|candy,Answer using only one word - candle or candy and not boar. Which is more similar in semantic meaning to boar?,None
boar|candle|cat,Answer using only one word - candle or cat and not boar. Which is more similar in semantic meaning to boar?,cat
boar|candle|chisel,Answer using only one word - candle or chisel and not boar. Which is more similar in semantic meaning to boar?,chisel
boar|candle|crowbar,Answer using only one word - candle or crowbar and not boar. Which is more similar in semantic meaning to boar?,candle
boar|candle|fig,Answer using only one word - candle or fig and not boar. Which is more similar in semantic meaning to boar?,fig
boar|candle|jeans,Answer using only one word - candle or jeans and not boar. Which is more similar in semantic meaning to boar?,jeans
boar|candy|carrot,Answer using only one word - candy or carrot and not boar. Which is more similar in semantic meaning to boar?,carrot
boar|candy|chili,Answer using only one word - candy or chili and not boar. Which is more similar in semantic meaning to boar?,chili
boar|candy|coconut,Answer using only one word - candy or coconut and not boar. Which is more similar in semantic meaning to boar?,None
boar|candy|eagle,Answer using only one word - candy or eagle and not boar. Which is more similar in semantic meaning to boar?,eagle
boar|candy|fly,Answer using only one word - candy or fly and not boar. Which is more similar in semantic meaning to boar?,fly
boar|cannon|car,Answer using only one word - cannon or car and not boar. Which is more similar in semantic meaning to boar?,cannon
boar|cannon|celery,Answer using only one word - cannon or celery and not boar. Which is more similar in semantic meaning to boar?,cannon
boar|cannon|coat,Answer using only one word - cannon or coat and not boar. Which is more similar in semantic meaning to boar?,coat
boar|cannon|dress,Answer using only one word - cannon or dress and not boar. Which is more similar in semantic meaning to boar?,cannon
boar|cannon|flute,Answer using only one word - cannon or flute and not boar. Which is more similar in semantic meaning to boar?,None
boar|cannon|motorcycle,Answer using only one word - cannon or motorcycle and not boar. Which is more similar in semantic meaning to boar?,cannon
boar|car|celery,Answer using only one word - car or celery and not boar. Which is more similar in semantic meaning to boar?,celery
boar|car|coat,Answer using only one word - car or coat and not boar. Which is more similar in semantic meaning to boar?,None.
boar|car|dress,Answer using only one word - car or dress and not boar. Which is more similar in semantic meaning to boar?,None
boar|car|flute,Answer using only one word - car or flute and not boar. Which is more similar in semantic meaning to boar?,flute
boar|car|motorcycle,Answer using only one word - car or motorcycle and not boar. Which is more similar in semantic meaning to boar?,motorcycle
boar|carrot|chili,Answer using only one word - carrot or chili and not boar. Which is more similar in semantic meaning to boar?,chili
boar|carrot|coconut,Answer using only one word - carrot or coconut and not boar. Which is more similar in semantic meaning to boar?,None.
boar|carrot|eagle,Answer using only one word - carrot or eagle and not boar. Which is more similar in semantic meaning to boar?,eagle
boar|carrot|fly,Answer using only one word - carrot or fly and not boar. Which is more similar in semantic meaning to boar?,fly
boar|cart|cat,Answer using only one word - cart or cat and not boar. Which is more similar in semantic meaning to boar?,cat
boar|cart|chisel,Answer using only one word - cart or chisel and not boar. Which is more similar in semantic meaning to boar?,chisel
boar|cart|crowbar,Answer using only one word - cart or crowbar and not boar. Which is more similar in semantic meaning to boar?,None.
boar|cart|fig,Answer using only one word - cart or fig and not boar. Which is more similar in semantic meaning to boar?,fig
boar|cart|jeans,Answer using only one word - cart or jeans and not boar. Which is more similar in semantic meaning to boar?,None.
boar|cat|chili,Answer using only one word - cat or chili and not boar. Which is more similar in semantic meaning to boar?,chili
boar|cat|coconut,Answer using only one word - cat or coconut and not boar. Which is more similar in semantic meaning to boar?,cat
boar|cat|eagle,Answer using only one word - cat or eagle and not boar. Which is more similar in semantic meaning to boar?,None
boar|cat|fly,Answer using only one word - cat or fly and not boar. Which is more similar in semantic meaning to boar?,fly
boar|caterpillar|celery,Answer using only one word - caterpillar or celery and not boar. Which is more similar in semantic meaning to boar?,caterpillar
boar|caterpillar|coat,Answer using only one word - caterpillar or coat and not boar. Which is more similar in semantic meaning to boar?,coat
boar|caterpillar|dress,Answer using only one word - caterpillar or dress and not boar. Which is more similar in semantic meaning to boar?,dress
boar|caterpillar|flute,Answer using only one word - caterpillar or flute and not boar. Which is more similar in semantic meaning to boar?,flute
boar|caterpillar|motorcycle,Answer using only one word - caterpillar or motorcycle and not boar. Which is more similar in semantic meaning to boar?,caterpillar
boar|celery|coat,Answer using only one word - celery or coat and not boar. Which is more similar in semantic meaning to boar?,None
boar|celery|dress,Answer using only one word - celery or dress and not boar. Which is more similar in semantic meaning to boar?,None
boar|celery|flute,Answer using only one word - celery or flute and not boar. Which is more similar in semantic meaning to boar?,flute
boar|celery|motorcycle,Answer using only one word - celery or motorcycle and not boar. Which is more similar in semantic meaning to boar?,motorcycle
boar|chili|coconut,Answer using only one word - chili or coconut and not boar. Which is more similar in semantic meaning to boar?,None
boar|chili|eagle,Answer using only one word - chili or eagle and not boar. Which is more similar in semantic meaning to boar?,None
boar|chili|fly,Answer using only one word - chili or fly and not boar. Which is more similar in semantic meaning to boar?,fly
boar|chinchilla|chisel,Answer using only one word - chinchilla or chisel and not boar. Which is more similar in semantic meaning to boar?,chinchilla
boar|chinchilla|crowbar,Answer using only one word - chinchilla or crowbar and not boar. Which is more similar in semantic meaning to boar?,crowbar
boar|chinchilla|fig,Answer using only one word - chinchilla or fig and not boar. Which is more similar in semantic meaning to boar?,None
boar|chinchilla|jeans,Answer using only one word - chinchilla or jeans and not boar. Which is more similar in semantic meaning to boar?,chinchilla
boar|chisel|coconut,Answer using only one word - chisel or coconut and not boar. Which is more similar in semantic meaning to boar?,coconut
boar|chisel|eagle,Answer using only one word - chisel or eagle and not boar. Which is more similar in semantic meaning to boar?,eagle
boar|chisel|fly,Answer using only one word - chisel or fly and not boar. Which is more similar in semantic meaning to boar?,fly
boar|clarinet|coat,Answer using only one word - clarinet or coat and not boar. Which is more similar in semantic meaning to boar?,coat
boar|clarinet|dress,Answer using only one word - clarinet or dress and not boar. Which is more similar in semantic meaning to boar?,dress
boar|clarinet|flute,Answer using only one word - clarinet or flute and not boar. Which is more similar in semantic meaning to boar?,flute
boar|clarinet|motorcycle,Answer using only one word - clarinet or motorcycle and not boar. Which is more similar in semantic meaning to boar?,motorcycle
boar|coat|dress,Answer using only one word - coat or dress and not boar. Which is more similar in semantic meaning to boar?,None.
boar|coat|flute,Answer using only one word - coat or flute and not boar. Which is more similar in semantic meaning to boar?,flute
boar|coat|motorcycle,Answer using only one word - coat or motorcycle and not boar. Which is more similar in semantic meaning to boar?,motorcycle
boar|coconut|eagle,Answer using only one word - coconut or eagle and not boar. Which is more similar in semantic meaning to boar?,eagle
boar|coconut|fly,Answer using only one word - coconut or fly and not boar. Which is more similar in semantic meaning to boar?,fly
boar|crow|crowbar,Answer using only one word - crow or crowbar and not boar. Which is more similar in semantic meaning to boar?,crowbar
boar|crow|fig,Answer using only one word - crow or fig and not boar. Which is more similar in semantic meaning to boar?,fig
boar|crow|jeans,Answer using only one word - crow or jeans and not boar. Which is more similar in semantic meaning to boar?,jeans
boar|crowbar|eagle,Answer using only one word - crowbar or eagle and not boar. Which is more similar in semantic meaning to boar?,None
boar|crowbar|fly,Answer using only one word - crowbar or fly and not boar. Which is more similar in semantic meaning to boar?,fly
boar|dragonfly|dress,Answer using only one word - dragonfly or dress and not boar. Which is more similar in semantic meaning to boar?,dress
boar|dragonfly|flute,Answer using only one word - dragonfly or flute and not boar. Which is more similar in semantic meaning to boar?,flute
boar|dragonfly|motorcycle,Answer using only one word - dragonfly or motorcycle and not boar. Which is more similar in semantic meaning to boar?,motorcycle
boar|dress|flute,Answer using only one word - dress or flute and not boar. Which is more similar in semantic meaning to boar?,flute
boar|dress|motorcycle,Answer using only one word - dress or motorcycle and not boar. Which is more similar in semantic meaning to boar?,motorcycle
boar|eagle|fly,Answer using only one word - eagle or fly and not boar. Which is more similar in semantic meaning to boar?,fly
boar|eggbeater|fig,Answer using only one word - eggbeater or fig and not boar. Which is more similar in semantic meaning to boar?,fig
boar|eggbeater|jeans,Answer using only one word - eggbeater or jeans and not boar. Which is more similar in semantic meaning to boar?,None
boar|fig|fly,Answer using only one word - fig or fly and not boar. Which is more similar in semantic meaning to boar?,fly
boar|file|flute,Answer using only one word - file or flute and not boar. Which is more similar in semantic meaning to boar?,flute
boar|file|motorcycle,Answer using only one word - file or motorcycle and not boar. Which is more similar in semantic meaning to boar?,motorcycle
boar|flute|motorcycle,Answer using only one word - flute or motorcycle and not boar. Which is more similar in semantic meaning to boar?,motorcycle
boar|grenade|jeans,Answer using only one word - grenade or jeans and not boar. Which is more similar in semantic meaning to boar?,Grenade
boar|missile|motorcycle,Answer using only one word - missile or motorcycle and not boar. Which is more similar in semantic meaning to boar?,motorcycle
bread|brussels sprouts|candy,Answer using only one word - brussels sprouts or candy and not bread. Which is more similar in semantic meaning to bread?,candy
bread|brussels sprouts|cat,Answer using only one word - brussels sprouts or cat and not bread. Which is more similar in semantic meaning to bread?,cat
bread|brussels sprouts|chisel,Answer using only one word - brussels sprouts or chisel and not bread. Which is more similar in semantic meaning to bread?,brussels sprouts
bread|brussels sprouts|crowbar,Answer using only one word - brussels sprouts or crowbar and not bread. Which is more similar in semantic meaning to bread?,crowbar
bread|brussels sprouts|fig,Answer using only one word - brussels sprouts or fig and not bread. Which is more similar in semantic meaning to bread?,brussels sprouts
bread|brussels sprouts|jeans,Answer using only one word - brussels sprouts or jeans and not bread. Which is more similar in semantic meaning to bread?,brussels sprouts
bread|bucket|candle,Answer using only one word - bucket or candle and not bread. Which is more similar in semantic meaning to bread?,candle
bread|bucket|cart,Answer using only one word - bucket or cart and not bread. Which is more similar in semantic meaning to bread?,cart
bread|bucket|chinchilla,Answer using only one word - bucket or chinchilla and not bread. Which is more similar in semantic meaning to bread?,chinchilla
bread|bucket|crow,Answer using only one word - bucket or crow and not bread. Which is more similar in semantic meaning to bread?,crow
bread|bucket|eggbeater,Answer using only one word - bucket or eggbeater and not bread. Which is more similar in semantic meaning to bread?,eggbeater
bread|bucket|grenade,Answer using only one word - bucket or grenade and not bread. Which is more similar in semantic meaning to bread?,none
bread|burrito|candle,Answer using only one word - burrito or candle and not bread. Which is more similar in semantic meaning to bread?,candle
bread|burrito|cart,Answer using only one word - burrito or cart and not bread. Which is more similar in semantic meaning to bread?,cart
bread|burrito|chinchilla,Answer using only one word - burrito or chinchilla and not bread. Which is more similar in semantic meaning to bread?,chinchilla
bread|burrito|crow,Answer using only one word - burrito or crow and not bread. Which is more similar in semantic meaning to bread?,crow
bread|burrito|eggbeater,Answer using only one word - burrito or eggbeater and not bread. Which is more similar in semantic meaning to bread?,eggbeater
bread|burrito|grenade,Answer using only one word - burrito or grenade and not bread. Which is more similar in semantic meaning to bread?,burrito
bread|cactus|candy,Answer using only one word - cactus or candy and not bread. Which is more similar in semantic meaning to bread?,candy
bread|cactus|cat,Answer using only one word - cactus or cat and not bread. Which is more similar in semantic meaning to bread?,cat
bread|cactus|chisel,Answer using only one word - cactus or chisel and not bread. Which is more similar in semantic meaning to bread?,chisel
bread|cactus|crowbar,Answer using only one word - cactus or crowbar and not bread. Which is more similar in semantic meaning to bread?,cactus
bread|cactus|fig,Answer using only one word - cactus or fig and not bread. Which is more similar in semantic meaning to bread?,fig
bread|cactus|jeans,Answer using only one word - cactus or jeans and not bread. Which is more similar in semantic meaning to bread?,jeans
bread|candle|car,Answer using only one word - candle or car and not bread. Which is more similar in semantic meaning to bread?,car
bread|candle|celery,Answer using only one word - candle or celery and not bread. Which is more similar in semantic meaning to bread?,celery
bread|candle|coat,Answer using only one word - candle or coat and not bread. Which is more similar in semantic meaning to bread?,coat
bread|candle|dress,Answer using only one word - candle or dress and not bread. Which is more similar in semantic meaning to bread?,dress
bread|candle|flute,Answer using only one word - candle or flute and not bread. Which is more similar in semantic meaning to bread?,flute
bread|candle|motorcycle,Answer using only one word - candle or motorcycle and not bread. Which is more similar in semantic meaning to bread?,motorcycle
bread|candy|cat,Answer using only one word - candy or cat and not bread. Which is more similar in semantic meaning to bread?,cat
bread|candy|chisel,Answer using only one word - candy or chisel and not bread. Which is more similar in semantic meaning to bread?,chisel
bread|candy|crowbar,Answer using only one word - candy or crowbar and not bread. Which is more similar in semantic meaning to bread?,candy
bread|candy|fig,Answer using only one word - candy or fig and not bread. Which is more similar in semantic meaning to bread?,fig
bread|candy|jeans,Answer using only one word - candy or jeans and not bread. Which is more similar in semantic meaning to bread?,jeans
bread|cannon|cart,Answer using only one word - cannon or cart and not bread. Which is more similar in semantic meaning to bread?,cart
bread|cannon|chinchilla,Answer using only one word - cannon or chinchilla and not bread. Which is more similar in semantic meaning to bread?,chinchilla
bread|cannon|crow,Answer using only one word - cannon or crow and not bread. Which is more similar in semantic meaning to bread?,cannon
bread|cannon|eggbeater,Answer using only one word - cannon or eggbeater and not bread. Which is more similar in semantic meaning to bread?,eggbeater
bread|cannon|grenade,Answer using only one word - cannon or grenade and not bread. Which is more similar in semantic meaning to bread?,none
bread|car|cart,Answer using only one word - car or cart and not bread. Which is more similar in semantic meaning to bread?,cart
bread|car|chinchilla,Answer using only one word - car or chinchilla and not bread. Which is more similar in semantic meaning to bread?,chinchilla
bread|car|crow,Answer using only one word - car or crow and not bread. Which is more similar in semantic meaning to bread?,crow
bread|car|eggbeater,Answer using only one word - car or eggbeater and not bread. Which is more similar in semantic meaning to bread?,eggbeater
bread|car|grenade,Answer using only one word - car or grenade and not bread. Which is more similar in semantic meaning to bread?,None
bread|carrot|cat,Answer using only one word - carrot or cat and not bread. Which is more similar in semantic meaning to bread?,cat
bread|carrot|chisel,Answer using only one word - carrot or chisel and not bread. Which is more similar in semantic meaning to bread?,chisel
bread|carrot|crowbar,Answer using only one word - carrot or crowbar and not bread. Which is more similar in semantic meaning to bread?,carrot
bread|carrot|fig,Answer using only one word - carrot or fig and not bread. Which is more similar in semantic meaning to bread?,fig
bread|carrot|jeans,Answer using only one word - carrot or jeans and not bread. Which is more similar in semantic meaning to bread?,carrot
bread|cart|celery,Answer using only one word - cart or celery and not bread. Which is more similar in semantic meaning to bread?,celery
bread|cart|coat,Answer using only one word - cart or coat and not bread. Which is more similar in semantic meaning to bread?,coat
bread|cart|dress,Answer using only one word - cart or dress and not bread. Which is more similar in semantic meaning to bread?,cart
bread|cart|flute,Answer using only one word - cart or flute and not bread. Which is more similar in semantic meaning to bread?,flute
bread|cart|motorcycle,Answer using only one word - cart or motorcycle and not bread. Which is more similar in semantic meaning to bread?,None.
bread|cat|chisel,Answer using only one word - cat or chisel and not bread. Which is more similar in semantic meaning to bread?,chisel
bread|cat|crowbar,Answer using only one word - cat or crowbar and not bread. Which is more similar in semantic meaning to bread?,crowbar
bread|cat|fig,Answer using only one word - cat or fig and not bread. Which is more similar in semantic meaning to bread?,fig
bread|cat|jeans,Answer using only one word - cat or jeans and not bread. Which is more similar in semantic meaning to bread?,jeans
bread|caterpillar|chinchilla,Answer using only one word - caterpillar or chinchilla and not bread. Which is more similar in semantic meaning to bread?,caterpillar
bread|caterpillar|crow,Answer using only one word - caterpillar or crow and not bread. Which is more similar in semantic meaning to bread?,caterpillar
bread|caterpillar|eggbeater,Answer using only one word - caterpillar or eggbeater and not bread. Which is more similar in semantic meaning to bread?,eggbeater
bread|caterpillar|grenade,Answer using only one word - caterpillar or grenade and not bread. Which is more similar in semantic meaning to bread?,caterpillar
bread|celery|chinchilla,Answer using only one word - celery or chinchilla and not bread. Which is more similar in semantic meaning to bread?,chinchilla
bread|celery|crow,Answer using only one word - celery or crow and not bread. Which is more similar in semantic meaning to bread?,crow
bread|celery|eggbeater,Answer using only one word - celery or eggbeater and not bread. Which is more similar in semantic meaning to bread?,eggbeater
bread|celery|grenade,Answer using only one word - celery or grenade and not bread. Which is more similar in semantic meaning to bread?,celery
bread|chili|chisel,Answer using only one word - chili or chisel and not bread. Which is more similar in semantic meaning to bread?,chili
bread|chili|crowbar,Answer using only one word - chili or crowbar and not bread. Which is more similar in semantic meaning to bread?,chili
bread|chili|fig,Answer using only one word - chili or fig and not bread. Which is more similar in semantic meaning to bread?,fig
bread|chili|jeans,Answer using only one word - chili or jeans and not bread. Which is more similar in semantic meaning to bread?,jeans
bread|chinchilla|coat,Answer using only one word - chinchilla or coat and not bread. Which is more similar in semantic meaning to bread?,coat
bread|chinchilla|dress,Answer using only one word - chinchilla or dress and not bread. Which is more similar in semantic meaning to bread?,dress
bread|chinchilla|flute,Answer using only one word - chinchilla or flute and not bread. Which is more similar in semantic meaning to bread?,flute
bread|chinchilla|motorcycle,Answer using only one word - chinchilla or motorcycle and not bread. Which is more similar in semantic meaning to bread?,motorcycle
bread|chisel|crowbar,Answer using only one word - chisel or crowbar and not bread. Which is more similar in semantic meaning to bread?,none
bread|chisel|fig,Answer using only one word - chisel or fig and not bread. Which is more similar in semantic meaning to bread?,fig
bread|chisel|jeans,Answer using only one word - chisel or jeans and not bread. Which is more similar in semantic meaning to bread?,jeans
bread|clarinet|crow,Answer using only one word - clarinet or crow and not bread. Which is more similar in semantic meaning to bread?,crow
bread|clarinet|eggbeater,Answer using only one word - clarinet or eggbeater and not bread. Which is more similar in semantic meaning to bread?,eggbeater
bread|clarinet|grenade,Answer using only one word - clarinet or grenade and not bread. Which is more similar in semantic meaning to bread?,grenade
bread|coat|crow,Answer using only one word - coat or crow and not bread. Which is more similar in semantic meaning to bread?,crow
bread|coat|eggbeater,Answer using only one word - coat or eggbeater and not bread. Which is more similar in semantic meaning to bread?,eggbeater
bread|coat|grenade,Answer using only one word - coat or grenade and not bread. Which is more similar in semantic meaning to bread?,none
bread|coconut|crowbar,Answer using only one word - coconut or crowbar and not bread. Which is more similar in semantic meaning to bread?,coconut
bread|coconut|fig,Answer using only one word - coconut or fig and not bread. Which is more similar in semantic meaning to bread?,fig
bread|coconut|jeans,Answer using only one word - coconut or jeans and not bread. Which is more similar in semantic meaning to bread?,coconut
bread|crow|dress,Answer using only one word - crow or dress and not bread. Which is more similar in semantic meaning to bread?,dress
bread|crow|flute,Answer using only one word - crow or flute and not bread. Which is more similar in semantic meaning to bread?,flute
bread|crow|motorcycle,Answer using only one word - crow or motorcycle and not bread. Which is more similar in semantic meaning to bread?,motorcycle
bread|crowbar|fig,Answer using only one word - crowbar or fig and not bread. Which is more similar in semantic meaning to bread?,fig
bread|crowbar|jeans,Answer using only one word - crowbar or jeans and not bread. Which is more similar in semantic meaning to bread?,jeans
bread|dragonfly|eggbeater,Answer using only one word - dragonfly or eggbeater and not bread. Which is more similar in semantic meaning to bread?,eggbeater
bread|dragonfly|grenade,Answer using only one word - dragonfly or grenade and not bread. Which is more similar in semantic meaning to bread?,none
bread|dress|eggbeater,Answer using only one word - dress or eggbeater and not bread. Which is more similar in semantic meaning to bread?,eggbeater
bread|dress|grenade,Answer using only one word - dress or grenade and not bread. Which is more similar in semantic meaning to bread?,none
bread|eagle|fig,Answer using only one word - eagle or fig and not bread. Which is more similar in semantic meaning to bread?,fig
bread|eagle|jeans,Answer using only one word - eagle or jeans and not bread. Which is more similar in semantic meaning to bread?,jeans
bread|eggbeater|flute,Answer using only one word - eggbeater or flute and not bread. Which is more similar in semantic meaning to bread?,flute
bread|eggbeater|motorcycle,Answer using only one word - eggbeater or motorcycle and not bread. Which is more similar in semantic meaning to bread?,None
bread|fig|jeans,Answer using only one word - fig or jeans and not bread. Which is more similar in semantic meaning to bread?,jeans
bread|file|grenade,Answer using only one word - file or grenade and not bread. Which is more similar in semantic meaning to bread?,none
bread|flute|grenade,Answer using only one word - flute or grenade and not bread. Which is more similar in semantic meaning to bread?,none
bread|fly|jeans,Answer using only one word - fly or jeans and not bread. Which is more similar in semantic meaning to bread?,jeans
bread|grenade|motorcycle,Answer using only one word - grenade or motorcycle and not bread. Which is more similar in semantic meaning to bread?,motorcycle
brussels sprouts|bucket|cactus,Answer using only one word - bucket or cactus and not brussels sprouts. Which is more similar in semantic meaning to brussels sprouts?,cactus
brussels sprouts|bucket|carrot,Answer using only one word - bucket or carrot and not brussels sprouts. Which is more similar in semantic meaning to brussels sprouts?,carrot
brussels sprouts|bucket|chili,Answer using only one word - bucket or chili and not brussels sprouts. Which is more similar in semantic meaning to brussels sprouts?,chili
brussels sprouts|bucket|coconut,Answer using only one word - bucket or coconut and not brussels sprouts. Which is more similar in semantic meaning to brussels sprouts?,coconut
brussels sprouts|bucket|eagle,Answer using only one word - bucket or eagle and not brussels sprouts. Which is more similar in semantic meaning to brussels sprouts?,bucket
brussels sprouts|bucket|fly,Answer using only one word - bucket or fly and not brussels sprouts. Which is more similar in semantic meaning to brussels sprouts?,fly
brussels sprouts|burrito|cactus,Answer using only one word - burrito or cactus and not brussels sprouts. Which is more similar in semantic meaning to brussels sprouts?,cactus
brussels sprouts|burrito|carrot,Answer using only one word - burrito or carrot and not brussels sprouts. Which is more similar in semantic meaning to brussels sprouts?,carrot
brussels sprouts|burrito|chili,Answer using only one word - burrito or chili and not brussels sprouts. Which is more similar in semantic meaning to brussels sprouts?,chili
brussels sprouts|burrito|coconut,Answer using only one word - burrito or coconut and not brussels sprouts. Which is more similar in semantic meaning to brussels sprouts?,coconut
brussels sprouts|burrito|eagle,Answer using only one word - burrito or eagle and not brussels sprouts. Which is more similar in semantic meaning to brussels sprouts?,burrito
brussels sprouts|burrito|fly,Answer using only one word - burrito or fly and not brussels sprouts. Which is more similar in semantic meaning to brussels sprouts?,fly
brussels sprouts|cactus|candle,Answer using only one word - cactus or candle and not brussels sprouts. Which is more similar in semantic meaning to brussels sprouts?,cactus
brussels sprouts|cactus|cart,Answer using only one word - cactus or cart and not brussels sprouts. Which is more similar in semantic meaning to brussels sprouts?,cactus
brussels sprouts|cactus|chinchilla,Answer using only one word - cactus or chinchilla and not brussels sprouts. Which is more similar in semantic meaning to brussels sprouts?,cactus
brussels sprouts|cactus|crow,Answer using only one word - cactus or crow and not brussels sprouts. Which is more similar in semantic meaning to brussels sprouts?,cactus
brussels sprouts|cactus|eggbeater,Answer using only one word - cactus or eggbeater and not brussels sprouts. Which is more similar in semantic meaning to brussels sprouts?,cactus
brussels sprouts|cactus|grenade,Answer using only one word - cactus or grenade and not brussels sprouts. Which is more similar in semantic meaning to brussels sprouts?,grenade
brussels sprouts|candle|cannon,Answer using only one word - candle or cannon and not brussels sprouts. Which is more similar in semantic meaning to brussels sprouts?,cannon
brussels sprouts|candle|caterpillar,Answer using only one word - candle or caterpillar and not brussels sprouts. Which is more similar in semantic meaning to brussels sprouts?,caterpillar
brussels sprouts|candle|clarinet,Answer using only one word - candle or clarinet and not brussels sprouts. Which is more similar in semantic meaning to brussels sprouts?,candle
brussels sprouts|candle|dragonfly,Answer using only one word - candle or dragonfly and not brussels sprouts. Which is more similar in semantic meaning to brussels sprouts?,candle
brussels sprouts|candle|file,Answer using only one word - candle or file and not brussels sprouts. Which is more similar in semantic meaning to brussels sprouts?,file
brussels sprouts|candle|missile,Answer using only one word - candle or missile and not brussels sprouts. Which is more similar in semantic meaning to brussels sprouts?,candle
brussels sprouts|candy|cart,Answer using only one word - candy or cart and not brussels sprouts. Which is more similar in semantic meaning to brussels sprouts?,candy
brussels sprouts|candy|chinchilla,Answer using only one word - candy or chinchilla and not brussels sprouts. Which is more similar in semantic meaning to brussels sprouts?,chinchilla
brussels sprouts|candy|crow,Answer using only one word - candy or crow and not brussels sprouts. Which is more similar in semantic meaning to brussels sprouts?,candy
brussels sprouts|candy|eggbeater,Answer using only one word - candy or eggbeater and not brussels sprouts. Which is more similar in semantic meaning to brussels sprouts?,eggbeater
brussels sprouts|candy|grenade,Answer using only one word - candy or grenade and not brussels sprouts. Which is more similar in semantic meaning to brussels sprouts?,grenade
brussels sprouts|cannon|carrot,Answer using only one word - cannon or carrot and not brussels sprouts. Which is more similar in semantic meaning to brussels sprouts?,carrot
brussels sprouts|cannon|chili,Answer using only one word - cannon or chili and not brussels sprouts. Which is more similar in semantic meaning to brussels sprouts?,chili
brussels sprouts|cannon|coconut,Answer using only one word - cannon or coconut and not brussels sprouts. Which is more similar in semantic meaning to brussels sprouts?,coconut
brussels sprouts|cannon|eagle,Answer using only one word - cannon or eagle and not brussels sprouts. Which is more similar in semantic meaning to brussels sprouts?,cannon
brussels sprouts|cannon|fly,Answer using only one word - cannon or fly and not brussels sprouts. Which is more similar in semantic meaning to brussels sprouts?,fly
brussels sprouts|car|carrot,Answer using only one word - car or carrot and not brussels sprouts. Which is more similar in semantic meaning to brussels sprouts?,carrot
brussels sprouts|car|chili,Answer using only one word - car or chili and not brussels sprouts. Which is more similar in semantic meaning to brussels sprouts?,chili
brussels sprouts|car|coconut,Answer using only one word - car or coconut and not brussels sprouts. Which is more similar in semantic meaning to brussels sprouts?,coconut
brussels sprouts|car|eagle,Answer using only one word - car or eagle and not brussels sprouts. Which is more similar in semantic meaning to brussels sprouts?,car
brussels sprouts|car|fly,Answer using only one word - car or fly and not brussels sprouts. Which is more similar in semantic meaning to brussels sprouts?,fly
brussels sprouts|carrot|cart,Answer using only one word - carrot or cart and not brussels sprouts. Which is more similar in semantic meaning to brussels sprouts?,carrot
brussels sprouts|carrot|chinchilla,Answer using only one word - carrot or chinchilla and not brussels sprouts. Which is more similar in semantic meaning to brussels sprouts?,carrot
brussels sprouts|carrot|crow,Answer using only one word - carrot or crow and not brussels sprouts. Which is more similar in semantic meaning to brussels sprouts?,carrot
brussels sprouts|carrot|eggbeater,Answer using only one word - carrot or eggbeater and not brussels sprouts. Which is more similar in semantic meaning to brussels sprouts?,Brussels sprouts
brussels sprouts|carrot|grenade,Answer using only one word - carrot or grenade and not brussels sprouts. Which is more similar in semantic meaning to brussels sprouts?,carrot
brussels sprouts|cart|caterpillar,Answer using only one word - cart or caterpillar and not brussels sprouts. Which is more similar in semantic meaning to brussels sprouts?,caterpillar
brussels sprouts|cart|clarinet,Answer using only one word - cart or clarinet and not brussels sprouts. Which is more similar in semantic meaning to brussels sprouts?,clarinet
brussels sprouts|cart|dragonfly,Answer using only one word - cart or dragonfly and not brussels sprouts. Which is more similar in semantic meaning to brussels sprouts?,dragonfly
brussels sprouts|cart|file,Answer using only one word - cart or file and not brussels sprouts. Which is more similar in semantic meaning to brussels sprouts?,file
brussels sprouts|cart|missile,Answer using only one word - cart or missile and not brussels sprouts. Which is more similar in semantic meaning to brussels sprouts?,missile
brussels sprouts|cat|chinchilla,Answer using only one word - cat or chinchilla and not brussels sprouts. Which is more similar in semantic meaning to brussels sprouts?,chinchilla
brussels sprouts|cat|crow,Answer using only one word - cat or crow and not brussels sprouts. Which is more similar in semantic meaning to brussels sprouts?,crow
brussels sprouts|cat|eggbeater,Answer using only one word - cat or eggbeater and not brussels sprouts. Which is more similar in semantic meaning to brussels sprouts?,eggbeater
brussels sprouts|cat|grenade,Answer using only one word - cat or grenade and not brussels sprouts. Which is more similar in semantic meaning to brussels sprouts?,grenade
brussels sprouts|caterpillar|chili,Answer using only one word - caterpillar or chili and not brussels sprouts. Which is more similar in semantic meaning to brussels sprouts?,chili
brussels sprouts|caterpillar|coconut,Answer using only one word - caterpillar or coconut and not brussels sprouts. Which is more similar in semantic meaning to brussels sprouts?,caterpillar
brussels sprouts|caterpillar|eagle,Answer using only one word - caterpillar or eagle and not brussels sprouts. Which is more similar in semantic meaning to brussels sprouts?,caterpillar
brussels sprouts|caterpillar|fly,Answer using only one word - caterpillar or fly and not brussels sprouts. Which is more similar in semantic meaning to brussels sprouts?,caterpillar
brussels sprouts|celery|chili,Answer using only one word - celery or chili and not brussels sprouts. Which is more similar in semantic meaning to brussels sprouts?,celery
brussels sprouts|celery|coconut,Answer using only one word - celery or coconut and not brussels sprouts. Which is more similar in semantic meaning to brussels sprouts?,celery
brussels sprouts|celery|eagle,Answer using only one word - celery or eagle and not brussels sprouts. Which is more similar in semantic meaning to brussels sprouts?,celery
brussels sprouts|celery|fly,Answer using only one word - celery or fly and not brussels sprouts. Which is more similar in semantic meaning to brussels sprouts?,celery
brussels sprouts|chili|chinchilla,Answer using only one word - chili or chinchilla and not brussels sprouts. Which is more similar in semantic meaning to brussels sprouts?,chili
brussels sprouts|chili|crow,Answer using only one word - chili or crow and not brussels sprouts. Which is more similar in semantic meaning to brussels sprouts?,chili
brussels sprouts|chili|eggbeater,Answer using only one word - chili or eggbeater and not brussels sprouts. Which is more similar in semantic meaning to brussels sprouts?,chili
brussels sprouts|chili|grenade,Answer using only one word - chili or grenade and not brussels sprouts. Which is more similar in semantic meaning to brussels sprouts?,chili
brussels sprouts|chinchilla|clarinet,Answer using only one word - chinchilla or clarinet and not brussels sprouts. Which is more similar in semantic meaning to brussels sprouts?,chinchilla
brussels sprouts|chinchilla|dragonfly,Answer using only one word - chinchilla or dragonfly and not brussels sprouts. Which is more similar in semantic meaning to brussels sprouts?,chinchilla
brussels sprouts|chinchilla|file,Answer using only one word - chinchilla or file and not brussels sprouts. Which is more similar in semantic meaning to brussels sprouts?,chinchilla
brussels sprouts|chinchilla|missile,Answer using only one word - chinchilla or missile and not brussels sprouts. Which is more similar in semantic meaning to brussels sprouts?,chinchilla
brussels sprouts|chisel|crow,Answer using only one word - chisel or crow and not brussels sprouts. Which is more similar in semantic meaning to brussels sprouts?,chisel
brussels sprouts|chisel|eggbeater,Answer using only one word - chisel or eggbeater and not brussels sprouts. Which is more similar in semantic meaning to brussels sprouts?,chisel
brussels sprouts|chisel|grenade,Answer using only one word - chisel or grenade and not brussels sprouts. Which is more similar in semantic meaning to brussels sprouts?,grenade
brussels sprouts|clarinet|coconut,Answer using only one word - clarinet or coconut and not brussels sprouts. Which is more similar in semantic meaning to brussels sprouts?,coconut
brussels sprouts|clarinet|eagle,Answer using only one word - clarinet or eagle and not brussels sprouts. Which is more similar in semantic meaning to brussels sprouts?,eagle
brussels sprouts|clarinet|fly,Answer using only one word - clarinet or fly and not brussels sprouts. Which is more similar in semantic meaning to brussels sprouts?,fly
brussels sprouts|coat|coconut,Answer using only one word - coat or coconut and not brussels sprouts. Which is more similar in semantic meaning to brussels sprouts?,coconut
brussels sprouts|coat|eagle,Answer using only one word - coat or eagle and not brussels sprouts. Which is more similar in semantic meaning to brussels sprouts?,coat
brussels sprouts|coat|fly,Answer using only one word - coat or fly and not brussels sprouts. Which is more similar in semantic meaning to brussels sprouts?,fly
brussels sprouts|coconut|crow,Answer using only one word - coconut or crow and not brussels sprouts. Which is more similar in semantic meaning to brussels sprouts?,coconut
brussels sprouts|coconut|eggbeater,Answer using only one word - coconut or eggbeater and not brussels sprouts. Which is more similar in semantic meaning to brussels sprouts?,coconut
brussels sprouts|coconut|grenade,Answer using only one word - coconut or grenade and not brussels sprouts. Which is more similar in semantic meaning to brussels sprouts?,coconut
brussels sprouts|crow|dragonfly,Answer using only one word - crow or dragonfly and not brussels sprouts. Which is more similar in semantic meaning to brussels sprouts?,None
brussels sprouts|crow|file,Answer using only one word - crow or file and not brussels sprouts. Which is more similar in semantic meaning to brussels sprouts?,file
brussels sprouts|crow|missile,Answer using only one word - crow or missile and not brussels sprouts. Which is more similar in semantic meaning to brussels sprouts?,missile
brussels sprouts|crowbar|eggbeater,Answer using only one word - crowbar or eggbeater and not brussels sprouts. Which is more similar in semantic meaning to brussels sprouts?,eggbeater
brussels sprouts|crowbar|grenade,Answer using only one word - crowbar or grenade and not brussels sprouts. Which is more similar in semantic meaning to brussels sprouts?,None
brussels sprouts|dragonfly|eagle,Answer using only one word - dragonfly or eagle and not brussels sprouts. Which is more similar in semantic meaning to brussels sprouts?,eagle
brussels sprouts|dragonfly|fly,Answer using only one word - dragonfly or fly and not brussels sprouts. Which is more similar in semantic meaning to brussels sprouts?,fly
brussels sprouts|dress|eagle,Answer using only one word - dress or eagle and not brussels sprouts. Which is more similar in semantic meaning to brussels sprouts?,dressing
brussels sprouts|dress|fly,Answer using only one word - dress or fly and not brussels sprouts. Which is more similar in semantic meaning to brussels sprouts?,fly
brussels sprouts|eagle|eggbeater,Answer using only one word - eagle or eggbeater and not brussels sprouts. Which is more similar in semantic meaning to brussels sprouts?,eggbeater
brussels sprouts|eagle|grenade,Answer using only one word - eagle or grenade and not brussels sprouts. Which is more similar in semantic meaning to brussels sprouts?,grenade
brussels sprouts|eggbeater|file,Answer using only one word - eggbeater or file and not brussels sprouts. Which is more similar in semantic meaning to brussels sprouts?,file
brussels sprouts|eggbeater|missile,Answer using only one word - eggbeater or missile and not brussels sprouts. Which is more similar in semantic meaning to brussels sprouts?,eggbeater
brussels sprouts|fig|grenade,Answer using only one word - fig or grenade and not brussels sprouts. Which is more similar in semantic meaning to brussels sprouts?,fig
brussels sprouts|file|fly,Answer using only one word - file or fly and not brussels sprouts. Which is more similar in semantic meaning to brussels sprouts?,fly
brussels sprouts|flute|fly,Answer using only one word - flute or fly and not brussels sprouts. Which is more similar in semantic meaning to brussels sprouts?,fly
brussels sprouts|fly|grenade,Answer using only one word - fly or grenade and not brussels sprouts. Which is more similar in semantic meaning to brussels sprouts?,grenade
brussels sprouts|grenade|missile,Answer using only one word - grenade or missile and not brussels sprouts. Which is more similar in semantic meaning to brussels sprouts?,Brussels sprouts.
bucket|burrito|cactus,Answer using only one word - burrito or cactus and not bucket. Which is more similar in semantic meaning to bucket?,cactus
bucket|burrito|carrot,Answer using only one word - burrito or carrot and not bucket. Which is more similar in semantic meaning to bucket?,bucket
bucket|burrito|chili,Answer using only one word - burrito or chili and not bucket. Which is more similar in semantic meaning to bucket?,bucket
bucket|burrito|coconut,Answer using only one word - burrito or coconut and not bucket. Which is more similar in semantic meaning to bucket?,bucket
bucket|burrito|eagle,Answer using only one word - burrito or eagle and not bucket. Which is more similar in semantic meaning to bucket?,bucket
bucket|burrito|fly,Answer using only one word - burrito or fly and not bucket. Which is more similar in semantic meaning to bucket?,fly
bucket|cactus|candle,Answer using only one word - cactus or candle and not bucket. Which is more similar in semantic meaning to bucket?,cactus
bucket|cactus|cart,Answer using only one word - cactus or cart and not bucket. Which is more similar in semantic meaning to bucket?,cart
bucket|cactus|chinchilla,Answer using only one word - cactus or chinchilla and not bucket. Which is more similar in semantic meaning to bucket?,chinchilla
bucket|cactus|crow,Answer using only one word - cactus or crow and not bucket. Which is more similar in semantic meaning to bucket?,cactus
bucket|cactus|eggbeater,Answer using only one word - cactus or eggbeater and not bucket. Which is more similar in semantic meaning to bucket?,eggbeater
bucket|cactus|grenade,Answer using only one word - cactus or grenade and not bucket. Which is more similar in semantic meaning to bucket?,grenade
bucket|candle|cannon,Answer using only one word - candle or cannon and not bucket. Which is more similar in semantic meaning to bucket?,bucket
bucket|candle|caterpillar,Answer using only one word - candle or caterpillar and not bucket. Which is more similar in semantic meaning to bucket?,bucket
bucket|candle|clarinet,Answer using only one word - candle or clarinet and not bucket. Which is more similar in semantic meaning to bucket?,bucket
bucket|candle|dragonfly,Answer using only one word - candle or dragonfly and not bucket. Which is more similar in semantic meaning to bucket?,bucket
bucket|candle|file,Answer using only one word - candle or file and not bucket. Which is more similar in semantic meaning to bucket?,file
bucket|candle|missile,Answer using only one word - candle or missile and not bucket. Which is more similar in semantic meaning to bucket?,bucket
bucket|candy|cart,Answer using only one word - candy or cart and not bucket. Which is more similar in semantic meaning to bucket?,cart
bucket|candy|chinchilla,Answer using only one word - candy or chinchilla and not bucket. Which is more similar in semantic meaning to bucket?,chinchilla
bucket|candy|crow,Answer using only one word - candy or crow and not bucket. Which is more similar in semantic meaning to bucket?,crow
bucket|candy|eggbeater,Answer using only one word - candy or eggbeater and not bucket. Which is more similar in semantic meaning to bucket?,eggbeater
bucket|candy|grenade,Answer using only one word - candy or grenade and not bucket. Which is more similar in semantic meaning to bucket?,grenade
bucket|cannon|carrot,Answer using only one word - cannon or carrot and not bucket. Which is more similar in semantic meaning to bucket?,bucket
bucket|cannon|chili,Answer using only one word - cannon or chili and not bucket. Which is more similar in semantic meaning to bucket?,bucket
bucket|cannon|coconut,Answer using only one word - cannon or coconut and not bucket. Which is more similar in semantic meaning to bucket?,coconut
bucket|cannon|eagle,Answer using only one word - cannon or eagle and not bucket. Which is more similar in semantic meaning to bucket?,bucket
bucket|cannon|fly,Answer using only one word - cannon or fly and not bucket. Which is more similar in semantic meaning to bucket?,fly
bucket|car|carrot,Answer using only one word - car or carrot and not bucket. Which is more similar in semantic meaning to bucket?,carrot
bucket|car|chili,Answer using only one word - car or chili and not bucket. Which is more similar in semantic meaning to bucket?,bucket
bucket|car|coconut,Answer using only one word - car or coconut and not bucket. Which is more similar in semantic meaning to bucket?,coconut
bucket|car|eagle,Answer using only one word - car or eagle and not bucket. Which is more similar in semantic meaning to bucket?,bucket
bucket|car|fly,Answer using only one word - car or fly and not bucket. Which is more similar in semantic meaning to bucket?,fly
bucket|carrot|cart,Answer using only one word - carrot or cart and not bucket. Which is more similar in semantic meaning to bucket?,cart
bucket|carrot|chinchilla,Answer using only one word - carrot or chinchilla and not bucket. Which is more similar in semantic meaning to bucket?,chinchilla
bucket|carrot|crow,Answer using only one word - carrot or crow and not bucket. Which is more similar in semantic meaning to bucket?,crow
bucket|carrot|eggbeater,Answer using only one word - carrot or eggbeater and not bucket. Which is more similar in semantic meaning to bucket?,bucket
bucket|carrot|grenade,Answer using only one word - carrot or grenade and not bucket. Which is more similar in semantic meaning to bucket?,grenade
bucket|cart|caterpillar,Answer using only one word - cart or caterpillar and not bucket. Which is more similar in semantic meaning to bucket?,None
bucket|cart|clarinet,Answer using only one word - cart or clarinet and not bucket. Which is more similar in semantic meaning to bucket?,cart
bucket|cart|dragonfly,Answer using only one word - cart or dragonfly and not bucket. Which is more similar in semantic meaning to bucket?,cart
bucket|cart|file,Answer using only one word - cart or file and not bucket. Which is more similar in semantic meaning to bucket?,file
bucket|cart|missile,Answer using only one word - cart or missile and not bucket. Which is more similar in semantic meaning to bucket?,cart
bucket|cat|chinchilla,Answer using only one word - cat or chinchilla and not bucket. Which is more similar in semantic meaning to bucket?,chinchilla
bucket|cat|crow,Answer using only one word - cat or crow and not bucket. Which is more similar in semantic meaning to bucket?,None
bucket|cat|eggbeater,Answer using only one word - cat or eggbeater and not bucket. Which is more similar in semantic meaning to bucket?,eggbeater
bucket|cat|grenade,Answer using only one word - cat or grenade and not bucket. Which is more similar in semantic meaning to bucket?,bucket
bucket|caterpillar|chili,Answer using only one word - caterpillar or chili and not bucket. Which is more similar in semantic meaning to bucket?,bucket
bucket|caterpillar|coconut,Answer using only one word - caterpillar or coconut and not bucket. Which is more similar in semantic meaning to bucket?,coconut
bucket|caterpillar|eagle,Answer using only one word - caterpillar or eagle and not bucket. Which is more similar in semantic meaning to bucket?,bucket
bucket|caterpillar|fly,Answer using only one word - caterpillar or fly and not bucket. Which is more similar in semantic meaning to bucket?,None.
bucket|celery|chili,Answer using only one word - celery or chili and not bucket. Which is more similar in semantic meaning to bucket?,None.
bucket|celery|coconut,Answer using only one word - celery or coconut and not bucket. Which is more similar in semantic meaning to bucket?,None.
bucket|celery|eagle,Answer using only one word - celery or eagle and not bucket. Which is more similar in semantic meaning to bucket?,None.
bucket|celery|fly,Answer using only one word - celery or fly and not bucket. Which is more similar in semantic meaning to bucket?,fly
bucket|chili|chinchilla,Answer using only one word - chili or chinchilla and not bucket. Which is more similar in semantic meaning to bucket?,None.
bucket|chili|crow,Answer using only one word - chili or crow and not bucket. Which is more similar in semantic meaning to bucket?,bucket
bucket|chili|eggbeater,Answer using only one word - chili or eggbeater and not bucket. Which is more similar in semantic meaning to bucket?,bucket
bucket|chili|grenade,Answer using only one word - chili or grenade and not bucket. Which is more similar in semantic meaning to bucket?,bucket
bucket|chinchilla|clarinet,Answer using only one word - chinchilla or clarinet and not bucket. Which is more similar in semantic meaning to bucket?,bucket
bucket|chinchilla|dragonfly,Answer using only one word - chinchilla or dragonfly and not bucket. Which is more similar in semantic meaning to bucket?,None.
bucket|chinchilla|file,Answer using only one word - chinchilla or file and not bucket. Which is more similar in semantic meaning to bucket?,file
bucket|chinchilla|missile,Answer using only one word - chinchilla or missile and not bucket. Which is more similar in semantic meaning to bucket?,bucket
bucket|chisel|crow,Answer using only one word - chisel or crow and not bucket. Which is more similar in semantic meaning to bucket?,none
bucket|chisel|eggbeater,Answer using only one word - chisel or eggbeater and not bucket. Which is more similar in semantic meaning to bucket?,none
bucket|chisel|grenade,Answer using only one word - chisel or grenade and not bucket. Which is more similar in semantic meaning to bucket?,none
bucket|clarinet|coconut,Answer using only one word - clarinet or coconut and not bucket. Which is more similar in semantic meaning to bucket?,coconut
bucket|clarinet|eagle,Answer using only one word - clarinet or eagle and not bucket. Which is more similar in semantic meaning to bucket?,bucket
bucket|clarinet|fly,Answer using only one word - clarinet or fly and not bucket. Which is more similar in semantic meaning to bucket?,fly
bucket|coat|coconut,Answer using only one word - coat or coconut and not bucket. Which is more similar in semantic meaning to bucket?,coconut
bucket|coat|eagle,Answer using only one word - coat or eagle and not bucket. Which is more similar in semantic meaning to bucket?,bucket
bucket|coat|fly,Answer using only one word - coat or fly and not bucket. Which is more similar in semantic meaning to bucket?,fly
bucket|coconut|crow,Answer using only one word - coconut or crow and not bucket. Which is more similar in semantic meaning to bucket?,crow
bucket|coconut|eggbeater,Answer using only one word - coconut or eggbeater and not bucket. Which is more similar in semantic meaning to bucket?,eggbeater
bucket|coconut|grenade,Answer using only one word - coconut or grenade and not bucket. Which is more similar in semantic meaning to bucket?,grenade
bucket|crow|dragonfly,Answer using only one word - crow or dragonfly and not bucket. Which is more similar in semantic meaning to bucket?,None.
bucket|crow|file,Answer using only one word - crow or file and not bucket. Which is more similar in semantic meaning to bucket?,file
bucket|crow|missile,Answer using only one word - crow or missile and not bucket. Which is more similar in semantic meaning to bucket?,bucket
bucket|crowbar|eggbeater,Answer using only one word - crowbar or eggbeater and not bucket. Which is more similar in semantic meaning to bucket?,None.
bucket|crowbar|grenade,Answer using only one word - crowbar or grenade and not bucket. Which is more similar in semantic meaning to bucket?,none
bucket|dragonfly|eagle,Answer using only one word - dragonfly or eagle and not bucket. Which is more similar in semantic meaning to bucket?,none
bucket|dragonfly|fly,Answer using only one word - dragonfly or fly and not bucket. Which is more similar in semantic meaning to bucket?,fly
bucket|dress|eagle,Answer using only one word - dress or eagle and not bucket. Which is more similar in semantic meaning to bucket?,bucket
bucket|dress|fly,Answer using only one word - dress or fly and not bucket. Which is more similar in semantic meaning to bucket?,fly
bucket|eagle|eggbeater,Answer using only one word - eagle or eggbeater and not bucket. Which is more similar in semantic meaning to bucket?,eggbeater
bucket|eagle|grenade,Answer using only one word - eagle or grenade and not bucket. Which is more similar in semantic meaning to bucket?,bucket
bucket|eggbeater|file,Answer using only one word - eggbeater or file and not bucket. Which is more similar in semantic meaning to bucket?,file
bucket|eggbeater|missile,Answer using only one word - eggbeater or missile and not bucket. Which is more similar in semantic meaning to bucket?,missile
bucket|fig|grenade,Answer using only one word - fig or grenade and not bucket. Which is more similar in semantic meaning to bucket?,grenade
bucket|file|fly,Answer using only one word - file or fly and not bucket. Which is more similar in semantic meaning to bucket?,fly
bucket|flute|fly,Answer using only one word - flute or fly and not bucket. Which is more similar in semantic meaning to bucket?,fly
bucket|fly|grenade,Answer using only one word - fly or grenade and not bucket. Which is more similar in semantic meaning to bucket?,none
bucket|grenade|missile,Answer using only one word - grenade or missile and not bucket. Which is more similar in semantic meaning to bucket?,none
burrito|cactus|candle,Answer using only one word - cactus or candle and not burrito. Which is more similar in semantic meaning to burrito?,cactus
burrito|cactus|cart,Answer using only one word - cactus or cart and not burrito. Which is more similar in semantic meaning to burrito?,cactus
burrito|cactus|chinchilla,Answer using only one word - cactus or chinchilla and not burrito. Which is more similar in semantic meaning to burrito?,chinchilla
burrito|cactus|crow,Answer using only one word - cactus or crow and not burrito. Which is more similar in semantic meaning to burrito?,cactus
burrito|cactus|eggbeater,Answer using only one word - cactus or eggbeater and not burrito. Which is more similar in semantic meaning to burrito?,eggbeater
burrito|cactus|grenade,Answer using only one word - cactus or grenade and not burrito. Which is more similar in semantic meaning to burrito?,burrito
burrito|candle|cannon,Answer using only one word - candle or cannon and not burrito. Which is more similar in semantic meaning to burrito?,None
burrito|candle|caterpillar,Answer using only one word - candle or caterpillar and not burrito. Which is more similar in semantic meaning to burrito?,caterpillar
burrito|candle|clarinet,Answer using only one word - candle or clarinet and not burrito. Which is more similar in semantic meaning to burrito?,burrito
burrito|candle|dragonfly,Answer using only one word - candle or dragonfly and not burrito. Which is more similar in semantic meaning to burrito?,burrito
burrito|candle|file,Answer using only one word - candle or file and not burrito. Which is more similar in semantic meaning to burrito?,burrito
burrito|candle|missile,Answer using only one word - candle or missile and not burrito. Which is more similar in semantic meaning to burrito?,burrito
burrito|candy|cart,Answer using only one word - candy or cart and not burrito. Which is more similar in semantic meaning to burrito?,None
burrito|candy|chinchilla,Answer using only one word - candy or chinchilla and not burrito. Which is more similar in semantic meaning to burrito?,chinchilla
burrito|candy|crow,Answer using only one word - candy or crow and not burrito. Which is more similar in semantic meaning to burrito?,None
burrito|candy|eggbeater,Answer using only one word - candy or eggbeater and not burrito. Which is more similar in semantic meaning to burrito?,burrito
burrito|candy|grenade,Answer using only one word - candy or grenade and not burrito. Which is more similar in semantic meaning to burrito?,None
burrito|cannon|carrot,Answer using only one word - cannon or carrot and not burrito. Which is more similar in semantic meaning to burrito?,burrito
burrito|cannon|chili,Answer using only one word - cannon or chili and not burrito. Which is more similar in semantic meaning to burrito?,chili
burrito|cannon|coconut,Answer using only one word - cannon or coconut and not burrito. Which is more similar in semantic meaning to burrito?,burrito
burrito|cannon|eagle,Answer using only one word - cannon or eagle and not burrito. Which is more similar in semantic meaning to burrito?,burrito
burrito|cannon|fly,Answer using only one word - cannon or fly and not burrito. Which is more similar in semantic meaning to burrito?,None
burrito|car|carrot,Answer using only one word - car or carrot and not burrito. Which is more similar in semantic meaning to burrito?,carrot
burrito|car|chili,Answer using only one word - car or chili and not burrito. Which is more similar in semantic meaning to burrito?,chili
burrito|car|coconut,Answer using only one word - car or coconut and not burrito. Which is more similar in semantic meaning to burrito?,coconut
burrito|car|eagle,Answer using only one word - car or eagle and not burrito. Which is more similar in semantic meaning to burrito?,burrito
burrito|car|fly,Answer using only one word - car or fly and not burrito. Which is more similar in semantic meaning to burrito?,None
burrito|carrot|cart,Answer using only one word - carrot or cart and not burrito. Which is more similar in semantic meaning to burrito?,cart
burrito|carrot|chinchilla,Answer using only one word - carrot or chinchilla and not burrito. Which is more similar in semantic meaning to burrito?,chinchilla
burrito|carrot|crow,Answer using only one word - carrot or crow and not burrito. Which is more similar in semantic meaning to burrito?,None
burrito|carrot|eggbeater,Answer using only one word - carrot or eggbeater and not burrito. Which is more similar in semantic meaning to burrito?,None
burrito|carrot|grenade,Answer using only one word - carrot or grenade and not burrito. Which is more similar in semantic meaning to burrito?,burrito
burrito|cart|caterpillar,Answer using only one word - cart or caterpillar and not burrito. Which is more similar in semantic meaning to burrito?,caterpillar
burrito|cart|clarinet,Answer using only one word - cart or clarinet and not burrito. Which is more similar in semantic meaning to burrito?,None
burrito|cart|dragonfly,Answer using only one word - cart or dragonfly and not burrito. Which is more similar in semantic meaning to burrito?,None
burrito|cart|file,Answer using only one word - cart or file and not burrito. Which is more similar in semantic meaning to burrito?,file
burrito|cart|missile,Answer using only one word - cart or missile and not burrito. Which is more similar in semantic meaning to burrito?,cart
burrito|cat|chinchilla,Answer using only one word - cat or chinchilla and not burrito. Which is more similar in semantic meaning to burrito?,None
burrito|cat|crow,Answer using only one word - cat or crow and not burrito. Which is more similar in semantic meaning to burrito?,None
burrito|cat|eggbeater,Answer using only one word - cat or eggbeater and not burrito. Which is more similar in semantic meaning to burrito?,eggbeater
burrito|cat|grenade,Answer using only one word - cat or grenade and not burrito. Which is more similar in semantic meaning to burrito?,burrito
burrito|caterpillar|chili,Answer using only one word - caterpillar or chili and not burrito. Which is more similar in semantic meaning to burrito?,chili
burrito|caterpillar|coconut,Answer using only one word - caterpillar or coconut and not burrito. Which is more similar in semantic meaning to burrito?,coconut
burrito|caterpillar|eagle,Answer using only one word - caterpillar or eagle and not burrito. Which is more similar in semantic meaning to burrito?,burrito
burrito|caterpillar|fly,Answer using only one word - caterpillar or fly and not burrito. Which is more similar in semantic meaning to burrito?,caterpillar
burrito|celery|chili,Answer using only one word - celery or chili and not burrito. Which is more similar in semantic meaning to burrito?,chili
burrito|celery|coconut,Answer using only one word - celery or coconut and not burrito. Which is more similar in semantic meaning to burrito?,coconut
burrito|celery|eagle,Answer using only one word - celery or eagle and not burrito. Which is more similar in semantic meaning to burrito?,None
burrito|celery|fly,Answer using only one word - celery or fly and not burrito. Which is more similar in semantic meaning to burrito?,fly
burrito|chili|chinchilla,Answer using only one word - chili or chinchilla and not burrito. Which is more similar in semantic meaning to burrito?,chili
burrito|chili|crow,Answer using only one word - chili or crow and not burrito. Which is more similar in semantic meaning to burrito?,chili
burrito|chili|eggbeater,Answer using only one word - chili or eggbeater and not burrito. Which is more similar in semantic meaning to burrito?,chili
burrito|chili|grenade,Answer using only one word - chili or grenade and not burrito. Which is more similar in semantic meaning to burrito?,chili
burrito|chinchilla|clarinet,Answer using only one word - chinchilla or clarinet and not burrito. Which is more similar in semantic meaning to burrito?,burrito
burrito|chinchilla|dragonfly,Answer using only one word - chinchilla or dragonfly and not burrito. Which is more similar in semantic meaning to burrito?,None
