subject,region,n_concepts,n_voxels,arm,layer,layer_name,rsa_spearman
01,Early Visual,90,6507,base,0,embedding,0.03486323018103823
01,Early Visual,90,6507,base,1,layer_1,0.02491762044511572
01,Early Visual,90,6507,base,2,layer_2,0.032188175660607464
01,Early Visual,90,6507,base,3,layer_3,0.05442670739669062
01,Early Visual,90,6507,base,4,layer_4,0.06480231218460952
01,Early Visual,90,6507,base,5,layer_5,0.07031662244461025
01,Early Visual,90,6507,base,6,layer_6,0.07122779333788663
01,Early Visual,90,6507,base,7,layer_7,0.07207926506675014
01,Early Visual,90,6507,base,8,layer_8,0.06215726472588371
01,Early Visual,90,6507,base,9,layer_9,0.06288815008656595
01,Early Visual,90,6507,base,10,layer_10,0.06417789495083666
01,Early Visual,90,6507,base,11,layer_11,0.060331777810615744
01,Early Visual,90,6507,base,12,layer_12,0.057759703614516905
01,Early Visual,90,6507,base,13,layer_13,0.05611228026201072
01,Early Visual,90,6507,base,14,layer_14,0.054332980431473145
01,Early Visual,90,6507,base,15,layer_15,0.056383081877985596
01,Early Visual,90,6507,base,16,layer_16,0.056668426888938826
01,Early Visual,90,6507,base,17,layer_17,0.06015872306660843
01,Early Visual,90,6507,base,18,layer_18,0.06434477020900757
01,Early Visual,90,6507,base,19,layer_19,0.06674401904983
01,Early Visual,90,6507,base,20,layer_20,0.06553063709632229
01,Early Visual,90,6507,base,21,layer_21,0.07061733724772874
01,Early Visual,90,6507,base,22,layer_22,0.07218986947596281
01,Early Visual,90,6507,base,23,layer_23,0.0720130615736645
01,Early Visual,90,6507,base,24,layer_24,0.07321887444624686
01,Early Visual,90,6507,base,25,layer_25,0.07335253802687483
01,Early Visual,90,6507,base,26,layer_26,0.07539900399823998
01,Early Visual,90,6507,base,27,layer_27,0.07378399749506012
01,Early Visual,90,6507,base,28,layer_28,0.07371015636594795
01,Early Visual,90,6507,base,29,layer_29,0.07392966008638006
01,Early Visual,90,6507,base,30,layer_30,0.07497192682616793
01,Early Visual,90,6507,base,31,layer_31,0.07410114497461007
01,Early Visual,90,6507,base,32,layer_32,0.07081769336028397
01,Early Visual,90,6507,scrambled,0,embedding,0.03486323018103823
01,Early Visual,90,6507,scrambled,1,layer_1,0.02360270969435874
01,Early Visual,90,6507,scrambled,2,layer_2,0.03130527393963701
01,Early Visual,90,6507,scrambled,3,layer_3,0.039711992846897234
01,Early Visual,90,6507,scrambled,4,layer_4,0.04650647323323702
01,Early Visual,90,6507,scrambled,5,layer_5,0.05905661986540668
01,Early Visual,90,6507,scrambled,6,layer_6,0.0600436098986027
01,Early Visual,90,6507,scrambled,7,layer_7,0.05146705142554066
01,Early Visual,90,6507,scrambled,8,layer_8,0.05292578498780432
01,Early Visual,90,6507,scrambled,9,layer_9,0.051133423449107235
01,Early Visual,90,6507,scrambled,10,layer_10,0.048880074247079915
01,Early Visual,90,6507,scrambled,11,layer_11,0.05069124678250316
01,Early Visual,90,6507,scrambled,12,layer_12,0.047645144136362366
01,Early Visual,90,6507,scrambled,13,layer_13,0.045095324756731524
01,Early Visual,90,6507,scrambled,14,layer_14,0.0410317937992718
01,Early Visual,90,6507,scrambled,15,layer_15,0.04329894779445174
01,Early Visual,90,6507,scrambled,16,layer_16,0.040241014816791605
01,Early Visual,90,6507,scrambled,17,layer_17,0.03599954788004175
01,Early Visual,90,6507,scrambled,18,layer_18,0.038383867399893926
01,Early Visual,90,6507,scrambled,19,layer_19,0.04038768499998004
01,Early Visual,90,6507,scrambled,20,layer_20,0.042061911342260484
01,Early Visual,90,6507,scrambled,21,layer_21,0.042011015624191364
01,Early Visual,90,6507,scrambled,22,layer_22,0.04271154620574311
01,Early Visual,90,6507,scrambled,23,layer_23,0.04418941168479782
01,Early Visual,90,6507,scrambled,24,layer_24,0.04591659338696087
01,Early Visual,90,6507,scrambled,25,layer_25,0.04413493074041577
01,Early Visual,90,6507,scrambled,26,layer_26,0.04543948033096333
01,Early Visual,90,6507,scrambled,27,layer_27,0.043446033791414596
01,Early Visual,90,6507,scrambled,28,layer_28,0.044519807671148076
01,Early Visual,90,6507,scrambled,29,layer_29,0.04396479323078189
01,Early Visual,90,6507,scrambled,30,layer_30,0.043113809606766806
01,Early Visual,90,6507,scrambled,31,layer_31,0.043337167169957315
01,Early Visual,90,6507,scrambled,32,layer_32,0.03685078965977843
01,Early Visual,90,6507,lowLR,0,embedding,0.03486323018103823
01,Early Visual,90,6507,lowLR,1,layer_1,0.029682688455203846
01,Early Visual,90,6507,lowLR,2,layer_2,0.03812681117510391
01,Early Visual,90,6507,lowLR,3,layer_3,0.061445812401401505
01,Early Visual,90,6507,lowLR,4,layer_4,0.07486803185053563
01,Early Visual,90,6507,lowLR,5,layer_5,0.0767711580716792
01,Early Visual,90,6507,lowLR,6,layer_6,0.0811213901982244
01,Early Visual,90,6507,lowLR,7,layer_7,0.08281258738382043
01,Early Visual,90,6507,lowLR,8,layer_8,0.07713682705857366
01,Early Visual,90,6507,lowLR,9,layer_9,0.08153750789404052
01,Early Visual,90,6507,lowLR,10,layer_10,0.08201945268368106
01,Early Visual,90,6507,lowLR,11,layer_11,0.079419987829284
01,Early Visual,90,6507,lowLR,12,layer_12,0.07525983639566075
01,Early Visual,90,6507,lowLR,13,layer_13,0.07225906230769723
01,Early Visual,90,6507,lowLR,14,layer_14,0.06875303208051278
01,Early Visual,90,6507,lowLR,15,layer_15,0.06311405464922382
01,Early Visual,90,6507,lowLR,16,layer_16,0.059826351684631685
01,Early Visual,90,6507,lowLR,17,layer_17,0.06281826834144427
01,Early Visual,90,6507,lowLR,18,layer_18,0.06369464966905884
01,Early Visual,90,6507,lowLR,19,layer_19,0.06433531875817886
01,Early Visual,90,6507,lowLR,20,layer_20,0.06385399600801217
01,Early Visual,90,6507,lowLR,21,layer_21,0.06466806317704128
01,Early Visual,90,6507,lowLR,22,layer_22,0.06656318432923189
01,Early Visual,90,6507,lowLR,23,layer_23,0.06932862911591448
01,Early Visual,90,6507,lowLR,24,layer_24,0.06944922295604139
01,Early Visual,90,6507,lowLR,25,layer_25,0.06889352987621315
01,Early Visual,90,6507,lowLR,26,layer_26,0.06979503113784838
01,Early Visual,90,6507,lowLR,27,layer_27,0.06946962099401979
01,Early Visual,90,6507,lowLR,28,layer_28,0.07080251223474592
01,Early Visual,90,6507,lowLR,29,layer_29,0.07057465842827126
01,Early Visual,90,6507,lowLR,30,layer_30,0.07384792484670757
01,Early Visual,90,6507,lowLR,31,layer_31,0.07079324459377974
01,Early Visual,90,6507,lowLR,32,layer_32,0.06616238785793442
01,Early Visual,90,6507,lowrank,0,embedding,0.03486323018103823
01,Early Visual,90,6507,lowrank,1,layer_1,0.029068020429293132
01,Early Visual,90,6507,lowrank,2,layer_2,0.03991006964243739
01,Early Visual,90,6507,lowrank,3,layer_3,0.06125270613089447
01,Early Visual,90,6507,lowrank,4,layer_4,0.077111391995246
01,Early Visual,90,6507,lowrank,5,layer_5,0.07631747479560032
01,Early Visual,90,6507,lowrank,6,layer_6,0.07892705330200774
01,Early Visual,90,6507,lowrank,7,layer_7,0.07982595339256977
01,Early Visual,90,6507,lowrank,8,layer_8,0.07671287764294321
01,Early Visual,90,6507,lowrank,9,layer_9,0.08364832001960579
01,Early Visual,90,6507,lowrank,10,layer_10,0.08486027090872632
01,Early Visual,90,6507,lowrank,11,layer_11,0.08266902048645165
01,Early Visual,90,6507,lowrank,12,layer_12,0.07814592620529782
01,Early Visual,90,6507,lowrank,13,layer_13,0.07532262296800883
01,Early Visual,90,6507,lowrank,14,layer_14,0.06917190262789841
01,Early Visual,90,6507,lowrank,15,layer_15,0.06344501458067066
01,Early Visual,90,6507,lowrank,16,layer_16,0.05816625778031984
01,Early Visual,90,6507,lowrank,17,layer_17,0.05959510505444413
01,Early Visual,90,6507,lowrank,18,layer_18,0.059889555191546026
01,Early Visual,90,6507,lowrank,19,layer_19,0.06078055145801841
01,Early Visual,90,6507,lowrank,20,layer_20,0.05903417208594275
01,Early Visual,90,6507,lowrank,21,layer_21,0.059667891892027605
01,Early Visual,90,6507,lowrank,22,layer_22,0.06226822853568129
01,Early Visual,90,6507,lowrank,23,layer_23,0.06364846015594611
01,Early Visual,90,6507,lowrank,24,layer_24,0.06299942603689232
01,Early Visual,90,6507,lowrank,25,layer_25,0.06173027049240819
01,Early Visual,90,6507,lowrank,26,layer_26,0.06344947346422661
01,Early Visual,90,6507,lowrank,27,layer_27,0.06273132440847162
01,Early Visual,90,6507,lowrank,28,layer_28,0.06516694145026927
01,Early Visual,90,6507,lowrank,29,layer_29,0.06545138310299557
01,Early Visual,90,6507,lowrank,30,layer_30,0.07220677325856636
01,Early Visual,90,6507,lowrank,31,layer_31,0.07034597392824099
01,Early Visual,90,6507,lowrank,32,layer_32,0.06688757754125993
01,Early Visual,90,6507,taskvec_a0p25,0,embedding,0.03486323018103823
01,Early Visual,90,6507,taskvec_a0p25,1,layer_1,0.027856634979658314
01,Early Visual,90,6507,taskvec_a0p25,2,layer_2,0.0355312173489402
01,Early Visual,90,6507,taskvec_a0p25,3,layer_3,0.05513269492693615
01,Early Visual,90,6507,taskvec_a0p25,4,layer_4,0.07082107124010562
01,Early Visual,90,6507,taskvec_a0p25,5,layer_5,0.0744879009128702
01,Early Visual,90,6507,taskvec_a0p25,6,layer_6,0.07626046366362858
01,Early Visual,90,6507,taskvec_a0p25,7,layer_7,0.07894545352852275
01,Early Visual,90,6507,taskvec_a0p25,8,layer_8,0.07387711549670858
01,Early Visual,90,6507,taskvec_a0p25,9,layer_9,0.07863675495149633
01,Early Visual,90,6507,taskvec_a0p25,10,layer_10,0.0795413933095052
01,Early Visual,90,6507,taskvec_a0p25,11,layer_11,0.07705745463490868
01,Early Visual,90,6507,taskvec_a0p25,12,layer_12,0.07458711695614768
01,Early Visual,90,6507,taskvec_a0p25,13,layer_13,0.0711205819391855
01,Early Visual,90,6507,taskvec_a0p25,14,layer_14,0.0657598655539946
01,Early Visual,90,6507,taskvec_a0p25,15,layer_15,0.058224382792586675
01,Early Visual,90,6507,taskvec_a0p25,16,layer_16,0.05644824340825283
01,Early Visual,90,6507,taskvec_a0p25,17,layer_17,0.05771873699140104
01,Early Visual,90,6507,taskvec_a0p25,18,layer_18,0.06192554194596077
01,Early Visual,90,6507,taskvec_a0p25,19,layer_19,0.06387048229565354
01,Early Visual,90,6507,taskvec_a0p25,20,layer_20,0.06190795634831829
01,Early Visual,90,6507,taskvec_a0p25,21,layer_21,0.0646772230351917
01,Early Visual,90,6507,taskvec_a0p25,22,layer_22,0.06686435977779862
01,Early Visual,90,6507,taskvec_a0p25,23,layer_23,0.06744382261107175
01,Early Visual,90,6507,taskvec_a0p25,24,layer_24,0.06760723649042857
01,Early Visual,90,6507,taskvec_a0p25,25,layer_25,0.0669195180540522
01,Early Visual,90,6507,taskvec_a0p25,26,layer_26,0.06833373357744105
01,Early Visual,90,6507,taskvec_a0p25,27,layer_27,0.06763418555673993
01,Early Visual,90,6507,taskvec_a0p25,28,layer_28,0.06802632615261986
01,Early Visual,90,6507,taskvec_a0p25,29,layer_29,0.06863832426555756
01,Early Visual,90,6507,taskvec_a0p25,30,layer_30,0.0732342939268506
01,Early Visual,90,6507,taskvec_a0p25,31,layer_31,0.07074189327382573
01,Early Visual,90,6507,taskvec_a0p25,32,layer_32,0.07009864860504632
01,Early Visual,90,6507,taskvec_a0p5,0,embedding,0.03486323018103823
01,Early Visual,90,6507,taskvec_a0p5,1,layer_1,0.031158951762316384
01,Early Visual,90,6507,taskvec_a0p5,2,layer_2,0.037696371440698775
01,Early Visual,90,6507,taskvec_a0p5,3,layer_3,0.05530572221154326
01,Early Visual,90,6507,taskvec_a0p5,4,layer_4,0.06914000526559216
01,Early Visual,90,6507,taskvec_a0p5,5,layer_5,0.07244941722102385
01,Early Visual,90,6507,taskvec_a0p5,6,layer_6,0.0754665332012794
01,Early Visual,90,6507,taskvec_a0p5,7,layer_7,0.07739386292231182
01,Early Visual,90,6507,taskvec_a0p5,8,layer_8,0.07398606561715831
01,Early Visual,90,6507,taskvec_a0p5,9,layer_9,0.07906042528995741
01,Early Visual,90,6507,taskvec_a0p5,10,layer_10,0.0792508967656359
01,Early Visual,90,6507,taskvec_a0p5,11,layer_11,0.07765447093645807
01,Early Visual,90,6507,taskvec_a0p5,12,layer_12,0.07669980640805305
01,Early Visual,90,6507,taskvec_a0p5,13,layer_13,0.07267771691585409
01,Early Visual,90,6507,taskvec_a0p5,14,layer_14,0.06632735048482213
01,Early Visual,90,6507,taskvec_a0p5,15,layer_15,0.05640323987971056
01,Early Visual,90,6507,taskvec_a0p5,16,layer_16,0.05420283800522432
01,Early Visual,90,6507,taskvec_a0p5,17,layer_17,0.05372145398510345
01,Early Visual,90,6507,taskvec_a0p5,18,layer_18,0.05811548217377676
01,Early Visual,90,6507,taskvec_a0p5,19,layer_19,0.059992614990455315
01,Early Visual,90,6507,taskvec_a0p5,20,layer_20,0.05734946409832957
01,Early Visual,90,6507,taskvec_a0p5,21,layer_21,0.05928382772218144
01,Early Visual,90,6507,taskvec_a0p5,22,layer_22,0.06098791476118744
01,Early Visual,90,6507,taskvec_a0p5,23,layer_23,0.06114958188645411
01,Early Visual,90,6507,taskvec_a0p5,24,layer_24,0.061045271470644646
01,Early Visual,90,6507,taskvec_a0p5,25,layer_25,0.06123098070177452
01,Early Visual,90,6507,taskvec_a0p5,26,layer_26,0.061262428626550985
01,Early Visual,90,6507,taskvec_a0p5,27,layer_27,0.060421657471027235
01,Early Visual,90,6507,taskvec_a0p5,28,layer_28,0.060324705800873575
01,Early Visual,90,6507,taskvec_a0p5,29,layer_29,0.059557380321739406
01,Early Visual,90,6507,taskvec_a0p5,30,layer_30,0.06484826315585794
01,Early Visual,90,6507,taskvec_a0p5,31,layer_31,0.062018152602500806
01,Early Visual,90,6507,taskvec_a0p5,32,layer_32,0.06333507218584099
01,Early Visual,90,6507,taskvec_a1p0,0,embedding,0.03486323018103823
01,Early Visual,90,6507,taskvec_a1p0,1,layer_1,0.03368754521239277
01,Early Visual,90,6507,taskvec_a1p0,2,layer_2,0.037582921714589386
01,Early Visual,90,6507,taskvec_a1p0,3,layer_3,0.05516868822303929
01,Early Visual,90,6507,taskvec_a1p0,4,layer_4,0.05632957209973708
01,Early Visual,90,6507,taskvec_a1p0,5,layer_5,0.0573673960206521
01,Early Visual,90,6507,taskvec_a1p0,6,layer_6,0.064450506085245
01,Early Visual,90,6507,taskvec_a1p0,7,layer_7,0.06895550742364791
01,Early Visual,90,6507,taskvec_a1p0,8,layer_8,0.0669546610427424
01,Early Visual,90,6507,taskvec_a1p0,9,layer_9,0.07459588024078367
01,Early Visual,90,6507,taskvec_a1p0,10,layer_10,0.07057518221166009
01,Early Visual,90,6507,taskvec_a1p0,11,layer_11,0.07160415729416161
01,Early Visual,90,6507,taskvec_a1p0,12,layer_12,0.07390438305470251
01,Early Visual,90,6507,taskvec_a1p0,13,layer_13,0.0703438154699465
01,Early Visual,90,6507,taskvec_a1p0,14,layer_14,0.06148034362454306
01,Early Visual,90,6507,taskvec_a1p0,15,layer_15,0.05000517572334005
01,Early Visual,90,6507,taskvec_a1p0,16,layer_16,0.047180798207067796
01,Early Visual,90,6507,taskvec_a1p0,17,layer_17,0.04514759269761598
01,Early Visual,90,6507,taskvec_a1p0,18,layer_18,0.04741335728450562
01,Early Visual,90,6507,taskvec_a1p0,19,layer_19,0.04900021285891919
01,Early Visual,90,6507,taskvec_a1p0,20,layer_20,0.04832916638803315
01,Early Visual,90,6507,taskvec_a1p0,21,layer_21,0.048913562386611244
01,Early Visual,90,6507,taskvec_a1p0,22,layer_22,0.048597939370768894
01,Early Visual,90,6507,taskvec_a1p0,23,layer_23,0.0488666553799192
01,Early Visual,90,6507,taskvec_a1p0,24,layer_24,0.04932703538727088
01,Early Visual,90,6507,taskvec_a1p0,25,layer_25,0.04977893623071923
01,Early Visual,90,6507,taskvec_a1p0,26,layer_26,0.04893704110777378
01,Early Visual,90,6507,taskvec_a1p0,27,layer_27,0.04985587578888639
01,Early Visual,90,6507,taskvec_a1p0,28,layer_28,0.05015315181582634
01,Early Visual,90,6507,taskvec_a1p0,29,layer_29,0.04953645515667652
01,Early Visual,90,6507,taskvec_a1p0,30,layer_30,0.04944073262157934
01,Early Visual,90,6507,taskvec_a1p0,31,layer_31,0.0475954641038476
01,Early Visual,90,6507,taskvec_a1p0,32,layer_32,0.048772884330222484
01,Ventral Visual,90,4404,base,0,embedding,0.10242468107999059
01,Ventral Visual,90,4404,base,1,layer_1,0.10681128703365013
01,Ventral Visual,90,4404,base,2,layer_2,0.1201792140182308
01,Ventral Visual,90,4404,base,3,layer_3,0.17907416451678712
01,Ventral Visual,90,4404,base,4,layer_4,0.1808233288697985
01,Ventral Visual,90,4404,base,5,layer_5,0.18722899685164154
01,Ventral Visual,90,4404,base,6,layer_6,0.21486312233393862
01,Ventral Visual,90,4404,base,7,layer_7,0.20400670120696823
01,Ventral Visual,90,4404,base,8,layer_8,0.17948621317781063
01,Ventral Visual,90,4404,base,9,layer_9,0.1785289304796561
01,Ventral Visual,90,4404,base,10,layer_10,0.17436032323195963
01,Ventral Visual,90,4404,base,11,layer_11,0.1664454825056619
01,Ventral Visual,90,4404,base,12,layer_12,0.15774024610769494
01,Ventral Visual,90,4404,base,13,layer_13,0.159368381566545
01,Ventral Visual,90,4404,base,14,layer_14,0.16161624822846474
01,Ventral Visual,90,4404,base,15,layer_15,0.16323577077558468
01,Ventral Visual,90,4404,base,16,layer_16,0.1647580917159695
01,Ventral Visual,90,4404,base,17,layer_17,0.1794283737806656
01,Ventral Visual,90,4404,base,18,layer_18,0.1926994961056229
01,Ventral Visual,90,4404,base,19,layer_19,0.2058624575343879
01,Ventral Visual,90,4404,base,20,layer_20,0.20647593191698382
01,Ventral Visual,90,4404,base,21,layer_21,0.21540471099559436
01,Ventral Visual,90,4404,base,22,layer_22,0.22804090698204585
01,Ventral Visual,90,4404,base,23,layer_23,0.23040314204579046
01,Ventral Visual,90,4404,base,24,layer_24,0.22965568447009205
01,Ventral Visual,90,4404,base,25,layer_25,0.23109061951192014
01,Ventral Visual,90,4404,base,26,layer_26,0.23215100833504693
01,Ventral Visual,90,4404,base,27,layer_27,0.23088708539408895
01,Ventral Visual,90,4404,base,28,layer_28,0.2327927541315325
01,Ventral Visual,90,4404,base,29,layer_29,0.23464508345108795
01,Ventral Visual,90,4404,base,30,layer_30,0.2339998219173838
01,Ventral Visual,90,4404,base,31,layer_31,0.2359474542222892
01,Ventral Visual,90,4404,base,32,layer_32,0.22834322358350922
01,Ventral Visual,90,4404,scrambled,0,embedding,0.10242468107999059
01,Ventral Visual,90,4404,scrambled,1,layer_1,0.09020590106208869
01,Ventral Visual,90,4404,scrambled,2,layer_2,0.0797233450859753
01,Ventral Visual,90,4404,scrambled,3,layer_3,0.11389912104907031
01,Ventral Visual,90,4404,scrambled,4,layer_4,0.11936421621837319
01,Ventral Visual,90,4404,scrambled,5,layer_5,0.13036021777291895
01,Ventral Visual,90,4404,scrambled,6,layer_6,0.15322158679987105
01,Ventral Visual,90,4404,scrambled,7,layer_7,0.15274499154970583
01,Ventral Visual,90,4404,scrambled,8,layer_8,0.14900340991765654
01,Ventral Visual,90,4404,scrambled,9,layer_9,0.1423535456766509
01,Ventral Visual,90,4404,scrambled,10,layer_10,0.14471647992770803
01,Ventral Visual,90,4404,scrambled,11,layer_11,0.14470798451232297
01,Ventral Visual,90,4404,scrambled,12,layer_12,0.14375586212662061
01,Ventral Visual,90,4404,scrambled,13,layer_13,0.13319466896629242
01,Ventral Visual,90,4404,scrambled,14,layer_14,0.13006523133691933
01,Ventral Visual,90,4404,scrambled,15,layer_15,0.11151695569114387
01,Ventral Visual,90,4404,scrambled,16,layer_16,0.10398012835311943
01,Ventral Visual,90,4404,scrambled,17,layer_17,0.11078185073596451
01,Ventral Visual,90,4404,scrambled,18,layer_18,0.12018134856629925
01,Ventral Visual,90,4404,scrambled,19,layer_19,0.13174262410296
01,Ventral Visual,90,4404,scrambled,20,layer_20,0.13504134650617175
01,Ventral Visual,90,4404,scrambled,21,layer_21,0.1417517434071255
01,Ventral Visual,90,4404,scrambled,22,layer_22,0.15104295201060167
01,Ventral Visual,90,4404,scrambled,23,layer_23,0.14931169043932485
01,Ventral Visual,90,4404,scrambled,24,layer_24,0.14963536615777356
01,Ventral Visual,90,4404,scrambled,25,layer_25,0.14863527967187087
01,Ventral Visual,90,4404,scrambled,26,layer_26,0.14805505395294868
01,Ventral Visual,90,4404,scrambled,27,layer_27,0.14519021248870295
01,Ventral Visual,90,4404,scrambled,28,layer_28,0.1485273823485607
01,Ventral Visual,90,4404,scrambled,29,layer_29,0.14301076232336646
01,Ventral Visual,90,4404,scrambled,30,layer_30,0.1361460024975987
01,Ventral Visual,90,4404,scrambled,31,layer_31,0.1382151131341952
01,Ventral Visual,90,4404,scrambled,32,layer_32,0.12577679388193955
01,Ventral Visual,90,4404,lowLR,0,embedding,0.10242468107999059
01,Ventral Visual,90,4404,lowLR,1,layer_1,0.11343161037720323
01,Ventral Visual,90,4404,lowLR,2,layer_2,0.13034825742954562
01,Ventral Visual,90,4404,lowLR,3,layer_3,0.18719526606067582
01,Ventral Visual,90,4404,lowLR,4,layer_4,0.19661737680047295
01,Ventral Visual,90,4404,lowLR,5,layer_5,0.19883343482944085
01,Ventral Visual,90,4404,lowLR,6,layer_6,0.2311575913078154
01,Ventral Visual,90,4404,lowLR,7,layer_7,0.2257568047461859
01,Ventral Visual,90,4404,lowLR,8,layer_8,0.21603705801846795
01,Ventral Visual,90,4404,lowLR,9,layer_9,0.22082551844874654
01,Ventral Visual,90,4404,lowLR,10,layer_10,0.21910502992868208
01,Ventral Visual,90,4404,lowLR,11,layer_11,0.21183968732926195
01,Ventral Visual,90,4404,lowLR,12,layer_12,0.2051790444330847
01,Ventral Visual,90,4404,lowLR,13,layer_13,0.2019557414207013
01,Ventral Visual,90,4404,lowLR,14,layer_14,0.19687020427763247
01,Ventral Visual,90,4404,lowLR,15,layer_15,0.18646911193596782
01,Ventral Visual,90,4404,lowLR,16,layer_16,0.1770128093861595
01,Ventral Visual,90,4404,lowLR,17,layer_17,0.1868707185529705
01,Ventral Visual,90,4404,lowLR,18,layer_18,0.1907212269556394
01,Ventral Visual,90,4404,lowLR,19,layer_19,0.20323429536520013
01,Ventral Visual,90,4404,lowLR,20,layer_20,0.20335079588671115
01,Ventral Visual,90,4404,lowLR,21,layer_21,0.20807338233670647
01,Ventral Visual,90,4404,lowLR,22,layer_22,0.22130857002033386
01,Ventral Visual,90,4404,lowLR,23,layer_23,0.22382138346842975
01,Ventral Visual,90,4404,lowLR,24,layer_24,0.22285964375470566
01,Ventral Visual,90,4404,lowLR,25,layer_25,0.2237187783374122
01,Ventral Visual,90,4404,lowLR,26,layer_26,0.22430540527215742
01,Ventral Visual,90,4404,lowLR,27,layer_27,0.2222144490949149
01,Ventral Visual,90,4404,lowLR,28,layer_28,0.2251677197281263
01,Ventral Visual,90,4404,lowLR,29,layer_29,0.22534177776763337
01,Ventral Visual,90,4404,lowLR,30,layer_30,0.22818835125880177
01,Ventral Visual,90,4404,lowLR,31,layer_31,0.2253315994832933
01,Ventral Visual,90,4404,lowLR,32,layer_32,0.21440240141906744
01,Ventral Visual,90,4404,lowrank,0,embedding,0.10242468107999059
01,Ventral Visual,90,4404,lowrank,1,layer_1,0.10778430322092358
01,Ventral Visual,90,4404,lowrank,2,layer_2,0.12260781303509347
01,Ventral Visual,90,4404,lowrank,3,layer_3,0.18377161590207192
01,Ventral Visual,90,4404,lowrank,4,layer_4,0.19438432588594987
01,Ventral Visual,90,4404,lowrank,5,layer_5,0.19904425857743074
01,Ventral Visual,90,4404,lowrank,6,layer_6,0.23086371651052723
01,Ventral Visual,90,4404,lowrank,7,layer_7,0.22423322104698917
01,Ventral Visual,90,4404,lowrank,8,layer_8,0.22526447320492207
01,Ventral Visual,90,4404,lowrank,9,layer_9,0.23333751444731046
01,Ventral Visual,90,4404,lowrank,10,layer_10,0.23478733229724721
01,Ventral Visual,90,4404,lowrank,11,layer_11,0.22968393683052032
01,Ventral Visual,90,4404,lowrank,12,layer_12,0.22237753103308705
01,Ventral Visual,90,4404,lowrank,13,layer_13,0.21703686150442986
01,Ventral Visual,90,4404,lowrank,14,layer_14,0.2060119026113854
01,Ventral Visual,90,4404,lowrank,15,layer_15,0.1956604639636272
01,Ventral Visual,90,4404,lowrank,16,layer_16,0.18008501340637967
01,Ventral Visual,90,4404,lowrank,17,layer_17,0.19055039847783317
01,Ventral Visual,90,4404,lowrank,18,layer_18,0.18976425098085306
01,Ventral Visual,90,4404,lowrank,19,layer_19,0.20142530090192867
01,Ventral Visual,90,4404,lowrank,20,layer_20,0.20173615476167267
01,Ventral Visual,90,4404,lowrank,21,layer_21,0.2070783551051913
01,Ventral Visual,90,4404,lowrank,22,layer_22,0.219843294396072
01,Ventral Visual,90,4404,lowrank,23,layer_23,0.22105550811088012
01,Ventral Visual,90,4404,lowrank,24,layer_24,0.21989552254884592
01,Ventral Visual,90,4404,lowrank,25,layer_25,0.2189693674157989
01,Ventral Visual,90,4404,lowrank,26,layer_26,0.21858332934471536
01,Ventral Visual,90,4404,lowrank,27,layer_27,0.21746266545696616
01,Ventral Visual,90,4404,lowrank,28,layer_28,0.22152785163718208
01,Ventral Visual,90,4404,lowrank,29,layer_29,0.2208559038628541
01,Ventral Visual,90,4404,lowrank,30,layer_30,0.22807265453184217
01,Ventral Visual,90,4404,lowrank,31,layer_31,0.2252389262492086
01,Ventral Visual,90,4404,lowrank,32,layer_32,0.21163858420894216
01,Ventral Visual,90,4404,taskvec_a0p25,0,embedding,0.10242468107999059
01,Ventral Visual,90,4404,taskvec_a0p25,1,layer_1,0.11121277913561398
01,Ventral Visual,90,4404,taskvec_a0p25,2,layer_2,0.13130706608579687
01,Ventral Visual,90,4404,taskvec_a0p25,3,layer_3,0.18856676222930213
01,Ventral Visual,90,4404,taskvec_a0p25,4,layer_4,0.1938156648708798
01,Ventral Visual,90,4404,taskvec_a0p25,5,layer_5,0.19988717530214276
01,Ventral Visual,90,4404,taskvec_a0p25,6,layer_6,0.22799507574872616
01,Ventral Visual,90,4404,taskvec_a0p25,7,layer_7,0.22021108448153276
01,Ventral Visual,90,4404,taskvec_a0p25,8,layer_8,0.21062715194719436
01,Ventral Visual,90,4404,taskvec_a0p25,9,layer_9,0.21337380423021626
01,Ventral Visual,90,4404,taskvec_a0p25,10,layer_10,0.20669253745650384
01,Ventral Visual,90,4404,taskvec_a0p25,11,layer_11,0.1987401856951465
01,Ventral Visual,90,4404,taskvec_a0p25,12,layer_12,0.1954399946810208
01,Ventral Visual,90,4404,taskvec_a0p25,13,layer_13,0.19019255336521013
01,Ventral Visual,90,4404,taskvec_a0p25,14,layer_14,0.18640416485054026
01,Ventral Visual,90,4404,taskvec_a0p25,15,layer_15,0.17303053882622732
01,Ventral Visual,90,4404,taskvec_a0p25,16,layer_16,0.1678627884257642
01,Ventral Visual,90,4404,taskvec_a0p25,17,layer_17,0.1768250866524804
01,Ventral Visual,90,4404,taskvec_a0p25,18,layer_18,0.18685078601720492
01,Ventral Visual,90,4404,taskvec_a0p25,19,layer_19,0.1995393420362708
01,Ventral Visual,90,4404,taskvec_a0p25,20,layer_20,0.1979557985885573
01,Ventral Visual,90,4404,taskvec_a0p25,21,layer_21,0.2043112980594399
01,Ventral Visual,90,4404,taskvec_a0p25,22,layer_22,0.21618897107910778
01,Ventral Visual,90,4404,taskvec_a0p25,23,layer_23,0.21675146979381638
01,Ventral Visual,90,4404,taskvec_a0p25,24,layer_24,0.2152379255875697
01,Ventral Visual,90,4404,taskvec_a0p25,25,layer_25,0.21560455714786017
01,Ventral Visual,90,4404,taskvec_a0p25,26,layer_26,0.21626986441730622
01,Ventral Visual,90,4404,taskvec_a0p25,27,layer_27,0.21493301678136786
01,Ventral Visual,90,4404,taskvec_a0p25,28,layer_28,0.21832252593919085
01,Ventral Visual,90,4404,taskvec_a0p25,29,layer_29,0.21981807882114726
01,Ventral Visual,90,4404,taskvec_a0p25,30,layer_30,0.21955618226997675
01,Ventral Visual,90,4404,taskvec_a0p25,31,layer_31,0.21953342066879628
01,Ventral Visual,90,4404,taskvec_a0p25,32,layer_32,0.20973875759898972
01,Ventral Visual,90,4404,taskvec_a0p5,0,embedding,0.10242468107999059
01,Ventral Visual,90,4404,taskvec_a0p5,1,layer_1,0.11307703125201596
01,Ventral Visual,90,4404,taskvec_a0p5,2,layer_2,0.1330069546385522
01,Ventral Visual,90,4404,taskvec_a0p5,3,layer_3,0.1892556472231903
01,Ventral Visual,90,4404,taskvec_a0p5,4,layer_4,0.19512188294688704
01,Ventral Visual,90,4404,taskvec_a0p5,5,layer_5,0.2041181562971911
01,Ventral Visual,90,4404,taskvec_a0p5,6,layer_6,0.23043135069533674
01,Ventral Visual,90,4404,taskvec_a0p5,7,layer_7,0.2228663793400958
01,Ventral Visual,90,4404,taskvec_a0p5,8,layer_8,0.21732878276153253
01,Ventral Visual,90,4404,taskvec_a0p5,9,layer_9,0.21934435279810474
01,Ventral Visual,90,4404,taskvec_a0p5,10,layer_10,0.2157527672990434
01,Ventral Visual,90,4404,taskvec_a0p5,11,layer_11,0.2099421094013475
01,Ventral Visual,90,4404,taskvec_a0p5,12,layer_12,0.2078991163903122
01,Ventral Visual,90,4404,taskvec_a0p5,13,layer_13,0.19941901382381114
01,Ventral Visual,90,4404,taskvec_a0p5,14,layer_14,0.1913281654405923
01,Ventral Visual,90,4404,taskvec_a0p5,15,layer_15,0.17660093257988552
01,Ventral Visual,90,4404,taskvec_a0p5,16,layer_16,0.16918805958953603
01,Ventral Visual,90,4404,taskvec_a0p5,17,layer_17,0.17383474545540437
01,Ventral Visual,90,4404,taskvec_a0p5,18,layer_18,0.18247732604007183
01,Ventral Visual,90,4404,taskvec_a0p5,19,layer_19,0.19330973513576016
01,Ventral Visual,90,4404,taskvec_a0p5,20,layer_20,0.19035418593272824
01,Ventral Visual,90,4404,taskvec_a0p5,21,layer_21,0.19488388391943173
01,Ventral Visual,90,4404,taskvec_a0p5,22,layer_22,0.20405304949892566
01,Ventral Visual,90,4404,taskvec_a0p5,23,layer_23,0.20452790826892595
01,Ventral Visual,90,4404,taskvec_a0p5,24,layer_24,0.20255629811688983
01,Ventral Visual,90,4404,taskvec_a0p5,25,layer_25,0.20306511856097592
01,Ventral Visual,90,4404,taskvec_a0p5,26,layer_26,0.2026061978246062
01,Ventral Visual,90,4404,taskvec_a0p5,27,layer_27,0.20178519426164815
01,Ventral Visual,90,4404,taskvec_a0p5,28,layer_28,0.2051750105164366
01,Ventral Visual,90,4404,taskvec_a0p5,29,layer_29,0.20276717921206244
01,Ventral Visual,90,4404,taskvec_a0p5,30,layer_30,0.20275836026143151
01,Ventral Visual,90,4404,taskvec_a0p5,31,layer_31,0.1989522051412362
01,Ventral Visual,90,4404,taskvec_a0p5,32,layer_32,0.18390617480858523
01,Ventral Visual,90,4404,taskvec_a1p0,0,embedding,0.10242468107999059
01,Ventral Visual,90,4404,taskvec_a1p0,1,layer_1,0.0988583059476719
01,Ventral Visual,90,4404,taskvec_a1p0,2,layer_2,0.11607889867242412
01,Ventral Visual,90,4404,taskvec_a1p0,3,layer_3,0.1754405325116674
01,Ventral Visual,90,4404,taskvec_a1p0,4,layer_4,0.17780407273751528
01,Ventral Visual,90,4404,taskvec_a1p0,5,layer_5,0.19168118834630304
01,Ventral Visual,90,4404,taskvec_a1p0,6,layer_6,0.21828486378403075
01,Ventral Visual,90,4404,taskvec_a1p0,7,layer_7,0.21414236781074167
01,Ventral Visual,90,4404,taskvec_a1p0,8,layer_8,0.2115854687626244
01,Ventral Visual,90,4404,taskvec_a1p0,9,layer_9,0.2121324630033477
01,Ventral Visual,90,4404,taskvec_a1p0,10,layer_10,0.209372048143666
01,Ventral Visual,90,4404,taskvec_a1p0,11,layer_11,0.21369329659310418
01,Ventral Visual,90,4404,taskvec_a1p0,12,layer_12,0.21132114532351257
01,Ventral Visual,90,4404,taskvec_a1p0,13,layer_13,0.20391329927138574
01,Ventral Visual,90,4404,taskvec_a1p0,14,layer_14,0.1875006786628119
01,Ventral Visual,90,4404,taskvec_a1p0,15,layer_15,0.16684922628591398
01,Ventral Visual,90,4404,taskvec_a1p0,16,layer_16,0.16083229729670181
01,Ventral Visual,90,4404,taskvec_a1p0,17,layer_17,0.1599815346554788
01,Ventral Visual,90,4404,taskvec_a1p0,18,layer_18,0.16641350799551702
01,Ventral Visual,90,4404,taskvec_a1p0,19,layer_19,0.1703949514110677
01,Ventral Visual,90,4404,taskvec_a1p0,20,layer_20,0.168899118891546
01,Ventral Visual,90,4404,taskvec_a1p0,21,layer_21,0.17108151132227378
01,Ventral Visual,90,4404,taskvec_a1p0,22,layer_22,0.17634807689613122
01,Ventral Visual,90,4404,taskvec_a1p0,23,layer_23,0.17824762442891431
01,Ventral Visual,90,4404,taskvec_a1p0,24,layer_24,0.1750553204641735
01,Ventral Visual,90,4404,taskvec_a1p0,25,layer_25,0.17506450535334178
01,Ventral Visual,90,4404,taskvec_a1p0,26,layer_26,0.17257521022772024
01,Ventral Visual,90,4404,taskvec_a1p0,27,layer_27,0.1725718982878188
01,Ventral Visual,90,4404,taskvec_a1p0,28,layer_28,0.17167740141481777
01,Ventral Visual,90,4404,taskvec_a1p0,29,layer_29,0.1670047699649365
01,Ventral Visual,90,4404,taskvec_a1p0,30,layer_30,0.16431668820893974
01,Ventral Visual,90,4404,taskvec_a1p0,31,layer_31,0.15592899605083577
01,Ventral Visual,90,4404,taskvec_a1p0,32,layer_32,0.13124044846012456
01,Dorsal Visual,90,2173,base,0,embedding,0.034927642836950226
01,Dorsal Visual,90,2173,base,1,layer_1,0.03685454468605585
01,Dorsal Visual,90,2173,base,2,layer_2,0.03294448562389348
01,Dorsal Visual,90,2173,base,3,layer_3,0.04840013941081441
01,Dorsal Visual,90,2173,base,4,layer_4,0.059153338410856626
01,Dorsal Visual,90,2173,base,5,layer_5,0.06312119838964403
01,Dorsal Visual,90,2173,base,6,layer_6,0.0745478432891134
01,Dorsal Visual,90,2173,base,7,layer_7,0.07044927918056429
01,Dorsal Visual,90,2173,base,8,layer_8,0.06689729200457491
01,Dorsal Visual,90,2173,base,9,layer_9,0.06553992453794436
01,Dorsal Visual,90,2173,base,10,layer_10,0.0648067848912649
01,Dorsal Visual,90,2173,base,11,layer_11,0.06323180298565535
01,Dorsal Visual,90,2173,base,12,layer_12,0.06200600023012472
01,Dorsal Visual,90,2173,base,13,layer_13,0.05951828149823292
01,Dorsal Visual,90,2173,base,14,layer_14,0.06418908717819902
01,Dorsal Visual,90,2173,base,15,layer_15,0.06468219412062075
01,Dorsal Visual,90,2173,base,16,layer_16,0.07118340157489299
01,Dorsal Visual,90,2173,base,17,layer_17,0.07952374887029086
01,Dorsal Visual,90,2173,base,18,layer_18,0.08306146014695551
01,Dorsal Visual,90,2173,base,19,layer_19,0.08086893743913834
01,Dorsal Visual,90,2173,base,20,layer_20,0.07777353545611272
01,Dorsal Visual,90,2173,base,21,layer_21,0.07892332685592235
01,Dorsal Visual,90,2173,base,22,layer_22,0.0834133402185818
01,Dorsal Visual,90,2173,base,23,layer_23,0.08434096097376458
01,Dorsal Visual,90,2173,base,24,layer_24,0.08489916537451976
01,Dorsal Visual,90,2173,base,25,layer_25,0.08266833101266845
01,Dorsal Visual,90,2173,base,26,layer_26,0.08145565086165422
01,Dorsal Visual,90,2173,base,27,layer_27,0.07894465645872244
01,Dorsal Visual,90,2173,base,28,layer_28,0.07504897752952637
01,Dorsal Visual,90,2173,base,29,layer_29,0.07512229917161846
01,Dorsal Visual,90,2173,base,30,layer_30,0.07560531581185993
01,Dorsal Visual,90,2173,base,31,layer_31,0.07337631824104364
01,Dorsal Visual,90,2173,base,32,layer_32,0.06771047337444933
01,Dorsal Visual,90,2173,scrambled,0,embedding,0.034927642836950226
01,Dorsal Visual,90,2173,scrambled,1,layer_1,0.026816312440123915
01,Dorsal Visual,90,2173,scrambled,2,layer_2,0.043793480197301435
01,Dorsal Visual,90,2173,scrambled,3,layer_3,0.05030998066949758
01,Dorsal Visual,90,2173,scrambled,4,layer_4,0.04748096270139049
01,Dorsal Visual,90,2173,scrambled,5,layer_5,0.047973828860364234
01,Dorsal Visual,90,2173,scrambled,6,layer_6,0.05254540149837653
01,Dorsal Visual,90,2173,scrambled,7,layer_7,0.04961171035149954
01,Dorsal Visual,90,2173,scrambled,8,layer_8,0.05172941945648055
01,Dorsal Visual,90,2173,scrambled,9,layer_9,0.04962521720082009
01,Dorsal Visual,90,2173,scrambled,10,layer_10,0.04881265357405081
01,Dorsal Visual,90,2173,scrambled,11,layer_11,0.051310964349272056
01,Dorsal Visual,90,2173,scrambled,12,layer_12,0.04871358323371315
01,Dorsal Visual,90,2173,scrambled,13,layer_13,0.0520336288885712
01,Dorsal Visual,90,2173,scrambled,14,layer_14,0.052701759619472946
01,Dorsal Visual,90,2173,scrambled,15,layer_15,0.04067537806984817
01,Dorsal Visual,90,2173,scrambled,16,layer_16,0.04039658576841566
01,Dorsal Visual,90,2173,scrambled,17,layer_17,0.04350413115748259
01,Dorsal Visual,90,2173,scrambled,18,layer_18,0.048850302092910095
01,Dorsal Visual,90,2173,scrambled,19,layer_19,0.04515319460205502
01,Dorsal Visual,90,2173,scrambled,20,layer_20,0.04591162342232367
01,Dorsal Visual,90,2173,scrambled,21,layer_21,0.04694247060080333
01,Dorsal Visual,90,2173,scrambled,22,layer_22,0.04680289484319395
01,Dorsal Visual,90,2173,scrambled,23,layer_23,0.04692596787488158
01,Dorsal Visual,90,2173,scrambled,24,layer_24,0.048885676525116245
01,Dorsal Visual,90,2173,scrambled,25,layer_25,0.04947851675625184
01,Dorsal Visual,90,2173,scrambled,26,layer_26,0.048692342733864726
01,Dorsal Visual,90,2173,scrambled,27,layer_27,0.044844818252683986
01,Dorsal Visual,90,2173,scrambled,28,layer_28,0.04643887622229099
01,Dorsal Visual,90,2173,scrambled,29,layer_29,0.04671649617545381
01,Dorsal Visual,90,2173,scrambled,30,layer_30,0.04296678824213365
01,Dorsal Visual,90,2173,scrambled,31,layer_31,0.040241620044387805
01,Dorsal Visual,90,2173,scrambled,32,layer_32,0.025546951603933547
01,Dorsal Visual,90,2173,lowLR,0,embedding,0.034927642836950226
01,Dorsal Visual,90,2173,lowLR,1,layer_1,0.037235534150274405
01,Dorsal Visual,90,2173,lowLR,2,layer_2,0.03627520065671827
01,Dorsal Visual,90,2173,lowLR,3,layer_3,0.049497419471110624
01,Dorsal Visual,90,2173,lowLR,4,layer_4,0.05984666958599319
01,Dorsal Visual,90,2173,lowLR,5,layer_5,0.059810926786867384
01,Dorsal Visual,90,2173,lowLR,6,layer_6,0.07277351697238721
01,Dorsal Visual,90,2173,lowLR,7,layer_7,0.069829817154336
01,Dorsal Visual,90,2173,lowLR,8,layer_8,0.07203461944440366
01,Dorsal Visual,90,2173,lowLR,9,layer_9,0.07350594697103024
01,Dorsal Visual,90,2173,lowLR,10,layer_10,0.07204360931579094
01,Dorsal Visual,90,2173,lowLR,11,layer_11,0.06998146682889232
01,Dorsal Visual,90,2173,lowLR,12,layer_12,0.06684783949280464
01,Dorsal Visual,90,2173,lowLR,13,layer_13,0.06509401582129569
01,Dorsal Visual,90,2173,lowLR,14,layer_14,0.06625775248683584
01,Dorsal Visual,90,2173,lowLR,15,layer_15,0.06489024017282191
01,Dorsal Visual,90,2173,lowLR,16,layer_16,0.07180332611455591
01,Dorsal Visual,90,2173,lowLR,17,layer_17,0.07570924590563671
01,Dorsal Visual,90,2173,lowLR,18,layer_18,0.07719596638746004
01,Dorsal Visual,90,2173,lowLR,19,layer_19,0.07572161085486603
01,Dorsal Visual,90,2173,lowLR,20,layer_20,0.07295574296926202
01,Dorsal Visual,90,2173,lowLR,21,layer_21,0.07434824632623441
01,Dorsal Visual,90,2173,lowLR,22,layer_22,0.07813028181913058
01,Dorsal Visual,90,2173,lowLR,23,layer_23,0.07957274447258572
01,Dorsal Visual,90,2173,lowLR,24,layer_24,0.07937458062887896
01,Dorsal Visual,90,2173,lowLR,25,layer_25,0.07770339237969254
01,Dorsal Visual,90,2173,lowLR,26,layer_26,0.0771346672926887
01,Dorsal Visual,90,2173,lowLR,27,layer_27,0.07462214263529146
01,Dorsal Visual,90,2173,lowLR,28,layer_28,0.07239163479746426
01,Dorsal Visual,90,2173,lowLR,29,layer_29,0.07023915107071273
01,Dorsal Visual,90,2173,lowLR,30,layer_30,0.0720790401611866
01,Dorsal Visual,90,2173,lowLR,31,layer_31,0.06902011771112615
01,Dorsal Visual,90,2173,lowLR,32,layer_32,0.06623520551729363
01,Dorsal Visual,90,2173,lowrank,0,embedding,0.034927642836950226
01,Dorsal Visual,90,2173,lowrank,1,layer_1,0.030753654564567415
01,Dorsal Visual,90,2173,lowrank,2,layer_2,0.0317455549736342
01,Dorsal Visual,90,2173,lowrank,3,layer_3,0.04658041691480298
01,Dorsal Visual,90,2173,lowrank,4,layer_4,0.06223858695376139
01,Dorsal Visual,90,2173,lowrank,5,layer_5,0.06123884716613601
01,Dorsal Visual,90,2173,lowrank,6,layer_6,0.07331070914123303
01,Dorsal Visual,90,2173,lowrank,7,layer_7,0.06814229784717873
01,Dorsal Visual,90,2173,lowrank,8,layer_8,0.07611317125416762
01,Dorsal Visual,90,2173,lowrank,9,layer_9,0.07844061114829122
01,Dorsal Visual,90,2173,lowrank,10,layer_10,0.07970242233061488
01,Dorsal Visual,90,2173,lowrank,11,layer_11,0.07906534724734392
01,Dorsal Visual,90,2173,lowrank,12,layer_12,0.07584291546382119
01,Dorsal Visual,90,2173,lowrank,13,layer_13,0.07395319335274572
01,Dorsal Visual,90,2173,lowrank,14,layer_14,0.07156132324503364
01,Dorsal Visual,90,2173,lowrank,15,layer_15,0.07032296500566007
01,Dorsal Visual,90,2173,lowrank,16,layer_16,0.07441656550072577
01,Dorsal Visual,90,2173,lowrank,17,layer_17,0.07830815914364748
01,Dorsal Visual,90,2173,lowrank,18,layer_18,0.07986910275780341
01,Dorsal Visual,90,2173,lowrank,19,layer_19,0.07775697426221641
01,Dorsal Visual,90,2173,lowrank,20,layer_20,0.07520741770827316
01,Dorsal Visual,90,2173,lowrank,21,layer_21,0.07541151707879146
01,Dorsal Visual,90,2173,lowrank,22,layer_22,0.07831578445096371
01,Dorsal Visual,90,2173,lowrank,23,layer_23,0.07939563507728116
01,Dorsal Visual,90,2173,lowrank,24,layer_24,0.07876446171026773
01,Dorsal Visual,90,2173,lowrank,25,layer_25,0.07640081071282584
01,Dorsal Visual,90,2173,lowrank,26,layer_26,0.07495306950337888
01,Dorsal Visual,90,2173,lowrank,27,layer_27,0.07321299271744391
01,Dorsal Visual,90,2173,lowrank,28,layer_28,0.07168253333387654
01,Dorsal Visual,90,2173,lowrank,29,layer_29,0.06843951932891558
01,Dorsal Visual,90,2173,lowrank,30,layer_30,0.07392545842455248
01,Dorsal Visual,90,2173,lowrank,31,layer_31,0.07074723739614044
01,Dorsal Visual,90,2173,lowrank,32,layer_32,0.0693440568156584
01,Dorsal Visual,90,2173,taskvec_a0p25,0,embedding,0.034927642836950226
01,Dorsal Visual,90,2173,taskvec_a0p25,1,layer_1,0.03945606581989087
01,Dorsal Visual,90,2173,taskvec_a0p25,2,layer_2,0.03847709710712959
01,Dorsal Visual,90,2173,taskvec_a0p25,3,layer_3,0.051098364333006754
01,Dorsal Visual,90,2173,taskvec_a0p25,4,layer_4,0.06158100791768269
01,Dorsal Visual,90,2173,taskvec_a0p25,5,layer_5,0.06645467486677582
01,Dorsal Visual,90,2173,taskvec_a0p25,6,layer_6,0.07698772998744391
01,Dorsal Visual,90,2173,taskvec_a0p25,7,layer_7,0.07360154229625304
01,Dorsal Visual,90,2173,taskvec_a0p25,8,layer_8,0.07782427052735073
01,Dorsal Visual,90,2173,taskvec_a0p25,9,layer_9,0.07939654347907138
01,Dorsal Visual,90,2173,taskvec_a0p25,10,layer_10,0.07557329254726979
01,Dorsal Visual,90,2173,taskvec_a0p25,11,layer_11,0.07290533778442365
01,Dorsal Visual,90,2173,taskvec_a0p25,12,layer_12,0.07160935384555012
01,Dorsal Visual,90,2173,taskvec_a0p25,13,layer_13,0.06863501419364255
01,Dorsal Visual,90,2173,taskvec_a0p25,14,layer_14,0.06886813646898239
01,Dorsal Visual,90,2173,taskvec_a0p25,15,layer_15,0.0635247013864481
01,Dorsal Visual,90,2173,taskvec_a0p25,16,layer_16,0.06996838886925107
01,Dorsal Visual,90,2173,taskvec_a0p25,17,layer_17,0.074326685466717
01,Dorsal Visual,90,2173,taskvec_a0p25,18,layer_18,0.07873257125951119
01,Dorsal Visual,90,2173,taskvec_a0p25,19,layer_19,0.07892263850293099
01,Dorsal Visual,90,2173,taskvec_a0p25,20,layer_20,0.07559639804474799
01,Dorsal Visual,90,2173,taskvec_a0p25,21,layer_21,0.07515275370122314
01,Dorsal Visual,90,2173,taskvec_a0p25,22,layer_22,0.07910628603746231
01,Dorsal Visual,90,2173,taskvec_a0p25,23,layer_23,0.08062293072754909
01,Dorsal Visual,90,2173,taskvec_a0p25,24,layer_24,0.08000677578445758
01,Dorsal Visual,90,2173,taskvec_a0p25,25,layer_25,0.07943767691337349
01,Dorsal Visual,90,2173,taskvec_a0p25,26,layer_26,0.07845476581529806
01,Dorsal Visual,90,2173,taskvec_a0p25,27,layer_27,0.07614636555943698
01,Dorsal Visual,90,2173,taskvec_a0p25,28,layer_28,0.0724816844446389
01,Dorsal Visual,90,2173,taskvec_a0p25,29,layer_29,0.07235621534678567
01,Dorsal Visual,90,2173,taskvec_a0p25,30,layer_30,0.07339466821872427
01,Dorsal Visual,90,2173,taskvec_a0p25,31,layer_31,0.07202368425197103
01,Dorsal Visual,90,2173,taskvec_a0p25,32,layer_32,0.07077809447681606
01,Dorsal Visual,90,2173,taskvec_a0p5,0,embedding,0.034927642836950226
01,Dorsal Visual,90,2173,taskvec_a0p5,1,layer_1,0.0413967772351545
01,Dorsal Visual,90,2173,taskvec_a0p5,2,layer_2,0.04247142028896364
01,Dorsal Visual,90,2173,taskvec_a0p5,3,layer_3,0.053221931630161985
01,Dorsal Visual,90,2173,taskvec_a0p5,4,layer_4,0.06204589276105598
01,Dorsal Visual,90,2173,taskvec_a0p5,5,layer_5,0.06717111602255796
01,Dorsal Visual,90,2173,taskvec_a0p5,6,layer_6,0.07544115081516845
01,Dorsal Visual,90,2173,taskvec_a0p5,7,layer_7,0.07125033414307369
01,Dorsal Visual,90,2173,taskvec_a0p5,8,layer_8,0.07582438840102906
01,Dorsal Visual,90,2173,taskvec_a0p5,9,layer_9,0.07733180280987784
01,Dorsal Visual,90,2173,taskvec_a0p5,10,layer_10,0.07727811183694774
01,Dorsal Visual,90,2173,taskvec_a0p5,11,layer_11,0.07493278354458495
01,Dorsal Visual,90,2173,taskvec_a0p5,12,layer_12,0.07448679768009761
01,Dorsal Visual,90,2173,taskvec_a0p5,13,layer_13,0.07253372131560468
01,Dorsal Visual,90,2173,taskvec_a0p5,14,layer_14,0.06920762954913975
01,Dorsal Visual,90,2173,taskvec_a0p5,15,layer_15,0.06307038953294289
01,Dorsal Visual,90,2173,taskvec_a0p5,16,layer_16,0.06693505278941732
01,Dorsal Visual,90,2173,taskvec_a0p5,17,layer_17,0.06883800173865076
01,Dorsal Visual,90,2173,taskvec_a0p5,18,layer_18,0.07422801244708833
01,Dorsal Visual,90,2173,taskvec_a0p5,19,layer_19,0.07390674026675081
01,Dorsal Visual,90,2173,taskvec_a0p5,20,layer_20,0.07124606766211775
01,Dorsal Visual,90,2173,taskvec_a0p5,21,layer_21,0.071351811944294
01,Dorsal Visual,90,2173,taskvec_a0p5,22,layer_22,0.07314797520892873
01,Dorsal Visual,90,2173,taskvec_a0p5,23,layer_23,0.07612702629615464
01,Dorsal Visual,90,2173,taskvec_a0p5,24,layer_24,0.0753194356228008
01,Dorsal Visual,90,2173,taskvec_a0p5,25,layer_25,0.0764098205716677
01,Dorsal Visual,90,2173,taskvec_a0p5,26,layer_26,0.07372648574273105
01,Dorsal Visual,90,2173,taskvec_a0p5,27,layer_27,0.0719305311321781
01,Dorsal Visual,90,2173,taskvec_a0p5,28,layer_28,0.06901359320820018
01,Dorsal Visual,90,2173,taskvec_a0p5,29,layer_29,0.06658671348602745
01,Dorsal Visual,90,2173,taskvec_a0p5,30,layer_30,0.06699767460536421
01,Dorsal Visual,90,2173,taskvec_a0p5,31,layer_31,0.06434218939898623
01,Dorsal Visual,90,2173,taskvec_a0p5,32,layer_32,0.058140368049100465
01,Dorsal Visual,90,2173,taskvec_a1p0,0,embedding,0.034927642836950226
01,Dorsal Visual,90,2173,taskvec_a1p0,1,layer_1,0.036904658278215915
01,Dorsal Visual,90,2173,taskvec_a1p0,2,layer_2,0.046277262895032874
01,Dorsal Visual,90,2173,taskvec_a1p0,3,layer_3,0.055152006357221006
01,Dorsal Visual,90,2173,taskvec_a1p0,4,layer_4,0.05811665414844916
01,Dorsal Visual,90,2173,taskvec_a1p0,5,layer_5,0.06418854994530807
01,Dorsal Visual,90,2173,taskvec_a1p0,6,layer_6,0.07335447680996773
01,Dorsal Visual,90,2173,taskvec_a1p0,7,layer_7,0.06957466440769576
01,Dorsal Visual,90,2173,taskvec_a1p0,8,layer_8,0.07032653304649805
01,Dorsal Visual,90,2173,taskvec_a1p0,9,layer_9,0.06877029825247949
01,Dorsal Visual,90,2173,taskvec_a1p0,10,layer_10,0.06902375150508569
01,Dorsal Visual,90,2173,taskvec_a1p0,11,layer_11,0.06983698536537816
01,Dorsal Visual,90,2173,taskvec_a1p0,12,layer_12,0.07076093160449771
01,Dorsal Visual,90,2173,taskvec_a1p0,13,layer_13,0.06969133286118484
01,Dorsal Visual,90,2173,taskvec_a1p0,14,layer_14,0.061968052833440146
01,Dorsal Visual,90,2173,taskvec_a1p0,15,layer_15,0.05339783822901843
01,Dorsal Visual,90,2173,taskvec_a1p0,16,layer_16,0.05384224732617873
01,Dorsal Visual,90,2173,taskvec_a1p0,17,layer_17,0.052027136515011445
01,Dorsal Visual,90,2173,taskvec_a1p0,18,layer_18,0.05708141888309839
01,Dorsal Visual,90,2173,taskvec_a1p0,19,layer_19,0.05381068115786263
01,Dorsal Visual,90,2173,taskvec_a1p0,20,layer_20,0.0539901436556454
01,Dorsal Visual,90,2173,taskvec_a1p0,21,layer_21,0.05622381025848858
01,Dorsal Visual,90,2173,taskvec_a1p0,22,layer_22,0.055897497130030366
01,Dorsal Visual,90,2173,taskvec_a1p0,23,layer_23,0.059733883555454566
01,Dorsal Visual,90,2173,taskvec_a1p0,24,layer_24,0.059832836399447156
01,Dorsal Visual,90,2173,taskvec_a1p0,25,layer_25,0.06076075808724028
01,Dorsal Visual,90,2173,taskvec_a1p0,26,layer_26,0.057301768427776054
01,Dorsal Visual,90,2173,taskvec_a1p0,27,layer_27,0.057013815147401295
01,Dorsal Visual,90,2173,taskvec_a1p0,28,layer_28,0.057083286495909144
01,Dorsal Visual,90,2173,taskvec_a1p0,29,layer_29,0.05432002837411578
01,Dorsal Visual,90,2173,taskvec_a1p0,30,layer_30,0.05219492166936169
01,Dorsal Visual,90,2173,taskvec_a1p0,31,layer_31,0.05040623931669386
01,Dorsal Visual,90,2173,taskvec_a1p0,32,layer_32,0.037728686111168565
01,Language,90,6784,base,0,embedding,0.007136908601388572
01,Language,90,6784,base,1,layer_1,-0.0024426752284404008
01,Language,90,6784,base,2,layer_2,-0.0008473998920912821
01,Language,90,6784,base,3,layer_3,0.014848984292010765
01,Language,90,6784,base,4,layer_4,0.013345583065161003
01,Language,90,6784,base,5,layer_5,0.015498169157567701
01,Language,90,6784,base,6,layer_6,0.016733836562520508
01,Language,90,6784,base,7,layer_7,0.013148128495893367
01,Language,90,6784,base,8,layer_8,0.008155855244211476
01,Language,90,6784,base,9,layer_9,0.009194276920777058
01,Language,90,6784,base,10,layer_10,0.008937370882094247
01,Language,90,6784,base,11,layer_11,0.009464667019346238
01,Language,90,6784,base,12,layer_12,0.007878759448034749
01,Language,90,6784,base,13,layer_13,0.00616364605885942
01,Language,90,6784,base,14,layer_14,0.007796565991296368
01,Language,90,6784,base,15,layer_15,0.0068822002808663265
01,Language,90,6784,base,16,layer_16,0.006179901276582099
01,Language,90,6784,base,17,layer_17,0.013245070639316351
01,Language,90,6784,base,18,layer_18,0.011023144517846287
01,Language,90,6784,base,19,layer_19,0.01616210943456031
01,Language,90,6784,base,20,layer_20,0.014443544940496145
01,Language,90,6784,base,21,layer_21,0.016458358816170415
01,Language,90,6784,base,22,layer_22,0.022016471115855748
01,Language,90,6784,base,23,layer_23,0.02470660597571355
01,Language,90,6784,base,24,layer_24,0.026051644545252446
01,Language,90,6784,base,25,layer_25,0.02661569443587428
01,Language,90,6784,base,26,layer_26,0.02642453348641258
01,Language,90,6784,base,27,layer_27,0.02321754808249785
01,Language,90,6784,base,28,layer_28,0.021854588985353515
01,Language,90,6784,base,29,layer_29,0.023380754241766097
01,Language,90,6784,base,30,layer_30,0.024529833565156985
01,Language,90,6784,base,31,layer_31,0.021986433894414622
01,Language,90,6784,base,32,layer_32,0.012894601457824041
01,Language,90,6784,scrambled,0,embedding,0.007136908601388572
01,Language,90,6784,scrambled,1,layer_1,-0.008257487901505023
01,Language,90,6784,scrambled,2,layer_2,-0.005020431465595181
01,Language,90,6784,scrambled,3,layer_3,0.0018267072707883402
01,Language,90,6784,scrambled,4,layer_4,-0.0023230303254087805
01,Language,90,6784,scrambled,5,layer_5,0.0010321680316687804
01,Language,90,6784,scrambled,6,layer_6,-0.0010137866718164812
01,Language,90,6784,scrambled,7,layer_7,-0.0012255528189492413
01,Language,90,6784,scrambled,8,layer_8,-0.00059025419075232
01,Language,90,6784,scrambled,9,layer_9,-0.004503427373055515
01,Language,90,6784,scrambled,10,layer_10,-0.005410668022929407
01,Language,90,6784,scrambled,11,layer_11,-0.005282945946669463
01,Language,90,6784,scrambled,12,layer_12,-0.007558987634380164
01,Language,90,6784,scrambled,13,layer_13,-0.006464785455288465
01,Language,90,6784,scrambled,14,layer_14,-0.004617523982858005
01,Language,90,6784,scrambled,15,layer_15,-0.010867685458608065
01,Language,90,6784,scrambled,16,layer_16,-0.013792203297832494
01,Language,90,6784,scrambled,17,layer_17,-0.013852813852813853
01,Language,90,6784,scrambled,18,layer_18,-0.008922666840284796
01,Language,90,6784,scrambled,19,layer_19,-0.0033957510344054124
01,Language,90,6784,scrambled,20,layer_20,-0.002474818417757941
01,Language,90,6784,scrambled,21,layer_21,-0.0005719623074489651
01,Language,90,6784,scrambled,22,layer_22,0.0025679724715440802
01,Language,90,6784,scrambled,23,layer_23,0.0035328741258610504
01,Language,90,6784,scrambled,24,layer_24,0.0060181980991777535
01,Language,90,6784,scrambled,25,layer_25,0.0056877421504637985
01,Language,90,6784,scrambled,26,layer_26,0.005550478773228918
01,Language,90,6784,scrambled,27,layer_27,0.0026019048182432322
01,Language,90,6784,scrambled,28,layer_28,0.0037118634626866665
01,Language,90,6784,scrambled,29,layer_29,0.002996032951661307
01,Language,90,6784,scrambled,30,layer_30,0.0010026017296011181
01,Language,90,6784,scrambled,31,layer_31,-0.0011183873727137485
01,Language,90,6784,scrambled,32,layer_32,-0.01324389081910104
01,Language,90,6784,lowLR,0,embedding,0.007136908601388572
01,Language,90,6784,lowLR,1,layer_1,0.0016625577783840394
01,Language,90,6784,lowLR,2,layer_2,0.0019038349351867842
01,Language,90,6784,lowLR,3,layer_3,0.01759513427348753
01,Language,90,6784,lowLR,4,layer_4,0.01801889894526221
01,Language,90,6784,lowLR,5,layer_5,0.019301957725782665
01,Language,90,6784,lowLR,6,layer_6,0.021638455299200138
01,Language,90,6784,lowLR,7,layer_7,0.015342777532638808
01,Language,90,6784,lowLR,8,layer_8,0.012395649025535657
01,Language,90,6784,lowLR,9,layer_9,0.013021078334344393
01,Language,90,6784,lowLR,10,layer_10,0.012059232145395036
01,Language,90,6784,lowLR,11,layer_11,0.012985062622404364
01,Language,90,6784,lowLR,12,layer_12,0.010735086256635393
01,Language,90,6784,lowLR,13,layer_13,0.00878989204758977
01,Language,90,6784,lowLR,14,layer_14,0.010031242801189007
01,Language,90,6784,lowLR,15,layer_15,0.008257841698130703
01,Language,90,6784,lowLR,16,layer_16,0.00654670543881671
01,Language,90,6784,lowLR,17,layer_17,0.00973145022296015
01,Language,90,6784,lowLR,18,layer_18,0.007127043797319283
01,Language,90,6784,lowLR,19,layer_19,0.013591279130610583
01,Language,90,6784,lowLR,20,layer_20,0.011692768517082609
01,Language,90,6784,lowLR,21,layer_21,0.0144661031179568
01,Language,90,6784,lowLR,22,layer_22,0.019858743764458228
01,Language,90,6784,lowLR,23,layer_23,0.022252684348304963
01,Language,90,6784,lowLR,24,layer_24,0.02381948167146774
01,Language,90,6784,lowLR,25,layer_25,0.024198386649653573
01,Language,90,6784,lowLR,26,layer_26,0.023153477643091537
01,Language,90,6784,lowLR,27,layer_27,0.02147664938254335
01,Language,90,6784,lowLR,28,layer_28,0.021594339251000325
01,Language,90,6784,lowLR,29,layer_29,0.02224371614556001
01,Language,90,6784,lowLR,30,layer_30,0.02337102520815715
01,Language,90,6784,lowLR,31,layer_31,0.021315432442001018
01,Language,90,6784,lowLR,32,layer_32,0.015293194448618616
01,Language,90,6784,lowrank,0,embedding,0.007136908601388572
01,Language,90,6784,lowrank,1,layer_1,0.001537367197304258
01,Language,90,6784,lowrank,2,layer_2,-0.0006918661133967388
01,Language,90,6784,lowrank,3,layer_3,0.01557779095741815
01,Language,90,6784,lowrank,4,layer_4,0.01495152086792716
01,Language,90,6784,lowrank,5,layer_5,0.01881996063252269
01,Language,90,6784,lowrank,6,layer_6,0.020665292101396372
01,Language,90,6784,lowrank,7,layer_7,0.015356780332350687
01,Language,90,6784,lowrank,8,layer_8,0.013259745914135118
01,Language,90,6784,lowrank,9,layer_9,0.014775781640652874
01,Language,90,6784,lowrank,10,layer_10,0.014452712830988115
01,Language,90,6784,lowrank,11,layer_11,0.015122480851976497
01,Language,90,6784,lowrank,12,layer_12,0.012913235369438706
01,Language,90,6784,lowrank,13,layer_13,0.011644254481683733
01,Language,90,6784,lowrank,14,layer_14,0.011203745740143392
01,Language,90,6784,lowrank,15,layer_15,0.009019182335612184
01,Language,90,6784,lowrank,16,layer_16,0.005820899693573829
01,Language,90,6784,lowrank,17,layer_17,0.008239507598334526
01,Language,90,6784,lowrank,18,layer_18,0.006540730684290626
01,Language,90,6784,lowrank,19,layer_19,0.012124634459110275
01,Language,90,6784,lowrank,20,layer_20,0.009754169047251895
01,Language,90,6784,lowrank,21,layer_21,0.01105270633674657
01,Language,90,6784,lowrank,22,layer_22,0.016722833001785363
01,Language,90,6784,lowrank,23,layer_23,0.017537489707324844
01,Language,90,6784,lowrank,24,layer_24,0.019323093244794965
01,Language,90,6784,lowrank,25,layer_25,0.018881526849350395
01,Language,90,6784,lowrank,26,layer_26,0.017442002164917793
01,Language,90,6784,lowrank,27,layer_27,0.01615282330052871
01,Language,90,6784,lowrank,28,layer_28,0.016628278518589123
01,Language,90,6784,lowrank,29,layer_29,0.017200242507225856
01,Language,90,6784,lowrank,30,layer_30,0.019734550874918974
01,Language,90,6784,lowrank,31,layer_31,0.017951657412129625
01,Language,90,6784,lowrank,32,layer_32,0.015124977415810828
01,Language,90,6784,taskvec_a0p25,0,embedding,0.007136908601388572
01,Language,90,6784,taskvec_a0p25,1,layer_1,-0.00017753529620560539
01,Language,90,6784,taskvec_a0p25,2,layer_2,0.0004315709869738378
01,Language,90,6784,taskvec_a0p25,3,layer_3,0.016820286599886866
01,Language,90,6784,taskvec_a0p25,4,layer_4,0.014434966399715905
01,Language,90,6784,taskvec_a0p25,5,layer_5,0.02018412383370564
01,Language,90,6784,taskvec_a0p25,6,layer_6,0.019521265307641925
01,Language,90,6784,taskvec_a0p25,7,layer_7,0.016419769766154686
01,Language,90,6784,taskvec_a0p25,8,layer_8,0.015787222681936792
01,Language,90,6784,taskvec_a0p25,9,layer_9,0.0161097451055772
01,Language,90,6784,taskvec_a0p25,10,layer_10,0.014529427857189026
01,Language,90,6784,taskvec_a0p25,11,layer_11,0.014179914897938987
01,Language,90,6784,taskvec_a0p25,12,layer_12,0.014436619754485652
01,Language,90,6784,taskvec_a0p25,13,layer_13,0.012046352005514387
01,Language,90,6784,taskvec_a0p25,14,layer_14,0.014007545144547509
01,Language,90,6784,taskvec_a0p25,15,layer_15,0.00971570664671463
01,Language,90,6784,taskvec_a0p25,16,layer_16,0.007218924071173787
01,Language,90,6784,taskvec_a0p25,17,layer_17,0.010462218460894604
01,Language,90,6784,taskvec_a0p25,18,layer_18,0.010490152142841647
01,Language,90,6784,taskvec_a0p25,19,layer_19,0.016242663172829724
01,Language,90,6784,taskvec_a0p25,20,layer_20,0.014156950993830507
01,Language,90,6784,taskvec_a0p25,21,layer_21,0.015760992043197947
01,Language,90,6784,taskvec_a0p25,22,layer_22,0.022342978701699046
01,Language,90,6784,taskvec_a0p25,23,layer_23,0.023512207060480156
01,Language,90,6784,taskvec_a0p25,24,layer_24,0.025082793033675704
01,Language,90,6784,taskvec_a0p25,25,layer_25,0.02595367482250641
01,Language,90,6784,taskvec_a0p25,26,layer_26,0.025853136058053405
01,Language,90,6784,taskvec_a0p25,27,layer_27,0.023341401558906762
01,Language,90,6784,taskvec_a0p25,28,layer_28,0.02405908567284481
01,Language,90,6784,taskvec_a0p25,29,layer_29,0.024110145960516475
01,Language,90,6784,taskvec_a0p25,30,layer_30,0.02492458243045845
01,Language,90,6784,taskvec_a0p25,31,layer_31,0.022843315125117145
01,Language,90,6784,taskvec_a0p25,32,layer_32,0.014976995719365312
01,Language,90,6784,taskvec_a0p5,0,embedding,0.007136908601388572
01,Language,90,6784,taskvec_a0p5,1,layer_1,0.0020448537122963687
01,Language,90,6784,taskvec_a0p5,2,layer_2,-0.0009858120809671015
01,Language,90,6784,taskvec_a0p5,3,layer_3,0.01512459373140262
01,Language,90,6784,taskvec_a0p5,4,layer_4,0.013691536389511897
01,Language,90,6784,taskvec_a0p5,5,layer_5,0.022153839847524042
01,Language,90,6784,taskvec_a0p5,6,layer_6,0.022284724424772778
01,Language,90,6784,taskvec_a0p5,7,layer_7,0.018022468293690676
01,Language,90,6784,taskvec_a0p5,8,layer_8,0.018703771317547285
01,Language,90,6784,taskvec_a0p5,9,layer_9,0.017628064071881493
01,Language,90,6784,taskvec_a0p5,10,layer_10,0.01741208991176736
01,Language,90,6784,taskvec_a0p5,11,layer_11,0.015362956642610198
01,Language,90,6784,taskvec_a0p5,12,layer_12,0.015257124191475473
01,Language,90,6784,taskvec_a0p5,13,layer_13,0.012643602739357983
01,Language,90,6784,taskvec_a0p5,14,layer_14,0.014587762083933559
01,Language,90,6784,taskvec_a0p5,15,layer_15,0.010036610646931123
01,Language,90,6784,taskvec_a0p5,16,layer_16,0.008436007066151737
01,Language,90,6784,taskvec_a0p5,17,layer_17,0.007751073610711122
01,Language,90,6784,taskvec_a0p5,18,layer_18,0.008840024880009848
01,Language,90,6784,taskvec_a0p5,19,layer_19,0.014424659597910956
01,Language,90,6784,taskvec_a0p5,20,layer_20,0.011969952295419153
01,Language,90,6784,taskvec_a0p5,21,layer_21,0.014634723822627363
01,Language,90,6784,taskvec_a0p5,22,layer_22,0.020038482724229385
01,Language,90,6784,taskvec_a0p5,23,layer_23,0.02115339284024459
01,Language,90,6784,taskvec_a0p5,24,layer_24,0.022675254255973065
01,Language,90,6784,taskvec_a0p5,25,layer_25,0.023306478432216792
01,Language,90,6784,taskvec_a0p5,26,layer_26,0.022034571343753636
01,Language,90,6784,taskvec_a0p5,27,layer_27,0.020730777914104048
01,Language,90,6784,taskvec_a0p5,28,layer_28,0.022595012097836514
01,Language,90,6784,taskvec_a0p5,29,layer_29,0.021248416001230598
01,Language,90,6784,taskvec_a0p5,30,layer_30,0.022612767121846202
01,Language,90,6784,taskvec_a0p5,31,layer_31,0.020510115668501687
01,Language,90,6784,taskvec_a0p5,32,layer_32,0.014385044836558579
01,Language,90,6784,taskvec_a1p0,0,embedding,0.007136908601388572
01,Language,90,6784,taskvec_a1p0,1,layer_1,0.00629371955640979
01,Language,90,6784,taskvec_a1p0,2,layer_2,-0.007991243798768467
01,Language,90,6784,taskvec_a1p0,3,layer_3,0.010416820974018887
01,Language,90,6784,taskvec_a1p0,4,layer_4,0.008884682644267986
01,Language,90,6784,taskvec_a1p0,5,layer_5,0.018530750757691245
01,Language,90,6784,taskvec_a1p0,6,layer_6,0.02384297421572969
01,Language,90,6784,taskvec_a1p0,7,layer_7,0.02023050518902247
01,Language,90,6784,taskvec_a1p0,8,layer_8,0.02108097922634545
01,Language,90,6784,taskvec_a1p0,9,layer_9,0.016870585122701332
01,Language,90,6784,taskvec_a1p0,10,layer_10,0.01624972453504936
01,Language,90,6784,taskvec_a1p0,11,layer_11,0.014703537079523663
01,Language,90,6784,taskvec_a1p0,12,layer_12,0.01493604086456381
01,Language,90,6784,taskvec_a1p0,13,layer_13,0.01227561203215699
01,Language,90,6784,taskvec_a1p0,14,layer_14,0.01221273262088444
01,Language,90,6784,taskvec_a1p0,15,layer_15,0.006045093741077855
01,Language,90,6784,taskvec_a1p0,16,layer_16,0.004955882634869772
01,Language,90,6784,taskvec_a1p0,17,layer_17,5.632352617492885e-06
01,Language,90,6784,taskvec_a1p0,18,layer_18,0.0019988672493061977
01,Language,90,6784,taskvec_a1p0,19,layer_19,0.004946097748467228
01,Language,90,6784,taskvec_a1p0,20,layer_20,0.0026085705409416475
01,Language,90,6784,taskvec_a1p0,21,layer_21,0.007122257829343269
01,Language,90,6784,taskvec_a1p0,22,layer_22,0.01134074348971105
01,Language,90,6784,taskvec_a1p0,23,layer_23,0.011018545908906998
01,Language,90,6784,taskvec_a1p0,24,layer_24,0.011702096494009748
01,Language,90,6784,taskvec_a1p0,25,layer_25,0.012423696467854949
01,Language,90,6784,taskvec_a1p0,26,layer_26,0.009945078565743077
01,Language,90,6784,taskvec_a1p0,27,layer_27,0.010450848774823487
01,Language,90,6784,taskvec_a1p0,28,layer_28,0.009918220283571135
01,Language,90,6784,taskvec_a1p0,29,layer_29,0.008802331903074048
01,Language,90,6784,taskvec_a1p0,30,layer_30,0.010191015975036573
01,Language,90,6784,taskvec_a1p0,31,layer_31,0.009757466043262069
01,Language,90,6784,taskvec_a1p0,32,layer_32,0.004069590705367378
01,ATL (Semantic),90,8204,base,0,embedding,0.026422347954455676
01,ATL (Semantic),90,8204,base,1,layer_1,0.008807141781276086
01,ATL (Semantic),90,8204,base,2,layer_2,0.018672123144627874
01,ATL (Semantic),90,8204,base,3,layer_3,0.03023337626545175
01,ATL (Semantic),90,8204,base,4,layer_4,0.030039867070276515
01,ATL (Semantic),90,8204,base,5,layer_5,0.024326052499522632
01,ATL (Semantic),90,8204,base,6,layer_6,0.02105856880660967
01,ATL (Semantic),90,8204,base,7,layer_7,0.023220922786742596
01,ATL (Semantic),90,8204,base,8,layer_8,0.022881769493312852
01,ATL (Semantic),90,8204,base,9,layer_9,0.02547040264172431
01,ATL (Semantic),90,8204,base,10,layer_10,0.024340854984215787
01,ATL (Semantic),90,8204,base,11,layer_11,0.025832028745635862
01,ATL (Semantic),90,8204,base,12,layer_12,0.026335332278664473
01,ATL (Semantic),90,8204,base,13,layer_13,0.02525306466473368
01,ATL (Semantic),90,8204,base,14,layer_14,0.028172340000103973
01,ATL (Semantic),90,8204,base,15,layer_15,0.028619990614078137
01,ATL (Semantic),90,8204,base,16,layer_16,0.027298792781467646
01,ATL (Semantic),90,8204,base,17,layer_17,0.03194845883285135
01,ATL (Semantic),90,8204,base,18,layer_18,0.026563334029662627
01,ATL (Semantic),90,8204,base,19,layer_19,0.030590018768425317
01,ATL (Semantic),90,8204,base,20,layer_20,0.032283236181321645
01,ATL (Semantic),90,8204,base,21,layer_21,0.035233258386169475
01,ATL (Semantic),90,8204,base,22,layer_22,0.040224513211661705
01,ATL (Semantic),90,8204,base,23,layer_23,0.04131644205129483
01,ATL (Semantic),90,8204,base,24,layer_24,0.045864233914742425
01,ATL (Semantic),90,8204,base,25,layer_25,0.04482405352897368
01,ATL (Semantic),90,8204,base,26,layer_26,0.04417142334928577
01,ATL (Semantic),90,8204,base,27,layer_27,0.040989257133579975
01,ATL (Semantic),90,8204,base,28,layer_28,0.043080274580776644
01,ATL (Semantic),90,8204,base,29,layer_29,0.04373662989895944
01,ATL (Semantic),90,8204,base,30,layer_30,0.04225928502771665
01,ATL (Semantic),90,8204,base,31,layer_31,0.040297798988414756
01,ATL (Semantic),90,8204,base,32,layer_32,0.026771376345890982
01,ATL (Semantic),90,8204,scrambled,0,embedding,0.026422347954455676
01,ATL (Semantic),90,8204,scrambled,1,layer_1,0.01693984875112061
01,ATL (Semantic),90,8204,scrambled,2,layer_2,0.01984332185547217
01,ATL (Semantic),90,8204,scrambled,3,layer_3,0.022176944224210404
01,ATL (Semantic),90,8204,scrambled,4,layer_4,0.021734949312683837
01,ATL (Semantic),90,8204,scrambled,5,layer_5,0.02458243456801799
01,ATL (Semantic),90,8204,scrambled,6,layer_6,0.01797867858271635
01,ATL (Semantic),90,8204,scrambled,7,layer_7,0.017613432134347393
01,ATL (Semantic),90,8204,scrambled,8,layer_8,0.020426866239046843
01,ATL (Semantic),90,8204,scrambled,9,layer_9,0.019316906660610207
01,ATL (Semantic),90,8204,scrambled,10,layer_10,0.019242184028712105
01,ATL (Semantic),90,8204,scrambled,11,layer_11,0.018621342494521492
01,ATL (Semantic),90,8204,scrambled,12,layer_12,0.01834033774998732
01,ATL (Semantic),90,8204,scrambled,13,layer_13,0.019104132174414392
01,ATL (Semantic),90,8204,scrambled,14,layer_14,0.02039613113788368
01,ATL (Semantic),90,8204,scrambled,15,layer_15,0.018738042890578132
01,ATL (Semantic),90,8204,scrambled,16,layer_16,0.019005488855769616
01,ATL (Semantic),90,8204,scrambled,17,layer_17,0.0199337422979488
01,ATL (Semantic),90,8204,scrambled,18,layer_18,0.023273897200086567
01,ATL (Semantic),90,8204,scrambled,19,layer_19,0.02110300596167302
01,ATL (Semantic),90,8204,scrambled,20,layer_20,0.024013110417773088
01,ATL (Semantic),90,8204,scrambled,21,layer_21,0.02680431903339116
01,ATL (Semantic),90,8204,scrambled,22,layer_22,0.027709730364175664
01,ATL (Semantic),90,8204,scrambled,23,layer_23,0.026398539895148915
01,ATL (Semantic),90,8204,scrambled,24,layer_24,0.029354905595039775
01,ATL (Semantic),90,8204,scrambled,25,layer_25,0.028569400872182654
01,ATL (Semantic),90,8204,scrambled,26,layer_26,0.026954700718773716
01,ATL (Semantic),90,8204,scrambled,27,layer_27,0.025274624403459244
01,ATL (Semantic),90,8204,scrambled,28,layer_28,0.02857072097817721
01,ATL (Semantic),90,8204,scrambled,29,layer_29,0.02715785115219671
01,ATL (Semantic),90,8204,scrambled,30,layer_30,0.022610047520434752
01,ATL (Semantic),90,8204,scrambled,31,layer_31,0.02176451766953655
01,ATL (Semantic),90,8204,scrambled,32,layer_32,0.008581834040275594
01,ATL (Semantic),90,8204,lowLR,0,embedding,0.026422347954455676
01,ATL (Semantic),90,8204,lowLR,1,layer_1,0.014458387026501148
01,ATL (Semantic),90,8204,lowLR,2,layer_2,0.024211202904399067
01,ATL (Semantic),90,8204,lowLR,3,layer_3,0.030521375685090786
01,ATL (Semantic),90,8204,lowLR,4,layer_4,0.030111371908788147
01,ATL (Semantic),90,8204,lowLR,5,layer_5,0.026308760358808882
01,ATL (Semantic),90,8204,lowLR,6,layer_6,0.023017434808175665
01,ATL (Semantic),90,8204,lowLR,7,layer_7,0.020973496035621948
01,ATL (Semantic),90,8204,lowLR,8,layer_8,0.023251432235147675
01,ATL (Semantic),90,8204,lowLR,9,layer_9,0.02453584904178677
01,ATL (Semantic),90,8204,lowLR,10,layer_10,0.024346097488069925
01,ATL (Semantic),90,8204,lowLR,11,layer_11,0.026940025817552223
01,ATL (Semantic),90,8204,lowLR,12,layer_12,0.027501584001104383
01,ATL (Semantic),90,8204,lowLR,13,layer_13,0.025754546724215815
01,ATL (Semantic),90,8204,lowLR,14,layer_14,0.026321739128371876
01,ATL (Semantic),90,8204,lowLR,15,layer_15,0.028138617988674373
01,ATL (Semantic),90,8204,lowLR,16,layer_16,0.029864447081879363
01,ATL (Semantic),90,8204,lowLR,17,layer_17,0.031924822266837335
01,ATL (Semantic),90,8204,lowLR,18,layer_18,0.02719224507833729
01,ATL (Semantic),90,8204,lowLR,19,layer_19,0.031556466368293574
01,ATL (Semantic),90,8204,lowLR,20,layer_20,0.032920008650794495
01,ATL (Semantic),90,8204,lowLR,21,layer_21,0.03615486852148713
01,ATL (Semantic),90,8204,lowLR,22,layer_22,0.041136428310723054
01,ATL (Semantic),90,8204,lowLR,23,layer_23,0.04139088840800319
01,ATL (Semantic),90,8204,lowLR,24,layer_24,0.043877936159177226
01,ATL (Semantic),90,8204,lowLR,25,layer_25,0.04294085536042825
01,ATL (Semantic),90,8204,lowLR,26,layer_26,0.041473498052113277
01,ATL (Semantic),90,8204,lowLR,27,layer_27,0.03991123339796959
01,ATL (Semantic),90,8204,lowLR,28,layer_28,0.04185499392744705
01,ATL (Semantic),90,8204,lowLR,29,layer_29,0.04196942901638667
01,ATL (Semantic),90,8204,lowLR,30,layer_30,0.040887416942996496
01,ATL (Semantic),90,8204,lowLR,31,layer_31,0.038132120926468734
01,ATL (Semantic),90,8204,lowLR,32,layer_32,0.02325959122618067
01,ATL (Semantic),90,8204,lowrank,0,embedding,0.026422347954455676
01,ATL (Semantic),90,8204,lowrank,1,layer_1,0.008598045360317682
01,ATL (Semantic),90,8204,lowrank,2,layer_2,0.018321854398077146
01,ATL (Semantic),90,8204,lowrank,3,layer_3,0.026285951871169555
01,ATL (Semantic),90,8204,lowrank,4,layer_4,0.029155259504118243
01,ATL (Semantic),90,8204,lowrank,5,layer_5,0.02353418821693937
01,ATL (Semantic),90,8204,lowrank,6,layer_6,0.018766699856862367
01,ATL (Semantic),90,8204,lowrank,7,layer_7,0.018389577124508436
01,ATL (Semantic),90,8204,lowrank,8,layer_8,0.02442975096298482
01,ATL (Semantic),90,8204,lowrank,9,layer_9,0.02667709047914021
01,ATL (Semantic),90,8204,lowrank,10,layer_10,0.024890847716721263
01,ATL (Semantic),90,8204,lowrank,11,layer_11,0.02632935098618596
01,ATL (Semantic),90,8204,lowrank,12,layer_12,0.028241011850429185
01,ATL (Semantic),90,8204,lowrank,13,layer_13,0.025786596327414316
01,ATL (Semantic),90,8204,lowrank,14,layer_14,0.02559648350512616
01,ATL (Semantic),90,8204,lowrank,15,layer_15,0.02904779872923164
01,ATL (Semantic),90,8204,lowrank,16,layer_16,0.030054683191270446
01,ATL (Semantic),90,8204,lowrank,17,layer_17,0.029834744977199835
01,ATL (Semantic),90,8204,lowrank,18,layer_18,0.024853924350185574
01,ATL (Semantic),90,8204,lowrank,19,layer_19,0.03018827111844889
01,ATL (Semantic),90,8204,lowrank,20,layer_20,0.03058746803298515
01,ATL (Semantic),90,8204,lowrank,21,layer_21,0.032597315679995034
01,ATL (Semantic),90,8204,lowrank,22,layer_22,0.03767650596564529
01,ATL (Semantic),90,8204,lowrank,23,layer_23,0.03721984157005782
01,ATL (Semantic),90,8204,lowrank,24,layer_24,0.04028844261809421
01,ATL (Semantic),90,8204,lowrank,25,layer_25,0.03865028746695011
01,ATL (Semantic),90,8204,lowrank,26,layer_26,0.037326105526052804
01,ATL (Semantic),90,8204,lowrank,27,layer_27,0.03678938166139948
01,ATL (Semantic),90,8204,lowrank,28,layer_28,0.03924189650824419
01,ATL (Semantic),90,8204,lowrank,29,layer_29,0.038946942575208046
01,ATL (Semantic),90,8204,lowrank,30,layer_30,0.038402439294359846
01,ATL (Semantic),90,8204,lowrank,31,layer_31,0.03476896214531335
01,ATL (Semantic),90,8204,lowrank,32,layer_32,0.018397622168370542
01,ATL (Semantic),90,8204,taskvec_a0p25,0,embedding,0.026422347954455676
01,ATL (Semantic),90,8204,taskvec_a0p25,1,layer_1,0.010885740668033522
01,ATL (Semantic),90,8204,taskvec_a0p25,2,layer_2,0.017989240551464634
01,ATL (Semantic),90,8204,taskvec_a0p25,3,layer_3,0.029803915916320343
01,ATL (Semantic),90,8204,taskvec_a0p25,4,layer_4,0.029608867313546255
01,ATL (Semantic),90,8204,taskvec_a0p25,5,layer_5,0.02981538572646293
01,ATL (Semantic),90,8204,taskvec_a0p25,6,layer_6,0.02298392518680065
01,ATL (Semantic),90,8204,taskvec_a0p25,7,layer_7,0.022599657780033283
01,ATL (Semantic),90,8204,taskvec_a0p25,8,layer_8,0.026887418837134715
01,ATL (Semantic),90,8204,taskvec_a0p25,9,layer_9,0.029394148066701035
01,ATL (Semantic),90,8204,taskvec_a0p25,10,layer_10,0.02834162458714395
01,ATL (Semantic),90,8204,taskvec_a0p25,11,layer_11,0.030238774372573673
01,ATL (Semantic),90,8204,taskvec_a0p25,12,layer_12,0.03230167245997433
01,ATL (Semantic),90,8204,taskvec_a0p25,13,layer_13,0.030142857006494134
01,ATL (Semantic),90,8204,taskvec_a0p25,14,layer_14,0.031167259818664732
01,ATL (Semantic),90,8204,taskvec_a0p25,15,layer_15,0.03130267575734208
01,ATL (Semantic),90,8204,taskvec_a0p25,16,layer_16,0.03039253188299283
01,ATL (Semantic),90,8204,taskvec_a0p25,17,layer_17,0.031210131787916803
01,ATL (Semantic),90,8204,taskvec_a0p25,18,layer_18,0.027661557236296253
01,ATL (Semantic),90,8204,taskvec_a0p25,19,layer_19,0.033919503732200415
01,ATL (Semantic),90,8204,taskvec_a0p25,20,layer_20,0.03469950555389812
01,ATL (Semantic),90,8204,taskvec_a0p25,21,layer_21,0.036718685474203885
01,ATL (Semantic),90,8204,taskvec_a0p25,22,layer_22,0.04112958849169141
01,ATL (Semantic),90,8204,taskvec_a0p25,23,layer_23,0.041179340815280165
01,ATL (Semantic),90,8204,taskvec_a0p25,24,layer_24,0.04495600453966277
01,ATL (Semantic),90,8204,taskvec_a0p25,25,layer_25,0.04480966442967262
01,ATL (Semantic),90,8204,taskvec_a0p25,26,layer_26,0.04413204077864391
01,ATL (Semantic),90,8204,taskvec_a0p25,27,layer_27,0.041875698875592296
01,ATL (Semantic),90,8204,taskvec_a0p25,28,layer_28,0.04441469869114919
01,ATL (Semantic),90,8204,taskvec_a0p25,29,layer_29,0.04490648963714646
01,ATL (Semantic),90,8204,taskvec_a0p25,30,layer_30,0.043474130735373706
01,ATL (Semantic),90,8204,taskvec_a0p25,31,layer_31,0.04164690397756529
01,ATL (Semantic),90,8204,taskvec_a0p25,32,layer_32,0.02822122894037494
01,ATL (Semantic),90,8204,taskvec_a0p5,0,embedding,0.026422347954455676
01,ATL (Semantic),90,8204,taskvec_a0p5,1,layer_1,0.014570229537105068
01,ATL (Semantic),90,8204,taskvec_a0p5,2,layer_2,0.015880554754827615
01,ATL (Semantic),90,8204,taskvec_a0p5,3,layer_3,0.02917641239540413
01,ATL (Semantic),90,8204,taskvec_a0p5,4,layer_4,0.030980544490055505
01,ATL (Semantic),90,8204,taskvec_a0p5,5,layer_5,0.034622139347635375
01,ATL (Semantic),90,8204,taskvec_a0p5,6,layer_6,0.02937275682034948
01,ATL (Semantic),90,8204,taskvec_a0p5,7,layer_7,0.025478464310665448
01,ATL (Semantic),90,8204,taskvec_a0p5,8,layer_8,0.02969933464248172
01,ATL (Semantic),90,8204,taskvec_a0p5,9,layer_9,0.029733709328362296
01,ATL (Semantic),90,8204,taskvec_a0p5,10,layer_10,0.030460410212691903
01,ATL (Semantic),90,8204,taskvec_a0p5,11,layer_11,0.030034058566540744
01,ATL (Semantic),90,8204,taskvec_a0p5,12,layer_12,0.031256440665361
01,ATL (Semantic),90,8204,taskvec_a0p5,13,layer_13,0.02915879111922126
01,ATL (Semantic),90,8204,taskvec_a0p5,14,layer_14,0.029653407021063404
01,ATL (Semantic),90,8204,taskvec_a0p5,15,layer_15,0.03230156112798442
01,ATL (Semantic),90,8204,taskvec_a0p5,16,layer_16,0.033981804067686486
01,ATL (Semantic),90,8204,taskvec_a0p5,17,layer_17,0.03172252064643814
01,ATL (Semantic),90,8204,taskvec_a0p5,18,layer_18,0.030991244316200702
01,ATL (Semantic),90,8204,taskvec_a0p5,19,layer_19,0.036289030480888766
01,ATL (Semantic),90,8204,taskvec_a0p5,20,layer_20,0.03630058266923194
01,ATL (Semantic),90,8204,taskvec_a0p5,21,layer_21,0.039152161243182014
01,ATL (Semantic),90,8204,taskvec_a0p5,22,layer_22,0.042464289624448266
01,ATL (Semantic),90,8204,taskvec_a0p5,23,layer_23,0.04225209701601855
01,ATL (Semantic),90,8204,taskvec_a0p5,24,layer_24,0.045398905050999944
01,ATL (Semantic),90,8204,taskvec_a0p5,25,layer_25,0.04580939842654014
01,ATL (Semantic),90,8204,taskvec_a0p5,26,layer_26,0.04458825685749345
01,ATL (Semantic),90,8204,taskvec_a0p5,27,layer_27,0.04299571233047424
01,ATL (Semantic),90,8204,taskvec_a0p5,28,layer_28,0.045684101743832375
01,ATL (Semantic),90,8204,taskvec_a0p5,29,layer_29,0.04493050521760266
01,ATL (Semantic),90,8204,taskvec_a0p5,30,layer_30,0.04330389609044661
01,ATL (Semantic),90,8204,taskvec_a0p5,31,layer_31,0.04015582735143843
01,ATL (Semantic),90,8204,taskvec_a0p5,32,layer_32,0.03066289041259171
01,ATL (Semantic),90,8204,taskvec_a1p0,0,embedding,0.026422347954455676
01,ATL (Semantic),90,8204,taskvec_a1p0,1,layer_1,0.023749679502567025
01,ATL (Semantic),90,8204,taskvec_a1p0,2,layer_2,0.012550681063081003
01,ATL (Semantic),90,8204,taskvec_a1p0,3,layer_3,0.02955398400489192
01,ATL (Semantic),90,8204,taskvec_a1p0,4,layer_4,0.03128246040843437
01,ATL (Semantic),90,8204,taskvec_a1p0,5,layer_5,0.03599311509524841
01,ATL (Semantic),90,8204,taskvec_a1p0,6,layer_6,0.040861119617142894
01,ATL (Semantic),90,8204,taskvec_a1p0,7,layer_7,0.03687230251204515
01,ATL (Semantic),90,8204,taskvec_a1p0,8,layer_8,0.03924012715151849
01,ATL (Semantic),90,8204,taskvec_a1p0,9,layer_9,0.03291619982650852
01,ATL (Semantic),90,8204,taskvec_a1p0,10,layer_10,0.03358917835573638
01,ATL (Semantic),90,8204,taskvec_a1p0,11,layer_11,0.032645295284482574
01,ATL (Semantic),90,8204,taskvec_a1p0,12,layer_12,0.032781583946409745
01,ATL (Semantic),90,8204,taskvec_a1p0,13,layer_13,0.032657473061473805
01,ATL (Semantic),90,8204,taskvec_a1p0,14,layer_14,0.030458478714746
01,ATL (Semantic),90,8204,taskvec_a1p0,15,layer_15,0.03569268926962724
01,ATL (Semantic),90,8204,taskvec_a1p0,16,layer_16,0.03818150282835278
01,ATL (Semantic),90,8204,taskvec_a1p0,17,layer_17,0.03173232346551021
01,ATL (Semantic),90,8204,taskvec_a1p0,18,layer_18,0.03332227391980459
01,ATL (Semantic),90,8204,taskvec_a1p0,19,layer_19,0.03554895892344776
01,ATL (Semantic),90,8204,taskvec_a1p0,20,layer_20,0.036807716508390216
01,ATL (Semantic),90,8204,taskvec_a1p0,21,layer_21,0.03997782711341587
01,ATL (Semantic),90,8204,taskvec_a1p0,22,layer_22,0.04239593850738931
01,ATL (Semantic),90,8204,taskvec_a1p0,23,layer_23,0.04117982817293402
01,ATL (Semantic),90,8204,taskvec_a1p0,24,layer_24,0.04372194173503446
01,ATL (Semantic),90,8204,taskvec_a1p0,25,layer_25,0.04310011427761769
01,ATL (Semantic),90,8204,taskvec_a1p0,26,layer_26,0.041453004186432135
01,ATL (Semantic),90,8204,taskvec_a1p0,27,layer_27,0.04186024390324682
01,ATL (Semantic),90,8204,taskvec_a1p0,28,layer_28,0.04217767830550904
01,ATL (Semantic),90,8204,taskvec_a1p0,29,layer_29,0.041142070563668504
01,ATL (Semantic),90,8204,taskvec_a1p0,30,layer_30,0.037883541250401075
01,ATL (Semantic),90,8204,taskvec_a1p0,31,layer_31,0.035038927276974705
01,ATL (Semantic),90,8204,taskvec_a1p0,32,layer_32,0.02406992111480323
01,Prefrontal,90,8381,base,0,embedding,0.009632573147742551
01,Prefrontal,90,8381,base,1,layer_1,-0.005957843831931577
01,Prefrontal,90,8381,base,2,layer_2,-5.283618234977713e-05
01,Prefrontal,90,8381,base,3,layer_3,-0.0003999170232965608
01,Prefrontal,90,8381,base,4,layer_4,0.00033587180170675714
01,Prefrontal,90,8381,base,5,layer_5,-0.0017004145777278212
01,Prefrontal,90,8381,base,6,layer_6,-0.004582734603994849
01,Prefrontal,90,8381,base,7,layer_7,-0.003967035636385544
01,Prefrontal,90,8381,base,8,layer_8,-0.0006062024983081601
01,Prefrontal,90,8381,base,9,layer_9,0.0002749696540471053
01,Prefrontal,90,8381,base,10,layer_10,-0.000804291809357245
01,Prefrontal,90,8381,base,11,layer_11,-0.0010835120664758231
01,Prefrontal,90,8381,base,12,layer_12,-0.0003593906845770623
01,Prefrontal,90,8381,base,13,layer_13,-0.002911138573375555
01,Prefrontal,90,8381,base,14,layer_14,-0.00353242749031089
01,Prefrontal,90,8381,base,15,layer_15,-0.0031180186284608304
01,Prefrontal,90,8381,base,16,layer_16,-0.002458942214477451
01,Prefrontal,90,8381,base,17,layer_17,0.0012667185694162084
01,Prefrontal,90,8381,base,18,layer_18,-0.004489404585889073
01,Prefrontal,90,8381,base,19,layer_19,-0.0017333744507029524
01,Prefrontal,90,8381,base,20,layer_20,-0.0003354218037810627
01,Prefrontal,90,8381,base,21,layer_21,0.0009142013276261343
01,Prefrontal,90,8381,base,22,layer_22,0.005145775968754984
01,Prefrontal,90,8381,base,23,layer_23,0.005815833340837968
01,Prefrontal,90,8381,base,24,layer_24,0.006807467561841619
01,Prefrontal,90,8381,base,25,layer_25,0.00903150039838266
01,Prefrontal,90,8381,base,26,layer_26,0.01037497154052658
01,Prefrontal,90,8381,base,27,layer_27,0.008731415667079587
01,Prefrontal,90,8381,base,28,layer_28,0.007825039894912615
01,Prefrontal,90,8381,base,29,layer_29,0.007575563958966382
01,Prefrontal,90,8381,base,30,layer_30,0.006104665695616348
01,Prefrontal,90,8381,base,31,layer_31,0.0027012108984655783
01,Prefrontal,90,8381,base,32,layer_32,-0.006130453434777847
01,Prefrontal,90,8381,scrambled,0,embedding,0.009632573147742551
01,Prefrontal,90,8381,scrambled,1,layer_1,-0.0003953115028075621
01,Prefrontal,90,8381,scrambled,2,layer_2,0.004583607700841962
01,Prefrontal,90,8381,scrambled,3,layer_3,0.0022241355757934823
01,Prefrontal,90,8381,scrambled,4,layer_4,-0.0015282588955787026
01,Prefrontal,90,8381,scrambled,5,layer_5,0.0004531157818081366
01,Prefrontal,90,8381,scrambled,6,layer_6,-0.004318419570821867
01,Prefrontal,90,8381,scrambled,7,layer_7,-0.00805269027766742
01,Prefrontal,90,8381,scrambled,8,layer_8,-0.005852646682974225
01,Prefrontal,90,8381,scrambled,9,layer_9,-0.006483669303484525
01,Prefrontal,90,8381,scrambled,10,layer_10,-0.006951326051888691
01,Prefrontal,90,8381,scrambled,11,layer_11,-0.006220904885828849
01,Prefrontal,90,8381,scrambled,12,layer_12,-0.007988751531302874
01,Prefrontal,90,8381,scrambled,13,layer_13,-0.005446831866191591
01,Prefrontal,90,8381,scrambled,14,layer_14,-0.005488215050276453
01,Prefrontal,90,8381,scrambled,15,layer_15,-0.008355343303482891
01,Prefrontal,90,8381,scrambled,16,layer_16,-0.01078923152385992
01,Prefrontal,90,8381,scrambled,17,layer_17,-0.013471536345091182
01,Prefrontal,90,8381,scrambled,18,layer_18,-0.01042144629516381
01,Prefrontal,90,8381,scrambled,19,layer_19,-0.0088129555153738
01,Prefrontal,90,8381,scrambled,20,layer_20,-0.006571034654190819
01,Prefrontal,90,8381,scrambled,21,layer_21,-0.005986868044343629
01,Prefrontal,90,8381,scrambled,22,layer_22,-0.002076341425183331
01,Prefrontal,90,8381,scrambled,23,layer_23,-0.0010691011117337922
01,Prefrontal,90,8381,scrambled,24,layer_24,0.00037218284229789445
01,Prefrontal,90,8381,scrambled,25,layer_25,0.0010619745567885155
01,Prefrontal,90,8381,scrambled,26,layer_26,0.0014202050350075504
01,Prefrontal,90,8381,scrambled,27,layer_27,-0.0008435667839820039
01,Prefrontal,90,8381,scrambled,28,layer_28,-0.0005398596534364791
01,Prefrontal,90,8381,scrambled,29,layer_29,0.00010796027445210974
01,Prefrontal,90,8381,scrambled,30,layer_30,-0.0012075450563785479
01,Prefrontal,90,8381,scrambled,31,layer_31,-0.0001855779116853797
01,Prefrontal,90,8381,scrambled,32,layer_32,-0.008939752564764486
01,Prefrontal,90,8381,lowLR,0,embedding,0.009632573147742551
01,Prefrontal,90,8381,lowLR,1,layer_1,0.0017610991049709379
01,Prefrontal,90,8381,lowLR,2,layer_2,0.00232060399786339
01,Prefrontal,90,8381,lowLR,3,layer_3,-0.0008435256882810273
01,Prefrontal,90,8381,lowLR,4,layer_4,-0.000915883075789284
01,Prefrontal,90,8381,lowLR,5,layer_5,-0.0014781339087015404
01,Prefrontal,90,8381,lowLR,6,layer_6,-0.004237837999554975
01,Prefrontal,90,8381,lowLR,7,layer_7,-0.004742384303940845
01,Prefrontal,90,8381,lowLR,8,layer_8,-0.003450258130597173
01,Prefrontal,90,8381,lowLR,9,layer_9,-0.002963047300473745
01,Prefrontal,90,8381,lowLR,10,layer_10,-0.004411170513141153
01,Prefrontal,90,8381,lowLR,11,layer_11,-0.003462810438863214
01,Prefrontal,90,8381,lowLR,12,layer_12,-0.004824654534920598
01,Prefrontal,90,8381,lowLR,13,layer_13,-0.005653476554989454
01,Prefrontal,90,8381,lowLR,14,layer_14,-0.006228478076324285
01,Prefrontal,90,8381,lowLR,15,layer_15,-0.005596731611080873
01,Prefrontal,90,8381,lowLR,16,layer_16,-0.0040227369362879585
01,Prefrontal,90,8381,lowLR,17,layer_17,-0.0027462346012610502
01,Prefrontal,90,8381,lowLR,18,layer_18,-0.006168310981316193
01,Prefrontal,90,8381,lowLR,19,layer_19,-0.002983984439329512
01,Prefrontal,90,8381,lowLR,20,layer_20,-0.001930993029177214
01,Prefrontal,90,8381,lowLR,21,layer_21,0.000772690896493956
01,Prefrontal,90,8381,lowLR,22,layer_22,0.00515650138631397
01,Prefrontal,90,8381,lowLR,23,layer_23,0.005546139254004423
01,Prefrontal,90,8381,lowLR,24,layer_24,0.005380588398196817
01,Prefrontal,90,8381,lowLR,25,layer_25,0.006475295307215965
01,Prefrontal,90,8381,lowLR,26,layer_26,0.005911796472584504
01,Prefrontal,90,8381,lowLR,27,layer_27,0.005870767458722605
01,Prefrontal,90,8381,lowLR,28,layer_28,0.0068763023005816125
01,Prefrontal,90,8381,lowLR,29,layer_29,0.006182482086603433
01,Prefrontal,90,8381,lowLR,30,layer_30,0.005095189028839116
01,Prefrontal,90,8381,lowLR,31,layer_31,0.0023474751691415457
01,Prefrontal,90,8381,lowLR,32,layer_32,-0.0029862445160845877
01,Prefrontal,90,8381,lowrank,0,embedding,0.009632573147742551
01,Prefrontal,90,8381,lowrank,1,layer_1,-0.002898853947561785
01,Prefrontal,90,8381,lowrank,2,layer_2,-0.002319253256891743
01,Prefrontal,90,8381,lowrank,3,layer_3,-0.0029184773315767834
01,Prefrontal,90,8381,lowrank,4,layer_4,-0.0006115548397630893
01,Prefrontal,90,8381,lowrank,5,layer_5,-0.002680462239438382
01,Prefrontal,90,8381,lowrank,6,layer_6,-0.006667040189228817
01,Prefrontal,90,8381,lowrank,7,layer_7,-0.006673536859157304
01,Prefrontal,90,8381,lowrank,8,layer_8,-0.00424762064437383
01,Prefrontal,90,8381,lowrank,9,layer_9,-0.0029870356083283884
01,Prefrontal,90,8381,lowrank,10,layer_10,-0.005001539958654848
01,Prefrontal,90,8381,lowrank,11,layer_11,-0.005055162750081047
01,Prefrontal,90,8381,lowrank,12,layer_12,-0.005788565409246747
01,Prefrontal,90,8381,lowrank,13,layer_13,-0.006257776509141036
01,Prefrontal,90,8381,lowrank,14,layer_14,-0.006705157572676519
01,Prefrontal,90,8381,lowrank,15,layer_15,-0.004803693859436089
01,Prefrontal,90,8381,lowrank,16,layer_16,-0.003646544087567945
01,Prefrontal,90,8381,lowrank,17,layer_17,-0.00415915859884738
01,Prefrontal,90,8381,lowrank,18,layer_18,-0.005291675607550111
01,Prefrontal,90,8381,lowrank,19,layer_19,-0.0013619449673234166
01,Prefrontal,90,8381,lowrank,20,layer_20,-0.0009053272713961456
01,Prefrontal,90,8381,lowrank,21,layer_21,-1.1406111806073662e-05
01,Prefrontal,90,8381,lowrank,22,layer_22,0.005008407984281253
01,Prefrontal,90,8381,lowrank,23,layer_23,0.004808579764684933
01,Prefrontal,90,8381,lowrank,24,layer_24,0.0048660405209850705
01,Prefrontal,90,8381,lowrank,25,layer_25,0.005169382273389185
01,Prefrontal,90,8381,lowrank,26,layer_26,0.003972841898537625
01,Prefrontal,90,8381,lowrank,27,layer_27,0.004122294447480825
01,Prefrontal,90,8381,lowrank,28,layer_28,0.004570165857448417
01,Prefrontal,90,8381,lowrank,29,layer_29,0.0034672734319892797
01,Prefrontal,90,8381,lowrank,30,layer_30,0.00297286487663843
01,Prefrontal,90,8381,lowrank,31,layer_31,0.0001810110585150273
01,Prefrontal,90,8381,lowrank,32,layer_32,-0.0026215427725522133
01,Prefrontal,90,8381,taskvec_a0p25,0,embedding,0.009632573147742551
01,Prefrontal,90,8381,taskvec_a0p25,1,layer_1,-0.0036863122106044243
01,Prefrontal,90,8381,taskvec_a0p25,2,layer_2,-0.0006239918932677549
01,Prefrontal,90,8381,taskvec_a0p25,3,layer_3,-0.0018547255725196682
01,Prefrontal,90,8381,taskvec_a0p25,4,layer_4,-0.0017816830075969457
01,Prefrontal,90,8381,taskvec_a0p25,5,layer_5,0.0011108801221385155
01,Prefrontal,90,8381,taskvec_a0p25,6,layer_6,-0.004152016539614918
01,Prefrontal,90,8381,taskvec_a0p25,7,layer_7,-0.0026588778432922334
01,Prefrontal,90,8381,taskvec_a0p25,8,layer_8,0.0024755768202396017
01,Prefrontal,90,8381,taskvec_a0p25,9,layer_9,0.0029652240650350228
01,Prefrontal,90,8381,taskvec_a0p25,10,layer_10,0.001125968969148021
01,Prefrontal,90,8381,taskvec_a0p25,11,layer_11,0.0018431718897873601
01,Prefrontal,90,8381,taskvec_a0p25,12,layer_12,0.0022354398823403185
01,Prefrontal,90,8381,taskvec_a0p25,13,layer_13,0.0008593114810193687
01,Prefrontal,90,8381,taskvec_a0p25,14,layer_14,-0.00035400415897086625
01,Prefrontal,90,8381,taskvec_a0p25,15,layer_15,-0.001205780930014804
01,Prefrontal,90,8381,taskvec_a0p25,16,layer_16,-0.0014251294207763999
01,Prefrontal,90,8381,taskvec_a0p25,17,layer_17,-0.0004816806563624539
01,Prefrontal,90,8381,taskvec_a0p25,18,layer_18,-0.0033070209328294113
01,Prefrontal,90,8381,taskvec_a0p25,19,layer_19,-0.00016784754509627874
01,Prefrontal,90,8381,taskvec_a0p25,20,layer_20,0.0010102401128221947
01,Prefrontal,90,8381,taskvec_a0p25,21,layer_21,0.0020774685681819367
01,Prefrontal,90,8381,taskvec_a0p25,22,layer_22,0.006833408849485858
01,Prefrontal,90,8381,taskvec_a0p25,23,layer_23,0.0073424513971558575
01,Prefrontal,90,8381,taskvec_a0p25,24,layer_24,0.008349488660482844
01,Prefrontal,90,8381,taskvec_a0p25,25,layer_25,0.010080711004045104
01,Prefrontal,90,8381,taskvec_a0p25,26,layer_26,0.010496048255139955
01,Prefrontal,90,8381,taskvec_a0p25,27,layer_27,0.009305927962774156
01,Prefrontal,90,8381,taskvec_a0p25,28,layer_28,0.010234383521082687
01,Prefrontal,90,8381,taskvec_a0p25,29,layer_29,0.009221997839072228
01,Prefrontal,90,8381,taskvec_a0p25,30,layer_30,0.008221382526217411
01,Prefrontal,90,8381,taskvec_a0p25,31,layer_31,0.004596027942468955
01,Prefrontal,90,8381,taskvec_a0p25,32,layer_32,-0.002549660227188878
01,Prefrontal,90,8381,taskvec_a0p5,0,embedding,0.009632573147742551
01,Prefrontal,90,8381,taskvec_a0p5,1,layer_1,-0.0005574620629566301
01,Prefrontal,90,8381,taskvec_a0p5,2,layer_2,-0.0016833914307928007
01,Prefrontal,90,8381,taskvec_a0p5,3,layer_3,-0.0020869556975510405
01,Prefrontal,90,8381,taskvec_a0p5,4,layer_4,-0.0013944081427126522
01,Prefrontal,90,8381,taskvec_a0p5,5,layer_5,0.0027606709606182306
01,Prefrontal,90,8381,taskvec_a0p5,6,layer_6,-0.001781031453937825
01,Prefrontal,90,8381,taskvec_a0p5,7,layer_7,-0.0016300026980635284
01,Prefrontal,90,8381,taskvec_a0p5,8,layer_8,0.0029211365970272557
01,Prefrontal,90,8381,taskvec_a0p5,9,layer_9,0.0022282664409362008
01,Prefrontal,90,8381,taskvec_a0p5,10,layer_10,0.0012866567091409603
01,Prefrontal,90,8381,taskvec_a0p5,11,layer_11,0.0002712441419549297
01,Prefrontal,90,8381,taskvec_a0p5,12,layer_12,-0.0006422509000103283
01,Prefrontal,90,8381,taskvec_a0p5,13,layer_13,-0.001469650448429471
01,Prefrontal,90,8381,taskvec_a0p5,14,layer_14,-0.0022210238840349853
01,Prefrontal,90,8381,taskvec_a0p5,15,layer_15,-0.002868469280648764
01,Prefrontal,90,8381,taskvec_a0p5,16,layer_16,-0.0013236981324176375
01,Prefrontal,90,8381,taskvec_a0p5,17,layer_17,-0.002716497752034335
01,Prefrontal,90,8381,taskvec_a0p5,18,layer_18,-0.002295550377360247
01,Prefrontal,90,8381,taskvec_a0p5,19,layer_19,-1.8771769011577836e-05
01,Prefrontal,90,8381,taskvec_a0p5,20,layer_20,0.0005251636439685826
01,Prefrontal,90,8381,taskvec_a0p5,21,layer_21,0.002558134160730267
01,Prefrontal,90,8381,taskvec_a0p5,22,layer_22,0.005805480773366025
01,Prefrontal,90,8381,taskvec_a0p5,23,layer_23,0.006666638011755169
01,Prefrontal,90,8381,taskvec_a0p5,24,layer_24,0.007646739097876999
01,Prefrontal,90,8381,taskvec_a0p5,25,layer_25,0.008958387036775073
01,Prefrontal,90,8381,taskvec_a0p5,26,layer_26,0.008024271853247491
01,Prefrontal,90,8381,taskvec_a0p5,27,layer_27,0.007795265872756379
01,Prefrontal,90,8381,taskvec_a0p5,28,layer_28,0.009669684318385425
01,Prefrontal,90,8381,taskvec_a0p5,29,layer_29,0.007783249116193521
01,Prefrontal,90,8381,taskvec_a0p5,30,layer_30,0.008130691972906182
01,Prefrontal,90,8381,taskvec_a0p5,31,layer_31,0.00495654726443375
01,Prefrontal,90,8381,taskvec_a0p5,32,layer_32,0.0006844948522320106
01,Prefrontal,90,8381,taskvec_a1p0,0,embedding,0.009632573147742551
01,Prefrontal,90,8381,taskvec_a1p0,1,layer_1,0.007808050558531579
01,Prefrontal,90,8381,taskvec_a1p0,2,layer_2,-0.0023832250666157113
01,Prefrontal,90,8381,taskvec_a1p0,3,layer_3,0.0010976900833127728
01,Prefrontal,90,8381,taskvec_a1p0,4,layer_4,-3.604765450760503e-05
01,Prefrontal,90,8381,taskvec_a1p0,5,layer_5,0.0015474793549254892
01,Prefrontal,90,8381,taskvec_a1p0,6,layer_6,0.002240212400814195
01,Prefrontal,90,8381,taskvec_a1p0,7,layer_7,0.002580377395682528
01,Prefrontal,90,8381,taskvec_a1p0,8,layer_8,0.00511805392966797
01,Prefrontal,90,8381,taskvec_a1p0,9,layer_9,0.0019678166452387143
01,Prefrontal,90,8381,taskvec_a1p0,10,layer_10,0.0013556274372914583
01,Prefrontal,90,8381,taskvec_a1p0,11,layer_11,-0.0005892066239746967
01,Prefrontal,90,8381,taskvec_a1p0,12,layer_12,-0.0014523457959427603
01,Prefrontal,90,8381,taskvec_a1p0,13,layer_13,-0.001023658045989717
01,Prefrontal,90,8381,taskvec_a1p0,14,layer_14,-0.0014982396068070928
01,Prefrontal,90,8381,taskvec_a1p0,15,layer_15,-0.0034606211587930027
01,Prefrontal,90,8381,taskvec_a1p0,16,layer_16,-0.0020054128604785767
01,Prefrontal,90,8381,taskvec_a1p0,17,layer_17,-0.005286100415316704
01,Prefrontal,90,8381,taskvec_a1p0,18,layer_18,-0.002663947745202268
01,Prefrontal,90,8381,taskvec_a1p0,19,layer_19,-0.001983792785792034
01,Prefrontal,90,8381,taskvec_a1p0,20,layer_20,-0.0016975808423468396
01,Prefrontal,90,8381,taskvec_a1p0,21,layer_21,0.0015639757296934452
01,Prefrontal,90,8381,taskvec_a1p0,22,layer_22,0.0032956320064982917
01,Prefrontal,90,8381,taskvec_a1p0,23,layer_23,0.0027008550470548486
01,Prefrontal,90,8381,taskvec_a1p0,24,layer_24,0.0034512687112439175
01,Prefrontal,90,8381,taskvec_a1p0,25,layer_25,0.004144649388020287
01,Prefrontal,90,8381,taskvec_a1p0,26,layer_26,0.0025240034338745825
01,Prefrontal,90,8381,taskvec_a1p0,27,layer_27,0.0037220923694583994
01,Prefrontal,90,8381,taskvec_a1p0,28,layer_28,0.004499431002934175
01,Prefrontal,90,8381,taskvec_a1p0,29,layer_29,0.003730562380228331
01,Prefrontal,90,8381,taskvec_a1p0,30,layer_30,0.003560819389323824
01,Prefrontal,90,8381,taskvec_a1p0,31,layer_31,0.0034376596830668535
01,Prefrontal,90,8381,taskvec_a1p0,32,layer_32,-0.0015909076105298625
01,TGd,90,1914,base,0,embedding,-0.005753975469214166
01,TGd,90,1914,base,1,layer_1,-0.025620395972732638
01,TGd,90,1914,base,2,layer_2,-0.01359103405079385
01,TGd,90,1914,base,3,layer_3,-0.014471982231578792
01,TGd,90,1914,base,4,layer_4,-0.008685040662916548
01,TGd,90,1914,base,5,layer_5,-0.01541881821574642
01,TGd,90,1914,base,6,layer_6,-0.013497806771940514
01,TGd,90,1914,base,7,layer_7,-0.012435173002748606
01,TGd,90,1914,base,8,layer_8,-0.011262430587936712
01,TGd,90,1914,base,9,layer_9,-0.00901396336838679
01,TGd,90,1914,base,10,layer_10,-0.009018018393281342
01,TGd,90,1914,base,11,layer_11,-0.007106666307191364
01,TGd,90,1914,base,12,layer_12,-0.006822007781243086
01,TGd,90,1914,base,13,layer_13,-0.008899724044422727
01,TGd,90,1914,base,14,layer_14,-0.007996125968044495
01,TGd,90,1914,base,15,layer_15,-0.006730163185928976
01,TGd,90,1914,base,16,layer_16,-0.008090226904140865
01,TGd,90,1914,base,17,layer_17,-0.005023847825936827
01,TGd,90,1914,base,18,layer_18,-0.009752519428454964
01,TGd,90,1914,base,19,layer_19,-0.005501219224454596
01,TGd,90,1914,base,20,layer_20,-0.00597158530034497
01,TGd,90,1914,base,21,layer_21,-0.0017106711306983935
01,TGd,90,1914,base,22,layer_22,-7.516048791214696e-05
01,TGd,90,1914,base,23,layer_23,0.0009752568369698853
01,TGd,90,1914,base,24,layer_24,0.006529519216668269
01,TGd,90,1914,base,25,layer_25,0.005182056000771748
01,TGd,90,1914,base,26,layer_26,0.005552730070447876
01,TGd,90,1914,base,27,layer_27,0.004245845310091638
01,TGd,90,1914,base,28,layer_28,0.006036821736867174
01,TGd,90,1914,base,29,layer_29,0.008619448748580892
01,TGd,90,1914,base,30,layer_30,0.007053490524912606
01,TGd,90,1914,base,31,layer_31,0.003557392755056933
01,TGd,90,1914,base,32,layer_32,-0.0076391496558998115
01,TGd,90,1914,scrambled,0,embedding,-0.005753975469214166
01,TGd,90,1914,scrambled,1,layer_1,-0.027947627399573075
01,TGd,90,1914,scrambled,2,layer_2,-0.01885654664071309
01,TGd,90,1914,scrambled,3,layer_3,-0.022943100530651787
01,TGd,90,1914,scrambled,4,layer_4,-0.021194180697061207
01,TGd,90,1914,scrambled,5,layer_5,-0.01930335759479684
01,TGd,90,1914,scrambled,6,layer_6,-0.020706798385785524
01,TGd,90,1914,scrambled,7,layer_7,-0.018835915851628242
01,TGd,90,1914,scrambled,8,layer_8,-0.015154811587129403
01,TGd,90,1914,scrambled,9,layer_9,-0.01734865981810172
01,TGd,90,1914,scrambled,10,layer_10,-0.016188129364432327
01,TGd,90,1914,scrambled,11,layer_11,-0.01765328992073146
01,TGd,90,1914,scrambled,12,layer_12,-0.016550385353360668
01,TGd,90,1914,scrambled,13,layer_13,-0.015519921112094652
01,TGd,90,1914,scrambled,14,layer_14,-0.016300148773349087
01,TGd,90,1914,scrambled,15,layer_15,-0.00674872480646965
01,TGd,90,1914,scrambled,16,layer_16,-0.007920738893381055
01,TGd,90,1914,scrambled,17,layer_17,-0.012267546627243036
01,TGd,90,1914,scrambled,18,layer_18,-0.0130381403353967
01,TGd,90,1914,scrambled,19,layer_19,-0.011604302922381985
01,TGd,90,1914,scrambled,20,layer_20,-0.009511459705270113
01,TGd,90,1914,scrambled,21,layer_21,-0.004165210501212118
01,TGd,90,1914,scrambled,22,layer_22,-0.005344566148304361
01,TGd,90,1914,scrambled,23,layer_23,-0.004162380501803951
01,TGd,90,1914,scrambled,24,layer_24,-0.0021649021003921237
01,TGd,90,1914,scrambled,25,layer_25,-0.0035862311028213864
01,TGd,90,1914,scrambled,26,layer_26,-0.006025292711555452
01,TGd,90,1914,scrambled,27,layer_27,-0.005998622722413441
01,TGd,90,1914,scrambled,28,layer_28,-0.004009266139105089
01,TGd,90,1914,scrambled,29,layer_29,-0.003963332353331624
01,TGd,90,1914,scrambled,30,layer_30,-0.007995760216305802
01,TGd,90,1914,scrambled,31,layer_31,-0.009987201098848236
01,TGd,90,1914,scrambled,32,layer_32,-0.02563418619559128
01,TGd,90,1914,lowLR,0,embedding,-0.005753975469214166
01,TGd,90,1914,lowLR,1,layer_1,-0.021933905743023528
01,TGd,90,1914,lowLR,2,layer_2,-0.01114652128412387
01,TGd,90,1914,lowLR,3,layer_3,-0.017612435003202784
01,TGd,90,1914,lowLR,4,layer_4,-0.010140200580383004
01,TGd,90,1914,lowLR,5,layer_5,-0.01248635713791912
01,TGd,90,1914,lowLR,6,layer_6,-0.010279195954615409
01,TGd,90,1914,lowLR,7,layer_7,-0.014910964828223771
01,TGd,90,1914,lowLR,8,layer_8,-0.011465101882846053
01,TGd,90,1914,lowLR,9,layer_9,-0.011392971642485013
01,TGd,90,1914,lowLR,10,layer_10,-0.010727836974983111
01,TGd,90,1914,lowLR,11,layer_11,-0.008949979603549811
01,TGd,90,1914,lowLR,12,layer_12,-0.008213505414333385
01,TGd,90,1914,lowLR,13,layer_13,-0.009166926984582524
01,TGd,90,1914,lowLR,14,layer_14,-0.008662512373238418
01,TGd,90,1914,lowLR,15,layer_15,-0.006173637544558691
01,TGd,90,1914,lowLR,16,layer_16,-0.005169989929367717
01,TGd,90,1914,lowLR,17,layer_17,-0.005231633294034075
01,TGd,90,1914,lowLR,18,layer_18,-0.009905897364036
01,TGd,90,1914,lowLR,19,layer_19,-0.005957281194425478
01,TGd,90,1914,lowLR,20,layer_20,-0.005683598209416225
01,TGd,90,1914,lowLR,21,layer_21,-0.0007249042550023663
01,TGd,90,1914,lowLR,22,layer_22,0.000138937840251039
01,TGd,90,1914,lowLR,23,layer_23,0.002456730144973061
01,TGd,90,1914,lowLR,24,layer_24,0.004569381116358403
01,TGd,90,1914,lowLR,25,layer_25,0.0027454068964836522
01,TGd,90,1914,lowLR,26,layer_26,0.0018433865214256425
01,TGd,90,1914,lowLR,27,layer_27,0.0007409829480094869
01,TGd,90,1914,lowLR,28,layer_28,0.00223078560740607
01,TGd,90,1914,lowLR,29,layer_29,0.0025999871433967487
01,TGd,90,1914,lowLR,30,layer_30,0.00043828695850662896
01,TGd,90,1914,lowLR,31,layer_31,-0.00444852818651671
01,TGd,90,1914,lowLR,32,layer_32,-0.019232040302120577
01,TGd,90,1914,lowrank,0,embedding,-0.005753975469214166
01,TGd,90,1914,lowrank,1,layer_1,-0.026327196263864296
01,TGd,90,1914,lowrank,2,layer_2,-0.015020922353743348
01,TGd,90,1914,lowrank,3,layer_3,-0.02066077344227535
01,TGd,90,1914,lowrank,4,layer_4,-0.010544164035836641
01,TGd,90,1914,lowrank,5,layer_5,-0.013410814271321266
01,TGd,90,1914,lowrank,6,layer_6,-0.013104137229185613
01,TGd,90,1914,lowrank,7,layer_7,-0.01680631181997111
01,TGd,90,1914,lowrank,8,layer_8,-0.011803993097782753
01,TGd,90,1914,lowrank,9,layer_9,-0.01185287998326867
01,TGd,90,1914,lowrank,10,layer_10,-0.011958093196909133
01,TGd,90,1914,lowrank,11,layer_11,-0.011138064722856075
01,TGd,90,1914,lowrank,12,layer_12,-0.010818335499291594
01,TGd,90,1914,lowrank,13,layer_13,-0.011624049593499913
01,TGd,90,1914,lowrank,14,layer_14,-0.011478118759331772
01,TGd,90,1914,lowrank,15,layer_15,-0.008031959364511098
01,TGd,90,1914,lowrank,16,layer_16,-0.00652616506027401
01,TGd,90,1914,lowrank,17,layer_17,-0.008783750295078809
01,TGd,90,1914,lowrank,18,layer_18,-0.014446405761680041
01,TGd,90,1914,lowrank,19,layer_19,-0.010811448233405187
01,TGd,90,1914,lowrank,20,layer_20,-0.010632425459622867
01,TGd,90,1914,lowrank,21,layer_21,-0.005375610027620776
01,TGd,90,1914,lowrank,22,layer_22,-0.003036379590088353
01,TGd,90,1914,lowrank,23,layer_23,-0.0006851068045792813
01,TGd,90,1914,lowrank,24,layer_24,0.002294898823701126
01,TGd,90,1914,lowrank,25,layer_25,0.00014919495361753325
01,TGd,90,1914,lowrank,26,layer_26,-0.000707173328017343
01,TGd,90,1914,lowrank,27,layer_27,-0.0006471340032795603
01,TGd,90,1914,lowrank,28,layer_28,0.0012055995485345844
01,TGd,90,1914,lowrank,29,layer_29,0.0012653328970987313
01,TGd,90,1914,lowrank,30,layer_30,-0.00042445003598778555
01,TGd,90,1914,lowrank,31,layer_31,-0.005527801044638149
01,TGd,90,1914,lowrank,32,layer_32,-0.02006505464408498
01,TGd,90,1914,taskvec_a0p25,0,embedding,-0.005753975469214166
01,TGd,90,1914,taskvec_a0p25,1,layer_1,-0.024813779641089242
01,TGd,90,1914,taskvec_a0p25,2,layer_2,-0.01643889234301369
01,TGd,90,1914,taskvec_a0p25,3,layer_3,-0.018613590350928168
01,TGd,90,1914,taskvec_a0p25,4,layer_4,-0.010444420659996173
01,TGd,90,1914,taskvec_a0p25,5,layer_5,-0.011208825355582748
01,TGd,90,1914,taskvec_a0p25,6,layer_6,-0.012294210452029905
01,TGd,90,1914,taskvec_a0p25,7,layer_7,-0.013633858199593866
01,TGd,90,1914,taskvec_a0p25,8,layer_8,-0.00822343675087032
01,TGd,90,1914,taskvec_a0p25,9,layer_9,-0.008303711972366295
01,TGd,90,1914,taskvec_a0p25,10,layer_10,-0.0070005570204709705
01,TGd,90,1914,taskvec_a0p25,11,layer_11,-0.005505797845939319
01,TGd,90,1914,taskvec_a0p25,12,layer_12,-0.004562347960733529
01,TGd,90,1914,taskvec_a0p25,13,layer_13,-0.005711537868919775
01,TGd,90,1914,taskvec_a0p25,14,layer_14,-0.005460008829112477
01,TGd,90,1914,taskvec_a0p25,15,layer_15,-0.0038107189845873954
01,TGd,90,1914,taskvec_a0p25,16,layer_16,-0.0048385443214547874
01,TGd,90,1914,taskvec_a0p25,17,layer_17,-0.005546171009773359
01,TGd,90,1914,taskvec_a0p25,18,layer_18,-0.009287539317774865
01,TGd,90,1914,taskvec_a0p25,19,layer_19,-0.005114299650585111
01,TGd,90,1914,taskvec_a0p25,20,layer_20,-0.004849639039926642
01,TGd,90,1914,taskvec_a0p25,21,layer_21,-0.0012889788030447829
01,TGd,90,1914,taskvec_a0p25,22,layer_22,0.0013458642195312471
01,TGd,90,1914,taskvec_a0p25,23,layer_23,0.0020960950078509695
01,TGd,90,1914,taskvec_a0p25,24,layer_24,0.0063436398119766325
01,TGd,90,1914,taskvec_a0p25,25,layer_25,0.0047129399813856275
01,TGd,90,1914,taskvec_a0p25,26,layer_26,0.005220838947776632
01,TGd,90,1914,taskvec_a0p25,27,layer_27,0.0046908080784232855
01,TGd,90,1914,taskvec_a0p25,28,layer_28,0.006748294795998522
01,TGd,90,1914,taskvec_a0p25,29,layer_29,0.006964333401643729
01,TGd,90,1914,taskvec_a0p25,30,layer_30,0.005678887894889736
01,TGd,90,1914,taskvec_a0p25,31,layer_31,0.0014193063467466472
01,TGd,90,1914,taskvec_a0p25,32,layer_32,-0.014431346242057143
01,TGd,90,1914,taskvec_a0p5,0,embedding,-0.005753975469214166
01,TGd,90,1914,taskvec_a0p5,1,layer_1,-0.022291812685996695
01,TGd,90,1914,taskvec_a0p5,2,layer_2,-0.019300922114118053
01,TGd,90,1914,taskvec_a0p5,3,layer_3,-0.021471164414053452
01,TGd,90,1914,taskvec_a0p5,4,layer_4,-0.012388645757693311
01,TGd,90,1914,taskvec_a0p5,5,layer_5,-0.009778531886381349
01,TGd,90,1914,taskvec_a0p5,6,layer_6,-0.010527803463680548
01,TGd,90,1914,taskvec_a0p5,7,layer_7,-0.014411272673317809
01,TGd,90,1914,taskvec_a0p5,8,layer_8,-0.009062707913308418
01,TGd,90,1914,taskvec_a0p5,9,layer_9,-0.011206372502630364
01,TGd,90,1914,taskvec_a0p5,10,layer_10,-0.009166883834096497
01,TGd,90,1914,taskvec_a0p5,11,layer_11,-0.009109773138449228
01,TGd,90,1914,taskvec_a0p5,12,layer_12,-0.007699946635924692
01,TGd,90,1914,taskvec_a0p5,13,layer_13,-0.0080244737825782
01,TGd,90,1914,taskvec_a0p5,14,layer_14,-0.008615301071560503
01,TGd,90,1914,taskvec_a0p5,15,layer_15,-0.004499156969328118
01,TGd,90,1914,taskvec_a0p5,16,layer_16,-0.004111064486793029
01,TGd,90,1914,taskvec_a0p5,17,layer_17,-0.007180706190057331
01,TGd,90,1914,taskvec_a0p5,18,layer_18,-0.009132831749468592
01,TGd,90,1914,taskvec_a0p5,19,layer_19,-0.005471733432601119
01,TGd,90,1914,taskvec_a0p5,20,layer_20,-0.0043500305708117585
01,TGd,90,1914,taskvec_a0p5,21,layer_21,8.886198141640821e-05
01,TGd,90,1914,taskvec_a0p5,22,layer_22,0.0018416001660236433
01,TGd,90,1914,taskvec_a0p5,23,layer_23,0.0022691460158854575
01,TGd,90,1914,taskvec_a0p5,24,layer_24,0.005781871666752212
01,TGd,90,1914,taskvec_a0p5,25,layer_25,0.004177038964745046
01,TGd,90,1914,taskvec_a0p5,26,layer_26,0.004307521551318776
01,TGd,90,1914,taskvec_a0p5,27,layer_27,0.004253843654293542
01,TGd,90,1914,taskvec_a0p5,28,layer_28,0.006940175293824596
01,TGd,90,1914,taskvec_a0p5,29,layer_29,0.005907437152704084
01,TGd,90,1914,taskvec_a0p5,30,layer_30,0.0033216095330788464
01,TGd,90,1914,taskvec_a0p5,31,layer_31,-0.0013321203227355236
01,TGd,90,1914,taskvec_a0p5,32,layer_32,-0.018564905021175672
01,TGd,90,1914,taskvec_a1p0,0,embedding,-0.005753975469214166
01,TGd,90,1914,taskvec_a1p0,1,layer_1,-0.01148065641886708
01,TGd,90,1914,taskvec_a1p0,2,layer_2,-0.020713921204757985
01,TGd,90,1914,taskvec_a1p0,3,layer_3,-0.01776616187864484
01,TGd,90,1914,taskvec_a1p0,4,layer_4,-0.012133047309496119
01,TGd,90,1914,taskvec_a1p0,5,layer_5,-0.009862273903851988
01,TGd,90,1914,taskvec_a1p0,6,layer_6,-0.005786842752181262
01,TGd,90,1914,taskvec_a1p0,7,layer_7,-0.008352470900783265
01,TGd,90,1914,taskvec_a1p0,8,layer_8,-0.004182965338423163
01,TGd,90,1914,taskvec_a1p0,9,layer_9,-0.00829953104518784
01,TGd,90,1914,taskvec_a1p0,10,layer_10,-0.006780629453922885
01,TGd,90,1914,taskvec_a1p0,11,layer_11,-0.007239863638411884
01,TGd,90,1914,taskvec_a1p0,12,layer_12,-0.006289339501880242
01,TGd,90,1914,taskvec_a1p0,13,layer_13,-0.004499522347469528
01,TGd,90,1914,taskvec_a1p0,14,layer_14,-0.006146666996403627
01,TGd,90,1914,taskvec_a1p0,15,layer_15,4.57387679924661e-05
01,TGd,90,1914,taskvec_a1p0,16,layer_16,0.0013022134867456772
01,TGd,90,1914,taskvec_a1p0,17,layer_17,-0.006417499807751509
01,TGd,90,1914,taskvec_a1p0,18,layer_18,-0.007033853691395469
01,TGd,90,1914,taskvec_a1p0,19,layer_19,-0.004982397394341276
01,TGd,90,1914,taskvec_a1p0,20,layer_20,-0.0014983869909346863
01,TGd,90,1914,taskvec_a1p0,21,layer_21,0.0032532218034862946
01,TGd,90,1914,taskvec_a1p0,22,layer_22,0.0038821817934048468
01,TGd,90,1914,taskvec_a1p0,23,layer_23,0.0026923910138414225
01,TGd,90,1914,taskvec_a1p0,24,layer_24,0.005344057682404095
01,TGd,90,1914,taskvec_a1p0,25,layer_25,0.004163102478550655
01,TGd,90,1914,taskvec_a1p0,26,layer_26,0.004173836675645761
01,TGd,90,1914,taskvec_a1p0,27,layer_27,0.005534738932956214
01,TGd,90,1914,taskvec_a1p0,28,layer_28,0.007606285050231491
01,TGd,90,1914,taskvec_a1p0,29,layer_29,0.0072644295276638885
01,TGd,90,1914,taskvec_a1p0,30,layer_30,0.002157828035864913
01,TGd,90,1914,taskvec_a1p0,31,layer_31,-0.0017202514725892582
01,TGd,90,1914,taskvec_a1p0,32,layer_32,-0.01589768829975935
01,TGv,90,632,base,0,embedding,0.016789445947698864
01,TGv,90,632,base,1,layer_1,0.005507459419849262
01,TGv,90,632,base,2,layer_2,0.02247219404629357
01,TGv,90,632,base,3,layer_3,0.015890021523144875
01,TGv,90,632,base,4,layer_4,0.011938349514569456
01,TGv,90,632,base,5,layer_5,0.010227152919294482
01,TGv,90,632,base,6,layer_6,0.014665065339054359
01,TGv,90,632,base,7,layer_7,0.020899090401017287
01,TGv,90,632,base,8,layer_8,0.02261783627656167
01,TGv,90,632,base,9,layer_9,0.022411171226711962
01,TGv,90,632,base,10,layer_10,0.020839415707226354
01,TGv,90,632,base,11,layer_11,0.022849370016260133
01,TGv,90,632,base,12,layer_12,0.02430698857743684
01,TGv,90,632,base,13,layer_13,0.023160879726032
01,TGv,90,632,base,14,layer_14,0.026021642441955796
01,TGv,90,632,base,15,layer_15,0.025123963454108687
01,TGv,90,632,base,16,layer_16,0.024159640128383644
01,TGv,90,632,base,17,layer_17,0.024759091537014544
01,TGv,90,632,base,18,layer_18,0.023919387935722985
01,TGv,90,632,base,19,layer_19,0.02453384151679406
01,TGv,90,632,base,20,layer_20,0.02328401178609013
01,TGv,90,632,base,21,layer_21,0.019452708338480805
01,TGv,90,632,base,22,layer_22,0.01970109486475387
01,TGv,90,632,base,23,layer_23,0.019377228051295603
01,TGv,90,632,base,24,layer_24,0.021903948658199307
01,TGv,90,632,base,25,layer_25,0.021241907749786383
01,TGv,90,632,base,26,layer_26,0.021808235836631447
01,TGv,90,632,base,27,layer_27,0.02222805644190421
01,TGv,90,632,base,28,layer_28,0.02297861730342223
01,TGv,90,632,base,29,layer_29,0.02597432690663631
01,TGv,90,632,base,30,layer_30,0.02739566076583023
01,TGv,90,632,base,31,layer_31,0.03023710495312082
01,TGv,90,632,base,32,layer_32,0.032785518672979616
01,TGv,90,632,scrambled,0,embedding,0.016789445947698864
01,TGv,90,632,scrambled,1,layer_1,0.025393988361335093
01,TGv,90,632,scrambled,2,layer_2,0.030392180141152192
01,TGv,90,632,scrambled,3,layer_3,0.022509515854330097
01,TGv,90,632,scrambled,4,layer_4,0.02383671440647774
01,TGv,90,632,scrambled,5,layer_5,0.02832043788530407
01,TGv,90,632,scrambled,6,layer_6,0.027713305503361995
01,TGv,90,632,scrambled,7,layer_7,0.029431877095774512
01,TGv,90,632,scrambled,8,layer_8,0.026497581094898602
01,TGv,90,632,scrambled,9,layer_9,0.02578112574241976
01,TGv,90,632,scrambled,10,layer_10,0.02701408699546325
01,TGv,90,632,scrambled,11,layer_11,0.02696176861894578
01,TGv,90,632,scrambled,12,layer_12,0.029418454492640966
01,TGv,90,632,scrambled,13,layer_13,0.02655369054983117
01,TGv,90,632,scrambled,14,layer_14,0.02977313243430921
01,TGv,90,632,scrambled,15,layer_15,0.03532171781651494
01,TGv,90,632,scrambled,16,layer_16,0.03048147250663701
01,TGv,90,632,scrambled,17,layer_17,0.029219742581722087
01,TGv,90,632,scrambled,18,layer_18,0.026732376899261404
01,TGv,90,632,scrambled,19,layer_19,0.02879701408200794
01,TGv,90,632,scrambled,20,layer_20,0.02634646006049575
01,TGv,90,632,scrambled,21,layer_21,0.02388621791427695
01,TGv,90,632,scrambled,22,layer_22,0.023064463047185596
01,TGv,90,632,scrambled,23,layer_23,0.02123722993822339
01,TGv,90,632,scrambled,24,layer_24,0.02389026976359461
01,TGv,90,632,scrambled,25,layer_25,0.021651304990902336
01,TGv,90,632,scrambled,26,layer_26,0.020970475128002885
01,TGv,90,632,scrambled,27,layer_27,0.02222913109448475
01,TGv,90,632,scrambled,28,layer_28,0.025311823111191477
01,TGv,90,632,scrambled,29,layer_29,0.023233827397245194
01,TGv,90,632,scrambled,30,layer_30,0.023078732034960615
01,TGv,90,632,scrambled,31,layer_31,0.025377378412993534
01,TGv,90,632,scrambled,32,layer_32,0.02905935054397754
01,TGv,90,632,lowLR,0,embedding,0.016789445947698864
01,TGv,90,632,lowLR,1,layer_1,0.008300540878640022
01,TGv,90,632,lowLR,2,layer_2,0.02249606242942082
01,TGv,90,632,lowLR,3,layer_3,0.016312816336376504
01,TGv,90,632,lowLR,4,layer_4,0.01056002884440004
01,TGv,90,632,lowLR,5,layer_5,0.010940498634799881
01,TGv,90,632,lowLR,6,layer_6,0.009200419794079866
01,TGv,90,632,lowLR,7,layer_7,0.015701315294621966
01,TGv,90,632,lowLR,8,layer_8,0.01929242202876695
01,TGv,90,632,lowLR,9,layer_9,0.019740165668464236
01,TGv,90,632,lowLR,10,layer_10,0.02177536039664196
01,TGv,90,632,lowLR,11,layer_11,0.02356293690135624
01,TGv,90,632,lowLR,12,layer_12,0.02347935758550174
01,TGv,90,632,lowLR,13,layer_13,0.019901452658496868
01,TGv,90,632,lowLR,14,layer_14,0.02421643905709942
01,TGv,90,632,lowLR,15,layer_15,0.022398405967995406
01,TGv,90,632,lowLR,16,layer_16,0.02357768073127618
01,TGv,90,632,lowLR,17,layer_17,0.023337824925331308
01,TGv,90,632,lowLR,18,layer_18,0.021727161864147398
01,TGv,90,632,lowLR,19,layer_19,0.02434848832387356
01,TGv,90,632,lowLR,20,layer_20,0.025031546507759156
01,TGv,90,632,lowLR,21,layer_21,0.020733982631585667
01,TGv,90,632,lowLR,22,layer_22,0.021001120005422542
01,TGv,90,632,lowLR,23,layer_23,0.020418142929319986
01,TGv,90,632,lowLR,24,layer_24,0.022748878325064607
01,TGv,90,632,lowLR,25,layer_25,0.0217692612342211
01,TGv,90,632,lowLR,26,layer_26,0.022150174484594207
01,TGv,90,632,lowLR,27,layer_27,0.02340503601028544
01,TGv,90,632,lowLR,28,layer_28,0.023632856753400655
01,TGv,90,632,lowLR,29,layer_29,0.025657420397333004
01,TGv,90,632,lowLR,30,layer_30,0.026014382886378265
01,TGv,90,632,lowLR,31,layer_31,0.029997582395951138
01,TGv,90,632,lowLR,32,layer_32,0.033511944029314046
01,TGv,90,632,lowrank,0,embedding,0.016789445947698864
01,TGv,90,632,lowrank,1,layer_1,0.013939602929713272
01,TGv,90,632,lowrank,2,layer_2,0.024726951523273897
01,TGv,90,632,lowrank,3,layer_3,0.014051037098488395
01,TGv,90,632,lowrank,4,layer_4,0.00984761263893128
01,TGv,90,632,lowrank,5,layer_5,0.008980111905499105
01,TGv,90,632,lowrank,6,layer_6,0.007330518139585439
01,TGv,90,632,lowrank,7,layer_7,0.014231494859429362
01,TGv,90,632,lowrank,8,layer_8,0.018805309267929945
01,TGv,90,632,lowrank,9,layer_9,0.018562754595222747
01,TGv,90,632,lowrank,10,layer_10,0.01760790961933069
01,TGv,90,632,lowrank,11,layer_11,0.018157438344012417
01,TGv,90,632,lowrank,12,layer_12,0.020067689438913506
01,TGv,90,632,lowrank,13,layer_13,0.01590077720208367
01,TGv,90,632,lowrank,14,layer_14,0.02033586205081771
01,TGv,90,632,lowrank,15,layer_15,0.022127725397539776
01,TGv,90,632,lowrank,16,layer_16,0.024530370050853373
01,TGv,90,632,lowrank,17,layer_17,0.025149477346462765
01,TGv,90,632,lowrank,18,layer_18,0.02302869783222288
01,TGv,90,632,lowrank,19,layer_19,0.02590550711178758
01,TGv,90,632,lowrank,20,layer_20,0.024759496516467798
01,TGv,90,632,lowrank,21,layer_21,0.02142840769956277
01,TGv,90,632,lowrank,22,layer_22,0.022091385216360677
01,TGv,90,632,lowrank,23,layer_23,0.02039489602527069
01,TGv,90,632,lowrank,24,layer_24,0.024031918052123704
01,TGv,90,632,lowrank,25,layer_25,0.022061020910499506
01,TGv,90,632,lowrank,26,layer_26,0.023016225100177822
01,TGv,90,632,lowrank,27,layer_27,0.025312946144619982
01,TGv,90,632,lowrank,28,layer_28,0.02555209379691758
01,TGv,90,632,lowrank,29,layer_29,0.026489395391659974
01,TGv,90,632,lowrank,30,layer_30,0.027731243590039666
01,TGv,90,632,lowrank,31,layer_31,0.031808896711542745
01,TGv,90,632,lowrank,32,layer_32,0.03491234822159783
01,TGv,90,632,taskvec_a0p25,0,embedding,0.016789445947698864
01,TGv,90,632,taskvec_a0p25,1,layer_1,0.004831244790968128
01,TGv,90,632,taskvec_a0p25,2,layer_2,0.019678524545381562
01,TGv,90,632,taskvec_a0p25,3,layer_3,0.015268403093407159
01,TGv,90,632,taskvec_a0p25,4,layer_4,0.007334762204704483
01,TGv,90,632,taskvec_a0p25,5,layer_5,0.00883210237605611
01,TGv,90,632,taskvec_a0p25,6,layer_6,0.01081145122218344
01,TGv,90,632,taskvec_a0p25,7,layer_7,0.01690850375239522
01,TGv,90,632,taskvec_a0p25,8,layer_8,0.021117443815419325
01,TGv,90,632,taskvec_a0p25,9,layer_9,0.019610034450133856
01,TGv,90,632,taskvec_a0p25,10,layer_10,0.02140704989016791
01,TGv,90,632,taskvec_a0p25,11,layer_11,0.022881131949551794
01,TGv,90,632,taskvec_a0p25,12,layer_12,0.02337891334116098
01,TGv,90,632,taskvec_a0p25,13,layer_13,0.021236343952270066
01,TGv,90,632,taskvec_a0p25,14,layer_14,0.024334289385588844
01,TGv,90,632,taskvec_a0p25,15,layer_15,0.022736108769979314
01,TGv,90,632,taskvec_a0p25,16,layer_16,0.021889131042816246
01,TGv,90,632,taskvec_a0p25,17,layer_17,0.022826460657354764
01,TGv,90,632,taskvec_a0p25,18,layer_18,0.021812489428481175
01,TGv,90,632,taskvec_a0p25,19,layer_19,0.024574841576866634
01,TGv,90,632,taskvec_a0p25,20,layer_20,0.023805510253927516
01,TGv,90,632,taskvec_a0p25,21,layer_21,0.018829288235852545
01,TGv,90,632,taskvec_a0p25,22,layer_22,0.017066337022358047
01,TGv,90,632,taskvec_a0p25,23,layer_23,0.015891812735311532
01,TGv,90,632,taskvec_a0p25,24,layer_24,0.01759234032621704
01,TGv,90,632,taskvec_a0p25,25,layer_25,0.016603829004890335
01,TGv,90,632,taskvec_a0p25,26,layer_26,0.017764997749515357
01,TGv,90,632,taskvec_a0p25,27,layer_27,0.018895276163306704
01,TGv,90,632,taskvec_a0p25,28,layer_28,0.020558795767892237
01,TGv,90,632,taskvec_a0p25,29,layer_29,0.020787301128025997
01,TGv,90,632,taskvec_a0p25,30,layer_30,0.02094062209002159
01,TGv,90,632,taskvec_a0p25,31,layer_31,0.023598564819317963
01,TGv,90,632,taskvec_a0p25,32,layer_32,0.028404028969472944
01,TGv,90,632,taskvec_a0p5,0,embedding,0.016789445947698864
01,TGv,90,632,taskvec_a0p5,1,layer_1,0.006188110890046751
01,TGv,90,632,taskvec_a0p5,2,layer_2,0.014318433001644142
01,TGv,90,632,taskvec_a0p5,3,layer_3,0.012329736377933746
01,TGv,90,632,taskvec_a0p5,4,layer_4,0.005463607504927547
01,TGv,90,632,taskvec_a0p5,5,layer_5,0.009883199087594741
01,TGv,90,632,taskvec_a0p5,6,layer_6,0.01198393697566287
01,TGv,90,632,taskvec_a0p5,7,layer_7,0.016779938653869335
01,TGv,90,632,taskvec_a0p5,8,layer_8,0.01952497718343332
01,TGv,90,632,taskvec_a0p5,9,layer_9,0.016038772456393218
01,TGv,90,632,taskvec_a0p5,10,layer_10,0.018902249916963803
01,TGv,90,632,taskvec_a0p5,11,layer_11,0.018467480937259417
01,TGv,90,632,taskvec_a0p5,12,layer_12,0.019172294998443418
01,TGv,90,632,taskvec_a0p5,13,layer_13,0.017363949660448734
01,TGv,90,632,taskvec_a0p5,14,layer_14,0.022028936189156537
01,TGv,90,632,taskvec_a0p5,15,layer_15,0.02220520405658429
01,TGv,90,632,taskvec_a0p5,16,layer_16,0.021563243068064487
01,TGv,90,632,taskvec_a0p5,17,layer_17,0.02017399075463664
01,TGv,90,632,taskvec_a0p5,18,layer_18,0.02028835019012674
01,TGv,90,632,taskvec_a0p5,19,layer_19,0.023139738603060477
01,TGv,90,632,taskvec_a0p5,20,layer_20,0.02288571636179438
01,TGv,90,632,taskvec_a0p5,21,layer_21,0.01874894800842957
01,TGv,90,632,taskvec_a0p5,22,layer_22,0.01643963598840273
01,TGv,90,632,taskvec_a0p5,23,layer_23,0.014830516070790493
01,TGv,90,632,taskvec_a0p5,24,layer_24,0.015849840014716298
01,TGv,90,632,taskvec_a0p5,25,layer_25,0.014867227794466153
01,TGv,90,632,taskvec_a0p5,26,layer_26,0.015437671802562669
01,TGv,90,632,taskvec_a0p5,27,layer_27,0.01670763823994652
01,TGv,90,632,taskvec_a0p5,28,layer_28,0.018882471490076935
01,TGv,90,632,taskvec_a0p5,29,layer_29,0.016224830066988178
01,TGv,90,632,taskvec_a0p5,30,layer_30,0.015318932686140305
01,TGv,90,632,taskvec_a0p5,31,layer_31,0.01698727094846399
01,TGv,90,632,taskvec_a0p5,32,layer_32,0.026287859085292152
01,TGv,90,632,taskvec_a1p0,0,embedding,0.016789445947698864
01,TGv,90,632,taskvec_a1p0,1,layer_1,0.011953378959611186
01,TGv,90,632,taskvec_a1p0,2,layer_2,0.008030762919216755
01,TGv,90,632,taskvec_a1p0,3,layer_3,0.006098250096297968
01,TGv,90,632,taskvec_a1p0,4,layer_4,0.0030008504886076173
01,TGv,90,632,taskvec_a1p0,5,layer_5,0.010196125104661178
01,TGv,90,632,taskvec_a1p0,6,layer_6,0.018679933942994408
01,TGv,90,632,taskvec_a1p0,7,layer_7,0.02646101526096141
01,TGv,90,632,taskvec_a1p0,8,layer_8,0.02665272054166241
01,TGv,90,632,taskvec_a1p0,9,layer_9,0.022116221029648643
01,TGv,90,632,taskvec_a1p0,10,layer_10,0.02292047417168724
01,TGv,90,632,taskvec_a1p0,11,layer_11,0.021909459591700278
01,TGv,90,632,taskvec_a1p0,12,layer_12,0.022564916034823534
01,TGv,90,632,taskvec_a1p0,13,layer_13,0.02181912974656444
01,TGv,90,632,taskvec_a1p0,14,layer_14,0.0238208127985821
01,TGv,90,632,taskvec_a1p0,15,layer_15,0.026935585240263057
01,TGv,90,632,taskvec_a1p0,16,layer_16,0.027653842078833805
01,TGv,90,632,taskvec_a1p0,17,layer_17,0.02102185969811498
01,TGv,90,632,taskvec_a1p0,18,layer_18,0.02090814920110303
01,TGv,90,632,taskvec_a1p0,19,layer_19,0.020973701700925475
01,TGv,90,632,taskvec_a1p0,20,layer_20,0.022964281441733802
01,TGv,90,632,taskvec_a1p0,21,layer_21,0.020782717836575256
01,TGv,90,632,taskvec_a1p0,22,layer_22,0.0178032737250091
01,TGv,90,632,taskvec_a1p0,23,layer_23,0.015945112738686425
01,TGv,90,632,taskvec_a1p0,24,layer_24,0.016980130196822013
01,TGv,90,632,taskvec_a1p0,25,layer_25,0.016391738762115783
01,TGv,90,632,taskvec_a1p0,26,layer_26,0.017219827410720846
01,TGv,90,632,taskvec_a1p0,27,layer_27,0.0206730066984629
01,TGv,90,632,taskvec_a1p0,28,layer_28,0.019376594243507357
01,TGv,90,632,taskvec_a1p0,29,layer_29,0.01600833716704854
01,TGv,90,632,taskvec_a1p0,30,layer_30,0.013520236058339017
01,TGv,90,632,taskvec_a1p0,31,layer_31,0.015100789046611886
01,TGv,90,632,taskvec_a1p0,32,layer_32,0.0279177172012077
01,TE1a,90,692,base,0,embedding,0.010344000643421211
01,TE1a,90,692,base,1,layer_1,-0.01266852914998674
01,TE1a,90,692,base,2,layer_2,-0.0023611747946593992
01,TE1a,90,692,base,3,layer_3,0.0014535444828207933
01,TE1a,90,692,base,4,layer_4,0.0036915326722189463
01,TE1a,90,692,base,5,layer_5,0.008647481620606204
01,TE1a,90,692,base,6,layer_6,0.001118520373346
01,TE1a,90,692,base,7,layer_7,0.0024990202364590223
01,TE1a,90,692,base,8,layer_8,0.005073255506033305
01,TE1a,90,692,base,9,layer_9,0.006907533165337471
01,TE1a,90,692,base,10,layer_10,0.006183897833502078
01,TE1a,90,692,base,11,layer_11,0.007577218808125258
01,TE1a,90,692,base,12,layer_12,0.009493569252245844
01,TE1a,90,692,base,13,layer_13,0.006996919677337254
01,TE1a,90,692,base,14,layer_14,0.006597022454696617
01,TE1a,90,692,base,15,layer_15,0.006012641213211145
01,TE1a,90,692,base,16,layer_16,0.0048326020698922015
01,TE1a,90,692,base,17,layer_17,0.008509574722053758
01,TE1a,90,692,base,18,layer_18,0.0036433604783327393
01,TE1a,90,692,base,19,layer_19,0.002903631509598963
01,TE1a,90,692,base,20,layer_20,0.006437849651680591
01,TE1a,90,692,base,21,layer_21,0.00813512582544428
01,TE1a,90,692,base,22,layer_22,0.011056407938612723
01,TE1a,90,692,base,23,layer_23,0.010814469327822894
01,TE1a,90,692,base,24,layer_24,0.015938539668113847
01,TE1a,90,692,base,25,layer_25,0.016041021325229842
01,TE1a,90,692,base,26,layer_26,0.013353455320280365
01,TE1a,90,692,base,27,layer_27,0.010541488332105779
01,TE1a,90,692,base,28,layer_28,0.013183469304344173
01,TE1a,90,692,base,29,layer_29,0.011845815819069423
01,TE1a,90,692,base,30,layer_30,0.010736503684721808
01,TE1a,90,692,base,31,layer_31,0.006657828961452179
01,TE1a,90,692,base,32,layer_32,-0.003662133928532085
01,TE1a,90,692,scrambled,0,embedding,0.010344000643421211
01,TE1a,90,692,scrambled,1,layer_1,-0.012399524723735041
01,TE1a,90,692,scrambled,2,layer_2,-0.005287389699535526
01,TE1a,90,692,scrambled,3,layer_3,-0.00042478403195754137
01,TE1a,90,692,scrambled,4,layer_4,-0.006353166916254869
01,TE1a,90,692,scrambled,5,layer_5,0.0009712735427534017
01,TE1a,90,692,scrambled,6,layer_6,-0.009768503601349838
01,TE1a,90,692,scrambled,7,layer_7,-0.008975709061535378
01,TE1a,90,692,scrambled,8,layer_8,-0.006249385327397522
01,TE1a,90,692,scrambled,9,layer_9,-0.008366510499827378
01,TE1a,90,692,scrambled,10,layer_10,-0.007892848548718676
01,TE1a,90,692,scrambled,11,layer_11,-0.007876974026625955
01,TE1a,90,692,scrambled,12,layer_12,-0.009130257664198326
01,TE1a,90,692,scrambled,13,layer_13,-0.008094986907105807
01,TE1a,90,692,scrambled,14,layer_14,-0.003879772277737129
01,TE1a,90,692,scrambled,15,layer_15,-0.0051838604756419045
01,TE1a,90,692,scrambled,16,layer_16,-0.005994404809104109
01,TE1a,90,692,scrambled,17,layer_17,-0.003938585642995321
01,TE1a,90,692,scrambled,18,layer_18,-0.004387408231641882
01,TE1a,90,692,scrambled,19,layer_19,-0.004895322889118712
01,TE1a,90,692,scrambled,20,layer_20,-0.0023164721987274676
01,TE1a,90,692,scrambled,21,layer_21,-0.0018017578839267655
01,TE1a,90,692,scrambled,22,layer_22,0.0022576552842951
01,TE1a,90,692,scrambled,23,layer_23,0.0033694253151584012
01,TE1a,90,692,scrambled,24,layer_24,0.006086047848684792
01,TE1a,90,692,scrambled,25,layer_25,0.007432203660894333
01,TE1a,90,692,scrambled,26,layer_26,0.005616756238576317
01,TE1a,90,692,scrambled,27,layer_27,0.004486457837330405
01,TE1a,90,692,scrambled,28,layer_28,0.005879797118220382
01,TE1a,90,692,scrambled,29,layer_29,0.004892259578208184
01,TE1a,90,692,scrambled,30,layer_30,0.002655010364233047
01,TE1a,90,692,scrambled,31,layer_31,0.002921257829345137
01,TE1a,90,692,scrambled,32,layer_32,-0.009240306160655973
01,TE1a,90,692,lowLR,0,embedding,0.010344000643421211
01,TE1a,90,692,lowLR,1,layer_1,-0.010780323283478664
01,TE1a,90,692,lowLR,2,layer_2,0.0008641286443683971
01,TE1a,90,692,lowLR,3,layer_3,0.0010342618576335415
01,TE1a,90,692,lowLR,4,layer_4,0.002972655101764808
01,TE1a,90,692,lowLR,5,layer_5,0.0077091952234294905
01,TE1a,90,692,lowLR,6,layer_6,-0.0008370411602641911
01,TE1a,90,692,lowLR,7,layer_7,-0.002787156392703129
01,TE1a,90,692,lowLR,8,layer_8,-0.001462689397079946
01,TE1a,90,692,lowLR,9,layer_9,-0.0010798760309325922
01,TE1a,90,692,lowLR,10,layer_10,-0.002842613920379295
01,TE1a,90,692,lowLR,11,layer_11,0.0004693338266012962
01,TE1a,90,692,lowLR,12,layer_12,0.00039680832031631683
01,TE1a,90,692,lowLR,13,layer_13,-0.0014405640320700316
01,TE1a,90,692,lowLR,14,layer_14,-0.0012065430684692804
01,TE1a,90,692,lowLR,15,layer_15,0.0012512706954190796
01,TE1a,90,692,lowLR,16,layer_16,0.0024644992872427003
01,TE1a,90,692,lowLR,17,layer_17,0.004257209392203531
01,TE1a,90,692,lowLR,18,layer_18,0.0008359476410209301
01,TE1a,90,692,lowLR,19,layer_19,0.0028314086171120846
01,TE1a,90,692,lowLR,20,layer_20,0.00472474827066535
01,TE1a,90,692,lowLR,21,layer_21,0.007820714385586179
01,TE1a,90,692,lowLR,22,layer_22,0.011551745817201567
01,TE1a,90,692,lowLR,23,layer_23,0.010851995493572455
01,TE1a,90,692,lowLR,24,layer_24,0.012189533350488547
01,TE1a,90,692,lowLR,25,layer_25,0.012030222129679686
01,TE1a,90,692,lowLR,26,layer_26,0.009003568210824741
01,TE1a,90,692,lowLR,27,layer_27,0.00785831713877847
01,TE1a,90,692,lowLR,28,layer_28,0.010357163092105623
01,TE1a,90,692,lowLR,29,layer_29,0.009656283010296933
01,TE1a,90,692,lowLR,30,layer_30,0.007820227027932324
01,TE1a,90,692,lowLR,31,layer_31,0.005290693046699486
01,TE1a,90,692,lowLR,32,layer_32,-0.004341213301368574
01,TE1a,90,692,lowrank,0,embedding,0.010344000643421211
01,TE1a,90,692,lowrank,1,layer_1,-0.012867548718267025
01,TE1a,90,692,lowrank,2,layer_2,-0.0024941152777488164
01,TE1a,90,692,lowrank,3,layer_3,0.0007445252106350348
01,TE1a,90,692,lowrank,4,layer_4,0.00310560604557811
01,TE1a,90,692,lowrank,5,layer_5,0.00588526546163125
01,TE1a,90,692,lowrank,6,layer_6,-0.004339803718825075
01,TE1a,90,692,lowrank,7,layer_7,-0.0051416576191212
01,TE1a,90,692,lowrank,8,layer_8,-0.0018929940760677802
01,TE1a,90,692,lowrank,9,layer_9,-6.69209866649662e-05
01,TE1a,90,692,lowrank,10,layer_10,-0.0039469979329852444
01,TE1a,90,692,lowrank,11,layer_11,-0.001885084087622976
01,TE1a,90,692,lowrank,12,layer_12,-0.0009145293460393845
01,TE1a,90,692,lowrank,13,layer_13,-0.002168463416479034
01,TE1a,90,692,lowrank,14,layer_14,-0.001370099475189032
01,TE1a,90,692,lowrank,15,layer_15,0.0017269102837379638
01,TE1a,90,692,lowrank,16,layer_16,0.002836218308515481
01,TE1a,90,692,lowrank,17,layer_17,0.0014940745575131075
01,TE1a,90,692,lowrank,18,layer_18,-0.0009895131224373316
01,TE1a,90,692,lowrank,19,layer_19,0.0016023875077990535
01,TE1a,90,692,lowrank,20,layer_20,0.002558983720948639
01,TE1a,90,692,lowrank,21,layer_21,0.005609075078466497
01,TE1a,90,692,lowrank,22,layer_22,0.009186719234568808
01,TE1a,90,692,lowrank,23,layer_23,0.007400373546098779
01,TE1a,90,692,lowrank,24,layer_24,0.008720777110888573
01,TE1a,90,692,lowrank,25,layer_25,0.00797986495956395
01,TE1a,90,692,lowrank,26,layer_26,0.005394495743803244
01,TE1a,90,692,lowrank,27,layer_27,0.004817746721183701
01,TE1a,90,692,lowrank,28,layer_28,0.007042960311933258
01,TE1a,90,692,lowrank,29,layer_29,0.0056728587819591765
01,TE1a,90,692,lowrank,30,layer_30,0.003978676740881748
01,TE1a,90,692,lowrank,31,layer_31,-8.777070375683691e-05
01,TE1a,90,692,lowrank,32,layer_32,-0.011322088469849974
01,TE1a,90,692,taskvec_a0p25,0,embedding,0.010344000643421211
01,TE1a,90,692,taskvec_a0p25,1,layer_1,-0.011088543095588708
01,TE1a,90,692,taskvec_a0p25,2,layer_2,-0.003624237527876452
01,TE1a,90,692,taskvec_a0p25,3,layer_3,0.00014571097216791598
01,TE1a,90,692,taskvec_a0p25,4,layer_4,0.00321996809624918
01,TE1a,90,692,taskvec_a0p25,5,layer_5,0.0117219645842442
01,TE1a,90,692,taskvec_a0p25,6,layer_6,0.0003622393638493085
01,TE1a,90,692,taskvec_a0p25,7,layer_7,-0.00034288496987706603
01,TE1a,90,692,taskvec_a0p25,8,layer_8,0.003966440122318665
01,TE1a,90,692,taskvec_a0p25,9,layer_9,0.005286746925412523
01,TE1a,90,692,taskvec_a0p25,10,layer_10,0.0040134136293268384
01,TE1a,90,692,taskvec_a0p25,11,layer_11,0.006735364407283496
01,TE1a,90,692,taskvec_a0p25,12,layer_12,0.008081492760092839
01,TE1a,90,692,taskvec_a0p25,13,layer_13,0.005531392622104869
01,TE1a,90,692,taskvec_a0p25,14,layer_14,0.007449771139068654
01,TE1a,90,692,taskvec_a0p25,15,layer_15,0.007790491673094735
01,TE1a,90,692,taskvec_a0p25,16,layer_16,0.006364505593751613
01,TE1a,90,692,taskvec_a0p25,17,layer_17,0.008313456697061065
01,TE1a,90,692,taskvec_a0p25,18,layer_18,0.004419028758362455
01,TE1a,90,692,taskvec_a0p25,19,layer_19,0.006380767536225361
01,TE1a,90,692,taskvec_a0p25,20,layer_20,0.008629718937852244
01,TE1a,90,692,taskvec_a0p25,21,layer_21,0.011066471154990062
01,TE1a,90,692,taskvec_a0p25,22,layer_22,0.014297779236326472
01,TE1a,90,692,taskvec_a0p25,23,layer_23,0.013172214125839868
01,TE1a,90,692,taskvec_a0p25,24,layer_24,0.017318805659328584
01,TE1a,90,692,taskvec_a0p25,25,layer_25,0.016856895957907365
01,TE1a,90,692,taskvec_a0p25,26,layer_26,0.014852954323523751
01,TE1a,90,692,taskvec_a0p25,27,layer_27,0.012816391295302144
01,TE1a,90,692,taskvec_a0p25,28,layer_28,0.015132749733657363
01,TE1a,90,692,taskvec_a0p25,29,layer_29,0.014276077157036616
01,TE1a,90,692,taskvec_a0p25,30,layer_30,0.013577108398920625
01,TE1a,90,692,taskvec_a0p25,31,layer_31,0.009960539328846418
01,TE1a,90,692,taskvec_a0p25,32,layer_32,-0.0038558657876871572
01,TE1a,90,692,taskvec_a0p5,0,embedding,0.010344000643421211
01,TE1a,90,692,taskvec_a0p5,1,layer_1,-0.00817473778481705
01,TE1a,90,692,taskvec_a0p5,2,layer_2,-0.006517144927506913
01,TE1a,90,692,taskvec_a0p5,3,layer_3,0.00013733230593333698
01,TE1a,90,692,taskvec_a0p5,4,layer_4,0.006792180334675581
01,TE1a,90,692,taskvec_a0p5,5,layer_5,0.016376836153351157
01,TE1a,90,692,taskvec_a0p5,6,layer_6,0.006348274099456316
01,TE1a,90,692,taskvec_a0p5,7,layer_7,0.0021992252298478356
01,TE1a,90,692,taskvec_a0p5,8,layer_8,0.005834851870854047
01,TE1a,90,692,taskvec_a0p5,9,layer_9,0.0072603795463326406
01,TE1a,90,692,taskvec_a0p5,10,layer_10,0.00667718765179316
01,TE1a,90,692,taskvec_a0p5,11,layer_11,0.008040558826739107
01,TE1a,90,692,taskvec_a0p5,12,layer_12,0.008185513824807695
01,TE1a,90,692,taskvec_a0p5,13,layer_13,0.006446549424778711
01,TE1a,90,692,taskvec_a0p5,14,layer_14,0.008848112887559337
01,TE1a,90,692,taskvec_a0p5,15,layer_15,0.009526940829425306
01,TE1a,90,692,taskvec_a0p5,16,layer_16,0.009883962907236987
01,TE1a,90,692,taskvec_a0p5,17,layer_17,0.010172717180183508
01,TE1a,90,692,taskvec_a0p5,18,layer_18,0.007329047473886396
01,TE1a,90,692,taskvec_a0p5,19,layer_19,0.009890082991105616
01,TE1a,90,692,taskvec_a0p5,20,layer_20,0.010594925258884377
01,TE1a,90,692,taskvec_a0p5,21,layer_21,0.014002180100785003
01,TE1a,90,692,taskvec_a0p5,22,layer_22,0.01683482980806658
01,TE1a,90,692,taskvec_a0p5,23,layer_23,0.01591892394284312
01,TE1a,90,692,taskvec_a0p5,24,layer_24,0.019269641187326457
01,TE1a,90,692,taskvec_a0p5,25,layer_25,0.01914168729395328
01,TE1a,90,692,taskvec_a0p5,26,layer_26,0.017419410363701794
01,TE1a,90,692,taskvec_a0p5,27,layer_27,0.016551114241657082
01,TE1a,90,692,taskvec_a0p5,28,layer_28,0.018497058634044168
01,TE1a,90,692,taskvec_a0p5,29,layer_29,0.0174056780484218
01,TE1a,90,692,taskvec_a0p5,30,layer_30,0.017176539440895717
01,TE1a,90,692,taskvec_a0p5,31,layer_31,0.013041544927423975
01,TE1a,90,692,taskvec_a0p5,32,layer_32,0.0018747490792232668
01,TE1a,90,692,taskvec_a1p0,0,embedding,0.010344000643421211
01,TE1a,90,692,taskvec_a1p0,1,layer_1,0.004364807837688405
01,TE1a,90,692,taskvec_a1p0,2,layer_2,-0.0075423890807556895
01,TE1a,90,692,taskvec_a1p0,3,layer_3,0.0028639877944572592
01,TE1a,90,692,taskvec_a1p0,4,layer_4,0.009266303301093813
01,TE1a,90,692,taskvec_a1p0,5,layer_5,0.014076462074689454
01,TE1a,90,692,taskvec_a1p0,6,layer_6,0.016879721257424367
01,TE1a,90,692,taskvec_a1p0,7,layer_7,0.011566133235314857
01,TE1a,90,692,taskvec_a1p0,8,layer_8,0.014849018662960671
01,TE1a,90,692,taskvec_a1p0,9,layer_9,0.013067938267778956
01,TE1a,90,692,taskvec_a1p0,10,layer_10,0.013531747898175786
01,TE1a,90,692,taskvec_a1p0,11,layer_11,0.012340963910239212
01,TE1a,90,692,taskvec_a1p0,12,layer_12,0.012367161672417274
01,TE1a,90,692,taskvec_a1p0,13,layer_13,0.01059405851319105
01,TE1a,90,692,taskvec_a1p0,14,layer_14,0.011852082539871083
01,TE1a,90,692,taskvec_a1p0,15,layer_15,0.012747370131518629
01,TE1a,90,692,taskvec_a1p0,16,layer_16,0.013026316168232509
01,TE1a,90,692,taskvec_a1p0,17,layer_17,0.012430926882844513
01,TE1a,90,692,taskvec_a1p0,18,layer_18,0.00935472761329482
01,TE1a,90,692,taskvec_a1p0,19,layer_19,0.01272142903067303
01,TE1a,90,692,taskvec_a1p0,20,layer_20,0.012443026017607967
01,TE1a,90,692,taskvec_a1p0,21,layer_21,0.015379918519591034
01,TE1a,90,692,taskvec_a1p0,22,layer_22,0.018760253622566895
01,TE1a,90,692,taskvec_a1p0,23,layer_23,0.017570821869991097
01,TE1a,90,692,taskvec_a1p0,24,layer_24,0.019886519975151073
01,TE1a,90,692,taskvec_a1p0,25,layer_25,0.019290975646891213
01,TE1a,90,692,taskvec_a1p0,26,layer_26,0.01787680252679383
01,TE1a,90,692,taskvec_a1p0,27,layer_27,0.018399794449764438
01,TE1a,90,692,taskvec_a1p0,28,layer_28,0.01771682107246177
01,TE1a,90,692,taskvec_a1p0,29,layer_29,0.017811847409024677
01,TE1a,90,692,taskvec_a1p0,30,layer_30,0.017115209711147265
01,TE1a,90,692,taskvec_a1p0,31,layer_31,0.013138601018017849
01,TE1a,90,692,taskvec_a1p0,32,layer_32,0.006857787753298421
01,TE1m,90,543,base,0,embedding,0.009592882638681285
01,TE1m,90,543,base,1,layer_1,-0.0016428716300257303
01,TE1m,90,543,base,2,layer_2,0.003919016243787514
01,TE1m,90,543,base,3,layer_3,0.006718135781843592
01,TE1m,90,543,base,4,layer_4,0.0062785451556227985
01,TE1m,90,543,base,5,layer_5,0.0031774622523330926
01,TE1m,90,543,base,6,layer_6,0.002737896096734244
01,TE1m,90,543,base,7,layer_7,0.0028645593982981163
01,TE1m,90,543,base,8,layer_8,-0.003800245931992133
01,TE1m,90,543,base,9,layer_9,-0.001985957221643019
01,TE1m,90,543,base,10,layer_10,-0.0008382224748686292
01,TE1m,90,543,base,11,layer_11,0.001852358646942053
01,TE1m,90,543,base,12,layer_12,0.0014588773972170788
01,TE1m,90,543,base,13,layer_13,-0.0010914620298297592
01,TE1m,90,543,base,14,layer_14,0.0015985062056404482
01,TE1m,90,543,base,15,layer_15,-0.0007557049224884551
01,TE1m,90,543,base,16,layer_16,-0.0020072446079502913
01,TE1m,90,543,base,17,layer_17,0.0018614465876157608
01,TE1m,90,543,base,18,layer_18,-0.0004545412422361045
01,TE1m,90,543,base,19,layer_19,-0.0017646888144512496
01,TE1m,90,543,base,20,layer_20,0.002574518456313741
01,TE1m,90,543,base,21,layer_21,0.005422694866618868
01,TE1m,90,543,base,22,layer_22,0.007259392315515996
01,TE1m,90,543,base,23,layer_23,0.006577937797961695
01,TE1m,90,543,base,24,layer_24,0.010480162338330145
01,TE1m,90,543,base,25,layer_25,0.01110870707487019
01,TE1m,90,543,base,26,layer_26,0.00883231439251342
01,TE1m,90,543,base,27,layer_27,0.0073824003412766345
01,TE1m,90,543,base,28,layer_28,0.01122138737737811
01,TE1m,90,543,base,29,layer_29,0.011563755288617434
01,TE1m,90,543,base,30,layer_30,0.010682245591118238
01,TE1m,90,543,base,31,layer_31,0.009826525313968307
01,TE1m,90,543,base,32,layer_32,0.0035334391917494793
01,TE1m,90,543,scrambled,0,embedding,0.009592882638681285
01,TE1m,90,543,scrambled,1,layer_1,-7.89454019720979e-05
01,TE1m,90,543,scrambled,2,layer_2,-0.004614460858746116
01,TE1m,90,543,scrambled,3,layer_3,-0.005088904001770657
01,TE1m,90,543,scrambled,4,layer_4,-0.006774400279648026
01,TE1m,90,543,scrambled,5,layer_5,-0.007108877069105267
01,TE1m,90,543,scrambled,6,layer_6,-0.012046137747473385
01,TE1m,90,543,scrambled,7,layer_7,-0.010667717887225705
01,TE1m,90,543,scrambled,8,layer_8,-0.010583184590712625
01,TE1m,90,543,scrambled,9,layer_9,-0.010573060851575665
01,TE1m,90,543,scrambled,10,layer_10,-0.009208318948203504
01,TE1m,90,543,scrambled,11,layer_11,-0.00886451604980553
01,TE1m,90,543,scrambled,12,layer_12,-0.009137186399382992
01,TE1m,90,543,scrambled,13,layer_13,-0.00808774565779508
01,TE1m,90,543,scrambled,14,layer_14,-0.004180812670886549
01,TE1m,90,543,scrambled,15,layer_15,-0.006142068761061621
01,TE1m,90,543,scrambled,16,layer_16,-0.004671960842760822
01,TE1m,90,543,scrambled,17,layer_17,-0.004951265346066404
01,TE1m,90,543,scrambled,18,layer_18,0.0032232871344989684
01,TE1m,90,543,scrambled,19,layer_19,-0.0008538362260587911
01,TE1m,90,543,scrambled,20,layer_20,0.0033071163869348615
01,TE1m,90,543,scrambled,21,layer_21,0.005004393121094474
01,TE1m,90,543,scrambled,22,layer_22,0.003711307736730277
01,TE1m,90,543,scrambled,23,layer_23,0.0010009920857133184
01,TE1m,90,543,scrambled,24,layer_24,0.0031720157643631984
01,TE1m,90,543,scrambled,25,layer_25,0.00324540465396597
01,TE1m,90,543,scrambled,26,layer_26,0.0018679987367405677
01,TE1m,90,543,scrambled,27,layer_27,0.0006734266591671497
01,TE1m,90,543,scrambled,28,layer_28,0.0040585794858879615
01,TE1m,90,543,scrambled,29,layer_29,0.006581140834255545
01,TE1m,90,543,scrambled,30,layer_30,0.005490384529690739
01,TE1m,90,543,scrambled,31,layer_31,0.004670181212109892
01,TE1m,90,543,scrambled,32,layer_32,-0.005210503939376923
01,TE1m,90,543,lowLR,0,embedding,0.009592882638681285
01,TE1m,90,543,lowLR,1,layer_1,0.0039222185328868005
01,TE1m,90,543,lowLR,2,layer_2,0.005572516529676296
01,TE1m,90,543,lowLR,3,layer_3,0.006468101317961359
01,TE1m,90,543,lowLR,4,layer_4,0.007946750977710157
01,TE1m,90,543,lowLR,5,layer_5,-8.461978428377145e-07
01,TE1m,90,543,lowLR,6,layer_6,0.00027101923639140293
01,TE1m,90,543,lowLR,7,layer_7,-0.0004833431642656009
01,TE1m,90,543,lowLR,8,layer_8,-0.0024053821873945623
01,TE1m,90,543,lowLR,9,layer_9,-0.0007612039008764146
01,TE1m,90,543,lowLR,10,layer_10,-0.0017139925973305118
01,TE1m,90,543,lowLR,11,layer_11,0.0007437062853937543
01,TE1m,90,543,lowLR,12,layer_12,0.00015895686378725865
01,TE1m,90,543,lowLR,13,layer_13,-0.001997859283840425
01,TE1m,90,543,lowLR,14,layer_14,-0.0037860768814899416
01,TE1m,90,543,lowLR,15,layer_15,-0.005614439561833079
01,TE1m,90,543,lowLR,16,layer_16,-0.007842300089322815
01,TE1m,90,543,lowLR,17,layer_17,-0.004904349559838237
01,TE1m,90,543,lowLR,18,layer_18,-0.00470391480505523
01,TE1m,90,543,lowLR,19,layer_19,-0.005496678336295315
01,TE1m,90,543,lowLR,20,layer_20,-0.002449887710760447
01,TE1m,90,543,lowLR,21,layer_21,0.0009022081076920168
01,TE1m,90,543,lowLR,22,layer_22,0.0038452901826380942
01,TE1m,90,543,lowLR,23,layer_23,0.0019009158328269552
01,TE1m,90,543,lowLR,24,layer_24,0.00462308479159607
01,TE1m,90,543,lowLR,25,layer_25,0.005827828802355777
01,TE1m,90,543,lowLR,26,layer_26,0.0033477090391718454
01,TE1m,90,543,lowLR,27,layer_27,0.00302047947658184
01,TE1m,90,543,lowLR,28,layer_28,0.005660956906560412
01,TE1m,90,543,lowLR,29,layer_29,0.006786821828865506
01,TE1m,90,543,lowLR,30,layer_30,0.008122982045805676
01,TE1m,90,543,lowLR,31,layer_31,0.007890264002724525
01,TE1m,90,543,lowLR,32,layer_32,0.0032176084558185564
01,TE1m,90,543,lowrank,0,embedding,0.009592882638681285
01,TE1m,90,543,lowrank,1,layer_1,-0.0020206744962308247
01,TE1m,90,543,lowrank,2,layer_2,0.0032060805512986795
01,TE1m,90,543,lowrank,3,layer_3,0.010959856577946299
01,TE1m,90,543,lowrank,4,layer_4,0.010817098518692196
01,TE1m,90,543,lowrank,5,layer_5,0.0001012687735412637
01,TE1m,90,543,lowrank,6,layer_6,-0.0006660981748911652
01,TE1m,90,543,lowrank,7,layer_7,0.0002344718955196498
01,TE1m,90,543,lowrank,8,layer_8,0.0006372177974325315
01,TE1m,90,543,lowrank,9,layer_9,0.003512337670089806
01,TE1m,90,543,lowrank,10,layer_10,0.0017592030987667868
01,TE1m,90,543,lowrank,11,layer_11,0.0030376449640811525
01,TE1m,90,543,lowrank,12,layer_12,0.00379710939601441
01,TE1m,90,543,lowrank,13,layer_13,0.0009157911708580087
01,TE1m,90,543,lowrank,14,layer_14,-0.001520538881351595
01,TE1m,90,543,lowrank,15,layer_15,-0.002257007466608795
01,TE1m,90,543,lowrank,16,layer_16,-0.00483492528458787
01,TE1m,90,543,lowrank,17,layer_17,-0.002628393052307742
01,TE1m,90,543,lowrank,18,layer_18,-0.0023450774217881987
01,TE1m,90,543,lowrank,19,layer_19,-0.002178859321235645
01,TE1m,90,543,lowrank,20,layer_20,8.08150695678954e-05
01,TE1m,90,543,lowrank,21,layer_21,0.0013792752112239176
01,TE1m,90,543,lowrank,22,layer_22,0.002793332516163999
01,TE1m,90,543,lowrank,23,layer_23,0.0004461242822801609
01,TE1m,90,543,lowrank,24,layer_24,0.003330301834231333
01,TE1m,90,543,lowrank,25,layer_25,0.0037834887863216157
01,TE1m,90,543,lowrank,26,layer_26,0.0008266004238337873
01,TE1m,90,543,lowrank,27,layer_27,0.0005580020978271917
01,TE1m,90,543,lowrank,28,layer_28,0.0032790956568212034
01,TE1m,90,543,lowrank,29,layer_29,0.003812100173737493
01,TE1m,90,543,lowrank,30,layer_30,0.006013611632150116
01,TE1m,90,543,lowrank,31,layer_31,0.0047446163608998015
01,TE1m,90,543,lowrank,32,layer_32,-0.0014151254195681937
01,TE1m,90,543,taskvec_a0p25,0,embedding,0.009592882638681285
01,TE1m,90,543,taskvec_a0p25,1,layer_1,0.001881903467166023
01,TE1m,90,543,taskvec_a0p25,2,layer_2,0.0030253973243982613
01,TE1m,90,543,taskvec_a0p25,3,layer_3,0.007426432890484005
01,TE1m,90,543,taskvec_a0p25,4,layer_4,0.010801539312705149
01,TE1m,90,543,taskvec_a0p25,5,layer_5,0.006461242445468355
01,TE1m,90,543,taskvec_a0p25,6,layer_6,0.00226521297050335
01,TE1m,90,543,taskvec_a0p25,7,layer_7,0.0011471119601059523
01,TE1m,90,543,taskvec_a0p25,8,layer_8,-0.0007916677704131355
01,TE1m,90,543,taskvec_a0p25,9,layer_9,0.0018351752267732231
01,TE1m,90,543,taskvec_a0p25,10,layer_10,0.0003264773244634913
01,TE1m,90,543,taskvec_a0p25,11,layer_11,0.0032472311710757414
01,TE1m,90,543,taskvec_a0p25,12,layer_12,0.003627878793781625
01,TE1m,90,543,taskvec_a0p25,13,layer_13,9.675609197674416e-06
01,TE1m,90,543,taskvec_a0p25,14,layer_14,-3.485886795753457e-05
01,TE1m,90,543,taskvec_a0p25,15,layer_15,-0.0005091247390719531
01,TE1m,90,543,taskvec_a0p25,16,layer_16,-0.0040871531399783965
01,TE1m,90,543,taskvec_a0p25,17,layer_17,-0.0017301338678823014
01,TE1m,90,543,taskvec_a0p25,18,layer_18,-0.0018280002909799788
01,TE1m,90,543,taskvec_a0p25,19,layer_19,4.2725705916313266e-05
01,TE1m,90,543,taskvec_a0p25,20,layer_20,0.003404313884099823
01,TE1m,90,543,taskvec_a0p25,21,layer_21,0.006800512861645882
01,TE1m,90,543,taskvec_a0p25,22,layer_22,0.008672985986229604
01,TE1m,90,543,taskvec_a0p25,23,layer_23,0.00756428318904829
01,TE1m,90,543,taskvec_a0p25,24,layer_24,0.010545205811856398
01,TE1m,90,543,taskvec_a0p25,25,layer_25,0.011703960931243602
01,TE1m,90,543,taskvec_a0p25,26,layer_26,0.00946482374340587
01,TE1m,90,543,taskvec_a0p25,27,layer_27,0.00816482400735235
01,TE1m,90,543,taskvec_a0p25,28,layer_28,0.012019186065981043
01,TE1m,90,543,taskvec_a0p25,29,layer_29,0.012272662108021429
01,TE1m,90,543,taskvec_a0p25,30,layer_30,0.011663746733052887
01,TE1m,90,543,taskvec_a0p25,31,layer_31,0.010561397518041206
01,TE1m,90,543,taskvec_a0p25,32,layer_32,-0.00038807156108731835
01,TE1m,90,543,taskvec_a0p5,0,embedding,0.009592882638681285
01,TE1m,90,543,taskvec_a0p5,1,layer_1,0.00718231303196552
01,TE1m,90,543,taskvec_a0p5,2,layer_2,0.00383928778191317
01,TE1m,90,543,taskvec_a0p5,3,layer_3,0.009983283931350596
01,TE1m,90,543,taskvec_a0p5,4,layer_4,0.014620282980102801
01,TE1m,90,543,taskvec_a0p5,5,layer_5,0.011662568407226702
01,TE1m,90,543,taskvec_a0p5,6,layer_6,0.006271308763076729
01,TE1m,90,543,taskvec_a0p5,7,layer_7,0.0036812400671107
01,TE1m,90,543,taskvec_a0p5,8,layer_8,0.002999767430088241
01,TE1m,90,543,taskvec_a0p5,9,layer_9,0.0038866190083184818
01,TE1m,90,543,taskvec_a0p5,10,layer_10,0.003688526521692503
01,TE1m,90,543,taskvec_a0p5,11,layer_11,0.0042024207904600794
01,TE1m,90,543,taskvec_a0p5,12,layer_12,0.0035243303296280015
01,TE1m,90,543,taskvec_a0p5,13,layer_13,-0.0006095717853923243
01,TE1m,90,543,taskvec_a0p5,14,layer_14,2.1057810777725287e-05
01,TE1m,90,543,taskvec_a0p5,15,layer_15,0.002587659927492875
01,TE1m,90,543,taskvec_a0p5,16,layer_16,0.0016035703167926185
01,TE1m,90,543,taskvec_a0p5,17,layer_17,-0.00016310099163347383
01,TE1m,90,543,taskvec_a0p5,18,layer_18,0.0016537991637140667
01,TE1m,90,543,taskvec_a0p5,19,layer_19,0.004006503200408971
01,TE1m,90,543,taskvec_a0p5,20,layer_20,0.006666171201951801
01,TE1m,90,543,taskvec_a0p5,21,layer_21,0.011121099296701064
01,TE1m,90,543,taskvec_a0p5,22,layer_22,0.011834753229963786
01,TE1m,90,543,taskvec_a0p5,23,layer_23,0.011407787203083023
01,TE1m,90,543,taskvec_a0p5,24,layer_24,0.013523357650425475
01,TE1m,90,543,taskvec_a0p5,25,layer_25,0.015152774547951447
01,TE1m,90,543,taskvec_a0p5,26,layer_26,0.012542386269436144
01,TE1m,90,543,taskvec_a0p5,27,layer_27,0.012108593499428597
01,TE1m,90,543,taskvec_a0p5,28,layer_28,0.015161180860384864
01,TE1m,90,543,taskvec_a0p5,29,layer_29,0.014677706937070703
01,TE1m,90,543,taskvec_a0p5,30,layer_30,0.014515904569588092
01,TE1m,90,543,taskvec_a0p5,31,layer_31,0.012093789893943595
01,TE1m,90,543,taskvec_a0p5,32,layer_32,0.0041331325046202174
01,TE1m,90,543,taskvec_a1p0,0,embedding,0.009592882638681285
01,TE1m,90,543,taskvec_a1p0,1,layer_1,0.020880510474209815
01,TE1m,90,543,taskvec_a1p0,2,layer_2,0.01155634536013406
01,TE1m,90,543,taskvec_a1p0,3,layer_3,0.020918860608763957
01,TE1m,90,543,taskvec_a1p0,4,layer_4,0.02218615470479248
01,TE1m,90,543,taskvec_a1p0,5,layer_5,0.021059173287011308
01,TE1m,90,543,taskvec_a1p0,6,layer_6,0.02096781287377416
01,TE1m,90,543,taskvec_a1p0,7,layer_7,0.0194833149221791
01,TE1m,90,543,taskvec_a1p0,8,layer_8,0.016922951693268132
01,TE1m,90,543,taskvec_a1p0,9,layer_9,0.011764447078330187
01,TE1m,90,543,taskvec_a1p0,10,layer_10,0.01182117894633391
01,TE1m,90,543,taskvec_a1p0,11,layer_11,0.010077490969074943
01,TE1m,90,543,taskvec_a1p0,12,layer_12,0.008944412256859317
01,TE1m,90,543,taskvec_a1p0,13,layer_13,0.006658619680098698
01,TE1m,90,543,taskvec_a1p0,14,layer_14,0.007645554981292947
01,TE1m,90,543,taskvec_a1p0,15,layer_15,0.013226725518400368
01,TE1m,90,543,taskvec_a1p0,16,layer_16,0.014201459319176005
01,TE1m,90,543,taskvec_a1p0,17,layer_17,0.008658463139101732
01,TE1m,90,543,taskvec_a1p0,18,layer_18,0.009916829567690355
01,TE1m,90,543,taskvec_a1p0,19,layer_19,0.012181641481511903
01,TE1m,90,543,taskvec_a1p0,20,layer_20,0.012973800158753069
01,TE1m,90,543,taskvec_a1p0,21,layer_21,0.017834467790432722
01,TE1m,90,543,taskvec_a1p0,22,layer_22,0.016677459611934304
01,TE1m,90,543,taskvec_a1p0,23,layer_23,0.0157779892251219
01,TE1m,90,543,taskvec_a1p0,24,layer_24,0.017589504909648293
01,TE1m,90,543,taskvec_a1p0,25,layer_25,0.019252065490011943
01,TE1m,90,543,taskvec_a1p0,26,layer_26,0.016584167140355332
01,TE1m,90,543,taskvec_a1p0,27,layer_27,0.01667296654422707
01,TE1m,90,543,taskvec_a1p0,28,layer_28,0.01926457035142322
01,TE1m,90,543,taskvec_a1p0,29,layer_29,0.019394253813411595
01,TE1m,90,543,taskvec_a1p0,30,layer_30,0.019729610611265658
01,TE1m,90,543,taskvec_a1p0,31,layer_31,0.01639857746035558
01,TE1m,90,543,taskvec_a1p0,32,layer_32,0.007512621036155959
01,TE1p,90,910,base,0,embedding,0.019055179388310858
01,TE1p,90,910,base,1,layer_1,0.012636521950079704
01,TE1p,90,910,base,2,layer_2,0.005536769247383102
01,TE1p,90,910,base,3,layer_3,0.01640035914579156
01,TE1p,90,910,base,4,layer_4,0.019577939268066998
01,TE1p,90,910,base,5,layer_5,0.007139789628977196
01,TE1p,90,910,base,6,layer_6,-0.00044525548180178595
01,TE1p,90,910,base,7,layer_7,0.003825431992731606
01,TE1p,90,910,base,8,layer_8,0.004963366722413545
01,TE1p,90,910,base,9,layer_9,0.006757893817753467
01,TE1p,90,910,base,10,layer_10,0.005342003084153903
01,TE1p,90,910,base,11,layer_11,0.006430979384470496
01,TE1p,90,910,base,12,layer_12,0.006897213848023589
01,TE1p,90,910,base,13,layer_13,0.006071224629342509
01,TE1p,90,910,base,14,layer_14,0.008027414740379003
01,TE1p,90,910,base,15,layer_15,0.006458674150955953
01,TE1p,90,910,base,16,layer_16,0.003702422846179122
01,TE1p,90,910,base,17,layer_17,0.007081616049063754
01,TE1p,90,910,base,18,layer_18,0.003806154373000733
01,TE1p,90,910,base,19,layer_19,0.006132729202618751
01,TE1p,90,910,base,20,layer_20,0.006981073361839293
01,TE1p,90,910,base,21,layer_21,0.003448564240522371
01,TE1p,90,910,base,22,layer_22,0.006906358201886819
01,TE1p,90,910,base,23,layer_23,0.0056294079237192655
01,TE1p,90,910,base,24,layer_24,0.00898105281025283
01,TE1p,90,910,base,25,layer_25,0.010458597556041279
01,TE1p,90,910,base,26,layer_26,0.009677726747066557
01,TE1p,90,910,base,27,layer_27,0.008262809981580143
01,TE1p,90,910,base,28,layer_28,0.009127617452209217
01,TE1p,90,910,base,29,layer_29,0.008741319731014963
01,TE1p,90,910,base,30,layer_30,0.007412992541479587
01,TE1p,90,910,base,31,layer_31,0.011521540103386435
01,TE1p,90,910,base,32,layer_32,0.012141892785534064
01,TE1p,90,910,scrambled,0,embedding,0.019055179388310858
01,TE1p,90,910,scrambled,1,layer_1,0.024085267370339763
01,TE1p,90,910,scrambled,2,layer_2,0.02075400314951101
01,TE1p,90,910,scrambled,3,layer_3,0.02402938468895713
01,TE1p,90,910,scrambled,4,layer_4,0.02144805947697117
01,TE1p,90,910,scrambled,5,layer_5,0.01660215939863884
01,TE1p,90,910,scrambled,6,layer_6,0.00899364864260218
01,TE1p,90,910,scrambled,7,layer_7,0.005603649138347092
01,TE1p,90,910,scrambled,8,layer_8,0.009660318608132842
01,TE1p,90,910,scrambled,9,layer_9,0.009226360334529542
01,TE1p,90,910,scrambled,10,layer_10,0.010103724596592038
01,TE1p,90,910,scrambled,11,layer_11,0.010850678376356152
01,TE1p,90,910,scrambled,12,layer_12,0.010182304060026803
01,TE1p,90,910,scrambled,13,layer_13,0.013073208231033293
01,TE1p,90,910,scrambled,14,layer_14,0.012598694478122528
01,TE1p,90,910,scrambled,15,layer_15,0.0034891561455647913
01,TE1p,90,910,scrambled,16,layer_16,0.0019111185877889753
01,TE1p,90,910,scrambled,17,layer_17,7.342998530374771e-05
01,TE1p,90,910,scrambled,18,layer_18,0.011162039581208582
01,TE1p,90,910,scrambled,19,layer_19,0.007482665072123583
01,TE1p,90,910,scrambled,20,layer_20,0.009525008397486198
01,TE1p,90,910,scrambled,21,layer_21,0.008276047280462008
01,TE1p,90,910,scrambled,22,layer_22,0.008779234437937395
01,TE1p,90,910,scrambled,23,layer_23,0.005536886556929526
01,TE1p,90,910,scrambled,24,layer_24,0.007590174788254074
01,TE1p,90,910,scrambled,25,layer_25,0.00880365593184006
01,TE1p,90,910,scrambled,26,layer_26,0.009792790787029765
01,TE1p,90,910,scrambled,27,layer_27,0.007523686053643925
01,TE1p,90,910,scrambled,28,layer_28,0.008481730703454298
01,TE1p,90,910,scrambled,29,layer_29,0.009167471502620466
01,TE1p,90,910,scrambled,30,layer_30,0.007439872118696579
01,TE1p,90,910,scrambled,31,layer_31,0.010574715327137257
01,TE1p,90,910,scrambled,32,layer_32,0.0029541696950695813
01,TE1p,90,910,lowLR,0,embedding,0.019055179388310858
01,TE1p,90,910,lowLR,1,layer_1,0.019193824662587813
01,TE1p,90,910,lowLR,2,layer_2,0.012565632052693596
01,TE1p,90,910,lowLR,3,layer_3,0.020113574096644438
01,TE1p,90,910,lowLR,4,layer_4,0.017036246189707012
01,TE1p,90,910,lowLR,5,layer_5,0.004117646150103083
01,TE1p,90,910,lowLR,6,layer_6,-0.00048288083762961344
01,TE1p,90,910,lowLR,7,layer_7,0.0011653293107516268
01,TE1p,90,910,lowLR,8,layer_8,0.002754309346107043
01,TE1p,90,910,lowLR,9,layer_9,0.002797676331757233
01,TE1p,90,910,lowLR,10,layer_10,0.00353948511655771
01,TE1p,90,910,lowLR,11,layer_11,0.00689000753005869
01,TE1p,90,910,lowLR,12,layer_12,0.006753711582984528
01,TE1p,90,910,lowLR,13,layer_13,0.006873923793488268
01,TE1p,90,910,lowLR,14,layer_14,0.0052016386626830505
01,TE1p,90,910,lowLR,15,layer_15,0.005257121781773008
01,TE1p,90,910,lowLR,16,layer_16,0.0063363834319759985
01,TE1p,90,910,lowLR,17,layer_17,0.006568861065206436
01,TE1p,90,910,lowLR,18,layer_18,0.004455924291900664
01,TE1p,90,910,lowLR,19,layer_19,0.007536993215217451
01,TE1p,90,910,lowLR,20,layer_20,0.008279172048125361
01,TE1p,90,910,lowLR,21,layer_21,0.0053500742798257206
01,TE1p,90,910,lowLR,22,layer_22,0.009698603923558625
01,TE1p,90,910,lowLR,23,layer_23,0.008019017767877624
01,TE1p,90,910,lowLR,24,layer_24,0.010914216813233457
01,TE1p,90,910,lowLR,25,layer_25,0.012856201074435521
01,TE1p,90,910,lowLR,26,layer_26,0.012191623440480494
01,TE1p,90,910,lowLR,27,layer_27,0.012283469530183729
01,TE1p,90,910,lowLR,28,layer_28,0.01325590103771147
01,TE1p,90,910,lowLR,29,layer_29,0.014452224912938337
01,TE1p,90,910,lowLR,30,layer_30,0.015535015002667461
01,TE1p,90,910,lowLR,31,layer_31,0.018984650533394834
01,TE1p,90,910,lowLR,32,layer_32,0.020810305941036812
01,TE1p,90,910,lowrank,0,embedding,0.019055179388310858
01,TE1p,90,910,lowrank,1,layer_1,0.01142454883192092
01,TE1p,90,910,lowrank,2,layer_2,0.003517598853808024
01,TE1p,90,910,lowrank,3,layer_3,0.013415754348175941
01,TE1p,90,910,lowrank,4,layer_4,0.014964130710174568
01,TE1p,90,910,lowrank,5,layer_5,0.002567870292687561
01,TE1p,90,910,lowrank,6,layer_6,-0.004115822061375641
01,TE1p,90,910,lowrank,7,layer_7,-0.0016179954682313505
01,TE1p,90,910,lowrank,8,layer_8,0.004015115364944553
01,TE1p,90,910,lowrank,9,layer_9,0.004340976253893395
01,TE1p,90,910,lowrank,10,layer_10,0.005025412824949475
01,TE1p,90,910,lowrank,11,layer_11,0.007197189115323152
01,TE1p,90,910,lowrank,12,layer_12,0.00887618573449378
01,TE1p,90,910,lowrank,13,layer_13,0.0074884175362671095
01,TE1p,90,910,lowrank,14,layer_14,0.006910436950208754
01,TE1p,90,910,lowrank,15,layer_15,0.006043264795585752
01,TE1p,90,910,lowrank,16,layer_16,0.007476457006095134
01,TE1p,90,910,lowrank,17,layer_17,0.006518411795888838
01,TE1p,90,910,lowrank,18,layer_18,0.005234340566735233
01,TE1p,90,910,lowrank,19,layer_19,0.008983242277121682
01,TE1p,90,910,lowrank,20,layer_20,0.008959713867520699
01,TE1p,90,910,lowrank,21,layer_21,0.003913572931394513
01,TE1p,90,910,lowrank,22,layer_22,0.0077992237623577135
01,TE1p,90,910,lowrank,23,layer_23,0.005138675378820779
01,TE1p,90,910,lowrank,24,layer_24,0.00778579144569485
01,TE1p,90,910,lowrank,25,layer_25,0.00911934843677679
01,TE1p,90,910,lowrank,26,layer_26,0.007937773808630446
01,TE1p,90,910,lowrank,27,layer_27,0.008181717702829295
01,TE1p,90,910,lowrank,28,layer_28,0.009247598405995643
01,TE1p,90,910,lowrank,29,layer_29,0.010335186045216506
01,TE1p,90,910,lowrank,30,layer_30,0.012646008705851527
01,TE1p,90,910,lowrank,31,layer_31,0.016504517320708765
01,TE1p,90,910,lowrank,32,layer_32,0.019275259530045892
01,TE1p,90,910,taskvec_a0p25,0,embedding,0.019055179388310858
01,TE1p,90,910,taskvec_a0p25,1,layer_1,0.015144946564109954
01,TE1p,90,910,taskvec_a0p25,2,layer_2,0.007279489420884071
01,TE1p,90,910,taskvec_a0p25,3,layer_3,0.017379652327791918
01,TE1p,90,910,taskvec_a0p25,4,layer_4,0.01780342447151223
01,TE1p,90,910,taskvec_a0p25,5,layer_5,0.00910417702476805
01,TE1p,90,910,taskvec_a0p25,6,layer_6,0.001582052607761236
01,TE1p,90,910,taskvec_a0p25,7,layer_7,0.0029953106013173216
01,TE1p,90,910,taskvec_a0p25,8,layer_8,0.005422064981602081
01,TE1p,90,910,taskvec_a0p25,9,layer_9,0.007421052716031595
01,TE1p,90,910,taskvec_a0p25,10,layer_10,0.006288304824208834
01,TE1p,90,910,taskvec_a0p25,11,layer_11,0.009264994589816345
01,TE1p,90,910,taskvec_a0p25,12,layer_12,0.010756949543152263
01,TE1p,90,910,taskvec_a0p25,13,layer_13,0.010016970824635731
01,TE1p,90,910,taskvec_a0p25,14,layer_14,0.009879881730532721
01,TE1p,90,910,taskvec_a0p25,15,layer_15,0.004987022528687559
01,TE1p,90,910,taskvec_a0p25,16,layer_16,0.005463445737304612
01,TE1p,90,910,taskvec_a0p25,17,layer_17,0.005062343476632156
01,TE1p,90,910,taskvec_a0p25,18,layer_18,0.004942044591559084
01,TE1p,90,910,taskvec_a0p25,19,layer_19,0.010364426010058686
01,TE1p,90,910,taskvec_a0p25,20,layer_20,0.010199039350256345
01,TE1p,90,910,taskvec_a0p25,21,layer_21,0.0066224024124252445
01,TE1p,90,910,taskvec_a0p25,22,layer_22,0.009189407453808605
01,TE1p,90,910,taskvec_a0p25,23,layer_23,0.007606630440918336
01,TE1p,90,910,taskvec_a0p25,24,layer_24,0.010695719563878001
01,TE1p,90,910,taskvec_a0p25,25,layer_25,0.014039261312172173
01,TE1p,90,910,taskvec_a0p25,26,layer_26,0.013602857283964835
01,TE1p,90,910,taskvec_a0p25,27,layer_27,0.012665603696473121
01,TE1p,90,910,taskvec_a0p25,28,layer_28,0.01410916248435251
01,TE1p,90,910,taskvec_a0p25,29,layer_29,0.015263266691181
01,TE1p,90,910,taskvec_a0p25,30,layer_30,0.014490880463270194
01,TE1p,90,910,taskvec_a0p25,31,layer_31,0.018293859632974557
01,TE1p,90,910,taskvec_a0p25,32,layer_32,0.01977780484739148
01,TE1p,90,910,taskvec_a0p5,0,embedding,0.019055179388310858
01,TE1p,90,910,taskvec_a0p5,1,layer_1,0.018705409168029846
01,TE1p,90,910,taskvec_a0p5,2,layer_2,0.010577804042662935
01,TE1p,90,910,taskvec_a0p5,3,layer_3,0.019824592116154772
01,TE1p,90,910,taskvec_a0p5,4,layer_4,0.019880005746150353
01,TE1p,90,910,taskvec_a0p5,5,layer_5,0.014257228053387748
01,TE1p,90,910,taskvec_a0p5,6,layer_6,0.007965945285247232
01,TE1p,90,910,taskvec_a0p5,7,layer_7,0.005762788130809134
01,TE1p,90,910,taskvec_a0p5,8,layer_8,0.006803476235283581
01,TE1p,90,910,taskvec_a0p5,9,layer_9,0.008167392675462033
01,TE1p,90,910,taskvec_a0p5,10,layer_10,0.008486615114314016
01,TE1p,90,910,taskvec_a0p5,11,layer_11,0.008934126376502139
01,TE1p,90,910,taskvec_a0p5,12,layer_12,0.009164122389789508
01,TE1p,90,910,taskvec_a0p5,13,layer_13,0.007423196230434812
01,TE1p,90,910,taskvec_a0p5,14,layer_14,0.007567611380431476
01,TE1p,90,910,taskvec_a0p5,15,layer_15,0.003723780468775336
01,TE1p,90,910,taskvec_a0p5,16,layer_16,0.007041809632305912
01,TE1p,90,910,taskvec_a0p5,17,layer_17,0.0034922528934320236
01,TE1p,90,910,taskvec_a0p5,18,layer_18,0.0068786234604922315
01,TE1p,90,910,taskvec_a0p5,19,layer_19,0.012243663113425885
01,TE1p,90,910,taskvec_a0p5,20,layer_20,0.011132229880511952
01,TE1p,90,910,taskvec_a0p5,21,layer_21,0.008904108582119655
01,TE1p,90,910,taskvec_a0p5,22,layer_22,0.011403363998067448
01,TE1p,90,910,taskvec_a0p5,23,layer_23,0.009046202945802984
01,TE1p,90,910,taskvec_a0p5,24,layer_24,0.012256803837410455
01,TE1p,90,910,taskvec_a0p5,25,layer_25,0.015447430163558219
01,TE1p,90,910,taskvec_a0p5,26,layer_26,0.01444441467496772
01,TE1p,90,910,taskvec_a0p5,27,layer_27,0.013669802367654466
01,TE1p,90,910,taskvec_a0p5,28,layer_28,0.014754007083490386
01,TE1p,90,910,taskvec_a0p5,29,layer_29,0.016061599063500707
01,TE1p,90,910,taskvec_a0p5,30,layer_30,0.01716617641269989
01,TE1p,90,910,taskvec_a0p5,31,layer_31,0.020541617204488067
01,TE1p,90,910,taskvec_a0p5,32,layer_32,0.023059405473985852
01,TE1p,90,910,taskvec_a1p0,0,embedding,0.019055179388310858
01,TE1p,90,910,taskvec_a1p0,1,layer_1,0.021114040717781175
01,TE1p,90,910,taskvec_a1p0,2,layer_2,0.015942174022469308
01,TE1p,90,910,taskvec_a1p0,3,layer_3,0.025047722149260855
01,TE1p,90,910,taskvec_a1p0,4,layer_4,0.02031721356890906
01,TE1p,90,910,taskvec_a1p0,5,layer_5,0.017861195687153383
01,TE1p,90,910,taskvec_a1p0,6,layer_6,0.017024921522108327
01,TE1p,90,910,taskvec_a1p0,7,layer_7,0.012558946716137895
01,TE1p,90,910,taskvec_a1p0,8,layer_8,0.012704172759034288
01,TE1p,90,910,taskvec_a1p0,9,layer_9,0.009787340189489775
01,TE1p,90,910,taskvec_a1p0,10,layer_10,0.01170905661136607
01,TE1p,90,910,taskvec_a1p0,11,layer_11,0.011736426908612452
01,TE1p,90,910,taskvec_a1p0,12,layer_12,0.011776305616444287
01,TE1p,90,910,taskvec_a1p0,13,layer_13,0.010758066038628342
01,TE1p,90,910,taskvec_a1p0,14,layer_14,0.009827974124226375
01,TE1p,90,910,taskvec_a1p0,15,layer_15,0.009486619408814768
01,TE1p,90,910,taskvec_a1p0,16,layer_16,0.012326674187815061
01,TE1p,90,910,taskvec_a1p0,17,layer_17,0.005948096492055834
01,TE1p,90,910,taskvec_a1p0,18,layer_18,0.011326659245791784
01,TE1p,90,910,taskvec_a1p0,19,layer_19,0.01427149741476005
01,TE1p,90,910,taskvec_a1p0,20,layer_20,0.01215809999600606
01,TE1p,90,910,taskvec_a1p0,21,layer_21,0.011459591696539647
01,TE1p,90,910,taskvec_a1p0,22,layer_22,0.012673591766749783
01,TE1p,90,910,taskvec_a1p0,23,layer_23,0.009776312158132686
01,TE1p,90,910,taskvec_a1p0,24,layer_24,0.013201146433320644
01,TE1p,90,910,taskvec_a1p0,25,layer_25,0.014149192872680674
01,TE1p,90,910,taskvec_a1p0,26,layer_26,0.011563651802170428
01,TE1p,90,910,taskvec_a1p0,27,layer_27,0.011360336425547598
01,TE1p,90,910,taskvec_a1p0,28,layer_28,0.010434011866133347
01,TE1p,90,910,taskvec_a1p0,29,layer_29,0.011703707819085316
01,TE1p,90,910,taskvec_a1p0,30,layer_30,0.013692648215021959
01,TE1p,90,910,taskvec_a1p0,31,layer_31,0.015824372448425137
01,TE1p,90,910,taskvec_a1p0,32,layer_32,0.011677710678647478
01,TE2a,90,814,base,0,embedding,0.0029175353692502447
01,TE2a,90,814,base,1,layer_1,0.0012633601166532108
01,TE2a,90,814,base,2,layer_2,0.004690859448049506
01,TE2a,90,814,base,3,layer_3,0.010858932074300033
01,TE2a,90,814,base,4,layer_4,0.01426692402363727
01,TE2a,90,814,base,5,layer_5,0.010335123467671837
01,TE2a,90,814,base,6,layer_6,0.008261145979287869
01,TE2a,90,814,base,7,layer_7,0.014001124314867183
01,TE2a,90,814,base,8,layer_8,0.01942366432541283
01,TE2a,90,814,base,9,layer_9,0.022147178981590288
01,TE2a,90,814,base,10,layer_10,0.02222745812585772
01,TE2a,90,814,base,11,layer_11,0.02148739086478545
01,TE2a,90,814,base,12,layer_12,0.024371053039286644
01,TE2a,90,814,base,13,layer_13,0.022574490772755175
01,TE2a,90,814,base,14,layer_14,0.022409970858646162
01,TE2a,90,814,base,15,layer_15,0.024882779323029063
01,TE2a,90,814,base,16,layer_16,0.029663600622892024
01,TE2a,90,814,base,17,layer_17,0.030378891846241388
01,TE2a,90,814,base,18,layer_18,0.028023174747470327
01,TE2a,90,814,base,19,layer_19,0.029984332581560337
01,TE2a,90,814,base,20,layer_20,0.028632011853808374
01,TE2a,90,814,base,21,layer_21,0.02774784737402609
01,TE2a,90,814,base,22,layer_22,0.032062652764745694
01,TE2a,90,814,base,23,layer_23,0.03289937244454906
01,TE2a,90,814,base,24,layer_24,0.02971868772886348
01,TE2a,90,814,base,25,layer_25,0.029017582181095344
01,TE2a,90,814,base,26,layer_26,0.027204209344482085
01,TE2a,90,814,base,27,layer_27,0.02406582686219411
01,TE2a,90,814,base,28,layer_28,0.025595322177976287
01,TE2a,90,814,base,29,layer_29,0.02372448783786833
01,TE2a,90,814,base,30,layer_30,0.02304388418812289
01,TE2a,90,814,base,31,layer_31,0.021384196197257503
01,TE2a,90,814,base,32,layer_32,0.007341047792168864
01,TE2a,90,814,scrambled,0,embedding,0.0029175353692502447
01,TE2a,90,814,scrambled,1,layer_1,0.010163574881105327
01,TE2a,90,814,scrambled,2,layer_2,0.010808705468962275
01,TE2a,90,814,scrambled,3,layer_3,0.00942036118372737
01,TE2a,90,814,scrambled,4,layer_4,0.014217208499380747
01,TE2a,90,814,scrambled,5,layer_5,0.01583466449313746
01,TE2a,90,814,scrambled,6,layer_6,0.014684158588526758
01,TE2a,90,814,scrambled,7,layer_7,0.012245256319033294
01,TE2a,90,814,scrambled,8,layer_8,0.00948905339510443
01,TE2a,90,814,scrambled,9,layer_9,0.01267759953158821
01,TE2a,90,814,scrambled,10,layer_10,0.009427668372958303
01,TE2a,90,814,scrambled,11,layer_11,0.009994539109854901
01,TE2a,90,814,scrambled,12,layer_12,0.007813761926974132
01,TE2a,90,814,scrambled,13,layer_13,0.008958501544341886
01,TE2a,90,814,scrambled,14,layer_14,0.007398530590708616
01,TE2a,90,814,scrambled,15,layer_15,0.004826825321925369
01,TE2a,90,814,scrambled,16,layer_16,0.012944624826240607
01,TE2a,90,814,scrambled,17,layer_17,0.021370928823794468
01,TE2a,90,814,scrambled,18,layer_18,0.012472042384477104
01,TE2a,90,814,scrambled,19,layer_19,0.012828732521104077
01,TE2a,90,814,scrambled,20,layer_20,0.013721894344219283
01,TE2a,90,814,scrambled,21,layer_21,0.012903709946348239
01,TE2a,90,814,scrambled,22,layer_22,0.011803284757336826
01,TE2a,90,814,scrambled,23,layer_23,0.014185211760197597
01,TE2a,90,814,scrambled,24,layer_24,0.015024884166116139
01,TE2a,90,814,scrambled,25,layer_25,0.01218983577748801
01,TE2a,90,814,scrambled,26,layer_26,0.012153690053693982
01,TE2a,90,814,scrambled,27,layer_27,0.010457233739164776
01,TE2a,90,814,scrambled,28,layer_28,0.014792663007419524
01,TE2a,90,814,scrambled,29,layer_29,0.012826577985581055
01,TE2a,90,814,scrambled,30,layer_30,0.011112720070070562
01,TE2a,90,814,scrambled,31,layer_31,0.00952531624164624
01,TE2a,90,814,scrambled,32,layer_32,0.012029807810294384
01,TE2a,90,814,lowLR,0,embedding,0.0029175353692502447
01,TE2a,90,814,lowLR,1,layer_1,0.0046302673861335865
01,TE2a,90,814,lowLR,2,layer_2,0.00558340614324055
01,TE2a,90,814,lowLR,3,layer_3,0.011648171835980013
01,TE2a,90,814,lowLR,4,layer_4,0.013650096792237516
01,TE2a,90,814,lowLR,5,layer_5,0.011983195385058883
01,TE2a,90,814,lowLR,6,layer_6,0.010925253997723944
01,TE2a,90,814,lowLR,7,layer_7,0.009608831298768303
01,TE2a,90,814,lowLR,8,layer_8,0.0112056690189491
01,TE2a,90,814,lowLR,9,layer_9,0.011044894417588188
01,TE2a,90,814,lowLR,10,layer_10,0.0116722496203836
01,TE2a,90,814,lowLR,11,layer_11,0.013360945198582002
01,TE2a,90,814,lowLR,12,layer_12,0.017129242211843032
01,TE2a,90,814,lowLR,13,layer_13,0.01440652238388219
01,TE2a,90,814,lowLR,14,layer_14,0.014795739767832192
01,TE2a,90,814,lowLR,15,layer_15,0.0197154490327091
01,TE2a,90,814,lowLR,16,layer_16,0.02672867959376399
01,TE2a,90,814,lowLR,17,layer_17,0.029445620992570233
01,TE2a,90,814,lowLR,18,layer_18,0.027016747568504203
01,TE2a,90,814,lowLR,19,layer_19,0.031580933254265954
01,TE2a,90,814,lowLR,20,layer_20,0.029111085735138424
01,TE2a,90,814,lowLR,21,layer_21,0.028334713597830158
01,TE2a,90,814,lowLR,22,layer_22,0.03198535249840315
01,TE2a,90,814,lowLR,23,layer_23,0.031391273605480385
01,TE2a,90,814,lowLR,24,layer_24,0.030082607533285448
01,TE2a,90,814,lowLR,25,layer_25,0.02972034500640468
01,TE2a,90,814,lowLR,26,layer_26,0.02646473909186582
01,TE2a,90,814,lowLR,27,layer_27,0.02543676338209258
01,TE2a,90,814,lowLR,28,layer_28,0.025694453227872203
01,TE2a,90,814,lowLR,29,layer_29,0.02346104945071664
01,TE2a,90,814,lowLR,30,layer_30,0.021768827487777153
01,TE2a,90,814,lowLR,31,layer_31,0.020189192801622475
01,TE2a,90,814,lowLR,32,layer_32,0.01014841336942455
01,TE2a,90,814,lowrank,0,embedding,0.0029175353692502447
01,TE2a,90,814,lowrank,1,layer_1,0.004297158709921588
01,TE2a,90,814,lowrank,2,layer_2,0.00616720774854361
01,TE2a,90,814,lowrank,3,layer_3,0.012620029684881847
01,TE2a,90,814,lowrank,4,layer_4,0.014521511891187716
01,TE2a,90,814,lowrank,5,layer_5,0.01063170983402995
01,TE2a,90,814,lowrank,6,layer_6,0.008175828502080698
01,TE2a,90,814,lowrank,7,layer_7,0.010614347834360513
01,TE2a,90,814,lowrank,8,layer_8,0.013783590012505068
01,TE2a,90,814,lowrank,9,layer_9,0.012723650626908101
01,TE2a,90,814,lowrank,10,layer_10,0.012765044832112769
01,TE2a,90,814,lowrank,11,layer_11,0.013729298481944796
01,TE2a,90,814,lowrank,12,layer_12,0.01627058377887191
01,TE2a,90,814,lowrank,13,layer_13,0.014189205141540682
01,TE2a,90,814,lowrank,14,layer_14,0.014109659555535687
01,TE2a,90,814,lowrank,15,layer_15,0.02115457938521097
01,TE2a,90,814,lowrank,16,layer_16,0.027250404648352673
01,TE2a,90,814,lowrank,17,layer_17,0.03002872210297028
01,TE2a,90,814,lowrank,18,layer_18,0.027205331443917388
01,TE2a,90,814,lowrank,19,layer_19,0.030856715484268535
01,TE2a,90,814,lowrank,20,layer_20,0.028275353286151703
01,TE2a,90,814,lowrank,21,layer_21,0.026088913302474984
01,TE2a,90,814,lowrank,22,layer_22,0.03140871181899527
01,TE2a,90,814,lowrank,23,layer_23,0.03121700074753641
01,TE2a,90,814,lowrank,24,layer_24,0.030105031962919287
01,TE2a,90,814,lowrank,25,layer_25,0.02995923637096709
01,TE2a,90,814,lowrank,26,layer_26,0.027889550394556928
01,TE2a,90,814,lowrank,27,layer_27,0.026624668242578458
01,TE2a,90,814,lowrank,28,layer_28,0.026882443081739642
01,TE2a,90,814,lowrank,29,layer_29,0.023244885876780735
01,TE2a,90,814,lowrank,30,layer_30,0.022240895859681167
01,TE2a,90,814,lowrank,31,layer_31,0.01749544039928688
01,TE2a,90,814,lowrank,32,layer_32,0.0036073940812338836
01,TE2a,90,814,taskvec_a0p25,0,embedding,0.0029175353692502447
01,TE2a,90,814,taskvec_a0p25,1,layer_1,0.0001087552894673674
01,TE2a,90,814,taskvec_a0p25,2,layer_2,-0.0004451678732392493
01,TE2a,90,814,taskvec_a0p25,3,layer_3,0.010145666682210182
01,TE2a,90,814,taskvec_a0p25,4,layer_4,0.013711286423005361
01,TE2a,90,814,taskvec_a0p25,5,layer_5,0.011710944958825947
01,TE2a,90,814,taskvec_a0p25,6,layer_6,0.010260201895221277
01,TE2a,90,814,taskvec_a0p25,7,layer_7,0.009568941569816662
01,TE2a,90,814,taskvec_a0p25,8,layer_8,0.015129951490018131
01,TE2a,90,814,taskvec_a0p25,9,layer_9,0.016891732783625282
01,TE2a,90,814,taskvec_a0p25,10,layer_10,0.018990605487264993
01,TE2a,90,814,taskvec_a0p25,11,layer_11,0.0204637720465103
01,TE2a,90,814,taskvec_a0p25,12,layer_12,0.023129284043530655
01,TE2a,90,814,taskvec_a0p25,13,layer_13,0.01932780785569019
01,TE2a,90,814,taskvec_a0p25,14,layer_14,0.019415579867037513
01,TE2a,90,814,taskvec_a0p25,15,layer_15,0.025418064651349555
01,TE2a,90,814,taskvec_a0p25,16,layer_16,0.03194858884470535
01,TE2a,90,814,taskvec_a0p25,17,layer_17,0.030692604659182887
01,TE2a,90,814,taskvec_a0p25,18,layer_18,0.02743126552076049
01,TE2a,90,814,taskvec_a0p25,19,layer_19,0.029698888754126126
01,TE2a,90,814,taskvec_a0p25,20,layer_20,0.028392999630525363
01,TE2a,90,814,taskvec_a0p25,21,layer_21,0.026725108190550476
01,TE2a,90,814,taskvec_a0p25,22,layer_22,0.030796063646787563
01,TE2a,90,814,taskvec_a0p25,23,layer_23,0.032039354491070184
01,TE2a,90,814,taskvec_a0p25,24,layer_24,0.030851798196848038
01,TE2a,90,814,taskvec_a0p25,25,layer_25,0.031055440097494995
01,TE2a,90,814,taskvec_a0p25,26,layer_26,0.028542793460585313
01,TE2a,90,814,taskvec_a0p25,27,layer_27,0.026565997965079118
01,TE2a,90,814,taskvec_a0p25,28,layer_28,0.02791276909201146
01,TE2a,90,814,taskvec_a0p25,29,layer_29,0.027347639878843078
01,TE2a,90,814,taskvec_a0p25,30,layer_30,0.028188607920134227
01,TE2a,90,814,taskvec_a0p25,31,layer_31,0.027608938300765728
01,TE2a,90,814,taskvec_a0p25,32,layer_32,0.016933520947163404
01,TE2a,90,814,taskvec_a0p5,0,embedding,0.0029175353692502447
01,TE2a,90,814,taskvec_a0p5,1,layer_1,0.0003519390999967888
01,TE2a,90,814,taskvec_a0p5,2,layer_2,-0.0032864883998296244
01,TE2a,90,814,taskvec_a0p5,3,layer_3,0.009873029209193503
01,TE2a,90,814,taskvec_a0p5,4,layer_4,0.014550592329990649
01,TE2a,90,814,taskvec_a0p5,5,layer_5,0.014069104449825504
01,TE2a,90,814,taskvec_a0p5,6,layer_6,0.012677309246500405
01,TE2a,90,814,taskvec_a0p5,7,layer_7,0.010845237679144124
01,TE2a,90,814,taskvec_a0p5,8,layer_8,0.015997817227994433
01,TE2a,90,814,taskvec_a0p5,9,layer_9,0.016575323719102433
01,TE2a,90,814,taskvec_a0p5,10,layer_10,0.018370408408385153
01,TE2a,90,814,taskvec_a0p5,11,layer_11,0.01887502887183142
01,TE2a,90,814,taskvec_a0p5,12,layer_12,0.020845327137013203
01,TE2a,90,814,taskvec_a0p5,13,layer_13,0.017544451505868933
01,TE2a,90,814,taskvec_a0p5,14,layer_14,0.017079786524495866
01,TE2a,90,814,taskvec_a0p5,15,layer_15,0.023656345188092513
01,TE2a,90,814,taskvec_a0p5,16,layer_16,0.03086791574397245
01,TE2a,90,814,taskvec_a0p5,17,layer_17,0.029532800852226215
01,TE2a,90,814,taskvec_a0p5,18,layer_18,0.028021193187488688
01,TE2a,90,814,taskvec_a0p5,19,layer_19,0.030557190588491958
01,TE2a,90,814,taskvec_a0p5,20,layer_20,0.028959131578797585
01,TE2a,90,814,taskvec_a0p5,21,layer_21,0.029645177980540106
01,TE2a,90,814,taskvec_a0p5,22,layer_22,0.0332217846569914
01,TE2a,90,814,taskvec_a0p5,23,layer_23,0.034972952425425405
01,TE2a,90,814,taskvec_a0p5,24,layer_24,0.034947648494743584
01,TE2a,90,814,taskvec_a0p5,25,layer_25,0.035722367650879376
01,TE2a,90,814,taskvec_a0p5,26,layer_26,0.03382402142015531
01,TE2a,90,814,taskvec_a0p5,27,layer_27,0.03228820166279147
01,TE2a,90,814,taskvec_a0p5,28,layer_28,0.032753305807769056
01,TE2a,90,814,taskvec_a0p5,29,layer_29,0.0325796520005207
01,TE2a,90,814,taskvec_a0p5,30,layer_30,0.032926162918814394
01,TE2a,90,814,taskvec_a0p5,31,layer_31,0.03153700848787432
01,TE2a,90,814,taskvec_a0p5,32,layer_32,0.023743382707184197
01,TE2a,90,814,taskvec_a1p0,0,embedding,0.0029175353692502447
01,TE2a,90,814,taskvec_a1p0,1,layer_1,0.0036369874691044623
01,TE2a,90,814,taskvec_a1p0,2,layer_2,-0.004060493051164348
01,TE2a,90,814,taskvec_a1p0,3,layer_3,0.007090678771920954
01,TE2a,90,814,taskvec_a1p0,4,layer_4,0.015221075042578741
01,TE2a,90,814,taskvec_a1p0,5,layer_5,0.015450218320070845
01,TE2a,90,814,taskvec_a1p0,6,layer_6,0.019019836485772414
01,TE2a,90,814,taskvec_a1p0,7,layer_7,0.01698579972236903
01,TE2a,90,814,taskvec_a1p0,8,layer_8,0.02193015613390669
01,TE2a,90,814,taskvec_a1p0,9,layer_9,0.020966560575686216
01,TE2a,90,814,taskvec_a1p0,10,layer_10,0.018849213486471086
01,TE2a,90,814,taskvec_a1p0,11,layer_11,0.016644346564073716
01,TE2a,90,814,taskvec_a1p0,12,layer_12,0.01705686539727613
01,TE2a,90,814,taskvec_a1p0,13,layer_13,0.015204010426345463
01,TE2a,90,814,taskvec_a1p0,14,layer_14,0.012127822364714219
01,TE2a,90,814,taskvec_a1p0,15,layer_15,0.01747497268541545
01,TE2a,90,814,taskvec_a1p0,16,layer_16,0.02365868932423595
01,TE2a,90,814,taskvec_a1p0,17,layer_17,0.020644107267542903
01,TE2a,90,814,taskvec_a1p0,18,layer_18,0.025047489211355772
01,TE2a,90,814,taskvec_a1p0,19,layer_19,0.02746166774674575
01,TE2a,90,814,taskvec_a1p0,20,layer_20,0.026305259752280232
01,TE2a,90,814,taskvec_a1p0,21,layer_21,0.030313066994000652
01,TE2a,90,814,taskvec_a1p0,22,layer_22,0.03347811778424287
01,TE2a,90,814,taskvec_a1p0,23,layer_23,0.03565951980857713
01,TE2a,90,814,taskvec_a1p0,24,layer_24,0.03704111879489263
01,TE2a,90,814,taskvec_a1p0,25,layer_25,0.03607045122693
01,TE2a,90,814,taskvec_a1p0,26,layer_26,0.034846893230665886
01,TE2a,90,814,taskvec_a1p0,27,layer_27,0.03340568044691635
01,TE2a,90,814,taskvec_a1p0,28,layer_28,0.03267129840247692
01,TE2a,90,814,taskvec_a1p0,29,layer_29,0.03158694910449302
01,TE2a,90,814,taskvec_a1p0,30,layer_30,0.029196789138337495
01,TE2a,90,814,taskvec_a1p0,31,layer_31,0.029054831884856514
01,TE2a,90,814,taskvec_a1p0,32,layer_32,0.017859205534434267
01,TE2p,90,584,base,0,embedding,0.023662567776754743
01,TE2p,90,584,base,1,layer_1,0.045966176470981064
01,TE2p,90,584,base,2,layer_2,0.05458818510813552
01,TE2p,90,584,base,3,layer_3,0.07001500857963357
01,TE2p,90,584,base,4,layer_4,0.05915581199845815
01,TE2p,90,584,base,5,layer_5,0.06053434300389711
01,TE2p,90,584,base,6,layer_6,0.06682032592100076
01,TE2p,90,584,base,7,layer_7,0.0634012091786105
01,TE2p,90,584,base,8,layer_8,0.055158140077390415
01,TE2p,90,584,base,9,layer_9,0.053602786972956444
01,TE2p,90,584,base,10,layer_10,0.05383379599527289
01,TE2p,90,584,base,11,layer_11,0.05249297944861342
01,TE2p,90,584,base,12,layer_12,0.0504917951489667
01,TE2p,90,584,base,13,layer_13,0.051858779756820336
01,TE2p,90,584,base,14,layer_14,0.055488050013677306
01,TE2p,90,584,base,15,layer_15,0.06128938946117673
01,TE2p,90,584,base,16,layer_16,0.05912780004788061
01,TE2p,90,584,base,17,layer_17,0.06486261919179959
01,TE2p,90,584,base,18,layer_18,0.061092249460820196
01,TE2p,90,584,base,19,layer_19,0.06728404121808398
01,TE2p,90,584,base,20,layer_20,0.06833691961505858
01,TE2p,90,584,base,21,layer_21,0.0755378519883448
01,TE2p,90,584,base,22,layer_22,0.0770841804768443
01,TE2p,90,584,base,23,layer_23,0.07829354028201824
01,TE2p,90,584,base,24,layer_24,0.07712613059480398
01,TE2p,90,584,base,25,layer_25,0.0789678368624556
01,TE2p,90,584,base,26,layer_26,0.07829029689721798
01,TE2p,90,584,base,27,layer_27,0.07675131015569796
01,TE2p,90,584,base,28,layer_28,0.0768882625131959
01,TE2p,90,584,base,29,layer_29,0.07990913426692343
01,TE2p,90,584,base,30,layer_30,0.0775925729652443
01,TE2p,90,584,base,31,layer_31,0.0765495319450903
01,TE2p,90,584,base,32,layer_32,0.0651705472244327
01,TE2p,90,584,scrambled,0,embedding,0.023662567776754743
01,TE2p,90,584,scrambled,1,layer_1,0.043246701522209614
01,TE2p,90,584,scrambled,2,layer_2,0.05401316359934613
01,TE2p,90,584,scrambled,3,layer_3,0.05253546904104776
01,TE2p,90,584,scrambled,4,layer_4,0.054660500839546884
01,TE2p,90,584,scrambled,5,layer_5,0.05416222517873412
01,TE2p,90,584,scrambled,6,layer_6,0.06252397829077753
01,TE2p,90,584,scrambled,7,layer_7,0.06440154410670548
01,TE2p,90,584,scrambled,8,layer_8,0.0632341398366518
01,TE2p,90,584,scrambled,9,layer_9,0.0615760953002282
01,TE2p,90,584,scrambled,10,layer_10,0.06019053692992224
01,TE2p,90,584,scrambled,11,layer_11,0.06021283881964771
01,TE2p,90,584,scrambled,12,layer_12,0.061983115341841304
01,TE2p,90,584,scrambled,13,layer_13,0.05845546578716487
01,TE2p,90,584,scrambled,14,layer_14,0.05922672487207707
01,TE2p,90,584,scrambled,15,layer_15,0.05258400530548489
01,TE2p,90,584,scrambled,16,layer_16,0.05326295485326602
01,TE2p,90,584,scrambled,17,layer_17,0.05992002204986101
01,TE2p,90,584,scrambled,18,layer_18,0.0613132117050397
01,TE2p,90,584,scrambled,19,layer_19,0.06474287846106522
01,TE2p,90,584,scrambled,20,layer_20,0.06506247580478931
01,TE2p,90,584,scrambled,21,layer_21,0.07260229771182443
01,TE2p,90,584,scrambled,22,layer_22,0.07339621285668507
01,TE2p,90,584,scrambled,23,layer_23,0.07135267588800773
01,TE2p,90,584,scrambled,24,layer_24,0.07228000972047824
01,TE2p,90,584,scrambled,25,layer_25,0.073122468414923
01,TE2p,90,584,scrambled,26,layer_26,0.07189562407017125
01,TE2p,90,584,scrambled,27,layer_27,0.06972888050877808
01,TE2p,90,584,scrambled,28,layer_28,0.07088638333007735
01,TE2p,90,584,scrambled,29,layer_29,0.06646974820949814
01,TE2p,90,584,scrambled,30,layer_30,0.05981383094533594
01,TE2p,90,584,scrambled,31,layer_31,0.06010967721547919
01,TE2p,90,584,scrambled,32,layer_32,0.05013844030207126
01,TE2p,90,584,lowLR,0,embedding,0.023662567776754743
01,TE2p,90,584,lowLR,1,layer_1,0.04725795108928275
01,TE2p,90,584,lowLR,2,layer_2,0.061356789773153994
01,TE2p,90,584,lowLR,3,layer_3,0.07263182889574762
01,TE2p,90,584,lowLR,4,layer_4,0.06756942265477217
01,TE2p,90,584,lowLR,5,layer_5,0.06837889887360626
01,TE2p,90,584,lowLR,6,layer_6,0.07454920374361437
01,TE2p,90,584,lowLR,7,layer_7,0.07231113672518981
01,TE2p,90,584,lowLR,8,layer_8,0.07297726217268254
01,TE2p,90,584,lowLR,9,layer_9,0.07367238605437487
01,TE2p,90,584,lowLR,10,layer_10,0.07391107156683512
01,TE2p,90,584,lowLR,11,layer_11,0.07215977005057429
01,TE2p,90,584,lowLR,12,layer_12,0.07247206450143619
01,TE2p,90,584,lowLR,13,layer_13,0.07052239814613108
01,TE2p,90,584,lowLR,14,layer_14,0.07313592090583906
01,TE2p,90,584,lowLR,15,layer_15,0.07585319293823953
01,TE2p,90,584,lowLR,16,layer_16,0.07247777119991271
01,TE2p,90,584,lowLR,17,layer_17,0.07560760932557171
01,TE2p,90,584,lowLR,18,layer_18,0.07276952471183597
01,TE2p,90,584,lowLR,19,layer_19,0.07681633364176965
01,TE2p,90,584,lowLR,20,layer_20,0.07494887139072547
01,TE2p,90,584,lowLR,21,layer_21,0.07970099836457603
01,TE2p,90,584,lowLR,22,layer_22,0.08126844966978025
01,TE2p,90,584,lowLR,23,layer_23,0.08137284395817944
01,TE2p,90,584,lowLR,24,layer_24,0.08032463664801676
01,TE2p,90,584,lowLR,25,layer_25,0.08071659866439608
01,TE2p,90,584,lowLR,26,layer_26,0.08037406618355421
01,TE2p,90,584,lowLR,27,layer_27,0.07838444285178679
01,TE2p,90,584,lowLR,28,layer_28,0.07880270462240205
01,TE2p,90,584,lowLR,29,layer_29,0.07971615184391527
01,TE2p,90,584,lowLR,30,layer_30,0.07777890666423036
01,TE2p,90,584,lowLR,31,layer_31,0.07615634845239876
01,TE2p,90,584,lowLR,32,layer_32,0.06867512770736588
01,TE2p,90,584,lowrank,0,embedding,0.023662567776754743
01,TE2p,90,584,lowrank,1,layer_1,0.0481401857523069
01,TE2p,90,584,lowrank,2,layer_2,0.05661825893837427
01,TE2p,90,584,lowrank,3,layer_3,0.06900997099575637
01,TE2p,90,584,lowrank,4,layer_4,0.06566762158318644
01,TE2p,90,584,lowrank,5,layer_5,0.06966917742159374
01,TE2p,90,584,lowrank,6,layer_6,0.07730474259837518
01,TE2p,90,584,lowrank,7,layer_7,0.0748380770072951
01,TE2p,90,584,lowrank,8,layer_8,0.07747785468956521
01,TE2p,90,584,lowrank,9,layer_9,0.07876362167678003
01,TE2p,90,584,lowrank,10,layer_10,0.07860566231773466
01,TE2p,90,584,lowrank,11,layer_11,0.07708365986903237
01,TE2p,90,584,lowrank,12,layer_12,0.07811104809708029
01,TE2p,90,584,lowrank,13,layer_13,0.07606188381934875
01,TE2p,90,584,lowrank,14,layer_14,0.07551298591367701
01,TE2p,90,584,lowrank,15,layer_15,0.07955450209092219
01,TE2p,90,584,lowrank,16,layer_16,0.07279911305614326
01,TE2p,90,584,lowrank,17,layer_17,0.07422272903433187
01,TE2p,90,584,lowrank,18,layer_18,0.0694901440002889
01,TE2p,90,584,lowrank,19,layer_19,0.07405836808586617
01,TE2p,90,584,lowrank,20,layer_20,0.07251225049303214
01,TE2p,90,584,lowrank,21,layer_21,0.07701525607475672
01,TE2p,90,584,lowrank,22,layer_22,0.0779434536641423
01,TE2p,90,584,lowrank,23,layer_23,0.07758101872211608
01,TE2p,90,584,lowrank,24,layer_24,0.0766582846193767
01,TE2p,90,584,lowrank,25,layer_25,0.0771150713680739
01,TE2p,90,584,lowrank,26,layer_26,0.07578232470949575
01,TE2p,90,584,lowrank,27,layer_27,0.07442574852190766
01,TE2p,90,584,lowrank,28,layer_28,0.07546635723695977
01,TE2p,90,584,lowrank,29,layer_29,0.07693702629837754
01,TE2p,90,584,lowrank,30,layer_30,0.0748745998775449
01,TE2p,90,584,lowrank,31,layer_31,0.07177348746006995
01,TE2p,90,584,lowrank,32,layer_32,0.0652922738115174
01,TE2p,90,584,taskvec_a0p25,0,embedding,0.023662567776754743
01,TE2p,90,584,taskvec_a0p25,1,layer_1,0.046190791002225534
01,TE2p,90,584,taskvec_a0p25,2,layer_2,0.06246818340475607
01,TE2p,90,584,taskvec_a0p25,3,layer_3,0.07761038795161769
01,TE2p,90,584,taskvec_a0p25,4,layer_4,0.0693550400153417
01,TE2p,90,584,taskvec_a0p25,5,layer_5,0.07002198326728384
01,TE2p,90,584,taskvec_a0p25,6,layer_6,0.07958673382279546
01,TE2p,90,584,taskvec_a0p25,7,layer_7,0.07461875522873913
01,TE2p,90,584,taskvec_a0p25,8,layer_8,0.07448174683164896
01,TE2p,90,584,taskvec_a0p25,9,layer_9,0.07507426987869247
01,TE2p,90,584,taskvec_a0p25,10,layer_10,0.07317154303304292
01,TE2p,90,584,taskvec_a0p25,11,layer_11,0.07061380563262572
01,TE2p,90,584,taskvec_a0p25,12,layer_12,0.07208195664836548
01,TE2p,90,584,taskvec_a0p25,13,layer_13,0.06951803154297168
01,TE2p,90,584,taskvec_a0p25,14,layer_14,0.07194855626702239
01,TE2p,90,584,taskvec_a0p25,15,layer_15,0.07187958722005966
01,TE2p,90,584,taskvec_a0p25,16,layer_16,0.06549006237675481
01,TE2p,90,584,taskvec_a0p25,17,layer_17,0.06654601566615569
01,TE2p,90,584,taskvec_a0p25,18,layer_18,0.06553315271361798
01,TE2p,90,584,taskvec_a0p25,19,layer_19,0.07254338403569613
01,TE2p,90,584,taskvec_a0p25,20,layer_20,0.07206321794271331
01,TE2p,90,584,taskvec_a0p25,21,layer_21,0.07624299593592845
01,TE2p,90,584,taskvec_a0p25,22,layer_22,0.07816773999017489
01,TE2p,90,584,taskvec_a0p25,23,layer_23,0.07780226620786006
01,TE2p,90,584,taskvec_a0p25,24,layer_24,0.07702532807067017
01,TE2p,90,584,taskvec_a0p25,25,layer_25,0.07866003080933495
01,TE2p,90,584,taskvec_a0p25,26,layer_26,0.07693924677382076
01,TE2p,90,584,taskvec_a0p25,27,layer_27,0.0760039317826233
01,TE2p,90,584,taskvec_a0p25,28,layer_28,0.07572316034959149
01,TE2p,90,584,taskvec_a0p25,29,layer_29,0.07679219664219693
01,TE2p,90,584,taskvec_a0p25,30,layer_30,0.07440124352901255
01,TE2p,90,584,taskvec_a0p25,31,layer_31,0.076894042249941
01,TE2p,90,584,taskvec_a0p25,32,layer_32,0.07303733082480693
01,TE2p,90,584,taskvec_a0p5,0,embedding,0.023662567776754743
01,TE2p,90,584,taskvec_a0p5,1,layer_1,0.04223975261463972
01,TE2p,90,584,taskvec_a0p5,2,layer_2,0.06344474166785644
01,TE2p,90,584,taskvec_a0p5,3,layer_3,0.0786289936547696
01,TE2p,90,584,taskvec_a0p5,4,layer_4,0.07393279494117003
01,TE2p,90,584,taskvec_a0p5,5,layer_5,0.07244168674607288
01,TE2p,90,584,taskvec_a0p5,6,layer_6,0.08474763936066365
01,TE2p,90,584,taskvec_a0p5,7,layer_7,0.07884787776411016
01,TE2p,90,584,taskvec_a0p5,8,layer_8,0.08144450645474391
01,TE2p,90,584,taskvec_a0p5,9,layer_9,0.08154703518511738
01,TE2p,90,584,taskvec_a0p5,10,layer_10,0.08075482850062554
01,TE2p,90,584,taskvec_a0p5,11,layer_11,0.0790037438575867
01,TE2p,90,584,taskvec_a0p5,12,layer_12,0.08084271165716414
01,TE2p,90,584,taskvec_a0p5,13,layer_13,0.07795300953541122
01,TE2p,90,584,taskvec_a0p5,14,layer_14,0.07938600915652194
01,TE2p,90,584,taskvec_a0p5,15,layer_15,0.07931648401000553
01,TE2p,90,584,taskvec_a0p5,16,layer_16,0.07059925289771532
01,TE2p,90,584,taskvec_a0p5,17,layer_17,0.07019265390023859
01,TE2p,90,584,taskvec_a0p5,18,layer_18,0.07126771183382895
01,TE2p,90,584,taskvec_a0p5,19,layer_19,0.0758126966741012
01,TE2p,90,584,taskvec_a0p5,20,layer_20,0.07446331204738538
01,TE2p,90,584,taskvec_a0p5,21,layer_21,0.07738920976816942
01,TE2p,90,584,taskvec_a0p5,22,layer_22,0.07842501831854881
01,TE2p,90,584,taskvec_a0p5,23,layer_23,0.07851348615483313
01,TE2p,90,584,taskvec_a0p5,24,layer_24,0.07857036055019978
01,TE2p,90,584,taskvec_a0p5,25,layer_25,0.08057727751333411
01,TE2p,90,584,taskvec_a0p5,26,layer_26,0.07842416632994811
01,TE2p,90,584,taskvec_a0p5,27,layer_27,0.07814589407593162
01,TE2p,90,584,taskvec_a0p5,28,layer_28,0.07808127089934716
01,TE2p,90,584,taskvec_a0p5,29,layer_29,0.07638245868036014
01,TE2p,90,584,taskvec_a0p5,30,layer_30,0.07379860085240218
01,TE2p,90,584,taskvec_a0p5,31,layer_31,0.07617146475880847
01,TE2p,90,584,taskvec_a0p5,32,layer_32,0.07114217025810311
01,TE2p,90,584,taskvec_a1p0,0,embedding,0.023662567776754743
01,TE2p,90,584,taskvec_a1p0,1,layer_1,0.02864309723234819
01,TE2p,90,584,taskvec_a1p0,2,layer_2,0.05137384170575957
01,TE2p,90,584,taskvec_a1p0,3,layer_3,0.0663227227352949
01,TE2p,90,584,taskvec_a1p0,4,layer_4,0.06622799602375183
01,TE2p,90,584,taskvec_a1p0,5,layer_5,0.06870334084007956
01,TE2p,90,584,taskvec_a1p0,6,layer_6,0.08268729854665559
01,TE2p,90,584,taskvec_a1p0,7,layer_7,0.07998861017703542
01,TE2p,90,584,taskvec_a1p0,8,layer_8,0.08588703055934793
01,TE2p,90,584,taskvec_a1p0,9,layer_9,0.08417578483603043
01,TE2p,90,584,taskvec_a1p0,10,layer_10,0.08230294203693654
01,TE2p,90,584,taskvec_a1p0,11,layer_11,0.08235402361965327
01,TE2p,90,584,taskvec_a1p0,12,layer_12,0.08419028900329423
01,TE2p,90,584,taskvec_a1p0,13,layer_13,0.0831053673542749
01,TE2p,90,584,taskvec_a1p0,14,layer_14,0.08080424981702279
01,TE2p,90,584,taskvec_a1p0,15,layer_15,0.07798191718547141
01,TE2p,90,584,taskvec_a1p0,16,layer_16,0.07300404648259272
01,TE2p,90,584,taskvec_a1p0,17,layer_17,0.0701513131194452
01,TE2p,90,584,taskvec_a1p0,18,layer_18,0.07285783750524842
01,TE2p,90,584,taskvec_a1p0,19,layer_19,0.07351890836831966
01,TE2p,90,584,taskvec_a1p0,20,layer_20,0.07307046423371935
01,TE2p,90,584,taskvec_a1p0,21,layer_21,0.07591118476307548
01,TE2p,90,584,taskvec_a1p0,22,layer_22,0.07770276809863497
01,TE2p,90,584,taskvec_a1p0,23,layer_23,0.07867534400151206
01,TE2p,90,584,taskvec_a1p0,24,layer_24,0.07904918468174708
01,TE2p,90,584,taskvec_a1p0,25,layer_25,0.07989214586453561
01,TE2p,90,584,taskvec_a1p0,26,layer_26,0.07968758566177045
01,TE2p,90,584,taskvec_a1p0,27,layer_27,0.07932539131639359
01,TE2p,90,584,taskvec_a1p0,28,layer_28,0.07745634239769442
01,TE2p,90,584,taskvec_a1p0,29,layer_29,0.07432896497053072
01,TE2p,90,584,taskvec_a1p0,30,layer_30,0.07143734162475714
01,TE2p,90,584,taskvec_a1p0,31,layer_31,0.06915167513707905
01,TE2p,90,584,taskvec_a1p0,32,layer_32,0.05570064984314396
01,TF,90,859,base,0,embedding,0.03538491471162605
01,TF,90,859,base,1,layer_1,0.03266737282904044
01,TF,90,859,base,2,layer_2,0.03660965185476173
01,TF,90,859,base,3,layer_3,0.06696249201536215
01,TF,90,859,base,4,layer_4,0.062269717881244406
01,TF,90,859,base,5,layer_5,0.060500670120510025
01,TF,90,859,base,6,layer_6,0.06647353592553769
01,TF,90,859,base,7,layer_7,0.061127257767690374
01,TF,90,859,base,8,layer_8,0.05533413316401756
01,TF,90,859,base,9,layer_9,0.05527639501173582
01,TF,90,859,base,10,layer_10,0.0533012136432848
01,TF,90,859,base,11,layer_11,0.04870811040713491
01,TF,90,859,base,12,layer_12,0.045760033710131036
01,TF,90,859,base,13,layer_13,0.04945463585761566
01,TF,90,859,base,14,layer_14,0.05418486442680489
01,TF,90,859,base,15,layer_15,0.055228805069212995
01,TF,90,859,base,16,layer_16,0.05441897598774643
01,TF,90,859,base,17,layer_17,0.06092119887943007
01,TF,90,859,base,18,layer_18,0.06564216933438381
01,TF,90,859,base,19,layer_19,0.07131972087179725
01,TF,90,859,base,20,layer_20,0.07408098753328102
01,TF,90,859,base,21,layer_21,0.0857509064670233
01,TF,90,859,base,22,layer_22,0.0854987639804796
01,TF,90,859,base,23,layer_23,0.08880085865955377
01,TF,90,859,base,24,layer_24,0.08871517636460112
01,TF,90,859,base,25,layer_25,0.08910712325029052
01,TF,90,859,base,26,layer_26,0.09113230613171713
01,TF,90,859,base,27,layer_27,0.0904772131987489
01,TF,90,859,base,28,layer_28,0.08984900712814461
01,TF,90,859,base,29,layer_29,0.08594071536792287
01,TF,90,859,base,30,layer_30,0.08697785112264518
01,TF,90,859,base,31,layer_31,0.08564320752386968
01,TF,90,859,base,32,layer_32,0.0761458817509573
01,TF,90,859,scrambled,0,embedding,0.03538491471162605
01,TF,90,859,scrambled,1,layer_1,0.03649322829429075
01,TF,90,859,scrambled,2,layer_2,0.0308019113782379
01,TF,90,859,scrambled,3,layer_3,0.046690761673904936
01,TF,90,859,scrambled,4,layer_4,0.06264343303279282
01,TF,90,859,scrambled,5,layer_5,0.06765343496987604
01,TF,90,859,scrambled,6,layer_6,0.07109941522480019
01,TF,90,859,scrambled,7,layer_7,0.07076596115790133
01,TF,90,859,scrambled,8,layer_8,0.06486733716507034
01,TF,90,859,scrambled,9,layer_9,0.06295168086469899
01,TF,90,859,scrambled,10,layer_10,0.05919372334300504
01,TF,90,859,scrambled,11,layer_11,0.056951613441597576
01,TF,90,859,scrambled,12,layer_12,0.05781773578785926
01,TF,90,859,scrambled,13,layer_13,0.055638641660732124
01,TF,90,859,scrambled,14,layer_14,0.0638618910525657
01,TF,90,859,scrambled,15,layer_15,0.051099467192182065
01,TF,90,859,scrambled,16,layer_16,0.046259449776645895
01,TF,90,859,scrambled,17,layer_17,0.05373102629465277
01,TF,90,859,scrambled,18,layer_18,0.059077459495371965
01,TF,90,859,scrambled,19,layer_19,0.06115143100619942
01,TF,90,859,scrambled,20,layer_20,0.06145706552512075
01,TF,90,859,scrambled,21,layer_21,0.06731044315117643
01,TF,90,859,scrambled,22,layer_22,0.07023100440839002
01,TF,90,859,scrambled,23,layer_23,0.06820963539481269
01,TF,90,859,scrambled,24,layer_24,0.06673979796094377
01,TF,90,859,scrambled,25,layer_25,0.06564505294500189
01,TF,90,859,scrambled,26,layer_26,0.06483106908816659
01,TF,90,859,scrambled,27,layer_27,0.06649825181409828
01,TF,90,859,scrambled,28,layer_28,0.06851739848424597
01,TF,90,859,scrambled,29,layer_29,0.06416145069288949
01,TF,90,859,scrambled,30,layer_30,0.05593922944077489
01,TF,90,859,scrambled,31,layer_31,0.061299343026751926
01,TF,90,859,scrambled,32,layer_32,0.06403415152875233
01,TF,90,859,lowLR,0,embedding,0.03538491471162605
01,TF,90,859,lowLR,1,layer_1,0.03929923397744139
01,TF,90,859,lowLR,2,layer_2,0.038530395802913994
01,TF,90,859,lowLR,3,layer_3,0.06849353252950105
01,TF,90,859,lowLR,4,layer_4,0.07005753441100421
01,TF,90,859,lowLR,5,layer_5,0.06965042358525168
01,TF,90,859,lowLR,6,layer_6,0.07433169951583343
01,TF,90,859,lowLR,7,layer_7,0.07265991892815703
01,TF,90,859,lowLR,8,layer_8,0.07062644256067604
01,TF,90,859,lowLR,9,layer_9,0.07222705847016572
01,TF,90,859,lowLR,10,layer_10,0.07108612711668802
01,TF,90,859,lowLR,11,layer_11,0.06883480505351071
01,TF,90,859,lowLR,12,layer_12,0.06830481023629503
01,TF,90,859,lowLR,13,layer_13,0.06935160030516996
01,TF,90,859,lowLR,14,layer_14,0.07068120706539482
01,TF,90,859,lowLR,15,layer_15,0.06694625435671171
01,TF,90,859,lowLR,16,layer_16,0.06338972274338887
01,TF,90,859,lowLR,17,layer_17,0.07111659173341932
01,TF,90,859,lowLR,18,layer_18,0.07354374623639266
01,TF,90,859,lowLR,19,layer_19,0.07753747203617344
01,TF,90,859,lowLR,20,layer_20,0.07930224827238858
01,TF,90,859,lowLR,21,layer_21,0.08762152953786852
01,TF,90,859,lowLR,22,layer_22,0.08954912582056138
01,TF,90,859,lowLR,23,layer_23,0.09317561352486493
01,TF,90,859,lowLR,24,layer_24,0.09331495260859642
01,TF,90,859,lowLR,25,layer_25,0.09282267337095208
01,TF,90,859,lowLR,26,layer_26,0.09395209139020388
01,TF,90,859,lowLR,27,layer_27,0.09281829032764428
01,TF,90,859,lowLR,28,layer_28,0.09411198859834895
01,TF,90,859,lowLR,29,layer_29,0.09111622893309913
01,TF,90,859,lowLR,30,layer_30,0.09408341158188298
01,TF,90,859,lowLR,31,layer_31,0.09102496490796064
01,TF,90,859,lowLR,32,layer_32,0.07876170960589277
01,TF,90,859,lowrank,0,embedding,0.03538491471162605
01,TF,90,859,lowrank,1,layer_1,0.043419226131674316
01,TF,90,859,lowrank,2,layer_2,0.03948006010530202
01,TF,90,859,lowrank,3,layer_3,0.06521914849479682
01,TF,90,859,lowrank,4,layer_4,0.06864474733682159
01,TF,90,859,lowrank,5,layer_5,0.06785167390663642
01,TF,90,859,lowrank,6,layer_6,0.07176986468723022
01,TF,90,859,lowrank,7,layer_7,0.0672930385614169
01,TF,90,859,lowrank,8,layer_8,0.06895127830242014
01,TF,90,859,lowrank,9,layer_9,0.07194582545769249
01,TF,90,859,lowrank,10,layer_10,0.07393097103924123
01,TF,90,859,lowrank,11,layer_11,0.07285823108998458
01,TF,90,859,lowrank,12,layer_12,0.07295619371438228
01,TF,90,859,lowrank,13,layer_13,0.07385073429826526
01,TF,90,859,lowrank,14,layer_14,0.07367417184938095
01,TF,90,859,lowrank,15,layer_15,0.07020919996344502
01,TF,90,859,lowrank,16,layer_16,0.06530959714386822
01,TF,90,859,lowrank,17,layer_17,0.07204338142144916
01,TF,90,859,lowrank,18,layer_18,0.07150922379652319
01,TF,90,859,lowrank,19,layer_19,0.07555714473876557
01,TF,90,859,lowrank,20,layer_20,0.0784553305075892
01,TF,90,859,lowrank,21,layer_21,0.08558867857223694
01,TF,90,859,lowrank,22,layer_22,0.08695411779493523
01,TF,90,859,lowrank,23,layer_23,0.08946935813097245
01,TF,90,859,lowrank,24,layer_24,0.08930593080211349
01,TF,90,859,lowrank,25,layer_25,0.08871876868926239
01,TF,90,859,lowrank,26,layer_26,0.08880893116281607
01,TF,90,859,lowrank,27,layer_27,0.08839467173987865
01,TF,90,859,lowrank,28,layer_28,0.09028856973456928
01,TF,90,859,lowrank,29,layer_29,0.0875286676371566
01,TF,90,859,lowrank,30,layer_30,0.0907944210142598
01,TF,90,859,lowrank,31,layer_31,0.08885932289815231
01,TF,90,859,lowrank,32,layer_32,0.0736288057446769
01,TF,90,859,taskvec_a0p25,0,embedding,0.03538491471162605
01,TF,90,859,taskvec_a0p25,1,layer_1,0.03731337781386305
01,TF,90,859,taskvec_a0p25,2,layer_2,0.04570449641943525
01,TF,90,859,taskvec_a0p25,3,layer_3,0.07329678068738019
01,TF,90,859,taskvec_a0p25,4,layer_4,0.07185413422406248
01,TF,90,859,taskvec_a0p25,5,layer_5,0.07018680822357332
01,TF,90,859,taskvec_a0p25,6,layer_6,0.07640508653371382
01,TF,90,859,taskvec_a0p25,7,layer_7,0.07199715772418516
01,TF,90,859,taskvec_a0p25,8,layer_8,0.07058730264146858
01,TF,90,859,taskvec_a0p25,9,layer_9,0.07188528215022183
01,TF,90,859,taskvec_a0p25,10,layer_10,0.07008999908078258
01,TF,90,859,taskvec_a0p25,11,layer_11,0.06602366782489857
01,TF,90,859,taskvec_a0p25,12,layer_12,0.06488949447264783
01,TF,90,859,taskvec_a0p25,13,layer_13,0.06641918648739878
01,TF,90,859,taskvec_a0p25,14,layer_14,0.06949645779434804
01,TF,90,859,taskvec_a0p25,15,layer_15,0.06680665562286951
01,TF,90,859,taskvec_a0p25,16,layer_16,0.06146183953798375
01,TF,90,859,taskvec_a0p25,17,layer_17,0.06572287083037812
01,TF,90,859,taskvec_a0p25,18,layer_18,0.06908212234436382
01,TF,90,859,taskvec_a0p25,19,layer_19,0.07397120410409465
01,TF,90,859,taskvec_a0p25,20,layer_20,0.0749030392234126
01,TF,90,859,taskvec_a0p25,21,layer_21,0.08345050754414238
01,TF,90,859,taskvec_a0p25,22,layer_22,0.08304223296285765
01,TF,90,859,taskvec_a0p25,23,layer_23,0.08567890324973802
01,TF,90,859,taskvec_a0p25,24,layer_24,0.08427722863989813
01,TF,90,859,taskvec_a0p25,25,layer_25,0.08425883943450291
01,TF,90,859,taskvec_a0p25,26,layer_26,0.0860290005151365
01,TF,90,859,taskvec_a0p25,27,layer_27,0.08502611279681631
01,TF,90,859,taskvec_a0p25,28,layer_28,0.08545166980154947
01,TF,90,859,taskvec_a0p25,29,layer_29,0.08209596241817574
01,TF,90,859,taskvec_a0p25,30,layer_30,0.08263013274540927
01,TF,90,859,taskvec_a0p25,31,layer_31,0.08265971679334781
01,TF,90,859,taskvec_a0p25,32,layer_32,0.07700578837244626
01,TF,90,859,taskvec_a0p5,0,embedding,0.03538491471162605
01,TF,90,859,taskvec_a0p5,1,layer_1,0.04028591130971269
01,TF,90,859,taskvec_a0p5,2,layer_2,0.0474617220677905
01,TF,90,859,taskvec_a0p5,3,layer_3,0.0731201945150685
01,TF,90,859,taskvec_a0p5,4,layer_4,0.0718416297362485
01,TF,90,859,taskvec_a0p5,5,layer_5,0.0737275783279811
01,TF,90,859,taskvec_a0p5,6,layer_6,0.08089133534336516
01,TF,90,859,taskvec_a0p5,7,layer_7,0.0754973155624987
01,TF,90,859,taskvec_a0p5,8,layer_8,0.07420597207545998
01,TF,90,859,taskvec_a0p5,9,layer_9,0.07405051469740952
01,TF,90,859,taskvec_a0p5,10,layer_10,0.07450316030703877
01,TF,90,859,taskvec_a0p5,11,layer_11,0.07192591365657611
01,TF,90,859,taskvec_a0p5,12,layer_12,0.07180834838281254
01,TF,90,859,taskvec_a0p5,13,layer_13,0.07212556927422831
01,TF,90,859,taskvec_a0p5,14,layer_14,0.07391579869323929
01,TF,90,859,taskvec_a0p5,15,layer_15,0.07274681616146947
01,TF,90,859,taskvec_a0p5,16,layer_16,0.06643585247533258
01,TF,90,859,taskvec_a0p5,17,layer_17,0.06796142408566469
01,TF,90,859,taskvec_a0p5,18,layer_18,0.07127577144798504
01,TF,90,859,taskvec_a0p5,19,layer_19,0.07489681415870783
01,TF,90,859,taskvec_a0p5,20,layer_20,0.07412030453759995
01,TF,90,859,taskvec_a0p5,21,layer_21,0.07983722893212593
01,TF,90,859,taskvec_a0p5,22,layer_22,0.07930543262881834
01,TF,90,859,taskvec_a0p5,23,layer_23,0.08083800788059009
01,TF,90,859,taskvec_a0p5,24,layer_24,0.07928703987424895
01,TF,90,859,taskvec_a0p5,25,layer_25,0.07868317086456171
01,TF,90,859,taskvec_a0p5,26,layer_26,0.0791759970486263
01,TF,90,859,taskvec_a0p5,27,layer_27,0.07764000468931836
01,TF,90,859,taskvec_a0p5,28,layer_28,0.07865252262476652
01,TF,90,859,taskvec_a0p5,29,layer_29,0.0752847174142198
01,TF,90,859,taskvec_a0p5,30,layer_30,0.07448045941541655
01,TF,90,859,taskvec_a0p5,31,layer_31,0.07353343588541354
01,TF,90,859,taskvec_a0p5,32,layer_32,0.07032782606668968
01,TF,90,859,taskvec_a1p0,0,embedding,0.03538491471162605
01,TF,90,859,taskvec_a1p0,1,layer_1,0.03543789424238414
01,TF,90,859,taskvec_a1p0,2,layer_2,0.03731586036779931
01,TF,90,859,taskvec_a1p0,3,layer_3,0.06218917759247714
01,TF,90,859,taskvec_a1p0,4,layer_4,0.060735580245641005
01,TF,90,859,taskvec_a1p0,5,layer_5,0.06559426183417162
01,TF,90,859,taskvec_a1p0,6,layer_6,0.07421232397644184
01,TF,90,859,taskvec_a1p0,7,layer_7,0.06807219325127856
01,TF,90,859,taskvec_a1p0,8,layer_8,0.0662802699421928
01,TF,90,859,taskvec_a1p0,9,layer_9,0.06284496522959053
01,TF,90,859,taskvec_a1p0,10,layer_10,0.06444448351026687
01,TF,90,859,taskvec_a1p0,11,layer_11,0.06596538534137752
01,TF,90,859,taskvec_a1p0,12,layer_12,0.06473077222795343
01,TF,90,859,taskvec_a1p0,13,layer_13,0.0664578487624817
01,TF,90,859,taskvec_a1p0,14,layer_14,0.06576039998490592
01,TF,90,859,taskvec_a1p0,15,layer_15,0.061539475107886536
01,TF,90,859,taskvec_a1p0,16,layer_16,0.05684895675415514
01,TF,90,859,taskvec_a1p0,17,layer_17,0.05191058985423618
01,TF,90,859,taskvec_a1p0,18,layer_18,0.05745708776163095
01,TF,90,859,taskvec_a1p0,19,layer_19,0.05977903521531899
01,TF,90,859,taskvec_a1p0,20,layer_20,0.05982065115051031
01,TF,90,859,taskvec_a1p0,21,layer_21,0.062229078529347226
01,TF,90,859,taskvec_a1p0,22,layer_22,0.06307689591640071
01,TF,90,859,taskvec_a1p0,23,layer_23,0.06552534191525143
01,TF,90,859,taskvec_a1p0,24,layer_24,0.06371050084132147
01,TF,90,859,taskvec_a1p0,25,layer_25,0.06127470802200281
01,TF,90,859,taskvec_a1p0,26,layer_26,0.061258694521721335
01,TF,90,859,taskvec_a1p0,27,layer_27,0.05939219671205963
01,TF,90,859,taskvec_a1p0,28,layer_28,0.05927828876888433
01,TF,90,859,taskvec_a1p0,29,layer_29,0.05614594847543178
01,TF,90,859,taskvec_a1p0,30,layer_30,0.05245191550340569
01,TF,90,859,taskvec_a1p0,31,layer_31,0.05208957209271345
01,TF,90,859,taskvec_a1p0,32,layer_32,0.04314433437266043
01,PeEc,90,860,base,0,embedding,0.0294624025000784
01,PeEc,90,860,base,1,layer_1,0.02601852010267477
01,PeEc,90,860,base,2,layer_2,0.021568477913174355
01,PeEc,90,860,base,3,layer_3,0.0331755957042746
01,PeEc,90,860,base,4,layer_4,0.029752394049207258
01,PeEc,90,860,base,5,layer_5,0.032853022097806606
01,PeEc,90,860,base,6,layer_6,0.03509404576511781
01,PeEc,90,860,base,7,layer_7,0.027065432151062135
01,PeEc,90,860,base,8,layer_8,0.025740981220122063
01,PeEc,90,860,base,9,layer_9,0.02579137052707596
01,PeEc,90,860,base,10,layer_10,0.027496835953252453
01,PeEc,90,860,base,11,layer_11,0.028322466518543192
01,PeEc,90,860,base,12,layer_12,0.027005032678544885
01,PeEc,90,860,base,13,layer_13,0.026039677477128043
01,PeEc,90,860,base,14,layer_14,0.029125869166370215
01,PeEc,90,860,base,15,layer_15,0.02850984031236125
01,PeEc,90,860,base,16,layer_16,0.03177549244460114
01,PeEc,90,860,base,17,layer_17,0.028597062201711407
01,PeEc,90,860,base,18,layer_18,0.027929098468794544
01,PeEc,90,860,base,19,layer_19,0.030358974067568486
01,PeEc,90,860,base,20,layer_20,0.03232311077958338
01,PeEc,90,860,base,21,layer_21,0.0322478970540586
01,PeEc,90,860,base,22,layer_22,0.0392032687909098
01,PeEc,90,860,base,23,layer_23,0.03912764130639565
01,PeEc,90,860,base,24,layer_24,0.040702812999424264
01,PeEc,90,860,base,25,layer_25,0.03995979693500828
01,PeEc,90,860,base,26,layer_26,0.038877180381216465
01,PeEc,90,860,base,27,layer_27,0.03828741803128538
01,PeEc,90,860,base,28,layer_28,0.03865038404184741
01,PeEc,90,860,base,29,layer_29,0.039286591071834555
01,PeEc,90,860,base,30,layer_30,0.04035528608332325
01,PeEc,90,860,base,31,layer_31,0.038860945337746984
01,PeEc,90,860,base,32,layer_32,0.03572572498285053
01,PeEc,90,860,scrambled,0,embedding,0.0294624025000784
01,PeEc,90,860,scrambled,1,layer_1,0.03415670456906356
01,PeEc,90,860,scrambled,2,layer_2,0.032200346712847626
01,PeEc,90,860,scrambled,3,layer_3,0.030836652936649014
01,PeEc,90,860,scrambled,4,layer_4,0.02348980654107234
01,PeEc,90,860,scrambled,5,layer_5,0.021911336544443067
01,PeEc,90,860,scrambled,6,layer_6,0.026216422615083054
01,PeEc,90,860,scrambled,7,layer_7,0.02489185755017345
01,PeEc,90,860,scrambled,8,layer_8,0.02828571650114617
01,PeEc,90,860,scrambled,9,layer_9,0.029543383555623623
01,PeEc,90,860,scrambled,10,layer_10,0.03172991394984249
01,PeEc,90,860,scrambled,11,layer_11,0.03212601262212239
01,PeEc,90,860,scrambled,12,layer_12,0.030738873374919307
01,PeEc,90,860,scrambled,13,layer_13,0.026300202739476412
01,PeEc,90,860,scrambled,14,layer_14,0.027970433272031442
01,PeEc,90,860,scrambled,15,layer_15,0.02437986339718012
01,PeEc,90,860,scrambled,16,layer_16,0.029594853305915925
01,PeEc,90,860,scrambled,17,layer_17,0.02938557681106779
01,PeEc,90,860,scrambled,18,layer_18,0.031014132566859656
01,PeEc,90,860,scrambled,19,layer_19,0.02451258887503397
01,PeEc,90,860,scrambled,20,layer_20,0.025552238565864197
01,PeEc,90,860,scrambled,21,layer_21,0.0250972107131688
01,PeEc,90,860,scrambled,22,layer_22,0.03233232593013147
01,PeEc,90,860,scrambled,23,layer_23,0.0309630315570843
01,PeEc,90,860,scrambled,24,layer_24,0.03105597378121177
01,PeEc,90,860,scrambled,25,layer_25,0.03191271603372553
01,PeEc,90,860,scrambled,26,layer_26,0.029115000661052375
01,PeEc,90,860,scrambled,27,layer_27,0.03001886081592365
01,PeEc,90,860,scrambled,28,layer_28,0.029597478013617853
01,PeEc,90,860,scrambled,29,layer_29,0.024816099306610728
01,PeEc,90,860,scrambled,30,layer_30,0.020521924704975974
01,PeEc,90,860,scrambled,31,layer_31,0.018473004012672038
01,PeEc,90,860,scrambled,32,layer_32,0.012689748728387401
01,PeEc,90,860,lowLR,0,embedding,0.0294624025000784
01,PeEc,90,860,lowLR,1,layer_1,0.022339494533450792
01,PeEc,90,860,lowLR,2,layer_2,0.022575510506535317
01,PeEc,90,860,lowLR,3,layer_3,0.030771954106615037
01,PeEc,90,860,lowLR,4,layer_4,0.02871249572938613
01,PeEc,90,860,lowLR,5,layer_5,0.032679455151926225
01,PeEc,90,860,lowLR,6,layer_6,0.036929634750880416
01,PeEc,90,860,lowLR,7,layer_7,0.03340869294859658
01,PeEc,90,860,lowLR,8,layer_8,0.03573058361549782
01,PeEc,90,860,lowLR,9,layer_9,0.03731285926083617
01,PeEc,90,860,lowLR,10,layer_10,0.0377041936337824
01,PeEc,90,860,lowLR,11,layer_11,0.03809685726585658
01,PeEc,90,860,lowLR,12,layer_12,0.034655659429734274
01,PeEc,90,860,lowLR,13,layer_13,0.03224822077610311
01,PeEc,90,860,lowLR,14,layer_14,0.031853261201934824
01,PeEc,90,860,lowLR,15,layer_15,0.030016273094352605
01,PeEc,90,860,lowLR,16,layer_16,0.03218375656516199
01,PeEc,90,860,lowLR,17,layer_17,0.02779110769765238
01,PeEc,90,860,lowLR,18,layer_18,0.027625192584495206
01,PeEc,90,860,lowLR,19,layer_19,0.028413865599098986
01,PeEc,90,860,lowLR,20,layer_20,0.03067358444797904
01,PeEc,90,860,lowLR,21,layer_21,0.03149008354851276
01,PeEc,90,860,lowLR,22,layer_22,0.036563558542949015
01,PeEc,90,860,lowLR,23,layer_23,0.036092812331824604
01,PeEc,90,860,lowLR,24,layer_24,0.0363971882015042
01,PeEc,90,860,lowLR,25,layer_25,0.036034689561141454
01,PeEc,90,860,lowLR,26,layer_26,0.035190977634615546
01,PeEc,90,860,lowLR,27,layer_27,0.034542327386768594
01,PeEc,90,860,lowLR,28,layer_28,0.03470169221878736
01,PeEc,90,860,lowLR,29,layer_29,0.03464864943714086
01,PeEc,90,860,lowLR,30,layer_30,0.03586616561816683
01,PeEc,90,860,lowLR,31,layer_31,0.035257571350061835
01,PeEc,90,860,lowLR,32,layer_32,0.03228286202364411
01,PeEc,90,860,lowrank,0,embedding,0.0294624025000784
01,PeEc,90,860,lowrank,1,layer_1,0.02109987297486947
01,PeEc,90,860,lowrank,2,layer_2,0.019634227676097456
01,PeEc,90,860,lowrank,3,layer_3,0.029628494993929985
01,PeEc,90,860,lowrank,4,layer_4,0.02941721340247147
01,PeEc,90,860,lowrank,5,layer_5,0.0327761587534849
01,PeEc,90,860,lowrank,6,layer_6,0.03373477239195516
01,PeEc,90,860,lowrank,7,layer_7,0.03151993023534027
01,PeEc,90,860,lowrank,8,layer_8,0.036907059574743446
01,PeEc,90,860,lowrank,9,layer_9,0.03964672783018299
01,PeEc,90,860,lowrank,10,layer_10,0.040087329784245083
01,PeEc,90,860,lowrank,11,layer_11,0.04065976226387295
01,PeEc,90,860,lowrank,12,layer_12,0.04241958049056391
01,PeEc,90,860,lowrank,13,layer_13,0.038381586962087
01,PeEc,90,860,lowrank,14,layer_14,0.03595699178729128
01,PeEc,90,860,lowrank,15,layer_15,0.03271854687708435
01,PeEc,90,860,lowrank,16,layer_16,0.033259992450981254
01,PeEc,90,860,lowrank,17,layer_17,0.02724693486359975
01,PeEc,90,860,lowrank,18,layer_18,0.026714791675216207
01,PeEc,90,860,lowrank,19,layer_19,0.027700042239469053
01,PeEc,90,860,lowrank,20,layer_20,0.029399812175087463
01,PeEc,90,860,lowrank,21,layer_21,0.030949311010118677
01,PeEc,90,860,lowrank,22,layer_22,0.03652856760835242
01,PeEc,90,860,lowrank,23,layer_23,0.0364669358252018
01,PeEc,90,860,lowrank,24,layer_24,0.0364853424028706
01,PeEc,90,860,lowrank,25,layer_25,0.03661987048760821
01,PeEc,90,860,lowrank,26,layer_26,0.03628009571510052
01,PeEc,90,860,lowrank,27,layer_27,0.036297032934660765
01,PeEc,90,860,lowrank,28,layer_28,0.03643398603935327
01,PeEc,90,860,lowrank,29,layer_29,0.03640664152031932
01,PeEc,90,860,lowrank,30,layer_30,0.03759516842027907
01,PeEc,90,860,lowrank,31,layer_31,0.03721417335210129
01,PeEc,90,860,lowrank,32,layer_32,0.029986045711895143
01,PeEc,90,860,taskvec_a0p25,0,embedding,0.0294624025000784
01,PeEc,90,860,taskvec_a0p25,1,layer_1,0.026769811533676975
01,PeEc,90,860,taskvec_a0p25,2,layer_2,0.022137597705706218
01,PeEc,90,860,taskvec_a0p25,3,layer_3,0.03247952400627882
01,PeEc,90,860,taskvec_a0p25,4,layer_4,0.029358509874814077
01,PeEc,90,860,taskvec_a0p25,5,layer_5,0.03434571882854515
01,PeEc,90,860,taskvec_a0p25,6,layer_6,0.03389923103610999
01,PeEc,90,860,taskvec_a0p25,7,layer_7,0.03083610561663146
01,PeEc,90,860,taskvec_a0p25,8,layer_8,0.03004771485477393
01,PeEc,90,860,taskvec_a0p25,9,layer_9,0.031996512222802004
01,PeEc,90,860,taskvec_a0p25,10,layer_10,0.03077633528193643
01,PeEc,90,860,taskvec_a0p25,11,layer_11,0.029465003779935876
01,PeEc,90,860,taskvec_a0p25,12,layer_12,0.028665685671188653
01,PeEc,90,860,taskvec_a0p25,13,layer_13,0.02694281285327301
01,PeEc,90,860,taskvec_a0p25,14,layer_14,0.026408955974158734
01,PeEc,90,860,taskvec_a0p25,15,layer_15,0.026027880769364048
01,PeEc,90,860,taskvec_a0p25,16,layer_16,0.029930932640912615
01,PeEc,90,860,taskvec_a0p25,17,layer_17,0.026703204181929917
01,PeEc,90,860,taskvec_a0p25,18,layer_18,0.028443364093260034
01,PeEc,90,860,taskvec_a0p25,19,layer_19,0.030291764290204828
01,PeEc,90,860,taskvec_a0p25,20,layer_20,0.031333092740419954
01,PeEc,90,860,taskvec_a0p25,21,layer_21,0.03112376711752928
01,PeEc,90,860,taskvec_a0p25,22,layer_22,0.03714216079488396
01,PeEc,90,860,taskvec_a0p25,23,layer_23,0.03651880924735688
01,PeEc,90,860,taskvec_a0p25,24,layer_24,0.03774012509953543
01,PeEc,90,860,taskvec_a0p25,25,layer_25,0.03918523674451581
01,PeEc,90,860,taskvec_a0p25,26,layer_26,0.03814496071784298
01,PeEc,90,860,taskvec_a0p25,27,layer_27,0.037325741642300514
01,PeEc,90,860,taskvec_a0p25,28,layer_28,0.03712882150394422
01,PeEc,90,860,taskvec_a0p25,29,layer_29,0.03804497487736674
01,PeEc,90,860,taskvec_a0p25,30,layer_30,0.038101920256216906
01,PeEc,90,860,taskvec_a0p25,31,layer_31,0.036837962757510403
01,PeEc,90,860,taskvec_a0p25,32,layer_32,0.038123994438399235
01,PeEc,90,860,taskvec_a0p5,0,embedding,0.0294624025000784
01,PeEc,90,860,taskvec_a0p5,1,layer_1,0.0274697606110599
01,PeEc,90,860,taskvec_a0p5,2,layer_2,0.023760511208552628
01,PeEc,90,860,taskvec_a0p5,3,layer_3,0.034610447994304794
01,PeEc,90,860,taskvec_a0p5,4,layer_4,0.03214102413449461
01,PeEc,90,860,taskvec_a0p5,5,layer_5,0.03522246478710659
01,PeEc,90,860,taskvec_a0p5,6,layer_6,0.03442757772891786
01,PeEc,90,860,taskvec_a0p5,7,layer_7,0.03365710375869295
01,PeEc,90,860,taskvec_a0p5,8,layer_8,0.0333245465120686
01,PeEc,90,860,taskvec_a0p5,9,layer_9,0.03351958932408484
01,PeEc,90,860,taskvec_a0p5,10,layer_10,0.032658334576805184
01,PeEc,90,860,taskvec_a0p5,11,layer_11,0.03016575160830688
01,PeEc,90,860,taskvec_a0p5,12,layer_12,0.029891620680156977
01,PeEc,90,860,taskvec_a0p5,13,layer_13,0.028170914352877368
01,PeEc,90,860,taskvec_a0p5,14,layer_14,0.024954773387180957
01,PeEc,90,860,taskvec_a0p5,15,layer_15,0.025347230233159768
01,PeEc,90,860,taskvec_a0p5,16,layer_16,0.03014826277236034
01,PeEc,90,860,taskvec_a0p5,17,layer_17,0.028041929891402875
01,PeEc,90,860,taskvec_a0p5,18,layer_18,0.03162494282724051
01,PeEc,90,860,taskvec_a0p5,19,layer_19,0.031994828793451086
01,PeEc,90,860,taskvec_a0p5,20,layer_20,0.031958140793202805
01,PeEc,90,860,taskvec_a0p5,21,layer_21,0.03181088555667137
01,PeEc,90,860,taskvec_a0p5,22,layer_22,0.037032876118068554
01,PeEc,90,860,taskvec_a0p5,23,layer_23,0.03644938478530787
01,PeEc,90,860,taskvec_a0p5,24,layer_24,0.036858559175645345
01,PeEc,90,860,taskvec_a0p5,25,layer_25,0.03889659286956599
01,PeEc,90,860,taskvec_a0p5,26,layer_26,0.03811877229559695
01,PeEc,90,860,taskvec_a0p5,27,layer_27,0.03782005119437174
01,PeEc,90,860,taskvec_a0p5,28,layer_28,0.03764468052081576
01,PeEc,90,860,taskvec_a0p5,29,layer_29,0.03679671574963469
01,PeEc,90,860,taskvec_a0p5,30,layer_30,0.03509288126239104
01,PeEc,90,860,taskvec_a0p5,31,layer_31,0.033115325496416784
01,PeEc,90,860,taskvec_a0p5,32,layer_32,0.03848666493351152
01,PeEc,90,860,taskvec_a1p0,0,embedding,0.0294624025000784
01,PeEc,90,860,taskvec_a1p0,1,layer_1,0.03334410376936475
01,PeEc,90,860,taskvec_a1p0,2,layer_2,0.02322267738637566
01,PeEc,90,860,taskvec_a1p0,3,layer_3,0.038410568397610305
01,PeEc,90,860,taskvec_a1p0,4,layer_4,0.03665551185507207
01,PeEc,90,860,taskvec_a1p0,5,layer_5,0.038793363083893584
01,PeEc,90,860,taskvec_a1p0,6,layer_6,0.042129677405976444
01,PeEc,90,860,taskvec_a1p0,7,layer_7,0.04212837803463102
01,PeEc,90,860,taskvec_a1p0,8,layer_8,0.03774903035113843
01,PeEc,90,860,taskvec_a1p0,9,layer_9,0.036049727972517945
01,PeEc,90,860,taskvec_a1p0,10,layer_10,0.03555375198977212
01,PeEc,90,860,taskvec_a1p0,11,layer_11,0.03635228311584564
01,PeEc,90,860,taskvec_a1p0,12,layer_12,0.03422273882258063
01,PeEc,90,860,taskvec_a1p0,13,layer_13,0.03175070762734211
01,PeEc,90,860,taskvec_a1p0,14,layer_14,0.025512885322608942
01,PeEc,90,860,taskvec_a1p0,15,layer_15,0.02551910590414632
01,PeEc,90,860,taskvec_a1p0,16,layer_16,0.029838157975165945
01,PeEc,90,860,taskvec_a1p0,17,layer_17,0.029163392716938807
01,PeEc,90,860,taskvec_a1p0,18,layer_18,0.03343435254389049
01,PeEc,90,860,taskvec_a1p0,19,layer_19,0.03122017296205452
01,PeEc,90,860,taskvec_a1p0,20,layer_20,0.032137507276484206
01,PeEc,90,860,taskvec_a1p0,21,layer_21,0.031466744179136266
01,PeEc,90,860,taskvec_a1p0,22,layer_22,0.03610337766294842
01,PeEc,90,860,taskvec_a1p0,23,layer_23,0.034915956424143586
01,PeEc,90,860,taskvec_a1p0,24,layer_24,0.03393141588152443
01,PeEc,90,860,taskvec_a1p0,25,layer_25,0.03469176125584771
01,PeEc,90,860,taskvec_a1p0,26,layer_26,0.03410585629784921
01,PeEc,90,860,taskvec_a1p0,27,layer_27,0.03483278545011788
01,PeEc,90,860,taskvec_a1p0,28,layer_28,0.03259061427875623
01,PeEc,90,860,taskvec_a1p0,29,layer_29,0.029918923543094028
01,PeEc,90,860,taskvec_a1p0,30,layer_30,0.025412658698684715
01,PeEc,90,860,taskvec_a1p0,31,layer_31,0.022984680413705418
01,PeEc,90,860,taskvec_a1p0,32,layer_32,0.02169153674816529
01,EC,90,396,base,0,embedding,0.0013666083316042914
01,EC,90,396,base,1,layer_1,-0.01996238488073769
01,EC,90,396,base,2,layer_2,-0.006700881004593975
01,EC,90,396,base,3,layer_3,-0.006711206859860285
01,EC,90,396,base,4,layer_4,-0.003494481401216804
01,EC,90,396,base,5,layer_5,-0.012029689193157474
01,EC,90,396,base,6,layer_6,-0.008123062929617144
01,EC,90,396,base,7,layer_7,-0.005245280802731144
01,EC,90,396,base,8,layer_8,-0.005388496892252495
01,EC,90,396,base,9,layer_9,-0.003191802410390259
01,EC,90,396,base,10,layer_10,-0.0031816457946925174
01,EC,90,396,base,11,layer_11,-0.00564259833614229
01,EC,90,396,base,12,layer_12,-0.0029428026241794356
01,EC,90,396,base,13,layer_13,-0.0032616849027065167
01,EC,90,396,base,14,layer_14,-0.0032673293972356617
01,EC,90,396,base,15,layer_15,-0.004545696356295066
01,EC,90,396,base,16,layer_16,-0.00726872570960372
01,EC,90,396,base,17,layer_17,-0.00450672941262899
01,EC,90,396,base,18,layer_18,-0.007325171588888374
01,EC,90,396,base,19,layer_19,-0.004798383921272622
01,EC,90,396,base,20,layer_20,-0.005625194867174595
01,EC,90,396,base,21,layer_21,-0.005211184073228086
01,EC,90,396,base,22,layer_22,-0.0016386415748047458
01,EC,90,396,base,23,layer_23,-0.0001655368459095453
01,EC,90,396,base,24,layer_24,0.0014888839836811139
01,EC,90,396,base,25,layer_25,-0.00011114369688867494
01,EC,90,396,base,26,layer_26,0.0006405697122431011
01,EC,90,396,base,27,layer_27,0.0011192763474453299
01,EC,90,396,base,28,layer_28,0.0012914327767890121
01,EC,90,396,base,29,layer_29,0.0026949219486256627
01,EC,90,396,base,30,layer_30,0.0037308509841283716
01,EC,90,396,base,31,layer_31,0.00042565189844271224
01,EC,90,396,base,32,layer_32,-0.005505870884207874
01,EC,90,396,scrambled,0,embedding,0.0013666083316042914
01,EC,90,396,scrambled,1,layer_1,-0.009284097366019428
01,EC,90,396,scrambled,2,layer_2,0.013522831438654336
01,EC,90,396,scrambled,3,layer_3,0.007240093961135994
01,EC,90,396,scrambled,4,layer_4,0.006634143640992918
01,EC,90,396,scrambled,5,layer_5,0.0010341404385170198
01,EC,90,396,scrambled,6,layer_6,0.001815620211060758
01,EC,90,396,scrambled,7,layer_7,0.002593943833769489
01,EC,90,396,scrambled,8,layer_8,0.0037665769713765137
01,EC,90,396,scrambled,9,layer_9,0.0022269566088668896
01,EC,90,396,scrambled,10,layer_10,0.0036109417610200147
01,EC,90,396,scrambled,11,layer_11,0.0025004722222939845
01,EC,90,396,scrambled,12,layer_12,0.0016682939910458185
01,EC,90,396,scrambled,13,layer_13,0.0055514381710480825
01,EC,90,396,scrambled,14,layer_14,0.007598079172739655
01,EC,90,396,scrambled,15,layer_15,0.007148344446330053
01,EC,90,396,scrambled,16,layer_16,0.0010409176800039944
01,EC,90,396,scrambled,17,layer_17,0.001034296788979372
01,EC,90,396,scrambled,18,layer_18,-0.004866820031713142
01,EC,90,396,scrambled,19,layer_19,-0.005877767177390776
01,EC,90,396,scrambled,20,layer_20,-0.005406333920865495
01,EC,90,396,scrambled,21,layer_21,-0.01005888339606863
01,EC,90,396,scrambled,22,layer_22,-0.009251885248003432
01,EC,90,396,scrambled,23,layer_23,-0.010202094255228038
01,EC,90,396,scrambled,24,layer_24,-0.010064858150594715
01,EC,90,396,scrambled,25,layer_25,-0.013959288144078374
01,EC,90,396,scrambled,26,layer_26,-0.013590681001362731
01,EC,90,396,scrambled,27,layer_27,-0.011465606986370785
01,EC,90,396,scrambled,28,layer_28,-0.008344620314306236
01,EC,90,396,scrambled,29,layer_29,-0.007227679323468224
01,EC,90,396,scrambled,30,layer_30,-0.004002270716805656
01,EC,90,396,scrambled,31,layer_31,-0.007300242936675928
01,EC,90,396,scrambled,32,layer_32,-0.013390020593821633
01,EC,90,396,lowLR,0,embedding,0.0013666083316042914
01,EC,90,396,lowLR,1,layer_1,-0.023720062204470423
01,EC,90,396,lowLR,2,layer_2,-0.005466148900435673
01,EC,90,396,lowLR,3,layer_3,-0.006565271542524764
01,EC,90,396,lowLR,4,layer_4,-0.009265048014227615
01,EC,90,396,lowLR,5,layer_5,-0.014976671063327597
01,EC,90,396,lowLR,6,layer_6,-0.01123326683693998
01,EC,90,396,lowLR,7,layer_7,-0.011139673993146594
01,EC,90,396,lowLR,8,layer_8,-0.009457044140412346
01,EC,90,396,lowLR,9,layer_9,-0.009355386638899572
01,EC,90,396,lowLR,10,layer_10,-0.008647560636431264
01,EC,90,396,lowLR,11,layer_11,-0.008021414581237769
01,EC,90,396,lowLR,12,layer_12,-0.007637505454263465
01,EC,90,396,lowLR,13,layer_13,-0.007966621309528299
01,EC,90,396,lowLR,14,layer_14,-0.008068990887459814
01,EC,90,396,lowLR,15,layer_15,-0.007620395445960469
01,EC,90,396,lowLR,16,layer_16,-0.008747513039950788
01,EC,90,396,lowLR,17,layer_17,-0.0058176699450743444
01,EC,90,396,lowLR,18,layer_18,-0.010120089091519588
01,EC,90,396,lowLR,19,layer_19,-0.010044124809056065
01,EC,90,396,lowLR,20,layer_20,-0.010799842060254812
01,EC,90,396,lowLR,21,layer_21,-0.011392910746128113
01,EC,90,396,lowLR,22,layer_22,-0.008571183715770207
01,EC,90,396,lowLR,23,layer_23,-0.009339200910271272
01,EC,90,396,lowLR,24,layer_24,-0.008447758568644655
01,EC,90,396,lowLR,25,layer_25,-0.01024126032624521
01,EC,90,396,lowLR,26,layer_26,-0.009789231899325188
01,EC,90,396,lowLR,27,layer_27,-0.009049606977434338
01,EC,90,396,lowLR,28,layer_28,-0.008853826497585579
01,EC,90,396,lowLR,29,layer_29,-0.008094476386420494
01,EC,90,396,lowLR,30,layer_30,-0.007481476845969433
01,EC,90,396,lowLR,31,layer_31,-0.010195610287607123
01,EC,90,396,lowLR,32,layer_32,-0.021191432141860433
01,EC,90,396,lowrank,0,embedding,0.0013666083316042914
01,EC,90,396,lowrank,1,layer_1,-0.024173521508979
01,EC,90,396,lowrank,2,layer_2,-0.010394843366733846
01,EC,90,396,lowrank,3,layer_3,-0.006664893312450067
01,EC,90,396,lowrank,4,layer_4,-0.009978167516579001
01,EC,90,396,lowrank,5,layer_5,-0.01866823044775218
01,EC,90,396,lowrank,6,layer_6,-0.014997869346683205
01,EC,90,396,lowrank,7,layer_7,-0.015849863551345034
01,EC,90,396,lowrank,8,layer_8,-0.013509588535813246
01,EC,90,396,lowrank,9,layer_9,-0.011800032966597726
01,EC,90,396,lowrank,10,layer_10,-0.011380151651766701
01,EC,90,396,lowrank,11,layer_11,-0.010784510001414982
01,EC,90,396,lowrank,12,layer_12,-0.00967828322021751
01,EC,90,396,lowrank,13,layer_13,-0.009453577904833607
01,EC,90,396,lowrank,14,layer_14,-0.009199554542775667
01,EC,90,396,lowrank,15,layer_15,-0.008761401145297212
01,EC,90,396,lowrank,16,layer_16,-0.013068729733620039
01,EC,90,396,lowrank,17,layer_17,-0.00947437494470877
01,EC,90,396,lowrank,18,layer_18,-0.014100655300653058
01,EC,90,396,lowrank,19,layer_19,-0.012009134057522151
01,EC,90,396,lowrank,20,layer_20,-0.013338612860678079
01,EC,90,396,lowrank,21,layer_21,-0.014510722214896292
01,EC,90,396,lowrank,22,layer_22,-0.010811305706042253
01,EC,90,396,lowrank,23,layer_23,-0.011129936180001533
01,EC,90,396,lowrank,24,layer_24,-0.008788089814303304
01,EC,90,396,lowrank,25,layer_25,-0.010977694353753861
01,EC,90,396,lowrank,26,layer_26,-0.010090147697781193
01,EC,90,396,lowrank,27,layer_27,-0.009169212279154109
01,EC,90,396,lowrank,28,layer_28,-0.00825450043084266
01,EC,90,396,lowrank,29,layer_29,-0.008236200328399109
01,EC,90,396,lowrank,30,layer_30,-0.008416657902541437
01,EC,90,396,lowrank,31,layer_31,-0.011216227998919132
01,EC,90,396,lowrank,32,layer_32,-0.019108903572096422
01,EC,90,396,taskvec_a0p25,0,embedding,0.0013666083316042914
01,EC,90,396,taskvec_a0p25,1,layer_1,-0.02225249493448319
01,EC,90,396,taskvec_a0p25,2,layer_2,-0.007707834208532601
01,EC,90,396,taskvec_a0p25,3,layer_3,-0.007376924525920135
01,EC,90,396,taskvec_a0p25,4,layer_4,-0.009204487894879274
01,EC,90,396,taskvec_a0p25,5,layer_5,-0.016000913415465744
01,EC,90,396,taskvec_a0p25,6,layer_6,-0.015685468792325363
01,EC,90,396,taskvec_a0p25,7,layer_7,-0.013508647257462238
01,EC,90,396,taskvec_a0p25,8,layer_8,-0.012275510600495036
01,EC,90,396,taskvec_a0p25,9,layer_9,-0.01111606227135181
01,EC,90,396,taskvec_a0p25,10,layer_10,-0.009705202959142276
01,EC,90,396,taskvec_a0p25,11,layer_11,-0.010776602441352508
01,EC,90,396,taskvec_a0p25,12,layer_12,-0.008570747167346652
01,EC,90,396,taskvec_a0p25,13,layer_13,-0.008694980965788239
01,EC,90,396,taskvec_a0p25,14,layer_14,-0.008436176492518946
01,EC,90,396,taskvec_a0p25,15,layer_15,-0.00770881135222264
01,EC,90,396,taskvec_a0p25,16,layer_16,-0.00967694555515072
01,EC,90,396,taskvec_a0p25,17,layer_17,-0.007359341917055909
01,EC,90,396,taskvec_a0p25,18,layer_18,-0.01147568776182036
01,EC,90,396,taskvec_a0p25,19,layer_19,-0.01128796484134264
01,EC,90,396,taskvec_a0p25,20,layer_20,-0.01236602350829886
01,EC,90,396,taskvec_a0p25,21,layer_21,-0.012917827440425567
01,EC,90,396,taskvec_a0p25,22,layer_22,-0.009564564690864006
01,EC,90,396,taskvec_a0p25,23,layer_23,-0.009657459654935353
01,EC,90,396,taskvec_a0p25,24,layer_24,-0.008362108776655497
01,EC,90,396,taskvec_a0p25,25,layer_25,-0.009663579738803982
01,EC,90,396,taskvec_a0p25,26,layer_26,-0.009646766927138504
01,EC,90,396,taskvec_a0p25,27,layer_27,-0.009324015861961753
01,EC,90,396,taskvec_a0p25,28,layer_28,-0.007716131804157069
01,EC,90,396,taskvec_a0p25,29,layer_29,-0.005813494435056474
01,EC,90,396,taskvec_a0p25,30,layer_30,-0.00472024007226821
01,EC,90,396,taskvec_a0p25,31,layer_31,-0.007809817113277655
01,EC,90,396,taskvec_a0p25,32,layer_32,-0.011240840401032697
01,EC,90,396,taskvec_a0p5,0,embedding,0.0013666083316042914
01,EC,90,396,taskvec_a0p5,1,layer_1,-0.018851568270137047
01,EC,90,396,taskvec_a0p5,2,layer_2,-0.004414953932811978
01,EC,90,396,taskvec_a0p5,3,layer_3,-0.005226061464176203
01,EC,90,396,taskvec_a0p5,4,layer_4,-0.010326029549441623
01,EC,90,396,taskvec_a0p5,5,layer_5,-0.015741214737102927
01,EC,90,396,taskvec_a0p5,6,layer_6,-0.016241523701120822
01,EC,90,396,taskvec_a0p5,7,layer_7,-0.015940719421453378
01,EC,90,396,taskvec_a0p5,8,layer_8,-0.013255618411367935
01,EC,90,396,taskvec_a0p5,9,layer_9,-0.013729240387567506
01,EC,90,396,taskvec_a0p5,10,layer_10,-0.01226400641940254
01,EC,90,396,taskvec_a0p5,11,layer_11,-0.014406603080895017
01,EC,90,396,taskvec_a0p5,12,layer_12,-0.0122859886966536
01,EC,90,396,taskvec_a0p5,13,layer_13,-0.013059559414745736
01,EC,90,396,taskvec_a0p5,14,layer_14,-0.00973762615962238
01,EC,90,396,taskvec_a0p5,15,layer_15,-0.008974675878253097
01,EC,90,396,taskvec_a0p5,16,layer_16,-0.009863411881171758
01,EC,90,396,taskvec_a0p5,17,layer_17,-0.009091547568663356
01,EC,90,396,taskvec_a0p5,18,layer_18,-0.012454931815778187
01,EC,90,396,taskvec_a0p5,19,layer_19,-0.013438047271566656
01,EC,90,396,taskvec_a0p5,20,layer_20,-0.014505563770430515
01,EC,90,396,taskvec_a0p5,21,layer_21,-0.016511165297536302
01,EC,90,396,taskvec_a0p5,22,layer_22,-0.013611992111097386
01,EC,90,396,taskvec_a0p5,23,layer_23,-0.013678880408000213
01,EC,90,396,taskvec_a0p5,24,layer_24,-0.01315161359813483
01,EC,90,396,taskvec_a0p5,25,layer_25,-0.014225900240137314
01,EC,90,396,taskvec_a0p5,26,layer_26,-0.015913470169726236
01,EC,90,396,taskvec_a0p5,27,layer_27,-0.01545829119693043
01,EC,90,396,taskvec_a0p5,28,layer_28,-0.013917260131085463
01,EC,90,396,taskvec_a0p5,29,layer_29,-0.012185465436487781
01,EC,90,396,taskvec_a0p5,30,layer_30,-0.01082910705611486
01,EC,90,396,taskvec_a0p5,31,layer_31,-0.012303720931229108
01,EC,90,396,taskvec_a0p5,32,layer_32,-0.01362848045352379
01,EC,90,396,taskvec_a1p0,0,embedding,0.0013666083316042914
01,EC,90,396,taskvec_a1p0,1,layer_1,-0.010312830731079763
01,EC,90,396,taskvec_a1p0,2,layer_2,0.006065527270798017
01,EC,90,396,taskvec_a1p0,3,layer_3,0.004568510821490903
01,EC,90,396,taskvec_a1p0,4,layer_4,-0.0009184777089100381
01,EC,90,396,taskvec_a1p0,5,layer_5,-0.004866912497040339
01,EC,90,396,taskvec_a1p0,6,layer_6,-0.011178325433908353
01,EC,90,396,taskvec_a1p0,7,layer_7,-0.01186789504481506
01,EC,90,396,taskvec_a1p0,8,layer_8,-0.012291394836117079
01,EC,90,396,taskvec_a1p0,9,layer_9,-0.013906217903031672
01,EC,90,396,taskvec_a1p0,10,layer_10,-0.012977039433983234
01,EC,90,396,taskvec_a1p0,11,layer_11,-0.016019711336287035
01,EC,90,396,taskvec_a1p0,12,layer_12,-0.013411681203813232
01,EC,90,396,taskvec_a1p0,13,layer_13,-0.0157163791106136
01,EC,90,396,taskvec_a1p0,14,layer_14,-0.010519961096343714
01,EC,90,396,taskvec_a1p0,15,layer_15,-0.006589654742706065
01,EC,90,396,taskvec_a1p0,16,layer_16,-0.007291352628964189
01,EC,90,396,taskvec_a1p0,17,layer_17,-0.008610772698910156
01,EC,90,396,taskvec_a1p0,18,layer_18,-0.008291378778905914
01,EC,90,396,taskvec_a1p0,19,layer_19,-0.010797442818512339
01,EC,90,396,taskvec_a1p0,20,layer_20,-0.011696995209928058
01,EC,90,396,taskvec_a1p0,21,layer_21,-0.014378873009466445
01,EC,90,396,taskvec_a1p0,22,layer_22,-0.01334013041283596
01,EC,90,396,taskvec_a1p0,23,layer_23,-0.015306280814198714
01,EC,90,396,taskvec_a1p0,24,layer_24,-0.01680801486317931
01,EC,90,396,taskvec_a1p0,25,layer_25,-0.018317978886676405
01,EC,90,396,taskvec_a1p0,26,layer_26,-0.021191660783396776
01,EC,90,396,taskvec_a1p0,27,layer_27,-0.019796819641434742
01,EC,90,396,taskvec_a1p0,28,layer_28,-0.018233315391510685
01,EC,90,396,taskvec_a1p0,29,layer_29,-0.015983302413208115
01,EC,90,396,taskvec_a1p0,30,layer_30,-0.013795354590902843
01,EC,90,396,taskvec_a1p0,31,layer_31,-0.010951601012016008
01,EC,90,396,taskvec_a1p0,32,layer_32,-0.009981125286257476
02,Early Visual,90,7321,base,0,embedding,0.0449936171407411
02,Early Visual,90,7321,base,1,layer_1,0.033028312447947045
02,Early Visual,90,7321,base,2,layer_2,0.03428370765735505
02,Early Visual,90,7321,base,3,layer_3,0.04682554249720355
02,Early Visual,90,7321,base,4,layer_4,0.05049681218686138
02,Early Visual,90,7321,base,5,layer_5,0.06379952907352819
02,Early Visual,90,7321,base,6,layer_6,0.05916640927214954
02,Early Visual,90,7321,base,7,layer_7,0.056108085138135574
02,Early Visual,90,7321,base,8,layer_8,0.051130302230618055
02,Early Visual,90,7321,base,9,layer_9,0.04872136731987406
02,Early Visual,90,7321,base,10,layer_10,0.04651271996658412
02,Early Visual,90,7321,base,11,layer_11,0.04304587374308636
02,Early Visual,90,7321,base,12,layer_12,0.041312209194094236
02,Early Visual,90,7321,base,13,layer_13,0.04322449415259639
02,Early Visual,90,7321,base,14,layer_14,0.04483776324161814
02,Early Visual,90,7321,base,15,layer_15,0.050536444320487366
02,Early Visual,90,7321,base,16,layer_16,0.051443383477355
02,Early Visual,90,7321,base,17,layer_17,0.05358023309186452
02,Early Visual,90,7321,base,18,layer_18,0.06115638154377798
02,Early Visual,90,7321,base,19,layer_19,0.060790786155548
02,Early Visual,90,7321,base,20,layer_20,0.06203035746529496
02,Early Visual,90,7321,base,21,layer_21,0.0717288278278254
02,Early Visual,90,7321,base,22,layer_22,0.07541698691659145
02,Early Visual,90,7321,base,23,layer_23,0.07639943008407167
02,Early Visual,90,7321,base,24,layer_24,0.0761688045593648
02,Early Visual,90,7321,base,25,layer_25,0.07611388146259997
02,Early Visual,90,7321,base,26,layer_26,0.07568301190452234
02,Early Visual,90,7321,base,27,layer_27,0.07426032338158531
02,Early Visual,90,7321,base,28,layer_28,0.07441601836750687
02,Early Visual,90,7321,base,29,layer_29,0.0761622410155229
02,Early Visual,90,7321,base,30,layer_30,0.07518769158500574
02,Early Visual,90,7321,base,31,layer_31,0.07330629322136444
02,Early Visual,90,7321,base,32,layer_32,0.07174514730428053
02,Early Visual,90,7321,scrambled,0,embedding,0.0449936171407411
02,Early Visual,90,7321,scrambled,1,layer_1,0.04391423748623904
02,Early Visual,90,7321,scrambled,2,layer_2,0.03205842177553151
02,Early Visual,90,7321,scrambled,3,layer_3,0.036612038020599334
02,Early Visual,90,7321,scrambled,4,layer_4,0.03583535878632559
02,Early Visual,90,7321,scrambled,5,layer_5,0.03671503150599114
02,Early Visual,90,7321,scrambled,6,layer_6,0.04109144290164894
02,Early Visual,90,7321,scrambled,7,layer_7,0.039800317221825414
02,Early Visual,90,7321,scrambled,8,layer_8,0.03795220787036435
02,Early Visual,90,7321,scrambled,9,layer_9,0.036206480985941016
02,Early Visual,90,7321,scrambled,10,layer_10,0.0353064653338961
02,Early Visual,90,7321,scrambled,11,layer_11,0.03471477223321367
02,Early Visual,90,7321,scrambled,12,layer_12,0.03405389788231256
02,Early Visual,90,7321,scrambled,13,layer_13,0.03800511970616365
02,Early Visual,90,7321,scrambled,14,layer_14,0.035599151531432886
02,Early Visual,90,7321,scrambled,15,layer_15,0.041419415175634786
02,Early Visual,90,7321,scrambled,16,layer_16,0.037699543468418244
02,Early Visual,90,7321,scrambled,17,layer_17,0.04411119068795476
02,Early Visual,90,7321,scrambled,18,layer_18,0.04321414868347279
02,Early Visual,90,7321,scrambled,19,layer_19,0.04153397187048957
02,Early Visual,90,7321,scrambled,20,layer_20,0.042926434505358255
02,Early Visual,90,7321,scrambled,21,layer_21,0.04618000057873955
02,Early Visual,90,7321,scrambled,22,layer_22,0.04862000738859608
02,Early Visual,90,7321,scrambled,23,layer_23,0.05038020761850747
02,Early Visual,90,7321,scrambled,24,layer_24,0.05070112469462882
02,Early Visual,90,7321,scrambled,25,layer_25,0.051915322771398216
02,Early Visual,90,7321,scrambled,26,layer_26,0.05242810017109243
02,Early Visual,90,7321,scrambled,27,layer_27,0.05065190306597859
02,Early Visual,90,7321,scrambled,28,layer_28,0.0505717541203638
02,Early Visual,90,7321,scrambled,29,layer_29,0.047907201147565324
02,Early Visual,90,7321,scrambled,30,layer_30,0.04999885651212033
02,Early Visual,90,7321,scrambled,31,layer_31,0.04892315692519881
02,Early Visual,90,7321,scrambled,32,layer_32,0.04313169613701962
02,Early Visual,90,7321,lowLR,0,embedding,0.0449936171407411
02,Early Visual,90,7321,lowLR,1,layer_1,0.04285284630160575
02,Early Visual,90,7321,lowLR,2,layer_2,0.04467536853564554
02,Early Visual,90,7321,lowLR,3,layer_3,0.057586479817739664
02,Early Visual,90,7321,lowLR,4,layer_4,0.05916008837974205
02,Early Visual,90,7321,lowLR,5,layer_5,0.07361441122821524
02,Early Visual,90,7321,lowLR,6,layer_6,0.07319065029241338
02,Early Visual,90,7321,lowLR,7,layer_7,0.0743427805980045
02,Early Visual,90,7321,lowLR,8,layer_8,0.06949428065618948
02,Early Visual,90,7321,lowLR,9,layer_9,0.0714375556959995
02,Early Visual,90,7321,lowLR,10,layer_10,0.07102687701620763
02,Early Visual,90,7321,lowLR,11,layer_11,0.06846586447522122
02,Early Visual,90,7321,lowLR,12,layer_12,0.0663390678031638
02,Early Visual,90,7321,lowLR,13,layer_13,0.06716995189342849
02,Early Visual,90,7321,lowLR,14,layer_14,0.06783860603412176
02,Early Visual,90,7321,lowLR,15,layer_15,0.06972218676628354
02,Early Visual,90,7321,lowLR,16,layer_16,0.06698585062499865
02,Early Visual,90,7321,lowLR,17,layer_17,0.06655814636988942
02,Early Visual,90,7321,lowLR,18,layer_18,0.07068764452015419
02,Early Visual,90,7321,lowLR,19,layer_19,0.06757902746728496
02,Early Visual,90,7321,lowLR,20,layer_20,0.0671739152001904
02,Early Visual,90,7321,lowLR,21,layer_21,0.0746770950594429
02,Early Visual,90,7321,lowLR,22,layer_22,0.07636389874100724
02,Early Visual,90,7321,lowLR,23,layer_23,0.07755037216350864
02,Early Visual,90,7321,lowLR,24,layer_24,0.07711857533697807
02,Early Visual,90,7321,lowLR,25,layer_25,0.0784734417566069
02,Early Visual,90,7321,lowLR,26,layer_26,0.07854198023270258
02,Early Visual,90,7321,lowLR,27,layer_27,0.07803586033656658
02,Early Visual,90,7321,lowLR,28,layer_28,0.07916453097445654
02,Early Visual,90,7321,lowLR,29,layer_29,0.08116806912377601
02,Early Visual,90,7321,lowLR,30,layer_30,0.08096900845979475
02,Early Visual,90,7321,lowLR,31,layer_31,0.07757070631635189
02,Early Visual,90,7321,lowLR,32,layer_32,0.07420684050234108
02,Early Visual,90,7321,lowrank,0,embedding,0.0449936171407411
02,Early Visual,90,7321,lowrank,1,layer_1,0.04072287890941933
02,Early Visual,90,7321,lowrank,2,layer_2,0.04257034100359001
02,Early Visual,90,7321,lowrank,3,layer_3,0.054619842247389694
02,Early Visual,90,7321,lowrank,4,layer_4,0.05861029963135233
02,Early Visual,90,7321,lowrank,5,layer_5,0.07128712095980295
02,Early Visual,90,7321,lowrank,6,layer_6,0.07454700941998087
02,Early Visual,90,7321,lowrank,7,layer_7,0.07546217574938538
02,Early Visual,90,7321,lowrank,8,layer_8,0.07347866727112465
02,Early Visual,90,7321,lowrank,9,layer_9,0.07619550686467165
02,Early Visual,90,7321,lowrank,10,layer_10,0.07542704116663403
02,Early Visual,90,7321,lowrank,11,layer_11,0.07225268051893283
02,Early Visual,90,7321,lowrank,12,layer_12,0.06876138272695123
02,Early Visual,90,7321,lowrank,13,layer_13,0.07076364803033228
02,Early Visual,90,7321,lowrank,14,layer_14,0.06857485457058009
02,Early Visual,90,7321,lowrank,15,layer_15,0.070623120533648
02,Early Visual,90,7321,lowrank,16,layer_16,0.06629072356772941
02,Early Visual,90,7321,lowrank,17,layer_17,0.06774580204098847
02,Early Visual,90,7321,lowrank,18,layer_18,0.07010604228204795
02,Early Visual,90,7321,lowrank,19,layer_19,0.06645167786938279
02,Early Visual,90,7321,lowrank,20,layer_20,0.06456827870549985
02,Early Visual,90,7321,lowrank,21,layer_21,0.07106220512235085
02,Early Visual,90,7321,lowrank,22,layer_22,0.07348948963717822
02,Early Visual,90,7321,lowrank,23,layer_23,0.07413464562965032
02,Early Visual,90,7321,lowrank,24,layer_24,0.07422210120410012
02,Early Visual,90,7321,lowrank,25,layer_25,0.07538139691875381
02,Early Visual,90,7321,lowrank,26,layer_26,0.07574295932432885
02,Early Visual,90,7321,lowrank,27,layer_27,0.07496330625569352
02,Early Visual,90,7321,lowrank,28,layer_28,0.07599235848603371
02,Early Visual,90,7321,lowrank,29,layer_29,0.0777051378261922
02,Early Visual,90,7321,lowrank,30,layer_30,0.0785404585709746
02,Early Visual,90,7321,lowrank,31,layer_31,0.07531991849728728
02,Early Visual,90,7321,lowrank,32,layer_32,0.06956302647877646
02,Early Visual,90,7321,taskvec_a0p25,0,embedding,0.0449936171407411
02,Early Visual,90,7321,taskvec_a0p25,1,layer_1,0.03925270729278202
02,Early Visual,90,7321,taskvec_a0p25,2,layer_2,0.039738425041369506
02,Early Visual,90,7321,taskvec_a0p25,3,layer_3,0.051910607786905705
02,Early Visual,90,7321,taskvec_a0p25,4,layer_4,0.05622016917938205
02,Early Visual,90,7321,taskvec_a0p25,5,layer_5,0.0667302138830801
02,Early Visual,90,7321,taskvec_a0p25,6,layer_6,0.06488150434758612
02,Early Visual,90,7321,taskvec_a0p25,7,layer_7,0.06492545171661329
02,Early Visual,90,7321,taskvec_a0p25,8,layer_8,0.06232793050207378
02,Early Visual,90,7321,taskvec_a0p25,9,layer_9,0.0627242503439444
02,Early Visual,90,7321,taskvec_a0p25,10,layer_10,0.06135392297441359
02,Early Visual,90,7321,taskvec_a0p25,11,layer_11,0.05637126294118334
02,Early Visual,90,7321,taskvec_a0p25,12,layer_12,0.05424334211490556
02,Early Visual,90,7321,taskvec_a0p25,13,layer_13,0.05594013522738413
02,Early Visual,90,7321,taskvec_a0p25,14,layer_14,0.05477473381235716
02,Early Visual,90,7321,taskvec_a0p25,15,layer_15,0.05955334845987632
02,Early Visual,90,7321,taskvec_a0p25,16,layer_16,0.05667990323703383
02,Early Visual,90,7321,taskvec_a0p25,17,layer_17,0.058095686561414936
02,Early Visual,90,7321,taskvec_a0p25,18,layer_18,0.06362840097070212
02,Early Visual,90,7321,taskvec_a0p25,19,layer_19,0.06180494287547191
02,Early Visual,90,7321,taskvec_a0p25,20,layer_20,0.06003625862489252
02,Early Visual,90,7321,taskvec_a0p25,21,layer_21,0.06908613720755061
02,Early Visual,90,7321,taskvec_a0p25,22,layer_22,0.07209077111582905
02,Early Visual,90,7321,taskvec_a0p25,23,layer_23,0.07251728583719362
02,Early Visual,90,7321,taskvec_a0p25,24,layer_24,0.07135915985562864
02,Early Visual,90,7321,taskvec_a0p25,25,layer_25,0.07208698638856774
02,Early Visual,90,7321,taskvec_a0p25,26,layer_26,0.07304813096182222
02,Early Visual,90,7321,taskvec_a0p25,27,layer_27,0.07149759576793185
02,Early Visual,90,7321,taskvec_a0p25,28,layer_28,0.07197820999085394
02,Early Visual,90,7321,taskvec_a0p25,29,layer_29,0.07375905782172787
02,Early Visual,90,7321,taskvec_a0p25,30,layer_30,0.07327264929176669
02,Early Visual,90,7321,taskvec_a0p25,31,layer_31,0.07156366308480834
02,Early Visual,90,7321,taskvec_a0p25,32,layer_32,0.06752100836984748
02,Early Visual,90,7321,taskvec_a0p5,0,embedding,0.0449936171407411
02,Early Visual,90,7321,taskvec_a0p5,1,layer_1,0.04300395519409695
02,Early Visual,90,7321,taskvec_a0p5,2,layer_2,0.04248436506117401
02,Early Visual,90,7321,taskvec_a0p5,3,layer_3,0.05642071489255769
02,Early Visual,90,7321,taskvec_a0p5,4,layer_4,0.05992818421647089
02,Early Visual,90,7321,taskvec_a0p5,5,layer_5,0.06794141253407411
02,Early Visual,90,7321,taskvec_a0p5,6,layer_6,0.06869108834363201
02,Early Visual,90,7321,taskvec_a0p5,7,layer_7,0.06934237021073059
02,Early Visual,90,7321,taskvec_a0p5,8,layer_8,0.06696180889273273
02,Early Visual,90,7321,taskvec_a0p5,9,layer_9,0.06914423065084714
02,Early Visual,90,7321,taskvec_a0p5,10,layer_10,0.06756853592162426
02,Early Visual,90,7321,taskvec_a0p5,11,layer_11,0.06277119676514965
02,Early Visual,90,7321,taskvec_a0p5,12,layer_12,0.060233462136786924
02,Early Visual,90,7321,taskvec_a0p5,13,layer_13,0.06026272918743202
02,Early Visual,90,7321,taskvec_a0p5,14,layer_14,0.05654268338388226
02,Early Visual,90,7321,taskvec_a0p5,15,layer_15,0.06207886047957402
02,Early Visual,90,7321,taskvec_a0p5,16,layer_16,0.0579091300116504
02,Early Visual,90,7321,taskvec_a0p5,17,layer_17,0.05712869294911962
02,Early Visual,90,7321,taskvec_a0p5,18,layer_18,0.06176065590651577
02,Early Visual,90,7321,taskvec_a0p5,19,layer_19,0.060544237541101796
02,Early Visual,90,7321,taskvec_a0p5,20,layer_20,0.0580976115214084
02,Early Visual,90,7321,taskvec_a0p5,21,layer_21,0.06612594437710696
02,Early Visual,90,7321,taskvec_a0p5,22,layer_22,0.06829938541696748
02,Early Visual,90,7321,taskvec_a0p5,23,layer_23,0.06760637815067408
02,Early Visual,90,7321,taskvec_a0p5,24,layer_24,0.06629637478700963
02,Early Visual,90,7321,taskvec_a0p5,25,layer_25,0.06736169154507939
02,Early Visual,90,7321,taskvec_a0p5,26,layer_26,0.06809887631632543
02,Early Visual,90,7321,taskvec_a0p5,27,layer_27,0.06642515470397244
02,Early Visual,90,7321,taskvec_a0p5,28,layer_28,0.06658712276184943
02,Early Visual,90,7321,taskvec_a0p5,29,layer_29,0.06770591044405043
02,Early Visual,90,7321,taskvec_a0p5,30,layer_30,0.06865549591741203
02,Early Visual,90,7321,taskvec_a0p5,31,layer_31,0.06612941621664492
02,Early Visual,90,7321,taskvec_a0p5,32,layer_32,0.05774115768506205
02,Early Visual,90,7321,taskvec_a1p0,0,embedding,0.0449936171407411
02,Early Visual,90,7321,taskvec_a1p0,1,layer_1,0.04800587099161709
02,Early Visual,90,7321,taskvec_a1p0,2,layer_2,0.03987660373194432
02,Early Visual,90,7321,taskvec_a1p0,3,layer_3,0.054660447228336975
02,Early Visual,90,7321,taskvec_a1p0,4,layer_4,0.057183701039266
02,Early Visual,90,7321,taskvec_a1p0,5,layer_5,0.061580467696013476
02,Early Visual,90,7321,taskvec_a1p0,6,layer_6,0.07135780631267738
02,Early Visual,90,7321,taskvec_a1p0,7,layer_7,0.0759634196406005
02,Early Visual,90,7321,taskvec_a1p0,8,layer_8,0.06979742160005474
02,Early Visual,90,7321,taskvec_a1p0,9,layer_9,0.07446990361102339
02,Early Visual,90,7321,taskvec_a1p0,10,layer_10,0.07208317438870486
02,Early Visual,90,7321,taskvec_a1p0,11,layer_11,0.06812906278988057
02,Early Visual,90,7321,taskvec_a1p0,12,layer_12,0.06433623425831743
02,Early Visual,90,7321,taskvec_a1p0,13,layer_13,0.06344103072605824
02,Early Visual,90,7321,taskvec_a1p0,14,layer_14,0.05747768530055774
02,Early Visual,90,7321,taskvec_a1p0,15,layer_15,0.06482732545660626
02,Early Visual,90,7321,taskvec_a1p0,16,layer_16,0.06160042152682405
02,Early Visual,90,7321,taskvec_a1p0,17,layer_17,0.060395595137863765
02,Early Visual,90,7321,taskvec_a1p0,18,layer_18,0.062030650365563725
02,Early Visual,90,7321,taskvec_a1p0,19,layer_19,0.06094344061999321
02,Early Visual,90,7321,taskvec_a1p0,20,layer_20,0.05995894266746416
02,Early Visual,90,7321,taskvec_a1p0,21,layer_21,0.0627983273997399
02,Early Visual,90,7321,taskvec_a1p0,22,layer_22,0.06257350701639325
02,Early Visual,90,7321,taskvec_a1p0,23,layer_23,0.06251469215674593
02,Early Visual,90,7321,taskvec_a1p0,24,layer_24,0.05942600932083002
02,Early Visual,90,7321,taskvec_a1p0,25,layer_25,0.059135537807978596
02,Early Visual,90,7321,taskvec_a1p0,26,layer_26,0.05999174656357422
02,Early Visual,90,7321,taskvec_a1p0,27,layer_27,0.058119927421031954
02,Early Visual,90,7321,taskvec_a1p0,28,layer_28,0.055211279620732856
02,Early Visual,90,7321,taskvec_a1p0,29,layer_29,0.055209444324086976
02,Early Visual,90,7321,taskvec_a1p0,30,layer_30,0.0567891836174805
02,Early Visual,90,7321,taskvec_a1p0,31,layer_31,0.05384463386561364
02,Early Visual,90,7321,taskvec_a1p0,32,layer_32,0.04448656442463485
02,Ventral Visual,90,4635,base,0,embedding,0.09195970524439592
02,Ventral Visual,90,4635,base,1,layer_1,0.0871665052343473
02,Ventral Visual,90,4635,base,2,layer_2,0.09533799851357223
02,Ventral Visual,90,4635,base,3,layer_3,0.16501714089545824
02,Ventral Visual,90,4635,base,4,layer_4,0.16075789054130532
02,Ventral Visual,90,4635,base,5,layer_5,0.17351409344655433
02,Ventral Visual,90,4635,base,6,layer_6,0.18918084202629296
02,Ventral Visual,90,4635,base,7,layer_7,0.174865152162689
02,Ventral Visual,90,4635,base,8,layer_8,0.1447917924697138
02,Ventral Visual,90,4635,base,9,layer_9,0.1452919773994342
02,Ventral Visual,90,4635,base,10,layer_10,0.13889573079383868
02,Ventral Visual,90,4635,base,11,layer_11,0.12895439118968993
02,Ventral Visual,90,4635,base,12,layer_12,0.12138900346027857
02,Ventral Visual,90,4635,base,13,layer_13,0.12356328229204311
02,Ventral Visual,90,4635,base,14,layer_14,0.13049420059242406
02,Ventral Visual,90,4635,base,15,layer_15,0.13595452399044763
02,Ventral Visual,90,4635,base,16,layer_16,0.14147712474772448
02,Ventral Visual,90,4635,base,17,layer_17,0.15505102562718387
02,Ventral Visual,90,4635,base,18,layer_18,0.1698702926838252
02,Ventral Visual,90,4635,base,19,layer_19,0.1884731843294
02,Ventral Visual,90,4635,base,20,layer_20,0.181695757911771
02,Ventral Visual,90,4635,base,21,layer_21,0.1889498204884676
02,Ventral Visual,90,4635,base,22,layer_22,0.19532672091923103
02,Ventral Visual,90,4635,base,23,layer_23,0.20106490486706682
02,Ventral Visual,90,4635,base,24,layer_24,0.20567532545801098
02,Ventral Visual,90,4635,base,25,layer_25,0.20933941890428512
02,Ventral Visual,90,4635,base,26,layer_26,0.21140168094231382
02,Ventral Visual,90,4635,base,27,layer_27,0.21259605912289808
02,Ventral Visual,90,4635,base,28,layer_28,0.21275769000922842
02,Ventral Visual,90,4635,base,29,layer_29,0.2156685297047787
02,Ventral Visual,90,4635,base,30,layer_30,0.21875475557817217
02,Ventral Visual,90,4635,base,31,layer_31,0.21571579218928422
02,Ventral Visual,90,4635,base,32,layer_32,0.21187822781163107
02,Ventral Visual,90,4635,scrambled,0,embedding,0.09195970524439592
02,Ventral Visual,90,4635,scrambled,1,layer_1,0.0809277814393736
02,Ventral Visual,90,4635,scrambled,2,layer_2,0.06253907647771909
02,Ventral Visual,90,4635,scrambled,3,layer_3,0.09507461074885219
02,Ventral Visual,90,4635,scrambled,4,layer_4,0.09673562258168496
02,Ventral Visual,90,4635,scrambled,5,layer_5,0.10710823952534422
02,Ventral Visual,90,4635,scrambled,6,layer_6,0.12829498507610554
02,Ventral Visual,90,4635,scrambled,7,layer_7,0.1317014247287377
02,Ventral Visual,90,4635,scrambled,8,layer_8,0.1266307448023638
02,Ventral Visual,90,4635,scrambled,9,layer_9,0.11997236534531716
02,Ventral Visual,90,4635,scrambled,10,layer_10,0.12066586781480733
02,Ventral Visual,90,4635,scrambled,11,layer_11,0.12332629944919378
02,Ventral Visual,90,4635,scrambled,12,layer_12,0.11745346468991341
02,Ventral Visual,90,4635,scrambled,13,layer_13,0.10934824196448614
02,Ventral Visual,90,4635,scrambled,14,layer_14,0.10522712248045597
02,Ventral Visual,90,4635,scrambled,15,layer_15,0.09326129899539448
02,Ventral Visual,90,4635,scrambled,16,layer_16,0.08936729210083225
02,Ventral Visual,90,4635,scrambled,17,layer_17,0.09822800773229064
02,Ventral Visual,90,4635,scrambled,18,layer_18,0.10531999689667683
02,Ventral Visual,90,4635,scrambled,19,layer_19,0.11538673386800075
02,Ventral Visual,90,4635,scrambled,20,layer_20,0.11465931044652851
02,Ventral Visual,90,4635,scrambled,21,layer_21,0.11785643045382649
02,Ventral Visual,90,4635,scrambled,22,layer_22,0.12337114550648186
02,Ventral Visual,90,4635,scrambled,23,layer_23,0.12242032548090316
02,Ventral Visual,90,4635,scrambled,24,layer_24,0.12533935181368527
02,Ventral Visual,90,4635,scrambled,25,layer_25,0.12705162885229865
02,Ventral Visual,90,4635,scrambled,26,layer_26,0.12766294197462053
02,Ventral Visual,90,4635,scrambled,27,layer_27,0.12766543835165622
02,Ventral Visual,90,4635,scrambled,28,layer_28,0.127137000314313
02,Ventral Visual,90,4635,scrambled,29,layer_29,0.12165558099858896
02,Ventral Visual,90,4635,scrambled,30,layer_30,0.1205498051493104
02,Ventral Visual,90,4635,scrambled,31,layer_31,0.12408501948854343
02,Ventral Visual,90,4635,scrambled,32,layer_32,0.11678316130402049
02,Ventral Visual,90,4635,lowLR,0,embedding,0.09195970524439592
02,Ventral Visual,90,4635,lowLR,1,layer_1,0.09234954659794928
02,Ventral Visual,90,4635,lowLR,2,layer_2,0.10051230704071669
02,Ventral Visual,90,4635,lowLR,3,layer_3,0.16730208185721546
02,Ventral Visual,90,4635,lowLR,4,layer_4,0.17845602390414386
02,Ventral Visual,90,4635,lowLR,5,layer_5,0.19243781399929202
02,Ventral Visual,90,4635,lowLR,6,layer_6,0.21455165614825006
02,Ventral Visual,90,4635,lowLR,7,layer_7,0.20969800784909587
02,Ventral Visual,90,4635,lowLR,8,layer_8,0.19405579975399403
02,Ventral Visual,90,4635,lowLR,9,layer_9,0.2027239089881082
02,Ventral Visual,90,4635,lowLR,10,layer_10,0.20045934962604903
02,Ventral Visual,90,4635,lowLR,11,layer_11,0.1912886268930854
02,Ventral Visual,90,4635,lowLR,12,layer_12,0.18458206982499195
02,Ventral Visual,90,4635,lowLR,13,layer_13,0.18268086202588943
02,Ventral Visual,90,4635,lowLR,14,layer_14,0.17994797904427842
02,Ventral Visual,90,4635,lowLR,15,layer_15,0.17330883499046984
02,Ventral Visual,90,4635,lowLR,16,layer_16,0.16382375629684442
02,Ventral Visual,90,4635,lowLR,17,layer_17,0.1766097293014782
02,Ventral Visual,90,4635,lowLR,18,layer_18,0.17927762821153076
02,Ventral Visual,90,4635,lowLR,19,layer_19,0.1977532559979115
02,Ventral Visual,90,4635,lowLR,20,layer_20,0.1921994550108559
02,Ventral Visual,90,4635,lowLR,21,layer_21,0.1965707608260633
02,Ventral Visual,90,4635,lowLR,22,layer_22,0.20287734464446924
02,Ventral Visual,90,4635,lowLR,23,layer_23,0.2065899102832467
02,Ventral Visual,90,4635,lowLR,24,layer_24,0.21111892290573708
02,Ventral Visual,90,4635,lowLR,25,layer_25,0.21579243922077987
02,Ventral Visual,90,4635,lowLR,26,layer_26,0.21675790239181109
02,Ventral Visual,90,4635,lowLR,27,layer_27,0.21903192777499297
02,Ventral Visual,90,4635,lowLR,28,layer_28,0.221555292357516
02,Ventral Visual,90,4635,lowLR,29,layer_29,0.2204487706212647
02,Ventral Visual,90,4635,lowLR,30,layer_30,0.22903432961323658
02,Ventral Visual,90,4635,lowLR,31,layer_31,0.22599104071502216
02,Ventral Visual,90,4635,lowLR,32,layer_32,0.22317538333289988
02,Ventral Visual,90,4635,lowrank,0,embedding,0.09195970524439592
02,Ventral Visual,90,4635,lowrank,1,layer_1,0.08644462935890963
02,Ventral Visual,90,4635,lowrank,2,layer_2,0.09943764979021084
02,Ventral Visual,90,4635,lowrank,3,layer_3,0.16949703369455765
02,Ventral Visual,90,4635,lowrank,4,layer_4,0.1791927659626112
02,Ventral Visual,90,4635,lowrank,5,layer_5,0.19319034950924197
02,Ventral Visual,90,4635,lowrank,6,layer_6,0.2177186845757024
02,Ventral Visual,90,4635,lowrank,7,layer_7,0.21174914229209194
02,Ventral Visual,90,4635,lowrank,8,layer_8,0.20485922162340123
02,Ventral Visual,90,4635,lowrank,9,layer_9,0.21260585839279597
02,Ventral Visual,90,4635,lowrank,10,layer_10,0.2134318121197353
02,Ventral Visual,90,4635,lowrank,11,layer_11,0.2056426790331551
02,Ventral Visual,90,4635,lowrank,12,layer_12,0.19827071232996052
02,Ventral Visual,90,4635,lowrank,13,layer_13,0.19548840522997266
02,Ventral Visual,90,4635,lowrank,14,layer_14,0.18816609464906683
02,Ventral Visual,90,4635,lowrank,15,layer_15,0.18362074144187493
02,Ventral Visual,90,4635,lowrank,16,layer_16,0.16986197790272578
02,Ventral Visual,90,4635,lowrank,17,layer_17,0.18281278240160143
02,Ventral Visual,90,4635,lowrank,18,layer_18,0.18314474394736024
02,Ventral Visual,90,4635,lowrank,19,layer_19,0.20050182707657171
02,Ventral Visual,90,4635,lowrank,20,layer_20,0.19464246516925926
02,Ventral Visual,90,4635,lowrank,21,layer_21,0.19907408919957512
02,Ventral Visual,90,4635,lowrank,22,layer_22,0.20642501340948052
02,Ventral Visual,90,4635,lowrank,23,layer_23,0.20961397666732923
02,Ventral Visual,90,4635,lowrank,24,layer_24,0.21380727084979695
02,Ventral Visual,90,4635,lowrank,25,layer_25,0.2172914026723201
02,Ventral Visual,90,4635,lowrank,26,layer_26,0.21792370561071445
02,Ventral Visual,90,4635,lowrank,27,layer_27,0.2199747341388812
02,Ventral Visual,90,4635,lowrank,28,layer_28,0.22258551506813945
02,Ventral Visual,90,4635,lowrank,29,layer_29,0.22148160496368527
02,Ventral Visual,90,4635,lowrank,30,layer_30,0.23597093425104218
02,Ventral Visual,90,4635,lowrank,31,layer_31,0.2335199916883571
02,Ventral Visual,90,4635,lowrank,32,layer_32,0.22772137240266507
02,Ventral Visual,90,4635,taskvec_a0p25,0,embedding,0.09195970524439592
02,Ventral Visual,90,4635,taskvec_a0p25,1,layer_1,0.09072709579533614
02,Ventral Visual,90,4635,taskvec_a0p25,2,layer_2,0.10469142862350804
02,Ventral Visual,90,4635,taskvec_a0p25,3,layer_3,0.1747634976499545
02,Ventral Visual,90,4635,taskvec_a0p25,4,layer_4,0.1742707594480497
02,Ventral Visual,90,4635,taskvec_a0p25,5,layer_5,0.18892386425693208
02,Ventral Visual,90,4635,taskvec_a0p25,6,layer_6,0.2096311359904734
02,Ventral Visual,90,4635,taskvec_a0p25,7,layer_7,0.1984908498581809
02,Ventral Visual,90,4635,taskvec_a0p25,8,layer_8,0.18262064972561026
02,Ventral Visual,90,4635,taskvec_a0p25,9,layer_9,0.18688498810114143
02,Ventral Visual,90,4635,taskvec_a0p25,10,layer_10,0.17987765122400248
02,Ventral Visual,90,4635,taskvec_a0p25,11,layer_11,0.1691295467832909
02,Ventral Visual,90,4635,taskvec_a0p25,12,layer_12,0.16366629998653875
02,Ventral Visual,90,4635,taskvec_a0p25,13,layer_13,0.16068335676283307
02,Ventral Visual,90,4635,taskvec_a0p25,14,layer_14,0.1604884781468221
02,Ventral Visual,90,4635,taskvec_a0p25,15,layer_15,0.15351063565427414
02,Ventral Visual,90,4635,taskvec_a0p25,16,layer_16,0.1502241564075779
02,Ventral Visual,90,4635,taskvec_a0p25,17,layer_17,0.16355319453032435
02,Ventral Visual,90,4635,taskvec_a0p25,18,layer_18,0.1730583604289899
02,Ventral Visual,90,4635,taskvec_a0p25,19,layer_19,0.19121135147096208
02,Ventral Visual,90,4635,taskvec_a0p25,20,layer_20,0.18160517551487276
02,Ventral Visual,90,4635,taskvec_a0p25,21,layer_21,0.186611026972956
02,Ventral Visual,90,4635,taskvec_a0p25,22,layer_22,0.1937446046131333
02,Ventral Visual,90,4635,taskvec_a0p25,23,layer_23,0.1974698155858999
02,Ventral Visual,90,4635,taskvec_a0p25,24,layer_24,0.2010525281495231
02,Ventral Visual,90,4635,taskvec_a0p25,25,layer_25,0.20489288479325898
02,Ventral Visual,90,4635,taskvec_a0p25,26,layer_26,0.20729298076591746
02,Ventral Visual,90,4635,taskvec_a0p25,27,layer_27,0.20883753279934292
02,Ventral Visual,90,4635,taskvec_a0p25,28,layer_28,0.21078547518999202
02,Ventral Visual,90,4635,taskvec_a0p25,29,layer_29,0.21084100500874217
02,Ventral Visual,90,4635,taskvec_a0p25,30,layer_30,0.2141496148508103
02,Ventral Visual,90,4635,taskvec_a0p25,31,layer_31,0.2119034043456399
02,Ventral Visual,90,4635,taskvec_a0p25,32,layer_32,0.2033583285419015
02,Ventral Visual,90,4635,taskvec_a0p5,0,embedding,0.09195970524439592
02,Ventral Visual,90,4635,taskvec_a0p5,1,layer_1,0.0928768167701902
02,Ventral Visual,90,4635,taskvec_a0p5,2,layer_2,0.10712446896485446
02,Ventral Visual,90,4635,taskvec_a0p5,3,layer_3,0.17240858621372124
02,Ventral Visual,90,4635,taskvec_a0p5,4,layer_4,0.17381550874457585
02,Ventral Visual,90,4635,taskvec_a0p5,5,layer_5,0.18938325068231332
02,Ventral Visual,90,4635,taskvec_a0p5,6,layer_6,0.21232542095573392
02,Ventral Visual,90,4635,taskvec_a0p5,7,layer_7,0.20648692856616926
02,Ventral Visual,90,4635,taskvec_a0p5,8,layer_8,0.19601646014330357
02,Ventral Visual,90,4635,taskvec_a0p5,9,layer_9,0.19794228389369387
02,Ventral Visual,90,4635,taskvec_a0p5,10,layer_10,0.19428613872958592
02,Ventral Visual,90,4635,taskvec_a0p5,11,layer_11,0.1878106063748948
02,Ventral Visual,90,4635,taskvec_a0p5,12,layer_12,0.18342738411399467
02,Ventral Visual,90,4635,taskvec_a0p5,13,layer_13,0.17612186486291062
02,Ventral Visual,90,4635,taskvec_a0p5,14,layer_14,0.172721355506728
02,Ventral Visual,90,4635,taskvec_a0p5,15,layer_15,0.16408159315315435
02,Ventral Visual,90,4635,taskvec_a0p5,16,layer_16,0.15806596409568358
02,Ventral Visual,90,4635,taskvec_a0p5,17,layer_17,0.16746064737785024
02,Ventral Visual,90,4635,taskvec_a0p5,18,layer_18,0.17264406364632431
02,Ventral Visual,90,4635,taskvec_a0p5,19,layer_19,0.1883198930683883
02,Ventral Visual,90,4635,taskvec_a0p5,20,layer_20,0.178261342360699
02,Ventral Visual,90,4635,taskvec_a0p5,21,layer_21,0.18066226267575927
02,Ventral Visual,90,4635,taskvec_a0p5,22,layer_22,0.18761056258966696
02,Ventral Visual,90,4635,taskvec_a0p5,23,layer_23,0.1888402946546069
02,Ventral Visual,90,4635,taskvec_a0p5,24,layer_24,0.19113971830178422
02,Ventral Visual,90,4635,taskvec_a0p5,25,layer_25,0.19411685395574732
02,Ventral Visual,90,4635,taskvec_a0p5,26,layer_26,0.19630450177943545
02,Ventral Visual,90,4635,taskvec_a0p5,27,layer_27,0.1982579347425337
02,Ventral Visual,90,4635,taskvec_a0p5,28,layer_28,0.20085117789460155
02,Ventral Visual,90,4635,taskvec_a0p5,29,layer_29,0.1985907701323342
02,Ventral Visual,90,4635,taskvec_a0p5,30,layer_30,0.2035324924962379
02,Ventral Visual,90,4635,taskvec_a0p5,31,layer_31,0.1992310157489355
02,Ventral Visual,90,4635,taskvec_a0p5,32,layer_32,0.18291582706982082
02,Ventral Visual,90,4635,taskvec_a1p0,0,embedding,0.09195970524439592
02,Ventral Visual,90,4635,taskvec_a1p0,1,layer_1,0.08352215042684956
02,Ventral Visual,90,4635,taskvec_a1p0,2,layer_2,0.09124938946498742
02,Ventral Visual,90,4635,taskvec_a1p0,3,layer_3,0.14578889522092695
02,Ventral Visual,90,4635,taskvec_a1p0,4,layer_4,0.15371115521564005
02,Ventral Visual,90,4635,taskvec_a1p0,5,layer_5,0.17105602470252124
02,Ventral Visual,90,4635,taskvec_a1p0,6,layer_6,0.19960945429091526
02,Ventral Visual,90,4635,taskvec_a1p0,7,layer_7,0.20564582939223228
02,Ventral Visual,90,4635,taskvec_a1p0,8,layer_8,0.2027180801233206
02,Ventral Visual,90,4635,taskvec_a1p0,9,layer_9,0.20270768926212732
02,Ventral Visual,90,4635,taskvec_a1p0,10,layer_10,0.1977611114411532
02,Ventral Visual,90,4635,taskvec_a1p0,11,layer_11,0.2033220565422263
02,Ventral Visual,90,4635,taskvec_a1p0,12,layer_12,0.19715122433965518
02,Ventral Visual,90,4635,taskvec_a1p0,13,layer_13,0.1876132056036357
02,Ventral Visual,90,4635,taskvec_a1p0,14,layer_14,0.178313023380254
02,Ventral Visual,90,4635,taskvec_a1p0,15,layer_15,0.16376636913920878
02,Ventral Visual,90,4635,taskvec_a1p0,16,layer_16,0.15788661517147443
02,Ventral Visual,90,4635,taskvec_a1p0,17,layer_17,0.1619035843261303
02,Ventral Visual,90,4635,taskvec_a1p0,18,layer_18,0.1617571386749081
02,Ventral Visual,90,4635,taskvec_a1p0,19,layer_19,0.16886497658317456
02,Ventral Visual,90,4635,taskvec_a1p0,20,layer_20,0.16136003035597465
02,Ventral Visual,90,4635,taskvec_a1p0,21,layer_21,0.15828892265697733
02,Ventral Visual,90,4635,taskvec_a1p0,22,layer_22,0.16439955264639589
02,Ventral Visual,90,4635,taskvec_a1p0,23,layer_23,0.1635720455019596
02,Ventral Visual,90,4635,taskvec_a1p0,24,layer_24,0.16206984426957838
02,Ventral Visual,90,4635,taskvec_a1p0,25,layer_25,0.16311986950411336
02,Ventral Visual,90,4635,taskvec_a1p0,26,layer_26,0.16563751692743597
02,Ventral Visual,90,4635,taskvec_a1p0,27,layer_27,0.16672210084451275
02,Ventral Visual,90,4635,taskvec_a1p0,28,layer_28,0.165337046270141
02,Ventral Visual,90,4635,taskvec_a1p0,29,layer_29,0.16337488887652407
02,Ventral Visual,90,4635,taskvec_a1p0,30,layer_30,0.16763284975965956
02,Ventral Visual,90,4635,taskvec_a1p0,31,layer_31,0.16016281993439854
02,Ventral Visual,90,4635,taskvec_a1p0,32,layer_32,0.13663294882084676
02,Dorsal Visual,90,1879,base,0,embedding,0.05212436260104079
02,Dorsal Visual,90,1879,base,1,layer_1,0.04814369327038526
02,Dorsal Visual,90,1879,base,2,layer_2,0.048095002710270826
02,Dorsal Visual,90,1879,base,3,layer_3,0.06596991950478574
02,Dorsal Visual,90,1879,base,4,layer_4,0.06609649445059253
02,Dorsal Visual,90,1879,base,5,layer_5,0.05952445519331146
02,Dorsal Visual,90,1879,base,6,layer_6,0.05643606731244938
02,Dorsal Visual,90,1879,base,7,layer_7,0.05639162193824583
02,Dorsal Visual,90,1879,base,8,layer_8,0.046902337846820005
02,Dorsal Visual,90,1879,base,9,layer_9,0.04572805004685275
02,Dorsal Visual,90,1879,base,10,layer_10,0.04655570083944377
02,Dorsal Visual,90,1879,base,11,layer_11,0.04592079859796263
02,Dorsal Visual,90,1879,base,12,layer_12,0.042684583689929605
02,Dorsal Visual,90,1879,base,13,layer_13,0.04372291439555712
02,Dorsal Visual,90,1879,base,14,layer_14,0.04736940636630428
02,Dorsal Visual,90,1879,base,15,layer_15,0.05253597433137113
02,Dorsal Visual,90,1879,base,16,layer_16,0.05604183307740332
02,Dorsal Visual,90,1879,base,17,layer_17,0.05654982208073919
02,Dorsal Visual,90,1879,base,18,layer_18,0.06704090709599302
02,Dorsal Visual,90,1879,base,19,layer_19,0.07135151960442115
02,Dorsal Visual,90,1879,base,20,layer_20,0.0657117854518383
02,Dorsal Visual,90,1879,base,21,layer_21,0.06549993206974028
02,Dorsal Visual,90,1879,base,22,layer_22,0.06769655650211222
02,Dorsal Visual,90,1879,base,23,layer_23,0.07499567229578953
02,Dorsal Visual,90,1879,base,24,layer_24,0.07799098625948239
02,Dorsal Visual,90,1879,base,25,layer_25,0.08238182654255176
02,Dorsal Visual,90,1879,base,26,layer_26,0.08326578460983595
02,Dorsal Visual,90,1879,base,27,layer_27,0.08383799293109485
02,Dorsal Visual,90,1879,base,28,layer_28,0.08516634664603721
02,Dorsal Visual,90,1879,base,29,layer_29,0.08515188095929344
02,Dorsal Visual,90,1879,base,30,layer_30,0.08296558742575112
02,Dorsal Visual,90,1879,base,31,layer_31,0.07848357446207863
02,Dorsal Visual,90,1879,base,32,layer_32,0.07521735240718565
02,Dorsal Visual,90,1879,scrambled,0,embedding,0.05212436260104079
02,Dorsal Visual,90,1879,scrambled,1,layer_1,0.04516707579585173
02,Dorsal Visual,90,1879,scrambled,2,layer_2,0.03717120443435465
02,Dorsal Visual,90,1879,scrambled,3,layer_3,0.04345624569951002
02,Dorsal Visual,90,1879,scrambled,4,layer_4,0.042276166020886026
02,Dorsal Visual,90,1879,scrambled,5,layer_5,0.049271778294536286
02,Dorsal Visual,90,1879,scrambled,6,layer_6,0.052466444141291424
02,Dorsal Visual,90,1879,scrambled,7,layer_7,0.054446807490836954
02,Dorsal Visual,90,1879,scrambled,8,layer_8,0.053130553844651235
02,Dorsal Visual,90,1879,scrambled,9,layer_9,0.051105484536798244
02,Dorsal Visual,90,1879,scrambled,10,layer_10,0.05004065532318097
02,Dorsal Visual,90,1879,scrambled,11,layer_11,0.050682196761953534
02,Dorsal Visual,90,1879,scrambled,12,layer_12,0.05198759946189364
02,Dorsal Visual,90,1879,scrambled,13,layer_13,0.052148283279115124
02,Dorsal Visual,90,1879,scrambled,14,layer_14,0.04993489833869713
02,Dorsal Visual,90,1879,scrambled,15,layer_15,0.04509871888803492
02,Dorsal Visual,90,1879,scrambled,16,layer_16,0.04211257019965307
02,Dorsal Visual,90,1879,scrambled,17,layer_17,0.04484398905351746
02,Dorsal Visual,90,1879,scrambled,18,layer_18,0.05341106394638456
02,Dorsal Visual,90,1879,scrambled,19,layer_19,0.04915118650919445
02,Dorsal Visual,90,1879,scrambled,20,layer_20,0.04385649372999808
02,Dorsal Visual,90,1879,scrambled,21,layer_21,0.047409058300586185
02,Dorsal Visual,90,1879,scrambled,22,layer_22,0.04947719627666
02,Dorsal Visual,90,1879,scrambled,23,layer_23,0.04917658682797492
02,Dorsal Visual,90,1879,scrambled,24,layer_24,0.0532725155812996
02,Dorsal Visual,90,1879,scrambled,25,layer_25,0.05542371637498611
02,Dorsal Visual,90,1879,scrambled,26,layer_26,0.054122404004883655
02,Dorsal Visual,90,1879,scrambled,27,layer_27,0.05562216919619019
02,Dorsal Visual,90,1879,scrambled,28,layer_28,0.05616959680976016
02,Dorsal Visual,90,1879,scrambled,29,layer_29,0.056129412499351966
02,Dorsal Visual,90,1879,scrambled,30,layer_30,0.05709875099498529
02,Dorsal Visual,90,1879,scrambled,31,layer_31,0.05641014563866241
02,Dorsal Visual,90,1879,scrambled,32,layer_32,0.05620247635931975
02,Dorsal Visual,90,1879,lowLR,0,embedding,0.05212436260104079
02,Dorsal Visual,90,1879,lowLR,1,layer_1,0.04572047237318993
02,Dorsal Visual,90,1879,lowLR,2,layer_2,0.0484693490544265
02,Dorsal Visual,90,1879,lowLR,3,layer_3,0.06290428948913133
02,Dorsal Visual,90,1879,lowLR,4,layer_4,0.06547545005307799
02,Dorsal Visual,90,1879,lowLR,5,layer_5,0.06344348133742694
02,Dorsal Visual,90,1879,lowLR,6,layer_6,0.06191180850988892
02,Dorsal Visual,90,1879,lowLR,7,layer_7,0.06830485600196204
02,Dorsal Visual,90,1879,lowLR,8,layer_8,0.06407425607614088
02,Dorsal Visual,90,1879,lowLR,9,layer_9,0.06443872207978858
02,Dorsal Visual,90,1879,lowLR,10,layer_10,0.06800176399934067
02,Dorsal Visual,90,1879,lowLR,11,layer_11,0.06589219669991771
02,Dorsal Visual,90,1879,lowLR,12,layer_12,0.06326043529451901
02,Dorsal Visual,90,1879,lowLR,13,layer_13,0.06262118213909629
02,Dorsal Visual,90,1879,lowLR,14,layer_14,0.06416817581755568
02,Dorsal Visual,90,1879,lowLR,15,layer_15,0.06594819762483999
02,Dorsal Visual,90,1879,lowLR,16,layer_16,0.06532149472289824
02,Dorsal Visual,90,1879,lowLR,17,layer_17,0.06680379554888018
02,Dorsal Visual,90,1879,lowLR,18,layer_18,0.07137941181706994
02,Dorsal Visual,90,1879,lowLR,19,layer_19,0.07460946143596327
02,Dorsal Visual,90,1879,lowLR,20,layer_20,0.06919971638511807
02,Dorsal Visual,90,1879,lowLR,21,layer_21,0.07063959860214916
02,Dorsal Visual,90,1879,lowLR,22,layer_22,0.07131286125210969
02,Dorsal Visual,90,1879,lowLR,23,layer_23,0.07540906684102004
02,Dorsal Visual,90,1879,lowLR,24,layer_24,0.07734782322170904
02,Dorsal Visual,90,1879,lowLR,25,layer_25,0.08110157291722024
02,Dorsal Visual,90,1879,lowLR,26,layer_26,0.08223824208611075
02,Dorsal Visual,90,1879,lowLR,27,layer_27,0.0836087230041243
02,Dorsal Visual,90,1879,lowLR,28,layer_28,0.08586544840478547
02,Dorsal Visual,90,1879,lowLR,29,layer_29,0.08520912652355937
02,Dorsal Visual,90,1879,lowLR,30,layer_30,0.08736372705250849
02,Dorsal Visual,90,1879,lowLR,31,layer_31,0.08497034368900726
02,Dorsal Visual,90,1879,lowLR,32,layer_32,0.08402166082667802
02,Dorsal Visual,90,1879,lowrank,0,embedding,0.05212436260104079
02,Dorsal Visual,90,1879,lowrank,1,layer_1,0.04254052513853823
02,Dorsal Visual,90,1879,lowrank,2,layer_2,0.047962062600778683
02,Dorsal Visual,90,1879,lowrank,3,layer_3,0.062359661987187
02,Dorsal Visual,90,1879,lowrank,4,layer_4,0.06699348359105915
02,Dorsal Visual,90,1879,lowrank,5,layer_5,0.06533148378021518
02,Dorsal Visual,90,1879,lowrank,6,layer_6,0.06460957839059227
02,Dorsal Visual,90,1879,lowrank,7,layer_7,0.06837083683106783
02,Dorsal Visual,90,1879,lowrank,8,layer_8,0.06664829203156544
02,Dorsal Visual,90,1879,lowrank,9,layer_9,0.0679867110176702
02,Dorsal Visual,90,1879,lowrank,10,layer_10,0.07157593127234173
02,Dorsal Visual,90,1879,lowrank,11,layer_11,0.06938914272240125
02,Dorsal Visual,90,1879,lowrank,12,layer_12,0.06742094257955299
02,Dorsal Visual,90,1879,lowrank,13,layer_13,0.06666793596343093
02,Dorsal Visual,90,1879,lowrank,14,layer_14,0.06820975830831832
02,Dorsal Visual,90,1879,lowrank,15,layer_15,0.06963017012942126
02,Dorsal Visual,90,1879,lowrank,16,layer_16,0.06941650013054143
02,Dorsal Visual,90,1879,lowrank,17,layer_17,0.07129278880416219
02,Dorsal Visual,90,1879,lowrank,18,layer_18,0.07737366606646957
02,Dorsal Visual,90,1879,lowrank,19,layer_19,0.08087583012218531
02,Dorsal Visual,90,1879,lowrank,20,layer_20,0.07543173915245022
02,Dorsal Visual,90,1879,lowrank,21,layer_21,0.07751242588761591
02,Dorsal Visual,90,1879,lowrank,22,layer_22,0.07939877329444664
02,Dorsal Visual,90,1879,lowrank,23,layer_23,0.08184325673373001
02,Dorsal Visual,90,1879,lowrank,24,layer_24,0.08417094507004587
02,Dorsal Visual,90,1879,lowrank,25,layer_25,0.08781094541442783
02,Dorsal Visual,90,1879,lowrank,26,layer_26,0.08825840680137886
02,Dorsal Visual,90,1879,lowrank,27,layer_27,0.088363254076482
02,Dorsal Visual,90,1879,lowrank,28,layer_28,0.09116010457144824
02,Dorsal Visual,90,1879,lowrank,29,layer_29,0.08996231414009243
02,Dorsal Visual,90,1879,lowrank,30,layer_30,0.09377316649890935
02,Dorsal Visual,90,1879,lowrank,31,layer_31,0.09092490864439683
02,Dorsal Visual,90,1879,lowrank,32,layer_32,0.08750950022862379
02,Dorsal Visual,90,1879,taskvec_a0p25,0,embedding,0.05212436260104079
02,Dorsal Visual,90,1879,taskvec_a0p25,1,layer_1,0.04992888585084561
02,Dorsal Visual,90,1879,taskvec_a0p25,2,layer_2,0.05199746112253755
02,Dorsal Visual,90,1879,taskvec_a0p25,3,layer_3,0.06967992674937877
02,Dorsal Visual,90,1879,taskvec_a0p25,4,layer_4,0.06769732723330418
02,Dorsal Visual,90,1879,taskvec_a0p25,5,layer_5,0.06473044458313745
02,Dorsal Visual,90,1879,taskvec_a0p25,6,layer_6,0.0645943742888214
02,Dorsal Visual,90,1879,taskvec_a0p25,7,layer_7,0.06623124912208142
02,Dorsal Visual,90,1879,taskvec_a0p25,8,layer_8,0.06175193259678892
02,Dorsal Visual,90,1879,taskvec_a0p25,9,layer_9,0.0603839185416258
02,Dorsal Visual,90,1879,taskvec_a0p25,10,layer_10,0.062159245538670777
02,Dorsal Visual,90,1879,taskvec_a0p25,11,layer_11,0.05987317743391498
02,Dorsal Visual,90,1879,taskvec_a0p25,12,layer_12,0.05665014378517158
02,Dorsal Visual,90,1879,taskvec_a0p25,13,layer_13,0.055745445091201745
02,Dorsal Visual,90,1879,taskvec_a0p25,14,layer_14,0.05584050598551319
02,Dorsal Visual,90,1879,taskvec_a0p25,15,layer_15,0.058803561131529854
02,Dorsal Visual,90,1879,taskvec_a0p25,16,layer_16,0.05898028983120447
02,Dorsal Visual,90,1879,taskvec_a0p25,17,layer_17,0.06147040537645642
02,Dorsal Visual,90,1879,taskvec_a0p25,18,layer_18,0.0697877379585155
02,Dorsal Visual,90,1879,taskvec_a0p25,19,layer_19,0.07280900721975066
02,Dorsal Visual,90,1879,taskvec_a0p25,20,layer_20,0.066999318059806
02,Dorsal Visual,90,1879,taskvec_a0p25,21,layer_21,0.06615134917905482
02,Dorsal Visual,90,1879,taskvec_a0p25,22,layer_22,0.0689993953907073
02,Dorsal Visual,90,1879,taskvec_a0p25,23,layer_23,0.07442390855529575
02,Dorsal Visual,90,1879,taskvec_a0p25,24,layer_24,0.07639481559724791
02,Dorsal Visual,90,1879,taskvec_a0p25,25,layer_25,0.07906448405082477
02,Dorsal Visual,90,1879,taskvec_a0p25,26,layer_26,0.08074290215460483
02,Dorsal Visual,90,1879,taskvec_a0p25,27,layer_27,0.08020155184801475
02,Dorsal Visual,90,1879,taskvec_a0p25,28,layer_28,0.08178279020050072
02,Dorsal Visual,90,1879,taskvec_a0p25,29,layer_29,0.08251655636982143
02,Dorsal Visual,90,1879,taskvec_a0p25,30,layer_30,0.08212070277735825
02,Dorsal Visual,90,1879,taskvec_a0p25,31,layer_31,0.07888821973257118
02,Dorsal Visual,90,1879,taskvec_a0p25,32,layer_32,0.07491225680234304
02,Dorsal Visual,90,1879,taskvec_a0p5,0,embedding,0.05212436260104079
02,Dorsal Visual,90,1879,taskvec_a0p5,1,layer_1,0.050645320842272606
02,Dorsal Visual,90,1879,taskvec_a0p5,2,layer_2,0.05307259134720191
02,Dorsal Visual,90,1879,taskvec_a0p5,3,layer_3,0.06949078285164045
02,Dorsal Visual,90,1879,taskvec_a0p5,4,layer_4,0.06627067036004192
02,Dorsal Visual,90,1879,taskvec_a0p5,5,layer_5,0.06348603107902362
02,Dorsal Visual,90,1879,taskvec_a0p5,6,layer_6,0.06549754758509044
02,Dorsal Visual,90,1879,taskvec_a0p5,7,layer_7,0.0688906335632875
02,Dorsal Visual,90,1879,taskvec_a0p5,8,layer_8,0.06545963586694625
02,Dorsal Visual,90,1879,taskvec_a0p5,9,layer_9,0.06376115203996978
02,Dorsal Visual,90,1879,taskvec_a0p5,10,layer_10,0.06499727560720342
02,Dorsal Visual,90,1879,taskvec_a0p5,11,layer_11,0.06340085500838753
02,Dorsal Visual,90,1879,taskvec_a0p5,12,layer_12,0.060988167499748454
02,Dorsal Visual,90,1879,taskvec_a0p5,13,layer_13,0.05964056511886453
02,Dorsal Visual,90,1879,taskvec_a0p5,14,layer_14,0.06009784819155035
02,Dorsal Visual,90,1879,taskvec_a0p5,15,layer_15,0.06139519669449495
02,Dorsal Visual,90,1879,taskvec_a0p5,16,layer_16,0.06181079004652634
02,Dorsal Visual,90,1879,taskvec_a0p5,17,layer_17,0.06434260689394843
02,Dorsal Visual,90,1879,taskvec_a0p5,18,layer_18,0.0708048808415113
02,Dorsal Visual,90,1879,taskvec_a0p5,19,layer_19,0.07312077377765364
02,Dorsal Visual,90,1879,taskvec_a0p5,20,layer_20,0.06748853025056697
02,Dorsal Visual,90,1879,taskvec_a0p5,21,layer_21,0.06608600645410599
02,Dorsal Visual,90,1879,taskvec_a0p5,22,layer_22,0.06983889276629941
02,Dorsal Visual,90,1879,taskvec_a0p5,23,layer_23,0.07273243490771132
02,Dorsal Visual,90,1879,taskvec_a0p5,24,layer_24,0.07400279642422047
02,Dorsal Visual,90,1879,taskvec_a0p5,25,layer_25,0.07540366630551579
02,Dorsal Visual,90,1879,taskvec_a0p5,26,layer_26,0.07677170184252258
02,Dorsal Visual,90,1879,taskvec_a0p5,27,layer_27,0.07656727314600056
02,Dorsal Visual,90,1879,taskvec_a0p5,28,layer_28,0.07791512359547946
02,Dorsal Visual,90,1879,taskvec_a0p5,29,layer_29,0.07935163801981553
02,Dorsal Visual,90,1879,taskvec_a0p5,30,layer_30,0.08125753502519815
02,Dorsal Visual,90,1879,taskvec_a0p5,31,layer_31,0.07720809130043593
02,Dorsal Visual,90,1879,taskvec_a0p5,32,layer_32,0.07375330946715444
02,Dorsal Visual,90,1879,taskvec_a1p0,0,embedding,0.05212436260104079
02,Dorsal Visual,90,1879,taskvec_a1p0,1,layer_1,0.049548740342886206
02,Dorsal Visual,90,1879,taskvec_a1p0,2,layer_2,0.052485491625096824
02,Dorsal Visual,90,1879,taskvec_a1p0,3,layer_3,0.06358624537423754
02,Dorsal Visual,90,1879,taskvec_a1p0,4,layer_4,0.06307857243420192
02,Dorsal Visual,90,1879,taskvec_a1p0,5,layer_5,0.06009391365177911
02,Dorsal Visual,90,1879,taskvec_a1p0,6,layer_6,0.06797621405484892
02,Dorsal Visual,90,1879,taskvec_a1p0,7,layer_7,0.07372565635676588
02,Dorsal Visual,90,1879,taskvec_a1p0,8,layer_8,0.07208434823136367
02,Dorsal Visual,90,1879,taskvec_a1p0,9,layer_9,0.07157036149726889
02,Dorsal Visual,90,1879,taskvec_a1p0,10,layer_10,0.07029126845189268
02,Dorsal Visual,90,1879,taskvec_a1p0,11,layer_11,0.07482056257993476
02,Dorsal Visual,90,1879,taskvec_a1p0,12,layer_12,0.06915521198254403
02,Dorsal Visual,90,1879,taskvec_a1p0,13,layer_13,0.06589061358143691
02,Dorsal Visual,90,1879,taskvec_a1p0,14,layer_14,0.06591888069895778
02,Dorsal Visual,90,1879,taskvec_a1p0,15,layer_15,0.0643991009672824
02,Dorsal Visual,90,1879,taskvec_a1p0,16,layer_16,0.06591385525512425
02,Dorsal Visual,90,1879,taskvec_a1p0,17,layer_17,0.06594144335958581
02,Dorsal Visual,90,1879,taskvec_a1p0,18,layer_18,0.06779105531931351
02,Dorsal Visual,90,1879,taskvec_a1p0,19,layer_19,0.06941020053317899
02,Dorsal Visual,90,1879,taskvec_a1p0,20,layer_20,0.062454884275524106
02,Dorsal Visual,90,1879,taskvec_a1p0,21,layer_21,0.05931269352934609
02,Dorsal Visual,90,1879,taskvec_a1p0,22,layer_22,0.06328204360089118
02,Dorsal Visual,90,1879,taskvec_a1p0,23,layer_23,0.06316685160385903
02,Dorsal Visual,90,1879,taskvec_a1p0,24,layer_24,0.06283303010403372
02,Dorsal Visual,90,1879,taskvec_a1p0,25,layer_25,0.06344501906383804
02,Dorsal Visual,90,1879,taskvec_a1p0,26,layer_26,0.06531838807470305
02,Dorsal Visual,90,1879,taskvec_a1p0,27,layer_27,0.06654925045821847
02,Dorsal Visual,90,1879,taskvec_a1p0,28,layer_28,0.06598863037744042
02,Dorsal Visual,90,1879,taskvec_a1p0,29,layer_29,0.06746883606986712
02,Dorsal Visual,90,1879,taskvec_a1p0,30,layer_30,0.07038709708861784
02,Dorsal Visual,90,1879,taskvec_a1p0,31,layer_31,0.06756347666723676
02,Dorsal Visual,90,1879,taskvec_a1p0,32,layer_32,0.06365480477178101
02,Language,90,6306,base,0,embedding,0.047726246042013656
02,Language,90,6306,base,1,layer_1,0.03868112754894941
02,Language,90,6306,base,2,layer_2,0.04063868203725833
02,Language,90,6306,base,3,layer_3,0.04871987834790821
02,Language,90,6306,base,4,layer_4,0.048190176057364045
02,Language,90,6306,base,5,layer_5,0.053220284439747384
02,Language,90,6306,base,6,layer_6,0.0461693485730464
02,Language,90,6306,base,7,layer_7,0.0433736945233745
02,Language,90,6306,base,8,layer_8,0.04051557781019768
02,Language,90,6306,base,9,layer_9,0.0408547652877787
02,Language,90,6306,base,10,layer_10,0.04216883544465206
02,Language,90,6306,base,11,layer_11,0.043008775533022875
02,Language,90,6306,base,12,layer_12,0.039625193682871214
02,Language,90,6306,base,13,layer_13,0.03932700869374511
02,Language,90,6306,base,14,layer_14,0.04259168835226098
02,Language,90,6306,base,15,layer_15,0.048037022653749255
02,Language,90,6306,base,16,layer_16,0.05296156514665829
02,Language,90,6306,base,17,layer_17,0.04690914927245825
02,Language,90,6306,base,18,layer_18,0.044177367468834765
02,Language,90,6306,base,19,layer_19,0.04415938118810776
02,Language,90,6306,base,20,layer_20,0.04261623799003123
02,Language,90,6306,base,21,layer_21,0.04335129848713406
02,Language,90,6306,base,22,layer_22,0.04420995131614596
02,Language,90,6306,base,23,layer_23,0.04803875259596173
02,Language,90,6306,base,24,layer_24,0.05015805528014742
02,Language,90,6306,base,25,layer_25,0.05108093489902799
02,Language,90,6306,base,26,layer_26,0.0528304917159837
02,Language,90,6306,base,27,layer_27,0.055516687179305614
02,Language,90,6306,base,28,layer_28,0.05832987601738969
02,Language,90,6306,base,29,layer_29,0.060844224389917094
02,Language,90,6306,base,30,layer_30,0.058979876445812374
02,Language,90,6306,base,31,layer_31,0.0591596335250517
02,Language,90,6306,base,32,layer_32,0.05357223045129388
02,Language,90,6306,scrambled,0,embedding,0.047726246042013656
02,Language,90,6306,scrambled,1,layer_1,0.04389684765357212
02,Language,90,6306,scrambled,2,layer_2,0.04145041179489507
02,Language,90,6306,scrambled,3,layer_3,0.050792516676836263
02,Language,90,6306,scrambled,4,layer_4,0.04736524318499671
02,Language,90,6306,scrambled,5,layer_5,0.04330491881300501
02,Language,90,6306,scrambled,6,layer_6,0.04393677773103017
02,Language,90,6306,scrambled,7,layer_7,0.041758532603725494
02,Language,90,6306,scrambled,8,layer_8,0.04189143404589898
02,Language,90,6306,scrambled,9,layer_9,0.042914421297969574
02,Language,90,6306,scrambled,10,layer_10,0.04439108454097207
02,Language,90,6306,scrambled,11,layer_11,0.04637677146498185
02,Language,90,6306,scrambled,12,layer_12,0.049611291922544154
02,Language,90,6306,scrambled,13,layer_13,0.04520660967339265
02,Language,90,6306,scrambled,14,layer_14,0.03945171994951259
02,Language,90,6306,scrambled,15,layer_15,0.0344803455429651
02,Language,90,6306,scrambled,16,layer_16,0.0319554172690199
02,Language,90,6306,scrambled,17,layer_17,0.03316607737953248
02,Language,90,6306,scrambled,18,layer_18,0.04219989239987333
02,Language,90,6306,scrambled,19,layer_19,0.034432133934565685
02,Language,90,6306,scrambled,20,layer_20,0.02719732749575626
02,Language,90,6306,scrambled,21,layer_21,0.028863581645644506
02,Language,90,6306,scrambled,22,layer_22,0.028122984436828282
02,Language,90,6306,scrambled,23,layer_23,0.02837440924299401
02,Language,90,6306,scrambled,24,layer_24,0.029604090685502276
02,Language,90,6306,scrambled,25,layer_25,0.029979543438007433
02,Language,90,6306,scrambled,26,layer_26,0.02621592666469172
02,Language,90,6306,scrambled,27,layer_27,0.029038247527928735
02,Language,90,6306,scrambled,28,layer_28,0.03258652525650905
02,Language,90,6306,scrambled,29,layer_29,0.03402492746790907
02,Language,90,6306,scrambled,30,layer_30,0.037094881498500785
02,Language,90,6306,scrambled,31,layer_31,0.039961985094286646
02,Language,90,6306,scrambled,32,layer_32,0.04639177643940163
02,Language,90,6306,lowLR,0,embedding,0.047726246042013656
02,Language,90,6306,lowLR,1,layer_1,0.037016826752448044
02,Language,90,6306,lowLR,2,layer_2,0.03688670207207009
02,Language,90,6306,lowLR,3,layer_3,0.04214403661749497
02,Language,90,6306,lowLR,4,layer_4,0.04208358726974063
02,Language,90,6306,lowLR,5,layer_5,0.05092949761452625
02,Language,90,6306,lowLR,6,layer_6,0.04751548776017691
02,Language,90,6306,lowLR,7,layer_7,0.045373386301881195
02,Language,90,6306,lowLR,8,layer_8,0.04484402828123203
02,Language,90,6306,lowLR,9,layer_9,0.04610822618978924
02,Language,90,6306,lowLR,10,layer_10,0.051042077232566783
02,Language,90,6306,lowLR,11,layer_11,0.05139394161310725
02,Language,90,6306,lowLR,12,layer_12,0.05286422157295622
02,Language,90,6306,lowLR,13,layer_13,0.05018372533616522
02,Language,90,6306,lowLR,14,layer_14,0.05241842119951922
02,Language,90,6306,lowLR,15,layer_15,0.05584529830464299
02,Language,90,6306,lowLR,16,layer_16,0.05749766472278211
02,Language,90,6306,lowLR,17,layer_17,0.050508903476081925
02,Language,90,6306,lowLR,18,layer_18,0.04480479683069058
02,Language,90,6306,lowLR,19,layer_19,0.04574911794475707
02,Language,90,6306,lowLR,20,layer_20,0.04376694657116721
02,Language,90,6306,lowLR,21,layer_21,0.04547434330849097
02,Language,90,6306,lowLR,22,layer_22,0.0470368874134013
02,Language,90,6306,lowLR,23,layer_23,0.049979473351157405
02,Language,90,6306,lowLR,24,layer_24,0.05227608175601916
02,Language,90,6306,lowLR,25,layer_25,0.05293967869710997
02,Language,90,6306,lowLR,26,layer_26,0.05450482752226766
02,Language,90,6306,lowLR,27,layer_27,0.05954174826428244
02,Language,90,6306,lowLR,28,layer_28,0.06165613683662453
02,Language,90,6306,lowLR,29,layer_29,0.06232556488408666
02,Language,90,6306,lowLR,30,layer_30,0.06252168421666983
02,Language,90,6306,lowLR,31,layer_31,0.06658333130983705
02,Language,90,6306,lowLR,32,layer_32,0.0709144813948283
02,Language,90,6306,lowrank,0,embedding,0.047726246042013656
02,Language,90,6306,lowrank,1,layer_1,0.031878677772197044
02,Language,90,6306,lowrank,2,layer_2,0.03723243105125338
02,Language,90,6306,lowrank,3,layer_3,0.043275464963719104
02,Language,90,6306,lowrank,4,layer_4,0.044855966955963035
02,Language,90,6306,lowrank,5,layer_5,0.052973641305188925
02,Language,90,6306,lowrank,6,layer_6,0.0471566068490906
02,Language,90,6306,lowrank,7,layer_7,0.042038540030316415
02,Language,90,6306,lowrank,8,layer_8,0.04468660671547353
02,Language,90,6306,lowrank,9,layer_9,0.046439304925171634
02,Language,90,6306,lowrank,10,layer_10,0.05077199684614405
02,Language,90,6306,lowrank,11,layer_11,0.05050801394095442
02,Language,90,6306,lowrank,12,layer_12,0.050103120041470946
02,Language,90,6306,lowrank,13,layer_13,0.048067729174720374
02,Language,90,6306,lowrank,14,layer_14,0.05246086539988384
02,Language,90,6306,lowrank,15,layer_15,0.05807725046956087
02,Language,90,6306,lowrank,16,layer_16,0.0585346695316572
02,Language,90,6306,lowrank,17,layer_17,0.05201084057518507
02,Language,90,6306,lowrank,18,layer_18,0.045681805988536904
02,Language,90,6306,lowrank,19,layer_19,0.049123626798126284
02,Language,90,6306,lowrank,20,layer_20,0.048037895937395006
02,Language,90,6306,lowrank,21,layer_21,0.049385967930061905
02,Language,90,6306,lowrank,22,layer_22,0.05133243143587178
02,Language,90,6306,lowrank,23,layer_23,0.05469109528133353
02,Language,90,6306,lowrank,24,layer_24,0.05749338423192811
02,Language,90,6306,lowrank,25,layer_25,0.05817754284660667
02,Language,90,6306,lowrank,26,layer_26,0.05985052548353665
02,Language,90,6306,lowrank,27,layer_27,0.06525795367083996
02,Language,90,6306,lowrank,28,layer_28,0.06812667214087556
02,Language,90,6306,lowrank,29,layer_29,0.06903606078832004
02,Language,90,6306,lowrank,30,layer_30,0.06820189763471471
02,Language,90,6306,lowrank,31,layer_31,0.07210064043521723
02,Language,90,6306,lowrank,32,layer_32,0.07409460291261186
02,Language,90,6306,taskvec_a0p25,0,embedding,0.047726246042013656
02,Language,90,6306,taskvec_a0p25,1,layer_1,0.03975533891109965
02,Language,90,6306,taskvec_a0p25,2,layer_2,0.04004464517402975
02,Language,90,6306,taskvec_a0p25,3,layer_3,0.04311422224496434
02,Language,90,6306,taskvec_a0p25,4,layer_4,0.04363453061866117
02,Language,90,6306,taskvec_a0p25,5,layer_5,0.04936839727631069
02,Language,90,6306,taskvec_a0p25,6,layer_6,0.045146130064258494
02,Language,90,6306,taskvec_a0p25,7,layer_7,0.04225449943333792
02,Language,90,6306,taskvec_a0p25,8,layer_8,0.03772504559245796
02,Language,90,6306,taskvec_a0p25,9,layer_9,0.037371993359360624
02,Language,90,6306,taskvec_a0p25,10,layer_10,0.04158542312771643
02,Language,90,6306,taskvec_a0p25,11,layer_11,0.04148047871732008
02,Language,90,6306,taskvec_a0p25,12,layer_12,0.04092591053890678
02,Language,90,6306,taskvec_a0p25,13,layer_13,0.040324364930713834
02,Language,90,6306,taskvec_a0p25,14,layer_14,0.04393301803478673
02,Language,90,6306,taskvec_a0p25,15,layer_15,0.04847857896206721
02,Language,90,6306,taskvec_a0p25,16,layer_16,0.04988590367039547
02,Language,90,6306,taskvec_a0p25,17,layer_17,0.04462868512692653
02,Language,90,6306,taskvec_a0p25,18,layer_18,0.04063564039499014
02,Language,90,6306,taskvec_a0p25,19,layer_19,0.04098460211145116
02,Language,90,6306,taskvec_a0p25,20,layer_20,0.03754578819958279
02,Language,90,6306,taskvec_a0p25,21,layer_21,0.03927174562345402
02,Language,90,6306,taskvec_a0p25,22,layer_22,0.04245701736656317
02,Language,90,6306,taskvec_a0p25,23,layer_23,0.04579586972177861
02,Language,90,6306,taskvec_a0p25,24,layer_24,0.047586734256168314
02,Language,90,6306,taskvec_a0p25,25,layer_25,0.047989481465671675
02,Language,90,6306,taskvec_a0p25,26,layer_26,0.05021275664692562
02,Language,90,6306,taskvec_a0p25,27,layer_27,0.05446371762459429
02,Language,90,6306,taskvec_a0p25,28,layer_28,0.05585308127001205
02,Language,90,6306,taskvec_a0p25,29,layer_29,0.059382942894192874
02,Language,90,6306,taskvec_a0p25,30,layer_30,0.05930258772287864
02,Language,90,6306,taskvec_a0p25,31,layer_31,0.06139521294597669
02,Language,90,6306,taskvec_a0p25,32,layer_32,0.058577574751067334
02,Language,90,6306,taskvec_a0p5,0,embedding,0.047726246042013656
02,Language,90,6306,taskvec_a0p5,1,layer_1,0.03931105702381373
02,Language,90,6306,taskvec_a0p5,2,layer_2,0.03755035878872596
02,Language,90,6306,taskvec_a0p5,3,layer_3,0.04099825391651698
02,Language,90,6306,taskvec_a0p5,4,layer_4,0.042321782435768764
02,Language,90,6306,taskvec_a0p5,5,layer_5,0.044933157197906144
02,Language,90,6306,taskvec_a0p5,6,layer_6,0.04274727555536679
02,Language,90,6306,taskvec_a0p5,7,layer_7,0.0427832907069109
02,Language,90,6306,taskvec_a0p5,8,layer_8,0.0399559414110621
02,Language,90,6306,taskvec_a0p5,9,layer_9,0.03756348606320839
02,Language,90,6306,taskvec_a0p5,10,layer_10,0.04017268088520761
02,Language,90,6306,taskvec_a0p5,11,layer_11,0.039466322746458726
02,Language,90,6306,taskvec_a0p5,12,layer_12,0.03912229494249723
02,Language,90,6306,taskvec_a0p5,13,layer_13,0.038867105770122035
02,Language,90,6306,taskvec_a0p5,14,layer_14,0.04300488694571728
02,Language,90,6306,taskvec_a0p5,15,layer_15,0.046162553959285826
02,Language,90,6306,taskvec_a0p5,16,layer_16,0.04707278973856636
02,Language,90,6306,taskvec_a0p5,17,layer_17,0.04327856974392789
02,Language,90,6306,taskvec_a0p5,18,layer_18,0.04158396553792225
02,Language,90,6306,taskvec_a0p5,19,layer_19,0.043073703938586394
02,Language,90,6306,taskvec_a0p5,20,layer_20,0.03894174527662499
02,Language,90,6306,taskvec_a0p5,21,layer_21,0.04118109093174585
02,Language,90,6306,taskvec_a0p5,22,layer_22,0.045077831811214886
02,Language,90,6306,taskvec_a0p5,23,layer_23,0.04765508892240144
02,Language,90,6306,taskvec_a0p5,24,layer_24,0.0491835518020959
02,Language,90,6306,taskvec_a0p5,25,layer_25,0.04933968856680296
02,Language,90,6306,taskvec_a0p5,26,layer_26,0.05001234468157679
02,Language,90,6306,taskvec_a0p5,27,layer_27,0.05496499644715524
02,Language,90,6306,taskvec_a0p5,28,layer_28,0.05722895954795298
02,Language,90,6306,taskvec_a0p5,29,layer_29,0.06069764443047215
02,Language,90,6306,taskvec_a0p5,30,layer_30,0.06154480578069914
02,Language,90,6306,taskvec_a0p5,31,layer_31,0.06303569841016482
02,Language,90,6306,taskvec_a0p5,32,layer_32,0.059612775271870894
02,Language,90,6306,taskvec_a1p0,0,embedding,0.047726246042013656
02,Language,90,6306,taskvec_a1p0,1,layer_1,0.03441498750052774
02,Language,90,6306,taskvec_a1p0,2,layer_2,0.03322210856583455
02,Language,90,6306,taskvec_a1p0,3,layer_3,0.03942314293304663
02,Language,90,6306,taskvec_a1p0,4,layer_4,0.04301675463696477
02,Language,90,6306,taskvec_a1p0,5,layer_5,0.04053505044770955
02,Language,90,6306,taskvec_a1p0,6,layer_6,0.04060152797440125
02,Language,90,6306,taskvec_a1p0,7,layer_7,0.0433095577704507
02,Language,90,6306,taskvec_a1p0,8,layer_8,0.044273562417694534
02,Language,90,6306,taskvec_a1p0,9,layer_9,0.04197921390278921
02,Language,90,6306,taskvec_a1p0,10,layer_10,0.04384510032049958
02,Language,90,6306,taskvec_a1p0,11,layer_11,0.047043777294468674
02,Language,90,6306,taskvec_a1p0,12,layer_12,0.045439506856370326
02,Language,90,6306,taskvec_a1p0,13,layer_13,0.043505177043072454
02,Language,90,6306,taskvec_a1p0,14,layer_14,0.04562271522729713
02,Language,90,6306,taskvec_a1p0,15,layer_15,0.04847686844691338
02,Language,90,6306,taskvec_a1p0,16,layer_16,0.049917136776735024
02,Language,90,6306,taskvec_a1p0,17,layer_17,0.04758315033744586
02,Language,90,6306,taskvec_a1p0,18,layer_18,0.04525046364309941
02,Language,90,6306,taskvec_a1p0,19,layer_19,0.04863494231352557
02,Language,90,6306,taskvec_a1p0,20,layer_20,0.04425997393736796
02,Language,90,6306,taskvec_a1p0,21,layer_21,0.04584691394476717
02,Language,90,6306,taskvec_a1p0,22,layer_22,0.04944450147095618
02,Language,90,6306,taskvec_a1p0,23,layer_23,0.048696955539500715
02,Language,90,6306,taskvec_a1p0,24,layer_24,0.04933152602659578
02,Language,90,6306,taskvec_a1p0,25,layer_25,0.050771154384274035
02,Language,90,6306,taskvec_a1p0,26,layer_26,0.049897787986722
02,Language,90,6306,taskvec_a1p0,27,layer_27,0.053879237006231914
02,Language,90,6306,taskvec_a1p0,28,layer_28,0.05575433147614201
02,Language,90,6306,taskvec_a1p0,29,layer_29,0.056412677507439855
02,Language,90,6306,taskvec_a1p0,30,layer_30,0.06062301426390125
02,Language,90,6306,taskvec_a1p0,31,layer_31,0.05910186361700103
02,Language,90,6306,taskvec_a1p0,32,layer_32,0.05617597617014222
02,ATL (Semantic),90,8643,base,0,embedding,0.061583497316609656
02,ATL (Semantic),90,8643,base,1,layer_1,0.05507355765283481
02,ATL (Semantic),90,8643,base,2,layer_2,0.05677695484446033
02,ATL (Semantic),90,8643,base,3,layer_3,0.0772664389766826
02,ATL (Semantic),90,8643,base,4,layer_4,0.07586600919298503
02,ATL (Semantic),90,8643,base,5,layer_5,0.07864540073978725
02,ATL (Semantic),90,8643,base,6,layer_6,0.08150352455131242
02,ATL (Semantic),90,8643,base,7,layer_7,0.07534951169835921
02,ATL (Semantic),90,8643,base,8,layer_8,0.06836418343707971
02,ATL (Semantic),90,8643,base,9,layer_9,0.06894579800389626
02,ATL (Semantic),90,8643,base,10,layer_10,0.06864427454946172
02,ATL (Semantic),90,8643,base,11,layer_11,0.06668737441679153
02,ATL (Semantic),90,8643,base,12,layer_12,0.061639918978630026
02,ATL (Semantic),90,8643,base,13,layer_13,0.06280184705972991
02,ATL (Semantic),90,8643,base,14,layer_14,0.06595668519468215
02,ATL (Semantic),90,8643,base,15,layer_15,0.06989133424312118
02,ATL (Semantic),90,8643,base,16,layer_16,0.07284809520893597
02,ATL (Semantic),90,8643,base,17,layer_17,0.07203444086490303
02,ATL (Semantic),90,8643,base,18,layer_18,0.07267631704683992
02,ATL (Semantic),90,8643,base,19,layer_19,0.07604249430723203
02,ATL (Semantic),90,8643,base,20,layer_20,0.07453115750052369
02,ATL (Semantic),90,8643,base,21,layer_21,0.07449436302505014
02,ATL (Semantic),90,8643,base,22,layer_22,0.0720320683353662
02,ATL (Semantic),90,8643,base,23,layer_23,0.0767372754134185
02,ATL (Semantic),90,8643,base,24,layer_24,0.0789420494968914
02,ATL (Semantic),90,8643,base,25,layer_25,0.08008160433118502
02,ATL (Semantic),90,8643,base,26,layer_26,0.08078284960433649
02,ATL (Semantic),90,8643,base,27,layer_27,0.08285817951487985
02,ATL (Semantic),90,8643,base,28,layer_28,0.08208355712044
02,ATL (Semantic),90,8643,base,29,layer_29,0.08569533088260615
02,ATL (Semantic),90,8643,base,30,layer_30,0.08652505364572095
02,ATL (Semantic),90,8643,base,31,layer_31,0.08740216348803469
02,ATL (Semantic),90,8643,base,32,layer_32,0.07924621465770416
02,ATL (Semantic),90,8643,scrambled,0,embedding,0.061583497316609656
02,ATL (Semantic),90,8643,scrambled,1,layer_1,0.05483853040495605
02,ATL (Semantic),90,8643,scrambled,2,layer_2,0.04543675568598858
02,ATL (Semantic),90,8643,scrambled,3,layer_3,0.057472369758435046
02,ATL (Semantic),90,8643,scrambled,4,layer_4,0.05771181049780005
02,ATL (Semantic),90,8643,scrambled,5,layer_5,0.05845491417077858
02,ATL (Semantic),90,8643,scrambled,6,layer_6,0.06131807519445165
02,ATL (Semantic),90,8643,scrambled,7,layer_7,0.06323786777712631
02,ATL (Semantic),90,8643,scrambled,8,layer_8,0.06549718930529737
02,ATL (Semantic),90,8643,scrambled,9,layer_9,0.06143928117372445
02,ATL (Semantic),90,8643,scrambled,10,layer_10,0.0654057024293804
02,ATL (Semantic),90,8643,scrambled,11,layer_11,0.06628334969138372
02,ATL (Semantic),90,8643,scrambled,12,layer_12,0.06764628543869795
02,ATL (Semantic),90,8643,scrambled,13,layer_13,0.06415407606934923
02,ATL (Semantic),90,8643,scrambled,14,layer_14,0.05667437586525248
02,ATL (Semantic),90,8643,scrambled,15,layer_15,0.05043290388867529
02,ATL (Semantic),90,8643,scrambled,16,layer_16,0.05115475940306111
02,ATL (Semantic),90,8643,scrambled,17,layer_17,0.052469299545314735
02,ATL (Semantic),90,8643,scrambled,18,layer_18,0.05794531776513859
02,ATL (Semantic),90,8643,scrambled,19,layer_19,0.056243063034000236
02,ATL (Semantic),90,8643,scrambled,20,layer_20,0.05144685774527529
02,ATL (Semantic),90,8643,scrambled,21,layer_21,0.05526480957323458
02,ATL (Semantic),90,8643,scrambled,22,layer_22,0.05336133684061231
02,ATL (Semantic),90,8643,scrambled,23,layer_23,0.05540409822133305
02,ATL (Semantic),90,8643,scrambled,24,layer_24,0.05801951997602343
02,ATL (Semantic),90,8643,scrambled,25,layer_25,0.058830374955625285
02,ATL (Semantic),90,8643,scrambled,26,layer_26,0.056485828789171535
02,ATL (Semantic),90,8643,scrambled,27,layer_27,0.0604270955530583
02,ATL (Semantic),90,8643,scrambled,28,layer_28,0.062150547259961796
02,ATL (Semantic),90,8643,scrambled,29,layer_29,0.06199628800839344
02,ATL (Semantic),90,8643,scrambled,30,layer_30,0.06509165935644196
02,ATL (Semantic),90,8643,scrambled,31,layer_31,0.06946890891760106
02,ATL (Semantic),90,8643,scrambled,32,layer_32,0.07159401076559048
02,ATL (Semantic),90,8643,lowLR,0,embedding,0.061583497316609656
02,ATL (Semantic),90,8643,lowLR,1,layer_1,0.05432633170745104
02,ATL (Semantic),90,8643,lowLR,2,layer_2,0.05258056204613897
02,ATL (Semantic),90,8643,lowLR,3,layer_3,0.07223551689941993
02,ATL (Semantic),90,8643,lowLR,4,layer_4,0.07552949386996072
02,ATL (Semantic),90,8643,lowLR,5,layer_5,0.07886113299566155
02,ATL (Semantic),90,8643,lowLR,6,layer_6,0.08529241013716549
02,ATL (Semantic),90,8643,lowLR,7,layer_7,0.08371764828035479
02,ATL (Semantic),90,8643,lowLR,8,layer_8,0.08267722748473533
02,ATL (Semantic),90,8643,lowLR,9,layer_9,0.08333811042837393
02,ATL (Semantic),90,8643,lowLR,10,layer_10,0.08476143481388423
02,ATL (Semantic),90,8643,lowLR,11,layer_11,0.08313686608828166
02,ATL (Semantic),90,8643,lowLR,12,layer_12,0.08372076184009969
02,ATL (Semantic),90,8643,lowLR,13,layer_13,0.08013608994553309
02,ATL (Semantic),90,8643,lowLR,14,layer_14,0.08108050034934988
02,ATL (Semantic),90,8643,lowLR,15,layer_15,0.08394549872445389
02,ATL (Semantic),90,8643,lowLR,16,layer_16,0.0842773988134599
02,ATL (Semantic),90,8643,lowLR,17,layer_17,0.08204342754203356
02,ATL (Semantic),90,8643,lowLR,18,layer_18,0.07752682544764086
02,ATL (Semantic),90,8643,lowLR,19,layer_19,0.08071650208949879
02,ATL (Semantic),90,8643,lowLR,20,layer_20,0.07841059727668018
02,ATL (Semantic),90,8643,lowLR,21,layer_21,0.08108546134765234
02,ATL (Semantic),90,8643,lowLR,22,layer_22,0.07933025275102049
02,ATL (Semantic),90,8643,lowLR,23,layer_23,0.08367490408137304
02,ATL (Semantic),90,8643,lowLR,24,layer_24,0.08612474247729231
02,ATL (Semantic),90,8643,lowLR,25,layer_25,0.08845711497632494
02,ATL (Semantic),90,8643,lowLR,26,layer_26,0.0894142000415175
02,ATL (Semantic),90,8643,lowLR,27,layer_27,0.09385980595009748
02,ATL (Semantic),90,8643,lowLR,28,layer_28,0.09394094137933436
02,ATL (Semantic),90,8643,lowLR,29,layer_29,0.09568270383620392
02,ATL (Semantic),90,8643,lowLR,30,layer_30,0.09766431219869041
02,ATL (Semantic),90,8643,lowLR,31,layer_31,0.10020482807201607
02,ATL (Semantic),90,8643,lowLR,32,layer_32,0.09572667754383944
02,ATL (Semantic),90,8643,lowrank,0,embedding,0.061583497316609656
02,ATL (Semantic),90,8643,lowrank,1,layer_1,0.04831770330264163
02,ATL (Semantic),90,8643,lowrank,2,layer_2,0.05343757029991724
02,ATL (Semantic),90,8643,lowrank,3,layer_3,0.0741699176962013
02,ATL (Semantic),90,8643,lowrank,4,layer_4,0.08192848734956922
02,ATL (Semantic),90,8643,lowrank,5,layer_5,0.0850088077707323
02,ATL (Semantic),90,8643,lowrank,6,layer_6,0.08736657218260656
02,ATL (Semantic),90,8643,lowrank,7,layer_7,0.08407840875936487
02,ATL (Semantic),90,8643,lowrank,8,layer_8,0.0873559823808608
02,ATL (Semantic),90,8643,lowrank,9,layer_9,0.08935075332277283
02,ATL (Semantic),90,8643,lowrank,10,layer_10,0.09142251481888095
02,ATL (Semantic),90,8643,lowrank,11,layer_11,0.08754936978332223
02,ATL (Semantic),90,8643,lowrank,12,layer_12,0.0874253857346634
02,ATL (Semantic),90,8643,lowrank,13,layer_13,0.08204320824042927
02,ATL (Semantic),90,8643,lowrank,14,layer_14,0.08359940007076044
02,ATL (Semantic),90,8643,lowrank,15,layer_15,0.08733759803223023
02,ATL (Semantic),90,8643,lowrank,16,layer_16,0.08582719148275308
02,ATL (Semantic),90,8643,lowrank,17,layer_17,0.08542154235636486
02,ATL (Semantic),90,8643,lowrank,18,layer_18,0.08043647803782882
02,ATL (Semantic),90,8643,lowrank,19,layer_19,0.08613372020676795
02,ATL (Semantic),90,8643,lowrank,20,layer_20,0.0842056698165793
02,ATL (Semantic),90,8643,lowrank,21,layer_21,0.08681606538024159
02,ATL (Semantic),90,8643,lowrank,22,layer_22,0.08571355738638524
02,ATL (Semantic),90,8643,lowrank,23,layer_23,0.09071921009071464
02,ATL (Semantic),90,8643,lowrank,24,layer_24,0.09381488592054767
02,ATL (Semantic),90,8643,lowrank,25,layer_25,0.09611213224276775
02,ATL (Semantic),90,8643,lowrank,26,layer_26,0.09745966139858449
02,ATL (Semantic),90,8643,lowrank,27,layer_27,0.10213288593415033
02,ATL (Semantic),90,8643,lowrank,28,layer_28,0.10287564253525425
02,ATL (Semantic),90,8643,lowrank,29,layer_29,0.1049605152411617
02,ATL (Semantic),90,8643,lowrank,30,layer_30,0.10628570907029623
02,ATL (Semantic),90,8643,lowrank,31,layer_31,0.10761901967397096
02,ATL (Semantic),90,8643,lowrank,32,layer_32,0.0955555503750066
02,ATL (Semantic),90,8643,taskvec_a0p25,0,embedding,0.061583497316609656
02,ATL (Semantic),90,8643,taskvec_a0p25,1,layer_1,0.056174939811283055
02,ATL (Semantic),90,8643,taskvec_a0p25,2,layer_2,0.054723734981438316
02,ATL (Semantic),90,8643,taskvec_a0p25,3,layer_3,0.07309826977179881
02,ATL (Semantic),90,8643,taskvec_a0p25,4,layer_4,0.07424727007936463
02,ATL (Semantic),90,8643,taskvec_a0p25,5,layer_5,0.07794801061698468
02,ATL (Semantic),90,8643,taskvec_a0p25,6,layer_6,0.08212325556758346
02,ATL (Semantic),90,8643,taskvec_a0p25,7,layer_7,0.08060424189713403
02,ATL (Semantic),90,8643,taskvec_a0p25,8,layer_8,0.07541952943289142
02,ATL (Semantic),90,8643,taskvec_a0p25,9,layer_9,0.07583065400103887
02,ATL (Semantic),90,8643,taskvec_a0p25,10,layer_10,0.076860518058272
02,ATL (Semantic),90,8643,taskvec_a0p25,11,layer_11,0.07462450040773567
02,ATL (Semantic),90,8643,taskvec_a0p25,12,layer_12,0.07392084094895048
02,ATL (Semantic),90,8643,taskvec_a0p25,13,layer_13,0.07208307856100213
02,ATL (Semantic),90,8643,taskvec_a0p25,14,layer_14,0.07596868997745211
02,ATL (Semantic),90,8643,taskvec_a0p25,15,layer_15,0.07616040926805118
02,ATL (Semantic),90,8643,taskvec_a0p25,16,layer_16,0.0767868209509119
02,ATL (Semantic),90,8643,taskvec_a0p25,17,layer_17,0.0759622751253283
02,ATL (Semantic),90,8643,taskvec_a0p25,18,layer_18,0.0717514521320049
02,ATL (Semantic),90,8643,taskvec_a0p25,19,layer_19,0.0755981711374465
02,ATL (Semantic),90,8643,taskvec_a0p25,20,layer_20,0.0714612608171147
02,ATL (Semantic),90,8643,taskvec_a0p25,21,layer_21,0.0740257083983068
02,ATL (Semantic),90,8643,taskvec_a0p25,22,layer_22,0.07248285529851944
02,ATL (Semantic),90,8643,taskvec_a0p25,23,layer_23,0.07720738856394924
02,ATL (Semantic),90,8643,taskvec_a0p25,24,layer_24,0.07943738233191694
02,ATL (Semantic),90,8643,taskvec_a0p25,25,layer_25,0.08174320943650096
02,ATL (Semantic),90,8643,taskvec_a0p25,26,layer_26,0.08290665843213427
02,ATL (Semantic),90,8643,taskvec_a0p25,27,layer_27,0.08759160831838332
02,ATL (Semantic),90,8643,taskvec_a0p25,28,layer_28,0.08802410078305226
02,ATL (Semantic),90,8643,taskvec_a0p25,29,layer_29,0.09223262353791281
02,ATL (Semantic),90,8643,taskvec_a0p25,30,layer_30,0.09446451405927922
02,ATL (Semantic),90,8643,taskvec_a0p25,31,layer_31,0.09600019969521897
02,ATL (Semantic),90,8643,taskvec_a0p25,32,layer_32,0.0877057968331171
02,ATL (Semantic),90,8643,taskvec_a0p5,0,embedding,0.061583497316609656
02,ATL (Semantic),90,8643,taskvec_a0p5,1,layer_1,0.05537293142851099
02,ATL (Semantic),90,8643,taskvec_a0p5,2,layer_2,0.05213392313360339
02,ATL (Semantic),90,8643,taskvec_a0p5,3,layer_3,0.07044318655609585
02,ATL (Semantic),90,8643,taskvec_a0p5,4,layer_4,0.071976444930497
02,ATL (Semantic),90,8643,taskvec_a0p5,5,layer_5,0.07456883833554784
02,ATL (Semantic),90,8643,taskvec_a0p5,6,layer_6,0.08088905864153106
02,ATL (Semantic),90,8643,taskvec_a0p5,7,layer_7,0.08328516982558393
02,ATL (Semantic),90,8643,taskvec_a0p5,8,layer_8,0.0806465233958825
02,ATL (Semantic),90,8643,taskvec_a0p5,9,layer_9,0.08011202878620853
02,ATL (Semantic),90,8643,taskvec_a0p5,10,layer_10,0.08047520737362379
02,ATL (Semantic),90,8643,taskvec_a0p5,11,layer_11,0.07858582915884604
02,ATL (Semantic),90,8643,taskvec_a0p5,12,layer_12,0.07848688770957055
02,ATL (Semantic),90,8643,taskvec_a0p5,13,layer_13,0.07560812171424344
02,ATL (Semantic),90,8643,taskvec_a0p5,14,layer_14,0.08072107734860798
02,ATL (Semantic),90,8643,taskvec_a0p5,15,layer_15,0.07871650713679805
02,ATL (Semantic),90,8643,taskvec_a0p5,16,layer_16,0.08017773782329196
02,ATL (Semantic),90,8643,taskvec_a0p5,17,layer_17,0.0774229302852099
02,ATL (Semantic),90,8643,taskvec_a0p5,18,layer_18,0.07243100877536865
02,ATL (Semantic),90,8643,taskvec_a0p5,19,layer_19,0.07698044073088249
02,ATL (Semantic),90,8643,taskvec_a0p5,20,layer_20,0.07221398387290001
02,ATL (Semantic),90,8643,taskvec_a0p5,21,layer_21,0.07590993620096034
02,ATL (Semantic),90,8643,taskvec_a0p5,22,layer_22,0.07493200496785007
02,ATL (Semantic),90,8643,taskvec_a0p5,23,layer_23,0.07961917439554916
02,ATL (Semantic),90,8643,taskvec_a0p5,24,layer_24,0.08247226006093324
02,ATL (Semantic),90,8643,taskvec_a0p5,25,layer_25,0.08506526840710958
02,ATL (Semantic),90,8643,taskvec_a0p5,26,layer_26,0.0858484159179184
02,ATL (Semantic),90,8643,taskvec_a0p5,27,layer_27,0.09154973459359578
02,ATL (Semantic),90,8643,taskvec_a0p5,28,layer_28,0.09350192740051773
02,ATL (Semantic),90,8643,taskvec_a0p5,29,layer_29,0.09739465659237688
02,ATL (Semantic),90,8643,taskvec_a0p5,30,layer_30,0.10001934710882526
02,ATL (Semantic),90,8643,taskvec_a0p5,31,layer_31,0.1019449414704846
02,ATL (Semantic),90,8643,taskvec_a0p5,32,layer_32,0.09268860873364232
02,ATL (Semantic),90,8643,taskvec_a1p0,0,embedding,0.061583497316609656
02,ATL (Semantic),90,8643,taskvec_a1p0,1,layer_1,0.048862795186007
02,ATL (Semantic),90,8643,taskvec_a1p0,2,layer_2,0.045740127326175224
02,ATL (Semantic),90,8643,taskvec_a1p0,3,layer_3,0.06297950396185067
02,ATL (Semantic),90,8643,taskvec_a1p0,4,layer_4,0.06562108630578958
02,ATL (Semantic),90,8643,taskvec_a1p0,5,layer_5,0.06602677522028833
02,ATL (Semantic),90,8643,taskvec_a1p0,6,layer_6,0.07604459840712204
02,ATL (Semantic),90,8643,taskvec_a1p0,7,layer_7,0.08125559175893787
02,ATL (Semantic),90,8643,taskvec_a1p0,8,layer_8,0.08088933342233168
02,ATL (Semantic),90,8643,taskvec_a1p0,9,layer_9,0.08112630524406118
02,ATL (Semantic),90,8643,taskvec_a1p0,10,layer_10,0.0819383680636745
02,ATL (Semantic),90,8643,taskvec_a1p0,11,layer_11,0.08401413751141969
02,ATL (Semantic),90,8643,taskvec_a1p0,12,layer_12,0.08287428790887087
02,ATL (Semantic),90,8643,taskvec_a1p0,13,layer_13,0.07926302261260498
02,ATL (Semantic),90,8643,taskvec_a1p0,14,layer_14,0.08211514234221746
02,ATL (Semantic),90,8643,taskvec_a1p0,15,layer_15,0.08188326246463759
02,ATL (Semantic),90,8643,taskvec_a1p0,16,layer_16,0.0851368143413222
02,ATL (Semantic),90,8643,taskvec_a1p0,17,layer_17,0.08032450439457905
02,ATL (Semantic),90,8643,taskvec_a1p0,18,layer_18,0.07249917234659224
02,ATL (Semantic),90,8643,taskvec_a1p0,19,layer_19,0.07589582132206399
02,ATL (Semantic),90,8643,taskvec_a1p0,20,layer_20,0.07188607473685474
02,ATL (Semantic),90,8643,taskvec_a1p0,21,layer_21,0.07467986229450775
02,ATL (Semantic),90,8643,taskvec_a1p0,22,layer_22,0.07410561712086952
02,ATL (Semantic),90,8643,taskvec_a1p0,23,layer_23,0.0754730907675648
02,ATL (Semantic),90,8643,taskvec_a1p0,24,layer_24,0.07854284062724212
02,ATL (Semantic),90,8643,taskvec_a1p0,25,layer_25,0.08276651742183781
02,ATL (Semantic),90,8643,taskvec_a1p0,26,layer_26,0.08231514073537556
02,ATL (Semantic),90,8643,taskvec_a1p0,27,layer_27,0.08728643631289663
02,ATL (Semantic),90,8643,taskvec_a1p0,28,layer_28,0.0890233117437255
02,ATL (Semantic),90,8643,taskvec_a1p0,29,layer_29,0.09021382207165331
02,ATL (Semantic),90,8643,taskvec_a1p0,30,layer_30,0.09412968889035687
02,ATL (Semantic),90,8643,taskvec_a1p0,31,layer_31,0.09416981211760952
02,ATL (Semantic),90,8643,taskvec_a1p0,32,layer_32,0.08825245595707881
02,Prefrontal,90,8492,base,0,embedding,0.025516990215263206
02,Prefrontal,90,8492,base,1,layer_1,0.015460136393904282
02,Prefrontal,90,8492,base,2,layer_2,0.012153000019514854
02,Prefrontal,90,8492,base,3,layer_3,0.02006060584765561
02,Prefrontal,90,8492,base,4,layer_4,0.024487406737065957
02,Prefrontal,90,8492,base,5,layer_5,0.02412342304750883
02,Prefrontal,90,8492,base,6,layer_6,0.018068242740223533
02,Prefrontal,90,8492,base,7,layer_7,0.011572702756713259
02,Prefrontal,90,8492,base,8,layer_8,0.013780910199204107
02,Prefrontal,90,8492,base,9,layer_9,0.013695834439438137
02,Prefrontal,90,8492,base,10,layer_10,0.013915423526849087
02,Prefrontal,90,8492,base,11,layer_11,0.013849601102990683
02,Prefrontal,90,8492,base,12,layer_12,0.012014901465556943
02,Prefrontal,90,8492,base,13,layer_13,0.010130965068783061
02,Prefrontal,90,8492,base,14,layer_14,0.00990177976159678
02,Prefrontal,90,8492,base,15,layer_15,0.017317061146822126
02,Prefrontal,90,8492,base,16,layer_16,0.02167448595503143
02,Prefrontal,90,8492,base,17,layer_17,0.013908292675535073
02,Prefrontal,90,8492,base,18,layer_18,0.014754647616029702
02,Prefrontal,90,8492,base,19,layer_19,0.014492530829261689
02,Prefrontal,90,8492,base,20,layer_20,0.016665157987444223
02,Prefrontal,90,8492,base,21,layer_21,0.01659156137775288
02,Prefrontal,90,8492,base,22,layer_22,0.015656606347536246
02,Prefrontal,90,8492,base,23,layer_23,0.01665631325860084
02,Prefrontal,90,8492,base,24,layer_24,0.01712998604403071
02,Prefrontal,90,8492,base,25,layer_25,0.017087367934131497
02,Prefrontal,90,8492,base,26,layer_26,0.017092171461179747
02,Prefrontal,90,8492,base,27,layer_27,0.016970600477362808
02,Prefrontal,90,8492,base,28,layer_28,0.019919161543242275
02,Prefrontal,90,8492,base,29,layer_29,0.021349088513510417
02,Prefrontal,90,8492,base,30,layer_30,0.02050644059204253
02,Prefrontal,90,8492,base,31,layer_31,0.021579381349838028
02,Prefrontal,90,8492,base,32,layer_32,0.011340406504963043
02,Prefrontal,90,8492,scrambled,0,embedding,0.025516990215263206
02,Prefrontal,90,8492,scrambled,1,layer_1,0.01874551819858579
02,Prefrontal,90,8492,scrambled,2,layer_2,0.012261998334013906
02,Prefrontal,90,8492,scrambled,3,layer_3,0.017541756001482143
02,Prefrontal,90,8492,scrambled,4,layer_4,0.024993017420107125
02,Prefrontal,90,8492,scrambled,5,layer_5,0.01987541386196213
02,Prefrontal,90,8492,scrambled,6,layer_6,0.01610937262908744
02,Prefrontal,90,8492,scrambled,7,layer_7,0.018362321895224788
02,Prefrontal,90,8492,scrambled,8,layer_8,0.019715066842690015
02,Prefrontal,90,8492,scrambled,9,layer_9,0.018038396240194668
02,Prefrontal,90,8492,scrambled,10,layer_10,0.018656673776241618
02,Prefrontal,90,8492,scrambled,11,layer_11,0.019123488623171685
02,Prefrontal,90,8492,scrambled,12,layer_12,0.02174497367494389
02,Prefrontal,90,8492,scrambled,13,layer_13,0.021844676889076584
02,Prefrontal,90,8492,scrambled,14,layer_14,0.016964520928799232
02,Prefrontal,90,8492,scrambled,15,layer_15,0.012330183387081186
02,Prefrontal,90,8492,scrambled,16,layer_16,0.010310472771836906
02,Prefrontal,90,8492,scrambled,17,layer_17,0.00736646286804196
02,Prefrontal,90,8492,scrambled,18,layer_18,0.013399836862395832
02,Prefrontal,90,8492,scrambled,19,layer_19,0.0074863681683788605
02,Prefrontal,90,8492,scrambled,20,layer_20,0.005080493953364423
02,Prefrontal,90,8492,scrambled,21,layer_21,0.007199441906931234
02,Prefrontal,90,8492,scrambled,22,layer_22,0.0043863539401131895
02,Prefrontal,90,8492,scrambled,23,layer_23,0.005802883151467017
02,Prefrontal,90,8492,scrambled,24,layer_24,0.005653972318582146
02,Prefrontal,90,8492,scrambled,25,layer_25,0.007947339393428688
02,Prefrontal,90,8492,scrambled,26,layer_26,0.005638912985757887
02,Prefrontal,90,8492,scrambled,27,layer_27,0.007389193647446717
02,Prefrontal,90,8492,scrambled,28,layer_28,0.009744206141744666
02,Prefrontal,90,8492,scrambled,29,layer_29,0.01022521936656353
02,Prefrontal,90,8492,scrambled,30,layer_30,0.013056664596209211
02,Prefrontal,90,8492,scrambled,31,layer_31,0.015489005750243109
02,Prefrontal,90,8492,scrambled,32,layer_32,0.016768324448377406
02,Prefrontal,90,8492,lowLR,0,embedding,0.025516990215263206
02,Prefrontal,90,8492,lowLR,1,layer_1,0.014539637150103476
02,Prefrontal,90,8492,lowLR,2,layer_2,0.009423078917152414
02,Prefrontal,90,8492,lowLR,3,layer_3,0.014656242092054666
02,Prefrontal,90,8492,lowLR,4,layer_4,0.020866030403970684
02,Prefrontal,90,8492,lowLR,5,layer_5,0.01737788689383769
02,Prefrontal,90,8492,lowLR,6,layer_6,0.015403938396415974
02,Prefrontal,90,8492,lowLR,7,layer_7,0.014009602544777311
02,Prefrontal,90,8492,lowLR,8,layer_8,0.01690607611725934
02,Prefrontal,90,8492,lowLR,9,layer_9,0.014777912826345796
02,Prefrontal,90,8492,lowLR,10,layer_10,0.017804756345821154
02,Prefrontal,90,8492,lowLR,11,layer_11,0.017387537098420214
02,Prefrontal,90,8492,lowLR,12,layer_12,0.019491501559410932
02,Prefrontal,90,8492,lowLR,13,layer_13,0.0168316559123607
02,Prefrontal,90,8492,lowLR,14,layer_14,0.01821086705165082
02,Prefrontal,90,8492,lowLR,15,layer_15,0.024421159533098372
02,Prefrontal,90,8492,lowLR,16,layer_16,0.027491427198608004
02,Prefrontal,90,8492,lowLR,17,layer_17,0.016081526929300215
02,Prefrontal,90,8492,lowLR,18,layer_18,0.014711174715550175
02,Prefrontal,90,8492,lowLR,19,layer_19,0.014323753587330132
02,Prefrontal,90,8492,lowLR,20,layer_20,0.014645840956936116
02,Prefrontal,90,8492,lowLR,21,layer_21,0.01821513166462035
02,Prefrontal,90,8492,lowLR,22,layer_22,0.01742355822752082
02,Prefrontal,90,8492,lowLR,23,layer_23,0.018292716051695558
02,Prefrontal,90,8492,lowLR,24,layer_24,0.019471718462558046
02,Prefrontal,90,8492,lowLR,25,layer_25,0.020803377392650788
02,Prefrontal,90,8492,lowLR,26,layer_26,0.02237155328978269
02,Prefrontal,90,8492,lowLR,27,layer_27,0.025440130053995775
02,Prefrontal,90,8492,lowLR,28,layer_28,0.026480161187650515
02,Prefrontal,90,8492,lowLR,29,layer_29,0.027819610181460667
02,Prefrontal,90,8492,lowLR,30,layer_30,0.028289272960468417
02,Prefrontal,90,8492,lowLR,31,layer_31,0.03191918505745518
02,Prefrontal,90,8492,lowLR,32,layer_32,0.02442628902377482
02,Prefrontal,90,8492,lowrank,0,embedding,0.025516990215263206
02,Prefrontal,90,8492,lowrank,1,layer_1,0.008924716021374405
02,Prefrontal,90,8492,lowrank,2,layer_2,0.006722021193572294
02,Prefrontal,90,8492,lowrank,3,layer_3,0.01446970403535556
02,Prefrontal,90,8492,lowrank,4,layer_4,0.022947254185228687
02,Prefrontal,90,8492,lowrank,5,layer_5,0.02009455836860797
02,Prefrontal,90,8492,lowrank,6,layer_6,0.016292071226523482
02,Prefrontal,90,8492,lowrank,7,layer_7,0.01395139440711532
02,Prefrontal,90,8492,lowrank,8,layer_8,0.017367159795090934
02,Prefrontal,90,8492,lowrank,9,layer_9,0.016163524621063033
02,Prefrontal,90,8492,lowrank,10,layer_10,0.018469787900473336
02,Prefrontal,90,8492,lowrank,11,layer_11,0.01744240639717649
02,Prefrontal,90,8492,lowrank,12,layer_12,0.018255996669275628
02,Prefrontal,90,8492,lowrank,13,layer_13,0.01610754573838039
02,Prefrontal,90,8492,lowrank,14,layer_14,0.018827539240178708
02,Prefrontal,90,8492,lowrank,15,layer_15,0.0251822563983536
02,Prefrontal,90,8492,lowrank,16,layer_16,0.028004833736124442
02,Prefrontal,90,8492,lowrank,17,layer_17,0.018306902474471348
02,Prefrontal,90,8492,lowrank,18,layer_18,0.016315782325195174
02,Prefrontal,90,8492,lowrank,19,layer_19,0.017917289264201483
02,Prefrontal,90,8492,lowrank,20,layer_20,0.0200150609766523
02,Prefrontal,90,8492,lowrank,21,layer_21,0.023008575695836943
02,Prefrontal,90,8492,lowrank,22,layer_22,0.022993968789320706
02,Prefrontal,90,8492,lowrank,23,layer_23,0.023307306323792833
02,Prefrontal,90,8492,lowrank,24,layer_24,0.025585158837527478
02,Prefrontal,90,8492,lowrank,25,layer_25,0.026922048503159983
02,Prefrontal,90,8492,lowrank,26,layer_26,0.028847209678771333
02,Prefrontal,90,8492,lowrank,27,layer_27,0.03253549765859952
02,Prefrontal,90,8492,lowrank,28,layer_28,0.034008238690541086
02,Prefrontal,90,8492,lowrank,29,layer_29,0.035257412384418506
02,Prefrontal,90,8492,lowrank,30,layer_30,0.035065539545336706
02,Prefrontal,90,8492,lowrank,31,layer_31,0.03674165516907023
02,Prefrontal,90,8492,lowrank,32,layer_32,0.024117328928651274
02,Prefrontal,90,8492,taskvec_a0p25,0,embedding,0.025516990215263206
02,Prefrontal,90,8492,taskvec_a0p25,1,layer_1,0.016327576230979555
02,Prefrontal,90,8492,taskvec_a0p25,2,layer_2,0.010337609570782285
02,Prefrontal,90,8492,taskvec_a0p25,3,layer_3,0.015044258547542948
02,Prefrontal,90,8492,taskvec_a0p25,4,layer_4,0.021050557946898828
02,Prefrontal,90,8492,taskvec_a0p25,5,layer_5,0.02102343702583792
02,Prefrontal,90,8492,taskvec_a0p25,6,layer_6,0.01730202161465379
02,Prefrontal,90,8492,taskvec_a0p25,7,layer_7,0.015354562658887072
02,Prefrontal,90,8492,taskvec_a0p25,8,layer_8,0.015653533509895037
02,Prefrontal,90,8492,taskvec_a0p25,9,layer_9,0.014213318604484665
02,Prefrontal,90,8492,taskvec_a0p25,10,layer_10,0.016034889286248206
02,Prefrontal,90,8492,taskvec_a0p25,11,layer_11,0.015152080964598144
02,Prefrontal,90,8492,taskvec_a0p25,12,layer_12,0.016750981688967968
02,Prefrontal,90,8492,taskvec_a0p25,13,layer_13,0.015473419458453146
02,Prefrontal,90,8492,taskvec_a0p25,14,layer_14,0.016108072510547453
02,Prefrontal,90,8492,taskvec_a0p25,15,layer_15,0.02230653615486479
02,Prefrontal,90,8492,taskvec_a0p25,16,layer_16,0.023526344915609336
02,Prefrontal,90,8492,taskvec_a0p25,17,layer_17,0.014235546148351099
02,Prefrontal,90,8492,taskvec_a0p25,18,layer_18,0.013495356347370462
02,Prefrontal,90,8492,taskvec_a0p25,19,layer_19,0.013817551312993545
02,Prefrontal,90,8492,taskvec_a0p25,20,layer_20,0.014439609653530347
02,Prefrontal,90,8492,taskvec_a0p25,21,layer_21,0.016875757016669244
02,Prefrontal,90,8492,taskvec_a0p25,22,layer_22,0.01680026066480093
02,Prefrontal,90,8492,taskvec_a0p25,23,layer_23,0.018460010672815063
02,Prefrontal,90,8492,taskvec_a0p25,24,layer_24,0.01915198587661803
02,Prefrontal,90,8492,taskvec_a0p25,25,layer_25,0.020136653815910215
02,Prefrontal,90,8492,taskvec_a0p25,26,layer_26,0.021543719994919597
02,Prefrontal,90,8492,taskvec_a0p25,27,layer_27,0.024066609548499075
02,Prefrontal,90,8492,taskvec_a0p25,28,layer_28,0.026112696131824743
02,Prefrontal,90,8492,taskvec_a0p25,29,layer_29,0.028711012174580868
02,Prefrontal,90,8492,taskvec_a0p25,30,layer_30,0.030011984010761127
02,Prefrontal,90,8492,taskvec_a0p25,31,layer_31,0.03074873298077817
02,Prefrontal,90,8492,taskvec_a0p25,32,layer_32,0.01916777353734278
02,Prefrontal,90,8492,taskvec_a0p5,0,embedding,0.025516990215263206
02,Prefrontal,90,8492,taskvec_a0p5,1,layer_1,0.016716797164103736
02,Prefrontal,90,8492,taskvec_a0p5,2,layer_2,0.009605091776778069
02,Prefrontal,90,8492,taskvec_a0p5,3,layer_3,0.012269295249319596
02,Prefrontal,90,8492,taskvec_a0p5,4,layer_4,0.019225382985360997
02,Prefrontal,90,8492,taskvec_a0p5,5,layer_5,0.01738331414154758
02,Prefrontal,90,8492,taskvec_a0p5,6,layer_6,0.016449356802871476
02,Prefrontal,90,8492,taskvec_a0p5,7,layer_7,0.017790502675534677
02,Prefrontal,90,8492,taskvec_a0p5,8,layer_8,0.018726940886959285
02,Prefrontal,90,8492,taskvec_a0p5,9,layer_9,0.017026956693299875
02,Prefrontal,90,8492,taskvec_a0p5,10,layer_10,0.01751404554391086
02,Prefrontal,90,8492,taskvec_a0p5,11,layer_11,0.01581541545359863
02,Prefrontal,90,8492,taskvec_a0p5,12,layer_12,0.018005345396281465
02,Prefrontal,90,8492,taskvec_a0p5,13,layer_13,0.016694982632032115
02,Prefrontal,90,8492,taskvec_a0p5,14,layer_14,0.018236970106917993
02,Prefrontal,90,8492,taskvec_a0p5,15,layer_15,0.021580646723830827
02,Prefrontal,90,8492,taskvec_a0p5,16,layer_16,0.02336588488315953
02,Prefrontal,90,8492,taskvec_a0p5,17,layer_17,0.014575840594677508
02,Prefrontal,90,8492,taskvec_a0p5,18,layer_18,0.014076267990901658
02,Prefrontal,90,8492,taskvec_a0p5,19,layer_19,0.015520876400343718
02,Prefrontal,90,8492,taskvec_a0p5,20,layer_20,0.015049973465159674
02,Prefrontal,90,8492,taskvec_a0p5,21,layer_21,0.01876127522433345
02,Prefrontal,90,8492,taskvec_a0p5,22,layer_22,0.01915839923435272
02,Prefrontal,90,8492,taskvec_a0p5,23,layer_23,0.020983336961616736
02,Prefrontal,90,8492,taskvec_a0p5,24,layer_24,0.022457090255392803
02,Prefrontal,90,8492,taskvec_a0p5,25,layer_25,0.024208259518215935
02,Prefrontal,90,8492,taskvec_a0p5,26,layer_26,0.0253111676347609
02,Prefrontal,90,8492,taskvec_a0p5,27,layer_27,0.02885544899321987
02,Prefrontal,90,8492,taskvec_a0p5,28,layer_28,0.03066413187635848
02,Prefrontal,90,8492,taskvec_a0p5,29,layer_29,0.03450853980901606
02,Prefrontal,90,8492,taskvec_a0p5,30,layer_30,0.0363926284466822
02,Prefrontal,90,8492,taskvec_a0p5,31,layer_31,0.037426912159756714
02,Prefrontal,90,8492,taskvec_a0p5,32,layer_32,0.02648049032685561
02,Prefrontal,90,8492,taskvec_a1p0,0,embedding,0.025516990215263206
02,Prefrontal,90,8492,taskvec_a1p0,1,layer_1,0.014556788254107444
02,Prefrontal,90,8492,taskvec_a1p0,2,layer_2,0.008438416581819454
02,Prefrontal,90,8492,taskvec_a1p0,3,layer_3,0.00837365928381091
02,Prefrontal,90,8492,taskvec_a1p0,4,layer_4,0.013711238415754674
02,Prefrontal,90,8492,taskvec_a1p0,5,layer_5,0.012014146985846741
02,Prefrontal,90,8492,taskvec_a1p0,6,layer_6,0.014896855740085278
02,Prefrontal,90,8492,taskvec_a1p0,7,layer_7,0.017688906817573367
02,Prefrontal,90,8492,taskvec_a1p0,8,layer_8,0.018432068771727823
02,Prefrontal,90,8492,taskvec_a1p0,9,layer_9,0.01822620508804716
02,Prefrontal,90,8492,taskvec_a1p0,10,layer_10,0.019198392262952727
02,Prefrontal,90,8492,taskvec_a1p0,11,layer_11,0.01918337495982265
02,Prefrontal,90,8492,taskvec_a1p0,12,layer_12,0.020402454645472145
02,Prefrontal,90,8492,taskvec_a1p0,13,layer_13,0.019968140333659474
02,Prefrontal,90,8492,taskvec_a1p0,14,layer_14,0.02037506996473042
02,Prefrontal,90,8492,taskvec_a1p0,15,layer_15,0.02200534146603806
02,Prefrontal,90,8492,taskvec_a1p0,16,layer_16,0.027103479485019535
02,Prefrontal,90,8492,taskvec_a1p0,17,layer_17,0.02037533746038405
02,Prefrontal,90,8492,taskvec_a1p0,18,layer_18,0.017653920926540088
02,Prefrontal,90,8492,taskvec_a1p0,19,layer_19,0.019182122101338784
02,Prefrontal,90,8492,taskvec_a1p0,20,layer_20,0.017072684813769817
02,Prefrontal,90,8492,taskvec_a1p0,21,layer_21,0.020875137024508474
02,Prefrontal,90,8492,taskvec_a1p0,22,layer_22,0.020726017724340465
02,Prefrontal,90,8492,taskvec_a1p0,23,layer_23,0.02210366311742338
02,Prefrontal,90,8492,taskvec_a1p0,24,layer_24,0.024284806799237404
02,Prefrontal,90,8492,taskvec_a1p0,25,layer_25,0.027403027730626223
02,Prefrontal,90,8492,taskvec_a1p0,26,layer_26,0.027267602265218203
02,Prefrontal,90,8492,taskvec_a1p0,27,layer_27,0.030952087585115574
02,Prefrontal,90,8492,taskvec_a1p0,28,layer_28,0.030078224489977653
02,Prefrontal,90,8492,taskvec_a1p0,29,layer_29,0.03292839833814889
02,Prefrontal,90,8492,taskvec_a1p0,30,layer_30,0.03617527533900166
02,Prefrontal,90,8492,taskvec_a1p0,31,layer_31,0.03758022658379988
02,Prefrontal,90,8492,taskvec_a1p0,32,layer_32,0.03138896533467598
02,TGd,90,2136,base,0,embedding,0.059054834696243466
02,TGd,90,2136,base,1,layer_1,0.05910071723374241
02,TGd,90,2136,base,2,layer_2,0.06461064314284484
02,TGd,90,2136,base,3,layer_3,0.05630919946637381
02,TGd,90,2136,base,4,layer_4,0.052302014450925916
02,TGd,90,2136,base,5,layer_5,0.04945868957491973
02,TGd,90,2136,base,6,layer_6,0.047091952850730416
02,TGd,90,2136,base,7,layer_7,0.046957076760125005
02,TGd,90,2136,base,8,layer_8,0.05260276455898753
02,TGd,90,2136,base,9,layer_9,0.05265710129481888
02,TGd,90,2136,base,10,layer_10,0.05320087157780057
02,TGd,90,2136,base,11,layer_11,0.053627161767198915
02,TGd,90,2136,base,12,layer_12,0.0528905796083681
02,TGd,90,2136,base,13,layer_13,0.053048540088205316
02,TGd,90,2136,base,14,layer_14,0.05576487812740177
02,TGd,90,2136,base,15,layer_15,0.0628823664270494
02,TGd,90,2136,base,16,layer_16,0.06326425457952886
02,TGd,90,2136,base,17,layer_17,0.05815684424961521
02,TGd,90,2136,base,18,layer_18,0.05598084033240288
02,TGd,90,2136,base,19,layer_19,0.053666905980009366
02,TGd,90,2136,base,20,layer_20,0.05374188732802498
02,TGd,90,2136,base,21,layer_21,0.0469026830507082
02,TGd,90,2136,base,22,layer_22,0.04079633504653279
02,TGd,90,2136,base,23,layer_23,0.04516289580266648
02,TGd,90,2136,base,24,layer_24,0.04508565923466045
02,TGd,90,2136,base,25,layer_25,0.04328433771235861
02,TGd,90,2136,base,26,layer_26,0.041979477475671385
02,TGd,90,2136,base,27,layer_27,0.04409948999469214
02,TGd,90,2136,base,28,layer_28,0.045370418445076124
02,TGd,90,2136,base,29,layer_29,0.04613888713189201
02,TGd,90,2136,base,30,layer_30,0.04569414646714428
02,TGd,90,2136,base,31,layer_31,0.047041304640860364
02,TGd,90,2136,base,32,layer_32,0.036674943583681605
02,TGd,90,2136,scrambled,0,embedding,0.059054834696243466
02,TGd,90,2136,scrambled,1,layer_1,0.05729601689762572
02,TGd,90,2136,scrambled,2,layer_2,0.05884949211532371
02,TGd,90,2136,scrambled,3,layer_3,0.058395454669021844
02,TGd,90,2136,scrambled,4,layer_4,0.05502890848131415
02,TGd,90,2136,scrambled,5,layer_5,0.05577945738771915
02,TGd,90,2136,scrambled,6,layer_6,0.0568627081228965
02,TGd,90,2136,scrambled,7,layer_7,0.063494447291785
02,TGd,90,2136,scrambled,8,layer_8,0.07318990814141346
02,TGd,90,2136,scrambled,9,layer_9,0.06856046472408446
02,TGd,90,2136,scrambled,10,layer_10,0.07334240737618818
02,TGd,90,2136,scrambled,11,layer_11,0.0725804194814163
02,TGd,90,2136,scrambled,12,layer_12,0.07856025530412827
02,TGd,90,2136,scrambled,13,layer_13,0.08046639907051537
02,TGd,90,2136,scrambled,14,layer_14,0.07415565991634473
02,TGd,90,2136,scrambled,15,layer_15,0.07096796950443447
02,TGd,90,2136,scrambled,16,layer_16,0.06966707201411325
02,TGd,90,2136,scrambled,17,layer_17,0.06914207032456625
02,TGd,90,2136,scrambled,18,layer_18,0.07580008440347147
02,TGd,90,2136,scrambled,19,layer_19,0.06797874405563994
02,TGd,90,2136,scrambled,20,layer_20,0.06310137438388881
02,TGd,90,2136,scrambled,21,layer_21,0.06272080745819576
02,TGd,90,2136,scrambled,22,layer_22,0.05775002856571516
02,TGd,90,2136,scrambled,23,layer_23,0.06098054854358602
02,TGd,90,2136,scrambled,24,layer_24,0.06282171776514534
02,TGd,90,2136,scrambled,25,layer_25,0.06216572801190257
02,TGd,90,2136,scrambled,26,layer_26,0.05935595665495198
02,TGd,90,2136,scrambled,27,layer_27,0.06525364964335723
02,TGd,90,2136,scrambled,28,layer_28,0.06732651736101618
02,TGd,90,2136,scrambled,29,layer_29,0.07015965946951493
02,TGd,90,2136,scrambled,30,layer_30,0.07461065227729838
02,TGd,90,2136,scrambled,31,layer_31,0.07857302131003938
02,TGd,90,2136,scrambled,32,layer_32,0.08135822248136923
02,TGd,90,2136,lowLR,0,embedding,0.059054834696243466
02,TGd,90,2136,lowLR,1,layer_1,0.05888701884146919
02,TGd,90,2136,lowLR,2,layer_2,0.058944917640582004
02,TGd,90,2136,lowLR,3,layer_3,0.04931334136571225
02,TGd,90,2136,lowLR,4,layer_4,0.04500300494567521
02,TGd,90,2136,lowLR,5,layer_5,0.04317323567156683
02,TGd,90,2136,lowLR,6,layer_6,0.0428340993768134
02,TGd,90,2136,lowLR,7,layer_7,0.04398698360171881
02,TGd,90,2136,lowLR,8,layer_8,0.050563267297716194
02,TGd,90,2136,lowLR,9,layer_9,0.04753565902460538
02,TGd,90,2136,lowLR,10,layer_10,0.05133616498030552
02,TGd,90,2136,lowLR,11,layer_11,0.052428616669334245
02,TGd,90,2136,lowLR,12,layer_12,0.05692190311777786
02,TGd,90,2136,lowLR,13,layer_13,0.053852468947803475
02,TGd,90,2136,lowLR,14,layer_14,0.05810695668381051
02,TGd,90,2136,lowLR,15,layer_15,0.06788553676424118
02,TGd,90,2136,lowLR,16,layer_16,0.06782702507878789
02,TGd,90,2136,lowLR,17,layer_17,0.0611812954388978
02,TGd,90,2136,lowLR,18,layer_18,0.056819560625649246
02,TGd,90,2136,lowLR,19,layer_19,0.0554351930966784
02,TGd,90,2136,lowLR,20,layer_20,0.05455911363566735
02,TGd,90,2136,lowLR,21,layer_21,0.05259742249145785
02,TGd,90,2136,lowLR,22,layer_22,0.047474212172109155
02,TGd,90,2136,lowLR,23,layer_23,0.05166526122171306
02,TGd,90,2136,lowLR,24,layer_24,0.05198559231049821
02,TGd,90,2136,lowLR,25,layer_25,0.05169047474185273
02,TGd,90,2136,lowLR,26,layer_26,0.051763353857964746
02,TGd,90,2136,lowLR,27,layer_27,0.055875536708220264
02,TGd,90,2136,lowLR,28,layer_28,0.056889937947564986
02,TGd,90,2136,lowLR,29,layer_29,0.059896122658159384
02,TGd,90,2136,lowLR,30,layer_30,0.057574641453878785
02,TGd,90,2136,lowLR,31,layer_31,0.06336920646187084
02,TGd,90,2136,lowLR,32,layer_32,0.0584821912555032
02,TGd,90,2136,lowrank,0,embedding,0.059054834696243466
02,TGd,90,2136,lowrank,1,layer_1,0.05791795325865008
02,TGd,90,2136,lowrank,2,layer_2,0.060127229189366325
02,TGd,90,2136,lowrank,3,layer_3,0.05311723285997829
02,TGd,90,2136,lowrank,4,layer_4,0.04893085919355504
02,TGd,90,2136,lowrank,5,layer_5,0.04744042384716206
02,TGd,90,2136,lowrank,6,layer_6,0.04273526440276316
02,TGd,90,2136,lowrank,7,layer_7,0.04210484663625178
02,TGd,90,2136,lowrank,8,layer_8,0.048747410225978886
02,TGd,90,2136,lowrank,9,layer_9,0.04693725947912085
02,TGd,90,2136,lowrank,10,layer_10,0.05129146425235999
02,TGd,90,2136,lowrank,11,layer_11,0.04941675514804586
02,TGd,90,2136,lowrank,12,layer_12,0.05320389043063459
02,TGd,90,2136,lowrank,13,layer_13,0.0487031395085045
02,TGd,90,2136,lowrank,14,layer_14,0.05720556357858832
02,TGd,90,2136,lowrank,15,layer_15,0.07000777013230243
02,TGd,90,2136,lowrank,16,layer_16,0.07182813110606813
02,TGd,90,2136,lowrank,17,layer_17,0.06696462880501429
02,TGd,90,2136,lowrank,18,layer_18,0.06220823983337517
02,TGd,90,2136,lowrank,19,layer_19,0.06258911124085273
02,TGd,90,2136,lowrank,20,layer_20,0.061561421332999924
02,TGd,90,2136,lowrank,21,layer_21,0.059590509060685824
02,TGd,90,2136,lowrank,22,layer_22,0.05483453889159938
02,TGd,90,2136,lowrank,23,layer_23,0.059861869951791255
02,TGd,90,2136,lowrank,24,layer_24,0.06146815576042523
02,TGd,90,2136,lowrank,25,layer_25,0.06179631782183012
02,TGd,90,2136,lowrank,26,layer_26,0.06114301087066658
02,TGd,90,2136,lowrank,27,layer_27,0.06525587161318958
02,TGd,90,2136,lowrank,28,layer_28,0.06666974436107255
02,TGd,90,2136,lowrank,29,layer_29,0.06990002841226006
02,TGd,90,2136,lowrank,30,layer_30,0.06447123942678364
02,TGd,90,2136,lowrank,31,layer_31,0.06842462082972105
02,TGd,90,2136,lowrank,32,layer_32,0.05562396825389975
02,TGd,90,2136,taskvec_a0p25,0,embedding,0.059054834696243466
02,TGd,90,2136,taskvec_a0p25,1,layer_1,0.056295137077895525
02,TGd,90,2136,taskvec_a0p25,2,layer_2,0.057808678482162645
02,TGd,90,2136,taskvec_a0p25,3,layer_3,0.049280753782428244
02,TGd,90,2136,taskvec_a0p25,4,layer_4,0.047364778990374314
02,TGd,90,2136,taskvec_a0p25,5,layer_5,0.04566562324868686
02,TGd,90,2136,taskvec_a0p25,6,layer_6,0.043303070440454255
02,TGd,90,2136,taskvec_a0p25,7,layer_7,0.045501395674450704
02,TGd,90,2136,taskvec_a0p25,8,layer_8,0.044922388816659775
02,TGd,90,2136,taskvec_a0p25,9,layer_9,0.04214402746436157
02,TGd,90,2136,taskvec_a0p25,10,layer_10,0.0453203842423384
02,TGd,90,2136,taskvec_a0p25,11,layer_11,0.045191401648850306
02,TGd,90,2136,taskvec_a0p25,12,layer_12,0.047960735396435784
02,TGd,90,2136,taskvec_a0p25,13,layer_13,0.048394008679423256
02,TGd,90,2136,taskvec_a0p25,14,layer_14,0.057398152043263026
02,TGd,90,2136,taskvec_a0p25,15,layer_15,0.06840300243622228
02,TGd,90,2136,taskvec_a0p25,16,layer_16,0.06637562616515537
02,TGd,90,2136,taskvec_a0p25,17,layer_17,0.062179473029490145
02,TGd,90,2136,taskvec_a0p25,18,layer_18,0.05581173581925264
02,TGd,90,2136,taskvec_a0p25,19,layer_19,0.0533903063210226
02,TGd,90,2136,taskvec_a0p25,20,layer_20,0.05277353961238248
02,TGd,90,2136,taskvec_a0p25,21,layer_21,0.051089279194312665
02,TGd,90,2136,taskvec_a0p25,22,layer_22,0.04605411529351462
02,TGd,90,2136,taskvec_a0p25,23,layer_23,0.049856764576819326
02,TGd,90,2136,taskvec_a0p25,24,layer_24,0.0505698418626779
02,TGd,90,2136,taskvec_a0p25,25,layer_25,0.05010466206425078
02,TGd,90,2136,taskvec_a0p25,26,layer_26,0.05003184365769701
02,TGd,90,2136,taskvec_a0p25,27,layer_27,0.054425059645880104
02,TGd,90,2136,taskvec_a0p25,28,layer_28,0.056106544609744874
02,TGd,90,2136,taskvec_a0p25,29,layer_29,0.06021916849159133
02,TGd,90,2136,taskvec_a0p25,30,layer_30,0.06005115058613464
02,TGd,90,2136,taskvec_a0p25,31,layer_31,0.06377278940849315
02,TGd,90,2136,taskvec_a0p25,32,layer_32,0.05881431961244826
02,TGd,90,2136,taskvec_a0p5,0,embedding,0.059054834696243466
02,TGd,90,2136,taskvec_a0p5,1,layer_1,0.05250696693083675
02,TGd,90,2136,taskvec_a0p5,2,layer_2,0.053083870249133594
02,TGd,90,2136,taskvec_a0p5,3,layer_3,0.04766024213650528
02,TGd,90,2136,taskvec_a0p5,4,layer_4,0.04533184340495845
02,TGd,90,2136,taskvec_a0p5,5,layer_5,0.04373074219259997
02,TGd,90,2136,taskvec_a0p5,6,layer_6,0.04232540726339354
02,TGd,90,2136,taskvec_a0p5,7,layer_7,0.0478087261344959
02,TGd,90,2136,taskvec_a0p5,8,layer_8,0.049095618770320204
02,TGd,90,2136,taskvec_a0p5,9,layer_9,0.0453015153380336
02,TGd,90,2136,taskvec_a0p5,10,layer_10,0.047417056457989444
02,TGd,90,2136,taskvec_a0p5,11,layer_11,0.0465691774273845
02,TGd,90,2136,taskvec_a0p5,12,layer_12,0.04911428649248885
02,TGd,90,2136,taskvec_a0p5,13,layer_13,0.05045651878604696
02,TGd,90,2136,taskvec_a0p5,14,layer_14,0.06216121887951223
02,TGd,90,2136,taskvec_a0p5,15,layer_15,0.07090967207702219
02,TGd,90,2136,taskvec_a0p5,16,layer_16,0.0699151361259323
02,TGd,90,2136,taskvec_a0p5,17,layer_17,0.06492643110188703
02,TGd,90,2136,taskvec_a0p5,18,layer_18,0.059733053422294846
02,TGd,90,2136,taskvec_a0p5,19,layer_19,0.05773358356057342
02,TGd,90,2136,taskvec_a0p5,20,layer_20,0.05700548859798749
02,TGd,90,2136,taskvec_a0p5,21,layer_21,0.05826272582879246
02,TGd,90,2136,taskvec_a0p5,22,layer_22,0.054531351995268484
02,TGd,90,2136,taskvec_a0p5,23,layer_23,0.0584786693539295
02,TGd,90,2136,taskvec_a0p5,24,layer_24,0.06019111693970193
02,TGd,90,2136,taskvec_a0p5,25,layer_25,0.060415545606298804
02,TGd,90,2136,taskvec_a0p5,26,layer_26,0.061129902649645504
02,TGd,90,2136,taskvec_a0p5,27,layer_27,0.06581607419900543
02,TGd,90,2136,taskvec_a0p5,28,layer_28,0.06853499398221641
02,TGd,90,2136,taskvec_a0p5,29,layer_29,0.07380700230807093
02,TGd,90,2136,taskvec_a0p5,30,layer_30,0.07503922645367782
02,TGd,90,2136,taskvec_a0p5,31,layer_31,0.08035110863059952
02,TGd,90,2136,taskvec_a0p5,32,layer_32,0.07717393442177053
02,TGd,90,2136,taskvec_a1p0,0,embedding,0.059054834696243466
02,TGd,90,2136,taskvec_a1p0,1,layer_1,0.04566554908962646
02,TGd,90,2136,taskvec_a1p0,2,layer_2,0.047454914191326435
02,TGd,90,2136,taskvec_a1p0,3,layer_3,0.04805946576324717
02,TGd,90,2136,taskvec_a1p0,4,layer_4,0.04269881102160773
02,TGd,90,2136,taskvec_a1p0,5,layer_5,0.040386325105875
02,TGd,90,2136,taskvec_a1p0,6,layer_6,0.042420086714880484
02,TGd,90,2136,taskvec_a1p0,7,layer_7,0.05224906973856584
02,TGd,90,2136,taskvec_a1p0,8,layer_8,0.056061150858841974
02,TGd,90,2136,taskvec_a1p0,9,layer_9,0.05218679462089629
02,TGd,90,2136,taskvec_a1p0,10,layer_10,0.0563248005152564
02,TGd,90,2136,taskvec_a1p0,11,layer_11,0.05416320736598747
02,TGd,90,2136,taskvec_a1p0,12,layer_12,0.05522974130400071
02,TGd,90,2136,taskvec_a1p0,13,layer_13,0.056732711025990215
02,TGd,90,2136,taskvec_a1p0,14,layer_14,0.06686600977019282
02,TGd,90,2136,taskvec_a1p0,15,layer_15,0.07781690393615204
02,TGd,90,2136,taskvec_a1p0,16,layer_16,0.08019933492174569
02,TGd,90,2136,taskvec_a1p0,17,layer_17,0.07484459366467815
02,TGd,90,2136,taskvec_a1p0,18,layer_18,0.07048875664491566
02,TGd,90,2136,taskvec_a1p0,19,layer_19,0.06950598770060588
02,TGd,90,2136,taskvec_a1p0,20,layer_20,0.0696337865511072
02,TGd,90,2136,taskvec_a1p0,21,layer_21,0.07065297656040755
02,TGd,90,2136,taskvec_a1p0,22,layer_22,0.06693921933310043
02,TGd,90,2136,taskvec_a1p0,23,layer_23,0.06835304650211503
02,TGd,90,2136,taskvec_a1p0,24,layer_24,0.07139407084040697
02,TGd,90,2136,taskvec_a1p0,25,layer_25,0.0741555549355086
02,TGd,90,2136,taskvec_a1p0,26,layer_26,0.07501412818829951
02,TGd,90,2136,taskvec_a1p0,27,layer_27,0.07916404249601083
02,TGd,90,2136,taskvec_a1p0,28,layer_28,0.08178964645781275
02,TGd,90,2136,taskvec_a1p0,29,layer_29,0.08440763015586174
02,TGd,90,2136,taskvec_a1p0,30,layer_30,0.08901903087927424
02,TGd,90,2136,taskvec_a1p0,31,layer_31,0.09097437348487741
02,TGd,90,2136,taskvec_a1p0,32,layer_32,0.09051597933387609
02,TGv,90,873,base,0,embedding,0.022020073631191458
02,TGv,90,873,base,1,layer_1,0.00739650307826134
02,TGv,90,873,base,2,layer_2,0.01271907480740299
02,TGv,90,873,base,3,layer_3,0.021106482471177003
02,TGv,90,873,base,4,layer_4,0.02505941948014794
02,TGv,90,873,base,5,layer_5,0.032107026781868456
02,TGv,90,873,base,6,layer_6,0.03346784217781094
02,TGv,90,873,base,7,layer_7,0.028763467287703407
02,TGv,90,873,base,8,layer_8,0.031000083627883503
02,TGv,90,873,base,9,layer_9,0.02965335471744398
02,TGv,90,873,base,10,layer_10,0.0342573927724292
02,TGv,90,873,base,11,layer_11,0.03401942494034693
02,TGv,90,873,base,12,layer_12,0.032942495471174366
02,TGv,90,873,base,13,layer_13,0.031015822160565722
02,TGv,90,873,base,14,layer_14,0.03039890096944964
02,TGv,90,873,base,15,layer_15,0.03578260516897505
02,TGv,90,873,base,16,layer_16,0.03849167132388368
02,TGv,90,873,base,17,layer_17,0.032416360474273605
02,TGv,90,873,base,18,layer_18,0.032918043902690534
02,TGv,90,873,base,19,layer_19,0.0327955038075251
02,TGv,90,873,base,20,layer_20,0.02969712388056782
02,TGv,90,873,base,21,layer_21,0.030373475619651303
02,TGv,90,873,base,22,layer_22,0.03159677284501284
02,TGv,90,873,base,23,layer_23,0.03019578658816431
02,TGv,90,873,base,24,layer_24,0.02988692773790409
02,TGv,90,873,base,25,layer_25,0.030900887198463314
02,TGv,90,873,base,26,layer_26,0.03166952045488174
02,TGv,90,873,base,27,layer_27,0.03237622809388756
02,TGv,90,873,base,28,layer_28,0.03186557982510122
02,TGv,90,873,base,29,layer_29,0.03376936806062781
02,TGv,90,873,base,30,layer_30,0.03712233604193418
02,TGv,90,873,base,31,layer_31,0.042402500370043436
02,TGv,90,873,base,32,layer_32,0.04174058611110898
02,TGv,90,873,scrambled,0,embedding,0.022020073631191458
02,TGv,90,873,scrambled,1,layer_1,0.0035210411791607413
02,TGv,90,873,scrambled,2,layer_2,0.016651349458318778
02,TGv,90,873,scrambled,3,layer_3,0.01766398022014597
02,TGv,90,873,scrambled,4,layer_4,0.017618803902860962
02,TGv,90,873,scrambled,5,layer_5,0.02601826680371784
02,TGv,90,873,scrambled,6,layer_6,0.03278351208198011
02,TGv,90,873,scrambled,7,layer_7,0.03321945191556505
02,TGv,90,873,scrambled,8,layer_8,0.037625373760496926
02,TGv,90,873,scrambled,9,layer_9,0.035848722361088645
02,TGv,90,873,scrambled,10,layer_10,0.039479330096213766
02,TGv,90,873,scrambled,11,layer_11,0.0402714620612493
02,TGv,90,873,scrambled,12,layer_12,0.04159520689332713
02,TGv,90,873,scrambled,13,layer_13,0.03812007652370703
02,TGv,90,873,scrambled,14,layer_14,0.041535605984999314
02,TGv,90,873,scrambled,15,layer_15,0.03923913842631272
02,TGv,90,873,scrambled,16,layer_16,0.033851897941718265
02,TGv,90,873,scrambled,17,layer_17,0.035094141592820545
02,TGv,90,873,scrambled,18,layer_18,0.036898985390293376
02,TGv,90,873,scrambled,19,layer_19,0.03659859113364249
02,TGv,90,873,scrambled,20,layer_20,0.03472284697805967
02,TGv,90,873,scrambled,21,layer_21,0.03043132416992975
02,TGv,90,873,scrambled,22,layer_22,0.03584451285371815
02,TGv,90,873,scrambled,23,layer_23,0.034603893043200384
02,TGv,90,873,scrambled,24,layer_24,0.03641998903039926
02,TGv,90,873,scrambled,25,layer_25,0.03680579061440354
02,TGv,90,873,scrambled,26,layer_26,0.036297703541781245
02,TGv,90,873,scrambled,27,layer_27,0.03845137829666655
02,TGv,90,873,scrambled,28,layer_28,0.040176277506237625
02,TGv,90,873,scrambled,29,layer_29,0.03892526010977547
02,TGv,90,873,scrambled,30,layer_30,0.040737081583676865
02,TGv,90,873,scrambled,31,layer_31,0.04419952104043944
02,TGv,90,873,scrambled,32,layer_32,0.044174857642296936
02,TGv,90,873,lowLR,0,embedding,0.022020073631191458
02,TGv,90,873,lowLR,1,layer_1,0.010811538270350054
02,TGv,90,873,lowLR,2,layer_2,0.014074364325953236
02,TGv,90,873,lowLR,3,layer_3,0.021247100565202064
02,TGv,90,873,lowLR,4,layer_4,0.02855178519995901
02,TGv,90,873,lowLR,5,layer_5,0.035294915013539326
02,TGv,90,873,lowLR,6,layer_6,0.038547606869281666
02,TGv,90,873,lowLR,7,layer_7,0.0327035301343502
02,TGv,90,873,lowLR,8,layer_8,0.03692748339093429
02,TGv,90,873,lowLR,9,layer_9,0.03559439787962173
02,TGv,90,873,lowLR,10,layer_10,0.038121807213114076
02,TGv,90,873,lowLR,11,layer_11,0.03820552083719131
02,TGv,90,873,lowLR,12,layer_12,0.0375019592608939
02,TGv,90,873,lowLR,13,layer_13,0.034493947472793815
02,TGv,90,873,lowLR,14,layer_14,0.03476088048891765
02,TGv,90,873,lowLR,15,layer_15,0.03958369337603857
02,TGv,90,873,lowLR,16,layer_16,0.04050493607842977
02,TGv,90,873,lowLR,17,layer_17,0.0337151024950786
02,TGv,90,873,lowLR,18,layer_18,0.03207669180339389
02,TGv,90,873,lowLR,19,layer_19,0.03235721087146197
02,TGv,90,873,lowLR,20,layer_20,0.029745802672367882
02,TGv,90,873,lowLR,21,layer_21,0.028370391577827617
02,TGv,90,873,lowLR,22,layer_22,0.030882384232695848
02,TGv,90,873,lowLR,23,layer_23,0.029741819191352756
02,TGv,90,873,lowLR,24,layer_24,0.02983763138979752
02,TGv,90,873,lowLR,25,layer_25,0.031401908612497226
02,TGv,90,873,lowLR,26,layer_26,0.030217946137325497
02,TGv,90,873,lowLR,27,layer_27,0.03094705728451739
02,TGv,90,873,lowLR,28,layer_28,0.031818958620329595
02,TGv,90,873,lowLR,29,layer_29,0.03327440975687707
02,TGv,90,873,lowLR,30,layer_30,0.035828630299283876
02,TGv,90,873,lowLR,31,layer_31,0.04233140181857556
02,TGv,90,873,lowLR,32,layer_32,0.04189839154807433
02,TGv,90,873,lowrank,0,embedding,0.022020073631191458
02,TGv,90,873,lowrank,1,layer_1,0.007647201798110268
02,TGv,90,873,lowrank,2,layer_2,0.01866147356731705
02,TGv,90,873,lowrank,3,layer_3,0.025772285496743753
02,TGv,90,873,lowrank,4,layer_4,0.033801681797104396
02,TGv,90,873,lowrank,5,layer_5,0.03936611144002305
02,TGv,90,873,lowrank,6,layer_6,0.03932455976356418
02,TGv,90,873,lowrank,7,layer_7,0.03223782262976281
02,TGv,90,873,lowrank,8,layer_8,0.038499771473344824
02,TGv,90,873,lowrank,9,layer_9,0.037147775775227855
02,TGv,90,873,lowrank,10,layer_10,0.040371106807407416
02,TGv,90,873,lowrank,11,layer_11,0.038485653045274286
02,TGv,90,873,lowrank,12,layer_12,0.037963124009335596
02,TGv,90,873,lowrank,13,layer_13,0.033294188370562576
02,TGv,90,873,lowrank,14,layer_14,0.03390972090058292
02,TGv,90,873,lowrank,15,layer_15,0.03951014066402781
02,TGv,90,873,lowrank,16,layer_16,0.03970914977158421
02,TGv,90,873,lowrank,17,layer_17,0.03409903646627214
02,TGv,90,873,lowrank,18,layer_18,0.032759864494846296
02,TGv,90,873,lowrank,19,layer_19,0.03570324003045707
02,TGv,90,873,lowrank,20,layer_20,0.032819162976174654
02,TGv,90,873,lowrank,21,layer_21,0.0313966761957697
02,TGv,90,873,lowrank,22,layer_22,0.03453307767847195
02,TGv,90,873,lowrank,23,layer_23,0.03400741845770931
02,TGv,90,873,lowrank,24,layer_24,0.03360209230617102
02,TGv,90,873,lowrank,25,layer_25,0.03515147046928027
02,TGv,90,873,lowrank,26,layer_26,0.033269667126185724
02,TGv,90,873,lowrank,27,layer_27,0.03391104922571768
02,TGv,90,873,lowrank,28,layer_28,0.03508690520027448
02,TGv,90,873,lowrank,29,layer_29,0.03580427119612724
02,TGv,90,873,lowrank,30,layer_30,0.038991262607523614
02,TGv,90,873,lowrank,31,layer_31,0.044081047551684294
02,TGv,90,873,lowrank,32,layer_32,0.042492587563744876
02,TGv,90,873,taskvec_a0p25,0,embedding,0.022020073631191458
02,TGv,90,873,taskvec_a0p25,1,layer_1,0.006367701344898472
02,TGv,90,873,taskvec_a0p25,2,layer_2,0.013268039960585414
02,TGv,90,873,taskvec_a0p25,3,layer_3,0.02138262428669515
02,TGv,90,873,taskvec_a0p25,4,layer_4,0.030737854388333728
02,TGv,90,873,taskvec_a0p25,5,layer_5,0.03489850849709937
02,TGv,90,873,taskvec_a0p25,6,layer_6,0.03696298914258492
02,TGv,90,873,taskvec_a0p25,7,layer_7,0.02973571461177132
02,TGv,90,873,taskvec_a0p25,8,layer_8,0.032281863958506296
02,TGv,90,873,taskvec_a0p25,9,layer_9,0.029657279543685893
02,TGv,90,873,taskvec_a0p25,10,layer_10,0.033865660705176714
02,TGv,90,873,taskvec_a0p25,11,layer_11,0.03146780911818749
02,TGv,90,873,taskvec_a0p25,12,layer_12,0.0314400895074828
02,TGv,90,873,taskvec_a0p25,13,layer_13,0.030287475953807916
02,TGv,90,873,taskvec_a0p25,14,layer_14,0.03325534564799264
02,TGv,90,873,taskvec_a0p25,15,layer_15,0.040003833593785745
02,TGv,90,873,taskvec_a0p25,16,layer_16,0.040428253741991
02,TGv,90,873,taskvec_a0p25,17,layer_17,0.03426764465543376
02,TGv,90,873,taskvec_a0p25,18,layer_18,0.03400402488680185
02,TGv,90,873,taskvec_a0p25,19,layer_19,0.03464123670667787
02,TGv,90,873,taskvec_a0p25,20,layer_20,0.03241369653885712
02,TGv,90,873,taskvec_a0p25,21,layer_21,0.0321078890443944
02,TGv,90,873,taskvec_a0p25,22,layer_22,0.0343677674193137
02,TGv,90,873,taskvec_a0p25,23,layer_23,0.03260768916891475
02,TGv,90,873,taskvec_a0p25,24,layer_24,0.03297091688437254
02,TGv,90,873,taskvec_a0p25,25,layer_25,0.03355489090482107
02,TGv,90,873,taskvec_a0p25,26,layer_26,0.03213122038142934
02,TGv,90,873,taskvec_a0p25,27,layer_27,0.03271447279872844
02,TGv,90,873,taskvec_a0p25,28,layer_28,0.033196325683437715
02,TGv,90,873,taskvec_a0p25,29,layer_29,0.03535525676527657
02,TGv,90,873,taskvec_a0p25,30,layer_30,0.03974035205614803
02,TGv,90,873,taskvec_a0p25,31,layer_31,0.046554079240442955
02,TGv,90,873,taskvec_a0p25,32,layer_32,0.047576951984946735
02,TGv,90,873,taskvec_a0p5,0,embedding,0.022020073631191458
02,TGv,90,873,taskvec_a0p5,1,layer_1,0.00557628369786537
02,TGv,90,873,taskvec_a0p5,2,layer_2,0.014430880926642901
02,TGv,90,873,taskvec_a0p5,3,layer_3,0.020251572526530877
02,TGv,90,873,taskvec_a0p5,4,layer_4,0.032215180579712434
02,TGv,90,873,taskvec_a0p5,5,layer_5,0.035214817250752116
02,TGv,90,873,taskvec_a0p5,6,layer_6,0.03682732924488269
02,TGv,90,873,taskvec_a0p5,7,layer_7,0.03228027056610025
02,TGv,90,873,taskvec_a0p5,8,layer_8,0.03527701522058302
02,TGv,90,873,taskvec_a0p5,9,layer_9,0.03383508251487182
02,TGv,90,873,taskvec_a0p5,10,layer_10,0.0359938557518592
02,TGv,90,873,taskvec_a0p5,11,layer_11,0.03475480803870243
02,TGv,90,873,taskvec_a0p5,12,layer_12,0.03403730567984188
02,TGv,90,873,taskvec_a0p5,13,layer_13,0.03358194924833731
02,TGv,90,873,taskvec_a0p5,14,layer_14,0.03576478551263565
02,TGv,90,873,taskvec_a0p5,15,layer_15,0.03985636914277661
02,TGv,90,873,taskvec_a0p5,16,layer_16,0.03813820140902551
02,TGv,90,873,taskvec_a0p5,17,layer_17,0.032018288274353615
02,TGv,90,873,taskvec_a0p5,18,layer_18,0.03227857854401186
02,TGv,90,873,taskvec_a0p5,19,layer_19,0.034096247188967664
02,TGv,90,873,taskvec_a0p5,20,layer_20,0.03263928410422153
02,TGv,90,873,taskvec_a0p5,21,layer_21,0.032163665437350414
02,TGv,90,873,taskvec_a0p5,22,layer_22,0.0355125425284232
02,TGv,90,873,taskvec_a0p5,23,layer_23,0.03424730471183264
02,TGv,90,873,taskvec_a0p5,24,layer_24,0.03461710437707117
02,TGv,90,873,taskvec_a0p5,25,layer_25,0.03433650928195628
02,TGv,90,873,taskvec_a0p5,26,layer_26,0.03315188759438116
02,TGv,90,873,taskvec_a0p5,27,layer_27,0.03407873855236519
02,TGv,90,873,taskvec_a0p5,28,layer_28,0.0353617211190402
02,TGv,90,873,taskvec_a0p5,29,layer_29,0.037308458098060215
02,TGv,90,873,taskvec_a0p5,30,layer_30,0.042168476417664434
02,TGv,90,873,taskvec_a0p5,31,layer_31,0.04835588625241226
02,TGv,90,873,taskvec_a0p5,32,layer_32,0.04509570750714653
02,TGv,90,873,taskvec_a1p0,0,embedding,0.022020073631191458
02,TGv,90,873,taskvec_a1p0,1,layer_1,0.00017865739564090915
02,TGv,90,873,taskvec_a1p0,2,layer_2,0.010412588116818288
02,TGv,90,873,taskvec_a1p0,3,layer_3,0.015093295805934713
02,TGv,90,873,taskvec_a1p0,4,layer_4,0.021684291576083103
02,TGv,90,873,taskvec_a1p0,5,layer_5,0.028181217605508138
02,TGv,90,873,taskvec_a1p0,6,layer_6,0.032191390838812964
02,TGv,90,873,taskvec_a1p0,7,layer_7,0.03589862020081859
02,TGv,90,873,taskvec_a1p0,8,layer_8,0.03585081282467787
02,TGv,90,873,taskvec_a1p0,9,layer_9,0.039077724600002986
02,TGv,90,873,taskvec_a1p0,10,layer_10,0.04288273875410026
02,TGv,90,873,taskvec_a1p0,11,layer_11,0.04472220848162554
02,TGv,90,873,taskvec_a1p0,12,layer_12,0.043503975741013445
02,TGv,90,873,taskvec_a1p0,13,layer_13,0.042796392389979544
02,TGv,90,873,taskvec_a1p0,14,layer_14,0.04057901051904429
02,TGv,90,873,taskvec_a1p0,15,layer_15,0.042371867447736786
02,TGv,90,873,taskvec_a1p0,16,layer_16,0.039388700065662155
02,TGv,90,873,taskvec_a1p0,17,layer_17,0.03409404819536813
02,TGv,90,873,taskvec_a1p0,18,layer_18,0.03398920857900927
02,TGv,90,873,taskvec_a1p0,19,layer_19,0.03685542263966762
02,TGv,90,873,taskvec_a1p0,20,layer_20,0.03512025735039529
02,TGv,90,873,taskvec_a1p0,21,layer_21,0.033855231550262044
02,TGv,90,873,taskvec_a1p0,22,layer_22,0.039997837170617334
02,TGv,90,873,taskvec_a1p0,23,layer_23,0.03872087437694084
02,TGv,90,873,taskvec_a1p0,24,layer_24,0.0375598950461376
02,TGv,90,873,taskvec_a1p0,25,layer_25,0.03727662350009728
02,TGv,90,873,taskvec_a1p0,26,layer_26,0.037427763774760134
02,TGv,90,873,taskvec_a1p0,27,layer_27,0.038806741228950614
02,TGv,90,873,taskvec_a1p0,28,layer_28,0.04311282032116511
02,TGv,90,873,taskvec_a1p0,29,layer_29,0.04441093936850302
02,TGv,90,873,taskvec_a1p0,30,layer_30,0.05078651521010455
02,TGv,90,873,taskvec_a1p0,31,layer_31,0.05258544944577694
02,TGv,90,873,taskvec_a1p0,32,layer_32,0.04667666211249712
02,TE1a,90,696,base,0,embedding,0.040503101472632475
02,TE1a,90,696,base,1,layer_1,0.04275964573495805
02,TE1a,90,696,base,2,layer_2,0.04534609838283542
02,TE1a,90,696,base,3,layer_3,0.04039723993725576
02,TE1a,90,696,base,4,layer_4,0.040362468864659405
02,TE1a,90,696,base,5,layer_5,0.03907210700447811
02,TE1a,90,696,base,6,layer_6,0.03433884071579214
02,TE1a,90,696,base,7,layer_7,0.034821173486209646
02,TE1a,90,696,base,8,layer_8,0.03699411689449106
02,TE1a,90,696,base,9,layer_9,0.036406741083994866
02,TE1a,90,696,base,10,layer_10,0.03716277626648026
02,TE1a,90,696,base,11,layer_11,0.03582310460869028
02,TE1a,90,696,base,12,layer_12,0.03266704611821768
02,TE1a,90,696,base,13,layer_13,0.033719581552887776
02,TE1a,90,696,base,14,layer_14,0.033632188369183996
02,TE1a,90,696,base,15,layer_15,0.039230399985895954
02,TE1a,90,696,base,16,layer_16,0.04191678710462333
02,TE1a,90,696,base,17,layer_17,0.03281951808039082
02,TE1a,90,696,base,18,layer_18,0.030470171002069786
02,TE1a,90,696,base,19,layer_19,0.028344756826752936
02,TE1a,90,696,base,20,layer_20,0.031107685248945267
02,TE1a,90,696,base,21,layer_21,0.028509582343438304
02,TE1a,90,696,base,22,layer_22,0.02473281980257472
02,TE1a,90,696,base,23,layer_23,0.02769733365917741
02,TE1a,90,696,base,24,layer_24,0.02773174159521605
02,TE1a,90,696,base,25,layer_25,0.02882121664790358
02,TE1a,90,696,base,26,layer_26,0.029453261990972285
02,TE1a,90,696,base,27,layer_27,0.03069560240377049
02,TE1a,90,696,base,28,layer_28,0.03082319035860634
02,TE1a,90,696,base,29,layer_29,0.03259646686697122
02,TE1a,90,696,base,30,layer_30,0.030382123649525916
02,TE1a,90,696,base,31,layer_31,0.02901247604024899
02,TE1a,90,696,base,32,layer_32,0.019882264888912222
02,TE1a,90,696,scrambled,0,embedding,0.040503101472632475
02,TE1a,90,696,scrambled,1,layer_1,0.03659846074819121
02,TE1a,90,696,scrambled,2,layer_2,0.031358285525910495
02,TE1a,90,696,scrambled,3,layer_3,0.03206073322191281
02,TE1a,90,696,scrambled,4,layer_4,0.035139808069739015
02,TE1a,90,696,scrambled,5,layer_5,0.032297714943970275
02,TE1a,90,696,scrambled,6,layer_6,0.028134877532690932
02,TE1a,90,696,scrambled,7,layer_7,0.03177689941196367
02,TE1a,90,696,scrambled,8,layer_8,0.038445229632605875
02,TE1a,90,696,scrambled,9,layer_9,0.03845451427224835
02,TE1a,90,696,scrambled,10,layer_10,0.04191596238862419
02,TE1a,90,696,scrambled,11,layer_11,0.040505362726525364
02,TE1a,90,696,scrambled,12,layer_12,0.044435159306672266
02,TE1a,90,696,scrambled,13,layer_13,0.047075909089069126
02,TE1a,90,696,scrambled,14,layer_14,0.0386063714800946
02,TE1a,90,696,scrambled,15,layer_15,0.037537533941242984
02,TE1a,90,696,scrambled,16,layer_16,0.03698541431941333
02,TE1a,90,696,scrambled,17,layer_17,0.03471506999024712
02,TE1a,90,696,scrambled,18,layer_18,0.039695494417344226
02,TE1a,90,696,scrambled,19,layer_19,0.032644571066152185
02,TE1a,90,696,scrambled,20,layer_20,0.03020111072302448
02,TE1a,90,696,scrambled,21,layer_21,0.032040643401691715
02,TE1a,90,696,scrambled,22,layer_22,0.026934317251089284
02,TE1a,90,696,scrambled,23,layer_23,0.027328927698597915
02,TE1a,90,696,scrambled,24,layer_24,0.029132941362911016
02,TE1a,90,696,scrambled,25,layer_25,0.03063689420614707
02,TE1a,90,696,scrambled,26,layer_26,0.029641360189919377
02,TE1a,90,696,scrambled,27,layer_27,0.0323910533680149
02,TE1a,90,696,scrambled,28,layer_28,0.03379172748433465
02,TE1a,90,696,scrambled,29,layer_29,0.03584026038266027
02,TE1a,90,696,scrambled,30,layer_30,0.03981035167121207
02,TE1a,90,696,scrambled,31,layer_31,0.042027039211599455
02,TE1a,90,696,scrambled,32,layer_32,0.0504360316451169
02,TE1a,90,696,lowLR,0,embedding,0.040503101472632475
02,TE1a,90,696,lowLR,1,layer_1,0.03942412904307142
02,TE1a,90,696,lowLR,2,layer_2,0.0378758854949064
02,TE1a,90,696,lowLR,3,layer_3,0.03379734694784592
02,TE1a,90,696,lowLR,4,layer_4,0.03436880919533346
02,TE1a,90,696,lowLR,5,layer_5,0.034475131619303004
02,TE1a,90,696,lowLR,6,layer_6,0.0338607538784801
02,TE1a,90,696,lowLR,7,layer_7,0.03759603030920774
02,TE1a,90,696,lowLR,8,layer_8,0.040615976662468724
02,TE1a,90,696,lowLR,9,layer_9,0.0389277749798766
02,TE1a,90,696,lowLR,10,layer_10,0.04278447725187727
02,TE1a,90,696,lowLR,11,layer_11,0.04263671242865373
02,TE1a,90,696,lowLR,12,layer_12,0.04492611806472476
02,TE1a,90,696,lowLR,13,layer_13,0.041976532595099134
02,TE1a,90,696,lowLR,14,layer_14,0.0423315563010515
02,TE1a,90,696,lowLR,15,layer_15,0.04776870956926717
02,TE1a,90,696,lowLR,16,layer_16,0.049810967714449574
02,TE1a,90,696,lowLR,17,layer_17,0.0381421096101884
02,TE1a,90,696,lowLR,18,layer_18,0.03300089862661735
02,TE1a,90,696,lowLR,19,layer_19,0.029747589401367167
02,TE1a,90,696,lowLR,20,layer_20,0.031549645042327365
02,TE1a,90,696,lowLR,21,layer_21,0.033349739671156425
02,TE1a,90,696,lowLR,22,layer_22,0.029975894139760702
02,TE1a,90,696,lowLR,23,layer_23,0.03276210308975768
02,TE1a,90,696,lowLR,24,layer_24,0.033601523504309776
02,TE1a,90,696,lowLR,25,layer_25,0.03555278399921548
02,TE1a,90,696,lowLR,26,layer_26,0.037595486725162996
02,TE1a,90,696,lowLR,27,layer_27,0.04025971597591696
02,TE1a,90,696,lowLR,28,layer_28,0.04121104484099317
02,TE1a,90,696,lowLR,29,layer_29,0.043034919123595104
02,TE1a,90,696,lowLR,30,layer_30,0.04179859680260765
02,TE1a,90,696,lowLR,31,layer_31,0.04507945228942385
02,TE1a,90,696,lowLR,32,layer_32,0.042349491585749556
02,TE1a,90,696,lowrank,0,embedding,0.040503101472632475
02,TE1a,90,696,lowrank,1,layer_1,0.03627409443516744
02,TE1a,90,696,lowrank,2,layer_2,0.036280041543494686
02,TE1a,90,696,lowrank,3,layer_3,0.03581440222041119
02,TE1a,90,696,lowrank,4,layer_4,0.04080457753655822
02,TE1a,90,696,lowrank,5,layer_5,0.039048168011464636
02,TE1a,90,696,lowrank,6,layer_6,0.03345015720329155
02,TE1a,90,696,lowrank,7,layer_7,0.03670829816218475
02,TE1a,90,696,lowrank,8,layer_8,0.04108157021988522
02,TE1a,90,696,lowrank,9,layer_9,0.04129641088584696
02,TE1a,90,696,lowrank,10,layer_10,0.04460287235674717
02,TE1a,90,696,lowrank,11,layer_11,0.042052954907829905
02,TE1a,90,696,lowrank,12,layer_12,0.042785380983701486
02,TE1a,90,696,lowrank,13,layer_13,0.039807898818259684
02,TE1a,90,696,lowrank,14,layer_14,0.04258813170614009
02,TE1a,90,696,lowrank,15,layer_15,0.048504390985052014
02,TE1a,90,696,lowrank,16,layer_16,0.05092135730335735
02,TE1a,90,696,lowrank,17,layer_17,0.04143395763661994
02,TE1a,90,696,lowrank,18,layer_18,0.037718943628057486
02,TE1a,90,696,lowrank,19,layer_19,0.03734082600614264
02,TE1a,90,696,lowrank,20,layer_20,0.03934034723749029
02,TE1a,90,696,lowrank,21,layer_21,0.04112571858424989
02,TE1a,90,696,lowrank,22,layer_22,0.03842951332896191
02,TE1a,90,696,lowrank,23,layer_23,0.04117045517753445
02,TE1a,90,696,lowrank,24,layer_24,0.04185704553691899
02,TE1a,90,696,lowrank,25,layer_25,0.04479055418152391
02,TE1a,90,696,lowrank,26,layer_26,0.04629323735439843
02,TE1a,90,696,lowrank,27,layer_27,0.04970635991520396
02,TE1a,90,696,lowrank,28,layer_28,0.050431621702804824
02,TE1a,90,696,lowrank,29,layer_29,0.053106884588875095
02,TE1a,90,696,lowrank,30,layer_30,0.04989610082139826
02,TE1a,90,696,lowrank,31,layer_31,0.05111658205724971
02,TE1a,90,696,lowrank,32,layer_32,0.040404880935657805
02,TE1a,90,696,taskvec_a0p25,0,embedding,0.040503101472632475
02,TE1a,90,696,taskvec_a0p25,1,layer_1,0.04003188981564115
02,TE1a,90,696,taskvec_a0p25,2,layer_2,0.03940688696812938
02,TE1a,90,696,taskvec_a0p25,3,layer_3,0.032764953637016335
02,TE1a,90,696,taskvec_a0p25,4,layer_4,0.035430775532981774
02,TE1a,90,696,taskvec_a0p25,5,layer_5,0.03352727123138921
02,TE1a,90,696,taskvec_a0p25,6,layer_6,0.030872469708036587
02,TE1a,90,696,taskvec_a0p25,7,layer_7,0.035758791891446845
02,TE1a,90,696,taskvec_a0p25,8,layer_8,0.033755169869537645
02,TE1a,90,696,taskvec_a0p25,9,layer_9,0.03210308645133936
02,TE1a,90,696,taskvec_a0p25,10,layer_10,0.03473159849438129
02,TE1a,90,696,taskvec_a0p25,11,layer_11,0.03311165116715219
02,TE1a,90,696,taskvec_a0p25,12,layer_12,0.035307694655751225
02,TE1a,90,696,taskvec_a0p25,13,layer_13,0.03566698353506905
02,TE1a,90,696,taskvec_a0p25,14,layer_14,0.03907400562586323
02,TE1a,90,696,taskvec_a0p25,15,layer_15,0.04318627104111799
02,TE1a,90,696,taskvec_a0p25,16,layer_16,0.04511817265888407
02,TE1a,90,696,taskvec_a0p25,17,layer_17,0.0365225166399809
02,TE1a,90,696,taskvec_a0p25,18,layer_18,0.03190204086500092
02,TE1a,90,696,taskvec_a0p25,19,layer_19,0.02840169137128193
02,TE1a,90,696,taskvec_a0p25,20,layer_20,0.029172506622623585
02,TE1a,90,696,taskvec_a0p25,21,layer_21,0.030350982821714927
02,TE1a,90,696,taskvec_a0p25,22,layer_22,0.027891073177076762
02,TE1a,90,696,taskvec_a0p25,23,layer_23,0.030206855715222383
02,TE1a,90,696,taskvec_a0p25,24,layer_24,0.030526167443824668
02,TE1a,90,696,taskvec_a0p25,25,layer_25,0.03217455598490788
02,TE1a,90,696,taskvec_a0p25,26,layer_26,0.03368407318605617
02,TE1a,90,696,taskvec_a0p25,27,layer_27,0.03638445227017425
02,TE1a,90,696,taskvec_a0p25,28,layer_28,0.0379494983560795
02,TE1a,90,696,taskvec_a0p25,29,layer_29,0.04120545825404268
02,TE1a,90,696,taskvec_a0p25,30,layer_30,0.0404322581444539
02,TE1a,90,696,taskvec_a0p25,31,layer_31,0.04115980354543858
02,TE1a,90,696,taskvec_a0p25,32,layer_32,0.03776842658800621
02,TE1a,90,696,taskvec_a0p5,0,embedding,0.040503101472632475
02,TE1a,90,696,taskvec_a0p5,1,layer_1,0.036830943424984955
02,TE1a,90,696,taskvec_a0p5,2,layer_2,0.03517417472327803
02,TE1a,90,696,taskvec_a0p5,3,layer_3,0.03125754427173086
02,TE1a,90,696,taskvec_a0p5,4,layer_4,0.0351394692170046
02,TE1a,90,696,taskvec_a0p5,5,layer_5,0.03220347484288651
02,TE1a,90,696,taskvec_a0p5,6,layer_6,0.030872922134344612
02,TE1a,90,696,taskvec_a0p5,7,layer_7,0.03786100455478411
02,TE1a,90,696,taskvec_a0p5,8,layer_8,0.03708967691477074
02,TE1a,90,696,taskvec_a0p5,9,layer_9,0.03500005840259505
02,TE1a,90,696,taskvec_a0p5,10,layer_10,0.03554239425881401
02,TE1a,90,696,taskvec_a0p5,11,layer_11,0.03370196289188587
02,TE1a,90,696,taskvec_a0p5,12,layer_12,0.03589812630521231
02,TE1a,90,696,taskvec_a0p5,13,layer_13,0.03662829547990571
02,TE1a,90,696,taskvec_a0p5,14,layer_14,0.04251829049632345
02,TE1a,90,696,taskvec_a0p5,15,layer_15,0.04396126871402722
02,TE1a,90,696,taskvec_a0p5,16,layer_16,0.048073125600654534
02,TE1a,90,696,taskvec_a0p5,17,layer_17,0.03901547880972003
02,TE1a,90,696,taskvec_a0p5,18,layer_18,0.03569728395579507
02,TE1a,90,696,taskvec_a0p5,19,layer_19,0.032637653538885966
02,TE1a,90,696,taskvec_a0p5,20,layer_20,0.03253140714196322
02,TE1a,90,696,taskvec_a0p5,21,layer_21,0.03541192568213834
02,TE1a,90,696,taskvec_a0p5,22,layer_22,0.032921481744875865
02,TE1a,90,696,taskvec_a0p5,23,layer_23,0.034601111237841535
02,TE1a,90,696,taskvec_a0p5,24,layer_24,0.036710360605977856
02,TE1a,90,696,taskvec_a0p5,25,layer_25,0.038495815078132614
02,TE1a,90,696,taskvec_a0p5,26,layer_26,0.04005184233886125
02,TE1a,90,696,taskvec_a0p5,27,layer_27,0.04336308062460407
02,TE1a,90,696,taskvec_a0p5,28,layer_28,0.045455084181825534
02,TE1a,90,696,taskvec_a0p5,29,layer_29,0.04977106901916318
02,TE1a,90,696,taskvec_a0p5,30,layer_30,0.049621489073546944
02,TE1a,90,696,taskvec_a0p5,31,layer_31,0.05179842362158776
02,TE1a,90,696,taskvec_a0p5,32,layer_32,0.050036492141873404
02,TE1a,90,696,taskvec_a1p0,0,embedding,0.040503101472632475
02,TE1a,90,696,taskvec_a1p0,1,layer_1,0.031866932434059275
02,TE1a,90,696,taskvec_a1p0,2,layer_2,0.029654992941523822
02,TE1a,90,696,taskvec_a1p0,3,layer_3,0.027626240711668748
02,TE1a,90,696,taskvec_a1p0,4,layer_4,0.034434050675418965
02,TE1a,90,696,taskvec_a1p0,5,layer_5,0.03212340790187503
02,TE1a,90,696,taskvec_a1p0,6,layer_6,0.03595781893167276
02,TE1a,90,696,taskvec_a1p0,7,layer_7,0.041757340081202604
02,TE1a,90,696,taskvec_a1p0,8,layer_8,0.04401169444671608
02,TE1a,90,696,taskvec_a1p0,9,layer_9,0.040430168428059236
02,TE1a,90,696,taskvec_a1p0,10,layer_10,0.0405375415943833
02,TE1a,90,696,taskvec_a1p0,11,layer_11,0.040921269526676025
02,TE1a,90,696,taskvec_a1p0,12,layer_12,0.04052561188598706
02,TE1a,90,696,taskvec_a1p0,13,layer_13,0.041650450162962295
02,TE1a,90,696,taskvec_a1p0,14,layer_14,0.047509041712680077
02,TE1a,90,696,taskvec_a1p0,15,layer_15,0.053194285991719055
02,TE1a,90,696,taskvec_a1p0,16,layer_16,0.05986306340830734
02,TE1a,90,696,taskvec_a1p0,17,layer_17,0.050340080468483366
02,TE1a,90,696,taskvec_a1p0,18,layer_18,0.0449034605103872
02,TE1a,90,696,taskvec_a1p0,19,layer_19,0.04304133808528902
02,TE1a,90,696,taskvec_a1p0,20,layer_20,0.042141970998124965
02,TE1a,90,696,taskvec_a1p0,21,layer_21,0.04571229003232684
02,TE1a,90,696,taskvec_a1p0,22,layer_22,0.04245788448585377
02,TE1a,90,696,taskvec_a1p0,23,layer_23,0.041752173417596634
02,TE1a,90,696,taskvec_a1p0,24,layer_24,0.04611650305076458
02,TE1a,90,696,taskvec_a1p0,25,layer_25,0.04852147596233715
02,TE1a,90,696,taskvec_a1p0,26,layer_26,0.05063497331836396
02,TE1a,90,696,taskvec_a1p0,27,layer_27,0.05483716677487818
02,TE1a,90,696,taskvec_a1p0,28,layer_28,0.055465832370138836
02,TE1a,90,696,taskvec_a1p0,29,layer_29,0.05783564903031771
02,TE1a,90,696,taskvec_a1p0,30,layer_30,0.059965795375602024
02,TE1a,90,696,taskvec_a1p0,31,layer_31,0.06018196044392705
02,TE1a,90,696,taskvec_a1p0,32,layer_32,0.0631581701370277
02,TE1m,90,437,base,0,embedding,0.019470099153434263
02,TE1m,90,437,base,1,layer_1,0.018172382048478018
02,TE1m,90,437,base,2,layer_2,0.012626914335587281
02,TE1m,90,437,base,3,layer_3,0.01845127933074665
02,TE1m,90,437,base,4,layer_4,0.013252908897083087
02,TE1m,90,437,base,5,layer_5,0.014759663346333905
02,TE1m,90,437,base,6,layer_6,0.01249677751329768
02,TE1m,90,437,base,7,layer_7,0.006991835952327799
02,TE1m,90,437,base,8,layer_8,0.005446125393732074
02,TE1m,90,437,base,9,layer_9,0.0097144246476428
02,TE1m,90,437,base,10,layer_10,0.007860566941608301
02,TE1m,90,437,base,11,layer_11,0.00583594090692993
02,TE1m,90,437,base,12,layer_12,0.0023653312512159075
02,TE1m,90,437,base,13,layer_13,0.0038070495120874613
02,TE1m,90,437,base,14,layer_14,0.003415375539212256
02,TE1m,90,437,base,15,layer_15,0.003056587093453143
02,TE1m,90,437,base,16,layer_16,0.005902686489671181
02,TE1m,90,437,base,17,layer_17,0.005172422234469612
02,TE1m,90,437,base,18,layer_18,0.006013238968861715
02,TE1m,90,437,base,19,layer_19,0.006018060988975404
02,TE1m,90,437,base,20,layer_20,0.006757103659502871
02,TE1m,90,437,base,21,layer_21,0.011673609140891364
02,TE1m,90,437,base,22,layer_22,0.012655517503862965
02,TE1m,90,437,base,23,layer_23,0.01663606129715954
02,TE1m,90,437,base,24,layer_24,0.017554004014762318
02,TE1m,90,437,base,25,layer_25,0.016884498632662906
02,TE1m,90,437,base,26,layer_26,0.017877428675837803
02,TE1m,90,437,base,27,layer_27,0.018691939678437464
02,TE1m,90,437,base,28,layer_28,0.016655907905550296
02,TE1m,90,437,base,29,layer_29,0.019043702440517334
02,TE1m,90,437,base,30,layer_30,0.018477413581386836
02,TE1m,90,437,base,31,layer_31,0.01584719606675437
02,TE1m,90,437,base,32,layer_32,0.010059765646049143
02,TE1m,90,437,scrambled,0,embedding,0.019470099153434263
02,TE1m,90,437,scrambled,1,layer_1,0.0211671298254906
02,TE1m,90,437,scrambled,2,layer_2,0.007172053303418056
02,TE1m,90,437,scrambled,3,layer_3,0.014298990625512082
02,TE1m,90,437,scrambled,4,layer_4,0.010155761654356459
02,TE1m,90,437,scrambled,5,layer_5,0.0020253227936085673
02,TE1m,90,437,scrambled,6,layer_6,0.000966427052017767
02,TE1m,90,437,scrambled,7,layer_7,-0.0010747947343054682
02,TE1m,90,437,scrambled,8,layer_8,-0.00034862473171302065
02,TE1m,90,437,scrambled,9,layer_9,-0.0021497566533944554
02,TE1m,90,437,scrambled,10,layer_10,-0.00039307533627850905
02,TE1m,90,437,scrambled,11,layer_11,-0.0005316489191799821
02,TE1m,90,437,scrambled,12,layer_12,-0.0039096111190217225
02,TE1m,90,437,scrambled,13,layer_13,-0.003808294711827054
02,TE1m,90,437,scrambled,14,layer_14,-0.017206526226703826
02,TE1m,90,437,scrambled,15,layer_15,-0.016655269240997393
02,TE1m,90,437,scrambled,16,layer_16,-0.01237215741526691
02,TE1m,90,437,scrambled,17,layer_17,-0.016064170346791362
02,TE1m,90,437,scrambled,18,layer_18,-0.014351870518743804
02,TE1m,90,437,scrambled,19,layer_19,-0.015165897526065142
02,TE1m,90,437,scrambled,20,layer_20,-0.01345412708536562
02,TE1m,90,437,scrambled,21,layer_21,-0.006871047468017182
02,TE1m,90,437,scrambled,22,layer_22,-0.007622371962378806
02,TE1m,90,437,scrambled,23,layer_23,-0.00590555440920343
02,TE1m,90,437,scrambled,24,layer_24,-0.0065861715084510105
02,TE1m,90,437,scrambled,25,layer_25,-0.005233699100202716
02,TE1m,90,437,scrambled,26,layer_26,-0.0064367070043947995
02,TE1m,90,437,scrambled,27,layer_27,-0.005306272613738381
02,TE1m,90,437,scrambled,28,layer_28,-0.004671740793961957
02,TE1m,90,437,scrambled,29,layer_29,-0.004241234185643415
02,TE1m,90,437,scrambled,30,layer_30,-0.0030860923123652625
02,TE1m,90,437,scrambled,31,layer_31,-0.0013788849888632798
02,TE1m,90,437,scrambled,32,layer_32,-0.004371735265282586
02,TE1m,90,437,lowLR,0,embedding,0.019470099153434263
02,TE1m,90,437,lowLR,1,layer_1,0.018433934890149446
02,TE1m,90,437,lowLR,2,layer_2,0.012724203364086237
02,TE1m,90,437,lowLR,3,layer_3,0.01748917255769337
02,TE1m,90,437,lowLR,4,layer_4,0.015545717817590909
02,TE1m,90,437,lowLR,5,layer_5,0.011505685008352357
02,TE1m,90,437,lowLR,6,layer_6,0.011600456364770568
02,TE1m,90,437,lowLR,7,layer_7,0.011373161646627852
02,TE1m,90,437,lowLR,8,layer_8,0.011257639016001473
02,TE1m,90,437,lowLR,9,layer_9,0.014008745699411948
02,TE1m,90,437,lowLR,10,layer_10,0.01453498175437738
02,TE1m,90,437,lowLR,11,layer_11,0.013231836142414098
02,TE1m,90,437,lowLR,12,layer_12,0.013412948072195157
02,TE1m,90,437,lowLR,13,layer_13,0.013187260756356553
02,TE1m,90,437,lowLR,14,layer_14,0.013144732683402207
02,TE1m,90,437,lowLR,15,layer_15,0.011040991259988607
02,TE1m,90,437,lowLR,16,layer_16,0.014591370099680671
02,TE1m,90,437,lowLR,17,layer_17,0.013512149358380013
02,TE1m,90,437,lowLR,18,layer_18,0.01452847518412093
02,TE1m,90,437,lowLR,19,layer_19,0.01262695076132224
02,TE1m,90,437,lowLR,20,layer_20,0.012714786657804716
02,TE1m,90,437,lowLR,21,layer_21,0.019663591862035767
02,TE1m,90,437,lowLR,22,layer_22,0.020104447862249367
02,TE1m,90,437,lowLR,23,layer_23,0.024226634153317165
02,TE1m,90,437,lowLR,24,layer_24,0.025289063564796037
02,TE1m,90,437,lowLR,25,layer_25,0.026107406928310407
02,TE1m,90,437,lowLR,26,layer_26,0.02671831880715185
02,TE1m,90,437,lowLR,27,layer_27,0.02791897715803991
02,TE1m,90,437,lowLR,28,layer_28,0.025721067924616536
02,TE1m,90,437,lowLR,29,layer_29,0.026599538781827147
02,TE1m,90,437,lowLR,30,layer_30,0.027719048253976197
02,TE1m,90,437,lowLR,31,layer_31,0.02642332676719299
02,TE1m,90,437,lowLR,32,layer_32,0.02121946034391972
02,TE1m,90,437,lowrank,0,embedding,0.019470099153434263
02,TE1m,90,437,lowrank,1,layer_1,0.013199625705585867
02,TE1m,90,437,lowrank,2,layer_2,0.007711654801132944
02,TE1m,90,437,lowrank,3,layer_3,0.017158674392486598
02,TE1m,90,437,lowrank,4,layer_4,0.020619784963718506
02,TE1m,90,437,lowrank,5,layer_5,0.01581315929961501
02,TE1m,90,437,lowrank,6,layer_6,0.012504172497889788
02,TE1m,90,437,lowrank,7,layer_7,0.012346693958545844
02,TE1m,90,437,lowrank,8,layer_8,0.013919344803916822
02,TE1m,90,437,lowrank,9,layer_9,0.016552345805095892
02,TE1m,90,437,lowrank,10,layer_10,0.016220670621653416
02,TE1m,90,437,lowrank,11,layer_11,0.01401288011372884
02,TE1m,90,437,lowrank,12,layer_12,0.01263669791439934
02,TE1m,90,437,lowrank,13,layer_13,0.013656404048344228
02,TE1m,90,437,lowrank,14,layer_14,0.011989091497357189
02,TE1m,90,437,lowrank,15,layer_15,0.009903077638553078
02,TE1m,90,437,lowrank,16,layer_16,0.014099818255943619
02,TE1m,90,437,lowrank,17,layer_17,0.012166816767780492
02,TE1m,90,437,lowrank,18,layer_18,0.012738641778228465
02,TE1m,90,437,lowrank,19,layer_19,0.013288129407209215
02,TE1m,90,437,lowrank,20,layer_20,0.013957091392062531
02,TE1m,90,437,lowrank,21,layer_21,0.020250087664135132
02,TE1m,90,437,lowrank,22,layer_22,0.020838226733877644
02,TE1m,90,437,lowrank,23,layer_23,0.025807053393763216
02,TE1m,90,437,lowrank,24,layer_24,0.026677639853942815
02,TE1m,90,437,lowrank,25,layer_25,0.02662559943380286
02,TE1m,90,437,lowrank,26,layer_26,0.02773847998258574
02,TE1m,90,437,lowrank,27,layer_27,0.02967847297027684
02,TE1m,90,437,lowrank,28,layer_28,0.02764995816149423
02,TE1m,90,437,lowrank,29,layer_29,0.02955051104456211
02,TE1m,90,437,lowrank,30,layer_30,0.02953846122463983
02,TE1m,90,437,lowrank,31,layer_31,0.027792319086837984
02,TE1m,90,437,lowrank,32,layer_32,0.016499641128989242
02,TE1m,90,437,taskvec_a0p25,0,embedding,0.019470099153434263
02,TE1m,90,437,taskvec_a0p25,1,layer_1,0.020826713773249027
02,TE1m,90,437,taskvec_a0p25,2,layer_2,0.015476426916570071
02,TE1m,90,437,taskvec_a0p25,3,layer_3,0.020094222317853166
02,TE1m,90,437,taskvec_a0p25,4,layer_4,0.017383873603476784
02,TE1m,90,437,taskvec_a0p25,5,layer_5,0.015512948666028039
02,TE1m,90,437,taskvec_a0p25,6,layer_6,0.012527991566175865
02,TE1m,90,437,taskvec_a0p25,7,layer_7,0.010900817186332734
02,TE1m,90,437,taskvec_a0p25,8,layer_8,0.009368473751674234
02,TE1m,90,437,taskvec_a0p25,9,layer_9,0.012623342371977845
02,TE1m,90,437,taskvec_a0p25,10,layer_10,0.012447520766502969
02,TE1m,90,437,taskvec_a0p25,11,layer_11,0.01027115184474651
02,TE1m,90,437,taskvec_a0p25,12,layer_12,0.008587900512934312
02,TE1m,90,437,taskvec_a0p25,13,layer_13,0.007627995535460182
02,TE1m,90,437,taskvec_a0p25,14,layer_14,0.006877484175581972
02,TE1m,90,437,taskvec_a0p25,15,layer_15,0.002785640895330294
02,TE1m,90,437,taskvec_a0p25,16,layer_16,0.007549341352569095
02,TE1m,90,437,taskvec_a0p25,17,layer_17,0.007029887582653939
02,TE1m,90,437,taskvec_a0p25,18,layer_18,0.007206597789263119
02,TE1m,90,437,taskvec_a0p25,19,layer_19,0.0065746228692820045
02,TE1m,90,437,taskvec_a0p25,20,layer_20,0.0058446033202998885
02,TE1m,90,437,taskvec_a0p25,21,layer_21,0.010414105482177532
02,TE1m,90,437,taskvec_a0p25,22,layer_22,0.010719108061297026
02,TE1m,90,437,taskvec_a0p25,23,layer_23,0.014760272683500202
02,TE1m,90,437,taskvec_a0p25,24,layer_24,0.015834172091920302
02,TE1m,90,437,taskvec_a0p25,25,layer_25,0.016639228654912994
02,TE1m,90,437,taskvec_a0p25,26,layer_26,0.016946115471922266
02,TE1m,90,437,taskvec_a0p25,27,layer_27,0.01926785800750135
02,TE1m,90,437,taskvec_a0p25,28,layer_28,0.017893398465237336
02,TE1m,90,437,taskvec_a0p25,29,layer_29,0.01988329489661761
02,TE1m,90,437,taskvec_a0p25,30,layer_30,0.020661195794002205
02,TE1m,90,437,taskvec_a0p25,31,layer_31,0.019356349380414407
02,TE1m,90,437,taskvec_a0p25,32,layer_32,0.012230872636892822
02,TE1m,90,437,taskvec_a0p5,0,embedding,0.019470099153434263
02,TE1m,90,437,taskvec_a0p5,1,layer_1,0.02082221043161655
02,TE1m,90,437,taskvec_a0p5,2,layer_2,0.017157195320848716
02,TE1m,90,437,taskvec_a0p5,3,layer_3,0.020537445243644373
02,TE1m,90,437,taskvec_a0p5,4,layer_4,0.019718741358753254
02,TE1m,90,437,taskvec_a0p5,5,layer_5,0.013240326327437234
02,TE1m,90,437,taskvec_a0p5,6,layer_6,0.011206956435181515
02,TE1m,90,437,taskvec_a0p5,7,layer_7,0.010342343608736156
02,TE1m,90,437,taskvec_a0p5,8,layer_8,0.009152757560483052
02,TE1m,90,437,taskvec_a0p5,9,layer_9,0.009490355942026752
02,TE1m,90,437,taskvec_a0p5,10,layer_10,0.010101547832030761
02,TE1m,90,437,taskvec_a0p5,11,layer_11,0.008195087255148848
02,TE1m,90,437,taskvec_a0p5,12,layer_12,0.0055511777737428025
02,TE1m,90,437,taskvec_a0p5,13,layer_13,0.0033234207327000726
02,TE1m,90,437,taskvec_a0p5,14,layer_14,0.003326133422561814
02,TE1m,90,437,taskvec_a0p5,15,layer_15,-0.0012470938778107237
02,TE1m,90,437,taskvec_a0p5,16,layer_16,0.005564681260687813
02,TE1m,90,437,taskvec_a0p5,17,layer_17,0.00427886607942367
02,TE1m,90,437,taskvec_a0p5,18,layer_18,0.005142538374712585
02,TE1m,90,437,taskvec_a0p5,19,layer_19,0.0052831714126289125
02,TE1m,90,437,taskvec_a0p5,20,layer_20,0.004437997786738721
02,TE1m,90,437,taskvec_a0p5,21,layer_21,0.008779465134258787
02,TE1m,90,437,taskvec_a0p5,22,layer_22,0.008287441063557789
02,TE1m,90,437,taskvec_a0p5,23,layer_23,0.012226937536725664
02,TE1m,90,437,taskvec_a0p5,24,layer_24,0.014082322695246008
02,TE1m,90,437,taskvec_a0p5,25,layer_25,0.015850355578964914
02,TE1m,90,437,taskvec_a0p5,26,layer_26,0.014550122718207669
02,TE1m,90,437,taskvec_a0p5,27,layer_27,0.018073748443362563
02,TE1m,90,437,taskvec_a0p5,28,layer_28,0.01737101587943303
02,TE1m,90,437,taskvec_a0p5,29,layer_29,0.018404658125975026
02,TE1m,90,437,taskvec_a0p5,30,layer_30,0.019412456967360568
02,TE1m,90,437,taskvec_a0p5,31,layer_31,0.018791978756526318
02,TE1m,90,437,taskvec_a0p5,32,layer_32,0.012734087253768409
02,TE1m,90,437,taskvec_a1p0,0,embedding,0.019470099153434263
02,TE1m,90,437,taskvec_a1p0,1,layer_1,0.015434467085081052
02,TE1m,90,437,taskvec_a1p0,2,layer_2,0.013017283333157836
02,TE1m,90,437,taskvec_a1p0,3,layer_3,0.015384202559619212
02,TE1m,90,437,taskvec_a1p0,4,layer_4,0.014883902188338792
02,TE1m,90,437,taskvec_a1p0,5,layer_5,0.0070832690302362195
02,TE1m,90,437,taskvec_a1p0,6,layer_6,0.007612599217887915
02,TE1m,90,437,taskvec_a1p0,7,layer_7,0.005691488397205104
02,TE1m,90,437,taskvec_a1p0,8,layer_8,0.00468757104477681
02,TE1m,90,437,taskvec_a1p0,9,layer_9,0.002248717716527238
02,TE1m,90,437,taskvec_a1p0,10,layer_10,0.002479207251823608
02,TE1m,90,437,taskvec_a1p0,11,layer_11,0.0008974062618315341
02,TE1m,90,437,taskvec_a1p0,12,layer_12,-0.002829634777219019
02,TE1m,90,437,taskvec_a1p0,13,layer_13,-0.005538510210715386
02,TE1m,90,437,taskvec_a1p0,14,layer_14,-0.004522794095738051
02,TE1m,90,437,taskvec_a1p0,15,layer_15,-0.0036173603491166475
02,TE1m,90,437,taskvec_a1p0,16,layer_16,0.0025723777438901385
02,TE1m,90,437,taskvec_a1p0,17,layer_17,-0.00014529515839348844
02,TE1m,90,437,taskvec_a1p0,18,layer_18,-0.001010552813746899
02,TE1m,90,437,taskvec_a1p0,19,layer_19,-0.00037131292102767475
02,TE1m,90,437,taskvec_a1p0,20,layer_20,0.0006991983336455392
02,TE1m,90,437,taskvec_a1p0,21,layer_21,0.003160303115987567
02,TE1m,90,437,taskvec_a1p0,22,layer_22,0.0013919786395903682
02,TE1m,90,437,taskvec_a1p0,23,layer_23,0.00400864783560403
02,TE1m,90,437,taskvec_a1p0,24,layer_24,0.0052065566972981136
02,TE1m,90,437,taskvec_a1p0,25,layer_25,0.008269359515523978
02,TE1m,90,437,taskvec_a1p0,26,layer_26,0.005271266735250535
02,TE1m,90,437,taskvec_a1p0,27,layer_27,0.009872972422406699
02,TE1m,90,437,taskvec_a1p0,28,layer_28,0.008671529890824545
02,TE1m,90,437,taskvec_a1p0,29,layer_29,0.006868830354949492
02,TE1m,90,437,taskvec_a1p0,30,layer_30,0.007517710738721918
02,TE1m,90,437,taskvec_a1p0,31,layer_31,0.005316705691424513
02,TE1m,90,437,taskvec_a1p0,32,layer_32,0.005536622050054149
02,TE1p,90,959,base,0,embedding,0.05051560559832806
02,TE1p,90,959,base,1,layer_1,0.03889580121692627
02,TE1p,90,959,base,2,layer_2,0.03443137683967451
02,TE1p,90,959,base,3,layer_3,0.030100521896535743
02,TE1p,90,959,base,4,layer_4,0.033780381521690904
02,TE1p,90,959,base,5,layer_5,0.031966051342043535
02,TE1p,90,959,base,6,layer_6,0.028971663526011777
02,TE1p,90,959,base,7,layer_7,0.02746264974720045
02,TE1p,90,959,base,8,layer_8,0.026272609404652914
02,TE1p,90,959,base,9,layer_9,0.02612160418540736
02,TE1p,90,959,base,10,layer_10,0.025303977194680465
02,TE1p,90,959,base,11,layer_11,0.02678234366768981
02,TE1p,90,959,base,12,layer_12,0.022904233897855827
02,TE1p,90,959,base,13,layer_13,0.024515981325149597
02,TE1p,90,959,base,14,layer_14,0.026483499466160305
02,TE1p,90,959,base,15,layer_15,0.02611756615918912
02,TE1p,90,959,base,16,layer_16,0.030906427832948166
02,TE1p,90,959,base,17,layer_17,0.027350633513860585
02,TE1p,90,959,base,18,layer_18,0.02654521848427619
02,TE1p,90,959,base,19,layer_19,0.02637211834819917
02,TE1p,90,959,base,20,layer_20,0.02193276178814725
02,TE1p,90,959,base,21,layer_21,0.025699696105323622
02,TE1p,90,959,base,22,layer_22,0.024016882069129542
02,TE1p,90,959,base,23,layer_23,0.027704001997056794
02,TE1p,90,959,base,24,layer_24,0.029116147978304186
02,TE1p,90,959,base,25,layer_25,0.030138515992880515
02,TE1p,90,959,base,26,layer_26,0.03348627546768538
02,TE1p,90,959,base,27,layer_27,0.03386806443008656
02,TE1p,90,959,base,28,layer_28,0.0342955174410239
02,TE1p,90,959,base,29,layer_29,0.03453286379402823
02,TE1p,90,959,base,30,layer_30,0.03288952554099777
02,TE1p,90,959,base,31,layer_31,0.030004764430092732
02,TE1p,90,959,base,32,layer_32,0.02168165061689943
02,TE1p,90,959,scrambled,0,embedding,0.05051560559832806
02,TE1p,90,959,scrambled,1,layer_1,0.02708362092151577
02,TE1p,90,959,scrambled,2,layer_2,0.02040132526088985
02,TE1p,90,959,scrambled,3,layer_3,0.02289386433170757
02,TE1p,90,959,scrambled,4,layer_4,0.02547326047412996
02,TE1p,90,959,scrambled,5,layer_5,0.025321423440536908
02,TE1p,90,959,scrambled,6,layer_6,0.022790108707861294
02,TE1p,90,959,scrambled,7,layer_7,0.0217582954068114
02,TE1p,90,959,scrambled,8,layer_8,0.02517218496283607
02,TE1p,90,959,scrambled,9,layer_9,0.023772541788214908
02,TE1p,90,959,scrambled,10,layer_10,0.023066061856752224
02,TE1p,90,959,scrambled,11,layer_11,0.025049354022186908
02,TE1p,90,959,scrambled,12,layer_12,0.027218989226539703
02,TE1p,90,959,scrambled,13,layer_13,0.026203325975577715
02,TE1p,90,959,scrambled,14,layer_14,0.023094324304307082
02,TE1p,90,959,scrambled,15,layer_15,0.022342404295878582
02,TE1p,90,959,scrambled,16,layer_16,0.02277762831707196
02,TE1p,90,959,scrambled,17,layer_17,0.016560180326889815
02,TE1p,90,959,scrambled,18,layer_18,0.02230196369773521
02,TE1p,90,959,scrambled,19,layer_19,0.020012438510534063
02,TE1p,90,959,scrambled,20,layer_20,0.01205411068706014
02,TE1p,90,959,scrambled,21,layer_21,0.01579224382940158
02,TE1p,90,959,scrambled,22,layer_22,0.018151593601340332
02,TE1p,90,959,scrambled,23,layer_23,0.019837170202633245
02,TE1p,90,959,scrambled,24,layer_24,0.021153767184720756
02,TE1p,90,959,scrambled,25,layer_25,0.02201193284287744
02,TE1p,90,959,scrambled,26,layer_26,0.0203593872848418
02,TE1p,90,959,scrambled,27,layer_27,0.021732324418183274
02,TE1p,90,959,scrambled,28,layer_28,0.02333453857684366
02,TE1p,90,959,scrambled,29,layer_29,0.022261883247371307
02,TE1p,90,959,scrambled,30,layer_30,0.02671156771747459
02,TE1p,90,959,scrambled,31,layer_31,0.030775345809536097
02,TE1p,90,959,scrambled,32,layer_32,0.029084201861552694
02,TE1p,90,959,lowLR,0,embedding,0.05051560559832806
02,TE1p,90,959,lowLR,1,layer_1,0.035857336393610634
02,TE1p,90,959,lowLR,2,layer_2,0.029696587581670077
02,TE1p,90,959,lowLR,3,layer_3,0.028158921880137813
02,TE1p,90,959,lowLR,4,layer_4,0.029229345899845764
02,TE1p,90,959,lowLR,5,layer_5,0.025898014431506328
02,TE1p,90,959,lowLR,6,layer_6,0.022141746690317095
02,TE1p,90,959,lowLR,7,layer_7,0.02316745634577875
02,TE1p,90,959,lowLR,8,layer_8,0.02399287059824344
02,TE1p,90,959,lowLR,9,layer_9,0.024191693093957675
02,TE1p,90,959,lowLR,10,layer_10,0.02482808804337747
02,TE1p,90,959,lowLR,11,layer_11,0.025570306477597234
02,TE1p,90,959,lowLR,12,layer_12,0.02465253991111273
02,TE1p,90,959,lowLR,13,layer_13,0.023791188402137148
02,TE1p,90,959,lowLR,14,layer_14,0.02689402852024089
02,TE1p,90,959,lowLR,15,layer_15,0.02996624524276866
02,TE1p,90,959,lowLR,16,layer_16,0.03559214415402045
02,TE1p,90,959,lowLR,17,layer_17,0.029243050942524204
02,TE1p,90,959,lowLR,18,layer_18,0.02727731560774132
02,TE1p,90,959,lowLR,19,layer_19,0.027741374053927695
02,TE1p,90,959,lowLR,20,layer_20,0.02217020378205567
02,TE1p,90,959,lowLR,21,layer_21,0.027743741166303952
02,TE1p,90,959,lowLR,22,layer_22,0.026805483909715204
02,TE1p,90,959,lowLR,23,layer_23,0.02937820816508403
02,TE1p,90,959,lowLR,24,layer_24,0.030459084502738126
02,TE1p,90,959,lowLR,25,layer_25,0.03134101505757505
02,TE1p,90,959,lowLR,26,layer_26,0.03485164482769199
02,TE1p,90,959,lowLR,27,layer_27,0.03708232433347009
02,TE1p,90,959,lowLR,28,layer_28,0.03610573375420487
02,TE1p,90,959,lowLR,29,layer_29,0.03644779382128415
02,TE1p,90,959,lowLR,30,layer_30,0.03631565844033659
02,TE1p,90,959,lowLR,31,layer_31,0.03532306594230562
02,TE1p,90,959,lowLR,32,layer_32,0.029540264205120858
02,TE1p,90,959,lowrank,0,embedding,0.05051560559832806
02,TE1p,90,959,lowrank,1,layer_1,0.030136724593915216
02,TE1p,90,959,lowrank,2,layer_2,0.02848368401948145
02,TE1p,90,959,lowrank,3,layer_3,0.0249676333528084
02,TE1p,90,959,lowrank,4,layer_4,0.031229979890696685
02,TE1p,90,959,lowrank,5,layer_5,0.02773059259677647
02,TE1p,90,959,lowrank,6,layer_6,0.02365224551832281
02,TE1p,90,959,lowrank,7,layer_7,0.022099592214644356
02,TE1p,90,959,lowrank,8,layer_8,0.023803595194262003
02,TE1p,90,959,lowrank,9,layer_9,0.025464553229086206
02,TE1p,90,959,lowrank,10,layer_10,0.026290819470151598
02,TE1p,90,959,lowrank,11,layer_11,0.025651625903495293
02,TE1p,90,959,lowrank,12,layer_12,0.02503276368770263
02,TE1p,90,959,lowrank,13,layer_13,0.022454269409118037
02,TE1p,90,959,lowrank,14,layer_14,0.026770297770538982
02,TE1p,90,959,lowrank,15,layer_15,0.02990493662126662
02,TE1p,90,959,lowrank,16,layer_16,0.035114308560880284
02,TE1p,90,959,lowrank,17,layer_17,0.02964093858538708
02,TE1p,90,959,lowrank,18,layer_18,0.028163370302969896
02,TE1p,90,959,lowrank,19,layer_19,0.029967546295301857
02,TE1p,90,959,lowrank,20,layer_20,0.025131059000479593
02,TE1p,90,959,lowrank,21,layer_21,0.03048538313618222
02,TE1p,90,959,lowrank,22,layer_22,0.029773285235597385
02,TE1p,90,959,lowrank,23,layer_23,0.032734044999915855
02,TE1p,90,959,lowrank,24,layer_24,0.034410109440821804
02,TE1p,90,959,lowrank,25,layer_25,0.034132269252061476
02,TE1p,90,959,lowrank,26,layer_26,0.03786376151592372
02,TE1p,90,959,lowrank,27,layer_27,0.04011625704816257
02,TE1p,90,959,lowrank,28,layer_28,0.039512310703838024
02,TE1p,90,959,lowrank,29,layer_29,0.03805917456284603
02,TE1p,90,959,lowrank,30,layer_30,0.03655990513513218
02,TE1p,90,959,lowrank,31,layer_31,0.0352637089930027
02,TE1p,90,959,lowrank,32,layer_32,0.02514115976338373
02,TE1p,90,959,taskvec_a0p25,0,embedding,0.05051560559832806
02,TE1p,90,959,taskvec_a0p25,1,layer_1,0.03905906939334327
02,TE1p,90,959,taskvec_a0p25,2,layer_2,0.03109414234748705
02,TE1p,90,959,taskvec_a0p25,3,layer_3,0.026413743436523876
02,TE1p,90,959,taskvec_a0p25,4,layer_4,0.03017734732073337
02,TE1p,90,959,taskvec_a0p25,5,layer_5,0.028731498007920457
02,TE1p,90,959,taskvec_a0p25,6,layer_6,0.025243432953216596
02,TE1p,90,959,taskvec_a0p25,7,layer_7,0.02602426023810801
02,TE1p,90,959,taskvec_a0p25,8,layer_8,0.025587580495106847
02,TE1p,90,959,taskvec_a0p25,9,layer_9,0.026478506338491647
02,TE1p,90,959,taskvec_a0p25,10,layer_10,0.02591739404329508
02,TE1p,90,959,taskvec_a0p25,11,layer_11,0.027227764466288704
02,TE1p,90,959,taskvec_a0p25,12,layer_12,0.025227247411386933
02,TE1p,90,959,taskvec_a0p25,13,layer_13,0.025245244900032382
02,TE1p,90,959,taskvec_a0p25,14,layer_14,0.027823687622192117
02,TE1p,90,959,taskvec_a0p25,15,layer_15,0.02856879153501636
02,TE1p,90,959,taskvec_a0p25,16,layer_16,0.030219422033386477
02,TE1p,90,959,taskvec_a0p25,17,layer_17,0.025499338871976546
02,TE1p,90,959,taskvec_a0p25,18,layer_18,0.023807943306223975
02,TE1p,90,959,taskvec_a0p25,19,layer_19,0.024800384310557255
02,TE1p,90,959,taskvec_a0p25,20,layer_20,0.018834277067152475
02,TE1p,90,959,taskvec_a0p25,21,layer_21,0.02363988860143505
02,TE1p,90,959,taskvec_a0p25,22,layer_22,0.02402605593717802
02,TE1p,90,959,taskvec_a0p25,23,layer_23,0.027183250536983984
02,TE1p,90,959,taskvec_a0p25,24,layer_24,0.028919684936221934
02,TE1p,90,959,taskvec_a0p25,25,layer_25,0.030229744526277257
02,TE1p,90,959,taskvec_a0p25,26,layer_26,0.033764459365944785
02,TE1p,90,959,taskvec_a0p25,27,layer_27,0.035474364809014516
02,TE1p,90,959,taskvec_a0p25,28,layer_28,0.03512249314332706
02,TE1p,90,959,taskvec_a0p25,29,layer_29,0.03547045455306659
02,TE1p,90,959,taskvec_a0p25,30,layer_30,0.0356446964024362
02,TE1p,90,959,taskvec_a0p25,31,layer_31,0.033670333959226466
02,TE1p,90,959,taskvec_a0p25,32,layer_32,0.0271055133486206
02,TE1p,90,959,taskvec_a0p5,0,embedding,0.05051560559832806
02,TE1p,90,959,taskvec_a0p5,1,layer_1,0.0364766353446255
02,TE1p,90,959,taskvec_a0p5,2,layer_2,0.02703753732323238
02,TE1p,90,959,taskvec_a0p5,3,layer_3,0.02465802058323389
02,TE1p,90,959,taskvec_a0p5,4,layer_4,0.027741687502046964
02,TE1p,90,959,taskvec_a0p5,5,layer_5,0.025085582124181535
02,TE1p,90,959,taskvec_a0p5,6,layer_6,0.024261607155244228
02,TE1p,90,959,taskvec_a0p5,7,layer_7,0.026674050704858426
02,TE1p,90,959,taskvec_a0p5,8,layer_8,0.024831269597827627
02,TE1p,90,959,taskvec_a0p5,9,layer_9,0.02414939291534511
02,TE1p,90,959,taskvec_a0p5,10,layer_10,0.02382030750825873
02,TE1p,90,959,taskvec_a0p5,11,layer_11,0.024378368447657773
02,TE1p,90,959,taskvec_a0p5,12,layer_12,0.023854998444238183
02,TE1p,90,959,taskvec_a0p5,13,layer_13,0.023763941018396417
02,TE1p,90,959,taskvec_a0p5,14,layer_14,0.02759108184509409
02,TE1p,90,959,taskvec_a0p5,15,layer_15,0.02849047433687328
02,TE1p,90,959,taskvec_a0p5,16,layer_16,0.02931329451661313
02,TE1p,90,959,taskvec_a0p5,17,layer_17,0.0240669969688801
02,TE1p,90,959,taskvec_a0p5,18,layer_18,0.023485454506338915
02,TE1p,90,959,taskvec_a0p5,19,layer_19,0.025888616965484813
02,TE1p,90,959,taskvec_a0p5,20,layer_20,0.01934560752457503
02,TE1p,90,959,taskvec_a0p5,21,layer_21,0.023619578732415096
02,TE1p,90,959,taskvec_a0p5,22,layer_22,0.025238320274417813
02,TE1p,90,959,taskvec_a0p5,23,layer_23,0.0283714206515398
02,TE1p,90,959,taskvec_a0p5,24,layer_24,0.030157092370513814
02,TE1p,90,959,taskvec_a0p5,25,layer_25,0.03206763225611358
02,TE1p,90,959,taskvec_a0p5,26,layer_26,0.03434473608089589
02,TE1p,90,959,taskvec_a0p5,27,layer_27,0.036595145632712885
02,TE1p,90,959,taskvec_a0p5,28,layer_28,0.035213271491999466
02,TE1p,90,959,taskvec_a0p5,29,layer_29,0.03595218190908925
02,TE1p,90,959,taskvec_a0p5,30,layer_30,0.03673180789192166
02,TE1p,90,959,taskvec_a0p5,31,layer_31,0.036352910198882815
02,TE1p,90,959,taskvec_a0p5,32,layer_32,0.034924116162371135
02,TE1p,90,959,taskvec_a1p0,0,embedding,0.05051560559832806
02,TE1p,90,959,taskvec_a1p0,1,layer_1,0.027623197388212787
02,TE1p,90,959,taskvec_a1p0,2,layer_2,0.020473228540902312
02,TE1p,90,959,taskvec_a1p0,3,layer_3,0.020732716883995583
02,TE1p,90,959,taskvec_a1p0,4,layer_4,0.025274034493351583
02,TE1p,90,959,taskvec_a1p0,5,layer_5,0.0240393619779597
02,TE1p,90,959,taskvec_a1p0,6,layer_6,0.027302716113320434
02,TE1p,90,959,taskvec_a1p0,7,layer_7,0.028972197956923122
02,TE1p,90,959,taskvec_a1p0,8,layer_8,0.027719470979300338
02,TE1p,90,959,taskvec_a1p0,9,layer_9,0.023870954597336937
02,TE1p,90,959,taskvec_a1p0,10,layer_10,0.025034883478678462
02,TE1p,90,959,taskvec_a1p0,11,layer_11,0.026880773101890864
02,TE1p,90,959,taskvec_a1p0,12,layer_12,0.026455258500449146
02,TE1p,90,959,taskvec_a1p0,13,layer_13,0.026007521398704287
02,TE1p,90,959,taskvec_a1p0,14,layer_14,0.030731219300612404
02,TE1p,90,959,taskvec_a1p0,15,layer_15,0.029127214676979915
02,TE1p,90,959,taskvec_a1p0,16,layer_16,0.03149622212544683
02,TE1p,90,959,taskvec_a1p0,17,layer_17,0.028887117153593843
02,TE1p,90,959,taskvec_a1p0,18,layer_18,0.025386590574763373
02,TE1p,90,959,taskvec_a1p0,19,layer_19,0.028310928340098067
02,TE1p,90,959,taskvec_a1p0,20,layer_20,0.022312832950247618
02,TE1p,90,959,taskvec_a1p0,21,layer_21,0.024684954332056714
02,TE1p,90,959,taskvec_a1p0,22,layer_22,0.027051489126915313
02,TE1p,90,959,taskvec_a1p0,23,layer_23,0.028195154465299806
02,TE1p,90,959,taskvec_a1p0,24,layer_24,0.03022763687721307
02,TE1p,90,959,taskvec_a1p0,25,layer_25,0.033651112005490556
02,TE1p,90,959,taskvec_a1p0,26,layer_26,0.03306958280565286
02,TE1p,90,959,taskvec_a1p0,27,layer_27,0.03657902322882381
02,TE1p,90,959,taskvec_a1p0,28,layer_28,0.033186684631988594
02,TE1p,90,959,taskvec_a1p0,29,layer_29,0.03300212794847248
02,TE1p,90,959,taskvec_a1p0,30,layer_30,0.0347178213474275
02,TE1p,90,959,taskvec_a1p0,31,layer_31,0.03678920233470431
02,TE1p,90,959,taskvec_a1p0,32,layer_32,0.03951788272049454
02,TE2a,90,846,base,0,embedding,-0.004074524612757005
02,TE2a,90,846,base,1,layer_1,-0.015643198127898047
02,TE2a,90,846,base,2,layer_2,-0.010975454451251993
02,TE2a,90,846,base,3,layer_3,-0.006458941273012301
02,TE2a,90,846,base,4,layer_4,-0.002093846886208905
02,TE2a,90,846,base,5,layer_5,-0.002775948661053588
02,TE2a,90,846,base,6,layer_6,-0.0005686223477514071
02,TE2a,90,846,base,7,layer_7,-0.0031912989880532945
02,TE2a,90,846,base,8,layer_8,-0.004483733752751575
02,TE2a,90,846,base,9,layer_9,-0.0036636998615379368
02,TE2a,90,846,base,10,layer_10,-0.0014113109913229957
02,TE2a,90,846,base,11,layer_11,0.0005877947998475073
02,TE2a,90,846,base,12,layer_12,-0.001264118519134871
02,TE2a,90,846,base,13,layer_13,-0.0017594543429386672
02,TE2a,90,846,base,14,layer_14,-0.0015737738787994866
02,TE2a,90,846,base,15,layer_15,1.8550039024944643e-05
02,TE2a,90,846,base,16,layer_16,-0.0024090331668290576
02,TE2a,90,846,base,17,layer_17,-0.0037127460862644603
02,TE2a,90,846,base,18,layer_18,-0.006543764107418626
02,TE2a,90,846,base,19,layer_19,-0.0027983375989456757
02,TE2a,90,846,base,20,layer_20,-0.0036983579209566076
02,TE2a,90,846,base,21,layer_21,-0.005642200828634661
02,TE2a,90,846,base,22,layer_22,-0.005550779705839251
02,TE2a,90,846,base,23,layer_23,-4.719710498121534e-05
02,TE2a,90,846,base,24,layer_24,0.00010920771577539235
02,TE2a,90,846,base,25,layer_25,0.001710011544697718
02,TE2a,90,846,base,26,layer_26,0.0026289028257984936
02,TE2a,90,846,base,27,layer_27,0.0006257761938847053
02,TE2a,90,846,base,28,layer_28,-0.0008256266425192811
02,TE2a,90,846,base,29,layer_29,0.0008623295866588232
02,TE2a,90,846,base,30,layer_30,-0.0008832424416912853
02,TE2a,90,846,base,31,layer_31,-0.0014629376524735735
02,TE2a,90,846,base,32,layer_32,-0.0065457628528752185
02,TE2a,90,846,scrambled,0,embedding,-0.004074524612757005
02,TE2a,90,846,scrambled,1,layer_1,-0.017396468501832928
02,TE2a,90,846,scrambled,2,layer_2,-0.012220713779611389
02,TE2a,90,846,scrambled,3,layer_3,-0.013255284041800897
02,TE2a,90,846,scrambled,4,layer_4,-0.016150088755225993
02,TE2a,90,846,scrambled,5,layer_5,-0.01822495615233475
02,TE2a,90,846,scrambled,6,layer_6,-0.0196944993783444
02,TE2a,90,846,scrambled,7,layer_7,-0.012370385630158893
02,TE2a,90,846,scrambled,8,layer_8,-0.012465983010166735
02,TE2a,90,846,scrambled,9,layer_9,-0.01212933244492647
02,TE2a,90,846,scrambled,10,layer_10,-0.012211226276645002
02,TE2a,90,846,scrambled,11,layer_11,-0.010826618524622082
02,TE2a,90,846,scrambled,12,layer_12,-0.01059644449223003
02,TE2a,90,846,scrambled,13,layer_13,-0.014629224283843481
02,TE2a,90,846,scrambled,14,layer_14,-0.017434337256289723
02,TE2a,90,846,scrambled,15,layer_15,-0.013196225970323253
02,TE2a,90,846,scrambled,16,layer_16,-0.01131893811077283
02,TE2a,90,846,scrambled,17,layer_17,-0.0111369816643367
02,TE2a,90,846,scrambled,18,layer_18,-0.009976636328120339
02,TE2a,90,846,scrambled,19,layer_19,-0.012190026498900266
02,TE2a,90,846,scrambled,20,layer_20,-0.013497801915175855
02,TE2a,90,846,scrambled,21,layer_21,-0.012491927473387867
02,TE2a,90,846,scrambled,22,layer_22,-0.01606237035508858
02,TE2a,90,846,scrambled,23,layer_23,-0.015442125829353975
02,TE2a,90,846,scrambled,24,layer_24,-0.01769038215323843
02,TE2a,90,846,scrambled,25,layer_25,-0.017364914662227122
02,TE2a,90,846,scrambled,26,layer_26,-0.016963965950037407
02,TE2a,90,846,scrambled,27,layer_27,-0.018120028927413358
02,TE2a,90,846,scrambled,28,layer_28,-0.017902830675806045
02,TE2a,90,846,scrambled,29,layer_29,-0.017371106663572458
02,TE2a,90,846,scrambled,30,layer_30,-0.0187445573063775
02,TE2a,90,846,scrambled,31,layer_31,-0.018048538659195708
02,TE2a,90,846,scrambled,32,layer_32,-0.00512592114122403
02,TE2a,90,846,lowLR,0,embedding,-0.004074524612757005
02,TE2a,90,846,lowLR,1,layer_1,-0.018242864911625817
02,TE2a,90,846,lowLR,2,layer_2,-0.01434975483733807
02,TE2a,90,846,lowLR,3,layer_3,-0.008565337665507636
02,TE2a,90,846,lowLR,4,layer_4,-0.0006256388968837151
02,TE2a,90,846,lowLR,5,layer_5,-0.001924383719668321
02,TE2a,90,846,lowLR,6,layer_6,0.0033198067393964566
02,TE2a,90,846,lowLR,7,layer_7,0.0035592254365218517
02,TE2a,90,846,lowLR,8,layer_8,0.0014803928646647715
02,TE2a,90,846,lowLR,9,layer_9,0.002070162126145567
02,TE2a,90,846,lowLR,10,layer_10,0.0007950938442841038
02,TE2a,90,846,lowLR,11,layer_11,0.002435856704453809
02,TE2a,90,846,lowLR,12,layer_12,0.00393539848458594
02,TE2a,90,846,lowLR,13,layer_13,0.0017818141402427897
02,TE2a,90,846,lowLR,14,layer_14,0.0017893544541774445
02,TE2a,90,846,lowLR,15,layer_15,0.003282077336725701
02,TE2a,90,846,lowLR,16,layer_16,-0.0021793001660279396
02,TE2a,90,846,lowLR,17,layer_17,-0.004645566194815355
02,TE2a,90,846,lowLR,18,layer_18,-0.007962018217421629
02,TE2a,90,846,lowLR,19,layer_19,-0.005786268906756715
02,TE2a,90,846,lowLR,20,layer_20,-0.004225733447630939
02,TE2a,90,846,lowLR,21,layer_21,-0.0063178371289238705
02,TE2a,90,846,lowLR,22,layer_22,-0.008166275059194109
02,TE2a,90,846,lowLR,23,layer_23,-0.004944254793077065
02,TE2a,90,846,lowLR,24,layer_24,-0.006362632003384357
02,TE2a,90,846,lowLR,25,layer_25,-0.0038347605300546677
02,TE2a,90,846,lowLR,26,layer_26,-0.0021057295213476675
02,TE2a,90,846,lowLR,27,layer_27,-0.002213563706717235
02,TE2a,90,846,lowLR,28,layer_28,-0.002476810438463465
02,TE2a,90,846,lowLR,29,layer_29,-0.0028960624286736244
02,TE2a,90,846,lowLR,30,layer_30,-0.0020780971456082387
02,TE2a,90,846,lowLR,31,layer_31,-0.0032834256493150175
02,TE2a,90,846,lowLR,32,layer_32,-0.002203320790047442
02,TE2a,90,846,lowrank,0,embedding,-0.004074524612757005
02,TE2a,90,846,lowrank,1,layer_1,-0.01348300391365008
02,TE2a,90,846,lowrank,2,layer_2,-0.011176155394098145
02,TE2a,90,846,lowrank,3,layer_3,-0.007638274504267651
02,TE2a,90,846,lowrank,4,layer_4,0.0011725980194625541
02,TE2a,90,846,lowrank,5,layer_5,0.0011157574346498825
02,TE2a,90,846,lowrank,6,layer_6,0.0033623525582216762
02,TE2a,90,846,lowrank,7,layer_7,0.0045120632610184805
02,TE2a,90,846,lowrank,8,layer_8,0.0055322793552527606
02,TE2a,90,846,lowrank,9,layer_9,0.006357587132492191
02,TE2a,90,846,lowrank,10,layer_10,0.004907263245037484
02,TE2a,90,846,lowrank,11,layer_11,0.005584087397883558
02,TE2a,90,846,lowrank,12,layer_12,0.005834246830056487
02,TE2a,90,846,lowrank,13,layer_13,0.002104140238511715
02,TE2a,90,846,lowrank,14,layer_14,0.002637879434482283
02,TE2a,90,846,lowrank,15,layer_15,0.0013884049947931656
02,TE2a,90,846,lowrank,16,layer_16,-0.004327358632978854
02,TE2a,90,846,lowrank,17,layer_17,-0.004825128816669595
02,TE2a,90,846,lowrank,18,layer_18,-0.00839440869003267
02,TE2a,90,846,lowrank,19,layer_19,-0.004771373398208427
02,TE2a,90,846,lowrank,20,layer_20,-0.003565314698614749
02,TE2a,90,846,lowrank,21,layer_21,-0.006028359198042875
02,TE2a,90,846,lowrank,22,layer_22,-0.007254553296725994
02,TE2a,90,846,lowrank,23,layer_23,-0.004642312162492566
02,TE2a,90,846,lowrank,24,layer_24,-0.005664937025200003
02,TE2a,90,846,lowrank,25,layer_25,-0.0037062167265738315
02,TE2a,90,846,lowrank,26,layer_26,-0.0003996138491025374
02,TE2a,90,846,lowrank,27,layer_27,-0.0008998555656097433
02,TE2a,90,846,lowrank,28,layer_28,-0.000727383446563104
02,TE2a,90,846,lowrank,29,layer_29,0.00010239591653986914
02,TE2a,90,846,lowrank,30,layer_30,0.0010048911337428
02,TE2a,90,846,lowrank,31,layer_31,-0.0014962145227421471
02,TE2a,90,846,lowrank,32,layer_32,-0.004982377780483992
02,TE2a,90,846,taskvec_a0p25,0,embedding,-0.004074524612757005
02,TE2a,90,846,taskvec_a0p25,1,layer_1,-0.016498343999227505
02,TE2a,90,846,taskvec_a0p25,2,layer_2,-0.01396501595080132
02,TE2a,90,846,taskvec_a0p25,3,layer_3,-0.005595077322317922
02,TE2a,90,846,taskvec_a0p25,4,layer_4,-4.3925139988909506e-05
02,TE2a,90,846,taskvec_a0p25,5,layer_5,0.0009099256935367938
02,TE2a,90,846,taskvec_a0p25,6,layer_6,0.003086169833801196
02,TE2a,90,846,taskvec_a0p25,7,layer_7,0.0017012241630370618
02,TE2a,90,846,taskvec_a0p25,8,layer_8,0.0014987060430131777
02,TE2a,90,846,taskvec_a0p25,9,layer_9,0.003657456490566376
02,TE2a,90,846,taskvec_a0p25,10,layer_10,0.0035160728957113036
02,TE2a,90,846,taskvec_a0p25,11,layer_11,0.005759216353998339
02,TE2a,90,846,taskvec_a0p25,12,layer_12,0.004700637983298263
02,TE2a,90,846,taskvec_a0p25,13,layer_13,0.0020951088978261702
02,TE2a,90,846,taskvec_a0p25,14,layer_14,0.0022667415437810407
02,TE2a,90,846,taskvec_a0p25,15,layer_15,0.0002362853367245655
02,TE2a,90,846,taskvec_a0p25,16,layer_16,-0.0027967178679312726
02,TE2a,90,846,taskvec_a0p25,17,layer_17,-0.004065570985415937
02,TE2a,90,846,taskvec_a0p25,18,layer_18,-0.006654648901391148
02,TE2a,90,846,taskvec_a0p25,19,layer_19,-0.002576992977908459
02,TE2a,90,846,taskvec_a0p25,20,layer_20,-0.003078921672940757
02,TE2a,90,846,taskvec_a0p25,21,layer_21,-0.004886677100827785
02,TE2a,90,846,taskvec_a0p25,22,layer_22,-0.005162329877504307
02,TE2a,90,846,taskvec_a0p25,23,layer_23,-0.0008780768988771592
02,TE2a,90,846,taskvec_a0p25,24,layer_24,-0.0021390198411183788
02,TE2a,90,846,taskvec_a0p25,25,layer_25,-0.0006567485293216921
02,TE2a,90,846,taskvec_a0p25,26,layer_26,0.0008638030543374776
02,TE2a,90,846,taskvec_a0p25,27,layer_27,-0.000114405014358455
02,TE2a,90,846,taskvec_a0p25,28,layer_28,0.0003089449644336415
02,TE2a,90,846,taskvec_a0p25,29,layer_29,0.0014360860950527014
02,TE2a,90,846,taskvec_a0p25,30,layer_30,0.001962937838338221
02,TE2a,90,846,taskvec_a0p25,31,layer_31,0.0012886995390767823
02,TE2a,90,846,taskvec_a0p25,32,layer_32,0.0024160687508362625
02,TE2a,90,846,taskvec_a0p5,0,embedding,-0.004074524612757005
02,TE2a,90,846,taskvec_a0p5,1,layer_1,-0.016427179134242135
02,TE2a,90,846,taskvec_a0p5,2,layer_2,-0.017905088697776073
02,TE2a,90,846,taskvec_a0p5,3,layer_3,-0.004750853941113496
02,TE2a,90,846,taskvec_a0p5,4,layer_4,-0.00036796044582118283
02,TE2a,90,846,taskvec_a0p5,5,layer_5,0.002313124580285636
02,TE2a,90,846,taskvec_a0p5,6,layer_6,0.006078353425871475
02,TE2a,90,846,taskvec_a0p5,7,layer_7,0.006211526660067333
02,TE2a,90,846,taskvec_a0p5,8,layer_8,0.005707861671668771
02,TE2a,90,846,taskvec_a0p5,9,layer_9,0.007054766546427931
02,TE2a,90,846,taskvec_a0p5,10,layer_10,0.004869583717603822
02,TE2a,90,846,taskvec_a0p5,11,layer_11,0.006528325760152179
02,TE2a,90,846,taskvec_a0p5,12,layer_12,0.004470253802435306
02,TE2a,90,846,taskvec_a0p5,13,layer_13,0.0011381338570330363
02,TE2a,90,846,taskvec_a0p5,14,layer_14,8.170535188996262e-05
02,TE2a,90,846,taskvec_a0p5,15,layer_15,-0.001944251623104131
02,TE2a,90,846,taskvec_a0p5,16,layer_16,-0.0038900603996779967
02,TE2a,90,846,taskvec_a0p5,17,layer_17,-0.005831799954660607
02,TE2a,90,846,taskvec_a0p5,18,layer_18,-0.007413957356459335
02,TE2a,90,846,taskvec_a0p5,19,layer_19,-0.0036551043220813847
02,TE2a,90,846,taskvec_a0p5,20,layer_20,-0.003102886070569377
02,TE2a,90,846,taskvec_a0p5,21,layer_21,-0.0042480007796078635
02,TE2a,90,846,taskvec_a0p5,22,layer_22,-0.004826971024865195
02,TE2a,90,846,taskvec_a0p5,23,layer_23,-0.0012654967195067158
02,TE2a,90,846,taskvec_a0p5,24,layer_24,-0.0020999727608353998
02,TE2a,90,846,taskvec_a0p5,25,layer_25,-0.0003246395994352711
02,TE2a,90,846,taskvec_a0p5,26,layer_26,0.0001419731313654474
02,TE2a,90,846,taskvec_a0p5,27,layer_27,-0.0006591952179189301
02,TE2a,90,846,taskvec_a0p5,28,layer_28,0.0006407002844930225
02,TE2a,90,846,taskvec_a0p5,29,layer_29,0.0017510420529487437
02,TE2a,90,846,taskvec_a0p5,30,layer_30,0.0030680057207681504
02,TE2a,90,846,taskvec_a0p5,31,layer_31,0.005255562947115507
02,TE2a,90,846,taskvec_a0p5,32,layer_32,0.010843961470830157
02,TE2a,90,846,taskvec_a1p0,0,embedding,-0.004074524612757005
02,TE2a,90,846,taskvec_a1p0,1,layer_1,-0.012531351139730708
02,TE2a,90,846,taskvec_a1p0,2,layer_2,-0.02078240943201929
02,TE2a,90,846,taskvec_a1p0,3,layer_3,-0.0070816382781020105
02,TE2a,90,846,taskvec_a1p0,4,layer_4,-0.005678211123414106
02,TE2a,90,846,taskvec_a1p0,5,layer_5,-0.0053023924323716215
02,TE2a,90,846,taskvec_a1p0,6,layer_6,-0.0015949136941805246
02,TE2a,90,846,taskvec_a1p0,7,layer_7,-0.0003994012722493036
02,TE2a,90,846,taskvec_a1p0,8,layer_8,-0.0015582927546442947
02,TE2a,90,846,taskvec_a1p0,9,layer_9,0.0011860777829801824
02,TE2a,90,846,taskvec_a1p0,10,layer_10,-0.0026145240004226806
02,TE2a,90,846,taskvec_a1p0,11,layer_11,-0.0014221391481344249
02,TE2a,90,846,taskvec_a1p0,12,layer_12,-0.002636619290851426
02,TE2a,90,846,taskvec_a1p0,13,layer_13,-0.007053959763098303
02,TE2a,90,846,taskvec_a1p0,14,layer_14,-0.01066954552512732
02,TE2a,90,846,taskvec_a1p0,15,layer_15,-0.008722464649809587
02,TE2a,90,846,taskvec_a1p0,16,layer_16,-0.008226940906573143
02,TE2a,90,846,taskvec_a1p0,17,layer_17,-0.01080506140107749
02,TE2a,90,846,taskvec_a1p0,18,layer_18,-0.011728328813936357
02,TE2a,90,846,taskvec_a1p0,19,layer_19,-0.009752935242229392
02,TE2a,90,846,taskvec_a1p0,20,layer_20,-0.009307629698391872
02,TE2a,90,846,taskvec_a1p0,21,layer_21,-0.009418075889155787
02,TE2a,90,846,taskvec_a1p0,22,layer_22,-0.010192620762159713
02,TE2a,90,846,taskvec_a1p0,23,layer_23,-0.008876648434727049
02,TE2a,90,846,taskvec_a1p0,24,layer_24,-0.008404168732215988
02,TE2a,90,846,taskvec_a1p0,25,layer_25,-0.006048049829568563
02,TE2a,90,846,taskvec_a1p0,26,layer_26,-0.0072434692257766645
02,TE2a,90,846,taskvec_a1p0,27,layer_27,-0.00811964731647006
02,TE2a,90,846,taskvec_a1p0,28,layer_28,-0.006756744445716605
02,TE2a,90,846,taskvec_a1p0,29,layer_29,-0.006814191939313247
02,TE2a,90,846,taskvec_a1p0,30,layer_30,-0.003912836384353828
02,TE2a,90,846,taskvec_a1p0,31,layer_31,-0.0005514777816998643
02,TE2a,90,846,taskvec_a1p0,32,layer_32,0.0062457059545696254
02,TE2p,90,507,base,0,embedding,0.04573390203827087
02,TE2p,90,507,base,1,layer_1,0.04257726805758691
02,TE2p,90,507,base,2,layer_2,0.05331730111582805
02,TE2p,90,507,base,3,layer_3,0.10928179021600688
02,TE2p,90,507,base,4,layer_4,0.11345797887333899
02,TE2p,90,507,base,5,layer_5,0.11779603172850381
02,TE2p,90,507,base,6,layer_6,0.13586547521039044
02,TE2p,90,507,base,7,layer_7,0.12366039049945773
02,TE2p,90,507,base,8,layer_8,0.09891072444826085
02,TE2p,90,507,base,9,layer_9,0.10278454606849653
02,TE2p,90,507,base,10,layer_10,0.0975033567762452
02,TE2p,90,507,base,11,layer_11,0.087276950491118
02,TE2p,90,507,base,12,layer_12,0.08185175401710151
02,TE2p,90,507,base,13,layer_13,0.08207582421710669
02,TE2p,90,507,base,14,layer_14,0.08571325197060752
02,TE2p,90,507,base,15,layer_15,0.08766556171347861
02,TE2p,90,507,base,16,layer_16,0.08885765347869945
02,TE2p,90,507,base,17,layer_17,0.10587956268592617
02,TE2p,90,507,base,18,layer_18,0.11243204337832059
02,TE2p,90,507,base,19,layer_19,0.12840639757623834
02,TE2p,90,507,base,20,layer_20,0.12417885068740249
02,TE2p,90,507,base,21,layer_21,0.1282268228124724
02,TE2p,90,507,base,22,layer_22,0.1324744600819253
02,TE2p,90,507,base,23,layer_23,0.13516952698629622
02,TE2p,90,507,base,24,layer_24,0.14148385715753767
02,TE2p,90,507,base,25,layer_25,0.14734288544247764
02,TE2p,90,507,base,26,layer_26,0.14964999491973077
02,TE2p,90,507,base,27,layer_27,0.1535163996999334
02,TE2p,90,507,base,28,layer_28,0.15577158681378755
02,TE2p,90,507,base,29,layer_29,0.16002776358310472
02,TE2p,90,507,base,30,layer_30,0.16723852847644688
02,TE2p,90,507,base,31,layer_31,0.16673150821086222
02,TE2p,90,507,base,32,layer_32,0.16884843649752468
02,TE2p,90,507,scrambled,0,embedding,0.04573390203827087
02,TE2p,90,507,scrambled,1,layer_1,0.043903562317514425
02,TE2p,90,507,scrambled,2,layer_2,0.025510264724477115
02,TE2p,90,507,scrambled,3,layer_3,0.049327163344339835
02,TE2p,90,507,scrambled,4,layer_4,0.058081778095016676
02,TE2p,90,507,scrambled,5,layer_5,0.06381762052188997
02,TE2p,90,507,scrambled,6,layer_6,0.0770175464128916
02,TE2p,90,507,scrambled,7,layer_7,0.07683527857312127
02,TE2p,90,507,scrambled,8,layer_8,0.07282724437105226
02,TE2p,90,507,scrambled,9,layer_9,0.06752120245363527
02,TE2p,90,507,scrambled,10,layer_10,0.07082748833381311
02,TE2p,90,507,scrambled,11,layer_11,0.07342750947456249
02,TE2p,90,507,scrambled,12,layer_12,0.06753478869237815
02,TE2p,90,507,scrambled,13,layer_13,0.05715191631654017
02,TE2p,90,507,scrambled,14,layer_14,0.054305325639896825
02,TE2p,90,507,scrambled,15,layer_15,0.04329968938505572
02,TE2p,90,507,scrambled,16,layer_16,0.039234838134802795
02,TE2p,90,507,scrambled,17,layer_17,0.04640208828476989
02,TE2p,90,507,scrambled,18,layer_18,0.04891348318398754
02,TE2p,90,507,scrambled,19,layer_19,0.06483302001317115
02,TE2p,90,507,scrambled,20,layer_20,0.06573254718677035
02,TE2p,90,507,scrambled,21,layer_21,0.07033724501455489
02,TE2p,90,507,scrambled,22,layer_22,0.0722492962879574
02,TE2p,90,507,scrambled,23,layer_23,0.07103472293271863
02,TE2p,90,507,scrambled,24,layer_24,0.07467260591450711
02,TE2p,90,507,scrambled,25,layer_25,0.07408612785827863
02,TE2p,90,507,scrambled,26,layer_26,0.07466533926058123
02,TE2p,90,507,scrambled,27,layer_27,0.0745419727682289
02,TE2p,90,507,scrambled,28,layer_28,0.07726689551256072
02,TE2p,90,507,scrambled,29,layer_29,0.075040561316765
02,TE2p,90,507,scrambled,30,layer_30,0.07563469064532077
02,TE2p,90,507,scrambled,31,layer_31,0.07874137265106991
02,TE2p,90,507,scrambled,32,layer_32,0.07567991123388365
02,TE2p,90,507,lowLR,0,embedding,0.04573390203827087
02,TE2p,90,507,lowLR,1,layer_1,0.04779575390288534
02,TE2p,90,507,lowLR,2,layer_2,0.049387344822843265
02,TE2p,90,507,lowLR,3,layer_3,0.10769292169944002
02,TE2p,90,507,lowLR,4,layer_4,0.12280540676934851
02,TE2p,90,507,lowLR,5,layer_5,0.1317882952498445
02,TE2p,90,507,lowLR,6,layer_6,0.15398184923559782
02,TE2p,90,507,lowLR,7,layer_7,0.1457472103570372
02,TE2p,90,507,lowLR,8,layer_8,0.1322594406496643
02,TE2p,90,507,lowLR,9,layer_9,0.14072226658347478
02,TE2p,90,507,lowLR,10,layer_10,0.13804287768902646
02,TE2p,90,507,lowLR,11,layer_11,0.12940354852150082
02,TE2p,90,507,lowLR,12,layer_12,0.12314222601376142
02,TE2p,90,507,lowLR,13,layer_13,0.12182855112281199
02,TE2p,90,507,lowLR,14,layer_14,0.1179072084887519
02,TE2p,90,507,lowLR,15,layer_15,0.11144765993335837
02,TE2p,90,507,lowLR,16,layer_16,0.10158844821962505
02,TE2p,90,507,lowLR,17,layer_17,0.11991419531457788
02,TE2p,90,507,lowLR,18,layer_18,0.11604463251655384
02,TE2p,90,507,lowLR,19,layer_19,0.13259614165053757
02,TE2p,90,507,lowLR,20,layer_20,0.1307763959914947
02,TE2p,90,507,lowLR,21,layer_21,0.13194950116926701
02,TE2p,90,507,lowLR,22,layer_22,0.13782962219633058
02,TE2p,90,507,lowLR,23,layer_23,0.14003249130726456
02,TE2p,90,507,lowLR,24,layer_24,0.1468404159653802
02,TE2p,90,507,lowLR,25,layer_25,0.15093867148257473
02,TE2p,90,507,lowLR,26,layer_26,0.15147630953977614
02,TE2p,90,507,lowLR,27,layer_27,0.15573481755613053
02,TE2p,90,507,lowLR,28,layer_28,0.15794531216117938
02,TE2p,90,507,lowLR,29,layer_29,0.15799804672506856
02,TE2p,90,507,lowLR,30,layer_30,0.1688395854175275
02,TE2p,90,507,lowLR,31,layer_31,0.16825930309861717
02,TE2p,90,507,lowLR,32,layer_32,0.16819732685877292
02,TE2p,90,507,lowrank,0,embedding,0.04573390203827087
02,TE2p,90,507,lowrank,1,layer_1,0.04369779838430795
02,TE2p,90,507,lowrank,2,layer_2,0.049128673163407584
02,TE2p,90,507,lowrank,3,layer_3,0.10753105638081545
02,TE2p,90,507,lowrank,4,layer_4,0.12255578811924071
02,TE2p,90,507,lowrank,5,layer_5,0.13221511482659087
02,TE2p,90,507,lowrank,6,layer_6,0.15507236102074182
02,TE2p,90,507,lowrank,7,layer_7,0.14791766299224215
02,TE2p,90,507,lowrank,8,layer_8,0.14089458627483054
02,TE2p,90,507,lowrank,9,layer_9,0.14954155793514734
02,TE2p,90,507,lowrank,10,layer_10,0.14952910743214054
02,TE2p,90,507,lowrank,11,layer_11,0.14110993540669253
02,TE2p,90,507,lowrank,12,layer_12,0.13505517147357757
02,TE2p,90,507,lowrank,13,layer_13,0.13273348964755677
02,TE2p,90,507,lowrank,14,layer_14,0.12446764960522416
02,TE2p,90,507,lowrank,15,layer_15,0.11949227565297843
02,TE2p,90,507,lowrank,16,layer_16,0.10555020063005277
02,TE2p,90,507,lowrank,17,layer_17,0.12395871166479301
02,TE2p,90,507,lowrank,18,layer_18,0.11917662144176307
02,TE2p,90,507,lowrank,19,layer_19,0.13578222540733828
02,TE2p,90,507,lowrank,20,layer_20,0.1328175169065519
02,TE2p,90,507,lowrank,21,layer_21,0.1344960134657611
02,TE2p,90,507,lowrank,22,layer_22,0.14043166561916529
02,TE2p,90,507,lowrank,23,layer_23,0.14283588629261132
02,TE2p,90,507,lowrank,24,layer_24,0.15057911884357608
02,TE2p,90,507,lowrank,25,layer_25,0.15285448768258264
02,TE2p,90,507,lowrank,26,layer_26,0.15287804299118787
02,TE2p,90,507,lowrank,27,layer_27,0.15800021209491275
02,TE2p,90,507,lowrank,28,layer_28,0.1604786646802275
02,TE2p,90,507,lowrank,29,layer_29,0.1609012646624768
02,TE2p,90,507,lowrank,30,layer_30,0.1777069828363674
02,TE2p,90,507,lowrank,31,layer_31,0.17823358184109195
02,TE2p,90,507,lowrank,32,layer_32,0.17807630280269637
02,TE2p,90,507,taskvec_a0p25,0,embedding,0.04573390203827087
02,TE2p,90,507,taskvec_a0p25,1,layer_1,0.04826595970554191
02,TE2p,90,507,taskvec_a0p25,2,layer_2,0.058117080796544755
02,TE2p,90,507,taskvec_a0p25,3,layer_3,0.1119844140593915
02,TE2p,90,507,taskvec_a0p25,4,layer_4,0.11529843882045918
02,TE2p,90,507,taskvec_a0p25,5,layer_5,0.12389687421633885
02,TE2p,90,507,taskvec_a0p25,6,layer_6,0.1442894737391195
02,TE2p,90,507,taskvec_a0p25,7,layer_7,0.13208035286995498
02,TE2p,90,507,taskvec_a0p25,8,layer_8,0.11785398936918848
02,TE2p,90,507,taskvec_a0p25,9,layer_9,0.12297528388167711
02,TE2p,90,507,taskvec_a0p25,10,layer_10,0.11647882877162553
02,TE2p,90,507,taskvec_a0p25,11,layer_11,0.10812335825826826
02,TE2p,90,507,taskvec_a0p25,12,layer_12,0.10390912151978418
02,TE2p,90,507,taskvec_a0p25,13,layer_13,0.10204440427476659
02,TE2p,90,507,taskvec_a0p25,14,layer_14,0.10029656507131307
02,TE2p,90,507,taskvec_a0p25,15,layer_15,0.09350226625325214
02,TE2p,90,507,taskvec_a0p25,16,layer_16,0.08879793245884558
02,TE2p,90,507,taskvec_a0p25,17,layer_17,0.10576092070479702
02,TE2p,90,507,taskvec_a0p25,18,layer_18,0.1080786913408767
02,TE2p,90,507,taskvec_a0p25,19,layer_19,0.12567978766658278
02,TE2p,90,507,taskvec_a0p25,20,layer_20,0.12000814270219154
02,TE2p,90,507,taskvec_a0p25,21,layer_21,0.12170398108681696
02,TE2p,90,507,taskvec_a0p25,22,layer_22,0.1261439320401439
02,TE2p,90,507,taskvec_a0p25,23,layer_23,0.12825922490470615
02,TE2p,90,507,taskvec_a0p25,24,layer_24,0.13429335113718652
02,TE2p,90,507,taskvec_a0p25,25,layer_25,0.13855114072596839
02,TE2p,90,507,taskvec_a0p25,26,layer_26,0.14044051576516925
02,TE2p,90,507,taskvec_a0p25,27,layer_27,0.14472505884208556
02,TE2p,90,507,taskvec_a0p25,28,layer_28,0.1475944546439927
02,TE2p,90,507,taskvec_a0p25,29,layer_29,0.14985785678847213
02,TE2p,90,507,taskvec_a0p25,30,layer_30,0.1582044033703623
02,TE2p,90,507,taskvec_a0p25,31,layer_31,0.15717790168866366
02,TE2p,90,507,taskvec_a0p25,32,layer_32,0.15018437651622707
02,TE2p,90,507,taskvec_a0p5,0,embedding,0.04573390203827087
02,TE2p,90,507,taskvec_a0p5,1,layer_1,0.05283152228408502
02,TE2p,90,507,taskvec_a0p5,2,layer_2,0.059539173618616256
02,TE2p,90,507,taskvec_a0p5,3,layer_3,0.1084356405672185
02,TE2p,90,507,taskvec_a0p5,4,layer_4,0.11177252518555171
02,TE2p,90,507,taskvec_a0p5,5,layer_5,0.12236502654527302
02,TE2p,90,507,taskvec_a0p5,6,layer_6,0.1444831906543833
02,TE2p,90,507,taskvec_a0p5,7,layer_7,0.1366615590874708
02,TE2p,90,507,taskvec_a0p5,8,layer_8,0.1266298842210256
02,TE2p,90,507,taskvec_a0p5,9,layer_9,0.13030668371084714
02,TE2p,90,507,taskvec_a0p5,10,layer_10,0.12578089803487663
02,TE2p,90,507,taskvec_a0p5,11,layer_11,0.12129039694096602
02,TE2p,90,507,taskvec_a0p5,12,layer_12,0.11970567479382908
02,TE2p,90,507,taskvec_a0p5,13,layer_13,0.11484067997163525
02,TE2p,90,507,taskvec_a0p5,14,layer_14,0.11131316808755706
02,TE2p,90,507,taskvec_a0p5,15,layer_15,0.10159332123576767
02,TE2p,90,507,taskvec_a0p5,16,layer_16,0.09404718796305574
02,TE2p,90,507,taskvec_a0p5,17,layer_17,0.10765306746223013
02,TE2p,90,507,taskvec_a0p5,18,layer_18,0.10587444384277227
02,TE2p,90,507,taskvec_a0p5,19,layer_19,0.12283646279057657
02,TE2p,90,507,taskvec_a0p5,20,layer_20,0.11589157027067577
02,TE2p,90,507,taskvec_a0p5,21,layer_21,0.11667755712082481
02,TE2p,90,507,taskvec_a0p5,22,layer_22,0.12035022798708732
02,TE2p,90,507,taskvec_a0p5,23,layer_23,0.1211791613391461
02,TE2p,90,507,taskvec_a0p5,24,layer_24,0.12564813034052993
02,TE2p,90,507,taskvec_a0p5,25,layer_25,0.12873707674932805
02,TE2p,90,507,taskvec_a0p5,26,layer_26,0.13016911006106988
02,TE2p,90,507,taskvec_a0p5,27,layer_27,0.1352364261175202
02,TE2p,90,507,taskvec_a0p5,28,layer_28,0.14027716932012174
02,TE2p,90,507,taskvec_a0p5,29,layer_29,0.1401446851861118
02,TE2p,90,507,taskvec_a0p5,30,layer_30,0.14850297972132076
02,TE2p,90,507,taskvec_a0p5,31,layer_31,0.14444007061653627
02,TE2p,90,507,taskvec_a0p5,32,layer_32,0.1316068603452135
02,TE2p,90,507,taskvec_a1p0,0,embedding,0.04573390203827087
02,TE2p,90,507,taskvec_a1p0,1,layer_1,0.05530710825745802
02,TE2p,90,507,taskvec_a1p0,2,layer_2,0.05161207068234168
02,TE2p,90,507,taskvec_a1p0,3,layer_3,0.09494018727135345
02,TE2p,90,507,taskvec_a1p0,4,layer_4,0.10503193602028497
02,TE2p,90,507,taskvec_a1p0,5,layer_5,0.11026557160894981
02,TE2p,90,507,taskvec_a1p0,6,layer_6,0.13402076223181644
02,TE2p,90,507,taskvec_a1p0,7,layer_7,0.1323654227265103
02,TE2p,90,507,taskvec_a1p0,8,layer_8,0.13005983528458245
02,TE2p,90,507,taskvec_a1p0,9,layer_9,0.13373842822815432
02,TE2p,90,507,taskvec_a1p0,10,layer_10,0.12764713993040044
02,TE2p,90,507,taskvec_a1p0,11,layer_11,0.13540332397832663
02,TE2p,90,507,taskvec_a1p0,12,layer_12,0.13165525146710674
02,TE2p,90,507,taskvec_a1p0,13,layer_13,0.12403348772110237
02,TE2p,90,507,taskvec_a1p0,14,layer_14,0.11905623494812743
02,TE2p,90,507,taskvec_a1p0,15,layer_15,0.10475510659897001
02,TE2p,90,507,taskvec_a1p0,16,layer_16,0.09511617307283358
02,TE2p,90,507,taskvec_a1p0,17,layer_17,0.10076974358753939
02,TE2p,90,507,taskvec_a1p0,18,layer_18,0.09364294692482186
02,TE2p,90,507,taskvec_a1p0,19,layer_19,0.10333738822746884
02,TE2p,90,507,taskvec_a1p0,20,layer_20,0.09658525117022765
02,TE2p,90,507,taskvec_a1p0,21,layer_21,0.09476898556986292
02,TE2p,90,507,taskvec_a1p0,22,layer_22,0.09805675578196572
02,TE2p,90,507,taskvec_a1p0,23,layer_23,0.09713745690623071
02,TE2p,90,507,taskvec_a1p0,24,layer_24,0.09811600831082844
02,TE2p,90,507,taskvec_a1p0,25,layer_25,0.10122040390121415
02,TE2p,90,507,taskvec_a1p0,26,layer_26,0.10203228720733362
02,TE2p,90,507,taskvec_a1p0,27,layer_27,0.10500324150747392
02,TE2p,90,507,taskvec_a1p0,28,layer_28,0.10788816886916928
02,TE2p,90,507,taskvec_a1p0,29,layer_29,0.10781518906858988
02,TE2p,90,507,taskvec_a1p0,30,layer_30,0.11306453330215442
02,TE2p,90,507,taskvec_a1p0,31,layer_31,0.10626164361460295
02,TE2p,90,507,taskvec_a1p0,32,layer_32,0.08902083068417836
02,TF,90,848,base,0,embedding,0.03749914847370749
02,TF,90,848,base,1,layer_1,0.032504916666315026
02,TF,90,848,base,2,layer_2,0.035728382380314595
02,TF,90,848,base,3,layer_3,0.07728465931610654
02,TF,90,848,base,4,layer_4,0.07192316192579842
02,TF,90,848,base,5,layer_5,0.07990365079282266
02,TF,90,848,base,6,layer_6,0.0901083449115334
02,TF,90,848,base,7,layer_7,0.08000833723429605
02,TF,90,848,base,8,layer_8,0.05908260000716821
02,TF,90,848,base,9,layer_9,0.057223250794691385
02,TF,90,848,base,10,layer_10,0.05672513802229341
02,TF,90,848,base,11,layer_11,0.05560728956365838
02,TF,90,848,base,12,layer_12,0.0516316712769225
02,TF,90,848,base,13,layer_13,0.05248112165769388
02,TF,90,848,base,14,layer_14,0.05969302434155717
02,TF,90,848,base,15,layer_15,0.06326068000073846
02,TF,90,848,base,16,layer_16,0.061130716718122126
02,TF,90,848,base,17,layer_17,0.06805504476245557
02,TF,90,848,base,18,layer_18,0.07397543154413468
02,TF,90,848,base,19,layer_19,0.0811478326666219
02,TF,90,848,base,20,layer_20,0.07740761317026133
02,TF,90,848,base,21,layer_21,0.0803389812892413
02,TF,90,848,base,22,layer_22,0.08213655096084263
02,TF,90,848,base,23,layer_23,0.08251335520151398
02,TF,90,848,base,24,layer_24,0.08533630893854605
02,TF,90,848,base,25,layer_25,0.08607543977803196
02,TF,90,848,base,26,layer_26,0.08337619493526084
02,TF,90,848,base,27,layer_27,0.08545906515973888
02,TF,90,848,base,28,layer_28,0.08442565248872642
02,TF,90,848,base,29,layer_29,0.08901699440049218
02,TF,90,848,base,30,layer_30,0.09000056209579005
02,TF,90,848,base,31,layer_31,0.09013495512511036
02,TF,90,848,base,32,layer_32,0.09263932471424605
02,TF,90,848,scrambled,0,embedding,0.03749914847370749
02,TF,90,848,scrambled,1,layer_1,0.049287858855529824
02,TF,90,848,scrambled,2,layer_2,0.03787177816639243
02,TF,90,848,scrambled,3,layer_3,0.05676762649393591
02,TF,90,848,scrambled,4,layer_4,0.05302345601952372
02,TF,90,848,scrambled,5,layer_5,0.06564181236218125
02,TF,90,848,scrambled,6,layer_6,0.07857768604569751
02,TF,90,848,scrambled,7,layer_7,0.08272272416168933
02,TF,90,848,scrambled,8,layer_8,0.07569636445816558
02,TF,90,848,scrambled,9,layer_9,0.07094109553117671
02,TF,90,848,scrambled,10,layer_10,0.07233338743208771
02,TF,90,848,scrambled,11,layer_11,0.07347249693842166
02,TF,90,848,scrambled,12,layer_12,0.07001869990757446
02,TF,90,848,scrambled,13,layer_13,0.06281519382261529
02,TF,90,848,scrambled,14,layer_14,0.061023303016493016
02,TF,90,848,scrambled,15,layer_15,0.0459470256875273
02,TF,90,848,scrambled,16,layer_16,0.04703131296836246
02,TF,90,848,scrambled,17,layer_17,0.055936299317295254
02,TF,90,848,scrambled,18,layer_18,0.05669481854810604
02,TF,90,848,scrambled,19,layer_19,0.06702790236141894
02,TF,90,848,scrambled,20,layer_20,0.0645313917646991
02,TF,90,848,scrambled,21,layer_21,0.07113892388452459
02,TF,90,848,scrambled,22,layer_22,0.0740139202832803
02,TF,90,848,scrambled,23,layer_23,0.07476559988185809
02,TF,90,848,scrambled,24,layer_24,0.0764610056408314
02,TF,90,848,scrambled,25,layer_25,0.0781698257837981
02,TF,90,848,scrambled,26,layer_26,0.0773782758833273
02,TF,90,848,scrambled,27,layer_27,0.07988877097349222
02,TF,90,848,scrambled,28,layer_28,0.07805769803166966
02,TF,90,848,scrambled,29,layer_29,0.07660661125856591
02,TF,90,848,scrambled,30,layer_30,0.0733583226203846
02,TF,90,848,scrambled,31,layer_31,0.07257733562265528
02,TF,90,848,scrambled,32,layer_32,0.06305291339930393
02,TF,90,848,lowLR,0,embedding,0.03749914847370749
02,TF,90,848,lowLR,1,layer_1,0.03754613601865196
02,TF,90,848,lowLR,2,layer_2,0.03826700037944968
02,TF,90,848,lowLR,3,layer_3,0.07958402486890655
02,TF,90,848,lowLR,4,layer_4,0.08209208242360762
02,TF,90,848,lowLR,5,layer_5,0.09416944524507899
02,TF,90,848,lowLR,6,layer_6,0.11213159065369514
02,TF,90,848,lowLR,7,layer_7,0.10489450359028014
02,TF,90,848,lowLR,8,layer_8,0.09380557811787373
02,TF,90,848,lowLR,9,layer_9,0.09752490866942785
02,TF,90,848,lowLR,10,layer_10,0.09471017369899384
02,TF,90,848,lowLR,11,layer_11,0.09231035904508843
02,TF,90,848,lowLR,12,layer_12,0.0862189030021551
02,TF,90,848,lowLR,13,layer_13,0.08471693097170611
02,TF,90,848,lowLR,14,layer_14,0.08350169111891698
02,TF,90,848,lowLR,15,layer_15,0.0801958830696623
02,TF,90,848,lowLR,16,layer_16,0.07418196994450592
02,TF,90,848,lowLR,17,layer_17,0.08246807651857381
02,TF,90,848,lowLR,18,layer_18,0.08131183085212716
02,TF,90,848,lowLR,19,layer_19,0.08848534996447958
02,TF,90,848,lowLR,20,layer_20,0.08664760139963067
02,TF,90,848,lowLR,21,layer_21,0.08910434985087053
02,TF,90,848,lowLR,22,layer_22,0.09242265491599357
02,TF,90,848,lowLR,23,layer_23,0.09350824399655647
02,TF,90,848,lowLR,24,layer_24,0.095856475326596
02,TF,90,848,lowLR,25,layer_25,0.0979582157629693
02,TF,90,848,lowLR,26,layer_26,0.09543124988945023
02,TF,90,848,lowLR,27,layer_27,0.09828557926018477
02,TF,90,848,lowLR,28,layer_28,0.09843474600720753
02,TF,90,848,lowLR,29,layer_29,0.0987349011615982
02,TF,90,848,lowLR,30,layer_30,0.10089684549231184
02,TF,90,848,lowLR,31,layer_31,0.10055902724876792
02,TF,90,848,lowLR,32,layer_32,0.10633522938997313
02,TF,90,848,lowrank,0,embedding,0.03749914847370749
02,TF,90,848,lowrank,1,layer_1,0.03438811950482647
02,TF,90,848,lowrank,2,layer_2,0.04383342241667114
02,TF,90,848,lowrank,3,layer_3,0.08378245937637188
02,TF,90,848,lowrank,4,layer_4,0.08716131615490443
02,TF,90,848,lowrank,5,layer_5,0.09938811583423317
02,TF,90,848,lowrank,6,layer_6,0.11086451455168043
02,TF,90,848,lowrank,7,layer_7,0.10392260501927462
02,TF,90,848,lowrank,8,layer_8,0.09899244268925703
02,TF,90,848,lowrank,9,layer_9,0.103448222772607
02,TF,90,848,lowrank,10,layer_10,0.10147217484526129
02,TF,90,848,lowrank,11,layer_11,0.09792304606207347
02,TF,90,848,lowrank,12,layer_12,0.09360578576361643
02,TF,90,848,lowrank,13,layer_13,0.09018819348493377
02,TF,90,848,lowrank,14,layer_14,0.08749168019868711
02,TF,90,848,lowrank,15,layer_15,0.08555229878974599
02,TF,90,848,lowrank,16,layer_16,0.0768297328950731
02,TF,90,848,lowrank,17,layer_17,0.08673198133445965
02,TF,90,848,lowrank,18,layer_18,0.08479779722410158
02,TF,90,848,lowrank,19,layer_19,0.09163576582840945
02,TF,90,848,lowrank,20,layer_20,0.08982183278267243
02,TF,90,848,lowrank,21,layer_21,0.09344466633196462
02,TF,90,848,lowrank,22,layer_22,0.09696910257642194
02,TF,90,848,lowrank,23,layer_23,0.09816813876791326
02,TF,90,848,lowrank,24,layer_24,0.10022183926383806
02,TF,90,848,lowrank,25,layer_25,0.10298393886046116
02,TF,90,848,lowrank,26,layer_26,0.10027569742155168
02,TF,90,848,lowrank,27,layer_27,0.102591551877174
02,TF,90,848,lowrank,28,layer_28,0.102693853086803
02,TF,90,848,lowrank,29,layer_29,0.10335162695386406
02,TF,90,848,lowrank,30,layer_30,0.10670558795674494
02,TF,90,848,lowrank,31,layer_31,0.10597042378639647
02,TF,90,848,lowrank,32,layer_32,0.10632586125133822
02,TF,90,848,taskvec_a0p25,0,embedding,0.03749914847370749
02,TF,90,848,taskvec_a0p25,1,layer_1,0.03590910203294997
02,TF,90,848,taskvec_a0p25,2,layer_2,0.04092669677438592
02,TF,90,848,taskvec_a0p25,3,layer_3,0.07893797037497217
02,TF,90,848,taskvec_a0p25,4,layer_4,0.0773461685593488
02,TF,90,848,taskvec_a0p25,5,layer_5,0.09065451499665349
02,TF,90,848,taskvec_a0p25,6,layer_6,0.10307239604922296
02,TF,90,848,taskvec_a0p25,7,layer_7,0.09641848276087928
02,TF,90,848,taskvec_a0p25,8,layer_8,0.08685270761482287
02,TF,90,848,taskvec_a0p25,9,layer_9,0.08587018636551079
02,TF,90,848,taskvec_a0p25,10,layer_10,0.08366845878107076
02,TF,90,848,taskvec_a0p25,11,layer_11,0.08009911539616982
02,TF,90,848,taskvec_a0p25,12,layer_12,0.07736150865053018
02,TF,90,848,taskvec_a0p25,13,layer_13,0.07554270557742877
02,TF,90,848,taskvec_a0p25,14,layer_14,0.079652186945741
02,TF,90,848,taskvec_a0p25,15,layer_15,0.07509543752707099
02,TF,90,848,taskvec_a0p25,16,layer_16,0.07152368780207921
02,TF,90,848,taskvec_a0p25,17,layer_17,0.07632008418581368
02,TF,90,848,taskvec_a0p25,18,layer_18,0.07720949826779847
02,TF,90,848,taskvec_a0p25,19,layer_19,0.08546343550073911
02,TF,90,848,taskvec_a0p25,20,layer_20,0.07960045885292846
02,TF,90,848,taskvec_a0p25,21,layer_21,0.08393086323774561
02,TF,90,848,taskvec_a0p25,22,layer_22,0.08612014835152039
02,TF,90,848,taskvec_a0p25,23,layer_23,0.08749952760958725
02,TF,90,848,taskvec_a0p25,24,layer_24,0.08919716635951272
02,TF,90,848,taskvec_a0p25,25,layer_25,0.09167885765966174
02,TF,90,848,taskvec_a0p25,26,layer_26,0.08942101613712176
02,TF,90,848,taskvec_a0p25,27,layer_27,0.0928527292722573
02,TF,90,848,taskvec_a0p25,28,layer_28,0.09236375207418643
02,TF,90,848,taskvec_a0p25,29,layer_29,0.09609609763423986
02,TF,90,848,taskvec_a0p25,30,layer_30,0.09565882854152698
02,TF,90,848,taskvec_a0p25,31,layer_31,0.09565132838930009
02,TF,90,848,taskvec_a0p25,32,layer_32,0.08935108769233988
02,TF,90,848,taskvec_a0p5,0,embedding,0.03749914847370749
02,TF,90,848,taskvec_a0p5,1,layer_1,0.04013073842599218
02,TF,90,848,taskvec_a0p5,2,layer_2,0.04702655464658528
02,TF,90,848,taskvec_a0p5,3,layer_3,0.07880285424811333
02,TF,90,848,taskvec_a0p5,4,layer_4,0.07846195401379479
02,TF,90,848,taskvec_a0p5,5,layer_5,0.09458510005386321
02,TF,90,848,taskvec_a0p5,6,layer_6,0.10811563338727649
02,TF,90,848,taskvec_a0p5,7,layer_7,0.10440831548271513
02,TF,90,848,taskvec_a0p5,8,layer_8,0.09965374125987139
02,TF,90,848,taskvec_a0p5,9,layer_9,0.1001425510863601
02,TF,90,848,taskvec_a0p5,10,layer_10,0.09938346847084864
02,TF,90,848,taskvec_a0p5,11,layer_11,0.09641818948701322
02,TF,90,848,taskvec_a0p5,12,layer_12,0.09434180696612891
02,TF,90,848,taskvec_a0p5,13,layer_13,0.09043670871547035
02,TF,90,848,taskvec_a0p5,14,layer_14,0.09307352825446472
02,TF,90,848,taskvec_a0p5,15,layer_15,0.08510429624713256
02,TF,90,848,taskvec_a0p5,16,layer_16,0.08195810016449843
02,TF,90,848,taskvec_a0p5,17,layer_17,0.0842115466886176
02,TF,90,848,taskvec_a0p5,18,layer_18,0.08047547393528423
02,TF,90,848,taskvec_a0p5,19,layer_19,0.08923597975469608
02,TF,90,848,taskvec_a0p5,20,layer_20,0.08304463799535798
02,TF,90,848,taskvec_a0p5,21,layer_21,0.08739601034080663
02,TF,90,848,taskvec_a0p5,22,layer_22,0.08906463309746027
02,TF,90,848,taskvec_a0p5,23,layer_23,0.09022040578974841
02,TF,90,848,taskvec_a0p5,24,layer_24,0.09093517136172255
02,TF,90,848,taskvec_a0p5,25,layer_25,0.0928315031559042
02,TF,90,848,taskvec_a0p5,26,layer_26,0.09141522743030593
02,TF,90,848,taskvec_a0p5,27,layer_27,0.09633486216252517
02,TF,90,848,taskvec_a0p5,28,layer_28,0.09691362300650616
02,TF,90,848,taskvec_a0p5,29,layer_29,0.09929588026936387
02,TF,90,848,taskvec_a0p5,30,layer_30,0.09938393061068598
02,TF,90,848,taskvec_a0p5,31,layer_31,0.09859532185481464
02,TF,90,848,taskvec_a0p5,32,layer_32,0.08656013760604066
02,TF,90,848,taskvec_a1p0,0,embedding,0.03749914847370749
02,TF,90,848,taskvec_a1p0,1,layer_1,0.04498629281847713
02,TF,90,848,taskvec_a1p0,2,layer_2,0.0525660035204707
02,TF,90,848,taskvec_a1p0,3,layer_3,0.07885929153466051
02,TF,90,848,taskvec_a1p0,4,layer_4,0.0822041339618906
02,TF,90,848,taskvec_a1p0,5,layer_5,0.09194410070848225
02,TF,90,848,taskvec_a1p0,6,layer_6,0.10462328765491999
02,TF,90,848,taskvec_a1p0,7,layer_7,0.10728380559027847
02,TF,90,848,taskvec_a1p0,8,layer_8,0.1056776479255121
02,TF,90,848,taskvec_a1p0,9,layer_9,0.10766662773596193
02,TF,90,848,taskvec_a1p0,10,layer_10,0.1063968367025018
02,TF,90,848,taskvec_a1p0,11,layer_11,0.10898904611089145
02,TF,90,848,taskvec_a1p0,12,layer_12,0.10728420739415483
02,TF,90,848,taskvec_a1p0,13,layer_13,0.10389131680733603
02,TF,90,848,taskvec_a1p0,14,layer_14,0.10254747132071597
02,TF,90,848,taskvec_a1p0,15,layer_15,0.09331335585381483
02,TF,90,848,taskvec_a1p0,16,layer_16,0.0896045854030226
02,TF,90,848,taskvec_a1p0,17,layer_17,0.08976822119916468
02,TF,90,848,taskvec_a1p0,18,layer_18,0.08277351134974811
02,TF,90,848,taskvec_a1p0,19,layer_19,0.08779388360017418
02,TF,90,848,taskvec_a1p0,20,layer_20,0.08488541643416074
02,TF,90,848,taskvec_a1p0,21,layer_21,0.08705213309654962
02,TF,90,848,taskvec_a1p0,22,layer_22,0.08796426320084653
02,TF,90,848,taskvec_a1p0,23,layer_23,0.08522514917697425
02,TF,90,848,taskvec_a1p0,24,layer_24,0.08473168862472548
02,TF,90,848,taskvec_a1p0,25,layer_25,0.08675177302405
02,TF,90,848,taskvec_a1p0,26,layer_26,0.08577348201675755
02,TF,90,848,taskvec_a1p0,27,layer_27,0.088700168961799
02,TF,90,848,taskvec_a1p0,28,layer_28,0.08848060247702358
02,TF,90,848,taskvec_a1p0,29,layer_29,0.08965599294936749
02,TF,90,848,taskvec_a1p0,30,layer_30,0.09302686072363019
02,TF,90,848,taskvec_a1p0,31,layer_31,0.08996109527896118
02,TF,90,848,taskvec_a1p0,32,layer_32,0.07755764348740053
02,PeEc,90,934,base,0,embedding,0.036555331975717906
02,PeEc,90,934,base,1,layer_1,0.03727242389305475
02,PeEc,90,934,base,2,layer_2,0.03942857989428583
02,PeEc,90,934,base,3,layer_3,0.06208559793295051
02,PeEc,90,934,base,4,layer_4,0.059090701464219846
02,PeEc,90,934,base,5,layer_5,0.04936660419615762
02,PeEc,90,934,base,6,layer_6,0.054122998024561414
02,PeEc,90,934,base,7,layer_7,0.04856737070719468
02,PeEc,90,934,base,8,layer_8,0.04282631510385385
02,PeEc,90,934,base,9,layer_9,0.04374477301210796
02,PeEc,90,934,base,10,layer_10,0.04415494191840908
02,PeEc,90,934,base,11,layer_11,0.04157770535507301
02,PeEc,90,934,base,12,layer_12,0.041259777617600434
02,PeEc,90,934,base,13,layer_13,0.04254954452411076
02,PeEc,90,934,base,14,layer_14,0.045004239684690917
02,PeEc,90,934,base,15,layer_15,0.03986591361932844
02,PeEc,90,934,base,16,layer_16,0.04032606722672748
02,PeEc,90,934,base,17,layer_17,0.04792526961969428
02,PeEc,90,934,base,18,layer_18,0.05193158340628148
02,PeEc,90,934,base,19,layer_19,0.05823545995198629
02,PeEc,90,934,base,20,layer_20,0.05718503627595047
02,PeEc,90,934,base,21,layer_21,0.05785498623881499
02,PeEc,90,934,base,22,layer_22,0.05591020485476554
02,PeEc,90,934,base,23,layer_23,0.05583096449773962
02,PeEc,90,934,base,24,layer_24,0.05862216227903653
02,PeEc,90,934,base,25,layer_25,0.06144813748408357
02,PeEc,90,934,base,26,layer_26,0.06135329327619544
02,PeEc,90,934,base,27,layer_27,0.06273641224305117
02,PeEc,90,934,base,28,layer_28,0.06081290516940413
02,PeEc,90,934,base,29,layer_29,0.061759920853864204
02,PeEc,90,934,base,30,layer_30,0.06249051443506951
02,PeEc,90,934,base,31,layer_31,0.06571599645359792
02,PeEc,90,934,base,32,layer_32,0.06418948337811617
02,PeEc,90,934,scrambled,0,embedding,0.036555331975717906
02,PeEc,90,934,scrambled,1,layer_1,0.038885818323964476
02,PeEc,90,934,scrambled,2,layer_2,0.022619821759314766
02,PeEc,90,934,scrambled,3,layer_3,0.035302997977525515
02,PeEc,90,934,scrambled,4,layer_4,0.02683705344040684
02,PeEc,90,934,scrambled,5,layer_5,0.028585742017280105
02,PeEc,90,934,scrambled,6,layer_6,0.03285228555076592
02,PeEc,90,934,scrambled,7,layer_7,0.028813998561624317
02,PeEc,90,934,scrambled,8,layer_8,0.0240033761538022
02,PeEc,90,934,scrambled,9,layer_9,0.023725818964982694
02,PeEc,90,934,scrambled,10,layer_10,0.024096752124373615
02,PeEc,90,934,scrambled,11,layer_11,0.02430154526504384
02,PeEc,90,934,scrambled,12,layer_12,0.0219278232056817
02,PeEc,90,934,scrambled,13,layer_13,0.01401398259930686
02,PeEc,90,934,scrambled,14,layer_14,0.016245816333886477
02,PeEc,90,934,scrambled,15,layer_15,0.013864627372455519
02,PeEc,90,934,scrambled,16,layer_16,0.016643406780111836
02,PeEc,90,934,scrambled,17,layer_17,0.019232784694704175
02,PeEc,90,934,scrambled,18,layer_18,0.026166202734496366
02,PeEc,90,934,scrambled,19,layer_19,0.03187880105929997
02,PeEc,90,934,scrambled,20,layer_20,0.03321789326770619
02,PeEc,90,934,scrambled,21,layer_21,0.03122927902219639
02,PeEc,90,934,scrambled,22,layer_22,0.03451549189403083
02,PeEc,90,934,scrambled,23,layer_23,0.03678762650137049
02,PeEc,90,934,scrambled,24,layer_24,0.036090810784388395
02,PeEc,90,934,scrambled,25,layer_25,0.034868740265701005
02,PeEc,90,934,scrambled,26,layer_26,0.033438593246634
02,PeEc,90,934,scrambled,27,layer_27,0.03146636310990903
02,PeEc,90,934,scrambled,28,layer_28,0.03405479451578842
02,PeEc,90,934,scrambled,29,layer_29,0.02736617291919171
02,PeEc,90,934,scrambled,30,layer_30,0.026433398576307807
02,PeEc,90,934,scrambled,31,layer_31,0.028322979654409476
02,PeEc,90,934,scrambled,32,layer_32,0.016760980646612873
02,PeEc,90,934,lowLR,0,embedding,0.036555331975717906
02,PeEc,90,934,lowLR,1,layer_1,0.0386487267643062
02,PeEc,90,934,lowLR,2,layer_2,0.03930534696296167
02,PeEc,90,934,lowLR,3,layer_3,0.06380658651297638
02,PeEc,90,934,lowLR,4,layer_4,0.06409705167467401
02,PeEc,90,934,lowLR,5,layer_5,0.059709817726163995
02,PeEc,90,934,lowLR,6,layer_6,0.061142945304343665
02,PeEc,90,934,lowLR,7,layer_7,0.057589174201334616
02,PeEc,90,934,lowLR,8,layer_8,0.056463684370700255
02,PeEc,90,934,lowLR,9,layer_9,0.058459127787719174
02,PeEc,90,934,lowLR,10,layer_10,0.0576413552808511
02,PeEc,90,934,lowLR,11,layer_11,0.055923846199107466
02,PeEc,90,934,lowLR,12,layer_12,0.05758526095660844
02,PeEc,90,934,lowLR,13,layer_13,0.055767892310269754
02,PeEc,90,934,lowLR,14,layer_14,0.05396215673608574
02,PeEc,90,934,lowLR,15,layer_15,0.04635502474081684
02,PeEc,90,934,lowLR,16,layer_16,0.04559080628347515
02,PeEc,90,934,lowLR,17,layer_17,0.05307803802197045
02,PeEc,90,934,lowLR,18,layer_18,0.05268009900948135
02,PeEc,90,934,lowLR,19,layer_19,0.058908087112970804
02,PeEc,90,934,lowLR,20,layer_20,0.05799158722806958
02,PeEc,90,934,lowLR,21,layer_21,0.05738934728932878
02,PeEc,90,934,lowLR,22,layer_22,0.05562508530977177
02,PeEc,90,934,lowLR,23,layer_23,0.056620046601366755
02,PeEc,90,934,lowLR,24,layer_24,0.058903549960784334
02,PeEc,90,934,lowLR,25,layer_25,0.05944970491521452
02,PeEc,90,934,lowLR,26,layer_26,0.057291312187058456
02,PeEc,90,934,lowLR,27,layer_27,0.05830429356993444
02,PeEc,90,934,lowLR,28,layer_28,0.058051515220817446
02,PeEc,90,934,lowLR,29,layer_29,0.05645876484169607
02,PeEc,90,934,lowLR,30,layer_30,0.05816528493299853
02,PeEc,90,934,lowLR,31,layer_31,0.060203941973983544
02,PeEc,90,934,lowLR,32,layer_32,0.05614764423349299
02,PeEc,90,934,lowrank,0,embedding,0.036555331975717906
02,PeEc,90,934,lowrank,1,layer_1,0.03580169785805153
02,PeEc,90,934,lowrank,2,layer_2,0.038436244244385964
02,PeEc,90,934,lowrank,3,layer_3,0.06195702685686811
02,PeEc,90,934,lowrank,4,layer_4,0.06212857880581015
02,PeEc,90,934,lowrank,5,layer_5,0.06045946346114073
02,PeEc,90,934,lowrank,6,layer_6,0.0638503803335208
02,PeEc,90,934,lowrank,7,layer_7,0.05966252610107054
02,PeEc,90,934,lowrank,8,layer_8,0.06100271052112954
02,PeEc,90,934,lowrank,9,layer_9,0.06222850169514443
02,PeEc,90,934,lowrank,10,layer_10,0.0618340862654168
02,PeEc,90,934,lowrank,11,layer_11,0.059829889650888486
02,PeEc,90,934,lowrank,12,layer_12,0.06096663652801357
02,PeEc,90,934,lowrank,13,layer_13,0.058280710428331696
02,PeEc,90,934,lowrank,14,layer_14,0.05562730802679868
02,PeEc,90,934,lowrank,15,layer_15,0.04708545655439921
02,PeEc,90,934,lowrank,16,layer_16,0.04417509543696668
02,PeEc,90,934,lowrank,17,layer_17,0.050576280064631815
02,PeEc,90,934,lowrank,18,layer_18,0.04984597602131975
02,PeEc,90,934,lowrank,19,layer_19,0.05546901635297132
02,PeEc,90,934,lowrank,20,layer_20,0.054771801447293836
02,PeEc,90,934,lowrank,21,layer_21,0.053118151162096484
02,PeEc,90,934,lowrank,22,layer_22,0.05271419144261567
02,PeEc,90,934,lowrank,23,layer_23,0.053759393162647835
02,PeEc,90,934,lowrank,24,layer_24,0.055667801675756044
02,PeEc,90,934,lowrank,25,layer_25,0.05668899341929124
02,PeEc,90,934,lowrank,26,layer_26,0.05532576234332589
02,PeEc,90,934,lowrank,27,layer_27,0.05681115393961855
02,PeEc,90,934,lowrank,28,layer_28,0.05705819925165064
02,PeEc,90,934,lowrank,29,layer_29,0.055718191916703144
02,PeEc,90,934,lowrank,30,layer_30,0.05951716929912558
02,PeEc,90,934,lowrank,31,layer_31,0.06291482680045903
02,PeEc,90,934,lowrank,32,layer_32,0.06012320909581761
02,PeEc,90,934,taskvec_a0p25,0,embedding,0.036555331975717906
02,PeEc,90,934,taskvec_a0p25,1,layer_1,0.039888048697867676
02,PeEc,90,934,taskvec_a0p25,2,layer_2,0.041982706476976314
02,PeEc,90,934,taskvec_a0p25,3,layer_3,0.06146553366790427
02,PeEc,90,934,taskvec_a0p25,4,layer_4,0.05747529315716361
02,PeEc,90,934,taskvec_a0p25,5,layer_5,0.054264414869574555
02,PeEc,90,934,taskvec_a0p25,6,layer_6,0.06053933052760655
02,PeEc,90,934,taskvec_a0p25,7,layer_7,0.056750178566891706
02,PeEc,90,934,taskvec_a0p25,8,layer_8,0.05533517904960741
02,PeEc,90,934,taskvec_a0p25,9,layer_9,0.05742434887144789
02,PeEc,90,934,taskvec_a0p25,10,layer_10,0.05849810556570642
02,PeEc,90,934,taskvec_a0p25,11,layer_11,0.056178502808557726
02,PeEc,90,934,taskvec_a0p25,12,layer_12,0.055944388445636574
02,PeEc,90,934,taskvec_a0p25,13,layer_13,0.05281895409793451
02,PeEc,90,934,taskvec_a0p25,14,layer_14,0.0522930088884528
02,PeEc,90,934,taskvec_a0p25,15,layer_15,0.039392423336170636
02,PeEc,90,934,taskvec_a0p25,16,layer_16,0.040355139259591576
02,PeEc,90,934,taskvec_a0p25,17,layer_17,0.047493606167393246
02,PeEc,90,934,taskvec_a0p25,18,layer_18,0.04933950961370506
02,PeEc,90,934,taskvec_a0p25,19,layer_19,0.05512639196719818
02,PeEc,90,934,taskvec_a0p25,20,layer_20,0.05407005835576464
02,PeEc,90,934,taskvec_a0p25,21,layer_21,0.053302799937342514
02,PeEc,90,934,taskvec_a0p25,22,layer_22,0.05190794459868378
02,PeEc,90,934,taskvec_a0p25,23,layer_23,0.05379062197261865
02,PeEc,90,934,taskvec_a0p25,24,layer_24,0.056305493381340284
02,PeEc,90,934,taskvec_a0p25,25,layer_25,0.05847894917829342
02,PeEc,90,934,taskvec_a0p25,26,layer_26,0.05755874339515731
02,PeEc,90,934,taskvec_a0p25,27,layer_27,0.060275467920741586
02,PeEc,90,934,taskvec_a0p25,28,layer_28,0.059572667548905445
02,PeEc,90,934,taskvec_a0p25,29,layer_29,0.05828712378606639
02,PeEc,90,934,taskvec_a0p25,30,layer_30,0.05884183187666166
02,PeEc,90,934,taskvec_a0p25,31,layer_31,0.06151322971205508
02,PeEc,90,934,taskvec_a0p25,32,layer_32,0.053681123971755444
02,PeEc,90,934,taskvec_a0p5,0,embedding,0.036555331975717906
02,PeEc,90,934,taskvec_a0p5,1,layer_1,0.04197978905580425
02,PeEc,90,934,taskvec_a0p5,2,layer_2,0.042075607792201444
02,PeEc,90,934,taskvec_a0p5,3,layer_3,0.05919860831426068
02,PeEc,90,934,taskvec_a0p5,4,layer_4,0.05216124150082763
02,PeEc,90,934,taskvec_a0p5,5,layer_5,0.051141506039496146
02,PeEc,90,934,taskvec_a0p5,6,layer_6,0.057280834277698534
02,PeEc,90,934,taskvec_a0p5,7,layer_7,0.05658930365466068
02,PeEc,90,934,taskvec_a0p5,8,layer_8,0.05746187559759337
02,PeEc,90,934,taskvec_a0p5,9,layer_9,0.05972744161752785
02,PeEc,90,934,taskvec_a0p5,10,layer_10,0.059185039821388674
02,PeEc,90,934,taskvec_a0p5,11,layer_11,0.056303015310571386
02,PeEc,90,934,taskvec_a0p5,12,layer_12,0.05610193441928985
02,PeEc,90,934,taskvec_a0p5,13,layer_13,0.05131756338485571
02,PeEc,90,934,taskvec_a0p5,14,layer_14,0.05154241402958215
02,PeEc,90,934,taskvec_a0p5,15,layer_15,0.037583327441237206
02,PeEc,90,934,taskvec_a0p5,16,layer_16,0.03842369623248867
02,PeEc,90,934,taskvec_a0p5,17,layer_17,0.044720651701753086
02,PeEc,90,934,taskvec_a0p5,18,layer_18,0.04470889011213356
02,PeEc,90,934,taskvec_a0p5,19,layer_19,0.049041429045019166
02,PeEc,90,934,taskvec_a0p5,20,layer_20,0.04814192671563918
02,PeEc,90,934,taskvec_a0p5,21,layer_21,0.04682941464622875
02,PeEc,90,934,taskvec_a0p5,22,layer_22,0.04627329884107639
02,PeEc,90,934,taskvec_a0p5,23,layer_23,0.04959729696837519
02,PeEc,90,934,taskvec_a0p5,24,layer_24,0.05134663840649806
02,PeEc,90,934,taskvec_a0p5,25,layer_25,0.05323407858537748
02,PeEc,90,934,taskvec_a0p5,26,layer_26,0.0518920639122359
02,PeEc,90,934,taskvec_a0p5,27,layer_27,0.054147112608297236
02,PeEc,90,934,taskvec_a0p5,28,layer_28,0.05469316874624643
02,PeEc,90,934,taskvec_a0p5,29,layer_29,0.052270117835814235
02,PeEc,90,934,taskvec_a0p5,30,layer_30,0.05171466404504488
02,PeEc,90,934,taskvec_a0p5,31,layer_31,0.05216513401090469
02,PeEc,90,934,taskvec_a0p5,32,layer_32,0.03832647986866098
02,PeEc,90,934,taskvec_a1p0,0,embedding,0.036555331975717906
02,PeEc,90,934,taskvec_a1p0,1,layer_1,0.03907633874088687
02,PeEc,90,934,taskvec_a1p0,2,layer_2,0.031008256068418633
02,PeEc,90,934,taskvec_a1p0,3,layer_3,0.052660611428078215
02,PeEc,90,934,taskvec_a1p0,4,layer_4,0.04567086481854779
02,PeEc,90,934,taskvec_a1p0,5,layer_5,0.04527322954064864
02,PeEc,90,934,taskvec_a1p0,6,layer_6,0.048072248767834606
02,PeEc,90,934,taskvec_a1p0,7,layer_7,0.050978072172684755
02,PeEc,90,934,taskvec_a1p0,8,layer_8,0.05023997470327975
02,PeEc,90,934,taskvec_a1p0,9,layer_9,0.05571790723557455
02,PeEc,90,934,taskvec_a1p0,10,layer_10,0.054720332257397454
02,PeEc,90,934,taskvec_a1p0,11,layer_11,0.05485360711005391
02,PeEc,90,934,taskvec_a1p0,12,layer_12,0.05293188134824557
02,PeEc,90,934,taskvec_a1p0,13,layer_13,0.04910251687052778
02,PeEc,90,934,taskvec_a1p0,14,layer_14,0.04691783186008141
02,PeEc,90,934,taskvec_a1p0,15,layer_15,0.031087522950851557
02,PeEc,90,934,taskvec_a1p0,16,layer_16,0.03356359814986482
02,PeEc,90,934,taskvec_a1p0,17,layer_17,0.036435290454262
02,PeEc,90,934,taskvec_a1p0,18,layer_18,0.034437451157876144
02,PeEc,90,934,taskvec_a1p0,19,layer_19,0.037019643115555424
02,PeEc,90,934,taskvec_a1p0,20,layer_20,0.03602564178217552
02,PeEc,90,934,taskvec_a1p0,21,layer_21,0.03621679936926169
02,PeEc,90,934,taskvec_a1p0,22,layer_22,0.03612608341133531
02,PeEc,90,934,taskvec_a1p0,23,layer_23,0.03901938551649379
02,PeEc,90,934,taskvec_a1p0,24,layer_24,0.039727640782238664
02,PeEc,90,934,taskvec_a1p0,25,layer_25,0.041318905551769744
02,PeEc,90,934,taskvec_a1p0,26,layer_26,0.039803222501085825
02,PeEc,90,934,taskvec_a1p0,27,layer_27,0.03844326226932094
02,PeEc,90,934,taskvec_a1p0,28,layer_28,0.040088071748446356
02,PeEc,90,934,taskvec_a1p0,29,layer_29,0.03761445967631072
02,PeEc,90,934,taskvec_a1p0,30,layer_30,0.034874340862549556
02,PeEc,90,934,taskvec_a1p0,31,layer_31,0.03340913752936169
02,PeEc,90,934,taskvec_a1p0,32,layer_32,0.01607959785973664
02,EC,90,407,base,0,embedding,-0.02145381707595581
02,EC,90,407,base,1,layer_1,-0.020363213854998653
02,EC,90,407,base,2,layer_2,-0.010977244355828168
02,EC,90,407,base,3,layer_3,0.0013338005765095467
02,EC,90,407,base,4,layer_4,-0.0034928103005761805
02,EC,90,407,base,5,layer_5,0.00387626700124246
02,EC,90,407,base,6,layer_6,0.001096701918502925
02,EC,90,407,base,7,layer_7,0.0055653578453648015
02,EC,90,407,base,8,layer_8,0.012918413240963125
02,EC,90,407,base,9,layer_9,0.00809533192419537
02,EC,90,407,base,10,layer_10,0.003075922994359946
02,EC,90,407,base,11,layer_11,0.0006759663734875076
02,EC,90,407,base,12,layer_12,-0.0009480849198800364
02,EC,90,407,base,13,layer_13,-0.0031126653530126973
02,EC,90,407,base,14,layer_14,-0.003893858763240085
02,EC,90,407,base,15,layer_15,-0.005436005203769288
02,EC,90,407,base,16,layer_16,-0.00013263151813752878
02,EC,90,407,base,17,layer_17,-0.0014123680848313004
02,EC,90,407,base,18,layer_18,-0.001428308173246945
02,EC,90,407,base,19,layer_19,-0.006091598009900332
02,EC,90,407,base,20,layer_20,-0.006611849223213077
02,EC,90,407,base,21,layer_21,-7.82680701005461e-05
02,EC,90,407,base,22,layer_22,-0.0001633785744137071
02,EC,90,407,base,23,layer_23,-0.0030232108463076617
02,EC,90,407,base,24,layer_24,-0.0058811271245429
02,EC,90,407,base,25,layer_25,-0.007869008372186192
02,EC,90,407,base,26,layer_26,-0.0038476888639846453
02,EC,90,407,base,27,layer_27,-0.0025165516624956683
02,EC,90,407,base,28,layer_28,-0.004396616844237549
02,EC,90,407,base,29,layer_29,0.001357579296289209
02,EC,90,407,base,30,layer_30,0.002316937327343067
02,EC,90,407,base,31,layer_31,0.0033750819515991986
02,EC,90,407,base,32,layer_32,0.00344319284560608
02,EC,90,407,scrambled,0,embedding,-0.02145381707595581
02,EC,90,407,scrambled,1,layer_1,-0.018171642699457723
02,EC,90,407,scrambled,2,layer_2,0.008533828470776982
02,EC,90,407,scrambled,3,layer_3,0.005180718709302238
02,EC,90,407,scrambled,4,layer_4,0.0040773932845937205
02,EC,90,407,scrambled,5,layer_5,0.0005137466978413425
02,EC,90,407,scrambled,6,layer_6,-0.0035710298030301175
02,EC,90,407,scrambled,7,layer_7,-0.011695666884793308
02,EC,90,407,scrambled,8,layer_8,-0.014398272982307043
02,EC,90,407,scrambled,9,layer_9,-0.010958564304949223
02,EC,90,407,scrambled,10,layer_10,-0.010173111512114245
02,EC,90,407,scrambled,11,layer_11,-0.013681739361197702
02,EC,90,407,scrambled,12,layer_12,-0.01385346465927841
02,EC,90,407,scrambled,13,layer_13,-0.013294680435542175
02,EC,90,407,scrambled,14,layer_14,-0.010797049607373448
02,EC,90,407,scrambled,15,layer_15,-0.004889221858711445
02,EC,90,407,scrambled,16,layer_16,-0.00518463867877949
02,EC,90,407,scrambled,17,layer_17,-0.0065969227042224285
02,EC,90,407,scrambled,18,layer_18,-0.008553516113524418
02,EC,90,407,scrambled,19,layer_19,-0.012947258126680006
02,EC,90,407,scrambled,20,layer_20,-0.014955333428185948
02,EC,90,407,scrambled,21,layer_21,-0.011869010793096576
02,EC,90,407,scrambled,22,layer_22,-0.017607639882093372
02,EC,90,407,scrambled,23,layer_23,-0.018889798293165155
02,EC,90,407,scrambled,24,layer_24,-0.016230423939085668
02,EC,90,407,scrambled,25,layer_25,-0.01727907302803386
02,EC,90,407,scrambled,26,layer_26,-0.018964415757428486
02,EC,90,407,scrambled,27,layer_27,-0.017088334430299012
02,EC,90,407,scrambled,28,layer_28,-0.019548890398234358
02,EC,90,407,scrambled,29,layer_29,-0.01704818337004889
02,EC,90,407,scrambled,30,layer_30,-0.01774789147718518
02,EC,90,407,scrambled,31,layer_31,-0.0172755105911551
02,EC,90,407,scrambled,32,layer_32,-0.01793913424445155
02,EC,90,407,lowLR,0,embedding,-0.02145381707595581
02,EC,90,407,lowLR,1,layer_1,-0.01885766799295383
02,EC,90,407,lowLR,2,layer_2,-0.006881701341696743
02,EC,90,407,lowLR,3,layer_3,-0.0006690441762552699
02,EC,90,407,lowLR,4,layer_4,-0.00689455065980166
02,EC,90,407,lowLR,5,layer_5,-7.01912704695048e-05
02,EC,90,407,lowLR,6,layer_6,-0.0019208524781625803
02,EC,90,407,lowLR,7,layer_7,-0.00010140887252186596
02,EC,90,407,lowLR,8,layer_8,0.004013852232535444
02,EC,90,407,lowLR,9,layer_9,0.0011568809686240283
02,EC,90,407,lowLR,10,layer_10,0.0008984273032021635
02,EC,90,407,lowLR,11,layer_11,-0.002768026343898491
02,EC,90,407,lowLR,12,layer_12,-0.002153076252040166
02,EC,90,407,lowLR,13,layer_13,-0.0044590739037832445
02,EC,90,407,lowLR,14,layer_14,-0.003889809529103398
02,EC,90,407,lowLR,15,layer_15,-0.0035689800615445856
02,EC,90,407,lowLR,16,layer_16,-0.0009280324593871128
02,EC,90,407,lowLR,17,layer_17,0.0007860204739043785
02,EC,90,407,lowLR,18,layer_18,-0.0002934778501765101
02,EC,90,407,lowLR,19,layer_19,-0.0034405190098616254
02,EC,90,407,lowLR,20,layer_20,-0.006167355879865766
02,EC,90,407,lowLR,21,layer_21,-0.00031185136448589587
02,EC,90,407,lowLR,22,layer_22,-0.0008955117500165099
02,EC,90,407,lowLR,23,layer_23,-0.003656245661776691
02,EC,90,407,lowLR,24,layer_24,-0.005047732834143107
02,EC,90,407,lowLR,25,layer_25,-0.0063508311860502676
02,EC,90,407,lowLR,26,layer_26,-0.003519151710909019
02,EC,90,407,lowLR,27,layer_27,-0.0020561333614226183
02,EC,90,407,lowLR,28,layer_28,-0.004998201866943699
02,EC,90,407,lowLR,29,layer_29,-0.0006656248271353703
02,EC,90,407,lowLR,30,layer_30,-0.00036357796290930304
02,EC,90,407,lowLR,31,layer_31,-0.0010796782111719817
02,EC,90,407,lowLR,32,layer_32,0.0005690835535955497
02,EC,90,407,lowrank,0,embedding,-0.02145381707595581
02,EC,90,407,lowrank,1,layer_1,-0.019051700784719235
02,EC,90,407,lowrank,2,layer_2,-0.008840724814516936
02,EC,90,407,lowrank,3,layer_3,-0.0030286823652954237
02,EC,90,407,lowrank,4,layer_4,-0.00843507736931646
02,EC,90,407,lowrank,5,layer_5,-0.0013284218964462644
02,EC,90,407,lowrank,6,layer_6,0.0009785039577429645
02,EC,90,407,lowrank,7,layer_7,0.0028674745778864883
02,EC,90,407,lowrank,8,layer_8,0.008957386356456291
02,EC,90,407,lowrank,9,layer_9,0.006486285792046252
02,EC,90,407,lowrank,10,layer_10,0.0061903113780354116
02,EC,90,407,lowrank,11,layer_11,0.0032639554401854773
02,EC,90,407,lowrank,12,layer_12,0.0032217266186537006
02,EC,90,407,lowrank,13,layer_13,0.0005534036756865437
02,EC,90,407,lowrank,14,layer_14,-0.0012444970031062802
02,EC,90,407,lowrank,15,layer_15,-0.0009564772224153937
02,EC,90,407,lowrank,16,layer_16,0.0001134364634058913
02,EC,90,407,lowrank,17,layer_17,0.0012657558092215096
02,EC,90,407,lowrank,18,layer_18,-0.00042289661849086765
02,EC,90,407,lowrank,19,layer_19,-0.003995724545237355
02,EC,90,407,lowrank,20,layer_20,-0.005991515407728168
02,EC,90,407,lowrank,21,layer_21,0.0005189669726572238
02,EC,90,407,lowrank,22,layer_22,0.0005104067381437843
02,EC,90,407,lowrank,23,layer_23,-0.0017061666682740692
02,EC,90,407,lowrank,24,layer_24,-0.0028133502321097334
02,EC,90,407,lowrank,25,layer_25,-0.004739389921728773
02,EC,90,407,lowrank,26,layer_26,-0.0004000362008293931
02,EC,90,407,lowrank,27,layer_27,0.0013062830819342121
02,EC,90,407,lowrank,28,layer_28,-0.0007354690257302632
02,EC,90,407,lowrank,29,layer_29,0.0035616560604359803
02,EC,90,407,lowrank,30,layer_30,0.0044507878896745045
02,EC,90,407,lowrank,31,layer_31,0.004472799307513529
02,EC,90,407,lowrank,32,layer_32,0.009063241597025191
02,EC,90,407,taskvec_a0p25,0,embedding,-0.02145381707595581
02,EC,90,407,taskvec_a0p25,1,layer_1,-0.017307666669578857
02,EC,90,407,taskvec_a0p25,2,layer_2,-0.0062288968788769645
02,EC,90,407,taskvec_a0p25,3,layer_3,-0.00017819282742123204
02,EC,90,407,taskvec_a0p25,4,layer_4,-0.005823658709498489
02,EC,90,407,taskvec_a0p25,5,layer_5,-0.0004631379024845006
02,EC,90,407,taskvec_a0p25,6,layer_6,-0.002609839650907263
02,EC,90,407,taskvec_a0p25,7,layer_7,0.0012198558340020306
02,EC,90,407,taskvec_a0p25,8,layer_8,0.005908881479794773
02,EC,90,407,taskvec_a0p25,9,layer_9,0.0029709737271989404
02,EC,90,407,taskvec_a0p25,10,layer_10,0.0015624047531242922
02,EC,90,407,taskvec_a0p25,11,layer_11,0.0002303303828544058
02,EC,90,407,taskvec_a0p25,12,layer_12,-0.0012008313264294463
02,EC,90,407,taskvec_a0p25,13,layer_13,-0.0029876580213995443
02,EC,90,407,taskvec_a0p25,14,layer_14,-0.003999293520068537
02,EC,90,407,taskvec_a0p25,15,layer_15,-0.00264371969398699
02,EC,90,407,taskvec_a0p25,16,layer_16,-0.0006246570832276544
02,EC,90,407,taskvec_a0p25,17,layer_17,-0.0009586668760828871
02,EC,90,407,taskvec_a0p25,18,layer_18,-0.0034970214891344438
02,EC,90,407,taskvec_a0p25,19,layer_19,-0.006729134112216792
02,EC,90,407,taskvec_a0p25,20,layer_20,-0.009444452791230379
02,EC,90,407,taskvec_a0p25,21,layer_21,-0.0006564320924241718
02,EC,90,407,taskvec_a0p25,22,layer_22,-0.00048634856759748084
02,EC,90,407,taskvec_a0p25,23,layer_23,-0.0029097260020538025
02,EC,90,407,taskvec_a0p25,24,layer_24,-0.005014197621354302
02,EC,90,407,taskvec_a0p25,25,layer_25,-0.005433113747608298
02,EC,90,407,taskvec_a0p25,26,layer_26,-0.0018536494255500017
02,EC,90,407,taskvec_a0p25,27,layer_27,0.000631430588741813
02,EC,90,407,taskvec_a0p25,28,layer_28,-0.0009178965783384998
02,EC,90,407,taskvec_a0p25,29,layer_29,0.0035449101226839117
02,EC,90,407,taskvec_a0p25,30,layer_30,0.004424495607384196
02,EC,90,407,taskvec_a0p25,31,layer_31,0.004534712783014488
02,EC,90,407,taskvec_a0p25,32,layer_32,0.005616946025995374
02,EC,90,407,taskvec_a0p5,0,embedding,-0.02145381707595581
02,EC,90,407,taskvec_a0p5,1,layer_1,-0.014521869423786212
02,EC,90,407,taskvec_a0p5,2,layer_2,-0.0036934217668733874
02,EC,90,407,taskvec_a0p5,3,layer_3,-0.0011218138201819984
02,EC,90,407,taskvec_a0p5,4,layer_4,-0.006537884993796633
02,EC,90,407,taskvec_a0p5,5,layer_5,-0.00490790695315369
02,EC,90,407,taskvec_a0p5,6,layer_6,-0.006162348929097682
02,EC,90,407,taskvec_a0p5,7,layer_7,-0.00119677069757567
02,EC,90,407,taskvec_a0p5,8,layer_8,0.001980513722451378
02,EC,90,407,taskvec_a0p5,9,layer_9,-0.0008828565156993863
02,EC,90,407,taskvec_a0p5,10,layer_10,-0.00152500859922873
02,EC,90,407,taskvec_a0p5,11,layer_11,-0.002737757678941409
02,EC,90,407,taskvec_a0p5,12,layer_12,-0.0039634024028219255
02,EC,90,407,taskvec_a0p5,13,layer_13,-0.00580199268234631
02,EC,90,407,taskvec_a0p5,14,layer_14,-0.0069561230409845125
02,EC,90,407,taskvec_a0p5,15,layer_15,-0.004966136385860732
02,EC,90,407,taskvec_a0p5,16,layer_16,-0.004645817252188594
02,EC,90,407,taskvec_a0p5,17,layer_17,-0.004745264365384747
02,EC,90,407,taskvec_a0p5,18,layer_18,-0.006302927982206817
02,EC,90,407,taskvec_a0p5,19,layer_19,-0.008378968848377097
02,EC,90,407,taskvec_a0p5,20,layer_20,-0.01191162329903656
02,EC,90,407,taskvec_a0p5,21,layer_21,-0.0018110535446890467
02,EC,90,407,taskvec_a0p5,22,layer_22,-0.002359059113253664
02,EC,90,407,taskvec_a0p5,23,layer_23,-0.004384582902199735
02,EC,90,407,taskvec_a0p5,24,layer_24,-0.005460057023161805
02,EC,90,407,taskvec_a0p5,25,layer_25,-0.005559385332422407
02,EC,90,407,taskvec_a0p5,26,layer_26,-0.003273850350987455
02,EC,90,407,taskvec_a0p5,27,layer_27,-0.0009207691678367688
02,EC,90,407,taskvec_a0p5,28,layer_28,-0.0017150702386893046
02,EC,90,407,taskvec_a0p5,29,layer_29,0.0011724528769186504
02,EC,90,407,taskvec_a0p5,30,layer_30,0.002294494778241069
02,EC,90,407,taskvec_a0p5,31,layer_31,0.0028396895876575236
02,EC,90,407,taskvec_a0p5,32,layer_32,0.008244020093100405
02,EC,90,407,taskvec_a1p0,0,embedding,-0.02145381707595581
02,EC,90,407,taskvec_a1p0,1,layer_1,-0.01458679652175925
02,EC,90,407,taskvec_a1p0,2,layer_2,0.0006200586610870063
02,EC,90,407,taskvec_a1p0,3,layer_3,-0.0041078588353182085
02,EC,90,407,taskvec_a1p0,4,layer_4,-0.008572500646187869
02,EC,90,407,taskvec_a1p0,5,layer_5,-0.011607461500599322
02,EC,90,407,taskvec_a1p0,6,layer_6,-0.008624371079564694
02,EC,90,407,taskvec_a1p0,7,layer_7,-0.0039054781990939553
02,EC,90,407,taskvec_a1p0,8,layer_8,-0.0028529491155776447
02,EC,90,407,taskvec_a1p0,9,layer_9,-0.004741885364771261
02,EC,90,407,taskvec_a1p0,10,layer_10,-0.004453226172332906
02,EC,90,407,taskvec_a1p0,11,layer_11,-0.0049066606326222525
02,EC,90,407,taskvec_a1p0,12,layer_12,-0.004849687794371892
02,EC,90,407,taskvec_a1p0,13,layer_13,-0.009603331946783063
02,EC,90,407,taskvec_a1p0,14,layer_14,-0.010576917869910966
02,EC,90,407,taskvec_a1p0,15,layer_15,-0.007826687645723137
02,EC,90,407,taskvec_a1p0,16,layer_16,-0.007667052702869765
02,EC,90,407,taskvec_a1p0,17,layer_17,-0.008036845082961302
02,EC,90,407,taskvec_a1p0,18,layer_18,-0.006500905027272779
02,EC,90,407,taskvec_a1p0,19,layer_19,-0.007569122021039651
02,EC,90,407,taskvec_a1p0,20,layer_20,-0.011753995133981334
02,EC,90,407,taskvec_a1p0,21,layer_21,-0.002207031545046994
02,EC,90,407,taskvec_a1p0,22,layer_22,-0.004745378125756996
02,EC,90,407,taskvec_a1p0,23,layer_23,-0.006728232061580354
02,EC,90,407,taskvec_a1p0,24,layer_24,-0.007986120659245803
02,EC,90,407,taskvec_a1p0,25,layer_25,-0.007470903108906779
02,EC,90,407,taskvec_a1p0,26,layer_26,-0.006369282782191509
02,EC,90,407,taskvec_a1p0,27,layer_27,-0.0056106438134519605
02,EC,90,407,taskvec_a1p0,28,layer_28,-0.006690331177757343
02,EC,90,407,taskvec_a1p0,29,layer_29,-0.005668488440958949
02,EC,90,407,taskvec_a1p0,30,layer_30,-0.004088669758143077
02,EC,90,407,taskvec_a1p0,31,layer_31,-0.004415068066781508
02,EC,90,407,taskvec_a1p0,32,layer_32,0.001010972923890065
03,Early Visual,90,5942,base,0,embedding,0.014952973738168686
03,Early Visual,90,5942,base,1,layer_1,-0.0004296144580100669
03,Early Visual,90,5942,base,2,layer_2,0.005303607931127326
03,Early Visual,90,5942,base,3,layer_3,0.022932915521560644
03,Early Visual,90,5942,base,4,layer_4,0.031807062162091414
03,Early Visual,90,5942,base,5,layer_5,0.03826703531079552
03,Early Visual,90,5942,base,6,layer_6,0.04337633604295409
03,Early Visual,90,5942,base,7,layer_7,0.0374896355941642
03,Early Visual,90,5942,base,8,layer_8,0.02759129927871198
03,Early Visual,90,5942,base,9,layer_9,0.026121437561019763
03,Early Visual,90,5942,base,10,layer_10,0.02348777305106856
03,Early Visual,90,5942,base,11,layer_11,0.019462026601878624
03,Early Visual,90,5942,base,12,layer_12,0.019490347517408052
03,Early Visual,90,5942,base,13,layer_13,0.017665960846134407
03,Early Visual,90,5942,base,14,layer_14,0.01709540756083302
03,Early Visual,90,5942,base,15,layer_15,0.015358917682398752
03,Early Visual,90,5942,base,16,layer_16,0.015932603394107767
03,Early Visual,90,5942,base,17,layer_17,0.020313536998060776
03,Early Visual,90,5942,base,18,layer_18,0.02521116199362874
03,Early Visual,90,5942,base,19,layer_19,0.026811131766619884
03,Early Visual,90,5942,base,20,layer_20,0.02964533675938479
03,Early Visual,90,5942,base,21,layer_21,0.038132505544870146
03,Early Visual,90,5942,base,22,layer_22,0.03844788161290936
03,Early Visual,90,5942,base,23,layer_23,0.03762061805390072
03,Early Visual,90,5942,base,24,layer_24,0.040345232767273864
03,Early Visual,90,5942,base,25,layer_25,0.040545416277884994
03,Early Visual,90,5942,base,26,layer_26,0.04487971242558463
03,Early Visual,90,5942,base,27,layer_27,0.04337005960862312
03,Early Visual,90,5942,base,28,layer_28,0.04684323120769575
03,Early Visual,90,5942,base,29,layer_29,0.04817701235714666
03,Early Visual,90,5942,base,30,layer_30,0.05349839735452329
03,Early Visual,90,5942,base,31,layer_31,0.05192620790179508
03,Early Visual,90,5942,base,32,layer_32,0.051529594599259765
03,Early Visual,90,5942,scrambled,0,embedding,0.014952973738168686
03,Early Visual,90,5942,scrambled,1,layer_1,-0.0029672272936589945
03,Early Visual,90,5942,scrambled,2,layer_2,-0.015229495925306142
03,Early Visual,90,5942,scrambled,3,layer_3,-0.010227254911352361
03,Early Visual,90,5942,scrambled,4,layer_4,-0.002907665799844386
03,Early Visual,90,5942,scrambled,5,layer_5,-0.0022824920315762704
03,Early Visual,90,5942,scrambled,6,layer_6,0.011030573873388305
03,Early Visual,90,5942,scrambled,7,layer_7,0.012610567586530608
03,Early Visual,90,5942,scrambled,8,layer_8,0.014335012128209972
03,Early Visual,90,5942,scrambled,9,layer_9,0.01631499403493098
03,Early Visual,90,5942,scrambled,10,layer_10,0.017224148063282624
03,Early Visual,90,5942,scrambled,11,layer_11,0.018867590923551926
03,Early Visual,90,5942,scrambled,12,layer_12,0.017590089962991287
03,Early Visual,90,5942,scrambled,13,layer_13,0.011617141032568454
03,Early Visual,90,5942,scrambled,14,layer_14,0.002937281416753221
03,Early Visual,90,5942,scrambled,15,layer_15,0.005370724869566495
03,Early Visual,90,5942,scrambled,16,layer_16,0.005780314139685196
03,Early Visual,90,5942,scrambled,17,layer_17,0.0025967824259151315
03,Early Visual,90,5942,scrambled,18,layer_18,0.0019694533749294303
03,Early Visual,90,5942,scrambled,19,layer_19,-0.000817340068014618
03,Early Visual,90,5942,scrambled,20,layer_20,0.001046976867515722
03,Early Visual,90,5942,scrambled,21,layer_21,0.007614638685448202
03,Early Visual,90,5942,scrambled,22,layer_22,0.008700307342232096
03,Early Visual,90,5942,scrambled,23,layer_23,0.006841105327084224
03,Early Visual,90,5942,scrambled,24,layer_24,0.009856123371804906
03,Early Visual,90,5942,scrambled,25,layer_25,0.010475435959120545
03,Early Visual,90,5942,scrambled,26,layer_26,0.011661889020570101
03,Early Visual,90,5942,scrambled,27,layer_27,0.010979402253726721
03,Early Visual,90,5942,scrambled,28,layer_28,0.013367768392534615
03,Early Visual,90,5942,scrambled,29,layer_29,0.017481834920283986
03,Early Visual,90,5942,scrambled,30,layer_30,0.01860311206797096
03,Early Visual,90,5942,scrambled,31,layer_31,0.0186861930050518
03,Early Visual,90,5942,scrambled,32,layer_32,0.019088611635745992
03,Early Visual,90,5942,lowLR,0,embedding,0.014952973738168686
03,Early Visual,90,5942,lowLR,1,layer_1,0.0018201046860305166
03,Early Visual,90,5942,lowLR,2,layer_2,0.005668221132103961
03,Early Visual,90,5942,lowLR,3,layer_3,0.024918249396139305
03,Early Visual,90,5942,lowLR,4,layer_4,0.037716123342178644
03,Early Visual,90,5942,lowLR,5,layer_5,0.04094168792570628
03,Early Visual,90,5942,lowLR,6,layer_6,0.04928812952676035
03,Early Visual,90,5942,lowLR,7,layer_7,0.04711528586895312
03,Early Visual,90,5942,lowLR,8,layer_8,0.03924948651061729
03,Early Visual,90,5942,lowLR,9,layer_9,0.039355259559784236
03,Early Visual,90,5942,lowLR,10,layer_10,0.036998306040809704
03,Early Visual,90,5942,lowLR,11,layer_11,0.03518905510300441
03,Early Visual,90,5942,lowLR,12,layer_12,0.0357419082830965
03,Early Visual,90,5942,lowLR,13,layer_13,0.0343648823143065
03,Early Visual,90,5942,lowLR,14,layer_14,0.03142927274538846
03,Early Visual,90,5942,lowLR,15,layer_15,0.02673007236442982
03,Early Visual,90,5942,lowLR,16,layer_16,0.02482958822326176
03,Early Visual,90,5942,lowLR,17,layer_17,0.027428585894258173
03,Early Visual,90,5942,lowLR,18,layer_18,0.03082392447726469
03,Early Visual,90,5942,lowLR,19,layer_19,0.029834130596470238
03,Early Visual,90,5942,lowLR,20,layer_20,0.03131479189078184
03,Early Visual,90,5942,lowLR,21,layer_21,0.03807846469808583
03,Early Visual,90,5942,lowLR,22,layer_22,0.038751630773149054
03,Early Visual,90,5942,lowLR,23,layer_23,0.03686991503861704
03,Early Visual,90,5942,lowLR,24,layer_24,0.03827560451164371
03,Early Visual,90,5942,lowLR,25,layer_25,0.037313965855984295
03,Early Visual,90,5942,lowLR,26,layer_26,0.04024162303316606
03,Early Visual,90,5942,lowLR,27,layer_27,0.040692924626574714
03,Early Visual,90,5942,lowLR,28,layer_28,0.042387914384974974
03,Early Visual,90,5942,lowLR,29,layer_29,0.044603253425974404
03,Early Visual,90,5942,lowLR,30,layer_30,0.04970178148051787
03,Early Visual,90,5942,lowLR,31,layer_31,0.04761185568457806
03,Early Visual,90,5942,lowLR,32,layer_32,0.0486488149145848
03,Early Visual,90,5942,lowrank,0,embedding,0.014952973738168686
03,Early Visual,90,5942,lowrank,1,layer_1,-0.0057932684386262446
03,Early Visual,90,5942,lowrank,2,layer_2,-0.002117690425116926
03,Early Visual,90,5942,lowrank,3,layer_3,0.021823101646063832
03,Early Visual,90,5942,lowrank,4,layer_4,0.03589791783792917
03,Early Visual,90,5942,lowrank,5,layer_5,0.037612295987654296
03,Early Visual,90,5942,lowrank,6,layer_6,0.046458204838050805
03,Early Visual,90,5942,lowrank,7,layer_7,0.04495516151739682
03,Early Visual,90,5942,lowrank,8,layer_8,0.036988566920074156
03,Early Visual,90,5942,lowrank,9,layer_9,0.03890622271309667
03,Early Visual,90,5942,lowrank,10,layer_10,0.03820600221728866
03,Early Visual,90,5942,lowrank,11,layer_11,0.03640126807061798
03,Early Visual,90,5942,lowrank,12,layer_12,0.03483142238043594
03,Early Visual,90,5942,lowrank,13,layer_13,0.03561472063774789
03,Early Visual,90,5942,lowrank,14,layer_14,0.03097299763816842
03,Early Visual,90,5942,lowrank,15,layer_15,0.027523864595784805
03,Early Visual,90,5942,lowrank,16,layer_16,0.0228659209362312
03,Early Visual,90,5942,lowrank,17,layer_17,0.024699039696767823
03,Early Visual,90,5942,lowrank,18,layer_18,0.026018134550280153
03,Early Visual,90,5942,lowrank,19,layer_19,0.024061381614938922
03,Early Visual,90,5942,lowrank,20,layer_20,0.02510182576038848
03,Early Visual,90,5942,lowrank,21,layer_21,0.03243843615084507
03,Early Visual,90,5942,lowrank,22,layer_22,0.032928986753867406
03,Early Visual,90,5942,lowrank,23,layer_23,0.031444617132938585
03,Early Visual,90,5942,lowrank,24,layer_24,0.03289745009973656
03,Early Visual,90,5942,lowrank,25,layer_25,0.0311210400441722
03,Early Visual,90,5942,lowrank,26,layer_26,0.03495332885461176
03,Early Visual,90,5942,lowrank,27,layer_27,0.034706633790031166
03,Early Visual,90,5942,lowrank,28,layer_28,0.03709383953568239
03,Early Visual,90,5942,lowrank,29,layer_29,0.04058721602293885
03,Early Visual,90,5942,lowrank,30,layer_30,0.046480944023394394
03,Early Visual,90,5942,lowrank,31,layer_31,0.045340507873113466
03,Early Visual,90,5942,lowrank,32,layer_32,0.046064103230039725
03,Early Visual,90,5942,taskvec_a0p25,0,embedding,0.014952973738168686
03,Early Visual,90,5942,taskvec_a0p25,1,layer_1,0.0028836169692301227
03,Early Visual,90,5942,taskvec_a0p25,2,layer_2,0.008899294033951599
03,Early Visual,90,5942,taskvec_a0p25,3,layer_3,0.02561696933846575
03,Early Visual,90,5942,taskvec_a0p25,4,layer_4,0.03738345943353039
03,Early Visual,90,5942,taskvec_a0p25,5,layer_5,0.036853954028753626
03,Early Visual,90,5942,taskvec_a0p25,6,layer_6,0.042070075750454065
03,Early Visual,90,5942,taskvec_a0p25,7,layer_7,0.04009041625818707
03,Early Visual,90,5942,taskvec_a0p25,8,layer_8,0.03218038559689006
03,Early Visual,90,5942,taskvec_a0p25,9,layer_9,0.030378540664796675
03,Early Visual,90,5942,taskvec_a0p25,10,layer_10,0.02917894631896663
03,Early Visual,90,5942,taskvec_a0p25,11,layer_11,0.026553500949210763
03,Early Visual,90,5942,taskvec_a0p25,12,layer_12,0.02489971766338116
03,Early Visual,90,5942,taskvec_a0p25,13,layer_13,0.024183744811791506
03,Early Visual,90,5942,taskvec_a0p25,14,layer_14,0.020919518887174148
03,Early Visual,90,5942,taskvec_a0p25,15,layer_15,0.01736589348710493
03,Early Visual,90,5942,taskvec_a0p25,16,layer_16,0.016719446902823527
03,Early Visual,90,5942,taskvec_a0p25,17,layer_17,0.01856602543942321
03,Early Visual,90,5942,taskvec_a0p25,18,layer_18,0.023995374447224764
03,Early Visual,90,5942,taskvec_a0p25,19,layer_19,0.024893195402038878
03,Early Visual,90,5942,taskvec_a0p25,20,layer_20,0.027205553173904017
03,Early Visual,90,5942,taskvec_a0p25,21,layer_21,0.03346271810429507
03,Early Visual,90,5942,taskvec_a0p25,22,layer_22,0.033385984958626005
03,Early Visual,90,5942,taskvec_a0p25,23,layer_23,0.030233991953771838
03,Early Visual,90,5942,taskvec_a0p25,24,layer_24,0.03307942466564085
03,Early Visual,90,5942,taskvec_a0p25,25,layer_25,0.032851803423474005
03,Early Visual,90,5942,taskvec_a0p25,26,layer_26,0.036291226298911405
03,Early Visual,90,5942,taskvec_a0p25,27,layer_27,0.035534601393116996
03,Early Visual,90,5942,taskvec_a0p25,28,layer_28,0.03879954070174358
03,Early Visual,90,5942,taskvec_a0p25,29,layer_29,0.04143029769085069
03,Early Visual,90,5942,taskvec_a0p25,30,layer_30,0.04473500381492326
03,Early Visual,90,5942,taskvec_a0p25,31,layer_31,0.042436227611834985
03,Early Visual,90,5942,taskvec_a0p25,32,layer_32,0.04421044969491962
03,Early Visual,90,5942,taskvec_a0p5,0,embedding,0.014952973738168686
03,Early Visual,90,5942,taskvec_a0p5,1,layer_1,0.008164259688658483
03,Early Visual,90,5942,taskvec_a0p5,2,layer_2,0.011700092891788496
03,Early Visual,90,5942,taskvec_a0p5,3,layer_3,0.02539546743297297
03,Early Visual,90,5942,taskvec_a0p5,4,layer_4,0.03641971480999456
03,Early Visual,90,5942,taskvec_a0p5,5,layer_5,0.03458160478977568
03,Early Visual,90,5942,taskvec_a0p5,6,layer_6,0.039346980830822484
03,Early Visual,90,5942,taskvec_a0p5,7,layer_7,0.03870579486986338
03,Early Visual,90,5942,taskvec_a0p5,8,layer_8,0.033218635979102025
03,Early Visual,90,5942,taskvec_a0p5,9,layer_9,0.032177015189014044
03,Early Visual,90,5942,taskvec_a0p5,10,layer_10,0.03141289872373024
03,Early Visual,90,5942,taskvec_a0p5,11,layer_11,0.030458116512181485
03,Early Visual,90,5942,taskvec_a0p5,12,layer_12,0.02918974085202271
03,Early Visual,90,5942,taskvec_a0p5,13,layer_13,0.027252011677059502
03,Early Visual,90,5942,taskvec_a0p5,14,layer_14,0.020958668333112287
03,Early Visual,90,5942,taskvec_a0p5,15,layer_15,0.01712868573869208
03,Early Visual,90,5942,taskvec_a0p5,16,layer_16,0.016358273412018638
03,Early Visual,90,5942,taskvec_a0p5,17,layer_17,0.01709787797285764
03,Early Visual,90,5942,taskvec_a0p5,18,layer_18,0.02007968321924354
03,Early Visual,90,5942,taskvec_a0p5,19,layer_19,0.019958442308624903
03,Early Visual,90,5942,taskvec_a0p5,20,layer_20,0.020435349325721632
03,Early Visual,90,5942,taskvec_a0p5,21,layer_21,0.025948161460623106
03,Early Visual,90,5942,taskvec_a0p5,22,layer_22,0.02497762241012534
03,Early Visual,90,5942,taskvec_a0p5,23,layer_23,0.021454186472389506
03,Early Visual,90,5942,taskvec_a0p5,24,layer_24,0.02370963753272313
03,Early Visual,90,5942,taskvec_a0p5,25,layer_25,0.023833831916651508
03,Early Visual,90,5942,taskvec_a0p5,26,layer_26,0.026439891323464842
03,Early Visual,90,5942,taskvec_a0p5,27,layer_27,0.026032214497830684
03,Early Visual,90,5942,taskvec_a0p5,28,layer_28,0.029916010978686628
03,Early Visual,90,5942,taskvec_a0p5,29,layer_29,0.03224596518251542
03,Early Visual,90,5942,taskvec_a0p5,30,layer_30,0.03536154758310289
03,Early Visual,90,5942,taskvec_a0p5,31,layer_31,0.03332731916429404
03,Early Visual,90,5942,taskvec_a0p5,32,layer_32,0.03566354718727284
03,Early Visual,90,5942,taskvec_a1p0,0,embedding,0.014952973738168686
03,Early Visual,90,5942,taskvec_a1p0,1,layer_1,0.01286379051641271
03,Early Visual,90,5942,taskvec_a1p0,2,layer_2,0.012630409711753988
03,Early Visual,90,5942,taskvec_a1p0,3,layer_3,0.019534051861403532
03,Early Visual,90,5942,taskvec_a1p0,4,layer_4,0.03001927756369128
03,Early Visual,90,5942,taskvec_a1p0,5,layer_5,0.027838405113503703
03,Early Visual,90,5942,taskvec_a1p0,6,layer_6,0.03290442422699094
03,Early Visual,90,5942,taskvec_a1p0,7,layer_7,0.028006327378056306
03,Early Visual,90,5942,taskvec_a1p0,8,layer_8,0.026201691861067966
03,Early Visual,90,5942,taskvec_a1p0,9,layer_9,0.025746902737035518
03,Early Visual,90,5942,taskvec_a1p0,10,layer_10,0.022066626924508642
03,Early Visual,90,5942,taskvec_a1p0,11,layer_11,0.023088144818470678
03,Early Visual,90,5942,taskvec_a1p0,12,layer_12,0.020184169038976716
03,Early Visual,90,5942,taskvec_a1p0,13,layer_13,0.02171511484620473
03,Early Visual,90,5942,taskvec_a1p0,14,layer_14,0.015268949479431509
03,Early Visual,90,5942,taskvec_a1p0,15,layer_15,0.012710127152508525
03,Early Visual,90,5942,taskvec_a1p0,16,layer_16,0.013945286838755623
03,Early Visual,90,5942,taskvec_a1p0,17,layer_17,0.011635564608913575
03,Early Visual,90,5942,taskvec_a1p0,18,layer_18,0.013256034785538282
03,Early Visual,90,5942,taskvec_a1p0,19,layer_19,0.012370996274915677
03,Early Visual,90,5942,taskvec_a1p0,20,layer_20,0.012730700781209291
03,Early Visual,90,5942,taskvec_a1p0,21,layer_21,0.01647172127014162
03,Early Visual,90,5942,taskvec_a1p0,22,layer_22,0.01465460461516939
03,Early Visual,90,5942,taskvec_a1p0,23,layer_23,0.010892257512215217
03,Early Visual,90,5942,taskvec_a1p0,24,layer_24,0.011747848524705711
03,Early Visual,90,5942,taskvec_a1p0,25,layer_25,0.011583938134561638
03,Early Visual,90,5942,taskvec_a1p0,26,layer_26,0.012718914720967823
03,Early Visual,90,5942,taskvec_a1p0,27,layer_27,0.01226932420310892
03,Early Visual,90,5942,taskvec_a1p0,28,layer_28,0.018144399985683006
03,Early Visual,90,5942,taskvec_a1p0,29,layer_29,0.017729036582778444
03,Early Visual,90,5942,taskvec_a1p0,30,layer_30,0.016933427547843
03,Early Visual,90,5942,taskvec_a1p0,31,layer_31,0.01847602585428431
03,Early Visual,90,5942,taskvec_a1p0,32,layer_32,0.019385113942715745
03,Ventral Visual,90,3790,base,0,embedding,0.05939380166537397
03,Ventral Visual,90,3790,base,1,layer_1,0.06935907916235179
03,Ventral Visual,90,3790,base,2,layer_2,0.08452992610520364
03,Ventral Visual,90,3790,base,3,layer_3,0.11765714058791298
03,Ventral Visual,90,3790,base,4,layer_4,0.13291776164994426
03,Ventral Visual,90,3790,base,5,layer_5,0.1328140422650343
03,Ventral Visual,90,3790,base,6,layer_6,0.15178592585852482
03,Ventral Visual,90,3790,base,7,layer_7,0.14397490426761128
03,Ventral Visual,90,3790,base,8,layer_8,0.1281700208949784
03,Ventral Visual,90,3790,base,9,layer_9,0.1268679267725642
03,Ventral Visual,90,3790,base,10,layer_10,0.1259183216853453
03,Ventral Visual,90,3790,base,11,layer_11,0.12319351176739253
03,Ventral Visual,90,3790,base,12,layer_12,0.1168818703757868
03,Ventral Visual,90,3790,base,13,layer_13,0.11543978356119694
03,Ventral Visual,90,3790,base,14,layer_14,0.11628440183472803
03,Ventral Visual,90,3790,base,15,layer_15,0.11021148518329714
03,Ventral Visual,90,3790,base,16,layer_16,0.11491693173720695
03,Ventral Visual,90,3790,base,17,layer_17,0.12360004351735855
03,Ventral Visual,90,3790,base,18,layer_18,0.1318031692784171
03,Ventral Visual,90,3790,base,19,layer_19,0.13756209516052897
03,Ventral Visual,90,3790,base,20,layer_20,0.13845310151412799
03,Ventral Visual,90,3790,base,21,layer_21,0.14194459152191094
03,Ventral Visual,90,3790,base,22,layer_22,0.14157491234179573
03,Ventral Visual,90,3790,base,23,layer_23,0.13595312300064163
03,Ventral Visual,90,3790,base,24,layer_24,0.13781003542484915
03,Ventral Visual,90,3790,base,25,layer_25,0.13878210435621513
03,Ventral Visual,90,3790,base,26,layer_26,0.1395053653435743
03,Ventral Visual,90,3790,base,27,layer_27,0.13727361697597357
03,Ventral Visual,90,3790,base,28,layer_28,0.1374201154912111
03,Ventral Visual,90,3790,base,29,layer_29,0.13641515542876986
03,Ventral Visual,90,3790,base,30,layer_30,0.14171188449994962
03,Ventral Visual,90,3790,base,31,layer_31,0.14536355284783206
03,Ventral Visual,90,3790,base,32,layer_32,0.15590603662989466
03,Ventral Visual,90,3790,scrambled,0,embedding,0.05939380166537397
03,Ventral Visual,90,3790,scrambled,1,layer_1,0.07299561158996726
03,Ventral Visual,90,3790,scrambled,2,layer_2,0.05276458280435461
03,Ventral Visual,90,3790,scrambled,3,layer_3,0.07436124975321798
03,Ventral Visual,90,3790,scrambled,4,layer_4,0.07707100556870845
03,Ventral Visual,90,3790,scrambled,5,layer_5,0.0790592615344252
03,Ventral Visual,90,3790,scrambled,6,layer_6,0.09892541616136
03,Ventral Visual,90,3790,scrambled,7,layer_7,0.10353067980222753
03,Ventral Visual,90,3790,scrambled,8,layer_8,0.10415482711196446
03,Ventral Visual,90,3790,scrambled,9,layer_9,0.1018207097268281
03,Ventral Visual,90,3790,scrambled,10,layer_10,0.10138374492910104
03,Ventral Visual,90,3790,scrambled,11,layer_11,0.10364038627037386
03,Ventral Visual,90,3790,scrambled,12,layer_12,0.09921685603836534
03,Ventral Visual,90,3790,scrambled,13,layer_13,0.09170779874667863
03,Ventral Visual,90,3790,scrambled,14,layer_14,0.08426394015818868
03,Ventral Visual,90,3790,scrambled,15,layer_15,0.06457878874422598
03,Ventral Visual,90,3790,scrambled,16,layer_16,0.06076810562497763
03,Ventral Visual,90,3790,scrambled,17,layer_17,0.06736004360747022
03,Ventral Visual,90,3790,scrambled,18,layer_18,0.07218608960546617
03,Ventral Visual,90,3790,scrambled,19,layer_19,0.07681832697006566
03,Ventral Visual,90,3790,scrambled,20,layer_20,0.07870426229909477
03,Ventral Visual,90,3790,scrambled,21,layer_21,0.08554373892882984
03,Ventral Visual,90,3790,scrambled,22,layer_22,0.08575560613402727
03,Ventral Visual,90,3790,scrambled,23,layer_23,0.08393631420888288
03,Ventral Visual,90,3790,scrambled,24,layer_24,0.08566793163157045
03,Ventral Visual,90,3790,scrambled,25,layer_25,0.0868628586265614
03,Ventral Visual,90,3790,scrambled,26,layer_26,0.0885259592417956
03,Ventral Visual,90,3790,scrambled,27,layer_27,0.0858057081446716
03,Ventral Visual,90,3790,scrambled,28,layer_28,0.08729173784512126
03,Ventral Visual,90,3790,scrambled,29,layer_29,0.08911281070850706
03,Ventral Visual,90,3790,scrambled,30,layer_30,0.08719387310321135
03,Ventral Visual,90,3790,scrambled,31,layer_31,0.08497331005142322
03,Ventral Visual,90,3790,scrambled,32,layer_32,0.0799113965852622
03,Ventral Visual,90,3790,lowLR,0,embedding,0.05939380166537397
03,Ventral Visual,90,3790,lowLR,1,layer_1,0.07751437849380824
03,Ventral Visual,90,3790,lowLR,2,layer_2,0.09097931468252392
03,Ventral Visual,90,3790,lowLR,3,layer_3,0.12245059134388064
03,Ventral Visual,90,3790,lowLR,4,layer_4,0.1420520214750218
03,Ventral Visual,90,3790,lowLR,5,layer_5,0.13707492411851604
03,Ventral Visual,90,3790,lowLR,6,layer_6,0.15716452260961342
03,Ventral Visual,90,3790,lowLR,7,layer_7,0.15878540561123428
03,Ventral Visual,90,3790,lowLR,8,layer_8,0.1524551312420071
03,Ventral Visual,90,3790,lowLR,9,layer_9,0.1508683765388596
03,Ventral Visual,90,3790,lowLR,10,layer_10,0.1507364836225478
03,Ventral Visual,90,3790,lowLR,11,layer_11,0.14942693586076827
03,Ventral Visual,90,3790,lowLR,12,layer_12,0.14545871890977827
03,Ventral Visual,90,3790,lowLR,13,layer_13,0.14256974156675167
03,Ventral Visual,90,3790,lowLR,14,layer_14,0.138644731888574
03,Ventral Visual,90,3790,lowLR,15,layer_15,0.12647294160698214
03,Ventral Visual,90,3790,lowLR,16,layer_16,0.12218026195486972
03,Ventral Visual,90,3790,lowLR,17,layer_17,0.12800854299673486
03,Ventral Visual,90,3790,lowLR,18,layer_18,0.13002245314058494
03,Ventral Visual,90,3790,lowLR,19,layer_19,0.13272795760580938
03,Ventral Visual,90,3790,lowLR,20,layer_20,0.13395875871937063
03,Ventral Visual,90,3790,lowLR,21,layer_21,0.13578067367102917
03,Ventral Visual,90,3790,lowLR,22,layer_22,0.13617451450813767
03,Ventral Visual,90,3790,lowLR,23,layer_23,0.13206911487692563
03,Ventral Visual,90,3790,lowLR,24,layer_24,0.13141138490754517
03,Ventral Visual,90,3790,lowLR,25,layer_25,0.13235243667180033
03,Ventral Visual,90,3790,lowLR,26,layer_26,0.133132448393826
03,Ventral Visual,90,3790,lowLR,27,layer_27,0.13256784333764368
03,Ventral Visual,90,3790,lowLR,28,layer_28,0.13136198974295762
03,Ventral Visual,90,3790,lowLR,29,layer_29,0.1294436308398511
03,Ventral Visual,90,3790,lowLR,30,layer_30,0.1377414666873737
03,Ventral Visual,90,3790,lowLR,31,layer_31,0.1361474890411822
03,Ventral Visual,90,3790,lowLR,32,layer_32,0.14761095886430356
03,Ventral Visual,90,3790,lowrank,0,embedding,0.05939380166537397
03,Ventral Visual,90,3790,lowrank,1,layer_1,0.06027680745379478
03,Ventral Visual,90,3790,lowrank,2,layer_2,0.07669643637377431
03,Ventral Visual,90,3790,lowrank,3,layer_3,0.11721074171163083
03,Ventral Visual,90,3790,lowrank,4,layer_4,0.14004470737797714
03,Ventral Visual,90,3790,lowrank,5,layer_5,0.13529235531176442
03,Ventral Visual,90,3790,lowrank,6,layer_6,0.15541141120132188
03,Ventral Visual,90,3790,lowrank,7,layer_7,0.1575865879741527
03,Ventral Visual,90,3790,lowrank,8,layer_8,0.15411164048040196
03,Ventral Visual,90,3790,lowrank,9,layer_9,0.1517859695694068
03,Ventral Visual,90,3790,lowrank,10,layer_10,0.15256916191188938
03,Ventral Visual,90,3790,lowrank,11,layer_11,0.1553073169115398
03,Ventral Visual,90,3790,lowrank,12,layer_12,0.15361028282881461
03,Ventral Visual,90,3790,lowrank,13,layer_13,0.15108668997835248
03,Ventral Visual,90,3790,lowrank,14,layer_14,0.14590858178005547
03,Ventral Visual,90,3790,lowrank,15,layer_15,0.13122182818481068
03,Ventral Visual,90,3790,lowrank,16,layer_16,0.12000264783337365
03,Ventral Visual,90,3790,lowrank,17,layer_17,0.12213846800057374
03,Ventral Visual,90,3790,lowrank,18,layer_18,0.12211667513714444
03,Ventral Visual,90,3790,lowrank,19,layer_19,0.12419608211482197
03,Ventral Visual,90,3790,lowrank,20,layer_20,0.12423693348317649
03,Ventral Visual,90,3790,lowrank,21,layer_21,0.12832679837902342
03,Ventral Visual,90,3790,lowrank,22,layer_22,0.12745372376094835
03,Ventral Visual,90,3790,lowrank,23,layer_23,0.12281972469836742
03,Ventral Visual,90,3790,lowrank,24,layer_24,0.1213595025377352
03,Ventral Visual,90,3790,lowrank,25,layer_25,0.12170231035977361
03,Ventral Visual,90,3790,lowrank,26,layer_26,0.12263284423975972
03,Ventral Visual,90,3790,lowrank,27,layer_27,0.12162695802965737
03,Ventral Visual,90,3790,lowrank,28,layer_28,0.12139332822241046
03,Ventral Visual,90,3790,lowrank,29,layer_29,0.11964977716855518
03,Ventral Visual,90,3790,lowrank,30,layer_30,0.13282226420720927
03,Ventral Visual,90,3790,lowrank,31,layer_31,0.1316041629728403
03,Ventral Visual,90,3790,lowrank,32,layer_32,0.1468925133591056
03,Ventral Visual,90,3790,taskvec_a0p25,0,embedding,0.05939380166537397
03,Ventral Visual,90,3790,taskvec_a0p25,1,layer_1,0.07473886899635918
03,Ventral Visual,90,3790,taskvec_a0p25,2,layer_2,0.09044265881257586
03,Ventral Visual,90,3790,taskvec_a0p25,3,layer_3,0.12091720463881325
03,Ventral Visual,90,3790,taskvec_a0p25,4,layer_4,0.1396210912111219
03,Ventral Visual,90,3790,taskvec_a0p25,5,layer_5,0.13366136146011276
03,Ventral Visual,90,3790,taskvec_a0p25,6,layer_6,0.15268710227732368
03,Ventral Visual,90,3790,taskvec_a0p25,7,layer_7,0.1527172708182093
03,Ventral Visual,90,3790,taskvec_a0p25,8,layer_8,0.14556154016682327
03,Ventral Visual,90,3790,taskvec_a0p25,9,layer_9,0.14498976633920285
03,Ventral Visual,90,3790,taskvec_a0p25,10,layer_10,0.1450297548846355
03,Ventral Visual,90,3790,taskvec_a0p25,11,layer_11,0.1429419120803393
03,Ventral Visual,90,3790,taskvec_a0p25,12,layer_12,0.1376210482511705
03,Ventral Visual,90,3790,taskvec_a0p25,13,layer_13,0.13386347553467662
03,Ventral Visual,90,3790,taskvec_a0p25,14,layer_14,0.13094425250292574
03,Ventral Visual,90,3790,taskvec_a0p25,15,layer_15,0.11495543803542481
03,Ventral Visual,90,3790,taskvec_a0p25,16,layer_16,0.11365338949187898
03,Ventral Visual,90,3790,taskvec_a0p25,17,layer_17,0.11920580181783881
03,Ventral Visual,90,3790,taskvec_a0p25,18,layer_18,0.12303217845129696
03,Ventral Visual,90,3790,taskvec_a0p25,19,layer_19,0.12713377056581351
03,Ventral Visual,90,3790,taskvec_a0p25,20,layer_20,0.1276451848958258
03,Ventral Visual,90,3790,taskvec_a0p25,21,layer_21,0.13036579651432653
03,Ventral Visual,90,3790,taskvec_a0p25,22,layer_22,0.12965286922777655
03,Ventral Visual,90,3790,taskvec_a0p25,23,layer_23,0.12522309319641414
03,Ventral Visual,90,3790,taskvec_a0p25,24,layer_24,0.12525630692874212
03,Ventral Visual,90,3790,taskvec_a0p25,25,layer_25,0.1257229841050739
03,Ventral Visual,90,3790,taskvec_a0p25,26,layer_26,0.12696609898503688
03,Ventral Visual,90,3790,taskvec_a0p25,27,layer_27,0.12520714115288548
03,Ventral Visual,90,3790,taskvec_a0p25,28,layer_28,0.12523248786045604
03,Ventral Visual,90,3790,taskvec_a0p25,29,layer_29,0.12548222718248578
03,Ventral Visual,90,3790,taskvec_a0p25,30,layer_30,0.13009087972429478
03,Ventral Visual,90,3790,taskvec_a0p25,31,layer_31,0.12990768181409187
03,Ventral Visual,90,3790,taskvec_a0p25,32,layer_32,0.1393404946216179
03,Ventral Visual,90,3790,taskvec_a0p5,0,embedding,0.05939380166537397
03,Ventral Visual,90,3790,taskvec_a0p5,1,layer_1,0.07998242938360853
03,Ventral Visual,90,3790,taskvec_a0p5,2,layer_2,0.09055548070845351
03,Ventral Visual,90,3790,taskvec_a0p5,3,layer_3,0.12157357415369276
03,Ventral Visual,90,3790,taskvec_a0p5,4,layer_4,0.13946122650594034
03,Ventral Visual,90,3790,taskvec_a0p5,5,layer_5,0.13225435094709834
03,Ventral Visual,90,3790,taskvec_a0p5,6,layer_6,0.14911482615376215
03,Ventral Visual,90,3790,taskvec_a0p5,7,layer_7,0.15203934399298658
03,Ventral Visual,90,3790,taskvec_a0p5,8,layer_8,0.14805029338958783
03,Ventral Visual,90,3790,taskvec_a0p5,9,layer_9,0.14557967140329553
03,Ventral Visual,90,3790,taskvec_a0p5,10,layer_10,0.14751432699342296
03,Ventral Visual,90,3790,taskvec_a0p5,11,layer_11,0.14806261686951888
03,Ventral Visual,90,3790,taskvec_a0p5,12,layer_12,0.14384875335471914
03,Ventral Visual,90,3790,taskvec_a0p5,13,layer_13,0.13754125310218138
03,Ventral Visual,90,3790,taskvec_a0p5,14,layer_14,0.13178686866862468
03,Ventral Visual,90,3790,taskvec_a0p5,15,layer_15,0.11409756042077225
03,Ventral Visual,90,3790,taskvec_a0p5,16,layer_16,0.11116248659035602
03,Ventral Visual,90,3790,taskvec_a0p5,17,layer_17,0.11320130820094358
03,Ventral Visual,90,3790,taskvec_a0p5,18,layer_18,0.1147652815022547
03,Ventral Visual,90,3790,taskvec_a0p5,19,layer_19,0.1172945457462502
03,Ventral Visual,90,3790,taskvec_a0p5,20,layer_20,0.11761191570298138
03,Ventral Visual,90,3790,taskvec_a0p5,21,layer_21,0.12004665834034141
03,Ventral Visual,90,3790,taskvec_a0p5,22,layer_22,0.11906810824333418
03,Ventral Visual,90,3790,taskvec_a0p5,23,layer_23,0.11519715865220082
03,Ventral Visual,90,3790,taskvec_a0p5,24,layer_24,0.11475974105456847
03,Ventral Visual,90,3790,taskvec_a0p5,25,layer_25,0.11497021978546884
03,Ventral Visual,90,3790,taskvec_a0p5,26,layer_26,0.11658694689092915
03,Ventral Visual,90,3790,taskvec_a0p5,27,layer_27,0.11518499581910085
03,Ventral Visual,90,3790,taskvec_a0p5,28,layer_28,0.11673916293896434
03,Ventral Visual,90,3790,taskvec_a0p5,29,layer_29,0.11604979282900604
03,Ventral Visual,90,3790,taskvec_a0p5,30,layer_30,0.12020750616676953
03,Ventral Visual,90,3790,taskvec_a0p5,31,layer_31,0.11789409615816074
03,Ventral Visual,90,3790,taskvec_a0p5,32,layer_32,0.11904472011951245
03,Ventral Visual,90,3790,taskvec_a1p0,0,embedding,0.05939380166537397
03,Ventral Visual,90,3790,taskvec_a1p0,1,layer_1,0.0758065689314883
03,Ventral Visual,90,3790,taskvec_a1p0,2,layer_2,0.08341468460839965
03,Ventral Visual,90,3790,taskvec_a1p0,3,layer_3,0.11008540301230481
03,Ventral Visual,90,3790,taskvec_a1p0,4,layer_4,0.12294126037724123
03,Ventral Visual,90,3790,taskvec_a1p0,5,layer_5,0.1189231569812384
03,Ventral Visual,90,3790,taskvec_a1p0,6,layer_6,0.1347601949379059
03,Ventral Visual,90,3790,taskvec_a1p0,7,layer_7,0.13691691749941456
03,Ventral Visual,90,3790,taskvec_a1p0,8,layer_8,0.1349415812748903
03,Ventral Visual,90,3790,taskvec_a1p0,9,layer_9,0.1329325900996485
03,Ventral Visual,90,3790,taskvec_a1p0,10,layer_10,0.13266894455280417
03,Ventral Visual,90,3790,taskvec_a1p0,11,layer_11,0.1361394348441867
03,Ventral Visual,90,3790,taskvec_a1p0,12,layer_12,0.1315228026380399
03,Ventral Visual,90,3790,taskvec_a1p0,13,layer_13,0.12829491241143426
03,Ventral Visual,90,3790,taskvec_a1p0,14,layer_14,0.11900402080525156
03,Ventral Visual,90,3790,taskvec_a1p0,15,layer_15,0.09989910015377432
03,Ventral Visual,90,3790,taskvec_a1p0,16,layer_16,0.09853361964857643
03,Ventral Visual,90,3790,taskvec_a1p0,17,layer_17,0.096207734105943
03,Ventral Visual,90,3790,taskvec_a1p0,18,layer_18,0.09686897738415967
03,Ventral Visual,90,3790,taskvec_a1p0,19,layer_19,0.09655069846524238
03,Ventral Visual,90,3790,taskvec_a1p0,20,layer_20,0.10002663617858804
03,Ventral Visual,90,3790,taskvec_a1p0,21,layer_21,0.10125240512356469
03,Ventral Visual,90,3790,taskvec_a1p0,22,layer_22,0.09963301109390964
03,Ventral Visual,90,3790,taskvec_a1p0,23,layer_23,0.09654313629586676
03,Ventral Visual,90,3790,taskvec_a1p0,24,layer_24,0.09502239212280893
03,Ventral Visual,90,3790,taskvec_a1p0,25,layer_25,0.0942796487844085
03,Ventral Visual,90,3790,taskvec_a1p0,26,layer_26,0.095659877976291
03,Ventral Visual,90,3790,taskvec_a1p0,27,layer_27,0.09334241200879446
03,Ventral Visual,90,3790,taskvec_a1p0,28,layer_28,0.09479595462362884
03,Ventral Visual,90,3790,taskvec_a1p0,29,layer_29,0.09282368357800154
03,Ventral Visual,90,3790,taskvec_a1p0,30,layer_30,0.09259703779833699
03,Ventral Visual,90,3790,taskvec_a1p0,31,layer_31,0.08954548997181677
03,Ventral Visual,90,3790,taskvec_a1p0,32,layer_32,0.08341147802293163
03,Dorsal Visual,90,1865,base,0,embedding,0.00987609478889065
03,Dorsal Visual,90,1865,base,1,layer_1,0.010981054861301907
03,Dorsal Visual,90,1865,base,2,layer_2,0.01438853498236334
03,Dorsal Visual,90,1865,base,3,layer_3,0.013774804685629461
03,Dorsal Visual,90,1865,base,4,layer_4,0.024862831096177707
03,Dorsal Visual,90,1865,base,5,layer_5,0.015695163268185756
03,Dorsal Visual,90,1865,base,6,layer_6,0.024853142784672457
03,Dorsal Visual,90,1865,base,7,layer_7,0.019544685000433965
03,Dorsal Visual,90,1865,base,8,layer_8,0.0163255300386682
03,Dorsal Visual,90,1865,base,9,layer_9,0.016557664149198195
03,Dorsal Visual,90,1865,base,10,layer_10,0.01603030300601921
03,Dorsal Visual,90,1865,base,11,layer_11,0.015461397471528342
03,Dorsal Visual,90,1865,base,12,layer_12,0.015791485053322632
03,Dorsal Visual,90,1865,base,13,layer_13,0.0124481325320516
03,Dorsal Visual,90,1865,base,14,layer_14,0.015678139374056172
03,Dorsal Visual,90,1865,base,15,layer_15,0.011830811965441482
03,Dorsal Visual,90,1865,base,16,layer_16,0.012928312074536558
03,Dorsal Visual,90,1865,base,17,layer_17,0.01596947389662811
03,Dorsal Visual,90,1865,base,18,layer_18,0.02201239162033925
03,Dorsal Visual,90,1865,base,19,layer_19,0.02177134329187149
03,Dorsal Visual,90,1865,base,20,layer_20,0.023302033558558883
03,Dorsal Visual,90,1865,base,21,layer_21,0.02486328090730476
03,Dorsal Visual,90,1865,base,22,layer_22,0.02601876891846432
03,Dorsal Visual,90,1865,base,23,layer_23,0.023991598686298212
03,Dorsal Visual,90,1865,base,24,layer_24,0.02460052582958112
03,Dorsal Visual,90,1865,base,25,layer_25,0.023613288288186055
03,Dorsal Visual,90,1865,base,26,layer_26,0.024931905497573847
03,Dorsal Visual,90,1865,base,27,layer_27,0.02366392753172135
03,Dorsal Visual,90,1865,base,28,layer_28,0.02348585369503431
03,Dorsal Visual,90,1865,base,29,layer_29,0.025365052878277426
03,Dorsal Visual,90,1865,base,30,layer_30,0.028538843416526894
03,Dorsal Visual,90,1865,base,31,layer_31,0.029622274972788534
03,Dorsal Visual,90,1865,base,32,layer_32,0.030098829314051424
03,Dorsal Visual,90,1865,scrambled,0,embedding,0.00987609478889065
03,Dorsal Visual,90,1865,scrambled,1,layer_1,0.026480856078594302
03,Dorsal Visual,90,1865,scrambled,2,layer_2,0.015188838640739444
03,Dorsal Visual,90,1865,scrambled,3,layer_3,0.010515706757299424
03,Dorsal Visual,90,1865,scrambled,4,layer_4,0.009622313490668263
03,Dorsal Visual,90,1865,scrambled,5,layer_5,0.007927435437855202
03,Dorsal Visual,90,1865,scrambled,6,layer_6,0.012642499880182683
03,Dorsal Visual,90,1865,scrambled,7,layer_7,0.01452373460821463
03,Dorsal Visual,90,1865,scrambled,8,layer_8,0.016000880725703603
03,Dorsal Visual,90,1865,scrambled,9,layer_9,0.015483220409538798
03,Dorsal Visual,90,1865,scrambled,10,layer_10,0.017723360519279
03,Dorsal Visual,90,1865,scrambled,11,layer_11,0.017644824579927547
03,Dorsal Visual,90,1865,scrambled,12,layer_12,0.01660240466525421
03,Dorsal Visual,90,1865,scrambled,13,layer_13,0.011966093969493366
03,Dorsal Visual,90,1865,scrambled,14,layer_14,0.01709048317506417
03,Dorsal Visual,90,1865,scrambled,15,layer_15,0.010461158565406688
03,Dorsal Visual,90,1865,scrambled,16,layer_16,0.00842800367838653
03,Dorsal Visual,90,1865,scrambled,17,layer_17,0.013074678523135052
03,Dorsal Visual,90,1865,scrambled,18,layer_18,0.01625477930626949
03,Dorsal Visual,90,1865,scrambled,19,layer_19,0.010842649023579875
03,Dorsal Visual,90,1865,scrambled,20,layer_20,0.012130181444748919
03,Dorsal Visual,90,1865,scrambled,21,layer_21,0.01774538426582832
03,Dorsal Visual,90,1865,scrambled,22,layer_22,0.018659623513578538
03,Dorsal Visual,90,1865,scrambled,23,layer_23,0.019612509905721776
03,Dorsal Visual,90,1865,scrambled,24,layer_24,0.021125192409838473
03,Dorsal Visual,90,1865,scrambled,25,layer_25,0.021534581431814238
03,Dorsal Visual,90,1865,scrambled,26,layer_26,0.022003462832107506
03,Dorsal Visual,90,1865,scrambled,27,layer_27,0.019251564496057312
03,Dorsal Visual,90,1865,scrambled,28,layer_28,0.022711359444462037
03,Dorsal Visual,90,1865,scrambled,29,layer_29,0.028827140593199373
03,Dorsal Visual,90,1865,scrambled,30,layer_30,0.026171458501053995
03,Dorsal Visual,90,1865,scrambled,31,layer_31,0.02589336034337072
03,Dorsal Visual,90,1865,scrambled,32,layer_32,0.015895048834964808
03,Dorsal Visual,90,1865,lowLR,0,embedding,0.00987609478889065
03,Dorsal Visual,90,1865,lowLR,1,layer_1,0.01358004319236628
03,Dorsal Visual,90,1865,lowLR,2,layer_2,0.014382964086498673
03,Dorsal Visual,90,1865,lowLR,3,layer_3,0.009788782274996773
03,Dorsal Visual,90,1865,lowLR,4,layer_4,0.022920169876701372
03,Dorsal Visual,90,1865,lowLR,5,layer_5,0.014021617806951044
03,Dorsal Visual,90,1865,lowLR,6,layer_6,0.02252813407485893
03,Dorsal Visual,90,1865,lowLR,7,layer_7,0.021584919742739194
03,Dorsal Visual,90,1865,lowLR,8,layer_8,0.020314977402380006
03,Dorsal Visual,90,1865,lowLR,9,layer_9,0.020123188249089288
03,Dorsal Visual,90,1865,lowLR,10,layer_10,0.01985778343264586
03,Dorsal Visual,90,1865,lowLR,11,layer_11,0.01737920662623496
03,Dorsal Visual,90,1865,lowLR,12,layer_12,0.01766390307230732
03,Dorsal Visual,90,1865,lowLR,13,layer_13,0.014476639121694012
03,Dorsal Visual,90,1865,lowLR,14,layer_14,0.01731184722316003
03,Dorsal Visual,90,1865,lowLR,15,layer_15,0.012101621987355185
03,Dorsal Visual,90,1865,lowLR,16,layer_16,0.013105569601163288
03,Dorsal Visual,90,1865,lowLR,17,layer_17,0.015193172742803351
03,Dorsal Visual,90,1865,lowLR,18,layer_18,0.01969354819966543
03,Dorsal Visual,90,1865,lowLR,19,layer_19,0.01787461735629372
03,Dorsal Visual,90,1865,lowLR,20,layer_20,0.0199680818656849
03,Dorsal Visual,90,1865,lowLR,21,layer_21,0.021555945031966957
03,Dorsal Visual,90,1865,lowLR,22,layer_22,0.023169428005432428
03,Dorsal Visual,90,1865,lowLR,23,layer_23,0.021205456983811925
03,Dorsal Visual,90,1865,lowLR,24,layer_24,0.019895034070400237
03,Dorsal Visual,90,1865,lowLR,25,layer_25,0.02005434043444444
03,Dorsal Visual,90,1865,lowLR,26,layer_26,0.019890826057418865
03,Dorsal Visual,90,1865,lowLR,27,layer_27,0.018130633673050386
03,Dorsal Visual,90,1865,lowLR,28,layer_28,0.01828153559264758
03,Dorsal Visual,90,1865,lowLR,29,layer_29,0.018567595108401877
03,Dorsal Visual,90,1865,lowLR,30,layer_30,0.0213680978903931
03,Dorsal Visual,90,1865,lowLR,31,layer_31,0.02050457559441275
03,Dorsal Visual,90,1865,lowLR,32,layer_32,0.02434781566196803
03,Dorsal Visual,90,1865,lowrank,0,embedding,0.00987609478889065
03,Dorsal Visual,90,1865,lowrank,1,layer_1,0.004853630740081962
03,Dorsal Visual,90,1865,lowrank,2,layer_2,0.010576270239023302
03,Dorsal Visual,90,1865,lowrank,3,layer_3,0.009710036747570336
03,Dorsal Visual,90,1865,lowrank,4,layer_4,0.02281777470735607
03,Dorsal Visual,90,1865,lowrank,5,layer_5,0.010308372034322435
03,Dorsal Visual,90,1865,lowrank,6,layer_6,0.021217348772084088
03,Dorsal Visual,90,1865,lowrank,7,layer_7,0.019803749684209893
03,Dorsal Visual,90,1865,lowrank,8,layer_8,0.019483631359076617
03,Dorsal Visual,90,1865,lowrank,9,layer_9,0.019601611325822763
03,Dorsal Visual,90,1865,lowrank,10,layer_10,0.020474773926057677
03,Dorsal Visual,90,1865,lowrank,11,layer_11,0.021345773024434807
03,Dorsal Visual,90,1865,lowrank,12,layer_12,0.023241655567885322
03,Dorsal Visual,90,1865,lowrank,13,layer_13,0.021510134346497782
03,Dorsal Visual,90,1865,lowrank,14,layer_14,0.023515070496845026
03,Dorsal Visual,90,1865,lowrank,15,layer_15,0.01587434164523587
03,Dorsal Visual,90,1865,lowrank,16,layer_16,0.014340431903974231
03,Dorsal Visual,90,1865,lowrank,17,layer_17,0.015687474636130308
03,Dorsal Visual,90,1865,lowrank,18,layer_18,0.019192631953266284
03,Dorsal Visual,90,1865,lowrank,19,layer_19,0.017331141094372653
03,Dorsal Visual,90,1865,lowrank,20,layer_20,0.018572803054507467
03,Dorsal Visual,90,1865,lowrank,21,layer_21,0.02101651912497442
03,Dorsal Visual,90,1865,lowrank,22,layer_22,0.022644628805612053
03,Dorsal Visual,90,1865,lowrank,23,layer_23,0.020880352068962413
03,Dorsal Visual,90,1865,lowrank,24,layer_24,0.018785004629271938
03,Dorsal Visual,90,1865,lowrank,25,layer_25,0.017854785878592867
03,Dorsal Visual,90,1865,lowrank,26,layer_26,0.017306955153556042
03,Dorsal Visual,90,1865,lowrank,27,layer_27,0.014840393048922953
03,Dorsal Visual,90,1865,lowrank,28,layer_28,0.015810743245994862
03,Dorsal Visual,90,1865,lowrank,29,layer_29,0.0163896768787186
03,Dorsal Visual,90,1865,lowrank,30,layer_30,0.019768515537782985
03,Dorsal Visual,90,1865,lowrank,31,layer_31,0.019859957768824807
03,Dorsal Visual,90,1865,lowrank,32,layer_32,0.025276104409090325
03,Dorsal Visual,90,1865,taskvec_a0p25,0,embedding,0.00987609478889065
03,Dorsal Visual,90,1865,taskvec_a0p25,1,layer_1,0.012371453557988363
03,Dorsal Visual,90,1865,taskvec_a0p25,2,layer_2,0.016106399728719058
03,Dorsal Visual,90,1865,taskvec_a0p25,3,layer_3,0.0128119572559654
03,Dorsal Visual,90,1865,taskvec_a0p25,4,layer_4,0.026991421221985487
03,Dorsal Visual,90,1865,taskvec_a0p25,5,layer_5,0.015168322172422765
03,Dorsal Visual,90,1865,taskvec_a0p25,6,layer_6,0.02383760749077942
03,Dorsal Visual,90,1865,taskvec_a0p25,7,layer_7,0.022574321346387965
03,Dorsal Visual,90,1865,taskvec_a0p25,8,layer_8,0.01891998271193523
03,Dorsal Visual,90,1865,taskvec_a0p25,9,layer_9,0.01895122982817284
03,Dorsal Visual,90,1865,taskvec_a0p25,10,layer_10,0.01935528892453057
03,Dorsal Visual,90,1865,taskvec_a0p25,11,layer_11,0.01746765316747422
03,Dorsal Visual,90,1865,taskvec_a0p25,12,layer_12,0.016782835900788187
03,Dorsal Visual,90,1865,taskvec_a0p25,13,layer_13,0.013977974732909747
03,Dorsal Visual,90,1865,taskvec_a0p25,14,layer_14,0.017701716160769158
03,Dorsal Visual,90,1865,taskvec_a0p25,15,layer_15,0.010756529433009096
03,Dorsal Visual,90,1865,taskvec_a0p25,16,layer_16,0.010462191935487612
03,Dorsal Visual,90,1865,taskvec_a0p25,17,layer_17,0.011762820435766074
03,Dorsal Visual,90,1865,taskvec_a0p25,18,layer_18,0.017058589922328022
03,Dorsal Visual,90,1865,taskvec_a0p25,19,layer_19,0.01682728052779717
03,Dorsal Visual,90,1865,taskvec_a0p25,20,layer_20,0.017632647176533595
03,Dorsal Visual,90,1865,taskvec_a0p25,21,layer_21,0.019383870237365278
03,Dorsal Visual,90,1865,taskvec_a0p25,22,layer_22,0.020641795073967042
03,Dorsal Visual,90,1865,taskvec_a0p25,23,layer_23,0.01866288950101434
03,Dorsal Visual,90,1865,taskvec_a0p25,24,layer_24,0.017591704463643748
03,Dorsal Visual,90,1865,taskvec_a0p25,25,layer_25,0.01655929322014464
03,Dorsal Visual,90,1865,taskvec_a0p25,26,layer_26,0.01672986746500072
03,Dorsal Visual,90,1865,taskvec_a0p25,27,layer_27,0.014087819058452996
03,Dorsal Visual,90,1865,taskvec_a0p25,28,layer_28,0.014622420890546791
03,Dorsal Visual,90,1865,taskvec_a0p25,29,layer_29,0.016322922142843945
03,Dorsal Visual,90,1865,taskvec_a0p25,30,layer_30,0.016305203170971935
03,Dorsal Visual,90,1865,taskvec_a0p25,31,layer_31,0.016741460001850315
03,Dorsal Visual,90,1865,taskvec_a0p25,32,layer_32,0.01968688434495342
03,Dorsal Visual,90,1865,taskvec_a0p5,0,embedding,0.00987609478889065
03,Dorsal Visual,90,1865,taskvec_a0p5,1,layer_1,0.013977489803638223
03,Dorsal Visual,90,1865,taskvec_a0p5,2,layer_2,0.01787359594132581
03,Dorsal Visual,90,1865,taskvec_a0p5,3,layer_3,0.013335708889008155
03,Dorsal Visual,90,1865,taskvec_a0p5,4,layer_4,0.027042595830425325
03,Dorsal Visual,90,1865,taskvec_a0p5,5,layer_5,0.01714867020447975
03,Dorsal Visual,90,1865,taskvec_a0p5,6,layer_6,0.023450397818620766
03,Dorsal Visual,90,1865,taskvec_a0p5,7,layer_7,0.023132514165627418
03,Dorsal Visual,90,1865,taskvec_a0p5,8,layer_8,0.020655660016282006
03,Dorsal Visual,90,1865,taskvec_a0p5,9,layer_9,0.019044040172459902
03,Dorsal Visual,90,1865,taskvec_a0p5,10,layer_10,0.02128014169558595
03,Dorsal Visual,90,1865,taskvec_a0p5,11,layer_11,0.02034751641801741
03,Dorsal Visual,90,1865,taskvec_a0p5,12,layer_12,0.019524287336052833
03,Dorsal Visual,90,1865,taskvec_a0p5,13,layer_13,0.01587927481054083
03,Dorsal Visual,90,1865,taskvec_a0p5,14,layer_14,0.01814070025180326
03,Dorsal Visual,90,1865,taskvec_a0p5,15,layer_15,0.011963143671760523
03,Dorsal Visual,90,1865,taskvec_a0p5,16,layer_16,0.011481539229243515
03,Dorsal Visual,90,1865,taskvec_a0p5,17,layer_17,0.01184112082203148
03,Dorsal Visual,90,1865,taskvec_a0p5,18,layer_18,0.015906927173734826
03,Dorsal Visual,90,1865,taskvec_a0p5,19,layer_19,0.014395994786083813
03,Dorsal Visual,90,1865,taskvec_a0p5,20,layer_20,0.015058154498432286
03,Dorsal Visual,90,1865,taskvec_a0p5,21,layer_21,0.017850643245135776
03,Dorsal Visual,90,1865,taskvec_a0p5,22,layer_22,0.018547952110529592
03,Dorsal Visual,90,1865,taskvec_a0p5,23,layer_23,0.01761069161148817
03,Dorsal Visual,90,1865,taskvec_a0p5,24,layer_24,0.01626075518158742
03,Dorsal Visual,90,1865,taskvec_a0p5,25,layer_25,0.015304653050842757
03,Dorsal Visual,90,1865,taskvec_a0p5,26,layer_26,0.015134108506970561
03,Dorsal Visual,90,1865,taskvec_a0p5,27,layer_27,0.012506358415584463
03,Dorsal Visual,90,1865,taskvec_a0p5,28,layer_28,0.01428278677741562
03,Dorsal Visual,90,1865,taskvec_a0p5,29,layer_29,0.016008083120897045
03,Dorsal Visual,90,1865,taskvec_a0p5,30,layer_30,0.014265893081938676
03,Dorsal Visual,90,1865,taskvec_a0p5,31,layer_31,0.014076874712886989
03,Dorsal Visual,90,1865,taskvec_a0p5,32,layer_32,0.013898393281565715
03,Dorsal Visual,90,1865,taskvec_a1p0,0,embedding,0.00987609478889065
03,Dorsal Visual,90,1865,taskvec_a1p0,1,layer_1,0.010473309069796363
03,Dorsal Visual,90,1865,taskvec_a1p0,2,layer_2,0.01770786277004478
03,Dorsal Visual,90,1865,taskvec_a1p0,3,layer_3,0.013507555232608104
03,Dorsal Visual,90,1865,taskvec_a1p0,4,layer_4,0.02388552881409103
03,Dorsal Visual,90,1865,taskvec_a1p0,5,layer_5,0.018907642046529224
03,Dorsal Visual,90,1865,taskvec_a1p0,6,layer_6,0.0243046485508635
03,Dorsal Visual,90,1865,taskvec_a1p0,7,layer_7,0.02032702610151044
03,Dorsal Visual,90,1865,taskvec_a1p0,8,layer_8,0.01766899520325561
03,Dorsal Visual,90,1865,taskvec_a1p0,9,layer_9,0.015200386532713885
03,Dorsal Visual,90,1865,taskvec_a1p0,10,layer_10,0.015277248943042387
03,Dorsal Visual,90,1865,taskvec_a1p0,11,layer_11,0.017964851000129543
03,Dorsal Visual,90,1865,taskvec_a1p0,12,layer_12,0.01619233308104496
03,Dorsal Visual,90,1865,taskvec_a1p0,13,layer_13,0.015852510301286576
03,Dorsal Visual,90,1865,taskvec_a1p0,14,layer_14,0.01509271374136997
03,Dorsal Visual,90,1865,taskvec_a1p0,15,layer_15,0.013086476912086812
03,Dorsal Visual,90,1865,taskvec_a1p0,16,layer_16,0.012352152028031468
03,Dorsal Visual,90,1865,taskvec_a1p0,17,layer_17,0.01154500518824819
03,Dorsal Visual,90,1865,taskvec_a1p0,18,layer_18,0.0162912188643255
03,Dorsal Visual,90,1865,taskvec_a1p0,19,layer_19,0.013784456571399753
03,Dorsal Visual,90,1865,taskvec_a1p0,20,layer_20,0.017354736564685686
03,Dorsal Visual,90,1865,taskvec_a1p0,21,layer_21,0.02136865118796716
03,Dorsal Visual,90,1865,taskvec_a1p0,22,layer_22,0.02097900883710933
03,Dorsal Visual,90,1865,taskvec_a1p0,23,layer_23,0.020846563930813963
03,Dorsal Visual,90,1865,taskvec_a1p0,24,layer_24,0.01926347010742889
03,Dorsal Visual,90,1865,taskvec_a1p0,25,layer_25,0.017589919229033593
03,Dorsal Visual,90,1865,taskvec_a1p0,26,layer_26,0.017544867506442
03,Dorsal Visual,90,1865,taskvec_a1p0,27,layer_27,0.014389903842803147
03,Dorsal Visual,90,1865,taskvec_a1p0,28,layer_28,0.01640524094147031
03,Dorsal Visual,90,1865,taskvec_a1p0,29,layer_29,0.016998765789624448
03,Dorsal Visual,90,1865,taskvec_a1p0,30,layer_30,0.012625604877115252
03,Dorsal Visual,90,1865,taskvec_a1p0,31,layer_31,0.011975901458531448
03,Dorsal Visual,90,1865,taskvec_a1p0,32,layer_32,0.006466508299152592
03,Language,90,5962,base,0,embedding,0.005171009401599334
03,Language,90,5962,base,1,layer_1,0.003621784301326786
03,Language,90,5962,base,2,layer_2,0.00954248527831973
03,Language,90,5962,base,3,layer_3,0.013392512674488589
03,Language,90,5962,base,4,layer_4,0.014739051423911773
03,Language,90,5962,base,5,layer_5,0.0033172089306988083
03,Language,90,5962,base,6,layer_6,0.0042484009022964635
03,Language,90,5962,base,7,layer_7,0.007607561445344098
03,Language,90,5962,base,8,layer_8,0.008053775390971844
03,Language,90,5962,base,9,layer_9,0.006871806617693406
03,Language,90,5962,base,10,layer_10,0.007183446526117913
03,Language,90,5962,base,11,layer_11,0.005198914951701503
03,Language,90,5962,base,12,layer_12,0.001523372616732577
03,Language,90,5962,base,13,layer_13,-0.0005675079070603761
03,Language,90,5962,base,14,layer_14,-0.00383605448423951
03,Language,90,5962,base,15,layer_15,-0.006514384417193126
03,Language,90,5962,base,16,layer_16,-0.003285432053515883
03,Language,90,5962,base,17,layer_17,0.0003750233024299453
03,Language,90,5962,base,18,layer_18,0.0037431481254510757
03,Language,90,5962,base,19,layer_19,0.0012560200508614965
03,Language,90,5962,base,20,layer_20,0.0024167128325497515
03,Language,90,5962,base,21,layer_21,0.004468541045697783
03,Language,90,5962,base,22,layer_22,0.0022698739701886668
03,Language,90,5962,base,23,layer_23,0.0030918511276625794
03,Language,90,5962,base,24,layer_24,0.005633146698514938
03,Language,90,5962,base,25,layer_25,0.005870368083228569
03,Language,90,5962,base,26,layer_26,0.005788318461443605
03,Language,90,5962,base,27,layer_27,0.0044839136398426675
03,Language,90,5962,base,28,layer_28,0.0013883973360488925
03,Language,90,5962,base,29,layer_29,-0.0014931194560626818
03,Language,90,5962,base,30,layer_30,-0.0005126742868444922
03,Language,90,5962,base,31,layer_31,0.0012585528536321448
03,Language,90,5962,base,32,layer_32,0.0041718538080736355
03,Language,90,5962,scrambled,0,embedding,0.005171009401599334
03,Language,90,5962,scrambled,1,layer_1,0.005466628412546614
03,Language,90,5962,scrambled,2,layer_2,0.007522929332350034
03,Language,90,5962,scrambled,3,layer_3,0.014061152805283798
03,Language,90,5962,scrambled,4,layer_4,0.011909191367531949
03,Language,90,5962,scrambled,5,layer_5,0.010416632307391675
03,Language,90,5962,scrambled,6,layer_6,0.010481380265468179
03,Language,90,5962,scrambled,7,layer_7,0.007452676605127704
03,Language,90,5962,scrambled,8,layer_8,0.010597060554147397
03,Language,90,5962,scrambled,9,layer_9,0.010456304602725421
03,Language,90,5962,scrambled,10,layer_10,0.010983561325464204
03,Language,90,5962,scrambled,11,layer_11,0.012262636624969531
03,Language,90,5962,scrambled,12,layer_12,0.010144464632956615
03,Language,90,5962,scrambled,13,layer_13,0.010783012436711663
03,Language,90,5962,scrambled,14,layer_14,0.012699986041097969
03,Language,90,5962,scrambled,15,layer_15,0.01131027495020831
03,Language,90,5962,scrambled,16,layer_16,0.007443984490773857
03,Language,90,5962,scrambled,17,layer_17,0.013143302739806862
03,Language,90,5962,scrambled,18,layer_18,0.014844378211125844
03,Language,90,5962,scrambled,19,layer_19,0.013274197964578125
03,Language,90,5962,scrambled,20,layer_20,0.014068239945715866
03,Language,90,5962,scrambled,21,layer_21,0.02031585722397819
03,Language,90,5962,scrambled,22,layer_22,0.022118273573113786
03,Language,90,5962,scrambled,23,layer_23,0.023642962186270818
03,Language,90,5962,scrambled,24,layer_24,0.025046705217460323
03,Language,90,5962,scrambled,25,layer_25,0.026717595149217385
03,Language,90,5962,scrambled,26,layer_26,0.02777653404129421
03,Language,90,5962,scrambled,27,layer_27,0.025179773284021406
03,Language,90,5962,scrambled,28,layer_28,0.027616479735492232
03,Language,90,5962,scrambled,29,layer_29,0.030481145609015603
03,Language,90,5962,scrambled,30,layer_30,0.02679644584427859
03,Language,90,5962,scrambled,31,layer_31,0.025715401948243698
03,Language,90,5962,scrambled,32,layer_32,0.012219121694795824
03,Language,90,5962,lowLR,0,embedding,0.005171009401599334
03,Language,90,5962,lowLR,1,layer_1,0.0027009611486828247
03,Language,90,5962,lowLR,2,layer_2,0.006141279723602868
03,Language,90,5962,lowLR,3,layer_3,0.008055062246808336
03,Language,90,5962,lowLR,4,layer_4,0.00969651794313678
03,Language,90,5962,lowLR,5,layer_5,0.0034332125678252557
03,Language,90,5962,lowLR,6,layer_6,0.005086451709214195
03,Language,90,5962,lowLR,7,layer_7,0.005952383147264982
03,Language,90,5962,lowLR,8,layer_8,0.0049691156373829
03,Language,90,5962,lowLR,9,layer_9,0.0031803092504175713
03,Language,90,5962,lowLR,10,layer_10,0.002639795428141
03,Language,90,5962,lowLR,11,layer_11,0.0005087115404784968
03,Language,90,5962,lowLR,12,layer_12,-8.753290908709467e-05
03,Language,90,5962,lowLR,13,layer_13,-0.00029478917663494734
03,Language,90,5962,lowLR,14,layer_14,-0.0025069926156498544
03,Language,90,5962,lowLR,15,layer_15,-0.002880832361891672
03,Language,90,5962,lowLR,16,layer_16,-0.0001935801786587406
03,Language,90,5962,lowLR,17,layer_17,0.0040570822947819255
03,Language,90,5962,lowLR,18,layer_18,0.008797646245968146
03,Language,90,5962,lowLR,19,layer_19,0.0063441830224240875
03,Language,90,5962,lowLR,20,layer_20,0.007196666452726185
03,Language,90,5962,lowLR,21,layer_21,0.010455065380542333
03,Language,90,5962,lowLR,22,layer_22,0.010227683053837082
03,Language,90,5962,lowLR,23,layer_23,0.011856986751386725
03,Language,90,5962,lowLR,24,layer_24,0.012045136693557322
03,Language,90,5962,lowLR,25,layer_25,0.012567750722877585
03,Language,90,5962,lowLR,26,layer_26,0.012654997269648327
03,Language,90,5962,lowLR,27,layer_27,0.011483649493488669
03,Language,90,5962,lowLR,28,layer_28,0.009286450468497624
03,Language,90,5962,lowLR,29,layer_29,0.007265467754509473
03,Language,90,5962,lowLR,30,layer_30,0.007929522912666177
03,Language,90,5962,lowLR,31,layer_31,0.007328857499668699
03,Language,90,5962,lowLR,32,layer_32,0.012410978655993159
03,Language,90,5962,lowrank,0,embedding,0.005171009401599334
03,Language,90,5962,lowrank,1,layer_1,-0.003529846867088197
03,Language,90,5962,lowrank,2,layer_2,0.0037792490175713096
03,Language,90,5962,lowrank,3,layer_3,0.008551580879605697
03,Language,90,5962,lowrank,4,layer_4,0.010211046766887165
03,Language,90,5962,lowrank,5,layer_5,0.0060665279511167985
03,Language,90,5962,lowrank,6,layer_6,0.007909857125359715
03,Language,90,5962,lowrank,7,layer_7,0.011627285319555902
03,Language,90,5962,lowrank,8,layer_8,0.010511353975371432
03,Language,90,5962,lowrank,9,layer_9,0.006588232831452273
03,Language,90,5962,lowrank,10,layer_10,0.003338272345435758
03,Language,90,5962,lowrank,11,layer_11,0.003056559260455663
03,Language,90,5962,lowrank,12,layer_12,0.0019869517376066544
03,Language,90,5962,lowrank,13,layer_13,0.0012134361251135528
03,Language,90,5962,lowrank,14,layer_14,0.0006809877077509337
03,Language,90,5962,lowrank,15,layer_15,-0.00017864674811838337
03,Language,90,5962,lowrank,16,layer_16,0.0008641981334627759
03,Language,90,5962,lowrank,17,layer_17,0.00413168406795943
03,Language,90,5962,lowrank,18,layer_18,0.007098391314202429
03,Language,90,5962,lowrank,19,layer_19,0.005825701726232952
03,Language,90,5962,lowrank,20,layer_20,0.00536728104982465
03,Language,90,5962,lowrank,21,layer_21,0.007499271658089612
03,Language,90,5962,lowrank,22,layer_22,0.007223794285336804
03,Language,90,5962,lowrank,23,layer_23,0.009220341308725587
03,Language,90,5962,lowrank,24,layer_24,0.009822809328606812
03,Language,90,5962,lowrank,25,layer_25,0.010388609148895686
03,Language,90,5962,lowrank,26,layer_26,0.01106503280545588
03,Language,90,5962,lowrank,27,layer_27,0.010554490451498873
03,Language,90,5962,lowrank,28,layer_28,0.008014971522519189
03,Language,90,5962,lowrank,29,layer_29,0.006916838539629074
03,Language,90,5962,lowrank,30,layer_30,0.008469255356228268
03,Language,90,5962,lowrank,31,layer_31,0.007919335661991342
03,Language,90,5962,lowrank,32,layer_32,0.014228813364940637
03,Language,90,5962,taskvec_a0p25,0,embedding,0.005171009401599334
03,Language,90,5962,taskvec_a0p25,1,layer_1,0.003244953722047071
03,Language,90,5962,taskvec_a0p25,2,layer_2,0.009850370160466814
03,Language,90,5962,taskvec_a0p25,3,layer_3,0.01386300353187102
03,Language,90,5962,taskvec_a0p25,4,layer_4,0.017719605306202937
03,Language,90,5962,taskvec_a0p25,5,layer_5,0.007887049758512229
03,Language,90,5962,taskvec_a0p25,6,layer_6,0.008324944066275888
03,Language,90,5962,taskvec_a0p25,7,layer_7,0.00806291395407721
03,Language,90,5962,taskvec_a0p25,8,layer_8,0.0061209948856007865
03,Language,90,5962,taskvec_a0p25,9,layer_9,0.00545452199263617
03,Language,90,5962,taskvec_a0p25,10,layer_10,0.005284151918694488
03,Language,90,5962,taskvec_a0p25,11,layer_11,0.0031692660883705782
03,Language,90,5962,taskvec_a0p25,12,layer_12,0.0009487319903717779
03,Language,90,5962,taskvec_a0p25,13,layer_13,-0.0006668595661510784
03,Language,90,5962,taskvec_a0p25,14,layer_14,-0.0016966806596968097
03,Language,90,5962,taskvec_a0p25,15,layer_15,-0.0029166622091841006
03,Language,90,5962,taskvec_a0p25,16,layer_16,-0.001098985531886742
03,Language,90,5962,taskvec_a0p25,17,layer_17,0.002437499598499672
03,Language,90,5962,taskvec_a0p25,18,layer_18,0.00642539989586835
03,Language,90,5962,taskvec_a0p25,19,layer_19,0.005447168664140958
03,Language,90,5962,taskvec_a0p25,20,layer_20,0.006034938059373317
03,Language,90,5962,taskvec_a0p25,21,layer_21,0.008155929403271873
03,Language,90,5962,taskvec_a0p25,22,layer_22,0.005803950145303285
03,Language,90,5962,taskvec_a0p25,23,layer_23,0.0070856268026804345
03,Language,90,5962,taskvec_a0p25,24,layer_24,0.008261565902632393
03,Language,90,5962,taskvec_a0p25,25,layer_25,0.009763964954774246
03,Language,90,5962,taskvec_a0p25,26,layer_26,0.009206089319626881
03,Language,90,5962,taskvec_a0p25,27,layer_27,0.007691876000648797
03,Language,90,5962,taskvec_a0p25,28,layer_28,0.004675363380003051
03,Language,90,5962,taskvec_a0p25,29,layer_29,0.0036968117886066808
03,Language,90,5962,taskvec_a0p25,30,layer_30,0.002726123859592197
03,Language,90,5962,taskvec_a0p25,31,layer_31,0.0023393948203363295
03,Language,90,5962,taskvec_a0p25,32,layer_32,0.0005830545975384897
03,Language,90,5962,taskvec_a0p5,0,embedding,0.005171009401599334
03,Language,90,5962,taskvec_a0p5,1,layer_1,0.0022459760728761723
03,Language,90,5962,taskvec_a0p5,2,layer_2,0.012014141755484799
03,Language,90,5962,taskvec_a0p5,3,layer_3,0.016681851621576864
03,Language,90,5962,taskvec_a0p5,4,layer_4,0.020571795085305718
03,Language,90,5962,taskvec_a0p5,5,layer_5,0.014134875504057686
03,Language,90,5962,taskvec_a0p5,6,layer_6,0.013921820072706105
03,Language,90,5962,taskvec_a0p5,7,layer_7,0.009639713036864502
03,Language,90,5962,taskvec_a0p5,8,layer_8,0.007299197051086072
03,Language,90,5962,taskvec_a0p5,9,layer_9,0.00700926856188346
03,Language,90,5962,taskvec_a0p5,10,layer_10,0.007443560457859235
03,Language,90,5962,taskvec_a0p5,11,layer_11,0.006399400700645462
03,Language,90,5962,taskvec_a0p5,12,layer_12,0.0060070886236132754
03,Language,90,5962,taskvec_a0p5,13,layer_13,0.0020518289603425944
03,Language,90,5962,taskvec_a0p5,14,layer_14,0.002424153022412936
03,Language,90,5962,taskvec_a0p5,15,layer_15,0.003950312488067653
03,Language,90,5962,taskvec_a0p5,16,layer_16,0.005966209609059941
03,Language,90,5962,taskvec_a0p5,17,layer_17,0.008566160700319014
03,Language,90,5962,taskvec_a0p5,18,layer_18,0.011334613692313098
03,Language,90,5962,taskvec_a0p5,19,layer_19,0.0107597546983412
03,Language,90,5962,taskvec_a0p5,20,layer_20,0.010656089298238434
03,Language,90,5962,taskvec_a0p5,21,layer_21,0.013057452512876119
03,Language,90,5962,taskvec_a0p5,22,layer_22,0.011762931767755993
03,Language,90,5962,taskvec_a0p5,23,layer_23,0.013497306525180445
03,Language,90,5962,taskvec_a0p5,24,layer_24,0.014172252978089167
03,Language,90,5962,taskvec_a0p5,25,layer_25,0.01551839216521968
03,Language,90,5962,taskvec_a0p5,26,layer_26,0.015037265740424487
03,Language,90,5962,taskvec_a0p5,27,layer_27,0.0138403145953618
03,Language,90,5962,taskvec_a0p5,28,layer_28,0.01326636942034071
03,Language,90,5962,taskvec_a0p5,29,layer_29,0.013672784607954886
03,Language,90,5962,taskvec_a0p5,30,layer_30,0.011470434423645058
03,Language,90,5962,taskvec_a0p5,31,layer_31,0.011121455895306357
03,Language,90,5962,taskvec_a0p5,32,layer_32,0.006872359541670182
03,Language,90,5962,taskvec_a1p0,0,embedding,0.005171009401599334
03,Language,90,5962,taskvec_a1p0,1,layer_1,-0.0027520993313877025
03,Language,90,5962,taskvec_a1p0,2,layer_2,0.01151153853056056
03,Language,90,5962,taskvec_a1p0,3,layer_3,0.017333197934206537
03,Language,90,5962,taskvec_a1p0,4,layer_4,0.022318752599174665
03,Language,90,5962,taskvec_a1p0,5,layer_5,0.01871587997904142
03,Language,90,5962,taskvec_a1p0,6,layer_6,0.019726557947877657
03,Language,90,5962,taskvec_a1p0,7,layer_7,0.012525120657865362
03,Language,90,5962,taskvec_a1p0,8,layer_8,0.010347892835958493
03,Language,90,5962,taskvec_a1p0,9,layer_9,0.00997324238361559
03,Language,90,5962,taskvec_a1p0,10,layer_10,0.00945656817747558
03,Language,90,5962,taskvec_a1p0,11,layer_11,0.009487661371633168
03,Language,90,5962,taskvec_a1p0,12,layer_12,0.011313550837972072
03,Language,90,5962,taskvec_a1p0,13,layer_13,0.0068778118203979425
03,Language,90,5962,taskvec_a1p0,14,layer_14,0.007434619340917199
03,Language,90,5962,taskvec_a1p0,15,layer_15,0.010175337031120772
03,Language,90,5962,taskvec_a1p0,16,layer_16,0.013935731154285345
03,Language,90,5962,taskvec_a1p0,17,layer_17,0.016567936206455955
03,Language,90,5962,taskvec_a1p0,18,layer_18,0.01772760309000892
03,Language,90,5962,taskvec_a1p0,19,layer_19,0.0185454415367972
03,Language,90,5962,taskvec_a1p0,20,layer_20,0.020451101494704627
03,Language,90,5962,taskvec_a1p0,21,layer_21,0.023942800343368036
03,Language,90,5962,taskvec_a1p0,22,layer_22,0.024745967998504925
03,Language,90,5962,taskvec_a1p0,23,layer_23,0.025959900260808452
03,Language,90,5962,taskvec_a1p0,24,layer_24,0.025762064435514934
03,Language,90,5962,taskvec_a1p0,25,layer_25,0.026463682185156153
03,Language,90,5962,taskvec_a1p0,26,layer_26,0.026294754570318758
03,Language,90,5962,taskvec_a1p0,27,layer_27,0.024135898955130783
03,Language,90,5962,taskvec_a1p0,28,layer_28,0.026456367897576872
03,Language,90,5962,taskvec_a1p0,29,layer_29,0.027187723056840727
03,Language,90,5962,taskvec_a1p0,30,layer_30,0.02388012043304386
03,Language,90,5962,taskvec_a1p0,31,layer_31,0.023424227889440187
03,Language,90,5962,taskvec_a1p0,32,layer_32,0.01827908666246665
03,ATL (Semantic),90,7612,base,0,embedding,-0.002265930886779602
03,ATL (Semantic),90,7612,base,1,layer_1,0.015277986424076278
03,ATL (Semantic),90,7612,base,2,layer_2,0.012625991923898997
03,ATL (Semantic),90,7612,base,3,layer_3,0.010193436325025458
03,ATL (Semantic),90,7612,base,4,layer_4,0.018202290192058348
03,ATL (Semantic),90,7612,base,5,layer_5,0.009842283273709168
03,ATL (Semantic),90,7612,base,6,layer_6,0.017451483690327674
03,ATL (Semantic),90,7612,base,7,layer_7,0.018314358355420363
03,ATL (Semantic),90,7612,base,8,layer_8,0.020742821756469822
03,ATL (Semantic),90,7612,base,9,layer_9,0.01944182302128529
03,ATL (Semantic),90,7612,base,10,layer_10,0.021004742031067714
03,ATL (Semantic),90,7612,base,11,layer_11,0.017544369127668335
03,ATL (Semantic),90,7612,base,12,layer_12,0.01551124898519537
03,ATL (Semantic),90,7612,base,13,layer_13,0.012907147788533576
03,ATL (Semantic),90,7612,base,14,layer_14,0.012053056582330088
03,ATL (Semantic),90,7612,base,15,layer_15,0.008243337344068272
03,ATL (Semantic),90,7612,base,16,layer_16,0.00678848601795642
03,ATL (Semantic),90,7612,base,17,layer_17,0.005732325382064258
03,ATL (Semantic),90,7612,base,18,layer_18,0.010058456187577114
03,ATL (Semantic),90,7612,base,19,layer_19,0.009768393950547686
03,ATL (Semantic),90,7612,base,20,layer_20,0.010768246190954825
03,ATL (Semantic),90,7612,base,21,layer_21,0.015722929204953363
03,ATL (Semantic),90,7612,base,22,layer_22,0.015480631006779986
03,ATL (Semantic),90,7612,base,23,layer_23,0.014854032151681185
03,ATL (Semantic),90,7612,base,24,layer_24,0.018007639470389167
03,ATL (Semantic),90,7612,base,25,layer_25,0.017614393400152962
03,ATL (Semantic),90,7612,base,26,layer_26,0.01619061378635501
03,ATL (Semantic),90,7612,base,27,layer_27,0.01601498738545977
03,ATL (Semantic),90,7612,base,28,layer_28,0.014203650654031265
03,ATL (Semantic),90,7612,base,29,layer_29,0.014761406551249879
03,ATL (Semantic),90,7612,base,30,layer_30,0.015529354817052483
03,ATL (Semantic),90,7612,base,31,layer_31,0.0165646246401518
03,ATL (Semantic),90,7612,base,32,layer_32,0.01505742336855218
03,ATL (Semantic),90,7612,scrambled,0,embedding,-0.002265930886779602
03,ATL (Semantic),90,7612,scrambled,1,layer_1,0.017789836551581575
03,ATL (Semantic),90,7612,scrambled,2,layer_2,0.02556982285591619
03,ATL (Semantic),90,7612,scrambled,3,layer_3,0.02295855120662853
03,ATL (Semantic),90,7612,scrambled,4,layer_4,0.027978347370046338
03,ATL (Semantic),90,7612,scrambled,5,layer_5,0.0224502881696866
03,ATL (Semantic),90,7612,scrambled,6,layer_6,0.02641854378799523
03,ATL (Semantic),90,7612,scrambled,7,layer_7,0.022553228043868487
03,ATL (Semantic),90,7612,scrambled,8,layer_8,0.026003925524868833
03,ATL (Semantic),90,7612,scrambled,9,layer_9,0.02168733900910916
03,ATL (Semantic),90,7612,scrambled,10,layer_10,0.021688751206833636
03,ATL (Semantic),90,7612,scrambled,11,layer_11,0.021526852077655086
03,ATL (Semantic),90,7612,scrambled,12,layer_12,0.020592423819605517
03,ATL (Semantic),90,7612,scrambled,13,layer_13,0.01677479067012744
03,ATL (Semantic),90,7612,scrambled,14,layer_14,0.02141396517585044
03,ATL (Semantic),90,7612,scrambled,15,layer_15,0.019789548877938767
03,ATL (Semantic),90,7612,scrambled,16,layer_16,0.01232211219140937
03,ATL (Semantic),90,7612,scrambled,17,layer_17,0.013148250101808529
03,ATL (Semantic),90,7612,scrambled,18,layer_18,0.013069558185591999
03,ATL (Semantic),90,7612,scrambled,19,layer_19,0.0056163512591230575
03,ATL (Semantic),90,7612,scrambled,20,layer_20,0.006946957952472154
03,ATL (Semantic),90,7612,scrambled,21,layer_21,0.016690092430414534
03,ATL (Semantic),90,7612,scrambled,22,layer_22,0.0205260208255715
03,ATL (Semantic),90,7612,scrambled,23,layer_23,0.020297214719626044
03,ATL (Semantic),90,7612,scrambled,24,layer_24,0.021273488301597823
03,ATL (Semantic),90,7612,scrambled,25,layer_25,0.02213749328526601
03,ATL (Semantic),90,7612,scrambled,26,layer_26,0.02122546797500659
03,ATL (Semantic),90,7612,scrambled,27,layer_27,0.02007435572200784
03,ATL (Semantic),90,7612,scrambled,28,layer_28,0.020998109745326003
03,ATL (Semantic),90,7612,scrambled,29,layer_29,0.02412123619582095
03,ATL (Semantic),90,7612,scrambled,30,layer_30,0.02145450328288431
03,ATL (Semantic),90,7612,scrambled,31,layer_31,0.018778387661018775
03,ATL (Semantic),90,7612,scrambled,32,layer_32,0.012797781480712141
03,ATL (Semantic),90,7612,lowLR,0,embedding,-0.002265930886779602
03,ATL (Semantic),90,7612,lowLR,1,layer_1,0.013929366550995905
03,ATL (Semantic),90,7612,lowLR,2,layer_2,0.013496036854818906
03,ATL (Semantic),90,7612,lowLR,3,layer_3,0.014098937873949516
03,ATL (Semantic),90,7612,lowLR,4,layer_4,0.020734849937674913
03,ATL (Semantic),90,7612,lowLR,5,layer_5,0.010716253591266914
03,ATL (Semantic),90,7612,lowLR,6,layer_6,0.014424425539214032
03,ATL (Semantic),90,7612,lowLR,7,layer_7,0.014361083801305491
03,ATL (Semantic),90,7612,lowLR,8,layer_8,0.016209539103849323
03,ATL (Semantic),90,7612,lowLR,9,layer_9,0.013925551375556143
03,ATL (Semantic),90,7612,lowLR,10,layer_10,0.01616114368558736
03,ATL (Semantic),90,7612,lowLR,11,layer_11,0.01274308104792715
03,ATL (Semantic),90,7612,lowLR,12,layer_12,0.012454869611830802
03,ATL (Semantic),90,7612,lowLR,13,layer_13,0.01189166629264909
03,ATL (Semantic),90,7612,lowLR,14,layer_14,0.01429551971996732
03,ATL (Semantic),90,7612,lowLR,15,layer_15,0.0122792108947707
03,ATL (Semantic),90,7612,lowLR,16,layer_16,0.012523152547385862
03,ATL (Semantic),90,7612,lowLR,17,layer_17,0.010059737999850306
03,ATL (Semantic),90,7612,lowLR,18,layer_18,0.01467814404589018
03,ATL (Semantic),90,7612,lowLR,19,layer_19,0.012396873490626122
03,ATL (Semantic),90,7612,lowLR,20,layer_20,0.014331781258918645
03,ATL (Semantic),90,7612,lowLR,21,layer_21,0.019763991087904095
03,ATL (Semantic),90,7612,lowLR,22,layer_22,0.020112897325168806
03,ATL (Semantic),90,7612,lowLR,23,layer_23,0.019383383066510062
03,ATL (Semantic),90,7612,lowLR,24,layer_24,0.020265771091218316
03,ATL (Semantic),90,7612,lowLR,25,layer_25,0.018978027400786524
03,ATL (Semantic),90,7612,lowLR,26,layer_26,0.018774916195078088
03,ATL (Semantic),90,7612,lowLR,27,layer_27,0.01931823573293952
03,ATL (Semantic),90,7612,lowLR,28,layer_28,0.01711267504039021
03,ATL (Semantic),90,7612,lowLR,29,layer_29,0.017248655110962772
03,ATL (Semantic),90,7612,lowLR,30,layer_30,0.020430215912273727
03,ATL (Semantic),90,7612,lowLR,31,layer_31,0.020869243900988422
03,ATL (Semantic),90,7612,lowLR,32,layer_32,0.019498019524384475
03,ATL (Semantic),90,7612,lowrank,0,embedding,-0.002265930886779602
03,ATL (Semantic),90,7612,lowrank,1,layer_1,0.00790820675936822
03,ATL (Semantic),90,7612,lowrank,2,layer_2,0.010192415096856188
03,ATL (Semantic),90,7612,lowrank,3,layer_3,0.012267399616712726
03,ATL (Semantic),90,7612,lowrank,4,layer_4,0.020080448533274915
03,ATL (Semantic),90,7612,lowrank,5,layer_5,0.01263406722914091
03,ATL (Semantic),90,7612,lowrank,6,layer_6,0.015557699829606579
03,ATL (Semantic),90,7612,lowrank,7,layer_7,0.016010724453678002
03,ATL (Semantic),90,7612,lowrank,8,layer_8,0.01703923291317481
03,ATL (Semantic),90,7612,lowrank,9,layer_9,0.014823430051150268
03,ATL (Semantic),90,7612,lowrank,10,layer_10,0.014673271590143474
03,ATL (Semantic),90,7612,lowrank,11,layer_11,0.011914786547219919
03,ATL (Semantic),90,7612,lowrank,12,layer_12,0.014007537859400516
03,ATL (Semantic),90,7612,lowrank,13,layer_13,0.013593058200865591
03,ATL (Semantic),90,7612,lowrank,14,layer_14,0.016536027636231264
03,ATL (Semantic),90,7612,lowrank,15,layer_15,0.012774078787979287
03,ATL (Semantic),90,7612,lowrank,16,layer_16,0.012194561783100324
03,ATL (Semantic),90,7612,lowrank,17,layer_17,0.009115457234290221
03,ATL (Semantic),90,7612,lowrank,18,layer_18,0.012367338010334192
03,ATL (Semantic),90,7612,lowrank,19,layer_19,0.011967749939444085
03,ATL (Semantic),90,7612,lowrank,20,layer_20,0.013690178550191901
03,ATL (Semantic),90,7612,lowrank,21,layer_21,0.018195540783568855
03,ATL (Semantic),90,7612,lowrank,22,layer_22,0.01787133063420879
03,ATL (Semantic),90,7612,lowrank,23,layer_23,0.01618840171685062
03,ATL (Semantic),90,7612,lowrank,24,layer_24,0.016324356756405315
03,ATL (Semantic),90,7612,lowrank,25,layer_25,0.014666204997561896
03,ATL (Semantic),90,7612,lowrank,26,layer_26,0.015698623152610714
03,ATL (Semantic),90,7612,lowrank,27,layer_27,0.017034806532582346
03,ATL (Semantic),90,7612,lowrank,28,layer_28,0.015151953941522397
03,ATL (Semantic),90,7612,lowrank,29,layer_29,0.014559211592874582
03,ATL (Semantic),90,7612,lowrank,30,layer_30,0.01688352279656335
03,ATL (Semantic),90,7612,lowrank,31,layer_31,0.017269162986541978
03,ATL (Semantic),90,7612,lowrank,32,layer_32,0.016698160824106738
03,ATL (Semantic),90,7612,taskvec_a0p25,0,embedding,-0.002265930886779602
03,ATL (Semantic),90,7612,taskvec_a0p25,1,layer_1,0.014004438683150953
03,ATL (Semantic),90,7612,taskvec_a0p25,2,layer_2,0.012926100378629452
03,ATL (Semantic),90,7612,taskvec_a0p25,3,layer_3,0.012620705709162914
03,ATL (Semantic),90,7612,taskvec_a0p25,4,layer_4,0.024231388925920163
03,ATL (Semantic),90,7612,taskvec_a0p25,5,layer_5,0.012820846442885296
03,ATL (Semantic),90,7612,taskvec_a0p25,6,layer_6,0.016249012085033338
03,ATL (Semantic),90,7612,taskvec_a0p25,7,layer_7,0.012634297178267742
03,ATL (Semantic),90,7612,taskvec_a0p25,8,layer_8,0.0133153605394682
03,ATL (Semantic),90,7612,taskvec_a0p25,9,layer_9,0.012811348292396383
03,ATL (Semantic),90,7612,taskvec_a0p25,10,layer_10,0.014473132724407499
03,ATL (Semantic),90,7612,taskvec_a0p25,11,layer_11,0.010948892805321646
03,ATL (Semantic),90,7612,taskvec_a0p25,12,layer_12,0.010750769683718575
03,ATL (Semantic),90,7612,taskvec_a0p25,13,layer_13,0.008207467335068068
03,ATL (Semantic),90,7612,taskvec_a0p25,14,layer_14,0.009871962215357235
03,ATL (Semantic),90,7612,taskvec_a0p25,15,layer_15,0.007749429222276132
03,ATL (Semantic),90,7612,taskvec_a0p25,16,layer_16,0.007024427645181907
03,ATL (Semantic),90,7612,taskvec_a0p25,17,layer_17,0.004528670033783151
03,ATL (Semantic),90,7612,taskvec_a0p25,18,layer_18,0.008979142233754697
03,ATL (Semantic),90,7612,taskvec_a0p25,19,layer_19,0.010403516801223613
03,ATL (Semantic),90,7612,taskvec_a0p25,20,layer_20,0.012215528436141338
03,ATL (Semantic),90,7612,taskvec_a0p25,21,layer_21,0.01732764702579643
03,ATL (Semantic),90,7612,taskvec_a0p25,22,layer_22,0.01746942215060263
03,ATL (Semantic),90,7612,taskvec_a0p25,23,layer_23,0.01597760542826091
03,ATL (Semantic),90,7612,taskvec_a0p25,24,layer_24,0.01696798174721739
03,ATL (Semantic),90,7612,taskvec_a0p25,25,layer_25,0.017186999043988842
03,ATL (Semantic),90,7612,taskvec_a0p25,26,layer_26,0.016061358093254072
03,ATL (Semantic),90,7612,taskvec_a0p25,27,layer_27,0.016008209209979588
03,ATL (Semantic),90,7612,taskvec_a0p25,28,layer_28,0.01424723339211158
03,ATL (Semantic),90,7612,taskvec_a0p25,29,layer_29,0.014313823371585047
03,ATL (Semantic),90,7612,taskvec_a0p25,30,layer_30,0.015543637441128282
03,ATL (Semantic),90,7612,taskvec_a0p25,31,layer_31,0.01609894440816597
03,ATL (Semantic),90,7612,taskvec_a0p25,32,layer_32,0.01649124284889738
03,ATL (Semantic),90,7612,taskvec_a0p5,0,embedding,-0.002265930886779602
03,ATL (Semantic),90,7612,taskvec_a0p5,1,layer_1,0.01210446076629947
03,ATL (Semantic),90,7612,taskvec_a0p5,2,layer_2,0.016036575704377373
03,ATL (Semantic),90,7612,taskvec_a0p5,3,layer_3,0.017204723059424155
03,ATL (Semantic),90,7612,taskvec_a0p5,4,layer_4,0.026661056057410964
03,ATL (Semantic),90,7612,taskvec_a0p5,5,layer_5,0.0178617121853952
03,ATL (Semantic),90,7612,taskvec_a0p5,6,layer_6,0.017578236655239127
03,ATL (Semantic),90,7612,taskvec_a0p5,7,layer_7,0.013413360336795408
03,ATL (Semantic),90,7612,taskvec_a0p5,8,layer_8,0.015070318825921379
03,ATL (Semantic),90,7612,taskvec_a0p5,9,layer_9,0.015574163327813754
03,ATL (Semantic),90,7612,taskvec_a0p5,10,layer_10,0.017180350319966738
03,ATL (Semantic),90,7612,taskvec_a0p5,11,layer_11,0.01464016937660405
03,ATL (Semantic),90,7612,taskvec_a0p5,12,layer_12,0.015000366097316177
03,ATL (Semantic),90,7612,taskvec_a0p5,13,layer_13,0.011035205732485657
03,ATL (Semantic),90,7612,taskvec_a0p5,14,layer_14,0.013488180664382655
03,ATL (Semantic),90,7612,taskvec_a0p5,15,layer_15,0.01221996509065905
03,ATL (Semantic),90,7612,taskvec_a0p5,16,layer_16,0.012795208516233721
03,ATL (Semantic),90,7612,taskvec_a0p5,17,layer_17,0.008799502837659089
03,ATL (Semantic),90,7612,taskvec_a0p5,18,layer_18,0.01225171768401867
03,ATL (Semantic),90,7612,taskvec_a0p5,19,layer_19,0.012849038840949852
03,ATL (Semantic),90,7612,taskvec_a0p5,20,layer_20,0.015210678951023491
03,ATL (Semantic),90,7612,taskvec_a0p5,21,layer_21,0.02077629271052619
03,ATL (Semantic),90,7612,taskvec_a0p5,22,layer_22,0.021314491910844575
03,ATL (Semantic),90,7612,taskvec_a0p5,23,layer_23,0.019649342488118032
03,ATL (Semantic),90,7612,taskvec_a0p5,24,layer_24,0.019563525511345357
03,ATL (Semantic),90,7612,taskvec_a0p5,25,layer_25,0.01897808960473391
03,ATL (Semantic),90,7612,taskvec_a0p5,26,layer_26,0.017763492526067765
03,ATL (Semantic),90,7612,taskvec_a0p5,27,layer_27,0.01744598639312748
03,ATL (Semantic),90,7612,taskvec_a0p5,28,layer_28,0.017422588182179136
03,ATL (Semantic),90,7612,taskvec_a0p5,29,layer_29,0.018289244398956236
03,ATL (Semantic),90,7612,taskvec_a0p5,30,layer_30,0.019567668331601087
03,ATL (Semantic),90,7612,taskvec_a0p5,31,layer_31,0.020577816352693363
03,ATL (Semantic),90,7612,taskvec_a0p5,32,layer_32,0.02145382240183858
03,ATL (Semantic),90,7612,taskvec_a1p0,0,embedding,-0.002265930886779602
03,ATL (Semantic),90,7612,taskvec_a1p0,1,layer_1,0.004366932298630258
03,ATL (Semantic),90,7612,taskvec_a1p0,2,layer_2,0.017465329392382635
03,ATL (Semantic),90,7612,taskvec_a1p0,3,layer_3,0.01832801072088209
03,ATL (Semantic),90,7612,taskvec_a1p0,4,layer_4,0.021663070129696038
03,ATL (Semantic),90,7612,taskvec_a1p0,5,layer_5,0.020389867032262993
03,ATL (Semantic),90,7612,taskvec_a1p0,6,layer_6,0.017720311405065175
03,ATL (Semantic),90,7612,taskvec_a1p0,7,layer_7,0.013428500553431135
03,ATL (Semantic),90,7612,taskvec_a1p0,8,layer_8,0.014731118272435511
03,ATL (Semantic),90,7612,taskvec_a1p0,9,layer_9,0.015295280055443181
03,ATL (Semantic),90,7612,taskvec_a1p0,10,layer_10,0.016996142389513007
03,ATL (Semantic),90,7612,taskvec_a1p0,11,layer_11,0.016892684522700173
03,ATL (Semantic),90,7612,taskvec_a1p0,12,layer_12,0.018291327017002548
03,ATL (Semantic),90,7612,taskvec_a1p0,13,layer_13,0.014960372134722968
03,ATL (Semantic),90,7612,taskvec_a1p0,14,layer_14,0.01673343531904006
03,ATL (Semantic),90,7612,taskvec_a1p0,15,layer_15,0.015147077002608313
03,ATL (Semantic),90,7612,taskvec_a1p0,16,layer_16,0.016937623418912723
03,ATL (Semantic),90,7612,taskvec_a1p0,17,layer_17,0.012613084137819508
03,ATL (Semantic),90,7612,taskvec_a1p0,18,layer_18,0.01690638993897589
03,ATL (Semantic),90,7612,taskvec_a1p0,19,layer_19,0.016434399462105096
03,ATL (Semantic),90,7612,taskvec_a1p0,20,layer_20,0.020057601378316935
03,ATL (Semantic),90,7612,taskvec_a1p0,21,layer_21,0.026619780095745928
03,ATL (Semantic),90,7612,taskvec_a1p0,22,layer_22,0.027441072822999936
03,ATL (Semantic),90,7612,taskvec_a1p0,23,layer_23,0.025574404279380524
03,ATL (Semantic),90,7612,taskvec_a1p0,24,layer_24,0.024821229357683106
03,ATL (Semantic),90,7612,taskvec_a1p0,25,layer_25,0.02376811279244147
03,ATL (Semantic),90,7612,taskvec_a1p0,26,layer_26,0.022856247381818576
03,ATL (Semantic),90,7612,taskvec_a1p0,27,layer_27,0.020034744509829637
03,ATL (Semantic),90,7612,taskvec_a1p0,28,layer_28,0.02243281577202045
03,ATL (Semantic),90,7612,taskvec_a1p0,29,layer_29,0.023948121115852667
03,ATL (Semantic),90,7612,taskvec_a1p0,30,layer_30,0.023433939924372815
03,ATL (Semantic),90,7612,taskvec_a1p0,31,layer_31,0.025336347157547942
03,ATL (Semantic),90,7612,taskvec_a1p0,32,layer_32,0.02586069056868476
03,Prefrontal,90,8150,base,0,embedding,-0.005784125704486293
03,Prefrontal,90,8150,base,1,layer_1,0.014288393725417963
03,Prefrontal,90,8150,base,2,layer_2,0.010859839355298415
03,Prefrontal,90,8150,base,3,layer_3,0.004338266179212625
03,Prefrontal,90,8150,base,4,layer_4,0.010764307915210774
03,Prefrontal,90,8150,base,5,layer_5,0.004867177751110279
03,Prefrontal,90,8150,base,6,layer_6,0.007373906233482039
03,Prefrontal,90,8150,base,7,layer_7,0.016286105625130796
03,Prefrontal,90,8150,base,8,layer_8,0.017987973309485424
03,Prefrontal,90,8150,base,9,layer_9,0.016602225712156325
03,Prefrontal,90,8150,base,10,layer_10,0.017289765569032063
03,Prefrontal,90,8150,base,11,layer_11,0.015990292044749683
03,Prefrontal,90,8150,base,12,layer_12,0.012725992147870568
03,Prefrontal,90,8150,base,13,layer_13,0.010731971015702722
03,Prefrontal,90,8150,base,14,layer_14,0.0062597562011362665
03,Prefrontal,90,8150,base,15,layer_15,0.003233842191697544
03,Prefrontal,90,8150,base,16,layer_16,0.0005731856517475842
03,Prefrontal,90,8150,base,17,layer_17,-0.0010030698469949706
03,Prefrontal,90,8150,base,18,layer_18,0.0014477813711547382
03,Prefrontal,90,8150,base,19,layer_19,0.0025261095885496365
03,Prefrontal,90,8150,base,20,layer_20,0.002378956530874721
03,Prefrontal,90,8150,base,21,layer_21,0.0018623521874263742
03,Prefrontal,90,8150,base,22,layer_22,0.0011550264317181358
03,Prefrontal,90,8150,base,23,layer_23,-0.0003511321298685197
03,Prefrontal,90,8150,base,24,layer_24,0.001752277165561733
03,Prefrontal,90,8150,base,25,layer_25,0.0035474941082821398
03,Prefrontal,90,8150,base,26,layer_26,0.002228123726774627
03,Prefrontal,90,8150,base,27,layer_27,0.0011652633708314234
03,Prefrontal,90,8150,base,28,layer_28,-0.0005441082017229033
03,Prefrontal,90,8150,base,29,layer_29,0.00048601307723859853
03,Prefrontal,90,8150,base,30,layer_30,-0.00105363156909433
03,Prefrontal,90,8150,base,31,layer_31,0.004250842360531759
03,Prefrontal,90,8150,base,32,layer_32,0.002133127464792888
03,Prefrontal,90,8150,scrambled,0,embedding,-0.005784125704486293
03,Prefrontal,90,8150,scrambled,1,layer_1,0.002009667759918788
03,Prefrontal,90,8150,scrambled,2,layer_2,0.007311467293404501
03,Prefrontal,90,8150,scrambled,3,layer_3,0.008860436180691753
03,Prefrontal,90,8150,scrambled,4,layer_4,0.005301979607375447
03,Prefrontal,90,8150,scrambled,5,layer_5,0.006405451295419714
03,Prefrontal,90,8150,scrambled,6,layer_6,0.007834275219713915
03,Prefrontal,90,8150,scrambled,7,layer_7,0.008782861133548587
03,Prefrontal,90,8150,scrambled,8,layer_8,0.015970354465420857
03,Prefrontal,90,8150,scrambled,9,layer_9,0.018017109601081962
03,Prefrontal,90,8150,scrambled,10,layer_10,0.01880679525111753
03,Prefrontal,90,8150,scrambled,11,layer_11,0.021709095820400773
03,Prefrontal,90,8150,scrambled,12,layer_12,0.0221501817697412
03,Prefrontal,90,8150,scrambled,13,layer_13,0.01976256618787205
03,Prefrontal,90,8150,scrambled,14,layer_14,0.022304812003410175
03,Prefrontal,90,8150,scrambled,15,layer_15,0.019916184159706515
03,Prefrontal,90,8150,scrambled,16,layer_16,0.016842234319389377
03,Prefrontal,90,8150,scrambled,17,layer_17,0.016133400725052576
03,Prefrontal,90,8150,scrambled,18,layer_18,0.01286628726704568
03,Prefrontal,90,8150,scrambled,19,layer_19,0.01279746709859967
03,Prefrontal,90,8150,scrambled,20,layer_20,0.010811416664434892
03,Prefrontal,90,8150,scrambled,21,layer_21,0.012493464639403035
03,Prefrontal,90,8150,scrambled,22,layer_22,0.014748504929525534
03,Prefrontal,90,8150,scrambled,23,layer_23,0.01488884506717308
03,Prefrontal,90,8150,scrambled,24,layer_24,0.016618790642025455
03,Prefrontal,90,8150,scrambled,25,layer_25,0.02054716288253623
03,Prefrontal,90,8150,scrambled,26,layer_26,0.021762125899739707
03,Prefrontal,90,8150,scrambled,27,layer_27,0.02368101661857657
03,Prefrontal,90,8150,scrambled,28,layer_28,0.027105707806005675
03,Prefrontal,90,8150,scrambled,29,layer_29,0.02683694901996663
03,Prefrontal,90,8150,scrambled,30,layer_30,0.020972187884740406
03,Prefrontal,90,8150,scrambled,31,layer_31,0.023277376885167445
03,Prefrontal,90,8150,scrambled,32,layer_32,0.023614727758512085
03,Prefrontal,90,8150,lowLR,0,embedding,-0.005784125704486293
03,Prefrontal,90,8150,lowLR,1,layer_1,0.009172758651349753
03,Prefrontal,90,8150,lowLR,2,layer_2,0.0053270001645191675
03,Prefrontal,90,8150,lowLR,3,layer_3,0.001937446175022395
03,Prefrontal,90,8150,lowLR,4,layer_4,0.010503826363744353
03,Prefrontal,90,8150,lowLR,5,layer_5,0.003742385239802036
03,Prefrontal,90,8150,lowLR,6,layer_6,0.0019656800423852095
03,Prefrontal,90,8150,lowLR,7,layer_7,0.008237860594718566
03,Prefrontal,90,8150,lowLR,8,layer_8,0.0111010608461062
03,Prefrontal,90,8150,lowLR,9,layer_9,0.00978732991556453
03,Prefrontal,90,8150,lowLR,10,layer_10,0.009971693075688768
03,Prefrontal,90,8150,lowLR,11,layer_11,0.008081806021413465
03,Prefrontal,90,8150,lowLR,12,layer_12,0.00941886268503085
03,Prefrontal,90,8150,lowLR,13,layer_13,0.00932011625353635
03,Prefrontal,90,8150,lowLR,14,layer_14,0.007868033096482556
03,Prefrontal,90,8150,lowLR,15,layer_15,0.0067306572683338995
03,Prefrontal,90,8150,lowLR,16,layer_16,0.006124390884890586
03,Prefrontal,90,8150,lowLR,17,layer_17,0.005646494208594878
03,Prefrontal,90,8150,lowLR,18,layer_18,0.00904012321044077
03,Prefrontal,90,8150,lowLR,19,layer_19,0.008926258604550156
03,Prefrontal,90,8150,lowLR,20,layer_20,0.007778187620222321
03,Prefrontal,90,8150,lowLR,21,layer_21,0.006530206262069142
03,Prefrontal,90,8150,lowLR,22,layer_22,0.007029215294345689
03,Prefrontal,90,8150,lowLR,23,layer_23,0.0044999928932457104
03,Prefrontal,90,8150,lowLR,24,layer_24,0.004930073787461862
03,Prefrontal,90,8150,lowLR,25,layer_25,0.004977746855379845
03,Prefrontal,90,8150,lowLR,26,layer_26,0.003792246093401103
03,Prefrontal,90,8150,lowLR,27,layer_27,0.004749213101852682
03,Prefrontal,90,8150,lowLR,28,layer_28,0.0038778323738523886
03,Prefrontal,90,8150,lowLR,29,layer_29,0.004212328403569631
03,Prefrontal,90,8150,lowLR,30,layer_30,0.0018507194888690063
03,Prefrontal,90,8150,lowLR,31,layer_31,0.006236786693068562
03,Prefrontal,90,8150,lowLR,32,layer_32,0.007147762568563951
03,Prefrontal,90,8150,lowrank,0,embedding,-0.005784125704486293
03,Prefrontal,90,8150,lowrank,1,layer_1,0.005897447721789861
03,Prefrontal,90,8150,lowrank,2,layer_2,0.0009933961057837042
03,Prefrontal,90,8150,lowrank,3,layer_3,-0.0010234523806861929
03,Prefrontal,90,8150,lowrank,4,layer_4,0.009221115402293074
03,Prefrontal,90,8150,lowrank,5,layer_5,0.005817817889597861
03,Prefrontal,90,8150,lowrank,6,layer_6,0.004168256439849051
03,Prefrontal,90,8150,lowrank,7,layer_7,0.011403160013951693
03,Prefrontal,90,8150,lowrank,8,layer_8,0.014535747628804675
03,Prefrontal,90,8150,lowrank,9,layer_9,0.011419919027608617
03,Prefrontal,90,8150,lowrank,10,layer_10,0.008249448461602141
03,Prefrontal,90,8150,lowrank,11,layer_11,0.00742125595295279
03,Prefrontal,90,8150,lowrank,12,layer_12,0.0076304379276886805
03,Prefrontal,90,8150,lowrank,13,layer_13,0.007340595552659479
03,Prefrontal,90,8150,lowrank,14,layer_14,0.0066618365394919676
03,Prefrontal,90,8150,lowrank,15,layer_15,0.004697482580657818
03,Prefrontal,90,8150,lowrank,16,layer_16,0.0037632775469840095
03,Prefrontal,90,8150,lowrank,17,layer_17,0.0033252842359407235
03,Prefrontal,90,8150,lowrank,18,layer_18,0.004614561356414869
03,Prefrontal,90,8150,lowrank,19,layer_19,0.0063260394572415305
03,Prefrontal,90,8150,lowrank,20,layer_20,0.005756496752586887
03,Prefrontal,90,8150,lowrank,21,layer_21,0.0037750083148277995
03,Prefrontal,90,8150,lowrank,22,layer_22,0.003887843847006227
03,Prefrontal,90,8150,lowrank,23,layer_23,-0.00033583967234053903
03,Prefrontal,90,8150,lowrank,24,layer_24,0.0002878763193347497
03,Prefrontal,90,8150,lowrank,25,layer_25,-0.00029207742076640974
03,Prefrontal,90,8150,lowrank,26,layer_26,0.00030811016130789283
03,Prefrontal,90,8150,lowrank,27,layer_27,0.0013462643422198473
03,Prefrontal,90,8150,lowrank,28,layer_28,-0.00011547985373763562
03,Prefrontal,90,8150,lowrank,29,layer_29,0.0003770158835313912
03,Prefrontal,90,8150,lowrank,30,layer_30,-0.0022781620390824563
03,Prefrontal,90,8150,lowrank,31,layer_31,0.0024435625219842152
03,Prefrontal,90,8150,lowrank,32,layer_32,0.0060143698478331365
03,Prefrontal,90,8150,taskvec_a0p25,0,embedding,-0.005784125704486293
03,Prefrontal,90,8150,taskvec_a0p25,1,layer_1,0.013466775781730316
03,Prefrontal,90,8150,taskvec_a0p25,2,layer_2,0.009996121294342504
03,Prefrontal,90,8150,taskvec_a0p25,3,layer_3,0.005480144041403277
03,Prefrontal,90,8150,taskvec_a0p25,4,layer_4,0.011729286904165036
03,Prefrontal,90,8150,taskvec_a0p25,5,layer_5,0.006400139862867121
03,Prefrontal,90,8150,taskvec_a0p25,6,layer_6,0.007690247863695558
03,Prefrontal,90,8150,taskvec_a0p25,7,layer_7,0.009996982436076603
03,Prefrontal,90,8150,taskvec_a0p25,8,layer_8,0.011466569746565484
03,Prefrontal,90,8150,taskvec_a0p25,9,layer_9,0.011424861346046984
03,Prefrontal,90,8150,taskvec_a0p25,10,layer_10,0.011091936479697535
03,Prefrontal,90,8150,taskvec_a0p25,11,layer_11,0.00895910994751498
03,Prefrontal,90,8150,taskvec_a0p25,12,layer_12,0.009817054249282312
03,Prefrontal,90,8150,taskvec_a0p25,13,layer_13,0.008003331912412114
03,Prefrontal,90,8150,taskvec_a0p25,14,layer_14,0.0064686564835218265
03,Prefrontal,90,8150,taskvec_a0p25,15,layer_15,0.004489383664441303
03,Prefrontal,90,8150,taskvec_a0p25,16,layer_16,0.003046580663862606
03,Prefrontal,90,8150,taskvec_a0p25,17,layer_17,0.0024471159925282112
03,Prefrontal,90,8150,taskvec_a0p25,18,layer_18,0.004008629902934514
03,Prefrontal,90,8150,taskvec_a0p25,19,layer_19,0.006346687992197258
03,Prefrontal,90,8150,taskvec_a0p25,20,layer_20,0.005926080777848071
03,Prefrontal,90,8150,taskvec_a0p25,21,layer_21,0.006287700157008555
03,Prefrontal,90,8150,taskvec_a0p25,22,layer_22,0.005543506327162304
03,Prefrontal,90,8150,taskvec_a0p25,23,layer_23,0.00411785723256719
03,Prefrontal,90,8150,taskvec_a0p25,24,layer_24,0.005737436006077987
03,Prefrontal,90,8150,taskvec_a0p25,25,layer_25,0.007676781549680068
03,Prefrontal,90,8150,taskvec_a0p25,26,layer_26,0.0057625832127001725
03,Prefrontal,90,8150,taskvec_a0p25,27,layer_27,0.005674174778383633
03,Prefrontal,90,8150,taskvec_a0p25,28,layer_28,0.0049693414769396305
03,Prefrontal,90,8150,taskvec_a0p25,29,layer_29,0.005937931283620615
03,Prefrontal,90,8150,taskvec_a0p25,30,layer_30,0.003019183280813308
03,Prefrontal,90,8150,taskvec_a0p25,31,layer_31,0.006862682624882023
03,Prefrontal,90,8150,taskvec_a0p25,32,layer_32,0.0043273840375940035
03,Prefrontal,90,8150,taskvec_a0p5,0,embedding,-0.005784125704486293
03,Prefrontal,90,8150,taskvec_a0p5,1,layer_1,0.010784111186316867
03,Prefrontal,90,8150,taskvec_a0p5,2,layer_2,0.011134329123637297
03,Prefrontal,90,8150,taskvec_a0p5,3,layer_3,0.007209126856060949
03,Prefrontal,90,8150,taskvec_a0p5,4,layer_4,0.010021688611107854
03,Prefrontal,90,8150,taskvec_a0p5,5,layer_5,0.008332103124184665
03,Prefrontal,90,8150,taskvec_a0p5,6,layer_6,0.009023469551217255
03,Prefrontal,90,8150,taskvec_a0p5,7,layer_7,0.009511153542297838
03,Prefrontal,90,8150,taskvec_a0p5,8,layer_8,0.011083443119097503
03,Prefrontal,90,8150,taskvec_a0p5,9,layer_9,0.012565206898987127
03,Prefrontal,90,8150,taskvec_a0p5,10,layer_10,0.010730092755369448
03,Prefrontal,90,8150,taskvec_a0p5,11,layer_11,0.008576727525831959
03,Prefrontal,90,8150,taskvec_a0p5,12,layer_12,0.010610642870118826
03,Prefrontal,90,8150,taskvec_a0p5,13,layer_13,0.007145738231693569
03,Prefrontal,90,8150,taskvec_a0p5,14,layer_14,0.0074897679036414755
03,Prefrontal,90,8150,taskvec_a0p5,15,layer_15,0.006419657145254144
03,Prefrontal,90,8150,taskvec_a0p5,16,layer_16,0.007411847839408745
03,Prefrontal,90,8150,taskvec_a0p5,17,layer_17,0.007331351261523419
03,Prefrontal,90,8150,taskvec_a0p5,18,layer_18,0.007467238493171504
03,Prefrontal,90,8150,taskvec_a0p5,19,layer_19,0.009403601796473164
03,Prefrontal,90,8150,taskvec_a0p5,20,layer_20,0.008971498620171678
03,Prefrontal,90,8150,taskvec_a0p5,21,layer_21,0.009763008358934695
03,Prefrontal,90,8150,taskvec_a0p5,22,layer_22,0.00930072823580876
03,Prefrontal,90,8150,taskvec_a0p5,23,layer_23,0.008667470569561254
03,Prefrontal,90,8150,taskvec_a0p5,24,layer_24,0.00959875332529834
03,Prefrontal,90,8150,taskvec_a0p5,25,layer_25,0.010428545390708888
03,Prefrontal,90,8150,taskvec_a0p5,26,layer_26,0.009177229676817375
03,Prefrontal,90,8150,taskvec_a0p5,27,layer_27,0.00964550267393755
03,Prefrontal,90,8150,taskvec_a0p5,28,layer_28,0.010776669502064556
03,Prefrontal,90,8150,taskvec_a0p5,29,layer_29,0.012332027463263194
03,Prefrontal,90,8150,taskvec_a0p5,30,layer_30,0.009903653351964031
03,Prefrontal,90,8150,taskvec_a0p5,31,layer_31,0.012470967171500643
03,Prefrontal,90,8150,taskvec_a0p5,32,layer_32,0.012714771713913452
03,Prefrontal,90,8150,taskvec_a1p0,0,embedding,-0.005784125704486293
03,Prefrontal,90,8150,taskvec_a1p0,1,layer_1,0.002362313332375094
03,Prefrontal,90,8150,taskvec_a1p0,2,layer_2,0.005190868413450272
03,Prefrontal,90,8150,taskvec_a1p0,3,layer_3,0.004814167472427274
03,Prefrontal,90,8150,taskvec_a1p0,4,layer_4,0.002460510762664274
03,Prefrontal,90,8150,taskvec_a1p0,5,layer_5,0.006990567029160824
03,Prefrontal,90,8150,taskvec_a1p0,6,layer_6,0.0062897631611975825
03,Prefrontal,90,8150,taskvec_a1p0,7,layer_7,0.009943679630722102
03,Prefrontal,90,8150,taskvec_a1p0,8,layer_8,0.00827267463100231
03,Prefrontal,90,8150,taskvec_a1p0,9,layer_9,0.0120898221040143
03,Prefrontal,90,8150,taskvec_a1p0,10,layer_10,0.010784080924937057
03,Prefrontal,90,8150,taskvec_a1p0,11,layer_11,0.010524343766054234
03,Prefrontal,90,8150,taskvec_a1p0,12,layer_12,0.013871113394861481
03,Prefrontal,90,8150,taskvec_a1p0,13,layer_13,0.010921112298260061
03,Prefrontal,90,8150,taskvec_a1p0,14,layer_14,0.00890850376733911
03,Prefrontal,90,8150,taskvec_a1p0,15,layer_15,0.008938403318181966
03,Prefrontal,90,8150,taskvec_a1p0,16,layer_16,0.0124989645517842
03,Prefrontal,90,8150,taskvec_a1p0,17,layer_17,0.013941232747854276
03,Prefrontal,90,8150,taskvec_a1p0,18,layer_18,0.012900163013756669
03,Prefrontal,90,8150,taskvec_a1p0,19,layer_19,0.01330334863967
03,Prefrontal,90,8150,taskvec_a1p0,20,layer_20,0.014497351168187612
03,Prefrontal,90,8150,taskvec_a1p0,21,layer_21,0.014383433885080293
03,Prefrontal,90,8150,taskvec_a1p0,22,layer_22,0.01465068557968534
03,Prefrontal,90,8150,taskvec_a1p0,23,layer_23,0.015101920112381949
03,Prefrontal,90,8150,taskvec_a1p0,24,layer_24,0.01570994688621619
03,Prefrontal,90,8150,taskvec_a1p0,25,layer_25,0.01598590134269761
03,Prefrontal,90,8150,taskvec_a1p0,26,layer_26,0.015344514946796919
03,Prefrontal,90,8150,taskvec_a1p0,27,layer_27,0.014531774608513433
03,Prefrontal,90,8150,taskvec_a1p0,28,layer_28,0.017557074424021196
03,Prefrontal,90,8150,taskvec_a1p0,29,layer_29,0.018694224225814484
03,Prefrontal,90,8150,taskvec_a1p0,30,layer_30,0.017220971552395763
03,Prefrontal,90,8150,taskvec_a1p0,31,layer_31,0.017705553378448532
03,Prefrontal,90,8150,taskvec_a1p0,32,layer_32,0.016711172283431875
03,TGd,90,2078,base,0,embedding,-0.013916890477937476
03,TGd,90,2078,base,1,layer_1,-0.011467562954938634
03,TGd,90,2078,base,2,layer_2,-0.019800085442071902
03,TGd,90,2078,base,3,layer_3,-0.017406689936659028
03,TGd,90,2078,base,4,layer_4,-0.012465379090161021
03,TGd,90,2078,base,5,layer_5,-0.017157215495101925
03,TGd,90,2078,base,6,layer_6,-0.015052943376749804
03,TGd,90,2078,base,7,layer_7,-0.010645401053608967
03,TGd,90,2078,base,8,layer_8,-0.009730677436983148
03,TGd,90,2078,base,9,layer_9,-0.011797721146619148
03,TGd,90,2078,base,10,layer_10,-0.010978577911324859
03,TGd,90,2078,base,11,layer_11,-0.015798188882943775
03,TGd,90,2078,base,12,layer_12,-0.01901067700121928
03,TGd,90,2078,base,13,layer_13,-0.020818143078011702
03,TGd,90,2078,base,14,layer_14,-0.022801710397844288
03,TGd,90,2078,base,15,layer_15,-0.023719758656679118
03,TGd,90,2078,base,16,layer_16,-0.022407524543646206
03,TGd,90,2078,base,17,layer_17,-0.019073721916087583
03,TGd,90,2078,base,18,layer_18,-0.017469642012602853
03,TGd,90,2078,base,19,layer_19,-0.01942197940167278
03,TGd,90,2078,base,20,layer_20,-0.01908167262663608
03,TGd,90,2078,base,21,layer_21,-0.015500051527471075
03,TGd,90,2078,base,22,layer_22,-0.01474695655559192
03,TGd,90,2078,base,23,layer_23,-0.012374108340271455
03,TGd,90,2078,base,24,layer_24,-0.008378751788356483
03,TGd,90,2078,base,25,layer_25,-0.008259133410731857
03,TGd,90,2078,base,26,layer_26,-0.008932626757013774
03,TGd,90,2078,base,27,layer_27,-0.011140065523097717
03,TGd,90,2078,base,28,layer_28,-0.011505810910636257
03,TGd,90,2078,base,29,layer_29,-0.012168036002509014
03,TGd,90,2078,base,30,layer_30,-0.012501027555973227
03,TGd,90,2078,base,31,layer_31,-0.01430866249873694
03,TGd,90,2078,base,32,layer_32,-0.013359679264193281
03,TGd,90,2078,scrambled,0,embedding,-0.013916890477937476
03,TGd,90,2078,scrambled,1,layer_1,-0.012433522823555754
03,TGd,90,2078,scrambled,2,layer_2,-0.008918076076888421
03,TGd,90,2078,scrambled,3,layer_3,-0.00882268417538546
03,TGd,90,2078,scrambled,4,layer_4,-0.009133872404696507
03,TGd,90,2078,scrambled,5,layer_5,-0.015195201562841116
03,TGd,90,2078,scrambled,6,layer_6,-0.014558398458391169
03,TGd,90,2078,scrambled,7,layer_7,-0.018292363375861726
03,TGd,90,2078,scrambled,8,layer_8,-0.014450525605702954
03,TGd,90,2078,scrambled,9,layer_9,-0.016221888735590096
03,TGd,90,2078,scrambled,10,layer_10,-0.01825652997939512
03,TGd,90,2078,scrambled,11,layer_11,-0.01794162501752802
03,TGd,90,2078,scrambled,12,layer_12,-0.019193215699018794
03,TGd,90,2078,scrambled,13,layer_13,-0.022102039090040236
03,TGd,90,2078,scrambled,14,layer_14,-0.019719255802210026
03,TGd,90,2078,scrambled,15,layer_15,-0.015824401028617176
03,TGd,90,2078,scrambled,16,layer_16,-0.022057259906665575
03,TGd,90,2078,scrambled,17,layer_17,-0.020699687708724716
03,TGd,90,2078,scrambled,18,layer_18,-0.019097363525664896
03,TGd,90,2078,scrambled,19,layer_19,-0.022264886969515424
03,TGd,90,2078,scrambled,20,layer_20,-0.021008764739797407
03,TGd,90,2078,scrambled,21,layer_21,-0.012917806332179156
03,TGd,90,2078,scrambled,22,layer_22,-0.008582652778718232
03,TGd,90,2078,scrambled,23,layer_23,-0.0077735794845523514
03,TGd,90,2078,scrambled,24,layer_24,-0.008463236517222954
03,TGd,90,2078,scrambled,25,layer_25,-0.007159449625525793
03,TGd,90,2078,scrambled,26,layer_26,-0.009542764915885012
03,TGd,90,2078,scrambled,27,layer_27,-0.012190370581996627
03,TGd,90,2078,scrambled,28,layer_28,-0.012185647378363921
03,TGd,90,2078,scrambled,29,layer_29,-0.010794540714828823
03,TGd,90,2078,scrambled,30,layer_30,-0.012215522458584831
03,TGd,90,2078,scrambled,31,layer_31,-0.013379641314144054
03,TGd,90,2078,scrambled,32,layer_32,-0.013648556077048173
03,TGd,90,2078,lowLR,0,embedding,-0.013916890477937476
03,TGd,90,2078,lowLR,1,layer_1,-0.011886084188865973
03,TGd,90,2078,lowLR,2,layer_2,-0.015021649187254712
03,TGd,90,2078,lowLR,3,layer_3,-0.013943618540094615
03,TGd,90,2078,lowLR,4,layer_4,-0.007423736638902655
03,TGd,90,2078,lowLR,5,layer_5,-0.012180900451303836
03,TGd,90,2078,lowLR,6,layer_6,-0.01262148951625972
03,TGd,90,2078,lowLR,7,layer_7,-0.009418594815779939
03,TGd,90,2078,lowLR,8,layer_8,-0.008474130987551867
03,TGd,90,2078,lowLR,9,layer_9,-0.010142389113258652
03,TGd,90,2078,lowLR,10,layer_10,-0.008940916133498048
03,TGd,90,2078,lowLR,11,layer_11,-0.012482726706335115
03,TGd,90,2078,lowLR,12,layer_12,-0.014305606472973402
03,TGd,90,2078,lowLR,13,layer_13,-0.014434280475106876
03,TGd,90,2078,lowLR,14,layer_14,-0.015265271227395457
03,TGd,90,2078,lowLR,15,layer_15,-0.015667104431149374
03,TGd,90,2078,lowLR,16,layer_16,-0.017583035512321363
03,TGd,90,2078,lowLR,17,layer_17,-0.01711775745780918
03,TGd,90,2078,lowLR,18,layer_18,-0.013118701358813102
03,TGd,90,2078,lowLR,19,layer_19,-0.01648550439465191
03,TGd,90,2078,lowLR,20,layer_20,-0.015436894346619648
03,TGd,90,2078,lowLR,21,layer_21,-0.01179282029747904
03,TGd,90,2078,lowLR,22,layer_22,-0.011331879333809025
03,TGd,90,2078,lowLR,23,layer_23,-0.008448160932916947
03,TGd,90,2078,lowLR,24,layer_24,-0.007456798877532946
03,TGd,90,2078,lowLR,25,layer_25,-0.007622731362963711
03,TGd,90,2078,lowLR,26,layer_26,-0.007745195804679614
03,TGd,90,2078,lowLR,27,layer_27,-0.00802628834457496
03,TGd,90,2078,lowLR,28,layer_28,-0.00930897689018934
03,TGd,90,2078,lowLR,29,layer_29,-0.008279169432944388
03,TGd,90,2078,lowLR,30,layer_30,-0.0062360019519785495
03,TGd,90,2078,lowLR,31,layer_31,-0.007464986075160701
03,TGd,90,2078,lowLR,32,layer_32,-0.003207698601125315
03,TGd,90,2078,lowrank,0,embedding,-0.013916890477937476
03,TGd,90,2078,lowrank,1,layer_1,-0.014194062653396126
03,TGd,90,2078,lowrank,2,layer_2,-0.016552634408995934
03,TGd,90,2078,lowrank,3,layer_3,-0.016585271120322476
03,TGd,90,2078,lowrank,4,layer_4,-0.01046512971771152
03,TGd,90,2078,lowrank,5,layer_5,-0.012085171751851509
03,TGd,90,2078,lowrank,6,layer_6,-0.012059923113567367
03,TGd,90,2078,lowrank,7,layer_7,-0.008236388247831756
03,TGd,90,2078,lowrank,8,layer_8,-0.007784346184610957
03,TGd,90,2078,lowrank,9,layer_9,-0.008935202149874524
03,TGd,90,2078,lowrank,10,layer_10,-0.008909087139494338
03,TGd,90,2078,lowrank,11,layer_11,-0.011538993073993946
03,TGd,90,2078,lowrank,12,layer_12,-0.01143309300175125
03,TGd,90,2078,lowrank,13,layer_13,-0.013286434396342568
03,TGd,90,2078,lowrank,14,layer_14,-0.013760473493907053
03,TGd,90,2078,lowrank,15,layer_15,-0.01570868113862611
03,TGd,90,2078,lowrank,16,layer_16,-0.018298438628056562
03,TGd,90,2078,lowrank,17,layer_17,-0.01924335152021712
03,TGd,90,2078,lowrank,18,layer_18,-0.01724704434628313
03,TGd,90,2078,lowrank,19,layer_19,-0.019138145965320933
03,TGd,90,2078,lowrank,20,layer_20,-0.01882419909368251
03,TGd,90,2078,lowrank,21,layer_21,-0.015558616450536997
03,TGd,90,2078,lowrank,22,layer_22,-0.014025012125053079
03,TGd,90,2078,lowrank,23,layer_23,-0.011494591784269627
03,TGd,90,2078,lowrank,24,layer_24,-0.010269175141529533
03,TGd,90,2078,lowrank,25,layer_25,-0.010659142708821002
03,TGd,90,2078,lowrank,26,layer_26,-0.009698547883966385
03,TGd,90,2078,lowrank,27,layer_27,-0.009666204446505906
03,TGd,90,2078,lowrank,28,layer_28,-0.010936046662793622
03,TGd,90,2078,lowrank,29,layer_29,-0.010715186971027928
03,TGd,90,2078,lowrank,30,layer_30,-0.00861945491293604
03,TGd,90,2078,lowrank,31,layer_31,-0.00974779884000323
03,TGd,90,2078,lowrank,32,layer_32,-0.0022521811501263673
03,TGd,90,2078,taskvec_a0p25,0,embedding,-0.013916890477937476
03,TGd,90,2078,taskvec_a0p25,1,layer_1,-0.011581842067013189
03,TGd,90,2078,taskvec_a0p25,2,layer_2,-0.016577190771517262
03,TGd,90,2078,taskvec_a0p25,3,layer_3,-0.012936358052391867
03,TGd,90,2078,taskvec_a0p25,4,layer_4,-0.00609690365169506
03,TGd,90,2078,taskvec_a0p25,5,layer_5,-0.01298255896022168
03,TGd,90,2078,taskvec_a0p25,6,layer_6,-0.014213302913398836
03,TGd,90,2078,taskvec_a0p25,7,layer_7,-0.01393983325243738
03,TGd,90,2078,taskvec_a0p25,8,layer_8,-0.012312363917540424
03,TGd,90,2078,taskvec_a0p25,9,layer_9,-0.012518593352959781
03,TGd,90,2078,taskvec_a0p25,10,layer_10,-0.01263965232170228
03,TGd,90,2078,taskvec_a0p25,11,layer_11,-0.016607462985648518
03,TGd,90,2078,taskvec_a0p25,12,layer_12,-0.018940659453485723
03,TGd,90,2078,taskvec_a0p25,13,layer_13,-0.02151695417807486
03,TGd,90,2078,taskvec_a0p25,14,layer_14,-0.022196405093407905
03,TGd,90,2078,taskvec_a0p25,15,layer_15,-0.01992604301837082
03,TGd,90,2078,taskvec_a0p25,16,layer_16,-0.01979131337789979
03,TGd,90,2078,taskvec_a0p25,17,layer_17,-0.019240002407386166
03,TGd,90,2078,taskvec_a0p25,18,layer_18,-0.017759660912347614
03,TGd,90,2078,taskvec_a0p25,19,layer_19,-0.017497935842329365
03,TGd,90,2078,taskvec_a0p25,20,layer_20,-0.016811552455838836
03,TGd,90,2078,taskvec_a0p25,21,layer_21,-0.014094047859130572
03,TGd,90,2078,taskvec_a0p25,22,layer_22,-0.013199646813832278
03,TGd,90,2078,taskvec_a0p25,23,layer_23,-0.011165247661065733
03,TGd,90,2078,taskvec_a0p25,24,layer_24,-0.010210218501713842
03,TGd,90,2078,taskvec_a0p25,25,layer_25,-0.009008288612477836
03,TGd,90,2078,taskvec_a0p25,26,layer_26,-0.009919563926194431
03,TGd,90,2078,taskvec_a0p25,27,layer_27,-0.011569282100002874
03,TGd,90,2078,taskvec_a0p25,28,layer_28,-0.013386936174664694
03,TGd,90,2078,taskvec_a0p25,29,layer_29,-0.012309117170364627
03,TGd,90,2078,taskvec_a0p25,30,layer_30,-0.012305837546628047
03,TGd,90,2078,taskvec_a0p25,31,layer_31,-0.01430650871040848
03,TGd,90,2078,taskvec_a0p25,32,layer_32,-0.012118564063680098
03,TGd,90,2078,taskvec_a0p5,0,embedding,-0.013916890477937476
03,TGd,90,2078,taskvec_a0p5,1,layer_1,-0.011227962502735738
03,TGd,90,2078,taskvec_a0p5,2,layer_2,-0.011947367592551503
03,TGd,90,2078,taskvec_a0p5,3,layer_3,-0.008971881930982606
03,TGd,90,2078,taskvec_a0p5,4,layer_4,-0.004773119031506731
03,TGd,90,2078,taskvec_a0p5,5,layer_5,-0.008840430980254953
03,TGd,90,2078,taskvec_a0p5,6,layer_6,-0.013672347312336765
03,TGd,90,2078,taskvec_a0p5,7,layer_7,-0.015035980939373044
03,TGd,90,2078,taskvec_a0p5,8,layer_8,-0.01246812204140257
03,TGd,90,2078,taskvec_a0p5,9,layer_9,-0.01118822482787771
03,TGd,90,2078,taskvec_a0p5,10,layer_10,-0.010395910360570113
03,TGd,90,2078,taskvec_a0p5,11,layer_11,-0.012936870067466308
03,TGd,90,2078,taskvec_a0p5,12,layer_12,-0.015176200218299992
03,TGd,90,2078,taskvec_a0p5,13,layer_13,-0.01976656629396621
03,TGd,90,2078,taskvec_a0p5,14,layer_14,-0.02043804240172609
03,TGd,90,2078,taskvec_a0p5,15,layer_15,-0.016401573897352705
03,TGd,90,2078,taskvec_a0p5,16,layer_16,-0.015587596204872538
03,TGd,90,2078,taskvec_a0p5,17,layer_17,-0.017469067606782386
03,TGd,90,2078,taskvec_a0p5,18,layer_18,-0.017005635496438617
03,TGd,90,2078,taskvec_a0p5,19,layer_19,-0.01736937616096406
03,TGd,90,2078,taskvec_a0p5,20,layer_20,-0.017046356105744554
03,TGd,90,2078,taskvec_a0p5,21,layer_21,-0.014691593548027999
03,TGd,90,2078,taskvec_a0p5,22,layer_22,-0.013170308219307755
03,TGd,90,2078,taskvec_a0p5,23,layer_23,-0.011114330647951566
03,TGd,90,2078,taskvec_a0p5,24,layer_24,-0.011330346650961236
03,TGd,90,2078,taskvec_a0p5,25,layer_25,-0.01034669695106007
03,TGd,90,2078,taskvec_a0p5,26,layer_26,-0.011729148859969485
03,TGd,90,2078,taskvec_a0p5,27,layer_27,-0.013648694494841006
03,TGd,90,2078,taskvec_a0p5,28,layer_28,-0.01408209255932054
03,TGd,90,2078,taskvec_a0p5,29,layer_29,-0.012377548237241843
03,TGd,90,2078,taskvec_a0p5,30,layer_30,-0.012222616510566608
03,TGd,90,2078,taskvec_a0p5,31,layer_31,-0.012782952470611994
03,TGd,90,2078,taskvec_a0p5,32,layer_32,-0.009084154825654936
03,TGd,90,2078,taskvec_a1p0,0,embedding,-0.013916890477937476
03,TGd,90,2078,taskvec_a1p0,1,layer_1,-0.012898331826680876
03,TGd,90,2078,taskvec_a1p0,2,layer_2,-0.008826675875540781
03,TGd,90,2078,taskvec_a1p0,3,layer_3,-0.007420452345200054
03,TGd,90,2078,taskvec_a1p0,4,layer_4,-0.008033719568103387
03,TGd,90,2078,taskvec_a1p0,5,layer_5,-0.00853009473954461
03,TGd,90,2078,taskvec_a1p0,6,layer_6,-0.014054868525409905
03,TGd,90,2078,taskvec_a1p0,7,layer_7,-0.01828900623068921
03,TGd,90,2078,taskvec_a1p0,8,layer_8,-0.019125784938863074
03,TGd,90,2078,taskvec_a1p0,9,layer_9,-0.016849964047145803
03,TGd,90,2078,taskvec_a1p0,10,layer_10,-0.015553889137334194
03,TGd,90,2078,taskvec_a1p0,11,layer_11,-0.01609902585237336
03,TGd,90,2078,taskvec_a1p0,12,layer_12,-0.017413128699008868
03,TGd,90,2078,taskvec_a1p0,13,layer_13,-0.021681870292101016
03,TGd,90,2078,taskvec_a1p0,14,layer_14,-0.02072028132488005
03,TGd,90,2078,taskvec_a1p0,15,layer_15,-0.016816272110297365
03,TGd,90,2078,taskvec_a1p0,16,layer_16,-0.017184931930229717
03,TGd,90,2078,taskvec_a1p0,17,layer_17,-0.01815812090624591
03,TGd,90,2078,taskvec_a1p0,18,layer_18,-0.015987860860439632
03,TGd,90,2078,taskvec_a1p0,19,layer_19,-0.016998416102568862
03,TGd,90,2078,taskvec_a1p0,20,layer_20,-0.016294798486679207
03,TGd,90,2078,taskvec_a1p0,21,layer_21,-0.013315345035181012
03,TGd,90,2078,taskvec_a1p0,22,layer_22,-0.011690613421163664
03,TGd,90,2078,taskvec_a1p0,23,layer_23,-0.010303317263102305
03,TGd,90,2078,taskvec_a1p0,24,layer_24,-0.010888835734712988
03,TGd,90,2078,taskvec_a1p0,25,layer_25,-0.010289341175596062
03,TGd,90,2078,taskvec_a1p0,26,layer_26,-0.011023639160647133
03,TGd,90,2078,taskvec_a1p0,27,layer_27,-0.015223027461972415
03,TGd,90,2078,taskvec_a1p0,28,layer_28,-0.012545428658898903
03,TGd,90,2078,taskvec_a1p0,29,layer_29,-0.010895050712291144
03,TGd,90,2078,taskvec_a1p0,30,layer_30,-0.011472945931370656
03,TGd,90,2078,taskvec_a1p0,31,layer_31,-0.010837015176573254
03,TGd,90,2078,taskvec_a1p0,32,layer_32,-0.005500359763908262
03,TGv,90,654,base,0,embedding,0.015451694270751111
03,TGv,90,654,base,1,layer_1,0.031036906870347724
03,TGv,90,654,base,2,layer_2,0.01936650580931351
03,TGv,90,654,base,3,layer_3,0.004404554665679832
03,TGv,90,654,base,4,layer_4,0.006439449208441787
03,TGv,90,654,base,5,layer_5,1.1320371229945071e-05
03,TGv,90,654,base,6,layer_6,-0.0030527491285792037
03,TGv,90,654,base,7,layer_7,-0.0021197579124733338
03,TGv,90,654,base,8,layer_8,-0.0026161992106334023
03,TGv,90,654,base,9,layer_9,-0.0006924760109589608
03,TGv,90,654,base,10,layer_10,-0.00065876483385052
03,TGv,90,654,base,11,layer_11,-0.0019689667644701386
03,TGv,90,654,base,12,layer_12,-0.005005538009963956
03,TGv,90,654,base,13,layer_13,-0.005255050371645143
03,TGv,90,654,base,14,layer_14,-0.00413286108619513
03,TGv,90,654,base,15,layer_15,-0.002023224297677786
03,TGv,90,654,base,16,layer_16,-0.0031220938276085896
03,TGv,90,654,base,17,layer_17,-0.00786829648256609
03,TGv,90,654,base,18,layer_18,-0.0033274867787144316
03,TGv,90,654,base,19,layer_19,-0.004642532211291432
03,TGv,90,654,base,20,layer_20,-0.001956457046294201
03,TGv,90,654,base,21,layer_21,0.003333137064001442
03,TGv,90,654,base,22,layer_22,0.0021806471710267704
03,TGv,90,654,base,23,layer_23,0.005557384905778047
03,TGv,90,654,base,24,layer_24,0.004163861441428237
03,TGv,90,654,base,25,layer_25,0.0035582180314520004
03,TGv,90,654,base,26,layer_26,0.003590494594999075
03,TGv,90,654,base,27,layer_27,0.0033106864825578892
03,TGv,90,654,base,28,layer_28,0.0020058184003277596
03,TGv,90,654,base,29,layer_29,0.0026701436693190635
03,TGv,90,654,base,30,layer_30,0.0017941744195060852
03,TGv,90,654,base,31,layer_31,-0.002407017422696152
03,TGv,90,654,base,32,layer_32,-0.009525272343965654
03,TGv,90,654,scrambled,0,embedding,0.015451694270751111
03,TGv,90,654,scrambled,1,layer_1,0.013630164256471988
03,TGv,90,654,scrambled,2,layer_2,0.026910126453508015
03,TGv,90,654,scrambled,3,layer_3,0.019468929185253576
03,TGv,90,654,scrambled,4,layer_4,0.025394884060817746
03,TGv,90,654,scrambled,5,layer_5,0.025093539933078376
03,TGv,90,654,scrambled,6,layer_6,0.0203058894617063
03,TGv,90,654,scrambled,7,layer_7,0.021909993462215692
03,TGv,90,654,scrambled,8,layer_8,0.014942964929782457
03,TGv,90,654,scrambled,9,layer_9,0.011394554013771256
03,TGv,90,654,scrambled,10,layer_10,0.010350433297473411
03,TGv,90,654,scrambled,11,layer_11,0.008996921167990408
03,TGv,90,654,scrambled,12,layer_12,0.008941133753914584
03,TGv,90,654,scrambled,13,layer_13,0.008381017469070783
03,TGv,90,654,scrambled,14,layer_14,0.00887637458791963
03,TGv,90,654,scrambled,15,layer_15,0.012120106833654491
03,TGv,90,654,scrambled,16,layer_16,0.006321717870686553
03,TGv,90,654,scrambled,17,layer_17,0.008945549300185885
03,TGv,90,654,scrambled,18,layer_18,0.013969865617113848
03,TGv,90,654,scrambled,19,layer_19,0.008112900336362895
03,TGv,90,654,scrambled,20,layer_20,0.009907524753794677
03,TGv,90,654,scrambled,21,layer_21,0.01751181049817365
03,TGv,90,654,scrambled,22,layer_22,0.01683133760747677
03,TGv,90,654,scrambled,23,layer_23,0.017913363503966363
03,TGv,90,654,scrambled,24,layer_24,0.017473538632250006
03,TGv,90,654,scrambled,25,layer_25,0.015402964801900107
03,TGv,90,654,scrambled,26,layer_26,0.013543453074605784
03,TGv,90,654,scrambled,27,layer_27,0.011193925548797735
03,TGv,90,654,scrambled,28,layer_28,0.012697663386798223
03,TGv,90,654,scrambled,29,layer_29,0.017128436362506605
03,TGv,90,654,scrambled,30,layer_30,0.014575741778196524
03,TGv,90,654,scrambled,31,layer_31,0.014837100722878797
03,TGv,90,654,scrambled,32,layer_32,0.00653541644975842
03,TGv,90,654,lowLR,0,embedding,0.015451694270751111
03,TGv,90,654,lowLR,1,layer_1,0.029207257147369454
03,TGv,90,654,lowLR,2,layer_2,0.021665160219687982
03,TGv,90,654,lowLR,3,layer_3,0.0074180471259010766
03,TGv,90,654,lowLR,4,layer_4,0.006147434552018688
03,TGv,90,654,lowLR,5,layer_5,-0.001640962174319442
03,TGv,90,654,lowLR,6,layer_6,-0.0042479794845628124
03,TGv,90,654,lowLR,7,layer_7,-0.0016683664689184502
03,TGv,90,654,lowLR,8,layer_8,-0.0034681117842892037
03,TGv,90,654,lowLR,9,layer_9,-0.0023908010590907593
03,TGv,90,654,lowLR,10,layer_10,-0.0014607313737270487
03,TGv,90,654,lowLR,11,layer_11,-0.002943998509077857
03,TGv,90,654,lowLR,12,layer_12,-0.0031391068874170066
03,TGv,90,654,lowLR,13,layer_13,-0.003192057390534955
03,TGv,90,654,lowLR,14,layer_14,0.0016931464294128165
03,TGv,90,654,lowLR,15,layer_15,0.004475669655428108
03,TGv,90,654,lowLR,16,layer_16,0.005032230788540145
03,TGv,90,654,lowLR,17,layer_17,0.0034514850240699667
03,TGv,90,654,lowLR,18,layer_18,0.009379924695154099
03,TGv,90,654,lowLR,19,layer_19,0.005823547751105853
03,TGv,90,654,lowLR,20,layer_20,0.007982822355645146
03,TGv,90,654,lowLR,21,layer_21,0.014181826968826245
03,TGv,90,654,lowLR,22,layer_22,0.01163221867165951
03,TGv,90,654,lowLR,23,layer_23,0.01330066154122205
03,TGv,90,654,lowLR,24,layer_24,0.010616407662972647
03,TGv,90,654,lowLR,25,layer_25,0.008935308998697064
03,TGv,90,654,lowLR,26,layer_26,0.00819876999035228
03,TGv,90,654,lowLR,27,layer_27,0.008193144736083138
03,TGv,90,654,lowLR,28,layer_28,0.005815421263036358
03,TGv,90,654,lowLR,29,layer_29,0.005988901907944692
03,TGv,90,654,lowLR,30,layer_30,0.005291207303357617
03,TGv,90,654,lowLR,31,layer_31,0.0037387889923692964
03,TGv,90,654,lowLR,32,layer_32,-0.0042647299054822604
03,TGv,90,654,lowrank,0,embedding,0.015451694270751111
03,TGv,90,654,lowrank,1,layer_1,0.02467602535702633
03,TGv,90,654,lowrank,2,layer_2,0.023936689973028728
03,TGv,90,654,lowrank,3,layer_3,0.00830652123712533
03,TGv,90,654,lowrank,4,layer_4,0.006221394485066393
03,TGv,90,654,lowrank,5,layer_5,-0.00017116060578956124
03,TGv,90,654,lowrank,6,layer_6,-0.004995852126841037
03,TGv,90,654,lowrank,7,layer_7,-0.0027516257968332666
03,TGv,90,654,lowrank,8,layer_8,-0.0049796409935975875
03,TGv,90,654,lowrank,9,layer_9,-0.0024827302741891534
03,TGv,90,654,lowrank,10,layer_10,-0.002623762874398158
03,TGv,90,654,lowrank,11,layer_11,-0.0035879442331561906
03,TGv,90,654,lowrank,12,layer_12,-0.0015446093806081916
03,TGv,90,654,lowrank,13,layer_13,-0.0027316439462265665
03,TGv,90,654,lowrank,14,layer_14,0.0025611427396390403
03,TGv,90,654,lowrank,15,layer_15,0.005582686781674817
03,TGv,90,654,lowrank,16,layer_16,0.007464554757099087
03,TGv,90,654,lowrank,17,layer_17,0.004935725380339359
03,TGv,90,654,lowrank,18,layer_18,0.009640546532399765
03,TGv,90,654,lowrank,19,layer_19,0.00608907155828347
03,TGv,90,654,lowrank,20,layer_20,0.008514598111102232
03,TGv,90,654,lowrank,21,layer_21,0.012072413404684661
03,TGv,90,654,lowrank,22,layer_22,0.010090973721370824
03,TGv,90,654,lowrank,23,layer_23,0.0114133416606673
03,TGv,90,654,lowrank,24,layer_24,0.009097652335043442
03,TGv,90,654,lowrank,25,layer_25,0.006631161213893857
03,TGv,90,654,lowrank,26,layer_26,0.007067175393337836
03,TGv,90,654,lowrank,27,layer_27,0.007811494378273423
03,TGv,90,654,lowrank,28,layer_28,0.006130556360828929
03,TGv,90,654,lowrank,29,layer_29,0.00632265914903756
03,TGv,90,654,lowrank,30,layer_30,0.0052500120387054035
03,TGv,90,654,lowrank,31,layer_31,0.0030762958444469886
03,TGv,90,654,lowrank,32,layer_32,-0.005170789240751712
03,TGv,90,654,taskvec_a0p25,0,embedding,0.015451694270751111
03,TGv,90,654,taskvec_a0p25,1,layer_1,0.030692839091477096
03,TGv,90,654,taskvec_a0p25,2,layer_2,0.020282409432953282
03,TGv,90,654,taskvec_a0p25,3,layer_3,0.006481090174650958
03,TGv,90,654,taskvec_a0p25,4,layer_4,0.011150231478727499
03,TGv,90,654,taskvec_a0p25,5,layer_5,0.0012140127725177117
03,TGv,90,654,taskvec_a0p25,6,layer_6,-0.002538403180698165
03,TGv,90,654,taskvec_a0p25,7,layer_7,-0.0026662946833253174
03,TGv,90,654,taskvec_a0p25,8,layer_8,-0.00518485741998787
03,TGv,90,654,taskvec_a0p25,9,layer_9,-0.0016838799092385006
03,TGv,90,654,taskvec_a0p25,10,layer_10,-0.0021126653548806835
03,TGv,90,654,taskvec_a0p25,11,layer_11,-0.003942513644814127
03,TGv,90,654,taskvec_a0p25,12,layer_12,-0.004488139959090837
03,TGv,90,654,taskvec_a0p25,13,layer_13,-0.004371266961090092
03,TGv,90,654,taskvec_a0p25,14,layer_14,0.002347915266739278
03,TGv,90,654,taskvec_a0p25,15,layer_15,0.004585029798894396
03,TGv,90,654,taskvec_a0p25,16,layer_16,0.004200613513610311
03,TGv,90,654,taskvec_a0p25,17,layer_17,0.000456809164534094
03,TGv,90,654,taskvec_a0p25,18,layer_18,0.00617470939515962
03,TGv,90,654,taskvec_a0p25,19,layer_19,0.0038137654836202526
03,TGv,90,654,taskvec_a0p25,20,layer_20,0.0061493455021141025
03,TGv,90,654,taskvec_a0p25,21,layer_21,0.010241777198084312
03,TGv,90,654,taskvec_a0p25,22,layer_22,0.008677737209658429
03,TGv,90,654,taskvec_a0p25,23,layer_23,0.010541020214711925
03,TGv,90,654,taskvec_a0p25,24,layer_24,0.008171910026992572
03,TGv,90,654,taskvec_a0p25,25,layer_25,0.006636872208739127
03,TGv,90,654,taskvec_a0p25,26,layer_26,0.006217301540047759
03,TGv,90,654,taskvec_a0p25,27,layer_27,0.005787508502537083
03,TGv,90,654,taskvec_a0p25,28,layer_28,0.003314808381365849
03,TGv,90,654,taskvec_a0p25,29,layer_29,0.0039052385364378053
03,TGv,90,654,taskvec_a0p25,30,layer_30,0.0024683863801591706
03,TGv,90,654,taskvec_a0p25,31,layer_31,-0.00021558337735757004
03,TGv,90,654,taskvec_a0p25,32,layer_32,-0.006433516483609883
03,TGv,90,654,taskvec_a0p5,0,embedding,0.015451694270751111
03,TGv,90,654,taskvec_a0p5,1,layer_1,0.02731198543547436
03,TGv,90,654,taskvec_a0p5,2,layer_2,0.024310402509396156
03,TGv,90,654,taskvec_a0p5,3,layer_3,0.013236057604897605
03,TGv,90,654,taskvec_a0p5,4,layer_4,0.015384377403147003
03,TGv,90,654,taskvec_a0p5,5,layer_5,0.003894745309589336
03,TGv,90,654,taskvec_a0p5,6,layer_6,0.000428608173732061
03,TGv,90,654,taskvec_a0p5,7,layer_7,0.00011002701461395444
03,TGv,90,654,taskvec_a0p5,8,layer_8,-0.0006524682252663314
03,TGv,90,654,taskvec_a0p5,9,layer_9,0.0018440739404237975
03,TGv,90,654,taskvec_a0p5,10,layer_10,0.003567476892882044
03,TGv,90,654,taskvec_a0p5,11,layer_11,0.002393564184585518
03,TGv,90,654,taskvec_a0p5,12,layer_12,0.002224997838319429
03,TGv,90,654,taskvec_a0p5,13,layer_13,0.0011863594753305131
03,TGv,90,654,taskvec_a0p5,14,layer_14,0.008388095829966732
03,TGv,90,654,taskvec_a0p5,15,layer_15,0.011914405477992681
03,TGv,90,654,taskvec_a0p5,16,layer_16,0.012018170254972356
03,TGv,90,654,taskvec_a0p5,17,layer_17,0.00968417783812669
03,TGv,90,654,taskvec_a0p5,18,layer_18,0.01522611486990761
03,TGv,90,654,taskvec_a0p5,19,layer_19,0.01168984735993773
03,TGv,90,654,taskvec_a0p5,20,layer_20,0.013259310486503407
03,TGv,90,654,taskvec_a0p5,21,layer_21,0.017166301194191942
03,TGv,90,654,taskvec_a0p5,22,layer_22,0.015572574605373722
03,TGv,90,654,taskvec_a0p5,23,layer_23,0.0173475939450573
03,TGv,90,654,taskvec_a0p5,24,layer_24,0.01476576194835884
03,TGv,90,654,taskvec_a0p5,25,layer_25,0.012303378342521876
03,TGv,90,654,taskvec_a0p5,26,layer_26,0.011412804614574994
03,TGv,90,654,taskvec_a0p5,27,layer_27,0.010537945135487026
03,TGv,90,654,taskvec_a0p5,28,layer_28,0.009952607298161999
03,TGv,90,654,taskvec_a0p5,29,layer_29,0.011577131565688058
03,TGv,90,654,taskvec_a0p5,30,layer_30,0.009531042740778699
03,TGv,90,654,taskvec_a0p5,31,layer_31,0.010301158244411903
03,TGv,90,654,taskvec_a0p5,32,layer_32,0.004929426716970121
03,TGv,90,654,taskvec_a1p0,0,embedding,0.015451694270751111
03,TGv,90,654,taskvec_a1p0,1,layer_1,0.01664577800205819
03,TGv,90,654,taskvec_a1p0,2,layer_2,0.025822023810434455
03,TGv,90,654,taskvec_a1p0,3,layer_3,0.022039669639057076
03,TGv,90,654,taskvec_a1p0,4,layer_4,0.02077881542617024
03,TGv,90,654,taskvec_a1p0,5,layer_5,0.013320337042057833
03,TGv,90,654,taskvec_a1p0,6,layer_6,0.012203594431376355
03,TGv,90,654,taskvec_a1p0,7,layer_7,0.009515554518275158
03,TGv,90,654,taskvec_a1p0,8,layer_8,0.010343434512798446
03,TGv,90,654,taskvec_a1p0,9,layer_9,0.008445173275455943
03,TGv,90,654,taskvec_a1p0,10,layer_10,0.010763069627020892
03,TGv,90,654,taskvec_a1p0,11,layer_11,0.010166907368857255
03,TGv,90,654,taskvec_a1p0,12,layer_12,0.01032643807806906
03,TGv,90,654,taskvec_a1p0,13,layer_13,0.010110786519207595
03,TGv,90,654,taskvec_a1p0,14,layer_14,0.015023086602795692
03,TGv,90,654,taskvec_a1p0,15,layer_15,0.020616103909702838
03,TGv,90,654,taskvec_a1p0,16,layer_16,0.02033305558803828
03,TGv,90,654,taskvec_a1p0,17,layer_17,0.018571001755214204
03,TGv,90,654,taskvec_a1p0,18,layer_18,0.026196386032474598
03,TGv,90,654,taskvec_a1p0,19,layer_19,0.02245898084443637
03,TGv,90,654,taskvec_a1p0,20,layer_20,0.02467101018711805
03,TGv,90,654,taskvec_a1p0,21,layer_21,0.030468067649374344
03,TGv,90,654,taskvec_a1p0,22,layer_22,0.029141253528829472
03,TGv,90,654,taskvec_a1p0,23,layer_23,0.03047206215150928
03,TGv,90,654,taskvec_a1p0,24,layer_24,0.028621504056665924
03,TGv,90,654,taskvec_a1p0,25,layer_25,0.025828026211159382
03,TGv,90,654,taskvec_a1p0,26,layer_26,0.023809192241936384
03,TGv,90,654,taskvec_a1p0,27,layer_27,0.022009026069227906
03,TGv,90,654,taskvec_a1p0,28,layer_28,0.024973254871104727
03,TGv,90,654,taskvec_a1p0,29,layer_29,0.02687169730312881
03,TGv,90,654,taskvec_a1p0,30,layer_30,0.02197138035234823
03,TGv,90,654,taskvec_a1p0,31,layer_31,0.024224872642134392
03,TGv,90,654,taskvec_a1p0,32,layer_32,0.014690854012209058
03,TE1a,90,608,base,0,embedding,-0.00547292663411082
03,TE1a,90,608,base,1,layer_1,0.011012025889148408
03,TE1a,90,608,base,2,layer_2,0.012286194922353047
03,TE1a,90,608,base,3,layer_3,0.005572276119825582
03,TE1a,90,608,base,4,layer_4,0.015598177600679467
03,TE1a,90,608,base,5,layer_5,0.014495947563200615
03,TE1a,90,608,base,6,layer_6,0.01574422126122665
03,TE1a,90,608,base,7,layer_7,0.02667590019820102
03,TE1a,90,608,base,8,layer_8,0.030269084880426296
03,TE1a,90,608,base,9,layer_9,0.025836904190160825
03,TE1a,90,608,base,10,layer_10,0.02620922003309097
03,TE1a,90,608,base,11,layer_11,0.022962582134498418
03,TE1a,90,608,base,12,layer_12,0.02042928565504253
03,TE1a,90,608,base,13,layer_13,0.018964096144954073
03,TE1a,90,608,base,14,layer_14,0.016212891018659897
03,TE1a,90,608,base,15,layer_15,0.01649780732673248
03,TE1a,90,608,base,16,layer_16,0.014780257709683796
03,TE1a,90,608,base,17,layer_17,0.007130789670463306
03,TE1a,90,608,base,18,layer_18,0.008152899716116688
03,TE1a,90,608,base,19,layer_19,0.007225625098815314
03,TE1a,90,608,base,20,layer_20,0.006934064363089366
03,TE1a,90,608,base,21,layer_21,0.005812789830583366
03,TE1a,90,608,base,22,layer_22,0.007469278147530433
03,TE1a,90,608,base,23,layer_23,0.0038439069387029468
03,TE1a,90,608,base,24,layer_24,0.004937857313226843
03,TE1a,90,608,base,25,layer_25,0.005078210900376529
03,TE1a,90,608,base,26,layer_26,0.0036521379596654332
03,TE1a,90,608,base,27,layer_27,0.005855754265162625
03,TE1a,90,608,base,28,layer_28,0.005213343839113051
03,TE1a,90,608,base,29,layer_29,0.00468537746833786
03,TE1a,90,608,base,30,layer_30,0.003505005823438288
03,TE1a,90,608,base,31,layer_31,0.006264445781013627
03,TE1a,90,608,base,32,layer_32,0.0008778839358812098
03,TE1a,90,608,scrambled,0,embedding,-0.00547292663411082
03,TE1a,90,608,scrambled,1,layer_1,0.005377884301072553
03,TE1a,90,608,scrambled,2,layer_2,0.0027592666084366737
03,TE1a,90,608,scrambled,3,layer_3,0.002482543849145632
03,TE1a,90,608,scrambled,4,layer_4,0.006907811868909549
03,TE1a,90,608,scrambled,5,layer_5,0.010612359549627805
03,TE1a,90,608,scrambled,6,layer_6,0.01069935261064298
03,TE1a,90,608,scrambled,7,layer_7,0.00997927187014343
03,TE1a,90,608,scrambled,8,layer_8,0.015185035980808616
03,TE1a,90,608,scrambled,9,layer_9,0.01573172928892159
03,TE1a,90,608,scrambled,10,layer_10,0.016470836218181493
03,TE1a,90,608,scrambled,11,layer_11,0.015528651520169861
03,TE1a,90,608,scrambled,12,layer_12,0.014793509205262362
03,TE1a,90,608,scrambled,13,layer_13,0.013339786329739601
03,TE1a,90,608,scrambled,14,layer_14,0.013361783924479207
03,TE1a,90,608,scrambled,15,layer_15,0.018738847432324072
03,TE1a,90,608,scrambled,16,layer_16,0.00905786067537822
03,TE1a,90,608,scrambled,17,layer_17,-0.003216736479763288
03,TE1a,90,608,scrambled,18,layer_18,-0.00250808949726865
03,TE1a,90,608,scrambled,19,layer_19,-0.0050068127238887955
03,TE1a,90,608,scrambled,20,layer_20,-0.006208518828353122
03,TE1a,90,608,scrambled,21,layer_21,-0.002032354081247034
03,TE1a,90,608,scrambled,22,layer_22,0.0012559167512131324
03,TE1a,90,608,scrambled,23,layer_23,0.0007156016826903756
03,TE1a,90,608,scrambled,24,layer_24,0.0004246773699336429
03,TE1a,90,608,scrambled,25,layer_25,0.003264948274961346
03,TE1a,90,608,scrambled,26,layer_26,0.004621262384056395
03,TE1a,90,608,scrambled,27,layer_27,0.00561897596682498
03,TE1a,90,608,scrambled,28,layer_28,0.007658487424793024
03,TE1a,90,608,scrambled,29,layer_29,0.009321070981389493
03,TE1a,90,608,scrambled,30,layer_30,0.01076425299641038
03,TE1a,90,608,scrambled,31,layer_31,0.010720298342236223
03,TE1a,90,608,scrambled,32,layer_32,0.014900741338612624
03,TE1a,90,608,lowLR,0,embedding,-0.00547292663411082
03,TE1a,90,608,lowLR,1,layer_1,0.006996309966573673
03,TE1a,90,608,lowLR,2,layer_2,0.007683501257185675
03,TE1a,90,608,lowLR,3,layer_3,-6.63277141817758e-05
03,TE1a,90,608,lowLR,4,layer_4,0.011650238202544575
03,TE1a,90,608,lowLR,5,layer_5,0.011079634481610172
03,TE1a,90,608,lowLR,6,layer_6,0.007937173811396187
03,TE1a,90,608,lowLR,7,layer_7,0.012460821576922706
03,TE1a,90,608,lowLR,8,layer_8,0.014799851205916266
03,TE1a,90,608,lowLR,9,layer_9,0.010764172859793475
03,TE1a,90,608,lowLR,10,layer_10,0.011359864945778212
03,TE1a,90,608,lowLR,11,layer_11,0.008636109506152756
03,TE1a,90,608,lowLR,12,layer_12,0.010305974473767727
03,TE1a,90,608,lowLR,13,layer_13,0.00997156792059943
03,TE1a,90,608,lowLR,14,layer_14,0.010399704427763464
03,TE1a,90,608,lowLR,15,layer_15,0.012031053196832618
03,TE1a,90,608,lowLR,16,layer_16,0.011742318350944738
03,TE1a,90,608,lowLR,17,layer_17,0.004531930977655649
03,TE1a,90,608,lowLR,18,layer_18,0.007982662642807257
03,TE1a,90,608,lowLR,19,layer_19,0.007949797289944374
03,TE1a,90,608,lowLR,20,layer_20,0.007979281400610081
03,TE1a,90,608,lowLR,21,layer_21,0.006370683771997533
03,TE1a,90,608,lowLR,22,layer_22,0.008758751966973342
03,TE1a,90,608,lowLR,23,layer_23,0.005476117596700767
03,TE1a,90,608,lowLR,24,layer_24,0.005479799397910995
03,TE1a,90,608,lowLR,25,layer_25,0.004452388754026186
03,TE1a,90,608,lowLR,26,layer_26,0.004138052967617609
03,TE1a,90,608,lowLR,27,layer_27,0.007250618383357478
03,TE1a,90,608,lowLR,28,layer_28,0.006259658131849844
03,TE1a,90,608,lowLR,29,layer_29,0.006281451929272334
03,TE1a,90,608,lowLR,30,layer_30,0.006463646170378208
03,TE1a,90,608,lowLR,31,layer_31,0.009251065015171665
03,TE1a,90,608,lowLR,32,layer_32,0.0046766885295609064
03,TE1a,90,608,lowrank,0,embedding,-0.00547292663411082
03,TE1a,90,608,lowrank,1,layer_1,0.0032358349595976305
03,TE1a,90,608,lowrank,2,layer_2,0.001676963315965487
03,TE1a,90,608,lowrank,3,layer_3,-0.0025777648298922567
03,TE1a,90,608,lowrank,4,layer_4,0.01120310091123534
03,TE1a,90,608,lowrank,5,layer_5,0.012656574970968549
03,TE1a,90,608,lowrank,6,layer_6,0.009877315304006727
03,TE1a,90,608,lowrank,7,layer_7,0.01478786695231691
03,TE1a,90,608,lowrank,8,layer_8,0.01694492892695589
03,TE1a,90,608,lowrank,9,layer_9,0.012368925798781015
03,TE1a,90,608,lowrank,10,layer_10,0.009272879734041922
03,TE1a,90,608,lowrank,11,layer_11,0.006374618685366048
03,TE1a,90,608,lowrank,12,layer_12,0.0068385217150832775
03,TE1a,90,608,lowrank,13,layer_13,0.00724274949061365
03,TE1a,90,608,lowrank,14,layer_14,0.00855558285368626
03,TE1a,90,608,lowrank,15,layer_15,0.010143105486046132
03,TE1a,90,608,lowrank,16,layer_16,0.010178726118860863
03,TE1a,90,608,lowrank,17,layer_17,0.0038371192364920876
03,TE1a,90,608,lowrank,18,layer_18,0.007467080461521384
03,TE1a,90,608,lowrank,19,layer_19,0.00916838420077943
03,TE1a,90,608,lowrank,20,layer_20,0.008098015660267788
03,TE1a,90,608,lowrank,21,layer_21,0.006365327507771147
03,TE1a,90,608,lowrank,22,layer_22,0.0082627397452912
03,TE1a,90,608,lowrank,23,layer_23,0.003968229653297557
03,TE1a,90,608,lowrank,24,layer_24,0.00371935689016248
03,TE1a,90,608,lowrank,25,layer_25,0.0019064590824927846
03,TE1a,90,608,lowrank,26,layer_26,0.002809699813071161
03,TE1a,90,608,lowrank,27,layer_27,0.006869191623520805
03,TE1a,90,608,lowrank,28,layer_28,0.005540066990587839
03,TE1a,90,608,lowrank,29,layer_29,0.0048000301776940195
03,TE1a,90,608,lowrank,30,layer_30,0.0038129224613543083
03,TE1a,90,608,lowrank,31,layer_31,0.00680577199057905
03,TE1a,90,608,lowrank,32,layer_32,0.0055199924878553
03,TE1a,90,608,taskvec_a0p25,0,embedding,-0.00547292663411082
03,TE1a,90,608,taskvec_a0p25,1,layer_1,0.008600962407892463
03,TE1a,90,608,taskvec_a0p25,2,layer_2,0.006305510847013201
03,TE1a,90,608,taskvec_a0p25,3,layer_3,0.0013546304929454925
03,TE1a,90,608,taskvec_a0p25,4,layer_4,0.014695188487870254
03,TE1a,90,608,taskvec_a0p25,5,layer_5,0.01434680510000115
03,TE1a,90,608,taskvec_a0p25,6,layer_6,0.013866904261088265
03,TE1a,90,608,taskvec_a0p25,7,layer_7,0.013509695758233065
03,TE1a,90,608,taskvec_a0p25,8,layer_8,0.014857103868530548
03,TE1a,90,608,taskvec_a0p25,9,layer_9,0.010711093465613372
03,TE1a,90,608,taskvec_a0p25,10,layer_10,0.012018991234998685
03,TE1a,90,608,taskvec_a0p25,11,layer_11,0.009127999081832379
03,TE1a,90,608,taskvec_a0p25,12,layer_12,0.009905530491505462
03,TE1a,90,608,taskvec_a0p25,13,layer_13,0.007175154908049948
03,TE1a,90,608,taskvec_a0p25,14,layer_14,0.007166827424642948
03,TE1a,90,608,taskvec_a0p25,15,layer_15,0.010921194676460654
03,TE1a,90,608,taskvec_a0p25,16,layer_16,0.007339813987146359
03,TE1a,90,608,taskvec_a0p25,17,layer_17,0.000863526592349089
03,TE1a,90,608,taskvec_a0p25,18,layer_18,0.0036703614746662534
03,TE1a,90,608,taskvec_a0p25,19,layer_19,0.008316499646919748
03,TE1a,90,608,taskvec_a0p25,20,layer_20,0.008182429032053472
03,TE1a,90,608,taskvec_a0p25,21,layer_21,0.008171738172243034
03,TE1a,90,608,taskvec_a0p25,22,layer_22,0.01000426496788695
03,TE1a,90,608,taskvec_a0p25,23,layer_23,0.006418699802220028
03,TE1a,90,608,taskvec_a0p25,24,layer_24,0.005980267701169495
03,TE1a,90,608,taskvec_a0p25,25,layer_25,0.006223038499904101
03,TE1a,90,608,taskvec_a0p25,26,layer_26,0.004733977057514224
03,TE1a,90,608,taskvec_a0p25,27,layer_27,0.0074170587742925865
03,TE1a,90,608,taskvec_a0p25,28,layer_28,0.005838092266876058
03,TE1a,90,608,taskvec_a0p25,29,layer_29,0.004621231562280663
03,TE1a,90,608,taskvec_a0p25,30,layer_30,0.004378977074989236
03,TE1a,90,608,taskvec_a0p25,31,layer_31,0.0079830070995009
03,TE1a,90,608,taskvec_a0p25,32,layer_32,0.006331870937210119
03,TE1a,90,608,taskvec_a0p5,0,embedding,-0.00547292663411082
03,TE1a,90,608,taskvec_a0p5,1,layer_1,0.005770624707388102
03,TE1a,90,608,taskvec_a0p5,2,layer_2,0.0035541603913764775
03,TE1a,90,608,taskvec_a0p5,3,layer_3,-0.0006122317980373594
03,TE1a,90,608,taskvec_a0p5,4,layer_4,0.011251827897084732
03,TE1a,90,608,taskvec_a0p5,5,layer_5,0.013254313622861925
03,TE1a,90,608,taskvec_a0p5,6,layer_6,0.011903092018312446
03,TE1a,90,608,taskvec_a0p5,7,layer_7,0.008791924977197631
03,TE1a,90,608,taskvec_a0p5,8,layer_8,0.011150314230525375
03,TE1a,90,608,taskvec_a0p5,9,layer_9,0.009418310321449996
03,TE1a,90,608,taskvec_a0p5,10,layer_10,0.010059820564849538
03,TE1a,90,608,taskvec_a0p5,11,layer_11,0.007081430558013437
03,TE1a,90,608,taskvec_a0p5,12,layer_12,0.009470707153396603
03,TE1a,90,608,taskvec_a0p5,13,layer_13,0.005592339227841032
03,TE1a,90,608,taskvec_a0p5,14,layer_14,0.006770628815090213
03,TE1a,90,608,taskvec_a0p5,15,layer_15,0.010590781504635443
03,TE1a,90,608,taskvec_a0p5,16,layer_16,0.00912806502175258
03,TE1a,90,608,taskvec_a0p5,17,layer_17,0.0031363176101125356
03,TE1a,90,608,taskvec_a0p5,18,layer_18,0.004791152759088496
03,TE1a,90,608,taskvec_a0p5,19,layer_19,0.009853692561092137
03,TE1a,90,608,taskvec_a0p5,20,layer_20,0.010000417849879614
03,TE1a,90,608,taskvec_a0p5,21,layer_21,0.01122552982403656
03,TE1a,90,608,taskvec_a0p5,22,layer_22,0.013660771587364843
03,TE1a,90,608,taskvec_a0p5,23,layer_23,0.010415708774911544
03,TE1a,90,608,taskvec_a0p5,24,layer_24,0.008644669927464836
03,TE1a,90,608,taskvec_a0p5,25,layer_25,0.008042424011167525
03,TE1a,90,608,taskvec_a0p5,26,layer_26,0.006274747912852554
03,TE1a,90,608,taskvec_a0p5,27,layer_27,0.008575696770932008
03,TE1a,90,608,taskvec_a0p5,28,layer_28,0.007946604340777126
03,TE1a,90,608,taskvec_a0p5,29,layer_29,0.007779270305144415
03,TE1a,90,608,taskvec_a0p5,30,layer_30,0.008494196523949647
03,TE1a,90,608,taskvec_a0p5,31,layer_31,0.012795523085144834
03,TE1a,90,608,taskvec_a0p5,32,layer_32,0.015689230730152496
03,TE1a,90,608,taskvec_a1p0,0,embedding,-0.00547292663411082
03,TE1a,90,608,taskvec_a1p0,1,layer_1,-0.0015879031411911867
03,TE1a,90,608,taskvec_a1p0,2,layer_2,-0.00023527232769549072
03,TE1a,90,608,taskvec_a1p0,3,layer_3,-0.006507493975729824
03,TE1a,90,608,taskvec_a1p0,4,layer_4,-0.0017685411628205303
03,TE1a,90,608,taskvec_a1p0,5,layer_5,0.007262812411830458
03,TE1a,90,608,taskvec_a1p0,6,layer_6,0.004862214324425502
03,TE1a,90,608,taskvec_a1p0,7,layer_7,0.0020660172511047887
03,TE1a,90,608,taskvec_a1p0,8,layer_8,0.003914386626273852
03,TE1a,90,608,taskvec_a1p0,9,layer_9,0.006553176890928691
03,TE1a,90,608,taskvec_a1p0,10,layer_10,0.007102662838721672
03,TE1a,90,608,taskvec_a1p0,11,layer_11,0.005632873972499367
03,TE1a,90,608,taskvec_a1p0,12,layer_12,0.009476382282902839
03,TE1a,90,608,taskvec_a1p0,13,layer_13,0.0071230586351163925
03,TE1a,90,608,taskvec_a1p0,14,layer_14,0.007153048222904114
03,TE1a,90,608,taskvec_a1p0,15,layer_15,0.00963164314878317
03,TE1a,90,608,taskvec_a1p0,16,layer_16,0.013576473843937816
03,TE1a,90,608,taskvec_a1p0,17,layer_17,0.011465896897861311
03,TE1a,90,608,taskvec_a1p0,18,layer_18,0.012668664018605398
03,TE1a,90,608,taskvec_a1p0,19,layer_19,0.01690966246436412
03,TE1a,90,608,taskvec_a1p0,20,layer_20,0.016142464942298897
03,TE1a,90,608,taskvec_a1p0,21,layer_21,0.018376924692170924
03,TE1a,90,608,taskvec_a1p0,22,layer_22,0.02073713149627368
03,TE1a,90,608,taskvec_a1p0,23,layer_23,0.019258453443131485
03,TE1a,90,608,taskvec_a1p0,24,layer_24,0.016790320735526526
03,TE1a,90,608,taskvec_a1p0,25,layer_25,0.015159817043508361
03,TE1a,90,608,taskvec_a1p0,26,layer_26,0.012941555911370854
03,TE1a,90,608,taskvec_a1p0,27,layer_27,0.012307760265037833
03,TE1a,90,608,taskvec_a1p0,28,layer_28,0.013835951165911284
03,TE1a,90,608,taskvec_a1p0,29,layer_29,0.015811792493960256
03,TE1a,90,608,taskvec_a1p0,30,layer_30,0.01778766016061758
03,TE1a,90,608,taskvec_a1p0,31,layer_31,0.021236958332999666
03,TE1a,90,608,taskvec_a1p0,32,layer_32,0.029337482325416157
03,TE1m,90,457,base,0,embedding,0.000671606227565999
03,TE1m,90,457,base,1,layer_1,0.02554424395763511
03,TE1m,90,457,base,2,layer_2,0.021767892747378576
03,TE1m,90,457,base,3,layer_3,0.025992903657866887
03,TE1m,90,457,base,4,layer_4,0.02519869038237553
03,TE1m,90,457,base,5,layer_5,0.015899264506690446
03,TE1m,90,457,base,6,layer_6,0.020853187063422273
03,TE1m,90,457,base,7,layer_7,0.021929872013174027
03,TE1m,90,457,base,8,layer_8,0.025162636189915502
03,TE1m,90,457,base,9,layer_9,0.025224530425156454
03,TE1m,90,457,base,10,layer_10,0.02533772759950348
03,TE1m,90,457,base,11,layer_11,0.0234791431406621
03,TE1m,90,457,base,12,layer_12,0.02303540166184402
03,TE1m,90,457,base,13,layer_13,0.020850849465231264
03,TE1m,90,457,base,14,layer_14,0.02037160186116527
03,TE1m,90,457,base,15,layer_15,0.018260256799077782
03,TE1m,90,457,base,16,layer_16,0.014133240081957456
03,TE1m,90,457,base,17,layer_17,0.012649497170468524
03,TE1m,90,457,base,18,layer_18,0.01194477053104842
03,TE1m,90,457,base,19,layer_19,0.01536730288658576
03,TE1m,90,457,base,20,layer_20,0.017268920335107574
03,TE1m,90,457,base,21,layer_21,0.0190578191874001
03,TE1m,90,457,base,22,layer_22,0.017455016986618464
03,TE1m,90,457,base,23,layer_23,0.014271981410038371
03,TE1m,90,457,base,24,layer_24,0.016687411122724444
03,TE1m,90,457,base,25,layer_25,0.017268952090876505
03,TE1m,90,457,base,26,layer_26,0.015653550321772708
03,TE1m,90,457,base,27,layer_27,0.016283237145202623
03,TE1m,90,457,base,28,layer_28,0.014645862438779805
03,TE1m,90,457,base,29,layer_29,0.013865028989533247
03,TE1m,90,457,base,30,layer_30,0.01388348282725818
03,TE1m,90,457,base,31,layer_31,0.020055683329873168
03,TE1m,90,457,base,32,layer_32,0.01864707176570842
03,TE1m,90,457,scrambled,0,embedding,0.000671606227565999
03,TE1m,90,457,scrambled,1,layer_1,0.01719397970919565
03,TE1m,90,457,scrambled,2,layer_2,0.03168789714476802
03,TE1m,90,457,scrambled,3,layer_3,0.03479822508638834
03,TE1m,90,457,scrambled,4,layer_4,0.03427920805169538
03,TE1m,90,457,scrambled,5,layer_5,0.021016535002858886
03,TE1m,90,457,scrambled,6,layer_6,0.022711272769892706
03,TE1m,90,457,scrambled,7,layer_7,0.019947756118780482
03,TE1m,90,457,scrambled,8,layer_8,0.023914716848911065
03,TE1m,90,457,scrambled,9,layer_9,0.023959444849458146
03,TE1m,90,457,scrambled,10,layer_10,0.024785133322327534
03,TE1m,90,457,scrambled,11,layer_11,0.026471105002745746
03,TE1m,90,457,scrambled,12,layer_12,0.026724668466550028
03,TE1m,90,457,scrambled,13,layer_13,0.023554196592953068
03,TE1m,90,457,scrambled,14,layer_14,0.02699784223846445
03,TE1m,90,457,scrambled,15,layer_15,0.023276869166461746
03,TE1m,90,457,scrambled,16,layer_16,0.019090017669115316
03,TE1m,90,457,scrambled,17,layer_17,0.01999685875669653
03,TE1m,90,457,scrambled,18,layer_18,0.020238345501574252
03,TE1m,90,457,scrambled,19,layer_19,0.01774860654238217
03,TE1m,90,457,scrambled,20,layer_20,0.0174808882247724
03,TE1m,90,457,scrambled,21,layer_21,0.015436529155276879
03,TE1m,90,457,scrambled,22,layer_22,0.019360968537204187
03,TE1m,90,457,scrambled,23,layer_23,0.017920353695903855
03,TE1m,90,457,scrambled,24,layer_24,0.019208405977690253
03,TE1m,90,457,scrambled,25,layer_25,0.021349605572148163
03,TE1m,90,457,scrambled,26,layer_26,0.020858082682200442
03,TE1m,90,457,scrambled,27,layer_27,0.021250790959149772
03,TE1m,90,457,scrambled,28,layer_28,0.021040400770805164
03,TE1m,90,457,scrambled,29,layer_29,0.021403298039467382
03,TE1m,90,457,scrambled,30,layer_30,0.020710523337481777
03,TE1m,90,457,scrambled,31,layer_31,0.019696426393122923
03,TE1m,90,457,scrambled,32,layer_32,0.01631348395471873
03,TE1m,90,457,lowLR,0,embedding,0.000671606227565999
03,TE1m,90,457,lowLR,1,layer_1,0.022333575631718304
03,TE1m,90,457,lowLR,2,layer_2,0.020746686059952116
03,TE1m,90,457,lowLR,3,layer_3,0.025130278368959674
03,TE1m,90,457,lowLR,4,layer_4,0.02385308095619034
03,TE1m,90,457,lowLR,5,layer_5,0.01173333072114114
03,TE1m,90,457,lowLR,6,layer_6,0.012992445838682103
03,TE1m,90,457,lowLR,7,layer_7,0.013073598640192571
03,TE1m,90,457,lowLR,8,layer_8,0.015046856543039234
03,TE1m,90,457,lowLR,9,layer_9,0.015012771581850546
03,TE1m,90,457,lowLR,10,layer_10,0.015963559104465723
03,TE1m,90,457,lowLR,11,layer_11,0.014944277937428663
03,TE1m,90,457,lowLR,12,layer_12,0.016441422343804725
03,TE1m,90,457,lowLR,13,layer_13,0.015632641576310342
03,TE1m,90,457,lowLR,14,layer_14,0.015874796499926225
03,TE1m,90,457,lowLR,15,layer_15,0.014252774586992362
03,TE1m,90,457,lowLR,16,layer_16,0.012546328654750293
03,TE1m,90,457,lowLR,17,layer_17,0.011384202940688438
03,TE1m,90,457,lowLR,18,layer_18,0.012293928572880931
03,TE1m,90,457,lowLR,19,layer_19,0.01462615350098732
03,TE1m,90,457,lowLR,20,layer_20,0.015126795340183125
03,TE1m,90,457,lowLR,21,layer_21,0.01609524841025904
03,TE1m,90,457,lowLR,22,layer_22,0.015474796724831786
03,TE1m,90,457,lowLR,23,layer_23,0.012425426783664708
03,TE1m,90,457,lowLR,24,layer_24,0.013897946272418275
03,TE1m,90,457,lowLR,25,layer_25,0.013259845851407947
03,TE1m,90,457,lowLR,26,layer_26,0.012864003653661863
03,TE1m,90,457,lowLR,27,layer_27,0.013881898401186884
03,TE1m,90,457,lowLR,28,layer_28,0.013078690957939502
03,TE1m,90,457,lowLR,29,layer_29,0.011884992164011838
03,TE1m,90,457,lowLR,30,layer_30,0.012475882777733375
03,TE1m,90,457,lowLR,31,layer_31,0.015761907356537885
03,TE1m,90,457,lowLR,32,layer_32,0.014640213834680563
03,TE1m,90,457,lowrank,0,embedding,0.000671606227565999
03,TE1m,90,457,lowrank,1,layer_1,0.020411366995423494
03,TE1m,90,457,lowrank,2,layer_2,0.02097335462905086
03,TE1m,90,457,lowrank,3,layer_3,0.028950211570101962
03,TE1m,90,457,lowrank,4,layer_4,0.027649297081104432
03,TE1m,90,457,lowrank,5,layer_5,0.016217592180052986
03,TE1m,90,457,lowrank,6,layer_6,0.015094022079050156
03,TE1m,90,457,lowrank,7,layer_7,0.01784582925736364
03,TE1m,90,457,lowrank,8,layer_8,0.017673660499309667
03,TE1m,90,457,lowrank,9,layer_9,0.015301264149901309
03,TE1m,90,457,lowrank,10,layer_10,0.014605579685487915
03,TE1m,90,457,lowrank,11,layer_11,0.013947574748508183
03,TE1m,90,457,lowrank,12,layer_12,0.01573070058880669
03,TE1m,90,457,lowrank,13,layer_13,0.016004637246370152
03,TE1m,90,457,lowrank,14,layer_14,0.016419545981383
03,TE1m,90,457,lowrank,15,layer_15,0.015341811410068577
03,TE1m,90,457,lowrank,16,layer_16,0.013237629328661321
03,TE1m,90,457,lowrank,17,layer_17,0.013391693936045949
03,TE1m,90,457,lowrank,18,layer_18,0.013228356270534578
03,TE1m,90,457,lowrank,19,layer_19,0.016203298348058736
03,TE1m,90,457,lowrank,20,layer_20,0.018185785224552914
03,TE1m,90,457,lowrank,21,layer_21,0.01812834595009647
03,TE1m,90,457,lowrank,22,layer_22,0.01641270149238534
03,TE1m,90,457,lowrank,23,layer_23,0.013055725185844615
03,TE1m,90,457,lowrank,24,layer_24,0.013389922898132494
03,TE1m,90,457,lowrank,25,layer_25,0.012520232137435547
03,TE1m,90,457,lowrank,26,layer_26,0.013337302281414207
03,TE1m,90,457,lowrank,27,layer_27,0.014919069087255012
03,TE1m,90,457,lowrank,28,layer_28,0.014806677575445773
03,TE1m,90,457,lowrank,29,layer_29,0.01291546443761941
03,TE1m,90,457,lowrank,30,layer_30,0.01403519433216461
03,TE1m,90,457,lowrank,31,layer_31,0.01991284401321032
03,TE1m,90,457,lowrank,32,layer_32,0.01977969618362961
03,TE1m,90,457,taskvec_a0p25,0,embedding,0.000671606227565999
03,TE1m,90,457,taskvec_a0p25,1,layer_1,0.023693825401376437
03,TE1m,90,457,taskvec_a0p25,2,layer_2,0.022338898272189347
03,TE1m,90,457,taskvec_a0p25,3,layer_3,0.024717315328589434
03,TE1m,90,457,taskvec_a0p25,4,layer_4,0.026120002387062472
03,TE1m,90,457,taskvec_a0p25,5,layer_5,0.013177863850730956
03,TE1m,90,457,taskvec_a0p25,6,layer_6,0.016986446045666206
03,TE1m,90,457,taskvec_a0p25,7,layer_7,0.015279519667319991
03,TE1m,90,457,taskvec_a0p25,8,layer_8,0.014864658752759188
03,TE1m,90,457,taskvec_a0p25,9,layer_9,0.016023488031206793
03,TE1m,90,457,taskvec_a0p25,10,layer_10,0.016667449819968233
03,TE1m,90,457,taskvec_a0p25,11,layer_11,0.015578551601483498
03,TE1m,90,457,taskvec_a0p25,12,layer_12,0.01712883517760472
03,TE1m,90,457,taskvec_a0p25,13,layer_13,0.01509718401964303
03,TE1m,90,457,taskvec_a0p25,14,layer_14,0.014206776355687822
03,TE1m,90,457,taskvec_a0p25,15,layer_15,0.012000186776224967
03,TE1m,90,457,taskvec_a0p25,16,layer_16,0.010132905719862364
03,TE1m,90,457,taskvec_a0p25,17,layer_17,0.008973665484404994
03,TE1m,90,457,taskvec_a0p25,18,layer_18,0.009377108518845352
03,TE1m,90,457,taskvec_a0p25,19,layer_19,0.013458741011793457
03,TE1m,90,457,taskvec_a0p25,20,layer_20,0.01680156265132733
03,TE1m,90,457,taskvec_a0p25,21,layer_21,0.01835538718248362
03,TE1m,90,457,taskvec_a0p25,22,layer_22,0.016697576144361025
03,TE1m,90,457,taskvec_a0p25,23,layer_23,0.013337584347361818
03,TE1m,90,457,taskvec_a0p25,24,layer_24,0.015072008980023362
03,TE1m,90,457,taskvec_a0p25,25,layer_25,0.01613383316390603
03,TE1m,90,457,taskvec_a0p25,26,layer_26,0.014509895257313455
03,TE1m,90,457,taskvec_a0p25,27,layer_27,0.015748531453064544
03,TE1m,90,457,taskvec_a0p25,28,layer_28,0.01585807577999066
03,TE1m,90,457,taskvec_a0p25,29,layer_29,0.01363347040561556
03,TE1m,90,457,taskvec_a0p25,30,layer_30,0.012879310121087905
03,TE1m,90,457,taskvec_a0p25,31,layer_31,0.01746405897482653
03,TE1m,90,457,taskvec_a0p25,32,layer_32,0.01703157099332499
03,TE1m,90,457,taskvec_a0p5,0,embedding,0.000671606227565999
03,TE1m,90,457,taskvec_a0p5,1,layer_1,0.018591379992536686
03,TE1m,90,457,taskvec_a0p5,2,layer_2,0.023103626503021793
03,TE1m,90,457,taskvec_a0p5,3,layer_3,0.02405728045078009
03,TE1m,90,457,taskvec_a0p5,4,layer_4,0.024890934391290604
03,TE1m,90,457,taskvec_a0p5,5,layer_5,0.01326966791074001
03,TE1m,90,457,taskvec_a0p5,6,layer_6,0.015294339150689458
03,TE1m,90,457,taskvec_a0p5,7,layer_7,0.013120954337219827
03,TE1m,90,457,taskvec_a0p5,8,layer_8,0.01022476563266502
03,TE1m,90,457,taskvec_a0p5,9,layer_9,0.012219587010210066
03,TE1m,90,457,taskvec_a0p5,10,layer_10,0.012049863819961483
03,TE1m,90,457,taskvec_a0p5,11,layer_11,0.011818376966721866
03,TE1m,90,457,taskvec_a0p5,12,layer_12,0.014285899776764603
03,TE1m,90,457,taskvec_a0p5,13,layer_13,0.011187219664391549
03,TE1m,90,457,taskvec_a0p5,14,layer_14,0.012658959829215683
03,TE1m,90,457,taskvec_a0p5,15,layer_15,0.011869477602899943
03,TE1m,90,457,taskvec_a0p5,16,layer_16,0.010936165093131889
03,TE1m,90,457,taskvec_a0p5,17,layer_17,0.009290515206921496
03,TE1m,90,457,taskvec_a0p5,18,layer_18,0.011568998539666133
03,TE1m,90,457,taskvec_a0p5,19,layer_19,0.01494953930794552
03,TE1m,90,457,taskvec_a0p5,20,layer_20,0.019088984859430315
03,TE1m,90,457,taskvec_a0p5,21,layer_21,0.020167300561316284
03,TE1m,90,457,taskvec_a0p5,22,layer_22,0.0189145685401302
03,TE1m,90,457,taskvec_a0p5,23,layer_23,0.015955978815621937
03,TE1m,90,457,taskvec_a0p5,24,layer_24,0.017259478784606826
03,TE1m,90,457,taskvec_a0p5,25,layer_25,0.017818630067672238
03,TE1m,90,457,taskvec_a0p5,26,layer_26,0.016516831834305065
03,TE1m,90,457,taskvec_a0p5,27,layer_27,0.01806927424231805
03,TE1m,90,457,taskvec_a0p5,28,layer_28,0.018807432794878596
03,TE1m,90,457,taskvec_a0p5,29,layer_29,0.016517573238110414
03,TE1m,90,457,taskvec_a0p5,30,layer_30,0.01623152717185825
03,TE1m,90,457,taskvec_a0p5,31,layer_31,0.01900797850805424
03,TE1m,90,457,taskvec_a0p5,32,layer_32,0.017267581549248935
03,TE1m,90,457,taskvec_a1p0,0,embedding,0.000671606227565999
03,TE1m,90,457,taskvec_a1p0,1,layer_1,0.005073418020850804
03,TE1m,90,457,taskvec_a1p0,2,layer_2,0.013236842345987617
03,TE1m,90,457,taskvec_a1p0,3,layer_3,0.013984366795599385
03,TE1m,90,457,taskvec_a1p0,4,layer_4,0.01343379367971693
03,TE1m,90,457,taskvec_a1p0,5,layer_5,0.011525486785069322
03,TE1m,90,457,taskvec_a1p0,6,layer_6,0.013205541431741458
03,TE1m,90,457,taskvec_a1p0,7,layer_7,0.010461807317086198
03,TE1m,90,457,taskvec_a1p0,8,layer_8,0.007567212752132003
03,TE1m,90,457,taskvec_a1p0,9,layer_9,0.008321420857111704
03,TE1m,90,457,taskvec_a1p0,10,layer_10,0.010096265540066133
03,TE1m,90,457,taskvec_a1p0,11,layer_11,0.010962743177342627
03,TE1m,90,457,taskvec_a1p0,12,layer_12,0.013728679057651893
03,TE1m,90,457,taskvec_a1p0,13,layer_13,0.010110391253283656
03,TE1m,90,457,taskvec_a1p0,14,layer_14,0.011594601348173238
03,TE1m,90,457,taskvec_a1p0,15,layer_15,0.011642496146077853
03,TE1m,90,457,taskvec_a1p0,16,layer_16,0.009856784078597426
03,TE1m,90,457,taskvec_a1p0,17,layer_17,0.007420919341802063
03,TE1m,90,457,taskvec_a1p0,18,layer_18,0.010500205272092385
03,TE1m,90,457,taskvec_a1p0,19,layer_19,0.01345481226278009
03,TE1m,90,457,taskvec_a1p0,20,layer_20,0.01797888125924162
03,TE1m,90,457,taskvec_a1p0,21,layer_21,0.01929896820033525
03,TE1m,90,457,taskvec_a1p0,22,layer_22,0.019278523275898
03,TE1m,90,457,taskvec_a1p0,23,layer_23,0.01709430694324141
03,TE1m,90,457,taskvec_a1p0,24,layer_24,0.018503967381774268
03,TE1m,90,457,taskvec_a1p0,25,layer_25,0.01928507804020378
03,TE1m,90,457,taskvec_a1p0,26,layer_26,0.019471458065252766
03,TE1m,90,457,taskvec_a1p0,27,layer_27,0.018664728720431685
03,TE1m,90,457,taskvec_a1p0,28,layer_28,0.019409832072860005
03,TE1m,90,457,taskvec_a1p0,29,layer_29,0.017900927758052184
03,TE1m,90,457,taskvec_a1p0,30,layer_30,0.01684109764966009
03,TE1m,90,457,taskvec_a1p0,31,layer_31,0.017738964743738483
03,TE1m,90,457,taskvec_a1p0,32,layer_32,0.017708530761984292
03,TE1p,90,750,base,0,embedding,0.0020627946456516144
03,TE1p,90,750,base,1,layer_1,0.020267309191226688
03,TE1p,90,750,base,2,layer_2,0.029822888493870783
03,TE1p,90,750,base,3,layer_3,0.028336617262778585
03,TE1p,90,750,base,4,layer_4,0.023977015876806642
03,TE1p,90,750,base,5,layer_5,0.014585255059375342
03,TE1p,90,750,base,6,layer_6,0.024208741458709205
03,TE1p,90,750,base,7,layer_7,0.021767168715846826
03,TE1p,90,750,base,8,layer_8,0.02341725899254775
03,TE1p,90,750,base,9,layer_9,0.022203972679944117
03,TE1p,90,750,base,10,layer_10,0.022103772581426887
03,TE1p,90,750,base,11,layer_11,0.020682297876057798
03,TE1p,90,750,base,12,layer_12,0.022261809835505474
03,TE1p,90,750,base,13,layer_13,0.01973193046358579
03,TE1p,90,750,base,14,layer_14,0.019240198545959007
03,TE1p,90,750,base,15,layer_15,0.012246069266718071
03,TE1p,90,750,base,16,layer_16,0.005848501807933447
03,TE1p,90,750,base,17,layer_17,0.005735294546459821
03,TE1p,90,750,base,18,layer_18,0.008361510834206286
03,TE1p,90,750,base,19,layer_19,0.00907236446904473
03,TE1p,90,750,base,20,layer_20,0.008951829096892402
03,TE1p,90,750,base,21,layer_21,0.010087622927352099
03,TE1p,90,750,base,22,layer_22,0.009502853891888319
03,TE1p,90,750,base,23,layer_23,0.007744817537431987
03,TE1p,90,750,base,24,layer_24,0.008933494997096225
03,TE1p,90,750,base,25,layer_25,0.009296465677624278
03,TE1p,90,750,base,26,layer_26,0.007125375125060991
03,TE1p,90,750,base,27,layer_27,0.010272696856304593
03,TE1p,90,750,base,28,layer_28,0.009080545128720058
03,TE1p,90,750,base,29,layer_29,0.010795464434107595
03,TE1p,90,750,base,30,layer_30,0.013409660229318382
03,TE1p,90,750,base,31,layer_31,0.019258289620723498
03,TE1p,90,750,base,32,layer_32,0.023670035286879686
03,TE1p,90,750,scrambled,0,embedding,0.0020627946456516144
03,TE1p,90,750,scrambled,1,layer_1,0.019633223073007217
03,TE1p,90,750,scrambled,2,layer_2,0.029439392752288573
03,TE1p,90,750,scrambled,3,layer_3,0.03335176344763089
03,TE1p,90,750,scrambled,4,layer_4,0.02879397580211528
03,TE1p,90,750,scrambled,5,layer_5,0.02319964063079727
03,TE1p,90,750,scrambled,6,layer_6,0.028673816268828242
03,TE1p,90,750,scrambled,7,layer_7,0.025221219792845504
03,TE1p,90,750,scrambled,8,layer_8,0.029801424769646596
03,TE1p,90,750,scrambled,9,layer_9,0.026814019300009418
03,TE1p,90,750,scrambled,10,layer_10,0.02694616103211076
03,TE1p,90,750,scrambled,11,layer_11,0.027242063341846257
03,TE1p,90,750,scrambled,12,layer_12,0.02713412230765415
03,TE1p,90,750,scrambled,13,layer_13,0.02509243277753434
03,TE1p,90,750,scrambled,14,layer_14,0.025326372857323625
03,TE1p,90,750,scrambled,15,layer_15,0.020182522969353963
03,TE1p,90,750,scrambled,16,layer_16,0.015738488037343127
03,TE1p,90,750,scrambled,17,layer_17,0.015125282084393982
03,TE1p,90,750,scrambled,18,layer_18,0.012868194481168278
03,TE1p,90,750,scrambled,19,layer_19,0.009645469423779487
03,TE1p,90,750,scrambled,20,layer_20,0.009380908189997927
03,TE1p,90,750,scrambled,21,layer_21,0.01592665311020363
03,TE1p,90,750,scrambled,22,layer_22,0.020219417195301684
03,TE1p,90,750,scrambled,23,layer_23,0.02162627602781978
03,TE1p,90,750,scrambled,24,layer_24,0.022386826133453386
03,TE1p,90,750,scrambled,25,layer_25,0.022667649496507337
03,TE1p,90,750,scrambled,26,layer_26,0.021252678746213727
03,TE1p,90,750,scrambled,27,layer_27,0.022054221253175632
03,TE1p,90,750,scrambled,28,layer_28,0.022763876201136044
03,TE1p,90,750,scrambled,29,layer_29,0.024147785513041004
03,TE1p,90,750,scrambled,30,layer_30,0.02159764259816429
03,TE1p,90,750,scrambled,31,layer_31,0.018957867904672417
03,TE1p,90,750,scrambled,32,layer_32,0.012210050192402507
03,TE1p,90,750,lowLR,0,embedding,0.0020627946456516144
03,TE1p,90,750,lowLR,1,layer_1,0.020465387854753245
03,TE1p,90,750,lowLR,2,layer_2,0.02576898943472678
03,TE1p,90,750,lowLR,3,layer_3,0.031443718444677686
03,TE1p,90,750,lowLR,4,layer_4,0.026484125241606996
03,TE1p,90,750,lowLR,5,layer_5,0.014728987833937151
03,TE1p,90,750,lowLR,6,layer_6,0.019265057895875716
03,TE1p,90,750,lowLR,7,layer_7,0.01615774077474785
03,TE1p,90,750,lowLR,8,layer_8,0.01972068518540945
03,TE1p,90,750,lowLR,9,layer_9,0.018226757264829373
03,TE1p,90,750,lowLR,10,layer_10,0.02005889159652896
03,TE1p,90,750,lowLR,11,layer_11,0.01717454947497524
03,TE1p,90,750,lowLR,12,layer_12,0.01773418512691626
03,TE1p,90,750,lowLR,13,layer_13,0.015526959124484185
03,TE1p,90,750,lowLR,14,layer_14,0.018009109202095006
03,TE1p,90,750,lowLR,15,layer_15,0.013047092286659904
03,TE1p,90,750,lowLR,16,layer_16,0.010084329667314741
03,TE1p,90,750,lowLR,17,layer_17,0.006608512252293771
03,TE1p,90,750,lowLR,18,layer_18,0.0075278925722361695
03,TE1p,90,750,lowLR,19,layer_19,0.007432364307725423
03,TE1p,90,750,lowLR,20,layer_20,0.007366352470045246
03,TE1p,90,750,lowLR,21,layer_21,0.00998619462777159
03,TE1p,90,750,lowLR,22,layer_22,0.011279045579841577
03,TE1p,90,750,lowLR,23,layer_23,0.010386470491257132
03,TE1p,90,750,lowLR,24,layer_24,0.010420430484155122
03,TE1p,90,750,lowLR,25,layer_25,0.009760268583270035
03,TE1p,90,750,lowLR,26,layer_26,0.009025860200222254
03,TE1p,90,750,lowLR,27,layer_27,0.010632718359891647
03,TE1p,90,750,lowLR,28,layer_28,0.009998877881884832
03,TE1p,90,750,lowLR,29,layer_29,0.009167031965418656
03,TE1p,90,750,lowLR,30,layer_30,0.013172736601638195
03,TE1p,90,750,lowLR,31,layer_31,0.01640669161971478
03,TE1p,90,750,lowLR,32,layer_32,0.021588760883190027
03,TE1p,90,750,lowrank,0,embedding,0.0020627946456516144
03,TE1p,90,750,lowrank,1,layer_1,0.013970954653189729
03,TE1p,90,750,lowrank,2,layer_2,0.02151347729497359
03,TE1p,90,750,lowrank,3,layer_3,0.03024679195703558
03,TE1p,90,750,lowrank,4,layer_4,0.025689453375452472
03,TE1p,90,750,lowrank,5,layer_5,0.015239772652529923
03,TE1p,90,750,lowrank,6,layer_6,0.019072946141332328
03,TE1p,90,750,lowrank,7,layer_7,0.01714838234777427
03,TE1p,90,750,lowrank,8,layer_8,0.0217490468193066
03,TE1p,90,750,lowrank,9,layer_9,0.0194134880958578
03,TE1p,90,750,lowrank,10,layer_10,0.019720416568963974
03,TE1p,90,750,lowrank,11,layer_11,0.018378766153171962
03,TE1p,90,750,lowrank,12,layer_12,0.020326013466078652
03,TE1p,90,750,lowrank,13,layer_13,0.01967440320696953
03,TE1p,90,750,lowrank,14,layer_14,0.022925725455077494
03,TE1p,90,750,lowrank,15,layer_15,0.015964298266687382
03,TE1p,90,750,lowrank,16,layer_16,0.012697882128006606
03,TE1p,90,750,lowrank,17,layer_17,0.008200812820288103
03,TE1p,90,750,lowrank,18,layer_18,0.008827905944590469
03,TE1p,90,750,lowrank,19,layer_19,0.009753628638784052
03,TE1p,90,750,lowrank,20,layer_20,0.010630309404619849
03,TE1p,90,750,lowrank,21,layer_21,0.012957541391856214
03,TE1p,90,750,lowrank,22,layer_22,0.014126307424001335
03,TE1p,90,750,lowrank,23,layer_23,0.012382382959663107
03,TE1p,90,750,lowrank,24,layer_24,0.010412899510152509
03,TE1p,90,750,lowrank,25,layer_25,0.008851449858478641
03,TE1p,90,750,lowrank,26,layer_26,0.008980084446098907
03,TE1p,90,750,lowrank,27,layer_27,0.010760080288372121
03,TE1p,90,750,lowrank,28,layer_28,0.010015608315349716
03,TE1p,90,750,lowrank,29,layer_29,0.009928092591737575
03,TE1p,90,750,lowrank,30,layer_30,0.014233290367964762
03,TE1p,90,750,lowrank,31,layer_31,0.017652224234485675
03,TE1p,90,750,lowrank,32,layer_32,0.020087404914658418
03,TE1p,90,750,taskvec_a0p25,0,embedding,0.0020627946456516144
03,TE1p,90,750,taskvec_a0p25,1,layer_1,0.018804744949236077
03,TE1p,90,750,taskvec_a0p25,2,layer_2,0.026605261918584075
03,TE1p,90,750,taskvec_a0p25,3,layer_3,0.02875454709220914
03,TE1p,90,750,taskvec_a0p25,4,layer_4,0.026990441463114478
03,TE1p,90,750,taskvec_a0p25,5,layer_5,0.015682932066783256
03,TE1p,90,750,taskvec_a0p25,6,layer_6,0.017666654242689067
03,TE1p,90,750,taskvec_a0p25,7,layer_7,0.012784831104542552
03,TE1p,90,750,taskvec_a0p25,8,layer_8,0.012503229351552372
03,TE1p,90,750,taskvec_a0p25,9,layer_9,0.01341285373888155
03,TE1p,90,750,taskvec_a0p25,10,layer_10,0.013731056817550671
03,TE1p,90,750,taskvec_a0p25,11,layer_11,0.01222550142877517
03,TE1p,90,750,taskvec_a0p25,12,layer_12,0.013520277714435917
03,TE1p,90,750,taskvec_a0p25,13,layer_13,0.0105521104500164
03,TE1p,90,750,taskvec_a0p25,14,layer_14,0.012121036904087048
03,TE1p,90,750,taskvec_a0p25,15,layer_15,0.003294417254937149
03,TE1p,90,750,taskvec_a0p25,16,layer_16,0.0002105037619182133
03,TE1p,90,750,taskvec_a0p25,17,layer_17,-0.002502359262163376
03,TE1p,90,750,taskvec_a0p25,18,layer_18,0.0008815530347838627
03,TE1p,90,750,taskvec_a0p25,19,layer_19,0.003765969128599341
03,TE1p,90,750,taskvec_a0p25,20,layer_20,0.0046180812032035196
03,TE1p,90,750,taskvec_a0p25,21,layer_21,0.007371357926424203
03,TE1p,90,750,taskvec_a0p25,22,layer_22,0.008576357104127246
03,TE1p,90,750,taskvec_a0p25,23,layer_23,0.006376242152353267
03,TE1p,90,750,taskvec_a0p25,24,layer_24,0.006045494610961018
03,TE1p,90,750,taskvec_a0p25,25,layer_25,0.005918818980686853
03,TE1p,90,750,taskvec_a0p25,26,layer_26,0.0052317308029245745
03,TE1p,90,750,taskvec_a0p25,27,layer_27,0.007426131023880468
03,TE1p,90,750,taskvec_a0p25,28,layer_28,0.00678705084399913
03,TE1p,90,750,taskvec_a0p25,29,layer_29,0.006706788138012089
03,TE1p,90,750,taskvec_a0p25,30,layer_30,0.00811267076083335
03,TE1p,90,750,taskvec_a0p25,31,layer_31,0.012780077826328675
03,TE1p,90,750,taskvec_a0p25,32,layer_32,0.017958861488510836
03,TE1p,90,750,taskvec_a0p5,0,embedding,0.0020627946456516144
03,TE1p,90,750,taskvec_a0p5,1,layer_1,0.01581820155532621
03,TE1p,90,750,taskvec_a0p5,2,layer_2,0.02327301046693868
03,TE1p,90,750,taskvec_a0p5,3,layer_3,0.02970836635676455
03,TE1p,90,750,taskvec_a0p5,4,layer_4,0.029432961461884368
03,TE1p,90,750,taskvec_a0p5,5,layer_5,0.0190906740795391
03,TE1p,90,750,taskvec_a0p5,6,layer_6,0.016572673606785365
03,TE1p,90,750,taskvec_a0p5,7,layer_7,0.011960188517263019
03,TE1p,90,750,taskvec_a0p5,8,layer_8,0.011342123931666583
03,TE1p,90,750,taskvec_a0p5,9,layer_9,0.012044223435002437
03,TE1p,90,750,taskvec_a0p5,10,layer_10,0.0123920673483969
03,TE1p,90,750,taskvec_a0p5,11,layer_11,0.011555499722687145
03,TE1p,90,750,taskvec_a0p5,12,layer_12,0.013884506110212495
03,TE1p,90,750,taskvec_a0p5,13,layer_13,0.010271036589985134
03,TE1p,90,750,taskvec_a0p5,14,layer_14,0.01240672936051217
03,TE1p,90,750,taskvec_a0p5,15,layer_15,0.0035815749599007293
03,TE1p,90,750,taskvec_a0p5,16,layer_16,0.0018745600389987744
03,TE1p,90,750,taskvec_a0p5,17,layer_17,-0.002060632967082282
03,TE1p,90,750,taskvec_a0p5,18,layer_18,0.0011249068320764149
03,TE1p,90,750,taskvec_a0p5,19,layer_19,0.004093449188166663
03,TE1p,90,750,taskvec_a0p5,20,layer_20,0.005207760240940808
03,TE1p,90,750,taskvec_a0p5,21,layer_21,0.009383133709004454
03,TE1p,90,750,taskvec_a0p5,22,layer_22,0.010901249998783474
03,TE1p,90,750,taskvec_a0p5,23,layer_23,0.009019172622082863
03,TE1p,90,750,taskvec_a0p5,24,layer_24,0.008025950612632388
03,TE1p,90,750,taskvec_a0p5,25,layer_25,0.007224562214549144
03,TE1p,90,750,taskvec_a0p5,26,layer_26,0.007393914235898451
03,TE1p,90,750,taskvec_a0p5,27,layer_27,0.009561776721150023
03,TE1p,90,750,taskvec_a0p5,28,layer_28,0.010038940586377859
03,TE1p,90,750,taskvec_a0p5,29,layer_29,0.01023698749413548
03,TE1p,90,750,taskvec_a0p5,30,layer_30,0.010421477864134106
03,TE1p,90,750,taskvec_a0p5,31,layer_31,0.013365559311808477
03,TE1p,90,750,taskvec_a0p5,32,layer_32,0.016648750342030647
03,TE1p,90,750,taskvec_a1p0,0,embedding,0.0020627946456516144
03,TE1p,90,750,taskvec_a1p0,1,layer_1,0.010346058660104447
03,TE1p,90,750,taskvec_a1p0,2,layer_2,0.014293194824083885
03,TE1p,90,750,taskvec_a1p0,3,layer_3,0.023551021202858055
03,TE1p,90,750,taskvec_a1p0,4,layer_4,0.026690037492934277
03,TE1p,90,750,taskvec_a1p0,5,layer_5,0.021800977401845764
03,TE1p,90,750,taskvec_a1p0,6,layer_6,0.01700600106137867
03,TE1p,90,750,taskvec_a1p0,7,layer_7,0.014982575021168818
03,TE1p,90,750,taskvec_a1p0,8,layer_8,0.01589410176585593
03,TE1p,90,750,taskvec_a1p0,9,layer_9,0.014727869844071947
03,TE1p,90,750,taskvec_a1p0,10,layer_10,0.014536783614066566
03,TE1p,90,750,taskvec_a1p0,11,layer_11,0.016774851940081624
03,TE1p,90,750,taskvec_a1p0,12,layer_12,0.02011211239728015
03,TE1p,90,750,taskvec_a1p0,13,layer_13,0.016457717536436538
03,TE1p,90,750,taskvec_a1p0,14,layer_14,0.01619272703937841
03,TE1p,90,750,taskvec_a1p0,15,layer_15,0.007344018077356272
03,TE1p,90,750,taskvec_a1p0,16,layer_16,0.00905120840218194
03,TE1p,90,750,taskvec_a1p0,17,layer_17,0.003954157551289942
03,TE1p,90,750,taskvec_a1p0,18,layer_18,0.005766706979494541
03,TE1p,90,750,taskvec_a1p0,19,layer_19,0.0077335565681698176
03,TE1p,90,750,taskvec_a1p0,20,layer_20,0.011158232998506297
03,TE1p,90,750,taskvec_a1p0,21,layer_21,0.0156013769010005
03,TE1p,90,750,taskvec_a1p0,22,layer_22,0.017996645249586066
03,TE1p,90,750,taskvec_a1p0,23,layer_23,0.01844384904121143
03,TE1p,90,750,taskvec_a1p0,24,layer_24,0.016831273722341614
03,TE1p,90,750,taskvec_a1p0,25,layer_25,0.016836553399125275
03,TE1p,90,750,taskvec_a1p0,26,layer_26,0.01750638306366512
03,TE1p,90,750,taskvec_a1p0,27,layer_27,0.017158198989945753
03,TE1p,90,750,taskvec_a1p0,28,layer_28,0.018179492912337468
03,TE1p,90,750,taskvec_a1p0,29,layer_29,0.01719034161886737
03,TE1p,90,750,taskvec_a1p0,30,layer_30,0.016588552238448184
03,TE1p,90,750,taskvec_a1p0,31,layer_31,0.01977115332138977
03,TE1p,90,750,taskvec_a1p0,32,layer_32,0.01964584954033366
03,TE2a,90,765,base,0,embedding,-0.016650541354596017
03,TE2a,90,765,base,1,layer_1,-0.010314554882534374
03,TE2a,90,765,base,2,layer_2,-0.00821267826995191
03,TE2a,90,765,base,3,layer_3,-0.0014377857758853681
03,TE2a,90,765,base,4,layer_4,0.003957274473410382
03,TE2a,90,765,base,5,layer_5,0.003450541504135271
03,TE2a,90,765,base,6,layer_6,0.006036254242596416
03,TE2a,90,765,base,7,layer_7,8.035703930064638e-06
03,TE2a,90,765,base,8,layer_8,0.0008140260733281316
03,TE2a,90,765,base,9,layer_9,-0.0005370264784514198
03,TE2a,90,765,base,10,layer_10,0.0002251596096783372
03,TE2a,90,765,base,11,layer_11,0.001790114724645513
03,TE2a,90,765,base,12,layer_12,0.0001460079820067928
03,TE2a,90,765,base,13,layer_13,0.0019215062734053911
03,TE2a,90,765,base,14,layer_14,9.448704888690978e-05
03,TE2a,90,765,base,15,layer_15,-0.0038894721707581075
03,TE2a,90,765,base,16,layer_16,-0.0030009065281998582
03,TE2a,90,765,base,17,layer_17,-0.002014338846730708
03,TE2a,90,765,base,18,layer_18,0.0005290318702223318
03,TE2a,90,765,base,19,layer_19,0.005831792856312257
03,TE2a,90,765,base,20,layer_20,0.006858786378832154
03,TE2a,90,765,base,21,layer_21,0.008576037304854192
03,TE2a,90,765,base,22,layer_22,0.011251021300553745
03,TE2a,90,765,base,23,layer_23,0.007971361325038675
03,TE2a,90,765,base,24,layer_24,0.009917923460530899
03,TE2a,90,765,base,25,layer_25,0.010509826149288304
03,TE2a,90,765,base,26,layer_26,0.010613744848348003
03,TE2a,90,765,base,27,layer_27,0.009777286873440398
03,TE2a,90,765,base,28,layer_28,0.008534643473246804
03,TE2a,90,765,base,29,layer_29,0.008755645692375429
03,TE2a,90,765,base,30,layer_30,0.006945097811607038
03,TE2a,90,765,base,31,layer_31,0.0034290383653978714
03,TE2a,90,765,base,32,layer_32,0.0011437804063472302
03,TE2a,90,765,scrambled,0,embedding,-0.016650541354596017
03,TE2a,90,765,scrambled,1,layer_1,0.004884175493430151
03,TE2a,90,765,scrambled,2,layer_2,0.004089199145491112
03,TE2a,90,765,scrambled,3,layer_3,-0.004174541093320228
03,TE2a,90,765,scrambled,4,layer_4,-0.001364546885591162
03,TE2a,90,765,scrambled,5,layer_5,-0.004426797153437531
03,TE2a,90,765,scrambled,6,layer_6,-0.0028274438159610403
03,TE2a,90,765,scrambled,7,layer_7,-0.00508826010685581
03,TE2a,90,765,scrambled,8,layer_8,-0.003384655195141713
03,TE2a,90,765,scrambled,9,layer_9,-0.006628368013817929
03,TE2a,90,765,scrambled,10,layer_10,-0.008558573873522799
03,TE2a,90,765,scrambled,11,layer_11,-0.006709992108299143
03,TE2a,90,765,scrambled,12,layer_12,-0.007640127920381699
03,TE2a,90,765,scrambled,13,layer_13,-0.005524383376706017
03,TE2a,90,765,scrambled,14,layer_14,-0.0006676833481570198
03,TE2a,90,765,scrambled,15,layer_15,-0.0029553059912015866
03,TE2a,90,765,scrambled,16,layer_16,-0.007738484129515561
03,TE2a,90,765,scrambled,17,layer_17,-0.006028803592009345
03,TE2a,90,765,scrambled,18,layer_18,-0.009221696906461895
03,TE2a,90,765,scrambled,19,layer_19,-0.011998918226655273
03,TE2a,90,765,scrambled,20,layer_20,-0.004886709977388566
03,TE2a,90,765,scrambled,21,layer_21,-0.0009200570914180276
03,TE2a,90,765,scrambled,22,layer_22,0.0033019144183857787
03,TE2a,90,765,scrambled,23,layer_23,0.0030202848323981233
03,TE2a,90,765,scrambled,24,layer_24,0.003038546641120309
03,TE2a,90,765,scrambled,25,layer_25,0.0020467867046313985
03,TE2a,90,765,scrambled,26,layer_26,0.0003609384981147562
03,TE2a,90,765,scrambled,27,layer_27,-0.0003021720193154054
03,TE2a,90,765,scrambled,28,layer_28,0.0004131190172353147
03,TE2a,90,765,scrambled,29,layer_29,-0.0008562410717604893
03,TE2a,90,765,scrambled,30,layer_30,-0.005804109110946608
03,TE2a,90,765,scrambled,31,layer_31,-0.00756187367338057
03,TE2a,90,765,scrambled,32,layer_32,-0.009299838887479898
03,TE2a,90,765,lowLR,0,embedding,-0.016650541354596017
03,TE2a,90,765,lowLR,1,layer_1,-0.013876016672383919
03,TE2a,90,765,lowLR,2,layer_2,-0.0095819448100016
03,TE2a,90,765,lowLR,3,layer_3,0.0006296272346635006
03,TE2a,90,765,lowLR,4,layer_4,0.006505584893620818
03,TE2a,90,765,lowLR,5,layer_5,0.007315681097143735
03,TE2a,90,765,lowLR,6,layer_6,0.009570902768746453
03,TE2a,90,765,lowLR,7,layer_7,0.004345689557198137
03,TE2a,90,765,lowLR,8,layer_8,0.0037422206701994884
03,TE2a,90,765,lowLR,9,layer_9,0.0012513426128957887
03,TE2a,90,765,lowLR,10,layer_10,0.0019700518777745635
03,TE2a,90,765,lowLR,11,layer_11,0.0029523504631068006
03,TE2a,90,765,lowLR,12,layer_12,0.0016868440300707632
03,TE2a,90,765,lowLR,13,layer_13,0.004753297827731122
03,TE2a,90,765,lowLR,14,layer_14,0.0066899579540730175
03,TE2a,90,765,lowLR,15,layer_15,0.004732113927870855
03,TE2a,90,765,lowLR,16,layer_16,0.005726176718003585
03,TE2a,90,765,lowLR,17,layer_17,0.006984154605419339
03,TE2a,90,765,lowLR,18,layer_18,0.008984341026726888
03,TE2a,90,765,lowLR,19,layer_19,0.01086610495530823
03,TE2a,90,765,lowLR,20,layer_20,0.012849458951093018
03,TE2a,90,765,lowLR,21,layer_21,0.017633798976952785
03,TE2a,90,765,lowLR,22,layer_22,0.020809675869221386
03,TE2a,90,765,lowLR,23,layer_23,0.01784750315998388
03,TE2a,90,765,lowLR,24,layer_24,0.018853375546986816
03,TE2a,90,765,lowLR,25,layer_25,0.018126456295046108
03,TE2a,90,765,lowLR,26,layer_26,0.017488499148593278
03,TE2a,90,765,lowLR,27,layer_27,0.015991501379150244
03,TE2a,90,765,lowLR,28,layer_28,0.016118282550656463
03,TE2a,90,765,lowLR,29,layer_29,0.015422212347049814
03,TE2a,90,765,lowLR,30,layer_30,0.01567605563521802
03,TE2a,90,765,lowLR,31,layer_31,0.014068473444016872
03,TE2a,90,765,lowLR,32,layer_32,0.006269936727060031
03,TE2a,90,765,lowrank,0,embedding,-0.016650541354596017
03,TE2a,90,765,lowrank,1,layer_1,-0.017461816643942335
03,TE2a,90,765,lowrank,2,layer_2,-0.010716346803788676
03,TE2a,90,765,lowrank,3,layer_3,9.84630579564022e-05
03,TE2a,90,765,lowrank,4,layer_4,0.0070358503820670115
03,TE2a,90,765,lowrank,5,layer_5,0.00715251696756967
03,TE2a,90,765,lowrank,6,layer_6,0.010054689579783962
03,TE2a,90,765,lowrank,7,layer_7,0.003944046514460556
03,TE2a,90,765,lowrank,8,layer_8,0.0023643303840984848
03,TE2a,90,765,lowrank,9,layer_9,0.0018573919363184907
03,TE2a,90,765,lowrank,10,layer_10,0.0006011206412851137
03,TE2a,90,765,lowrank,11,layer_11,0.0015268801348109354
03,TE2a,90,765,lowrank,12,layer_12,0.0013196879391968782
03,TE2a,90,765,lowrank,13,layer_13,0.006188254725000168
03,TE2a,90,765,lowrank,14,layer_14,0.007765013832878329
03,TE2a,90,765,lowrank,15,layer_15,0.005761410677631852
03,TE2a,90,765,lowrank,16,layer_16,0.00522801500436172
03,TE2a,90,765,lowrank,17,layer_17,0.007272003278555249
03,TE2a,90,765,lowrank,18,layer_18,0.008497616807062751
03,TE2a,90,765,lowrank,19,layer_19,0.012776171306353563
03,TE2a,90,765,lowrank,20,layer_20,0.014478598826234677
03,TE2a,90,765,lowrank,21,layer_21,0.018404827925939518
03,TE2a,90,765,lowrank,22,layer_22,0.021012419642003358
03,TE2a,90,765,lowrank,23,layer_23,0.01598345670888542
03,TE2a,90,765,lowrank,24,layer_24,0.016126549698102483
03,TE2a,90,765,lowrank,25,layer_25,0.01528185502392731
03,TE2a,90,765,lowrank,26,layer_26,0.015165268201444274
03,TE2a,90,765,lowrank,27,layer_27,0.014301051761714702
03,TE2a,90,765,lowrank,28,layer_28,0.014616680568314914
03,TE2a,90,765,lowrank,29,layer_29,0.01357406694345107
03,TE2a,90,765,lowrank,30,layer_30,0.011711085057806549
03,TE2a,90,765,lowrank,31,layer_31,0.0082104706836149
03,TE2a,90,765,lowrank,32,layer_32,-0.0028875206872256247
03,TE2a,90,765,taskvec_a0p25,0,embedding,-0.016650541354596017
03,TE2a,90,765,taskvec_a0p25,1,layer_1,-0.010639931776204896
03,TE2a,90,765,taskvec_a0p25,2,layer_2,-0.007979815457924139
03,TE2a,90,765,taskvec_a0p25,3,layer_3,-0.0003432729506540139
03,TE2a,90,765,taskvec_a0p25,4,layer_4,0.005877919605081671
03,TE2a,90,765,taskvec_a0p25,5,layer_5,0.005531619395654804
03,TE2a,90,765,taskvec_a0p25,6,layer_6,0.007881058192108471
03,TE2a,90,765,taskvec_a0p25,7,layer_7,0.0020926371782110645
03,TE2a,90,765,taskvec_a0p25,8,layer_8,0.0017373543825439017
03,TE2a,90,765,taskvec_a0p25,9,layer_9,-0.0003214473974625882
03,TE2a,90,765,taskvec_a0p25,10,layer_10,0.0021396149815879773
03,TE2a,90,765,taskvec_a0p25,11,layer_11,0.004045913977645594
03,TE2a,90,765,taskvec_a0p25,12,layer_12,0.0027298034192187346
03,TE2a,90,765,taskvec_a0p25,13,layer_13,0.004200268870118029
03,TE2a,90,765,taskvec_a0p25,14,layer_14,0.004499506095987778
03,TE2a,90,765,taskvec_a0p25,15,layer_15,0.004078595520645928
03,TE2a,90,765,taskvec_a0p25,16,layer_16,0.00391900821144596
03,TE2a,90,765,taskvec_a0p25,17,layer_17,0.004440919877876802
03,TE2a,90,765,taskvec_a0p25,18,layer_18,0.006514758014474732
03,TE2a,90,765,taskvec_a0p25,19,layer_19,0.010808536229393708
03,TE2a,90,765,taskvec_a0p25,20,layer_20,0.01293154780059255
03,TE2a,90,765,taskvec_a0p25,21,layer_21,0.015219134951895362
03,TE2a,90,765,taskvec_a0p25,22,layer_22,0.018289051249161647
03,TE2a,90,765,taskvec_a0p25,23,layer_23,0.013686887905335517
03,TE2a,90,765,taskvec_a0p25,24,layer_24,0.014669873349269986
03,TE2a,90,765,taskvec_a0p25,25,layer_25,0.01523056702871251
03,TE2a,90,765,taskvec_a0p25,26,layer_26,0.013788685132231611
03,TE2a,90,765,taskvec_a0p25,27,layer_27,0.012964253067020265
03,TE2a,90,765,taskvec_a0p25,28,layer_28,0.013840025057468557
03,TE2a,90,765,taskvec_a0p25,29,layer_29,0.012436221690318076
03,TE2a,90,765,taskvec_a0p25,30,layer_30,0.011755715736261774
03,TE2a,90,765,taskvec_a0p25,31,layer_31,0.010304575912344035
03,TE2a,90,765,taskvec_a0p25,32,layer_32,0.005301145738242902
03,TE2a,90,765,taskvec_a0p5,0,embedding,-0.016650541354596017
03,TE2a,90,765,taskvec_a0p5,1,layer_1,-0.008901458283003942
03,TE2a,90,765,taskvec_a0p5,2,layer_2,-0.006633364503862129
03,TE2a,90,765,taskvec_a0p5,3,layer_3,-0.0006535490422020178
03,TE2a,90,765,taskvec_a0p5,4,layer_4,0.004438770946313004
03,TE2a,90,765,taskvec_a0p5,5,layer_5,0.0065615247353875365
03,TE2a,90,765,taskvec_a0p5,6,layer_6,0.008601046840878106
03,TE2a,90,765,taskvec_a0p5,7,layer_7,0.004488897987975215
03,TE2a,90,765,taskvec_a0p5,8,layer_8,0.006328310741915056
03,TE2a,90,765,taskvec_a0p5,9,layer_9,0.0061192285176533525
03,TE2a,90,765,taskvec_a0p5,10,layer_10,0.006903640842059059
03,TE2a,90,765,taskvec_a0p5,11,layer_11,0.007143077098256688
03,TE2a,90,765,taskvec_a0p5,12,layer_12,0.005908321083872363
03,TE2a,90,765,taskvec_a0p5,13,layer_13,0.00737675603354613
03,TE2a,90,765,taskvec_a0p5,14,layer_14,0.009107710881454761
03,TE2a,90,765,taskvec_a0p5,15,layer_15,0.007822925521097365
03,TE2a,90,765,taskvec_a0p5,16,layer_16,0.007482569804816773
03,TE2a,90,765,taskvec_a0p5,17,layer_17,0.008285737459953665
03,TE2a,90,765,taskvec_a0p5,18,layer_18,0.009066906212760465
03,TE2a,90,765,taskvec_a0p5,19,layer_19,0.012001649222783815
03,TE2a,90,765,taskvec_a0p5,20,layer_20,0.015542547471059199
03,TE2a,90,765,taskvec_a0p5,21,layer_21,0.018637388124169194
03,TE2a,90,765,taskvec_a0p5,22,layer_22,0.02117041225120679
03,TE2a,90,765,taskvec_a0p5,23,layer_23,0.016237637915794835
03,TE2a,90,765,taskvec_a0p5,24,layer_24,0.01622173910987881
03,TE2a,90,765,taskvec_a0p5,25,layer_25,0.015898449130623344
03,TE2a,90,765,taskvec_a0p5,26,layer_26,0.013216773820811586
03,TE2a,90,765,taskvec_a0p5,27,layer_27,0.012157373722890618
03,TE2a,90,765,taskvec_a0p5,28,layer_28,0.014307599240873485
03,TE2a,90,765,taskvec_a0p5,29,layer_29,0.013013382603940589
03,TE2a,90,765,taskvec_a0p5,30,layer_30,0.013205804070630427
03,TE2a,90,765,taskvec_a0p5,31,layer_31,0.012468836733002283
03,TE2a,90,765,taskvec_a0p5,32,layer_32,0.01053603624017666
03,TE2a,90,765,taskvec_a1p0,0,embedding,-0.016650541354596017
03,TE2a,90,765,taskvec_a1p0,1,layer_1,-0.005290345601227593
03,TE2a,90,765,taskvec_a1p0,2,layer_2,-0.0011660944379843561
03,TE2a,90,765,taskvec_a1p0,3,layer_3,-0.003998162267499835
03,TE2a,90,765,taskvec_a1p0,4,layer_4,-0.0011151391311488247
03,TE2a,90,765,taskvec_a1p0,5,layer_5,-0.0002614108747044176
03,TE2a,90,765,taskvec_a1p0,6,layer_6,-0.0018290118056199273
03,TE2a,90,765,taskvec_a1p0,7,layer_7,-0.0025847871511959653
03,TE2a,90,765,taskvec_a1p0,8,layer_8,-0.0003903351870165695
03,TE2a,90,765,taskvec_a1p0,9,layer_9,0.002244833799187662
03,TE2a,90,765,taskvec_a1p0,10,layer_10,0.002830721758509852
03,TE2a,90,765,taskvec_a1p0,11,layer_11,0.0022717133764046543
03,TE2a,90,765,taskvec_a1p0,12,layer_12,0.0031133944281077517
03,TE2a,90,765,taskvec_a1p0,13,layer_13,0.005057720583869563
03,TE2a,90,765,taskvec_a1p0,14,layer_14,0.006853009630865319
03,TE2a,90,765,taskvec_a1p0,15,layer_15,0.004465494920262208
03,TE2a,90,765,taskvec_a1p0,16,layer_16,0.003168749029732835
03,TE2a,90,765,taskvec_a1p0,17,layer_17,0.005968785375517973
03,TE2a,90,765,taskvec_a1p0,18,layer_18,0.007301346356247152
03,TE2a,90,765,taskvec_a1p0,19,layer_19,0.008979708420434971
03,TE2a,90,765,taskvec_a1p0,20,layer_20,0.012767613313423812
03,TE2a,90,765,taskvec_a1p0,21,layer_21,0.016761539361347517
03,TE2a,90,765,taskvec_a1p0,22,layer_22,0.018885538910557564
03,TE2a,90,765,taskvec_a1p0,23,layer_23,0.015311696293594234
03,TE2a,90,765,taskvec_a1p0,24,layer_24,0.015091401480918329
03,TE2a,90,765,taskvec_a1p0,25,layer_25,0.013243564295076915
03,TE2a,90,765,taskvec_a1p0,26,layer_26,0.009401950122891184
03,TE2a,90,765,taskvec_a1p0,27,layer_27,0.008504489689453817
03,TE2a,90,765,taskvec_a1p0,28,layer_28,0.011547883942101603
03,TE2a,90,765,taskvec_a1p0,29,layer_29,0.01074309450116526
03,TE2a,90,765,taskvec_a1p0,30,layer_30,0.012598018267042821
03,TE2a,90,765,taskvec_a1p0,31,layer_31,0.014046806856468768
03,TE2a,90,765,taskvec_a1p0,32,layer_32,0.011719371258713931
03,TE2p,90,427,base,0,embedding,0.024695112697055193
03,TE2p,90,427,base,1,layer_1,0.014588357971597717
03,TE2p,90,427,base,2,layer_2,0.026768009300390506
03,TE2p,90,427,base,3,layer_3,0.03681918874691514
03,TE2p,90,427,base,4,layer_4,0.03656605361239421
03,TE2p,90,427,base,5,layer_5,0.030973776028104645
03,TE2p,90,427,base,6,layer_6,0.039492988626030644
03,TE2p,90,427,base,7,layer_7,0.03142088959598651
03,TE2p,90,427,base,8,layer_8,0.026201215711332562
03,TE2p,90,427,base,9,layer_9,0.028039634136107407
03,TE2p,90,427,base,10,layer_10,0.026679001616034266
03,TE2p,90,427,base,11,layer_11,0.024700658493789024
03,TE2p,90,427,base,12,layer_12,0.02308728479752842
03,TE2p,90,427,base,13,layer_13,0.023885660880730075
03,TE2p,90,427,base,14,layer_14,0.028048238081502794
03,TE2p,90,427,base,15,layer_15,0.02326478815116645
03,TE2p,90,427,base,16,layer_16,0.0234017830987545
03,TE2p,90,427,base,17,layer_17,0.025654661755005623
03,TE2p,90,427,base,18,layer_18,0.03145592218667999
03,TE2p,90,427,base,19,layer_19,0.028060212247975547
03,TE2p,90,427,base,20,layer_20,0.031497224673752024
03,TE2p,90,427,base,21,layer_21,0.03494574296180875
03,TE2p,90,427,base,22,layer_22,0.03296413385212771
03,TE2p,90,427,base,23,layer_23,0.03434374903687788
03,TE2p,90,427,base,24,layer_24,0.03484720462400011
03,TE2p,90,427,base,25,layer_25,0.034389275414815755
03,TE2p,90,427,base,26,layer_26,0.03440639849902361
03,TE2p,90,427,base,27,layer_27,0.03522995765418649
03,TE2p,90,427,base,28,layer_28,0.036741259903146285
03,TE2p,90,427,base,29,layer_29,0.036205951598592974
03,TE2p,90,427,base,30,layer_30,0.03938981095717901
03,TE2p,90,427,base,31,layer_31,0.03972652820953404
03,TE2p,90,427,base,32,layer_32,0.039519820009198306
03,TE2p,90,427,scrambled,0,embedding,0.024695112697055193
03,TE2p,90,427,scrambled,1,layer_1,0.026659461357414427
03,TE2p,90,427,scrambled,2,layer_2,0.009568712554683037
03,TE2p,90,427,scrambled,3,layer_3,0.01924541882077489
03,TE2p,90,427,scrambled,4,layer_4,0.027994685152768248
03,TE2p,90,427,scrambled,5,layer_5,0.02552015608610492
03,TE2p,90,427,scrambled,6,layer_6,0.03133081361020352
03,TE2p,90,427,scrambled,7,layer_7,0.031771941589238115
03,TE2p,90,427,scrambled,8,layer_8,0.032930709037335616
03,TE2p,90,427,scrambled,9,layer_9,0.030888158178683067
03,TE2p,90,427,scrambled,10,layer_10,0.02842719909928086
03,TE2p,90,427,scrambled,11,layer_11,0.02711863277756012
03,TE2p,90,427,scrambled,12,layer_12,0.02477166457992971
03,TE2p,90,427,scrambled,13,layer_13,0.02142751928522711
03,TE2p,90,427,scrambled,14,layer_14,0.02749849117600861
03,TE2p,90,427,scrambled,15,layer_15,0.022443540815982155
03,TE2p,90,427,scrambled,16,layer_16,0.018133577806428082
03,TE2p,90,427,scrambled,17,layer_17,0.027574523453177385
03,TE2p,90,427,scrambled,18,layer_18,0.033492553583204125
03,TE2p,90,427,scrambled,19,layer_19,0.029558011009990347
03,TE2p,90,427,scrambled,20,layer_20,0.03018100521171757
03,TE2p,90,427,scrambled,21,layer_21,0.033189369115255565
03,TE2p,90,427,scrambled,22,layer_22,0.03618544372301378
03,TE2p,90,427,scrambled,23,layer_23,0.0346117600679578
03,TE2p,90,427,scrambled,24,layer_24,0.03424842456968426
03,TE2p,90,427,scrambled,25,layer_25,0.03495043553046436
03,TE2p,90,427,scrambled,26,layer_26,0.036601253201072576
03,TE2p,90,427,scrambled,27,layer_27,0.03845017624741298
03,TE2p,90,427,scrambled,28,layer_28,0.03912459947732881
03,TE2p,90,427,scrambled,29,layer_29,0.04171893091827796
03,TE2p,90,427,scrambled,30,layer_30,0.039790280344056426
03,TE2p,90,427,scrambled,31,layer_31,0.040716547556287945
03,TE2p,90,427,scrambled,32,layer_32,0.03430200028785297
03,TE2p,90,427,lowLR,0,embedding,0.024695112697055193
03,TE2p,90,427,lowLR,1,layer_1,0.01416106672828332
03,TE2p,90,427,lowLR,2,layer_2,0.028186056063902214
03,TE2p,90,427,lowLR,3,layer_3,0.03897098374707804
03,TE2p,90,427,lowLR,4,layer_4,0.040415721047582245
03,TE2p,90,427,lowLR,5,layer_5,0.03302499079451628
03,TE2p,90,427,lowLR,6,layer_6,0.042268845008555676
03,TE2p,90,427,lowLR,7,layer_7,0.03935388621617705
03,TE2p,90,427,lowLR,8,layer_8,0.037550897889603314
03,TE2p,90,427,lowLR,9,layer_9,0.03620142378633855
03,TE2p,90,427,lowLR,10,layer_10,0.035669062230343905
03,TE2p,90,427,lowLR,11,layer_11,0.03245938020125055
03,TE2p,90,427,lowLR,12,layer_12,0.03097843796178317
03,TE2p,90,427,lowLR,13,layer_13,0.032216050500982654
03,TE2p,90,427,lowLR,14,layer_14,0.03395395201674547
03,TE2p,90,427,lowLR,15,layer_15,0.03006863069858465
03,TE2p,90,427,lowLR,16,layer_16,0.026402518892996663
03,TE2p,90,427,lowLR,17,layer_17,0.026029150813322872
03,TE2p,90,427,lowLR,18,layer_18,0.030544229751598474
03,TE2p,90,427,lowLR,19,layer_19,0.025480053219904118
03,TE2p,90,427,lowLR,20,layer_20,0.027806258188213345
03,TE2p,90,427,lowLR,21,layer_21,0.029412425379710404
03,TE2p,90,427,lowLR,22,layer_22,0.02824478593016797
03,TE2p,90,427,lowLR,23,layer_23,0.028331651594510118
03,TE2p,90,427,lowLR,24,layer_24,0.029843418038092324
03,TE2p,90,427,lowLR,25,layer_25,0.029162078775299395
03,TE2p,90,427,lowLR,26,layer_26,0.027679210828643986
03,TE2p,90,427,lowLR,27,layer_27,0.028512942850986347
03,TE2p,90,427,lowLR,28,layer_28,0.029256001879089718
03,TE2p,90,427,lowLR,29,layer_29,0.029699580843090306
03,TE2p,90,427,lowLR,30,layer_30,0.0334864312577518
03,TE2p,90,427,lowLR,31,layer_31,0.033053767872326556
03,TE2p,90,427,lowLR,32,layer_32,0.029838259406827904
03,TE2p,90,427,lowrank,0,embedding,0.024695112697055193
03,TE2p,90,427,lowrank,1,layer_1,0.0125858007019411
03,TE2p,90,427,lowrank,2,layer_2,0.026163811898692723
03,TE2p,90,427,lowrank,3,layer_3,0.03692919502687996
03,TE2p,90,427,lowrank,4,layer_4,0.03961171578734
03,TE2p,90,427,lowrank,5,layer_5,0.031737354139705666
03,TE2p,90,427,lowrank,6,layer_6,0.04040461512119194
03,TE2p,90,427,lowrank,7,layer_7,0.03841059081344721
03,TE2p,90,427,lowrank,8,layer_8,0.0379355082586752
03,TE2p,90,427,lowrank,9,layer_9,0.03722843505472932
03,TE2p,90,427,lowrank,10,layer_10,0.03654220727150658
03,TE2p,90,427,lowrank,11,layer_11,0.03379961001337926
03,TE2p,90,427,lowrank,12,layer_12,0.03399872242058401
03,TE2p,90,427,lowrank,13,layer_13,0.0327116269214358
03,TE2p,90,427,lowrank,14,layer_14,0.034183012542439696
03,TE2p,90,427,lowrank,15,layer_15,0.026500634318682527
03,TE2p,90,427,lowrank,16,layer_16,0.020856898192019108
03,TE2p,90,427,lowrank,17,layer_17,0.020008226014385316
03,TE2p,90,427,lowrank,18,layer_18,0.023670715047133566
03,TE2p,90,427,lowrank,19,layer_19,0.018331805535270005
03,TE2p,90,427,lowrank,20,layer_20,0.01935152810749528
03,TE2p,90,427,lowrank,21,layer_21,0.021034313563497317
03,TE2p,90,427,lowrank,22,layer_22,0.01821925505781744
03,TE2p,90,427,lowrank,23,layer_23,0.017346338284593824
03,TE2p,90,427,lowrank,24,layer_24,0.018794230427342556
03,TE2p,90,427,lowrank,25,layer_25,0.01865262005893755
03,TE2p,90,427,lowrank,26,layer_26,0.017335029681678247
03,TE2p,90,427,lowrank,27,layer_27,0.018243531782773485
03,TE2p,90,427,lowrank,28,layer_28,0.01956117539764541
03,TE2p,90,427,lowrank,29,layer_29,0.020331078511224024
03,TE2p,90,427,lowrank,30,layer_30,0.0254734140226127
03,TE2p,90,427,lowrank,31,layer_31,0.026445143167251016
03,TE2p,90,427,lowrank,32,layer_32,0.026106911911912282
03,TE2p,90,427,taskvec_a0p25,0,embedding,0.024695112697055193
03,TE2p,90,427,taskvec_a0p25,1,layer_1,0.01639251248208599
03,TE2p,90,427,taskvec_a0p25,2,layer_2,0.029391731079087685
03,TE2p,90,427,taskvec_a0p25,3,layer_3,0.038726813639725174
03,TE2p,90,427,taskvec_a0p25,4,layer_4,0.044129853179761466
03,TE2p,90,427,taskvec_a0p25,5,layer_5,0.037847196399255954
03,TE2p,90,427,taskvec_a0p25,6,layer_6,0.045492131956256
03,TE2p,90,427,taskvec_a0p25,7,layer_7,0.042647237598069786
03,TE2p,90,427,taskvec_a0p25,8,layer_8,0.04090124695396563
03,TE2p,90,427,taskvec_a0p25,9,layer_9,0.040369752890858875
03,TE2p,90,427,taskvec_a0p25,10,layer_10,0.03791485281216976
03,TE2p,90,427,taskvec_a0p25,11,layer_11,0.0350667490665359
03,TE2p,90,427,taskvec_a0p25,12,layer_12,0.0342206890810951
03,TE2p,90,427,taskvec_a0p25,13,layer_13,0.03689780967964816
03,TE2p,90,427,taskvec_a0p25,14,layer_14,0.03827756458978166
03,TE2p,90,427,taskvec_a0p25,15,layer_15,0.031408925329841714
03,TE2p,90,427,taskvec_a0p25,16,layer_16,0.02835867500668053
03,TE2p,90,427,taskvec_a0p25,17,layer_17,0.02913478226351613
03,TE2p,90,427,taskvec_a0p25,18,layer_18,0.033804222819015246
03,TE2p,90,427,taskvec_a0p25,19,layer_19,0.030505721958991493
03,TE2p,90,427,taskvec_a0p25,20,layer_20,0.03199510637623132
03,TE2p,90,427,taskvec_a0p25,21,layer_21,0.0338495930332894
03,TE2p,90,427,taskvec_a0p25,22,layer_22,0.03200318990061343
03,TE2p,90,427,taskvec_a0p25,23,layer_23,0.031398814666609605
03,TE2p,90,427,taskvec_a0p25,24,layer_24,0.032039427716137374
03,TE2p,90,427,taskvec_a0p25,25,layer_25,0.03148444054837274
03,TE2p,90,427,taskvec_a0p25,26,layer_26,0.029822558233873846
03,TE2p,90,427,taskvec_a0p25,27,layer_27,0.029957504560768206
03,TE2p,90,427,taskvec_a0p25,28,layer_28,0.03071257175269696
03,TE2p,90,427,taskvec_a0p25,29,layer_29,0.030207139275559115
03,TE2p,90,427,taskvec_a0p25,30,layer_30,0.033660288862317284
03,TE2p,90,427,taskvec_a0p25,31,layer_31,0.03405508050450749
03,TE2p,90,427,taskvec_a0p25,32,layer_32,0.032501952732281396
03,TE2p,90,427,taskvec_a0p5,0,embedding,0.024695112697055193
03,TE2p,90,427,taskvec_a0p5,1,layer_1,0.01812800597657021
03,TE2p,90,427,taskvec_a0p5,2,layer_2,0.031369766543971535
03,TE2p,90,427,taskvec_a0p5,3,layer_3,0.041269396626809944
03,TE2p,90,427,taskvec_a0p5,4,layer_4,0.04758925622461779
03,TE2p,90,427,taskvec_a0p5,5,layer_5,0.04341527776880366
03,TE2p,90,427,taskvec_a0p5,6,layer_6,0.04993088945306686
03,TE2p,90,427,taskvec_a0p5,7,layer_7,0.04783320366799082
03,TE2p,90,427,taskvec_a0p5,8,layer_8,0.04749997786903103
03,TE2p,90,427,taskvec_a0p5,9,layer_9,0.04515321963307289
03,TE2p,90,427,taskvec_a0p5,10,layer_10,0.04455096587123266
03,TE2p,90,427,taskvec_a0p5,11,layer_11,0.04272967351944393
03,TE2p,90,427,taskvec_a0p5,12,layer_12,0.04251839398277046
03,TE2p,90,427,taskvec_a0p5,13,layer_13,0.044168178843693666
03,TE2p,90,427,taskvec_a0p5,14,layer_14,0.04416054457004268
03,TE2p,90,427,taskvec_a0p5,15,layer_15,0.040161244885619
03,TE2p,90,427,taskvec_a0p5,16,layer_16,0.0348808629370932
03,TE2p,90,427,taskvec_a0p5,17,layer_17,0.033180411746831784
03,TE2p,90,427,taskvec_a0p5,18,layer_18,0.037170677848986235
03,TE2p,90,427,taskvec_a0p5,19,layer_19,0.033416137808425776
03,TE2p,90,427,taskvec_a0p5,20,layer_20,0.03308459693320605
03,TE2p,90,427,taskvec_a0p5,21,layer_21,0.0334601481285949
03,TE2p,90,427,taskvec_a0p5,22,layer_22,0.032582274840236215
03,TE2p,90,427,taskvec_a0p5,23,layer_23,0.030820361479990017
03,TE2p,90,427,taskvec_a0p5,24,layer_24,0.031483599207294564
03,TE2p,90,427,taskvec_a0p5,25,layer_25,0.03180780393949405
03,TE2p,90,427,taskvec_a0p5,26,layer_26,0.03001684339060298
03,TE2p,90,427,taskvec_a0p5,27,layer_27,0.02953580494796761
03,TE2p,90,427,taskvec_a0p5,28,layer_28,0.028462228514397454
03,TE2p,90,427,taskvec_a0p5,29,layer_29,0.027405524668057835
03,TE2p,90,427,taskvec_a0p5,30,layer_30,0.02933254430334653
03,TE2p,90,427,taskvec_a0p5,31,layer_31,0.02945376410571876
03,TE2p,90,427,taskvec_a0p5,32,layer_32,0.02961263429493669
03,TE2p,90,427,taskvec_a1p0,0,embedding,0.024695112697055193
03,TE2p,90,427,taskvec_a1p0,1,layer_1,0.019994775765052937
03,TE2p,90,427,taskvec_a1p0,2,layer_2,0.034913851203461736
03,TE2p,90,427,taskvec_a1p0,3,layer_3,0.04430903006242245
03,TE2p,90,427,taskvec_a1p0,4,layer_4,0.0464021245237062
03,TE2p,90,427,taskvec_a1p0,5,layer_5,0.04812231024317389
03,TE2p,90,427,taskvec_a1p0,6,layer_6,0.054044948882467886
03,TE2p,90,427,taskvec_a1p0,7,layer_7,0.04841437141245856
03,TE2p,90,427,taskvec_a1p0,8,layer_8,0.044832784310646176
03,TE2p,90,427,taskvec_a1p0,9,layer_9,0.04222627116993433
03,TE2p,90,427,taskvec_a1p0,10,layer_10,0.04093620613279327
03,TE2p,90,427,taskvec_a1p0,11,layer_11,0.041419804464002216
03,TE2p,90,427,taskvec_a1p0,12,layer_12,0.0414143432189397
03,TE2p,90,427,taskvec_a1p0,13,layer_13,0.04418451457163053
03,TE2p,90,427,taskvec_a1p0,14,layer_14,0.04269682497845871
03,TE2p,90,427,taskvec_a1p0,15,layer_15,0.041179035212703816
03,TE2p,90,427,taskvec_a1p0,16,layer_16,0.035799420409022856
03,TE2p,90,427,taskvec_a1p0,17,layer_17,0.03253576422025995
03,TE2p,90,427,taskvec_a1p0,18,layer_18,0.033859078855068024
03,TE2p,90,427,taskvec_a1p0,19,layer_19,0.029568441472495505
03,TE2p,90,427,taskvec_a1p0,20,layer_20,0.029472594716302192
03,TE2p,90,427,taskvec_a1p0,21,layer_21,0.030385564293690867
03,TE2p,90,427,taskvec_a1p0,22,layer_22,0.02965313317425599
03,TE2p,90,427,taskvec_a1p0,23,layer_23,0.02719058910838657
03,TE2p,90,427,taskvec_a1p0,24,layer_24,0.027868984611399087
03,TE2p,90,427,taskvec_a1p0,25,layer_25,0.02801592602621397
03,TE2p,90,427,taskvec_a1p0,26,layer_26,0.027697045428874655
03,TE2p,90,427,taskvec_a1p0,27,layer_27,0.028153268419273906
03,TE2p,90,427,taskvec_a1p0,28,layer_28,0.02520673000907705
03,TE2p,90,427,taskvec_a1p0,29,layer_29,0.023774244457825826
03,TE2p,90,427,taskvec_a1p0,30,layer_30,0.024394695769655802
03,TE2p,90,427,taskvec_a1p0,31,layer_31,0.025302043455150875
03,TE2p,90,427,taskvec_a1p0,32,layer_32,0.022171357637259907
03,TF,90,642,base,0,embedding,0.01625051990219132
03,TF,90,642,base,1,layer_1,0.004897821694536735
03,TF,90,642,base,2,layer_2,-0.0036916034689038106
03,TF,90,642,base,3,layer_3,0.007551547070919698
03,TF,90,642,base,4,layer_4,0.006068871713662954
03,TF,90,642,base,5,layer_5,0.0074589324916081974
03,TF,90,642,base,6,layer_6,0.012829876662778995
03,TF,90,642,base,7,layer_7,0.006818244909422749
03,TF,90,642,base,8,layer_8,0.008209791857354222
03,TF,90,642,base,9,layer_9,0.00692391876851143
03,TF,90,642,base,10,layer_10,0.007795958148519195
03,TF,90,642,base,11,layer_11,0.0061543632872033535
03,TF,90,642,base,12,layer_12,0.005785706456049256
03,TF,90,642,base,13,layer_13,0.005095540397082467
03,TF,90,642,base,14,layer_14,0.006921414172335543
03,TF,90,642,base,15,layer_15,0.0037779873795513266
03,TF,90,642,base,16,layer_16,0.007530459372359443
03,TF,90,642,base,17,layer_17,0.008752280888458645
03,TF,90,642,base,18,layer_18,0.01870128166526266
03,TF,90,642,base,19,layer_19,0.01764099277940875
03,TF,90,642,base,20,layer_20,0.018032707474387653
03,TF,90,642,base,21,layer_21,0.023318020907030654
03,TF,90,642,base,22,layer_22,0.025468839323899435
03,TF,90,642,base,23,layer_23,0.02613920659492751
03,TF,90,642,base,24,layer_24,0.02487307102406925
03,TF,90,642,base,25,layer_25,0.023823702013159403
03,TF,90,642,base,26,layer_26,0.02427817245871064
03,TF,90,642,base,27,layer_27,0.021754877738879266
03,TF,90,642,base,28,layer_28,0.023160594297708854
03,TF,90,642,base,29,layer_29,0.022475623669338717
03,TF,90,642,base,30,layer_30,0.02331068401681583
03,TF,90,642,base,31,layer_31,0.02427598093705674
03,TF,90,642,base,32,layer_32,0.02394719851736574
03,TF,90,642,scrambled,0,embedding,0.01625051990219132
03,TF,90,642,scrambled,1,layer_1,0.02246280293142584
03,TF,90,642,scrambled,2,layer_2,0.024439943070424318
03,TF,90,642,scrambled,3,layer_3,0.02588362533220527
03,TF,90,642,scrambled,4,layer_4,0.029274761692988288
03,TF,90,642,scrambled,5,layer_5,0.022504626026309794
03,TF,90,642,scrambled,6,layer_6,0.025355611514575317
03,TF,90,642,scrambled,7,layer_7,0.01686727056761892
03,TF,90,642,scrambled,8,layer_8,0.020959216773921686
03,TF,90,642,scrambled,9,layer_9,0.01832728762334354
03,TF,90,642,scrambled,10,layer_10,0.018339417206285444
03,TF,90,642,scrambled,11,layer_11,0.01649584164463531
03,TF,90,642,scrambled,12,layer_12,0.01499727028344215
03,TF,90,642,scrambled,13,layer_13,0.007696118197781434
03,TF,90,642,scrambled,14,layer_14,0.01608337343386455
03,TF,90,642,scrambled,15,layer_15,0.011090222041772246
03,TF,90,642,scrambled,16,layer_16,0.005836773842069269
03,TF,90,642,scrambled,17,layer_17,0.01251321915606388
03,TF,90,642,scrambled,18,layer_18,0.016427771285933482
03,TF,90,642,scrambled,19,layer_19,0.00546020478088668
03,TF,90,642,scrambled,20,layer_20,0.005145587115329133
03,TF,90,642,scrambled,21,layer_21,0.00892563637827764
03,TF,90,642,scrambled,22,layer_22,0.010982814504498272
03,TF,90,642,scrambled,23,layer_23,0.009656392847897726
03,TF,90,642,scrambled,24,layer_24,0.01039590027344351
03,TF,90,642,scrambled,25,layer_25,0.011076996511204749
03,TF,90,642,scrambled,26,layer_26,0.01245223201502266
03,TF,90,642,scrambled,27,layer_27,0.011558060918851195
03,TF,90,642,scrambled,28,layer_28,0.014108807193337701
03,TF,90,642,scrambled,29,layer_29,0.016181919056820187
03,TF,90,642,scrambled,30,layer_30,0.015572859099703663
03,TF,90,642,scrambled,31,layer_31,0.014631562255631768
03,TF,90,642,scrambled,32,layer_32,0.007745713423713277
03,TF,90,642,lowLR,0,embedding,0.01625051990219132
03,TF,90,642,lowLR,1,layer_1,0.004335414137564844
03,TF,90,642,lowLR,2,layer_2,-0.005347545399826529
03,TF,90,642,lowLR,3,layer_3,0.006205197548519644
03,TF,90,642,lowLR,4,layer_4,0.006322234182129733
03,TF,90,642,lowLR,5,layer_5,0.01072466868323645
03,TF,90,642,lowLR,6,layer_6,0.01818638185941164
03,TF,90,642,lowLR,7,layer_7,0.014012500538890731
03,TF,90,642,lowLR,8,layer_8,0.013964069628887008
03,TF,90,642,lowLR,9,layer_9,0.012650226245563579
03,TF,90,642,lowLR,10,layer_10,0.015195955295356755
03,TF,90,642,lowLR,11,layer_11,0.013051824830224648
03,TF,90,642,lowLR,12,layer_12,0.011024511510299682
03,TF,90,642,lowLR,13,layer_13,0.009984605905331559
03,TF,90,642,lowLR,14,layer_14,0.011489480599859976
03,TF,90,642,lowLR,15,layer_15,0.0082867411290507
03,TF,90,642,lowLR,16,layer_16,0.010142934191692515
03,TF,90,642,lowLR,17,layer_17,0.012418153778585043
03,TF,90,642,lowLR,18,layer_18,0.019011429052547154
03,TF,90,642,lowLR,19,layer_19,0.014687978620731179
03,TF,90,642,lowLR,20,layer_20,0.015572589362466345
03,TF,90,642,lowLR,21,layer_21,0.02124740448659065
03,TF,90,642,lowLR,22,layer_22,0.022357209208954065
03,TF,90,642,lowLR,23,layer_23,0.02350946242805084
03,TF,90,642,lowLR,24,layer_24,0.022855117997236284
03,TF,90,642,lowLR,25,layer_25,0.02130822201446602
03,TF,90,642,lowLR,26,layer_26,0.022886854899510076
03,TF,90,642,lowLR,27,layer_27,0.021505154294733972
03,TF,90,642,lowLR,28,layer_28,0.021097003934545378
03,TF,90,642,lowLR,29,layer_29,0.020729716524227008
03,TF,90,642,lowLR,30,layer_30,0.023639760457567455
03,TF,90,642,lowLR,31,layer_31,0.022306568844626926
03,TF,90,642,lowLR,32,layer_32,0.022130519905206193
03,TF,90,642,lowrank,0,embedding,0.01625051990219132
03,TF,90,642,lowrank,1,layer_1,0.0065251068459738605
03,TF,90,642,lowrank,2,layer_2,-0.0003721428673887626
03,TF,90,642,lowrank,3,layer_3,0.007380509565434426
03,TF,90,642,lowrank,4,layer_4,0.009986472957746385
03,TF,90,642,lowrank,5,layer_5,0.01451281081049911
03,TF,90,642,lowrank,6,layer_6,0.019654608902198195
03,TF,90,642,lowrank,7,layer_7,0.015391379550197504
03,TF,90,642,lowrank,8,layer_8,0.01495203755296762
03,TF,90,642,lowrank,9,layer_9,0.014333815309318348
03,TF,90,642,lowrank,10,layer_10,0.015203357938693138
03,TF,90,642,lowrank,11,layer_11,0.01400689433808295
03,TF,90,642,lowrank,12,layer_12,0.014973985459268771
03,TF,90,642,lowrank,13,layer_13,0.013072732454895169
03,TF,90,642,lowrank,14,layer_14,0.0129814008086487
03,TF,90,642,lowrank,15,layer_15,0.010879700907580437
03,TF,90,642,lowrank,16,layer_16,0.010886885556903004
03,TF,90,642,lowrank,17,layer_17,0.011907976615970805
03,TF,90,642,lowrank,18,layer_18,0.01842548468003544
03,TF,90,642,lowrank,19,layer_19,0.01755324467828745
03,TF,90,642,lowrank,20,layer_20,0.017992557908526653
03,TF,90,642,lowrank,21,layer_21,0.021472599961608024
03,TF,90,642,lowrank,22,layer_22,0.02143893174818697
03,TF,90,642,lowrank,23,layer_23,0.023035184228226126
03,TF,90,642,lowrank,24,layer_24,0.022833536776667027
03,TF,90,642,lowrank,25,layer_25,0.022346034167066667
03,TF,90,642,lowrank,26,layer_26,0.024500744907213858
03,TF,90,642,lowrank,27,layer_27,0.022269935389581767
03,TF,90,642,lowrank,28,layer_28,0.022934730457154686
03,TF,90,642,lowrank,29,layer_29,0.022612438543037027
03,TF,90,642,lowrank,30,layer_30,0.024795902077171184
03,TF,90,642,lowrank,31,layer_31,0.02103660987918871
03,TF,90,642,lowrank,32,layer_32,0.015803111027128933
03,TF,90,642,taskvec_a0p25,0,embedding,0.01625051990219132
03,TF,90,642,taskvec_a0p25,1,layer_1,0.005244466547455884
03,TF,90,642,taskvec_a0p25,2,layer_2,1.9283036891455726e-05
03,TF,90,642,taskvec_a0p25,3,layer_3,0.007900807665206011
03,TF,90,642,taskvec_a0p25,4,layer_4,0.013155405797341771
03,TF,90,642,taskvec_a0p25,5,layer_5,0.013509928696138148
03,TF,90,642,taskvec_a0p25,6,layer_6,0.02040492898026822
03,TF,90,642,taskvec_a0p25,7,layer_7,0.01382623819698545
03,TF,90,642,taskvec_a0p25,8,layer_8,0.014838458562198795
03,TF,90,642,taskvec_a0p25,9,layer_9,0.01321891938999985
03,TF,90,642,taskvec_a0p25,10,layer_10,0.01432524368008782
03,TF,90,642,taskvec_a0p25,11,layer_11,0.011844185440532494
03,TF,90,642,taskvec_a0p25,12,layer_12,0.01150281746241739
03,TF,90,642,taskvec_a0p25,13,layer_13,0.009399005429117565
03,TF,90,642,taskvec_a0p25,14,layer_14,0.01067976621275886
03,TF,90,642,taskvec_a0p25,15,layer_15,0.008407484594888883
03,TF,90,642,taskvec_a0p25,16,layer_16,0.010598574930728386
03,TF,90,642,taskvec_a0p25,17,layer_17,0.010924942417591085
03,TF,90,642,taskvec_a0p25,18,layer_18,0.02113971376257722
03,TF,90,642,taskvec_a0p25,19,layer_19,0.018014851952709212
03,TF,90,642,taskvec_a0p25,20,layer_20,0.017834215985864918
03,TF,90,642,taskvec_a0p25,21,layer_21,0.022308214353853762
03,TF,90,642,taskvec_a0p25,22,layer_22,0.024687445291931818
03,TF,90,642,taskvec_a0p25,23,layer_23,0.02485935682825741
03,TF,90,642,taskvec_a0p25,24,layer_24,0.023798264334650765
03,TF,90,642,taskvec_a0p25,25,layer_25,0.02338591287303051
03,TF,90,642,taskvec_a0p25,26,layer_26,0.025151649627856668
03,TF,90,642,taskvec_a0p25,27,layer_27,0.022786461464399613
03,TF,90,642,taskvec_a0p25,28,layer_28,0.024371206774568027
03,TF,90,642,taskvec_a0p25,29,layer_29,0.024560922836543115
03,TF,90,642,taskvec_a0p25,30,layer_30,0.026190630579552815
03,TF,90,642,taskvec_a0p25,31,layer_31,0.02493172374249635
03,TF,90,642,taskvec_a0p25,32,layer_32,0.0232811009028705
03,TF,90,642,taskvec_a0p5,0,embedding,0.01625051990219132
03,TF,90,642,taskvec_a0p5,1,layer_1,0.005554963434997317
03,TF,90,642,taskvec_a0p5,2,layer_2,0.0036758173025681876
03,TF,90,642,taskvec_a0p5,3,layer_3,0.009077261955809303
03,TF,90,642,taskvec_a0p5,4,layer_4,0.01643063565629156
03,TF,90,642,taskvec_a0p5,5,layer_5,0.017736010710032824
03,TF,90,642,taskvec_a0p5,6,layer_6,0.024201685700448793
03,TF,90,642,taskvec_a0p5,7,layer_7,0.01709864366048629
03,TF,90,642,taskvec_a0p5,8,layer_8,0.017717152640049198
03,TF,90,642,taskvec_a0p5,9,layer_9,0.016213419285216087
03,TF,90,642,taskvec_a0p5,10,layer_10,0.018274777217823324
03,TF,90,642,taskvec_a0p5,11,layer_11,0.01615126278468344
03,TF,90,642,taskvec_a0p5,12,layer_12,0.01559940710933323
03,TF,90,642,taskvec_a0p5,13,layer_13,0.013376743133231997
03,TF,90,642,taskvec_a0p5,14,layer_14,0.013735041792954924
03,TF,90,642,taskvec_a0p5,15,layer_15,0.013507945641767381
03,TF,90,642,taskvec_a0p5,16,layer_16,0.01456764106833946
03,TF,90,642,taskvec_a0p5,17,layer_17,0.014080231671260856
03,TF,90,642,taskvec_a0p5,18,layer_18,0.023851580029111485
03,TF,90,642,taskvec_a0p5,19,layer_19,0.019245779155353
03,TF,90,642,taskvec_a0p5,20,layer_20,0.019048464685065967
03,TF,90,642,taskvec_a0p5,21,layer_21,0.023603897173318324
03,TF,90,642,taskvec_a0p5,22,layer_22,0.026030882249924475
03,TF,90,642,taskvec_a0p5,23,layer_23,0.026269300453529727
03,TF,90,642,taskvec_a0p5,24,layer_24,0.026075690760685746
03,TF,90,642,taskvec_a0p5,25,layer_25,0.02532531744500309
03,TF,90,642,taskvec_a0p5,26,layer_26,0.026856247934742554
03,TF,90,642,taskvec_a0p5,27,layer_27,0.024193994826809652
03,TF,90,642,taskvec_a0p5,28,layer_28,0.026796230839043027
03,TF,90,642,taskvec_a0p5,29,layer_29,0.02781185747747142
03,TF,90,642,taskvec_a0p5,30,layer_30,0.02963993958625607
03,TF,90,642,taskvec_a0p5,31,layer_31,0.026903610916916804
03,TF,90,642,taskvec_a0p5,32,layer_32,0.020580562853109094
03,TF,90,642,taskvec_a1p0,0,embedding,0.01625051990219132
03,TF,90,642,taskvec_a1p0,1,layer_1,0.0005640739876464941
03,TF,90,642,taskvec_a1p0,2,layer_2,0.00243982075841029
03,TF,90,642,taskvec_a1p0,3,layer_3,0.008276093419726285
03,TF,90,642,taskvec_a1p0,4,layer_4,0.01268183930033852
03,TF,90,642,taskvec_a1p0,5,layer_5,0.014859168367108707
03,TF,90,642,taskvec_a1p0,6,layer_6,0.024034624577630295
03,TF,90,642,taskvec_a1p0,7,layer_7,0.01558053428225698
03,TF,90,642,taskvec_a1p0,8,layer_8,0.01655447792478202
03,TF,90,642,taskvec_a1p0,9,layer_9,0.01416845685611077
03,TF,90,642,taskvec_a1p0,10,layer_10,0.01569510405301662
03,TF,90,642,taskvec_a1p0,11,layer_11,0.014688954830428013
03,TF,90,642,taskvec_a1p0,12,layer_12,0.014948485016416827
03,TF,90,642,taskvec_a1p0,13,layer_13,0.013654225976192466
03,TF,90,642,taskvec_a1p0,14,layer_14,0.012596162422546443
03,TF,90,642,taskvec_a1p0,15,layer_15,0.011910641672179142
03,TF,90,642,taskvec_a1p0,16,layer_16,0.011590822972065715
03,TF,90,642,taskvec_a1p0,17,layer_17,0.009733385270080228
03,TF,90,642,taskvec_a1p0,18,layer_18,0.02038779207296095
03,TF,90,642,taskvec_a1p0,19,layer_19,0.015094252214975625
03,TF,90,642,taskvec_a1p0,20,layer_20,0.01669074491806686
03,TF,90,642,taskvec_a1p0,21,layer_21,0.021923882127958035
03,TF,90,642,taskvec_a1p0,22,layer_22,0.02349948943541701
03,TF,90,642,taskvec_a1p0,23,layer_23,0.02269149359581128
03,TF,90,642,taskvec_a1p0,24,layer_24,0.02226214682025348
03,TF,90,642,taskvec_a1p0,25,layer_25,0.02062668698669753
03,TF,90,642,taskvec_a1p0,26,layer_26,0.020710976324185726
03,TF,90,642,taskvec_a1p0,27,layer_27,0.018455113933245053
03,TF,90,642,taskvec_a1p0,28,layer_28,0.021149731586884848
03,TF,90,642,taskvec_a1p0,29,layer_29,0.0231440663539706
03,TF,90,642,taskvec_a1p0,30,layer_30,0.023436942712523726
03,TF,90,642,taskvec_a1p0,31,layer_31,0.02006219905326302
03,TF,90,642,taskvec_a1p0,32,layer_32,0.008512435356439014
03,PeEc,90,841,base,0,embedding,0.02614374328622088
03,PeEc,90,841,base,1,layer_1,0.023958381965191976
03,PeEc,90,841,base,2,layer_2,0.018417430856637218
03,PeEc,90,841,base,3,layer_3,0.01349887320538086
03,PeEc,90,841,base,4,layer_4,0.016918317779385728
03,PeEc,90,841,base,5,layer_5,0.0138231752596722
03,PeEc,90,841,base,6,layer_6,0.013167914768323144
03,PeEc,90,841,base,7,layer_7,0.009975454079522696
03,PeEc,90,841,base,8,layer_8,0.014044183269558691
03,PeEc,90,841,base,9,layer_9,0.014212734298336232
03,PeEc,90,841,base,10,layer_10,0.01880963216207541
03,PeEc,90,841,base,11,layer_11,0.01819003526722847
03,PeEc,90,841,base,12,layer_12,0.017308238833815638
03,PeEc,90,841,base,13,layer_13,0.01595719431437764
03,PeEc,90,841,base,14,layer_14,0.016483701974566802
03,PeEc,90,841,base,15,layer_15,0.014817106730360446
03,PeEc,90,841,base,16,layer_16,0.012991947273109799
03,PeEc,90,841,base,17,layer_17,0.011125515403368287
03,PeEc,90,841,base,18,layer_18,0.01246881954752733
03,PeEc,90,841,base,19,layer_19,0.009394173695474555
03,PeEc,90,841,base,20,layer_20,0.004910102210780407
03,PeEc,90,841,base,21,layer_21,0.009148929122339793
03,PeEc,90,841,base,22,layer_22,0.008863081249445523
03,PeEc,90,841,base,23,layer_23,0.010000458945580588
03,PeEc,90,841,base,24,layer_24,0.013144620977815007
03,PeEc,90,841,base,25,layer_25,0.01177714396874421
03,PeEc,90,841,base,26,layer_26,0.011439502810311765
03,PeEc,90,841,base,27,layer_27,0.010808342332404556
03,PeEc,90,841,base,28,layer_28,0.011999579493843716
03,PeEc,90,841,base,29,layer_29,0.013908735014716494
03,PeEc,90,841,base,30,layer_30,0.016826061853464573
03,PeEc,90,841,base,31,layer_31,0.018618497924819344
03,PeEc,90,841,base,32,layer_32,0.014254746059847397
03,PeEc,90,841,scrambled,0,embedding,0.02614374328622088
03,PeEc,90,841,scrambled,1,layer_1,0.02870167485772169
03,PeEc,90,841,scrambled,2,layer_2,0.02538463778177242
03,PeEc,90,841,scrambled,3,layer_3,0.026620997275689395
03,PeEc,90,841,scrambled,4,layer_4,0.0298551336752462
03,PeEc,90,841,scrambled,5,layer_5,0.030947144332683998
03,PeEc,90,841,scrambled,6,layer_6,0.026791627186540438
03,PeEc,90,841,scrambled,7,layer_7,0.024143991819444932
03,PeEc,90,841,scrambled,8,layer_8,0.023940084477929398
03,PeEc,90,841,scrambled,9,layer_9,0.023203874048393785
03,PeEc,90,841,scrambled,10,layer_10,0.02517398906410894
03,PeEc,90,841,scrambled,11,layer_11,0.025912777688484916
03,PeEc,90,841,scrambled,12,layer_12,0.02415192272933751
03,PeEc,90,841,scrambled,13,layer_13,0.02154216097346346
03,PeEc,90,841,scrambled,14,layer_14,0.020131789392505064
03,PeEc,90,841,scrambled,15,layer_15,0.02121281666346092
03,PeEc,90,841,scrambled,16,layer_16,0.02316371999936541
03,PeEc,90,841,scrambled,17,layer_17,0.02230553491415008
03,PeEc,90,841,scrambled,18,layer_18,0.014929756584689917
03,PeEc,90,841,scrambled,19,layer_19,0.01136906477883776
03,PeEc,90,841,scrambled,20,layer_20,0.00847591117859872
03,PeEc,90,841,scrambled,21,layer_21,0.016887563064365278
03,PeEc,90,841,scrambled,22,layer_22,0.014915371221361674
03,PeEc,90,841,scrambled,23,layer_23,0.015562152548807402
03,PeEc,90,841,scrambled,24,layer_24,0.017726987775286113
03,PeEc,90,841,scrambled,25,layer_25,0.013163324004926771
03,PeEc,90,841,scrambled,26,layer_26,0.015363668905827578
03,PeEc,90,841,scrambled,27,layer_27,0.013428388287448014
03,PeEc,90,841,scrambled,28,layer_28,0.01467018810497974
03,PeEc,90,841,scrambled,29,layer_29,0.019442540141267332
03,PeEc,90,841,scrambled,30,layer_30,0.019085969929367758
03,PeEc,90,841,scrambled,31,layer_31,0.015640794589786833
03,PeEc,90,841,scrambled,32,layer_32,0.007009494401440191
03,PeEc,90,841,lowLR,0,embedding,0.02614374328622088
03,PeEc,90,841,lowLR,1,layer_1,0.026960161029843027
03,PeEc,90,841,lowLR,2,layer_2,0.02383621640130136
03,PeEc,90,841,lowLR,3,layer_3,0.01780943284979366
03,PeEc,90,841,lowLR,4,layer_4,0.01639859576662238
03,PeEc,90,841,lowLR,5,layer_5,0.009750292975455233
03,PeEc,90,841,lowLR,6,layer_6,0.011857372116982701
03,PeEc,90,841,lowLR,7,layer_7,0.009106442705482349
03,PeEc,90,841,lowLR,8,layer_8,0.012842931646187439
03,PeEc,90,841,lowLR,9,layer_9,0.011880141376907464
03,PeEc,90,841,lowLR,10,layer_10,0.014749542222377912
03,PeEc,90,841,lowLR,11,layer_11,0.013869055060638473
03,PeEc,90,841,lowLR,12,layer_12,0.012902790336639562
03,PeEc,90,841,lowLR,13,layer_13,0.011638802016157333
03,PeEc,90,841,lowLR,14,layer_14,0.0140899465081731
03,PeEc,90,841,lowLR,15,layer_15,0.012565055218490795
03,PeEc,90,841,lowLR,16,layer_16,0.012548895081276287
03,PeEc,90,841,lowLR,17,layer_17,0.01055248255290888
03,PeEc,90,841,lowLR,18,layer_18,0.008723650447581405
03,PeEc,90,841,lowLR,19,layer_19,0.0052843334869733475
03,PeEc,90,841,lowLR,20,layer_20,0.0037563224731909906
03,PeEc,90,841,lowLR,21,layer_21,0.009353938389037426
03,PeEc,90,841,lowLR,22,layer_22,0.008631756350627483
03,PeEc,90,841,lowLR,23,layer_23,0.010554398733366239
03,PeEc,90,841,lowLR,24,layer_24,0.01256743092360453
03,PeEc,90,841,lowLR,25,layer_25,0.011970244261694728
03,PeEc,90,841,lowLR,26,layer_26,0.012681645029752083
03,PeEc,90,841,lowLR,27,layer_27,0.012713616924716006
03,PeEc,90,841,lowLR,28,layer_28,0.012247915958081048
03,PeEc,90,841,lowLR,29,layer_29,0.013479115513143123
03,PeEc,90,841,lowLR,30,layer_30,0.017457013303692728
03,PeEc,90,841,lowLR,31,layer_31,0.017153922235064567
03,PeEc,90,841,lowLR,32,layer_32,0.013862494505574832
03,PeEc,90,841,lowrank,0,embedding,0.02614374328622088
03,PeEc,90,841,lowrank,1,layer_1,0.02135300792259175
03,PeEc,90,841,lowrank,2,layer_2,0.021721048691828476
03,PeEc,90,841,lowrank,3,layer_3,0.018238562004934917
03,PeEc,90,841,lowrank,4,layer_4,0.015514430166048247
03,PeEc,90,841,lowrank,5,layer_5,0.008233554512450775
03,PeEc,90,841,lowrank,6,layer_6,0.006314361553413089
03,PeEc,90,841,lowrank,7,layer_7,0.002503061625052796
03,PeEc,90,841,lowrank,8,layer_8,0.004835747759003325
03,PeEc,90,841,lowrank,9,layer_9,0.005763750143809269
03,PeEc,90,841,lowrank,10,layer_10,0.009956343644575342
03,PeEc,90,841,lowrank,11,layer_11,0.010174079129073605
03,PeEc,90,841,lowrank,12,layer_12,0.012374718051035039
03,PeEc,90,841,lowrank,13,layer_13,0.012088195087852905
03,PeEc,90,841,lowrank,14,layer_14,0.015103394887651087
03,PeEc,90,841,lowrank,15,layer_15,0.011521923787794647
03,PeEc,90,841,lowrank,16,layer_16,0.012009140035078657
03,PeEc,90,841,lowrank,17,layer_17,0.010098698405563952
03,PeEc,90,841,lowrank,18,layer_18,0.008684069870380293
03,PeEc,90,841,lowrank,19,layer_19,0.006254703858298467
03,PeEc,90,841,lowrank,20,layer_20,0.003754501186443161
03,PeEc,90,841,lowrank,21,layer_21,0.009574542353463859
03,PeEc,90,841,lowrank,22,layer_22,0.00868948217419892
03,PeEc,90,841,lowrank,23,layer_23,0.010077559710974758
03,PeEc,90,841,lowrank,24,layer_24,0.011582325875492867
03,PeEc,90,841,lowrank,25,layer_25,0.010667099023328725
03,PeEc,90,841,lowrank,26,layer_26,0.011336162439843997
03,PeEc,90,841,lowrank,27,layer_27,0.010625764593689113
03,PeEc,90,841,lowrank,28,layer_28,0.010233168022326981
03,PeEc,90,841,lowrank,29,layer_29,0.01087513984516795
03,PeEc,90,841,lowrank,30,layer_30,0.015223938105346328
03,PeEc,90,841,lowrank,31,layer_31,0.01454264610260953
03,PeEc,90,841,lowrank,32,layer_32,0.012639289371943202
03,PeEc,90,841,taskvec_a0p25,0,embedding,0.02614374328622088
03,PeEc,90,841,taskvec_a0p25,1,layer_1,0.024656922954420533
03,PeEc,90,841,taskvec_a0p25,2,layer_2,0.022091356822967274
03,PeEc,90,841,taskvec_a0p25,3,layer_3,0.015276222858108458
03,PeEc,90,841,taskvec_a0p25,4,layer_4,0.02008998759266616
03,PeEc,90,841,taskvec_a0p25,5,layer_5,0.010416846939029958
03,PeEc,90,841,taskvec_a0p25,6,layer_6,0.007504185956731857
03,PeEc,90,841,taskvec_a0p25,7,layer_7,0.0032735370896668278
03,PeEc,90,841,taskvec_a0p25,8,layer_8,0.005466494477921158
03,PeEc,90,841,taskvec_a0p25,9,layer_9,0.006251030463027076
03,PeEc,90,841,taskvec_a0p25,10,layer_10,0.01020854048952351
03,PeEc,90,841,taskvec_a0p25,11,layer_11,0.008283798490062128
03,PeEc,90,841,taskvec_a0p25,12,layer_12,0.007189156773768621
03,PeEc,90,841,taskvec_a0p25,13,layer_13,0.0065932526713265716
03,PeEc,90,841,taskvec_a0p25,14,layer_14,0.008186261579766829
03,PeEc,90,841,taskvec_a0p25,15,layer_15,0.00677794384986406
03,PeEc,90,841,taskvec_a0p25,16,layer_16,0.00887908895896914
03,PeEc,90,841,taskvec_a0p25,17,layer_17,0.007187313071183895
03,PeEc,90,841,taskvec_a0p25,18,layer_18,0.006809337416236057
03,PeEc,90,841,taskvec_a0p25,19,layer_19,0.003815753021158396
03,PeEc,90,841,taskvec_a0p25,20,layer_20,0.0002876099444729646
03,PeEc,90,841,taskvec_a0p25,21,layer_21,0.0053959968576807365
03,PeEc,90,841,taskvec_a0p25,22,layer_22,0.005288652831944635
03,PeEc,90,841,taskvec_a0p25,23,layer_23,0.006785885780876442
03,PeEc,90,841,taskvec_a0p25,24,layer_24,0.009136974382925683
03,PeEc,90,841,taskvec_a0p25,25,layer_25,0.00810585522562501
03,PeEc,90,841,taskvec_a0p25,26,layer_26,0.009074320624411221
03,PeEc,90,841,taskvec_a0p25,27,layer_27,0.007540286288456168
03,PeEc,90,841,taskvec_a0p25,28,layer_28,0.008529164669112053
03,PeEc,90,841,taskvec_a0p25,29,layer_29,0.010311751595331844
03,PeEc,90,841,taskvec_a0p25,30,layer_30,0.014380091310201765
03,PeEc,90,841,taskvec_a0p25,31,layer_31,0.013361920847882916
03,PeEc,90,841,taskvec_a0p25,32,layer_32,0.013232411855825053
03,PeEc,90,841,taskvec_a0p5,0,embedding,0.02614374328622088
03,PeEc,90,841,taskvec_a0p5,1,layer_1,0.02652075402668614
03,PeEc,90,841,taskvec_a0p5,2,layer_2,0.02866261133915832
03,PeEc,90,841,taskvec_a0p5,3,layer_3,0.019705051259966078
03,PeEc,90,841,taskvec_a0p5,4,layer_4,0.023358374643806048
03,PeEc,90,841,taskvec_a0p5,5,layer_5,0.013013536152423327
03,PeEc,90,841,taskvec_a0p5,6,layer_6,0.008672714567804517
03,PeEc,90,841,taskvec_a0p5,7,layer_7,0.006052604727625904
03,PeEc,90,841,taskvec_a0p5,8,layer_8,0.00746495095701623
03,PeEc,90,841,taskvec_a0p5,9,layer_9,0.006687619235090163
03,PeEc,90,841,taskvec_a0p5,10,layer_10,0.00928699181095867
03,PeEc,90,841,taskvec_a0p5,11,layer_11,0.008603002062251392
03,PeEc,90,841,taskvec_a0p5,12,layer_12,0.00677088398203355
03,PeEc,90,841,taskvec_a0p5,13,layer_13,0.005853827997578664
03,PeEc,90,841,taskvec_a0p5,14,layer_14,0.007229677882126177
03,PeEc,90,841,taskvec_a0p5,15,layer_15,0.0071246430611876825
03,PeEc,90,841,taskvec_a0p5,16,layer_16,0.00947316504991229
03,PeEc,90,841,taskvec_a0p5,17,layer_17,0.008663381920911357
03,PeEc,90,841,taskvec_a0p5,18,layer_18,0.008002940008863708
03,PeEc,90,841,taskvec_a0p5,19,layer_19,0.005118418000218895
03,PeEc,90,841,taskvec_a0p5,20,layer_20,0.004424950462074551
03,PeEc,90,841,taskvec_a0p5,21,layer_21,0.008401500500430757
03,PeEc,90,841,taskvec_a0p5,22,layer_22,0.006970282191158742
03,PeEc,90,841,taskvec_a0p5,23,layer_23,0.007589704055679252
03,PeEc,90,841,taskvec_a0p5,24,layer_24,0.009650767593628585
03,PeEc,90,841,taskvec_a0p5,25,layer_25,0.008046864588456696
03,PeEc,90,841,taskvec_a0p5,26,layer_26,0.009882053077933417
03,PeEc,90,841,taskvec_a0p5,27,layer_27,0.007753401682171448
03,PeEc,90,841,taskvec_a0p5,28,layer_28,0.009680575239540164
03,PeEc,90,841,taskvec_a0p5,29,layer_29,0.01106654008368852
03,PeEc,90,841,taskvec_a0p5,30,layer_30,0.014158860262738155
03,PeEc,90,841,taskvec_a0p5,31,layer_31,0.012001005141070326
03,PeEc,90,841,taskvec_a0p5,32,layer_32,0.010915415500111492
03,PeEc,90,841,taskvec_a1p0,0,embedding,0.02614374328622088
03,PeEc,90,841,taskvec_a1p0,1,layer_1,0.022794783343847387
03,PeEc,90,841,taskvec_a1p0,2,layer_2,0.03650177246412108
03,PeEc,90,841,taskvec_a1p0,3,layer_3,0.027006161876328538
03,PeEc,90,841,taskvec_a1p0,4,layer_4,0.026497442677105774
03,PeEc,90,841,taskvec_a1p0,5,layer_5,0.021442085469639646
03,PeEc,90,841,taskvec_a1p0,6,layer_6,0.016710768424770456
03,PeEc,90,841,taskvec_a1p0,7,layer_7,0.015720440113064664
03,PeEc,90,841,taskvec_a1p0,8,layer_8,0.01688896666935227
03,PeEc,90,841,taskvec_a1p0,9,layer_9,0.013576937851761572
03,PeEc,90,841,taskvec_a1p0,10,layer_10,0.016198750735148388
03,PeEc,90,841,taskvec_a1p0,11,layer_11,0.01637198704743455
03,PeEc,90,841,taskvec_a1p0,12,layer_12,0.013273055317292334
03,PeEc,90,841,taskvec_a1p0,13,layer_13,0.011472164179058894
03,PeEc,90,841,taskvec_a1p0,14,layer_14,0.014290360528306982
03,PeEc,90,841,taskvec_a1p0,15,layer_15,0.013184144955027956
03,PeEc,90,841,taskvec_a1p0,16,layer_16,0.015887504411460054
03,PeEc,90,841,taskvec_a1p0,17,layer_17,0.011372064765009057
03,PeEc,90,841,taskvec_a1p0,18,layer_18,0.012096400778546101
03,PeEc,90,841,taskvec_a1p0,19,layer_19,0.011259895730381015
03,PeEc,90,841,taskvec_a1p0,20,layer_20,0.013283270400964645
03,PeEc,90,841,taskvec_a1p0,21,layer_21,0.016385360335726924
03,PeEc,90,841,taskvec_a1p0,22,layer_22,0.012641719809058689
03,PeEc,90,841,taskvec_a1p0,23,layer_23,0.010861156472514717
03,PeEc,90,841,taskvec_a1p0,24,layer_24,0.01168193326192283
03,PeEc,90,841,taskvec_a1p0,25,layer_25,0.010724197016668423
03,PeEc,90,841,taskvec_a1p0,26,layer_26,0.01348857947948077
03,PeEc,90,841,taskvec_a1p0,27,layer_27,0.010484557336750957
03,PeEc,90,841,taskvec_a1p0,28,layer_28,0.01196546483167114
03,PeEc,90,841,taskvec_a1p0,29,layer_29,0.014165568015130752
03,PeEc,90,841,taskvec_a1p0,30,layer_30,0.013308587594349964
03,PeEc,90,841,taskvec_a1p0,31,layer_31,0.011246169205858884
03,PeEc,90,841,taskvec_a1p0,32,layer_32,0.00928100173894404
03,EC,90,390,base,0,embedding,-0.0038752601471408374
03,EC,90,390,base,1,layer_1,0.0114455354724165
03,EC,90,390,base,2,layer_2,0.00650282886647441
03,EC,90,390,base,3,layer_3,-0.0043474327621141114
03,EC,90,390,base,4,layer_4,0.006045537387849762
03,EC,90,390,base,5,layer_5,0.009727132185579346
03,EC,90,390,base,6,layer_6,0.009212881691803758
03,EC,90,390,base,7,layer_7,0.006410134897740567
03,EC,90,390,base,8,layer_8,0.004931622908590043
03,EC,90,390,base,9,layer_9,0.0068130604999459025
03,EC,90,390,base,10,layer_10,0.01051992298942099
03,EC,90,390,base,11,layer_11,0.005168565589731593
03,EC,90,390,base,12,layer_12,0.004636875948447917
03,EC,90,390,base,13,layer_13,0.004630062468024627
03,EC,90,390,base,14,layer_14,0.011410067640889948
03,EC,90,390,base,15,layer_15,0.012042980476846533
03,EC,90,390,base,16,layer_16,0.015757343492145783
03,EC,90,390,base,17,layer_17,0.015434962475076463
03,EC,90,390,base,18,layer_18,0.014301444038860385
03,EC,90,390,base,19,layer_19,0.011399922233110654
03,EC,90,390,base,20,layer_20,0.016056027233642835
03,EC,90,390,base,21,layer_21,0.023554233765882587
03,EC,90,390,base,22,layer_22,0.02053168007719327
03,EC,90,390,base,23,layer_23,0.01855216460667834
03,EC,90,390,base,24,layer_24,0.01591866765510794
03,EC,90,390,base,25,layer_25,0.018180687676444044
03,EC,90,390,base,26,layer_26,0.019095299961079944
03,EC,90,390,base,27,layer_27,0.01980707115084201
03,EC,90,390,base,28,layer_28,0.01703964461737914
03,EC,90,390,base,29,layer_29,0.01644910126233086
03,EC,90,390,base,30,layer_30,0.01960201593167874
03,EC,90,390,base,31,layer_31,0.014857549756886145
03,EC,90,390,base,32,layer_32,0.006101561849400766
03,EC,90,390,scrambled,0,embedding,-0.0038752601471408374
03,EC,90,390,scrambled,1,layer_1,0.012497365555418926
03,EC,90,390,scrambled,2,layer_2,0.02183346224587733
03,EC,90,390,scrambled,3,layer_3,0.01936370289570826
03,EC,90,390,scrambled,4,layer_4,0.020680770983967874
03,EC,90,390,scrambled,5,layer_5,0.015388669475516734
03,EC,90,390,scrambled,6,layer_6,0.016333019543372556
03,EC,90,390,scrambled,7,layer_7,0.016954675146039783
03,EC,90,390,scrambled,8,layer_8,0.019245758233905227
03,EC,90,390,scrambled,9,layer_9,0.019692246773534955
03,EC,90,390,scrambled,10,layer_10,0.020346887093396545
03,EC,90,390,scrambled,11,layer_11,0.020650245470879687
03,EC,90,390,scrambled,12,layer_12,0.018801264703759275
03,EC,90,390,scrambled,13,layer_13,0.019679101939980286
03,EC,90,390,scrambled,14,layer_14,0.019728950091271777
03,EC,90,390,scrambled,15,layer_15,0.021704481333577018
03,EC,90,390,scrambled,16,layer_16,0.021684552160187023
03,EC,90,390,scrambled,17,layer_17,0.020528466766974177
03,EC,90,390,scrambled,18,layer_18,0.019913343139178544
03,EC,90,390,scrambled,19,layer_19,0.016154827649944525
03,EC,90,390,scrambled,20,layer_20,0.017700943374792152
03,EC,90,390,scrambled,21,layer_21,0.02479058915022947
03,EC,90,390,scrambled,22,layer_22,0.02621380239054851
03,EC,90,390,scrambled,23,layer_23,0.027228648210658343
03,EC,90,390,scrambled,24,layer_24,0.02498323384129507
03,EC,90,390,scrambled,25,layer_25,0.026679178327548472
03,EC,90,390,scrambled,26,layer_26,0.026858849105815735
03,EC,90,390,scrambled,27,layer_27,0.02392315230193245
03,EC,90,390,scrambled,28,layer_28,0.02490846432293812
03,EC,90,390,scrambled,29,layer_29,0.02569056258578156
03,EC,90,390,scrambled,30,layer_30,0.026640767109838783
03,EC,90,390,scrambled,31,layer_31,0.023854965567677397
03,EC,90,390,scrambled,32,layer_32,0.013050747562463135
03,EC,90,390,lowLR,0,embedding,-0.0038752601471408374
03,EC,90,390,lowLR,1,layer_1,0.01292461626342827
03,EC,90,390,lowLR,2,layer_2,0.007773798225760732
03,EC,90,390,lowLR,3,layer_3,0.004397711110675373
03,EC,90,390,lowLR,4,layer_4,0.008774887073169988
03,EC,90,390,lowLR,5,layer_5,0.007994962772908214
03,EC,90,390,lowLR,6,layer_6,0.010425984381343479
03,EC,90,390,lowLR,7,layer_7,0.008898097401858613
03,EC,90,390,lowLR,8,layer_8,0.007178797668344247
03,EC,90,390,lowLR,9,layer_9,0.00837483873042894
03,EC,90,390,lowLR,10,layer_10,0.010770054028200518
03,EC,90,390,lowLR,11,layer_11,0.007408495924598176
03,EC,90,390,lowLR,12,layer_12,0.006931763937827876
03,EC,90,390,lowLR,13,layer_13,0.008192602646427528
03,EC,90,390,lowLR,14,layer_14,0.013307695630840128
03,EC,90,390,lowLR,15,layer_15,0.016034267246774328
03,EC,90,390,lowLR,16,layer_16,0.020815687423079706
03,EC,90,390,lowLR,17,layer_17,0.020273838550917314
03,EC,90,390,lowLR,18,layer_18,0.020247543466647394
03,EC,90,390,lowLR,19,layer_19,0.015809052718295597
03,EC,90,390,lowLR,20,layer_20,0.019510148360131815
03,EC,90,390,lowLR,21,layer_21,0.025815102173598142
03,EC,90,390,lowLR,22,layer_22,0.023425912065985665
03,EC,90,390,lowLR,23,layer_23,0.023085605104150322
03,EC,90,390,lowLR,24,layer_24,0.019698343694372122
03,EC,90,390,lowLR,25,layer_25,0.021605789820882914
03,EC,90,390,lowLR,26,layer_26,0.02217300221249354
03,EC,90,390,lowLR,27,layer_27,0.02200405180822196
03,EC,90,390,lowLR,28,layer_28,0.019330853981125766
03,EC,90,390,lowLR,29,layer_29,0.019368601690063318
03,EC,90,390,lowLR,30,layer_30,0.0223240184528589
03,EC,90,390,lowLR,31,layer_31,0.017686537650412067
03,EC,90,390,lowLR,32,layer_32,0.007667377172108839
03,EC,90,390,lowrank,0,embedding,-0.0038752601471408374
03,EC,90,390,lowrank,1,layer_1,0.012058119572690413
03,EC,90,390,lowrank,2,layer_2,0.009465158673368832
03,EC,90,390,lowrank,3,layer_3,0.0035180232603199283
03,EC,90,390,lowrank,4,layer_4,0.007690173517836518
03,EC,90,390,lowrank,5,layer_5,0.00803758181680063
03,EC,90,390,lowrank,6,layer_6,0.008937942672733745
03,EC,90,390,lowrank,7,layer_7,0.008400627216785002
03,EC,90,390,lowrank,8,layer_8,0.007698213891732603
03,EC,90,390,lowrank,9,layer_9,0.008320843088915699
03,EC,90,390,lowrank,10,layer_10,0.011639293483381287
03,EC,90,390,lowrank,11,layer_11,0.007134476328438195
03,EC,90,390,lowrank,12,layer_12,0.009470630379155232
03,EC,90,390,lowrank,13,layer_13,0.009045805625093996
03,EC,90,390,lowrank,14,layer_14,0.01518744250769808
03,EC,90,390,lowrank,15,layer_15,0.014945564046070592
03,EC,90,390,lowrank,16,layer_16,0.021266083603476392
03,EC,90,390,lowrank,17,layer_17,0.019841751252500296
03,EC,90,390,lowrank,18,layer_18,0.019652473980532457
03,EC,90,390,lowrank,19,layer_19,0.014736427463404414
03,EC,90,390,lowrank,20,layer_20,0.017250246261785136
03,EC,90,390,lowrank,21,layer_21,0.0231775681298027
03,EC,90,390,lowrank,22,layer_22,0.02051353763280256
03,EC,90,390,lowrank,23,layer_23,0.02029796658415528
03,EC,90,390,lowrank,24,layer_24,0.017166597456836255
03,EC,90,390,lowrank,25,layer_25,0.0200822879394909
03,EC,90,390,lowrank,26,layer_26,0.020466587849221767
03,EC,90,390,lowrank,27,layer_27,0.021242225681073028
03,EC,90,390,lowrank,28,layer_28,0.019099203679075444
03,EC,90,390,lowrank,29,layer_29,0.018910096767468014
03,EC,90,390,lowrank,30,layer_30,0.023040447279930754
03,EC,90,390,lowrank,31,layer_31,0.01807933278872937
03,EC,90,390,lowrank,32,layer_32,0.005372011351805706
03,EC,90,390,taskvec_a0p25,0,embedding,-0.0038752601471408374
03,EC,90,390,taskvec_a0p25,1,layer_1,0.01368323673910238
03,EC,90,390,taskvec_a0p25,2,layer_2,0.007867546672821907
03,EC,90,390,taskvec_a0p25,3,layer_3,0.002251451514635391
03,EC,90,390,taskvec_a0p25,4,layer_4,0.012151832901607118
03,EC,90,390,taskvec_a0p25,5,layer_5,0.0121320748357721
03,EC,90,390,taskvec_a0p25,6,layer_6,0.010951130092642543
03,EC,90,390,taskvec_a0p25,7,layer_7,0.00979237497325534
03,EC,90,390,taskvec_a0p25,8,layer_8,0.0096268999576959
03,EC,90,390,taskvec_a0p25,9,layer_9,0.011481672790271692
03,EC,90,390,taskvec_a0p25,10,layer_10,0.014747616888787157
03,EC,90,390,taskvec_a0p25,11,layer_11,0.010061752996788647
03,EC,90,390,taskvec_a0p25,12,layer_12,0.010033513899063888
03,EC,90,390,taskvec_a0p25,13,layer_13,0.010545400456040115
03,EC,90,390,taskvec_a0p25,14,layer_14,0.01658436738849827
03,EC,90,390,taskvec_a0p25,15,layer_15,0.01582464386685022
03,EC,90,390,taskvec_a0p25,16,layer_16,0.017471614232652453
03,EC,90,390,taskvec_a0p25,17,layer_17,0.016405449969149364
03,EC,90,390,taskvec_a0p25,18,layer_18,0.01542176851347926
03,EC,90,390,taskvec_a0p25,19,layer_19,0.011225826086680874
03,EC,90,390,taskvec_a0p25,20,layer_20,0.014740210322679317
03,EC,90,390,taskvec_a0p25,21,layer_21,0.02144956955718342
03,EC,90,390,taskvec_a0p25,22,layer_22,0.018963633818318087
03,EC,90,390,taskvec_a0p25,23,layer_23,0.019081284645859134
03,EC,90,390,taskvec_a0p25,24,layer_24,0.01705323646008125
03,EC,90,390,taskvec_a0p25,25,layer_25,0.018981862376882208
03,EC,90,390,taskvec_a0p25,26,layer_26,0.01938845838558068
03,EC,90,390,taskvec_a0p25,27,layer_27,0.018924852926098253
03,EC,90,390,taskvec_a0p25,28,layer_28,0.01646255618162926
03,EC,90,390,taskvec_a0p25,29,layer_29,0.018060445951755055
03,EC,90,390,taskvec_a0p25,30,layer_30,0.020995409944570474
03,EC,90,390,taskvec_a0p25,31,layer_31,0.015168156668827013
03,EC,90,390,taskvec_a0p25,32,layer_32,0.006704882044681335
03,EC,90,390,taskvec_a0p5,0,embedding,-0.0038752601471408374
03,EC,90,390,taskvec_a0p5,1,layer_1,0.01582068448285976
03,EC,90,390,taskvec_a0p5,2,layer_2,0.011195413960367655
03,EC,90,390,taskvec_a0p5,3,layer_3,0.011175234663597626
03,EC,90,390,taskvec_a0p5,4,layer_4,0.019584630395380564
03,EC,90,390,taskvec_a0p5,5,layer_5,0.017981394261356344
03,EC,90,390,taskvec_a0p5,6,layer_6,0.01667673968997265
03,EC,90,390,taskvec_a0p5,7,layer_7,0.014361302916111155
03,EC,90,390,taskvec_a0p5,8,layer_8,0.014752161326120611
03,EC,90,390,taskvec_a0p5,9,layer_9,0.017169690842327955
03,EC,90,390,taskvec_a0p5,10,layer_10,0.019806859321183343
03,EC,90,390,taskvec_a0p5,11,layer_11,0.017513776367069463
03,EC,90,390,taskvec_a0p5,12,layer_12,0.017422044411335758
03,EC,90,390,taskvec_a0p5,13,layer_13,0.017606021085072174
03,EC,90,390,taskvec_a0p5,14,layer_14,0.02203401729898502
03,EC,90,390,taskvec_a0p5,15,layer_15,0.020353216204944232
03,EC,90,390,taskvec_a0p5,16,layer_16,0.021351639996145148
03,EC,90,390,taskvec_a0p5,17,layer_17,0.017626585373840896
03,EC,90,390,taskvec_a0p5,18,layer_18,0.01654642877134982
03,EC,90,390,taskvec_a0p5,19,layer_19,0.01253701394052665
03,EC,90,390,taskvec_a0p5,20,layer_20,0.01457276103228523
03,EC,90,390,taskvec_a0p5,21,layer_21,0.02020890678297826
03,EC,90,390,taskvec_a0p5,22,layer_22,0.01872240298757826
03,EC,90,390,taskvec_a0p5,23,layer_23,0.01964955282338758
03,EC,90,390,taskvec_a0p5,24,layer_24,0.017809168716515562
03,EC,90,390,taskvec_a0p5,25,layer_25,0.019926113628257042
03,EC,90,390,taskvec_a0p5,26,layer_26,0.019884610145847505
03,EC,90,390,taskvec_a0p5,27,layer_27,0.018535357585770733
03,EC,90,390,taskvec_a0p5,28,layer_28,0.01694223062058949
03,EC,90,390,taskvec_a0p5,29,layer_29,0.01840972933547555
03,EC,90,390,taskvec_a0p5,30,layer_30,0.020878598403322554
03,EC,90,390,taskvec_a0p5,31,layer_31,0.016935428534883286
03,EC,90,390,taskvec_a0p5,32,layer_32,0.011775291486623365
03,EC,90,390,taskvec_a1p0,0,embedding,-0.0038752601471408374
03,EC,90,390,taskvec_a1p0,1,layer_1,0.011361043084805756
03,EC,90,390,taskvec_a1p0,2,layer_2,0.014207601071686967
03,EC,90,390,taskvec_a1p0,3,layer_3,0.01968268118873671
03,EC,90,390,taskvec_a1p0,4,layer_4,0.0263979776312401
03,EC,90,390,taskvec_a1p0,5,layer_5,0.025424001298952916
03,EC,90,390,taskvec_a1p0,6,layer_6,0.02531939592808963
03,EC,90,390,taskvec_a1p0,7,layer_7,0.025606693732033815
03,EC,90,390,taskvec_a1p0,8,layer_8,0.02496590621257554
03,EC,90,390,taskvec_a1p0,9,layer_9,0.02436333582703915
03,EC,90,390,taskvec_a1p0,10,layer_10,0.026034489144879738
03,EC,90,390,taskvec_a1p0,11,layer_11,0.024750072525039288
03,EC,90,390,taskvec_a1p0,12,layer_12,0.023487613711827955
03,EC,90,390,taskvec_a1p0,13,layer_13,0.023463957345158017
03,EC,90,390,taskvec_a1p0,14,layer_14,0.02605226116756574
03,EC,90,390,taskvec_a1p0,15,layer_15,0.021384270169519264
03,EC,90,390,taskvec_a1p0,16,layer_16,0.023005405536103873
03,EC,90,390,taskvec_a1p0,17,layer_17,0.021068545908813602
03,EC,90,390,taskvec_a1p0,18,layer_18,0.022287681447256694
03,EC,90,390,taskvec_a1p0,19,layer_19,0.01753485136332214
03,EC,90,390,taskvec_a1p0,20,layer_20,0.018085881388680003
03,EC,90,390,taskvec_a1p0,21,layer_21,0.023411287973994478
03,EC,90,390,taskvec_a1p0,22,layer_22,0.02244780094578431
03,EC,90,390,taskvec_a1p0,23,layer_23,0.021307984032997638
03,EC,90,390,taskvec_a1p0,24,layer_24,0.018988027666021912
03,EC,90,390,taskvec_a1p0,25,layer_25,0.021273853119343315
03,EC,90,390,taskvec_a1p0,26,layer_26,0.02281552098175478
03,EC,90,390,taskvec_a1p0,27,layer_27,0.020038229051675176
03,EC,90,390,taskvec_a1p0,28,layer_28,0.019079896731957965
03,EC,90,390,taskvec_a1p0,29,layer_29,0.0208068563305371
03,EC,90,390,taskvec_a1p0,30,layer_30,0.019355134442054625
03,EC,90,390,taskvec_a1p0,31,layer_31,0.019831517115366622
03,EC,90,390,taskvec_a1p0,32,layer_32,0.018575290465208397
