input,prompt,response
Alligator|Alligator,"Answer with only one number from 1 to 7, considering 1 as 'extremely dissimilar', 2 as 'very dissimilar', 3 as 'likely dissimilar', 4 as 'neutral', 5 as 'likely similar', 6 as 'very similar', and 7 as 'extremely similar': How semantically similar is Alligator and Alligator?",7
Alligator|Blindworm,"Answer with only one number from 1 to 7, considering 1 as 'extremely dissimilar', 2 as 'very dissimilar', 3 as 'likely dissimilar', 4 as 'neutral', 5 as 'likely similar', 6 as 'very similar', and 7 as 'extremely similar': How semantically similar is Alligator and Blindworm?",3
Alligator|Boapython,"Answer with only one number from 1 to 7, considering 1 as 'extremely dissimilar', 2 as 'very dissimilar', 3 as 'likely dissimilar', 4 as 'neutral', 5 as 'likely similar', 6 as 'very similar', and 7 as 'extremely similar': How semantically similar is Alligator and Boapython?","1

Alligator and Boa Con"
Alligator|Caiman,"Answer with only one number from 1 to 7, considering 1 as 'extremely dissimilar', 2 as 'very dissimilar', 3 as 'likely dissimilar', 4 as 'neutral', 5 as 'likely similar', 6 as 'very similar', and 7 as 'extremely similar': How semantically similar is Alligator and Caiman?",6
Alligator|Chameleon,"Answer with only one number from 1 to 7, considering 1 as 'extremely dissimilar', 2 as 'very dissimilar', 3 as 'likely dissimilar', 4 as 'neutral', 5 as 'likely similar', 6 as 'very similar', and 7 as 'extremely similar': How semantically similar is Alligator and Chameleon?",3
Alligator|Cobra,"Answer with only one number from 1 to 7, considering 1 as 'extremely dissimilar', 2 as 'very dissimilar', 3 as 'likely dissimilar', 4 as 'neutral', 5 as 'likely similar', 6 as 'very similar', and 7 as 'extremely similar': How semantically similar is Alligator and Cobra?",3
Alligator|Crocodile,"Answer with only one number from 1 to 7, considering 1 as 'extremely dissimilar', 2 as 'very dissimilar', 3 as 'likely dissimilar', 4 as 'neutral', 5 as 'likely similar', 6 as 'very similar', and 7 as 'extremely similar': How semantically similar is Alligator and Crocodile?",6
Alligator|Dinosaur,"Answer with only one number from 1 to 7, considering 1 as 'extremely dissimilar', 2 as 'very dissimilar', 3 as 'likely dissimilar', 4 as 'neutral', 5 as 'likely similar', 6 as 'very similar', and 7 as 'extremely similar': How semantically similar is Alligator and Dinosaur?",3
Alligator|Gecko,"Answer with only one number from 1 to 7, considering 1 as 'extremely dissimilar', 2 as 'very dissimilar', 3 as 'likely dissimilar', 4 as 'neutral', 5 as 'likely similar', 6 as 'very similar', and 7 as 'extremely similar': How semantically similar is Alligator and Gecko?",3
Alligator|Lizard,"Answer with only one number from 1 to 7, considering 1 as 'extremely dissimilar', 2 as 'very dissimilar', 3 as 'likely dissimilar', 4 as 'neutral', 5 as 'likely similar', 6 as 'very similar', and 7 as 'extremely similar': How semantically similar is Alligator and Lizard?",3
Alligator|Salamander,"Answer with only one number from 1 to 7, considering 1 as 'extremely dissimilar', 2 as 'very dissimilar', 3 as 'likely dissimilar', 4 as 'neutral', 5 as 'likely similar', 6 as 'very similar', and 7 as 'extremely similar': How semantically similar is Alligator and Salamander?",3
Alligator|Snake,"Answer with only one number from 1 to 7, considering 1 as 'extremely dissimilar', 2 as 'very dissimilar', 3 as 'likely dissimilar', 4 as 'neutral', 5 as 'likely similar', 6 as 'very similar', and 7 as 'extremely similar': How semantically similar is Alligator and Snake?",3
Alligator|Toad,"Answer with only one number from 1 to 7, considering 1 as 'extremely dissimilar', 2 as 'very dissimilar', 3 as 'likely dissimilar', 4 as 'neutral', 5 as 'likely similar', 6 as 'very similar', and 7 as 'extremely similar': How semantically similar is Alligator and Toad?",3
Alligator|Tortoise,"Answer with only one number from 1 to 7, considering 1 as 'extremely dissimilar', 2 as 'very dissimilar', 3 as 'likely dissimilar', 4 as 'neutral', 5 as 'likely similar', 6 as 'very similar', and 7 as 'extremely similar': How semantically similar is Alligator and Tortoise?",3
Alligator|Turtle,"Answer with only one number from 1 to 7, considering 1 as 'extremely dissimilar', 2 as 'very dissimilar', 3 as 'likely dissimilar', 4 as 'neutral', 5 as 'likely similar', 6 as 'very similar', and 7 as 'extremely similar': How semantically similar is Alligator and Turtle?",3
Alligator|Anvil,"Answer with only one number from 1 to 7, considering 1 as 'extremely dissimilar', 2 as 'very dissimilar', 3 as 'likely dissimilar', 4 as 'neutral', 5 as 'likely similar', 6 as 'very similar', and 7 as 'extremely similar': How semantically similar is Alligator and Anvil?","1

Alligator and Anvil are"
Alligator|Axe,"Answer with only one number from 1 to 7, considering 1 as 'extremely dissimilar', 2 as 'very dissimilar', 3 as 'likely dissimilar', 4 as 'neutral', 5 as 'likely similar', 6 as 'very similar', and 7 as 'extremely similar': How semantically similar is Alligator and Axe?",2
Alligator|Chisel,"Answer with only one number from 1 to 7, considering 1 as 'extremely dissimilar', 2 as 'very dissimilar', 3 as 'likely dissimilar', 4 as 'neutral', 5 as 'likely similar', 6 as 'very similar', and 7 as 'extremely similar': How semantically similar is Alligator and Chisel?",2
Alligator|Grindingdisk,"Answer with only one number from 1 to 7, considering 1 as 'extremely dissimilar', 2 as 'very dissimilar', 3 as 'likely dissimilar', 4 as 'neutral', 5 as 'likely similar', 6 as 'very similar', and 7 as 'extremely similar': How semantically similar is Alligator and Grindingdisk?","1

The words ""Alligator"""
Alligator|Hammer,"Answer with only one number from 1 to 7, considering 1 as 'extremely dissimilar', 2 as 'very dissimilar', 3 as 'likely dissimilar', 4 as 'neutral', 5 as 'likely similar', 6 as 'very similar', and 7 as 'extremely similar': How semantically similar is Alligator and Hammer?",3
Alligator|Knife,"Answer with only one number from 1 to 7, considering 1 as 'extremely dissimilar', 2 as 'very dissimilar', 3 as 'likely dissimilar', 4 as 'neutral', 5 as 'likely similar', 6 as 'very similar', and 7 as 'extremely similar': How semantically similar is Alligator and Knife?",2
Alligator|LawnMower,"Answer with only one number from 1 to 7, considering 1 as 'extremely dissimilar', 2 as 'very dissimilar', 3 as 'likely dissimilar', 4 as 'neutral', 5 as 'likely similar', 6 as 'very similar', and 7 as 'extremely similar': How semantically similar is Alligator and LawnMower?","1

Alligator and LawnMower"
Alligator|Nail,"Answer with only one number from 1 to 7, considering 1 as 'extremely dissimilar', 2 as 'very dissimilar', 3 as 'likely dissimilar', 4 as 'neutral', 5 as 'likely similar', 6 as 'very similar', and 7 as 'extremely similar': How semantically similar is Alligator and Nail?",1
Alligator|Oilcan,"Answer with only one number from 1 to 7, considering 1 as 'extremely dissimilar', 2 as 'very dissimilar', 3 as 'likely dissimilar', 4 as 'neutral', 5 as 'likely similar', 6 as 'very similar', and 7 as 'extremely similar': How semantically similar is Alligator and Oilcan?","1

Alligator and Oilcan are"
Alligator|Paintbrush,"Answer with only one number from 1 to 7, considering 1 as 'extremely dissimilar', 2 as 'very dissimilar', 3 as 'likely dissimilar', 4 as 'neutral', 5 as 'likely similar', 6 as 'very similar', and 7 as 'extremely similar': How semantically similar is Alligator and Paintbrush?",1
Alligator|Saw,"Answer with only one number from 1 to 7, considering 1 as 'extremely dissimilar', 2 as 'very dissimilar', 3 as 'likely dissimilar', 4 as 'neutral', 5 as 'likely similar', 6 as 'very similar', and 7 as 'extremely similar': How semantically similar is Alligator and Saw?",3
Alligator|Screwdriver,"Answer with only one number from 1 to 7, considering 1 as 'extremely dissimilar', 2 as 'very dissimilar', 3 as 'likely dissimilar', 4 as 'neutral', 5 as 'likely similar', 6 as 'very similar', and 7 as 'extremely similar': How semantically similar is Alligator and Screwdriver?",1
Alligator|Shovel,"Answer with only one number from 1 to 7, considering 1 as 'extremely dissimilar', 2 as 'very dissimilar', 3 as 'likely dissimilar', 4 as 'neutral', 5 as 'likely similar', 6 as 'very similar', and 7 as 'extremely similar': How semantically similar is Alligator and Shovel?",3
Alligator|Spanner,"Answer with only one number from 1 to 7, considering 1 as 'extremely dissimilar', 2 as 'very dissimilar', 3 as 'likely dissimilar', 4 as 'neutral', 5 as 'likely similar', 6 as 'very similar', and 7 as 'extremely similar': How semantically similar is Alligator and Spanner?","1

Alligator and Spanner are"
Alligator|Vacuum,"Answer with only one number from 1 to 7, considering 1 as 'extremely dissimilar', 2 as 'very dissimilar', 3 as 'likely dissimilar', 4 as 'neutral', 5 as 'likely similar', 6 as 'very similar', and 7 as 'extremely similar': How semantically similar is Alligator and Vacuum?","1

Alligator and Vacuum are two"
Blindworm|Alligator,"Answer with only one number from 1 to 7, considering 1 as 'extremely dissimilar', 2 as 'very dissimilar', 3 as 'likely dissimilar', 4 as 'neutral', 5 as 'likely similar', 6 as 'very similar', and 7 as 'extremely similar': How semantically similar is Blindworm and Alligator?",3
Blindworm|Blindworm,"Answer with only one number from 1 to 7, considering 1 as 'extremely dissimilar', 2 as 'very dissimilar', 3 as 'likely dissimilar', 4 as 'neutral', 5 as 'likely similar', 6 as 'very similar', and 7 as 'extremely similar': How semantically similar is Blindworm and Blindworm?",7
Blindworm|Boapython,"Answer with only one number from 1 to 7, considering 1 as 'extremely dissimilar', 2 as 'very dissimilar', 3 as 'likely dissimilar', 4 as 'neutral', 5 as 'likely similar', 6 as 'very similar', and 7 as 'extremely similar': How semantically similar is Blindworm and Boapython?","1

The words ""Blindworm"
Blindworm|Caiman,"Answer with only one number from 1 to 7, considering 1 as 'extremely dissimilar', 2 as 'very dissimilar', 3 as 'likely dissimilar', 4 as 'neutral', 5 as 'likely similar', 6 as 'very similar', and 7 as 'extremely similar': How semantically similar is Blindworm and Caiman?",3
Blindworm|Chameleon,"Answer with only one number from 1 to 7, considering 1 as 'extremely dissimilar', 2 as 'very dissimilar', 3 as 'likely dissimilar', 4 as 'neutral', 5 as 'likely similar', 6 as 'very similar', and 7 as 'extremely similar': How semantically similar is Blindworm and Chameleon?",2
Blindworm|Cobra,"Answer with only one number from 1 to 7, considering 1 as 'extremely dissimilar', 2 as 'very dissimilar', 3 as 'likely dissimilar', 4 as 'neutral', 5 as 'likely similar', 6 as 'very similar', and 7 as 'extremely similar': How semantically similar is Blindworm and Cobra?",3
Blindworm|Crocodile,"Answer with only one number from 1 to 7, considering 1 as 'extremely dissimilar', 2 as 'very dissimilar', 3 as 'likely dissimilar', 4 as 'neutral', 5 as 'likely similar', 6 as 'very similar', and 7 as 'extremely similar': How semantically similar is Blindworm and Crocodile?",3
Blindworm|Dinosaur,"Answer with only one number from 1 to 7, considering 1 as 'extremely dissimilar', 2 as 'very dissimilar', 3 as 'likely dissimilar', 4 as 'neutral', 5 as 'likely similar', 6 as 'very similar', and 7 as 'extremely similar': How semantically similar is Blindworm and Dinosaur?",6
Blindworm|Gecko,"Answer with only one number from 1 to 7, considering 1 as 'extremely dissimilar', 2 as 'very dissimilar', 3 as 'likely dissimilar', 4 as 'neutral', 5 as 'likely similar', 6 as 'very similar', and 7 as 'extremely similar': How semantically similar is Blindworm and Gecko?",3
Blindworm|Lizard,"Answer with only one number from 1 to 7, considering 1 as 'extremely dissimilar', 2 as 'very dissimilar', 3 as 'likely dissimilar', 4 as 'neutral', 5 as 'likely similar', 6 as 'very similar', and 7 as 'extremely similar': How semantically similar is Blindworm and Lizard?",6
Blindworm|Salamander,"Answer with only one number from 1 to 7, considering 1 as 'extremely dissimilar', 2 as 'very dissimilar', 3 as 'likely dissimilar', 4 as 'neutral', 5 as 'likely similar', 6 as 'very similar', and 7 as 'extremely similar': How semantically similar is Blindworm and Salamander?",6
Blindworm|Snake,"Answer with only one number from 1 to 7, considering 1 as 'extremely dissimilar', 2 as 'very dissimilar', 3 as 'likely dissimilar', 4 as 'neutral', 5 as 'likely similar', 6 as 'very similar', and 7 as 'extremely similar': How semantically similar is Blindworm and Snake?",6
Blindworm|Toad,"Answer with only one number from 1 to 7, considering 1 as 'extremely dissimilar', 2 as 'very dissimilar', 3 as 'likely dissimilar', 4 as 'neutral', 5 as 'likely similar', 6 as 'very similar', and 7 as 'extremely similar': How semantically similar is Blindworm and Toad?",3
Blindworm|Tortoise,"Answer with only one number from 1 to 7, considering 1 as 'extremely dissimilar', 2 as 'very dissimilar', 3 as 'likely dissimilar', 4 as 'neutral', 5 as 'likely similar', 6 as 'very similar', and 7 as 'extremely similar': How semantically similar is Blindworm and Tortoise?",6
Blindworm|Turtle,"Answer with only one number from 1 to 7, considering 1 as 'extremely dissimilar', 2 as 'very dissimilar', 3 as 'likely dissimilar', 4 as 'neutral', 5 as 'likely similar', 6 as 'very similar', and 7 as 'extremely similar': How semantically similar is Blindworm and Turtle?",6
Blindworm|Anvil,"Answer with only one number from 1 to 7, considering 1 as 'extremely dissimilar', 2 as 'very dissimilar', 3 as 'likely dissimilar', 4 as 'neutral', 5 as 'likely similar', 6 as 'very similar', and 7 as 'extremely similar': How semantically similar is Blindworm and Anvil?",3
Blindworm|Axe,"Answer with only one number from 1 to 7, considering 1 as 'extremely dissimilar', 2 as 'very dissimilar', 3 as 'likely dissimilar', 4 as 'neutral', 5 as 'likely similar', 6 as 'very similar', and 7 as 'extremely similar': How semantically similar is Blindworm and Axe?",2
Blindworm|Chisel,"Answer with only one number from 1 to 7, considering 1 as 'extremely dissimilar', 2 as 'very dissimilar', 3 as 'likely dissimilar', 4 as 'neutral', 5 as 'likely similar', 6 as 'very similar', and 7 as 'extremely similar': How semantically similar is Blindworm and Chisel?",3
Blindworm|Grindingdisk,"Answer with only one number from 1 to 7, considering 1 as 'extremely dissimilar', 2 as 'very dissimilar', 3 as 'likely dissimilar', 4 as 'neutral', 5 as 'likely similar', 6 as 'very similar', and 7 as 'extremely similar': How semantically similar is Blindworm and Grindingdisk?","1

The words ""Blindworm"
Blindworm|Hammer,"Answer with only one number from 1 to 7, considering 1 as 'extremely dissimilar', 2 as 'very dissimilar', 3 as 'likely dissimilar', 4 as 'neutral', 5 as 'likely similar', 6 as 'very similar', and 7 as 'extremely similar': How semantically similar is Blindworm and Hammer?",3
Blindworm|Knife,"Answer with only one number from 1 to 7, considering 1 as 'extremely dissimilar', 2 as 'very dissimilar', 3 as 'likely dissimilar', 4 as 'neutral', 5 as 'likely similar', 6 as 'very similar', and 7 as 'extremely similar': How semantically similar is Blindworm and Knife?",3
Blindworm|LawnMower,"Answer with only one number from 1 to 7, considering 1 as 'extremely dissimilar', 2 as 'very dissimilar', 3 as 'likely dissimilar', 4 as 'neutral', 5 as 'likely similar', 6 as 'very similar', and 7 as 'extremely similar': How semantically similar is Blindworm and LawnMower?",3
Blindworm|Nail,"Answer with only one number from 1 to 7, considering 1 as 'extremely dissimilar', 2 as 'very dissimilar', 3 as 'likely dissimilar', 4 as 'neutral', 5 as 'likely similar', 6 as 'very similar', and 7 as 'extremely similar': How semantically similar is Blindworm and Nail?",3
Blindworm|Oilcan,"Answer with only one number from 1 to 7, considering 1 as 'extremely dissimilar', 2 as 'very dissimilar', 3 as 'likely dissimilar', 4 as 'neutral', 5 as 'likely similar', 6 as 'very similar', and 7 as 'extremely similar': How semantically similar is Blindworm and Oilcan?",3
Blindworm|Paintbrush,"Answer with only one number from 1 to 7, considering 1 as 'extremely dissimilar', 2 as 'very dissimilar', 3 as 'likely dissimilar', 4 as 'neutral', 5 as 'likely similar', 6 as 'very similar', and 7 as 'extremely similar': How semantically similar is Blindworm and Paintbrush?","1

The words ""Blindworm"
Blindworm|Saw,"Answer with only one number from 1 to 7, considering 1 as 'extremely dissimilar', 2 as 'very dissimilar', 3 as 'likely dissimilar', 4 as 'neutral', 5 as 'likely similar', 6 as 'very similar', and 7 as 'extremely similar': How semantically similar is Blindworm and Saw?",3
Blindworm|Screwdriver,"Answer with only one number from 1 to 7, considering 1 as 'extremely dissimilar', 2 as 'very dissimilar', 3 as 'likely dissimilar', 4 as 'neutral', 5 as 'likely similar', 6 as 'very similar', and 7 as 'extremely similar': How semantically similar is Blindworm and Screwdriver?","1

The words 'Blindworm"
Blindworm|Shovel,"Answer with only one number from 1 to 7, considering 1 as 'extremely dissimilar', 2 as 'very dissimilar', 3 as 'likely dissimilar', 4 as 'neutral', 5 as 'likely similar', 6 as 'very similar', and 7 as 'extremely similar': How semantically similar is Blindworm and Shovel?",3
Blindworm|Spanner,"Answer with only one number from 1 to 7, considering 1 as 'extremely dissimilar', 2 as 'very dissimilar', 3 as 'likely dissimilar', 4 as 'neutral', 5 as 'likely similar', 6 as 'very similar', and 7 as 'extremely similar': How semantically similar is Blindworm and Spanner?",3
Blindworm|Vacuum,"Answer with only one number from 1 to 7, considering 1 as 'extremely dissimilar', 2 as 'very dissimilar', 3 as 'likely dissimilar', 4 as 'neutral', 5 as 'likely similar', 6 as 'very similar', and 7 as 'extremely similar': How semantically similar is Blindworm and Vacuum?",3
Boapython|Alligator,"Answer with only one number from 1 to 7, considering 1 as 'extremely dissimilar', 2 as 'very dissimilar', 3 as 'likely dissimilar', 4 as 'neutral', 5 as 'likely similar', 6 as 'very similar', and 7 as 'extremely similar': How semantically similar is Boapython and Alligator?",3
Boapython|Blindworm,"Answer with only one number from 1 to 7, considering 1 as 'extremely dissimilar', 2 as 'very dissimilar', 3 as 'likely dissimilar', 4 as 'neutral', 5 as 'likely similar', 6 as 'very similar', and 7 as 'extremely similar': How semantically similar is Boapython and Blindworm?","1

Boapython and Blindworm"
Boapython|Boapython,"Answer with only one number from 1 to 7, considering 1 as 'extremely dissimilar', 2 as 'very dissimilar', 3 as 'likely dissimilar', 4 as 'neutral', 5 as 'likely similar', 6 as 'very similar', and 7 as 'extremely similar': How semantically similar is Boapython and Boapython?",7
Boapython|Caiman,"Answer with only one number from 1 to 7, considering 1 as 'extremely dissimilar', 2 as 'very dissimilar', 3 as 'likely dissimilar', 4 as 'neutral', 5 as 'likely similar', 6 as 'very similar', and 7 as 'extremely similar': How semantically similar is Boapython and Caiman?","1

Boa and Caiman"
Boapython|Chameleon,"Answer with only one number from 1 to 7, considering 1 as 'extremely dissimilar', 2 as 'very dissimilar', 3 as 'likely dissimilar', 4 as 'neutral', 5 as 'likely similar', 6 as 'very similar', and 7 as 'extremely similar': How semantically similar is Boapython and Chameleon?",I would rate the semantic similarity between Bo
Boapython|Cobra,"Answer with only one number from 1 to 7, considering 1 as 'extremely dissimilar', 2 as 'very dissimilar', 3 as 'likely dissimilar', 4 as 'neutral', 5 as 'likely similar', 6 as 'very similar', and 7 as 'extremely similar': How semantically similar is Boapython and Cobra?",3
Boapython|Crocodile,"Answer with only one number from 1 to 7, considering 1 as 'extremely dissimilar', 2 as 'very dissimilar', 3 as 'likely dissimilar', 4 as 'neutral', 5 as 'likely similar', 6 as 'very similar', and 7 as 'extremely similar': How semantically similar is Boapython and Crocodile?","1

Boa and Crocodile are"
Boapython|Dinosaur,"Answer with only one number from 1 to 7, considering 1 as 'extremely dissimilar', 2 as 'very dissimilar', 3 as 'likely dissimilar', 4 as 'neutral', 5 as 'likely similar', 6 as 'very similar', and 7 as 'extremely similar': How semantically similar is Boapython and Dinosaur?","1

Boapython and Dinosaur"
Boapython|Gecko,"Answer with only one number from 1 to 7, considering 1 as 'extremely dissimilar', 2 as 'very dissimilar', 3 as 'likely dissimilar', 4 as 'neutral', 5 as 'likely similar', 6 as 'very similar', and 7 as 'extremely similar': How semantically similar is Boapython and Gecko?",3
Boapython|Lizard,"Answer with only one number from 1 to 7, considering 1 as 'extremely dissimilar', 2 as 'very dissimilar', 3 as 'likely dissimilar', 4 as 'neutral', 5 as 'likely similar', 6 as 'very similar', and 7 as 'extremely similar': How semantically similar is Boapython and Lizard?","1

Boa and Lizard are"
Boapython|Salamander,"Answer with only one number from 1 to 7, considering 1 as 'extremely dissimilar', 2 as 'very dissimilar', 3 as 'likely dissimilar', 4 as 'neutral', 5 as 'likely similar', 6 as 'very similar', and 7 as 'extremely similar': How semantically similar is Boapython and Salamander?","1

Boapython and Salam"
Boapython|Snake,"Answer with only one number from 1 to 7, considering 1 as 'extremely dissimilar', 2 as 'very dissimilar', 3 as 'likely dissimilar', 4 as 'neutral', 5 as 'likely similar', 6 as 'very similar', and 7 as 'extremely similar': How semantically similar is Boapython and Snake?",6
Boapython|Toad,"Answer with only one number from 1 to 7, considering 1 as 'extremely dissimilar', 2 as 'very dissimilar', 3 as 'likely dissimilar', 4 as 'neutral', 5 as 'likely similar', 6 as 'very similar', and 7 as 'extremely similar': How semantically similar is Boapython and Toad?","I would rate the semantic similarity between """
Boapython|Tortoise,"Answer with only one number from 1 to 7, considering 1 as 'extremely dissimilar', 2 as 'very dissimilar', 3 as 'likely dissimilar', 4 as 'neutral', 5 as 'likely similar', 6 as 'very similar', and 7 as 'extremely similar': How semantically similar is Boapython and Tortoise?","1

Boapython and Tortoise"
Boapython|Turtle,"Answer with only one number from 1 to 7, considering 1 as 'extremely dissimilar', 2 as 'very dissimilar', 3 as 'likely dissimilar', 4 as 'neutral', 5 as 'likely similar', 6 as 'very similar', and 7 as 'extremely similar': How semantically similar is Boapython and Turtle?",I would rate the semantic similarity between Bo
Boapython|Anvil,"Answer with only one number from 1 to 7, considering 1 as 'extremely dissimilar', 2 as 'very dissimilar', 3 as 'likely dissimilar', 4 as 'neutral', 5 as 'likely similar', 6 as 'very similar', and 7 as 'extremely similar': How semantically similar is Boapython and Anvil?",I would rate the semantic similarity between Bo
Boapython|Axe,"Answer with only one number from 1 to 7, considering 1 as 'extremely dissimilar', 2 as 'very dissimilar', 3 as 'likely dissimilar', 4 as 'neutral', 5 as 'likely similar', 6 as 'very similar', and 7 as 'extremely similar': How semantically similar is Boapython and Axe?","I would rate the semantic similarity between """
Boapython|Chisel,"Answer with only one number from 1 to 7, considering 1 as 'extremely dissimilar', 2 as 'very dissimilar', 3 as 'likely dissimilar', 4 as 'neutral', 5 as 'likely similar', 6 as 'very similar', and 7 as 'extremely similar': How semantically similar is Boapython and Chisel?",I would rate the semantic similarity between Bo
Boapython|Grindingdisk,"Answer with only one number from 1 to 7, considering 1 as 'extremely dissimilar', 2 as 'very dissimilar', 3 as 'likely dissimilar', 4 as 'neutral', 5 as 'likely similar', 6 as 'very similar', and 7 as 'extremely similar': How semantically similar is Boapython and Grindingdisk?","I would rate the semantic similarity between """
Boapython|Hammer,"Answer with only one number from 1 to 7, considering 1 as 'extremely dissimilar', 2 as 'very dissimilar', 3 as 'likely dissimilar', 4 as 'neutral', 5 as 'likely similar', 6 as 'very similar', and 7 as 'extremely similar': How semantically similar is Boapython and Hammer?","I would rate the semantic similarity between """
Boapython|Knife,"Answer with only one number from 1 to 7, considering 1 as 'extremely dissimilar', 2 as 'very dissimilar', 3 as 'likely dissimilar', 4 as 'neutral', 5 as 'likely similar', 6 as 'very similar', and 7 as 'extremely similar': How semantically similar is Boapython and Knife?","1

Boa constrictor and"
Boapython|LawnMower,"Answer with only one number from 1 to 7, considering 1 as 'extremely dissimilar', 2 as 'very dissimilar', 3 as 'likely dissimilar', 4 as 'neutral', 5 as 'likely similar', 6 as 'very similar', and 7 as 'extremely similar': How semantically similar is Boapython and LawnMower?","1

Boapython and LawnM"
Boapython|Nail,"Answer with only one number from 1 to 7, considering 1 as 'extremely dissimilar', 2 as 'very dissimilar', 3 as 'likely dissimilar', 4 as 'neutral', 5 as 'likely similar', 6 as 'very similar', and 7 as 'extremely similar': How semantically similar is Boapython and Nail?","I would rate the semantic similarity between """
Boapython|Oilcan,"Answer with only one number from 1 to 7, considering 1 as 'extremely dissimilar', 2 as 'very dissimilar', 3 as 'likely dissimilar', 4 as 'neutral', 5 as 'likely similar', 6 as 'very similar', and 7 as 'extremely similar': How semantically similar is Boapython and Oilcan?","I would rate the semantic similarity between """
Boapython|Paintbrush,"Answer with only one number from 1 to 7, considering 1 as 'extremely dissimilar', 2 as 'very dissimilar', 3 as 'likely dissimilar', 4 as 'neutral', 5 as 'likely similar', 6 as 'very similar', and 7 as 'extremely similar': How semantically similar is Boapython and Paintbrush?",3
Boapython|Saw,"Answer with only one number from 1 to 7, considering 1 as 'extremely dissimilar', 2 as 'very dissimilar', 3 as 'likely dissimilar', 4 as 'neutral', 5 as 'likely similar', 6 as 'very similar', and 7 as 'extremely similar': How semantically similar is Boapython and Saw?","I would rate the semantic similarity between """
Boapython|Screwdriver,"Answer with only one number from 1 to 7, considering 1 as 'extremely dissimilar', 2 as 'very dissimilar', 3 as 'likely dissimilar', 4 as 'neutral', 5 as 'likely similar', 6 as 'very similar', and 7 as 'extremely similar': How semantically similar is Boapython and Screwdriver?","1

Boapython and Screwdriver"
Boapython|Shovel,"Answer with only one number from 1 to 7, considering 1 as 'extremely dissimilar', 2 as 'very dissimilar', 3 as 'likely dissimilar', 4 as 'neutral', 5 as 'likely similar', 6 as 'very similar', and 7 as 'extremely similar': How semantically similar is Boapython and Shovel?","1

Boapython and Shovel"
Boapython|Spanner,"Answer with only one number from 1 to 7, considering 1 as 'extremely dissimilar', 2 as 'very dissimilar', 3 as 'likely dissimilar', 4 as 'neutral', 5 as 'likely similar', 6 as 'very similar', and 7 as 'extremely similar': How semantically similar is Boapython and Spanner?","I would rate the semantic similarity between """
Boapython|Vacuum,"Answer with only one number from 1 to 7, considering 1 as 'extremely dissimilar', 2 as 'very dissimilar', 3 as 'likely dissimilar', 4 as 'neutral', 5 as 'likely similar', 6 as 'very similar', and 7 as 'extremely similar': How semantically similar is Boapython and Vacuum?","I would rate the semantic similarity between """
Caiman|Alligator,"Answer with only one number from 1 to 7, considering 1 as 'extremely dissimilar', 2 as 'very dissimilar', 3 as 'likely dissimilar', 4 as 'neutral', 5 as 'likely similar', 6 as 'very similar', and 7 as 'extremely similar': How semantically similar is Caiman and Alligator?",3
Caiman|Blindworm,"Answer with only one number from 1 to 7, considering 1 as 'extremely dissimilar', 2 as 'very dissimilar', 3 as 'likely dissimilar', 4 as 'neutral', 5 as 'likely similar', 6 as 'very similar', and 7 as 'extremely similar': How semantically similar is Caiman and Blindworm?",3
Caiman|Boapython,"Answer with only one number from 1 to 7, considering 1 as 'extremely dissimilar', 2 as 'very dissimilar', 3 as 'likely dissimilar', 4 as 'neutral', 5 as 'likely similar', 6 as 'very similar', and 7 as 'extremely similar': How semantically similar is Caiman and Boapython?",3
Caiman|Caiman,"Answer with only one number from 1 to 7, considering 1 as 'extremely dissimilar', 2 as 'very dissimilar', 3 as 'likely dissimilar', 4 as 'neutral', 5 as 'likely similar', 6 as 'very similar', and 7 as 'extremely similar': How semantically similar is Caiman and Caiman?",7
Caiman|Chameleon,"Answer with only one number from 1 to 7, considering 1 as 'extremely dissimilar', 2 as 'very dissimilar', 3 as 'likely dissimilar', 4 as 'neutral', 5 as 'likely similar', 6 as 'very similar', and 7 as 'extremely similar': How semantically similar is Caiman and Chameleon?",2
Caiman|Cobra,"Answer with only one number from 1 to 7, considering 1 as 'extremely dissimilar', 2 as 'very dissimilar', 3 as 'likely dissimilar', 4 as 'neutral', 5 as 'likely similar', 6 as 'very similar', and 7 as 'extremely similar': How semantically similar is Caiman and Cobra?",3
Caiman|Crocodile,"Answer with only one number from 1 to 7, considering 1 as 'extremely dissimilar', 2 as 'very dissimilar', 3 as 'likely dissimilar', 4 as 'neutral', 5 as 'likely similar', 6 as 'very similar', and 7 as 'extremely similar': How semantically similar is Caiman and Crocodile?",6
Caiman|Dinosaur,"Answer with only one number from 1 to 7, considering 1 as 'extremely dissimilar', 2 as 'very dissimilar', 3 as 'likely dissimilar', 4 as 'neutral', 5 as 'likely similar', 6 as 'very similar', and 7 as 'extremely similar': How semantically similar is Caiman and Dinosaur?",6
Caiman|Gecko,"Answer with only one number from 1 to 7, considering 1 as 'extremely dissimilar', 2 as 'very dissimilar', 3 as 'likely dissimilar', 4 as 'neutral', 5 as 'likely similar', 6 as 'very similar', and 7 as 'extremely similar': How semantically similar is Caiman and Gecko?",3
Caiman|Lizard,"Answer with only one number from 1 to 7, considering 1 as 'extremely dissimilar', 2 as 'very dissimilar', 3 as 'likely dissimilar', 4 as 'neutral', 5 as 'likely similar', 6 as 'very similar', and 7 as 'extremely similar': How semantically similar is Caiman and Lizard?",6
Caiman|Salamander,"Answer with only one number from 1 to 7, considering 1 as 'extremely dissimilar', 2 as 'very dissimilar', 3 as 'likely dissimilar', 4 as 'neutral', 5 as 'likely similar', 6 as 'very similar', and 7 as 'extremely similar': How semantically similar is Caiman and Salamander?",3
Caiman|Snake,"Answer with only one number from 1 to 7, considering 1 as 'extremely dissimilar', 2 as 'very dissimilar', 3 as 'likely dissimilar', 4 as 'neutral', 5 as 'likely similar', 6 as 'very similar', and 7 as 'extremely similar': How semantically similar is Caiman and Snake?",3
Caiman|Toad,"Answer with only one number from 1 to 7, considering 1 as 'extremely dissimilar', 2 as 'very dissimilar', 3 as 'likely dissimilar', 4 as 'neutral', 5 as 'likely similar', 6 as 'very similar', and 7 as 'extremely similar': How semantically similar is Caiman and Toad?",3
Caiman|Tortoise,"Answer with only one number from 1 to 7, considering 1 as 'extremely dissimilar', 2 as 'very dissimilar', 3 as 'likely dissimilar', 4 as 'neutral', 5 as 'likely similar', 6 as 'very similar', and 7 as 'extremely similar': How semantically similar is Caiman and Tortoise?",3
Caiman|Turtle,"Answer with only one number from 1 to 7, considering 1 as 'extremely dissimilar', 2 as 'very dissimilar', 3 as 'likely dissimilar', 4 as 'neutral', 5 as 'likely similar', 6 as 'very similar', and 7 as 'extremely similar': How semantically similar is Caiman and Turtle?",3
Caiman|Anvil,"Answer with only one number from 1 to 7, considering 1 as 'extremely dissimilar', 2 as 'very dissimilar', 3 as 'likely dissimilar', 4 as 'neutral', 5 as 'likely similar', 6 as 'very similar', and 7 as 'extremely similar': How semantically similar is Caiman and Anvil?",3
Caiman|Axe,"Answer with only one number from 1 to 7, considering 1 as 'extremely dissimilar', 2 as 'very dissimilar', 3 as 'likely dissimilar', 4 as 'neutral', 5 as 'likely similar', 6 as 'very similar', and 7 as 'extremely similar': How semantically similar is Caiman and Axe?",3
Caiman|Chisel,"Answer with only one number from 1 to 7, considering 1 as 'extremely dissimilar', 2 as 'very dissimilar', 3 as 'likely dissimilar', 4 as 'neutral', 5 as 'likely similar', 6 as 'very similar', and 7 as 'extremely similar': How semantically similar is Caiman and Chisel?",2
Caiman|Grindingdisk,"Answer with only one number from 1 to 7, considering 1 as 'extremely dissimilar', 2 as 'very dissimilar', 3 as 'likely dissimilar', 4 as 'neutral', 5 as 'likely similar', 6 as 'very similar', and 7 as 'extremely similar': How semantically similar is Caiman and Grindingdisk?","1

Caiman and Grindingdisk"
Caiman|Hammer,"Answer with only one number from 1 to 7, considering 1 as 'extremely dissimilar', 2 as 'very dissimilar', 3 as 'likely dissimilar', 4 as 'neutral', 5 as 'likely similar', 6 as 'very similar', and 7 as 'extremely similar': How semantically similar is Caiman and Hammer?",3
Caiman|Knife,"Answer with only one number from 1 to 7, considering 1 as 'extremely dissimilar', 2 as 'very dissimilar', 3 as 'likely dissimilar', 4 as 'neutral', 5 as 'likely similar', 6 as 'very similar', and 7 as 'extremely similar': How semantically similar is Caiman and Knife?",3
Caiman|LawnMower,"Answer with only one number from 1 to 7, considering 1 as 'extremely dissimilar', 2 as 'very dissimilar', 3 as 'likely dissimilar', 4 as 'neutral', 5 as 'likely similar', 6 as 'very similar', and 7 as 'extremely similar': How semantically similar is Caiman and LawnMower?","1

Caiman and LawnM"
Caiman|Nail,"Answer with only one number from 1 to 7, considering 1 as 'extremely dissimilar', 2 as 'very dissimilar', 3 as 'likely dissimilar', 4 as 'neutral', 5 as 'likely similar', 6 as 'very similar', and 7 as 'extremely similar': How semantically similar is Caiman and Nail?",2
Caiman|Oilcan,"Answer with only one number from 1 to 7, considering 1 as 'extremely dissimilar', 2 as 'very dissimilar', 3 as 'likely dissimilar', 4 as 'neutral', 5 as 'likely similar', 6 as 'very similar', and 7 as 'extremely similar': How semantically similar is Caiman and Oilcan?",3
Caiman|Paintbrush,"Answer with only one number from 1 to 7, considering 1 as 'extremely dissimilar', 2 as 'very dissimilar', 3 as 'likely dissimilar', 4 as 'neutral', 5 as 'likely similar', 6 as 'very similar', and 7 as 'extremely similar': How semantically similar is Caiman and Paintbrush?","1

Caiman and Paintbrush"
Caiman|Saw,"Answer with only one number from 1 to 7, considering 1 as 'extremely dissimilar', 2 as 'very dissimilar', 3 as 'likely dissimilar', 4 as 'neutral', 5 as 'likely similar', 6 as 'very similar', and 7 as 'extremely similar': How semantically similar is Caiman and Saw?",3
Caiman|Screwdriver,"Answer with only one number from 1 to 7, considering 1 as 'extremely dissimilar', 2 as 'very dissimilar', 3 as 'likely dissimilar', 4 as 'neutral', 5 as 'likely similar', 6 as 'very similar', and 7 as 'extremely similar': How semantically similar is Caiman and Screwdriver?","1

Caiman and screwdriver"
Caiman|Shovel,"Answer with only one number from 1 to 7, considering 1 as 'extremely dissimilar', 2 as 'very dissimilar', 3 as 'likely dissimilar', 4 as 'neutral', 5 as 'likely similar', 6 as 'very similar', and 7 as 'extremely similar': How semantically similar is Caiman and Shovel?",3
Caiman|Spanner,"Answer with only one number from 1 to 7, considering 1 as 'extremely dissimilar', 2 as 'very dissimilar', 3 as 'likely dissimilar', 4 as 'neutral', 5 as 'likely similar', 6 as 'very similar', and 7 as 'extremely similar': How semantically similar is Caiman and Spanner?",3
Caiman|Vacuum,"Answer with only one number from 1 to 7, considering 1 as 'extremely dissimilar', 2 as 'very dissimilar', 3 as 'likely dissimilar', 4 as 'neutral', 5 as 'likely similar', 6 as 'very similar', and 7 as 'extremely similar': How semantically similar is Caiman and Vacuum?","1

Caiman and Vacuum are"
Chameleon|Alligator,"Answer with only one number from 1 to 7, considering 1 as 'extremely dissimilar', 2 as 'very dissimilar', 3 as 'likely dissimilar', 4 as 'neutral', 5 as 'likely similar', 6 as 'very similar', and 7 as 'extremely similar': How semantically similar is Chameleon and Alligator?",3
Chameleon|Blindworm,"Answer with only one number from 1 to 7, considering 1 as 'extremely dissimilar', 2 as 'very dissimilar', 3 as 'likely dissimilar', 4 as 'neutral', 5 as 'likely similar', 6 as 'very similar', and 7 as 'extremely similar': How semantically similar is Chameleon and Blindworm?",2
Chameleon|Boapython,"Answer with only one number from 1 to 7, considering 1 as 'extremely dissimilar', 2 as 'very dissimilar', 3 as 'likely dissimilar', 4 as 'neutral', 5 as 'likely similar', 6 as 'very similar', and 7 as 'extremely similar': How semantically similar is Chameleon and Boapython?","1

Chameleon and Boapython"
Chameleon|Caiman,"Answer with only one number from 1 to 7, considering 1 as 'extremely dissimilar', 2 as 'very dissimilar', 3 as 'likely dissimilar', 4 as 'neutral', 5 as 'likely similar', 6 as 'very similar', and 7 as 'extremely similar': How semantically similar is Chameleon and Caiman?",3
Chameleon|Chameleon,"Answer with only one number from 1 to 7, considering 1 as 'extremely dissimilar', 2 as 'very dissimilar', 3 as 'likely dissimilar', 4 as 'neutral', 5 as 'likely similar', 6 as 'very similar', and 7 as 'extremely similar': How semantically similar is Chameleon and Chameleon?",7
Chameleon|Cobra,"Answer with only one number from 1 to 7, considering 1 as 'extremely dissimilar', 2 as 'very dissimilar', 3 as 'likely dissimilar', 4 as 'neutral', 5 as 'likely similar', 6 as 'very similar', and 7 as 'extremely similar': How semantically similar is Chameleon and Cobra?",3
Chameleon|Crocodile,"Answer with only one number from 1 to 7, considering 1 as 'extremely dissimilar', 2 as 'very dissimilar', 3 as 'likely dissimilar', 4 as 'neutral', 5 as 'likely similar', 6 as 'very similar', and 7 as 'extremely similar': How semantically similar is Chameleon and Crocodile?",3
Chameleon|Dinosaur,"Answer with only one number from 1 to 7, considering 1 as 'extremely dissimilar', 2 as 'very dissimilar', 3 as 'likely dissimilar', 4 as 'neutral', 5 as 'likely similar', 6 as 'very similar', and 7 as 'extremely similar': How semantically similar is Chameleon and Dinosaur?",3
Chameleon|Gecko,"Answer with only one number from 1 to 7, considering 1 as 'extremely dissimilar', 2 as 'very dissimilar', 3 as 'likely dissimilar', 4 as 'neutral', 5 as 'likely similar', 6 as 'very similar', and 7 as 'extremely similar': How semantically similar is Chameleon and Gecko?",6
Chameleon|Lizard,"Answer with only one number from 1 to 7, considering 1 as 'extremely dissimilar', 2 as 'very dissimilar', 3 as 'likely dissimilar', 4 as 'neutral', 5 as 'likely similar', 6 as 'very similar', and 7 as 'extremely similar': How semantically similar is Chameleon and Lizard?",6
Chameleon|Salamander,"Answer with only one number from 1 to 7, considering 1 as 'extremely dissimilar', 2 as 'very dissimilar', 3 as 'likely dissimilar', 4 as 'neutral', 5 as 'likely similar', 6 as 'very similar', and 7 as 'extremely similar': How semantically similar is Chameleon and Salamander?",3
Chameleon|Snake,"Answer with only one number from 1 to 7, considering 1 as 'extremely dissimilar', 2 as 'very dissimilar', 3 as 'likely dissimilar', 4 as 'neutral', 5 as 'likely similar', 6 as 'very similar', and 7 as 'extremely similar': How semantically similar is Chameleon and Snake?",3
Chameleon|Toad,"Answer with only one number from 1 to 7, considering 1 as 'extremely dissimilar', 2 as 'very dissimilar', 3 as 'likely dissimilar', 4 as 'neutral', 5 as 'likely similar', 6 as 'very similar', and 7 as 'extremely similar': How semantically similar is Chameleon and Toad?",3
Chameleon|Tortoise,"Answer with only one number from 1 to 7, considering 1 as 'extremely dissimilar', 2 as 'very dissimilar', 3 as 'likely dissimilar', 4 as 'neutral', 5 as 'likely similar', 6 as 'very similar', and 7 as 'extremely similar': How semantically similar is Chameleon and Tortoise?",3
Chameleon|Turtle,"Answer with only one number from 1 to 7, considering 1 as 'extremely dissimilar', 2 as 'very dissimilar', 3 as 'likely dissimilar', 4 as 'neutral', 5 as 'likely similar', 6 as 'very similar', and 7 as 'extremely similar': How semantically similar is Chameleon and Turtle?",3
Chameleon|Anvil,"Answer with only one number from 1 to 7, considering 1 as 'extremely dissimilar', 2 as 'very dissimilar', 3 as 'likely dissimilar', 4 as 'neutral', 5 as 'likely similar', 6 as 'very similar', and 7 as 'extremely similar': How semantically similar is Chameleon and Anvil?",2
Chameleon|Axe,"Answer with only one number from 1 to 7, considering 1 as 'extremely dissimilar', 2 as 'very dissimilar', 3 as 'likely dissimilar', 4 as 'neutral', 5 as 'likely similar', 6 as 'very similar', and 7 as 'extremely similar': How semantically similar is Chameleon and Axe?","1

Chameleon and Axe are sem"
Chameleon|Chisel,"Answer with only one number from 1 to 7, considering 1 as 'extremely dissimilar', 2 as 'very dissimilar', 3 as 'likely dissimilar', 4 as 'neutral', 5 as 'likely similar', 6 as 'very similar', and 7 as 'extremely similar': How semantically similar is Chameleon and Chisel?",3
Chameleon|Grindingdisk,"Answer with only one number from 1 to 7, considering 1 as 'extremely dissimilar', 2 as 'very dissimilar', 3 as 'likely dissimilar', 4 as 'neutral', 5 as 'likely similar', 6 as 'very similar', and 7 as 'extremely similar': How semantically similar is Chameleon and Grindingdisk?","1

Chameleon and Grindingdisk are"
Chameleon|Hammer,"Answer with only one number from 1 to 7, considering 1 as 'extremely dissimilar', 2 as 'very dissimilar', 3 as 'likely dissimilar', 4 as 'neutral', 5 as 'likely similar', 6 as 'very similar', and 7 as 'extremely similar': How semantically similar is Chameleon and Hammer?",3
Chameleon|Knife,"Answer with only one number from 1 to 7, considering 1 as 'extremely dissimilar', 2 as 'very dissimilar', 3 as 'likely dissimilar', 4 as 'neutral', 5 as 'likely similar', 6 as 'very similar', and 7 as 'extremely similar': How semantically similar is Chameleon and Knife?",2
Chameleon|LawnMower,"Answer with only one number from 1 to 7, considering 1 as 'extremely dissimilar', 2 as 'very dissimilar', 3 as 'likely dissimilar', 4 as 'neutral', 5 as 'likely similar', 6 as 'very similar', and 7 as 'extremely similar': How semantically similar is Chameleon and LawnMower?","1

Chameleon and LawnMower"
Chameleon|Nail,"Answer with only one number from 1 to 7, considering 1 as 'extremely dissimilar', 2 as 'very dissimilar', 3 as 'likely dissimilar', 4 as 'neutral', 5 as 'likely similar', 6 as 'very similar', and 7 as 'extremely similar': How semantically similar is Chameleon and Nail?",3
Chameleon|Oilcan,"Answer with only one number from 1 to 7, considering 1 as 'extremely dissimilar', 2 as 'very dissimilar', 3 as 'likely dissimilar', 4 as 'neutral', 5 as 'likely similar', 6 as 'very similar', and 7 as 'extremely similar': How semantically similar is Chameleon and Oilcan?",3
Chameleon|Paintbrush,"Answer with only one number from 1 to 7, considering 1 as 'extremely dissimilar', 2 as 'very dissimilar', 3 as 'likely dissimilar', 4 as 'neutral', 5 as 'likely similar', 6 as 'very similar', and 7 as 'extremely similar': How semantically similar is Chameleon and Paintbrush?",3
Chameleon|Saw,"Answer with only one number from 1 to 7, considering 1 as 'extremely dissimilar', 2 as 'very dissimilar', 3 as 'likely dissimilar', 4 as 'neutral', 5 as 'likely similar', 6 as 'very similar', and 7 as 'extremely similar': How semantically similar is Chameleon and Saw?",2
Chameleon|Screwdriver,"Answer with only one number from 1 to 7, considering 1 as 'extremely dissimilar', 2 as 'very dissimilar', 3 as 'likely dissimilar', 4 as 'neutral', 5 as 'likely similar', 6 as 'very similar', and 7 as 'extremely similar': How semantically similar is Chameleon and Screwdriver?","1

Chameleon and Screwdriver are"
Chameleon|Shovel,"Answer with only one number from 1 to 7, considering 1 as 'extremely dissimilar', 2 as 'very dissimilar', 3 as 'likely dissimilar', 4 as 'neutral', 5 as 'likely similar', 6 as 'very similar', and 7 as 'extremely similar': How semantically similar is Chameleon and Shovel?",3
Chameleon|Spanner,"Answer with only one number from 1 to 7, considering 1 as 'extremely dissimilar', 2 as 'very dissimilar', 3 as 'likely dissimilar', 4 as 'neutral', 5 as 'likely similar', 6 as 'very similar', and 7 as 'extremely similar': How semantically similar is Chameleon and Spanner?",3
Chameleon|Vacuum,"Answer with only one number from 1 to 7, considering 1 as 'extremely dissimilar', 2 as 'very dissimilar', 3 as 'likely dissimilar', 4 as 'neutral', 5 as 'likely similar', 6 as 'very similar', and 7 as 'extremely similar': How semantically similar is Chameleon and Vacuum?","1

Chameleon and Vacuum are two"
Cobra|Alligator,"Answer with only one number from 1 to 7, considering 1 as 'extremely dissimilar', 2 as 'very dissimilar', 3 as 'likely dissimilar', 4 as 'neutral', 5 as 'likely similar', 6 as 'very similar', and 7 as 'extremely similar': How semantically similar is Cobra and Alligator?",3
Cobra|Blindworm,"Answer with only one number from 1 to 7, considering 1 as 'extremely dissimilar', 2 as 'very dissimilar', 3 as 'likely dissimilar', 4 as 'neutral', 5 as 'likely similar', 6 as 'very similar', and 7 as 'extremely similar': How semantically similar is Cobra and Blindworm?",2
Cobra|Boapython,"Answer with only one number from 1 to 7, considering 1 as 'extremely dissimilar', 2 as 'very dissimilar', 3 as 'likely dissimilar', 4 as 'neutral', 5 as 'likely similar', 6 as 'very similar', and 7 as 'extremely similar': How semantically similar is Cobra and Boapython?","1

Cobra and Boa con"
Cobra|Caiman,"Answer with only one number from 1 to 7, considering 1 as 'extremely dissimilar', 2 as 'very dissimilar', 3 as 'likely dissimilar', 4 as 'neutral', 5 as 'likely similar', 6 as 'very similar', and 7 as 'extremely similar': How semantically similar is Cobra and Caiman?",3
Cobra|Chameleon,"Answer with only one number from 1 to 7, considering 1 as 'extremely dissimilar', 2 as 'very dissimilar', 3 as 'likely dissimilar', 4 as 'neutral', 5 as 'likely similar', 6 as 'very similar', and 7 as 'extremely similar': How semantically similar is Cobra and Chameleon?",3
Cobra|Cobra,"Answer with only one number from 1 to 7, considering 1 as 'extremely dissimilar', 2 as 'very dissimilar', 3 as 'likely dissimilar', 4 as 'neutral', 5 as 'likely similar', 6 as 'very similar', and 7 as 'extremely similar': How semantically similar is Cobra and Cobra?",7
Cobra|Crocodile,"Answer with only one number from 1 to 7, considering 1 as 'extremely dissimilar', 2 as 'very dissimilar', 3 as 'likely dissimilar', 4 as 'neutral', 5 as 'likely similar', 6 as 'very similar', and 7 as 'extremely similar': How semantically similar is Cobra and Crocodile?",3
Cobra|Dinosaur,"Answer with only one number from 1 to 7, considering 1 as 'extremely dissimilar', 2 as 'very dissimilar', 3 as 'likely dissimilar', 4 as 'neutral', 5 as 'likely similar', 6 as 'very similar', and 7 as 'extremely similar': How semantically similar is Cobra and Dinosaur?",3
Cobra|Gecko,"Answer with only one number from 1 to 7, considering 1 as 'extremely dissimilar', 2 as 'very dissimilar', 3 as 'likely dissimilar', 4 as 'neutral', 5 as 'likely similar', 6 as 'very similar', and 7 as 'extremely similar': How semantically similar is Cobra and Gecko?",3
Cobra|Lizard,"Answer with only one number from 1 to 7, considering 1 as 'extremely dissimilar', 2 as 'very dissimilar', 3 as 'likely dissimilar', 4 as 'neutral', 5 as 'likely similar', 6 as 'very similar', and 7 as 'extremely similar': How semantically similar is Cobra and Lizard?",3
Cobra|Salamander,"Answer with only one number from 1 to 7, considering 1 as 'extremely dissimilar', 2 as 'very dissimilar', 3 as 'likely dissimilar', 4 as 'neutral', 5 as 'likely similar', 6 as 'very similar', and 7 as 'extremely similar': How semantically similar is Cobra and Salamander?",3
Cobra|Snake,"Answer with only one number from 1 to 7, considering 1 as 'extremely dissimilar', 2 as 'very dissimilar', 3 as 'likely dissimilar', 4 as 'neutral', 5 as 'likely similar', 6 as 'very similar', and 7 as 'extremely similar': How semantically similar is Cobra and Snake?",6
Cobra|Toad,"Answer with only one number from 1 to 7, considering 1 as 'extremely dissimilar', 2 as 'very dissimilar', 3 as 'likely dissimilar', 4 as 'neutral', 5 as 'likely similar', 6 as 'very similar', and 7 as 'extremely similar': How semantically similar is Cobra and Toad?",3
Cobra|Tortoise,"Answer with only one number from 1 to 7, considering 1 as 'extremely dissimilar', 2 as 'very dissimilar', 3 as 'likely dissimilar', 4 as 'neutral', 5 as 'likely similar', 6 as 'very similar', and 7 as 'extremely similar': How semantically similar is Cobra and Tortoise?",3
Cobra|Turtle,"Answer with only one number from 1 to 7, considering 1 as 'extremely dissimilar', 2 as 'very dissimilar', 3 as 'likely dissimilar', 4 as 'neutral', 5 as 'likely similar', 6 as 'very similar', and 7 as 'extremely similar': How semantically similar is Cobra and Turtle?",3
Cobra|Anvil,"Answer with only one number from 1 to 7, considering 1 as 'extremely dissimilar', 2 as 'very dissimilar', 3 as 'likely dissimilar', 4 as 'neutral', 5 as 'likely similar', 6 as 'very similar', and 7 as 'extremely similar': How semantically similar is Cobra and Anvil?",2
Cobra|Axe,"Answer with only one number from 1 to 7, considering 1 as 'extremely dissimilar', 2 as 'very dissimilar', 3 as 'likely dissimilar', 4 as 'neutral', 5 as 'likely similar', 6 as 'very similar', and 7 as 'extremely similar': How semantically similar is Cobra and Axe?",3
Cobra|Chisel,"Answer with only one number from 1 to 7, considering 1 as 'extremely dissimilar', 2 as 'very dissimilar', 3 as 'likely dissimilar', 4 as 'neutral', 5 as 'likely similar', 6 as 'very similar', and 7 as 'extremely similar': How semantically similar is Cobra and Chisel?",3
Cobra|Grindingdisk,"Answer with only one number from 1 to 7, considering 1 as 'extremely dissimilar', 2 as 'very dissimilar', 3 as 'likely dissimilar', 4 as 'neutral', 5 as 'likely similar', 6 as 'very similar', and 7 as 'extremely similar': How semantically similar is Cobra and Grindingdisk?","1

Cobra and Grindingdisk are"
Cobra|Hammer,"Answer with only one number from 1 to 7, considering 1 as 'extremely dissimilar', 2 as 'very dissimilar', 3 as 'likely dissimilar', 4 as 'neutral', 5 as 'likely similar', 6 as 'very similar', and 7 as 'extremely similar': How semantically similar is Cobra and Hammer?",3
Cobra|Knife,"Answer with only one number from 1 to 7, considering 1 as 'extremely dissimilar', 2 as 'very dissimilar', 3 as 'likely dissimilar', 4 as 'neutral', 5 as 'likely similar', 6 as 'very similar', and 7 as 'extremely similar': How semantically similar is Cobra and Knife?",6
Cobra|LawnMower,"Answer with only one number from 1 to 7, considering 1 as 'extremely dissimilar', 2 as 'very dissimilar', 3 as 'likely dissimilar', 4 as 'neutral', 5 as 'likely similar', 6 as 'very similar', and 7 as 'extremely similar': How semantically similar is Cobra and LawnMower?","1

Cobra and LawnMower"
Cobra|Nail,"Answer with only one number from 1 to 7, considering 1 as 'extremely dissimilar', 2 as 'very dissimilar', 3 as 'likely dissimilar', 4 as 'neutral', 5 as 'likely similar', 6 as 'very similar', and 7 as 'extremely similar': How semantically similar is Cobra and Nail?",3
Cobra|Oilcan,"Answer with only one number from 1 to 7, considering 1 as 'extremely dissimilar', 2 as 'very dissimilar', 3 as 'likely dissimilar', 4 as 'neutral', 5 as 'likely similar', 6 as 'very similar', and 7 as 'extremely similar': How semantically similar is Cobra and Oilcan?",3
Cobra|Paintbrush,"Answer with only one number from 1 to 7, considering 1 as 'extremely dissimilar', 2 as 'very dissimilar', 3 as 'likely dissimilar', 4 as 'neutral', 5 as 'likely similar', 6 as 'very similar', and 7 as 'extremely similar': How semantically similar is Cobra and Paintbrush?",3
Cobra|Saw,"Answer with only one number from 1 to 7, considering 1 as 'extremely dissimilar', 2 as 'very dissimilar', 3 as 'likely dissimilar', 4 as 'neutral', 5 as 'likely similar', 6 as 'very similar', and 7 as 'extremely similar': How semantically similar is Cobra and Saw?",3
Cobra|Screwdriver,"Answer with only one number from 1 to 7, considering 1 as 'extremely dissimilar', 2 as 'very dissimilar', 3 as 'likely dissimilar', 4 as 'neutral', 5 as 'likely similar', 6 as 'very similar', and 7 as 'extremely similar': How semantically similar is Cobra and Screwdriver?",2
Cobra|Shovel,"Answer with only one number from 1 to 7, considering 1 as 'extremely dissimilar', 2 as 'very dissimilar', 3 as 'likely dissimilar', 4 as 'neutral', 5 as 'likely similar', 6 as 'very similar', and 7 as 'extremely similar': How semantically similar is Cobra and Shovel?",3
Cobra|Spanner,"Answer with only one number from 1 to 7, considering 1 as 'extremely dissimilar', 2 as 'very dissimilar', 3 as 'likely dissimilar', 4 as 'neutral', 5 as 'likely similar', 6 as 'very similar', and 7 as 'extremely similar': How semantically similar is Cobra and Spanner?",3
Cobra|Vacuum,"Answer with only one number from 1 to 7, considering 1 as 'extremely dissimilar', 2 as 'very dissimilar', 3 as 'likely dissimilar', 4 as 'neutral', 5 as 'likely similar', 6 as 'very similar', and 7 as 'extremely similar': How semantically similar is Cobra and Vacuum?","1

Cobra and Vacuum are two"
Crocodile|Alligator,"Answer with only one number from 1 to 7, considering 1 as 'extremely dissimilar', 2 as 'very dissimilar', 3 as 'likely dissimilar', 4 as 'neutral', 5 as 'likely similar', 6 as 'very similar', and 7 as 'extremely similar': How semantically similar is Crocodile and Alligator?",3
Crocodile|Blindworm,"Answer with only one number from 1 to 7, considering 1 as 'extremely dissimilar', 2 as 'very dissimilar', 3 as 'likely dissimilar', 4 as 'neutral', 5 as 'likely similar', 6 as 'very similar', and 7 as 'extremely similar': How semantically similar is Crocodile and Blindworm?","1

Crocodile and Blindworm are"
Crocodile|Boapython,"Answer with only one number from 1 to 7, considering 1 as 'extremely dissimilar', 2 as 'very dissimilar', 3 as 'likely dissimilar', 4 as 'neutral', 5 as 'likely similar', 6 as 'very similar', and 7 as 'extremely similar': How semantically similar is Crocodile and Boapython?","1

Crocodile and Boa con"
Crocodile|Caiman,"Answer with only one number from 1 to 7, considering 1 as 'extremely dissimilar', 2 as 'very dissimilar', 3 as 'likely dissimilar', 4 as 'neutral', 5 as 'likely similar', 6 as 'very similar', and 7 as 'extremely similar': How semantically similar is Crocodile and Caiman?",6
Crocodile|Chameleon,"Answer with only one number from 1 to 7, considering 1 as 'extremely dissimilar', 2 as 'very dissimilar', 3 as 'likely dissimilar', 4 as 'neutral', 5 as 'likely similar', 6 as 'very similar', and 7 as 'extremely similar': How semantically similar is Crocodile and Chameleon?",3
Crocodile|Cobra,"Answer with only one number from 1 to 7, considering 1 as 'extremely dissimilar', 2 as 'very dissimilar', 3 as 'likely dissimilar', 4 as 'neutral', 5 as 'likely similar', 6 as 'very similar', and 7 as 'extremely similar': How semantically similar is Crocodile and Cobra?",3
Crocodile|Crocodile,"Answer with only one number from 1 to 7, considering 1 as 'extremely dissimilar', 2 as 'very dissimilar', 3 as 'likely dissimilar', 4 as 'neutral', 5 as 'likely similar', 6 as 'very similar', and 7 as 'extremely similar': How semantically similar is Crocodile and Crocodile?",7
Crocodile|Dinosaur,"Answer with only one number from 1 to 7, considering 1 as 'extremely dissimilar', 2 as 'very dissimilar', 3 as 'likely dissimilar', 4 as 'neutral', 5 as 'likely similar', 6 as 'very similar', and 7 as 'extremely similar': How semantically similar is Crocodile and Dinosaur?",6
Crocodile|Gecko,"Answer with only one number from 1 to 7, considering 1 as 'extremely dissimilar', 2 as 'very dissimilar', 3 as 'likely dissimilar', 4 as 'neutral', 5 as 'likely similar', 6 as 'very similar', and 7 as 'extremely similar': How semantically similar is Crocodile and Gecko?",3
Crocodile|Lizard,"Answer with only one number from 1 to 7, considering 1 as 'extremely dissimilar', 2 as 'very dissimilar', 3 as 'likely dissimilar', 4 as 'neutral', 5 as 'likely similar', 6 as 'very similar', and 7 as 'extremely similar': How semantically similar is Crocodile and Lizard?",3
Crocodile|Salamander,"Answer with only one number from 1 to 7, considering 1 as 'extremely dissimilar', 2 as 'very dissimilar', 3 as 'likely dissimilar', 4 as 'neutral', 5 as 'likely similar', 6 as 'very similar', and 7 as 'extremely similar': How semantically similar is Crocodile and Salamander?",3
Crocodile|Snake,"Answer with only one number from 1 to 7, considering 1 as 'extremely dissimilar', 2 as 'very dissimilar', 3 as 'likely dissimilar', 4 as 'neutral', 5 as 'likely similar', 6 as 'very similar', and 7 as 'extremely similar': How semantically similar is Crocodile and Snake?",3
Crocodile|Toad,"Answer with only one number from 1 to 7, considering 1 as 'extremely dissimilar', 2 as 'very dissimilar', 3 as 'likely dissimilar', 4 as 'neutral', 5 as 'likely similar', 6 as 'very similar', and 7 as 'extremely similar': How semantically similar is Crocodile and Toad?",3
Crocodile|Tortoise,"Answer with only one number from 1 to 7, considering 1 as 'extremely dissimilar', 2 as 'very dissimilar', 3 as 'likely dissimilar', 4 as 'neutral', 5 as 'likely similar', 6 as 'very similar', and 7 as 'extremely similar': How semantically similar is Crocodile and Tortoise?",3
Crocodile|Turtle,"Answer with only one number from 1 to 7, considering 1 as 'extremely dissimilar', 2 as 'very dissimilar', 3 as 'likely dissimilar', 4 as 'neutral', 5 as 'likely similar', 6 as 'very similar', and 7 as 'extremely similar': How semantically similar is Crocodile and Turtle?",3
Crocodile|Anvil,"Answer with only one number from 1 to 7, considering 1 as 'extremely dissimilar', 2 as 'very dissimilar', 3 as 'likely dissimilar', 4 as 'neutral', 5 as 'likely similar', 6 as 'very similar', and 7 as 'extremely similar': How semantically similar is Crocodile and Anvil?","1

Crocodile and Anvil are"
Crocodile|Axe,"Answer with only one number from 1 to 7, considering 1 as 'extremely dissimilar', 2 as 'very dissimilar', 3 as 'likely dissimilar', 4 as 'neutral', 5 as 'likely similar', 6 as 'very similar', and 7 as 'extremely similar': How semantically similar is Crocodile and Axe?","1

Crocodile and Axe are not"
Crocodile|Chisel,"Answer with only one number from 1 to 7, considering 1 as 'extremely dissimilar', 2 as 'very dissimilar', 3 as 'likely dissimilar', 4 as 'neutral', 5 as 'likely similar', 6 as 'very similar', and 7 as 'extremely similar': How semantically similar is Crocodile and Chisel?",2
Crocodile|Grindingdisk,"Answer with only one number from 1 to 7, considering 1 as 'extremely dissimilar', 2 as 'very dissimilar', 3 as 'likely dissimilar', 4 as 'neutral', 5 as 'likely similar', 6 as 'very similar', and 7 as 'extremely similar': How semantically similar is Crocodile and Grindingdisk?","1

Crocodile and Grindingdisk are"
Crocodile|Hammer,"Answer with only one number from 1 to 7, considering 1 as 'extremely dissimilar', 2 as 'very dissimilar', 3 as 'likely dissimilar', 4 as 'neutral', 5 as 'likely similar', 6 as 'very similar', and 7 as 'extremely similar': How semantically similar is Crocodile and Hammer?","1

Crocodile and Hammer are objects"
Crocodile|Knife,"Answer with only one number from 1 to 7, considering 1 as 'extremely dissimilar', 2 as 'very dissimilar', 3 as 'likely dissimilar', 4 as 'neutral', 5 as 'likely similar', 6 as 'very similar', and 7 as 'extremely similar': How semantically similar is Crocodile and Knife?",2
Crocodile|LawnMower,"Answer with only one number from 1 to 7, considering 1 as 'extremely dissimilar', 2 as 'very dissimilar', 3 as 'likely dissimilar', 4 as 'neutral', 5 as 'likely similar', 6 as 'very similar', and 7 as 'extremely similar': How semantically similar is Crocodile and LawnMower?","1

Crocodile and LawnMower"
Crocodile|Nail,"Answer with only one number from 1 to 7, considering 1 as 'extremely dissimilar', 2 as 'very dissimilar', 3 as 'likely dissimilar', 4 as 'neutral', 5 as 'likely similar', 6 as 'very similar', and 7 as 'extremely similar': How semantically similar is Crocodile and Nail?","1

Crocodile and Nail are not"
Crocodile|Oilcan,"Answer with only one number from 1 to 7, considering 1 as 'extremely dissimilar', 2 as 'very dissimilar', 3 as 'likely dissimilar', 4 as 'neutral', 5 as 'likely similar', 6 as 'very similar', and 7 as 'extremely similar': How semantically similar is Crocodile and Oilcan?","1

Crocodile and Oilcan are"
Crocodile|Paintbrush,"Answer with only one number from 1 to 7, considering 1 as 'extremely dissimilar', 2 as 'very dissimilar', 3 as 'likely dissimilar', 4 as 'neutral', 5 as 'likely similar', 6 as 'very similar', and 7 as 'extremely similar': How semantically similar is Crocodile and Paintbrush?",1
Crocodile|Saw,"Answer with only one number from 1 to 7, considering 1 as 'extremely dissimilar', 2 as 'very dissimilar', 3 as 'likely dissimilar', 4 as 'neutral', 5 as 'likely similar', 6 as 'very similar', and 7 as 'extremely similar': How semantically similar is Crocodile and Saw?",3
Crocodile|Screwdriver,"Answer with only one number from 1 to 7, considering 1 as 'extremely dissimilar', 2 as 'very dissimilar', 3 as 'likely dissimilar', 4 as 'neutral', 5 as 'likely similar', 6 as 'very similar', and 7 as 'extremely similar': How semantically similar is Crocodile and Screwdriver?",1
Crocodile|Shovel,"Answer with only one number from 1 to 7, considering 1 as 'extremely dissimilar', 2 as 'very dissimilar', 3 as 'likely dissimilar', 4 as 'neutral', 5 as 'likely similar', 6 as 'very similar', and 7 as 'extremely similar': How semantically similar is Crocodile and Shovel?",3
Crocodile|Spanner,"Answer with only one number from 1 to 7, considering 1 as 'extremely dissimilar', 2 as 'very dissimilar', 3 as 'likely dissimilar', 4 as 'neutral', 5 as 'likely similar', 6 as 'very similar', and 7 as 'extremely similar': How semantically similar is Crocodile and Spanner?","1

Crocodile and Spanner are"
Crocodile|Vacuum,"Answer with only one number from 1 to 7, considering 1 as 'extremely dissimilar', 2 as 'very dissimilar', 3 as 'likely dissimilar', 4 as 'neutral', 5 as 'likely similar', 6 as 'very similar', and 7 as 'extremely similar': How semantically similar is Crocodile and Vacuum?","1

Crocodile and Vacuum are two"
Dinosaur|Alligator,"Answer with only one number from 1 to 7, considering 1 as 'extremely dissimilar', 2 as 'very dissimilar', 3 as 'likely dissimilar', 4 as 'neutral', 5 as 'likely similar', 6 as 'very similar', and 7 as 'extremely similar': How semantically similar is Dinosaur and Alligator?",3
Dinosaur|Blindworm,"Answer with only one number from 1 to 7, considering 1 as 'extremely dissimilar', 2 as 'very dissimilar', 3 as 'likely dissimilar', 4 as 'neutral', 5 as 'likely similar', 6 as 'very similar', and 7 as 'extremely similar': How semantically similar is Dinosaur and Blindworm?",2
Dinosaur|Boapython,"Answer with only one number from 1 to 7, considering 1 as 'extremely dissimilar', 2 as 'very dissimilar', 3 as 'likely dissimilar', 4 as 'neutral', 5 as 'likely similar', 6 as 'very similar', and 7 as 'extremely similar': How semantically similar is Dinosaur and Boapython?","1

Dinosaur and Boapython"
Dinosaur|Caiman,"Answer with only one number from 1 to 7, considering 1 as 'extremely dissimilar', 2 as 'very dissimilar', 3 as 'likely dissimilar', 4 as 'neutral', 5 as 'likely similar', 6 as 'very similar', and 7 as 'extremely similar': How semantically similar is Dinosaur and Caiman?",3
Dinosaur|Chameleon,"Answer with only one number from 1 to 7, considering 1 as 'extremely dissimilar', 2 as 'very dissimilar', 3 as 'likely dissimilar', 4 as 'neutral', 5 as 'likely similar', 6 as 'very similar', and 7 as 'extremely similar': How semantically similar is Dinosaur and Chameleon?",3
Dinosaur|Cobra,"Answer with only one number from 1 to 7, considering 1 as 'extremely dissimilar', 2 as 'very dissimilar', 3 as 'likely dissimilar', 4 as 'neutral', 5 as 'likely similar', 6 as 'very similar', and 7 as 'extremely similar': How semantically similar is Dinosaur and Cobra?","1

Dinosaur and Cobra are quite"
Dinosaur|Crocodile,"Answer with only one number from 1 to 7, considering 1 as 'extremely dissimilar', 2 as 'very dissimilar', 3 as 'likely dissimilar', 4 as 'neutral', 5 as 'likely similar', 6 as 'very similar', and 7 as 'extremely similar': How semantically similar is Dinosaur and Crocodile?",3
Dinosaur|Dinosaur,"Answer with only one number from 1 to 7, considering 1 as 'extremely dissimilar', 2 as 'very dissimilar', 3 as 'likely dissimilar', 4 as 'neutral', 5 as 'likely similar', 6 as 'very similar', and 7 as 'extremely similar': How semantically similar is Dinosaur and Dinosaur?",7
Dinosaur|Gecko,"Answer with only one number from 1 to 7, considering 1 as 'extremely dissimilar', 2 as 'very dissimilar', 3 as 'likely dissimilar', 4 as 'neutral', 5 as 'likely similar', 6 as 'very similar', and 7 as 'extremely similar': How semantically similar is Dinosaur and Gecko?",3
Dinosaur|Lizard,"Answer with only one number from 1 to 7, considering 1 as 'extremely dissimilar', 2 as 'very dissimilar', 3 as 'likely dissimilar', 4 as 'neutral', 5 as 'likely similar', 6 as 'very similar', and 7 as 'extremely similar': How semantically similar is Dinosaur and Lizard?",6
Dinosaur|Salamander,"Answer with only one number from 1 to 7, considering 1 as 'extremely dissimilar', 2 as 'very dissimilar', 3 as 'likely dissimilar', 4 as 'neutral', 5 as 'likely similar', 6 as 'very similar', and 7 as 'extremely similar': How semantically similar is Dinosaur and Salamander?",3
Dinosaur|Snake,"Answer with only one number from 1 to 7, considering 1 as 'extremely dissimilar', 2 as 'very dissimilar', 3 as 'likely dissimilar', 4 as 'neutral', 5 as 'likely similar', 6 as 'very similar', and 7 as 'extremely similar': How semantically similar is Dinosaur and Snake?",3
Dinosaur|Toad,"Answer with only one number from 1 to 7, considering 1 as 'extremely dissimilar', 2 as 'very dissimilar', 3 as 'likely dissimilar', 4 as 'neutral', 5 as 'likely similar', 6 as 'very similar', and 7 as 'extremely similar': How semantically similar is Dinosaur and Toad?",3
Dinosaur|Tortoise,"Answer with only one number from 1 to 7, considering 1 as 'extremely dissimilar', 2 as 'very dissimilar', 3 as 'likely dissimilar', 4 as 'neutral', 5 as 'likely similar', 6 as 'very similar', and 7 as 'extremely similar': How semantically similar is Dinosaur and Tortoise?",3
Dinosaur|Turtle,"Answer with only one number from 1 to 7, considering 1 as 'extremely dissimilar', 2 as 'very dissimilar', 3 as 'likely dissimilar', 4 as 'neutral', 5 as 'likely similar', 6 as 'very similar', and 7 as 'extremely similar': How semantically similar is Dinosaur and Turtle?",3
Dinosaur|Anvil,"Answer with only one number from 1 to 7, considering 1 as 'extremely dissimilar', 2 as 'very dissimilar', 3 as 'likely dissimilar', 4 as 'neutral', 5 as 'likely similar', 6 as 'very similar', and 7 as 'extremely similar': How semantically similar is Dinosaur and Anvil?",3
Dinosaur|Axe,"Answer with only one number from 1 to 7, considering 1 as 'extremely dissimilar', 2 as 'very dissimilar', 3 as 'likely dissimilar', 4 as 'neutral', 5 as 'likely similar', 6 as 'very similar', and 7 as 'extremely similar': How semantically similar is Dinosaur and Axe?","1

Dinosaur and Axe are not"
Dinosaur|Chisel,"Answer with only one number from 1 to 7, considering 1 as 'extremely dissimilar', 2 as 'very dissimilar', 3 as 'likely dissimilar', 4 as 'neutral', 5 as 'likely similar', 6 as 'very similar', and 7 as 'extremely similar': How semantically similar is Dinosaur and Chisel?",3
Dinosaur|Grindingdisk,"Answer with only one number from 1 to 7, considering 1 as 'extremely dissimilar', 2 as 'very dissimilar', 3 as 'likely dissimilar', 4 as 'neutral', 5 as 'likely similar', 6 as 'very similar', and 7 as 'extremely similar': How semantically similar is Dinosaur and Grindingdisk?","1

Dinosaur and Grindingdisk are"
Dinosaur|Hammer,"Answer with only one number from 1 to 7, considering 1 as 'extremely dissimilar', 2 as 'very dissimilar', 3 as 'likely dissimilar', 4 as 'neutral', 5 as 'likely similar', 6 as 'very similar', and 7 as 'extremely similar': How semantically similar is Dinosaur and Hammer?",3
Dinosaur|Knife,"Answer with only one number from 1 to 7, considering 1 as 'extremely dissimilar', 2 as 'very dissimilar', 3 as 'likely dissimilar', 4 as 'neutral', 5 as 'likely similar', 6 as 'very similar', and 7 as 'extremely similar': How semantically similar is Dinosaur and Knife?","1

Dinosaur and Knife are not"
Dinosaur|LawnMower,"Answer with only one number from 1 to 7, considering 1 as 'extremely dissimilar', 2 as 'very dissimilar', 3 as 'likely dissimilar', 4 as 'neutral', 5 as 'likely similar', 6 as 'very similar', and 7 as 'extremely similar': How semantically similar is Dinosaur and LawnMower?","1

Dinosaur and LawnMower"
Dinosaur|Nail,"Answer with only one number from 1 to 7, considering 1 as 'extremely dissimilar', 2 as 'very dissimilar', 3 as 'likely dissimilar', 4 as 'neutral', 5 as 'likely similar', 6 as 'very similar', and 7 as 'extremely similar': How semantically similar is Dinosaur and Nail?","1

Dinosaur and Nail are not"
Dinosaur|Oilcan,"Answer with only one number from 1 to 7, considering 1 as 'extremely dissimilar', 2 as 'very dissimilar', 3 as 'likely dissimilar', 4 as 'neutral', 5 as 'likely similar', 6 as 'very similar', and 7 as 'extremely similar': How semantically similar is Dinosaur and Oilcan?",3
Dinosaur|Paintbrush,"Answer with only one number from 1 to 7, considering 1 as 'extremely dissimilar', 2 as 'very dissimilar', 3 as 'likely dissimilar', 4 as 'neutral', 5 as 'likely similar', 6 as 'very similar', and 7 as 'extremely similar': How semantically similar is Dinosaur and Paintbrush?","1

Dinosaur and Paintbrush are"
Dinosaur|Saw,"Answer with only one number from 1 to 7, considering 1 as 'extremely dissimilar', 2 as 'very dissimilar', 3 as 'likely dissimilar', 4 as 'neutral', 5 as 'likely similar', 6 as 'very similar', and 7 as 'extremely similar': How semantically similar is Dinosaur and Saw?","1

Dinosaur and Saw are two"
Dinosaur|Screwdriver,"Answer with only one number from 1 to 7, considering 1 as 'extremely dissimilar', 2 as 'very dissimilar', 3 as 'likely dissimilar', 4 as 'neutral', 5 as 'likely similar', 6 as 'very similar', and 7 as 'extremely similar': How semantically similar is Dinosaur and Screwdriver?","1

Dinosaur and Screwdriver are"
Dinosaur|Shovel,"Answer with only one number from 1 to 7, considering 1 as 'extremely dissimilar', 2 as 'very dissimilar', 3 as 'likely dissimilar', 4 as 'neutral', 5 as 'likely similar', 6 as 'very similar', and 7 as 'extremely similar': How semantically similar is Dinosaur and Shovel?",3
Dinosaur|Spanner,"Answer with only one number from 1 to 7, considering 1 as 'extremely dissimilar', 2 as 'very dissimilar', 3 as 'likely dissimilar', 4 as 'neutral', 5 as 'likely similar', 6 as 'very similar', and 7 as 'extremely similar': How semantically similar is Dinosaur and Spanner?","1

Dinosaur and Spanner are"
Dinosaur|Vacuum,"Answer with only one number from 1 to 7, considering 1 as 'extremely dissimilar', 2 as 'very dissimilar', 3 as 'likely dissimilar', 4 as 'neutral', 5 as 'likely similar', 6 as 'very similar', and 7 as 'extremely similar': How semantically similar is Dinosaur and Vacuum?","1

Dinosaur and Vacuum are two"
Gecko|Alligator,"Answer with only one number from 1 to 7, considering 1 as 'extremely dissimilar', 2 as 'very dissimilar', 3 as 'likely dissimilar', 4 as 'neutral', 5 as 'likely similar', 6 as 'very similar', and 7 as 'extremely similar': How semantically similar is Gecko and Alligator?",2
Gecko|Blindworm,"Answer with only one number from 1 to 7, considering 1 as 'extremely dissimilar', 2 as 'very dissimilar', 3 as 'likely dissimilar', 4 as 'neutral', 5 as 'likely similar', 6 as 'very similar', and 7 as 'extremely similar': How semantically similar is Gecko and Blindworm?","1

Gecko and Blindworm are"
Gecko|Boapython,"Answer with only one number from 1 to 7, considering 1 as 'extremely dissimilar', 2 as 'very dissimilar', 3 as 'likely dissimilar', 4 as 'neutral', 5 as 'likely similar', 6 as 'very similar', and 7 as 'extremely similar': How semantically similar is Gecko and Boapython?","1

Gecko and Boapython"
Gecko|Caiman,"Answer with only one number from 1 to 7, considering 1 as 'extremely dissimilar', 2 as 'very dissimilar', 3 as 'likely dissimilar', 4 as 'neutral', 5 as 'likely similar', 6 as 'very similar', and 7 as 'extremely similar': How semantically similar is Gecko and Caiman?",3
Gecko|Chameleon,"Answer with only one number from 1 to 7, considering 1 as 'extremely dissimilar', 2 as 'very dissimilar', 3 as 'likely dissimilar', 4 as 'neutral', 5 as 'likely similar', 6 as 'very similar', and 7 as 'extremely similar': How semantically similar is Gecko and Chameleon?",6
Gecko|Cobra,"Answer with only one number from 1 to 7, considering 1 as 'extremely dissimilar', 2 as 'very dissimilar', 3 as 'likely dissimilar', 4 as 'neutral', 5 as 'likely similar', 6 as 'very similar', and 7 as 'extremely similar': How semantically similar is Gecko and Cobra?",3
Gecko|Crocodile,"Answer with only one number from 1 to 7, considering 1 as 'extremely dissimilar', 2 as 'very dissimilar', 3 as 'likely dissimilar', 4 as 'neutral', 5 as 'likely similar', 6 as 'very similar', and 7 as 'extremely similar': How semantically similar is Gecko and Crocodile?",3
Gecko|Dinosaur,"Answer with only one number from 1 to 7, considering 1 as 'extremely dissimilar', 2 as 'very dissimilar', 3 as 'likely dissimilar', 4 as 'neutral', 5 as 'likely similar', 6 as 'very similar', and 7 as 'extremely similar': How semantically similar is Gecko and Dinosaur?",2
Gecko|Gecko,"Answer with only one number from 1 to 7, considering 1 as 'extremely dissimilar', 2 as 'very dissimilar', 3 as 'likely dissimilar', 4 as 'neutral', 5 as 'likely similar', 6 as 'very similar', and 7 as 'extremely similar': How semantically similar is Gecko and Gecko?",7
Gecko|Lizard,"Answer with only one number from 1 to 7, considering 1 as 'extremely dissimilar', 2 as 'very dissimilar', 3 as 'likely dissimilar', 4 as 'neutral', 5 as 'likely similar', 6 as 'very similar', and 7 as 'extremely similar': How semantically similar is Gecko and Lizard?",6
Gecko|Salamander,"Answer with only one number from 1 to 7, considering 1 as 'extremely dissimilar', 2 as 'very dissimilar', 3 as 'likely dissimilar', 4 as 'neutral', 5 as 'likely similar', 6 as 'very similar', and 7 as 'extremely similar': How semantically similar is Gecko and Salamander?",3
Gecko|Snake,"Answer with only one number from 1 to 7, considering 1 as 'extremely dissimilar', 2 as 'very dissimilar', 3 as 'likely dissimilar', 4 as 'neutral', 5 as 'likely similar', 6 as 'very similar', and 7 as 'extremely similar': How semantically similar is Gecko and Snake?",3
Gecko|Toad,"Answer with only one number from 1 to 7, considering 1 as 'extremely dissimilar', 2 as 'very dissimilar', 3 as 'likely dissimilar', 4 as 'neutral', 5 as 'likely similar', 6 as 'very similar', and 7 as 'extremely similar': How semantically similar is Gecko and Toad?",3
Gecko|Tortoise,"Answer with only one number from 1 to 7, considering 1 as 'extremely dissimilar', 2 as 'very dissimilar', 3 as 'likely dissimilar', 4 as 'neutral', 5 as 'likely similar', 6 as 'very similar', and 7 as 'extremely similar': How semantically similar is Gecko and Tortoise?",3
Gecko|Turtle,"Answer with only one number from 1 to 7, considering 1 as 'extremely dissimilar', 2 as 'very dissimilar', 3 as 'likely dissimilar', 4 as 'neutral', 5 as 'likely similar', 6 as 'very similar', and 7 as 'extremely similar': How semantically similar is Gecko and Turtle?",3
Gecko|Anvil,"Answer with only one number from 1 to 7, considering 1 as 'extremely dissimilar', 2 as 'very dissimilar', 3 as 'likely dissimilar', 4 as 'neutral', 5 as 'likely similar', 6 as 'very similar', and 7 as 'extremely similar': How semantically similar is Gecko and Anvil?","1

Gecko and anvil are"
Gecko|Axe,"Answer with only one number from 1 to 7, considering 1 as 'extremely dissimilar', 2 as 'very dissimilar', 3 as 'likely dissimilar', 4 as 'neutral', 5 as 'likely similar', 6 as 'very similar', and 7 as 'extremely similar': How semantically similar is Gecko and Axe?",2
Gecko|Chisel,"Answer with only one number from 1 to 7, considering 1 as 'extremely dissimilar', 2 as 'very dissimilar', 3 as 'likely dissimilar', 4 as 'neutral', 5 as 'likely similar', 6 as 'very similar', and 7 as 'extremely similar': How semantically similar is Gecko and Chisel?",3
Gecko|Grindingdisk,"Answer with only one number from 1 to 7, considering 1 as 'extremely dissimilar', 2 as 'very dissimilar', 3 as 'likely dissimilar', 4 as 'neutral', 5 as 'likely similar', 6 as 'very similar', and 7 as 'extremely similar': How semantically similar is Gecko and Grindingdisk?","1

The words ""Gecko"""
Gecko|Hammer,"Answer with only one number from 1 to 7, considering 1 as 'extremely dissimilar', 2 as 'very dissimilar', 3 as 'likely dissimilar', 4 as 'neutral', 5 as 'likely similar', 6 as 'very similar', and 7 as 'extremely similar': How semantically similar is Gecko and Hammer?",3
Gecko|Knife,"Answer with only one number from 1 to 7, considering 1 as 'extremely dissimilar', 2 as 'very dissimilar', 3 as 'likely dissimilar', 4 as 'neutral', 5 as 'likely similar', 6 as 'very similar', and 7 as 'extremely similar': How semantically similar is Gecko and Knife?",2
Gecko|LawnMower,"Answer with only one number from 1 to 7, considering 1 as 'extremely dissimilar', 2 as 'very dissimilar', 3 as 'likely dissimilar', 4 as 'neutral', 5 as 'likely similar', 6 as 'very similar', and 7 as 'extremely similar': How semantically similar is Gecko and LawnMower?","1

Gecko and LawnMower"
Gecko|Nail,"Answer with only one number from 1 to 7, considering 1 as 'extremely dissimilar', 2 as 'very dissimilar', 3 as 'likely dissimilar', 4 as 'neutral', 5 as 'likely similar', 6 as 'very similar', and 7 as 'extremely similar': How semantically similar is Gecko and Nail?",3
Gecko|Oilcan,"Answer with only one number from 1 to 7, considering 1 as 'extremely dissimilar', 2 as 'very dissimilar', 3 as 'likely dissimilar', 4 as 'neutral', 5 as 'likely similar', 6 as 'very similar', and 7 as 'extremely similar': How semantically similar is Gecko and Oilcan?",3
Gecko|Paintbrush,"Answer with only one number from 1 to 7, considering 1 as 'extremely dissimilar', 2 as 'very dissimilar', 3 as 'likely dissimilar', 4 as 'neutral', 5 as 'likely similar', 6 as 'very similar', and 7 as 'extremely similar': How semantically similar is Gecko and Paintbrush?",3
Gecko|Saw,"Answer with only one number from 1 to 7, considering 1 as 'extremely dissimilar', 2 as 'very dissimilar', 3 as 'likely dissimilar', 4 as 'neutral', 5 as 'likely similar', 6 as 'very similar', and 7 as 'extremely similar': How semantically similar is Gecko and Saw?",3
Gecko|Screwdriver,"Answer with only one number from 1 to 7, considering 1 as 'extremely dissimilar', 2 as 'very dissimilar', 3 as 'likely dissimilar', 4 as 'neutral', 5 as 'likely similar', 6 as 'very similar', and 7 as 'extremely similar': How semantically similar is Gecko and Screwdriver?","1

Gecko and Screwdriver are"
Gecko|Shovel,"Answer with only one number from 1 to 7, considering 1 as 'extremely dissimilar', 2 as 'very dissimilar', 3 as 'likely dissimilar', 4 as 'neutral', 5 as 'likely similar', 6 as 'very similar', and 7 as 'extremely similar': How semantically similar is Gecko and Shovel?",2
Gecko|Spanner,"Answer with only one number from 1 to 7, considering 1 as 'extremely dissimilar', 2 as 'very dissimilar', 3 as 'likely dissimilar', 4 as 'neutral', 5 as 'likely similar', 6 as 'very similar', and 7 as 'extremely similar': How semantically similar is Gecko and Spanner?",3
Gecko|Vacuum,"Answer with only one number from 1 to 7, considering 1 as 'extremely dissimilar', 2 as 'very dissimilar', 3 as 'likely dissimilar', 4 as 'neutral', 5 as 'likely similar', 6 as 'very similar', and 7 as 'extremely similar': How semantically similar is Gecko and Vacuum?",3
Lizard|Alligator,"Answer with only one number from 1 to 7, considering 1 as 'extremely dissimilar', 2 as 'very dissimilar', 3 as 'likely dissimilar', 4 as 'neutral', 5 as 'likely similar', 6 as 'very similar', and 7 as 'extremely similar': How semantically similar is Lizard and Alligator?",3
Lizard|Blindworm,"Answer with only one number from 1 to 7, considering 1 as 'extremely dissimilar', 2 as 'very dissimilar', 3 as 'likely dissimilar', 4 as 'neutral', 5 as 'likely similar', 6 as 'very similar', and 7 as 'extremely similar': How semantically similar is Lizard and Blindworm?",3
Lizard|Boapython,"Answer with only one number from 1 to 7, considering 1 as 'extremely dissimilar', 2 as 'very dissimilar', 3 as 'likely dissimilar', 4 as 'neutral', 5 as 'likely similar', 6 as 'very similar', and 7 as 'extremely similar': How semantically similar is Lizard and Boapython?","1

Lizard and Boa Con"
Lizard|Caiman,"Answer with only one number from 1 to 7, considering 1 as 'extremely dissimilar', 2 as 'very dissimilar', 3 as 'likely dissimilar', 4 as 'neutral', 5 as 'likely similar', 6 as 'very similar', and 7 as 'extremely similar': How semantically similar is Lizard and Caiman?",3
Lizard|Chameleon,"Answer with only one number from 1 to 7, considering 1 as 'extremely dissimilar', 2 as 'very dissimilar', 3 as 'likely dissimilar', 4 as 'neutral', 5 as 'likely similar', 6 as 'very similar', and 7 as 'extremely similar': How semantically similar is Lizard and Chameleon?",6
Lizard|Cobra,"Answer with only one number from 1 to 7, considering 1 as 'extremely dissimilar', 2 as 'very dissimilar', 3 as 'likely dissimilar', 4 as 'neutral', 5 as 'likely similar', 6 as 'very similar', and 7 as 'extremely similar': How semantically similar is Lizard and Cobra?",3
Lizard|Crocodile,"Answer with only one number from 1 to 7, considering 1 as 'extremely dissimilar', 2 as 'very dissimilar', 3 as 'likely dissimilar', 4 as 'neutral', 5 as 'likely similar', 6 as 'very similar', and 7 as 'extremely similar': How semantically similar is Lizard and Crocodile?",3
Lizard|Dinosaur,"Answer with only one number from 1 to 7, considering 1 as 'extremely dissimilar', 2 as 'very dissimilar', 3 as 'likely dissimilar', 4 as 'neutral', 5 as 'likely similar', 6 as 'very similar', and 7 as 'extremely similar': How semantically similar is Lizard and Dinosaur?",6
Lizard|Gecko,"Answer with only one number from 1 to 7, considering 1 as 'extremely dissimilar', 2 as 'very dissimilar', 3 as 'likely dissimilar', 4 as 'neutral', 5 as 'likely similar', 6 as 'very similar', and 7 as 'extremely similar': How semantically similar is Lizard and Gecko?",6
Lizard|Lizard,"Answer with only one number from 1 to 7, considering 1 as 'extremely dissimilar', 2 as 'very dissimilar', 3 as 'likely dissimilar', 4 as 'neutral', 5 as 'likely similar', 6 as 'very similar', and 7 as 'extremely similar': How semantically similar is Lizard and Lizard?",7
Lizard|Salamander,"Answer with only one number from 1 to 7, considering 1 as 'extremely dissimilar', 2 as 'very dissimilar', 3 as 'likely dissimilar', 4 as 'neutral', 5 as 'likely similar', 6 as 'very similar', and 7 as 'extremely similar': How semantically similar is Lizard and Salamander?",5
Lizard|Snake,"Answer with only one number from 1 to 7, considering 1 as 'extremely dissimilar', 2 as 'very dissimilar', 3 as 'likely dissimilar', 4 as 'neutral', 5 as 'likely similar', 6 as 'very similar', and 7 as 'extremely similar': How semantically similar is Lizard and Snake?",3
Lizard|Toad,"Answer with only one number from 1 to 7, considering 1 as 'extremely dissimilar', 2 as 'very dissimilar', 3 as 'likely dissimilar', 4 as 'neutral', 5 as 'likely similar', 6 as 'very similar', and 7 as 'extremely similar': How semantically similar is Lizard and Toad?",3
Lizard|Tortoise,"Answer with only one number from 1 to 7, considering 1 as 'extremely dissimilar', 2 as 'very dissimilar', 3 as 'likely dissimilar', 4 as 'neutral', 5 as 'likely similar', 6 as 'very similar', and 7 as 'extremely similar': How semantically similar is Lizard and Tortoise?",6
Lizard|Turtle,"Answer with only one number from 1 to 7, considering 1 as 'extremely dissimilar', 2 as 'very dissimilar', 3 as 'likely dissimilar', 4 as 'neutral', 5 as 'likely similar', 6 as 'very similar', and 7 as 'extremely similar': How semantically similar is Lizard and Turtle?",3
Lizard|Anvil,"Answer with only one number from 1 to 7, considering 1 as 'extremely dissimilar', 2 as 'very dissimilar', 3 as 'likely dissimilar', 4 as 'neutral', 5 as 'likely similar', 6 as 'very similar', and 7 as 'extremely similar': How semantically similar is Lizard and Anvil?","1

Lizard and Anvil are"
Lizard|Axe,"Answer with only one number from 1 to 7, considering 1 as 'extremely dissimilar', 2 as 'very dissimilar', 3 as 'likely dissimilar', 4 as 'neutral', 5 as 'likely similar', 6 as 'very similar', and 7 as 'extremely similar': How semantically similar is Lizard and Axe?","1

Lizard and Axe are not"
Lizard|Chisel,"Answer with only one number from 1 to 7, considering 1 as 'extremely dissimilar', 2 as 'very dissimilar', 3 as 'likely dissimilar', 4 as 'neutral', 5 as 'likely similar', 6 as 'very similar', and 7 as 'extremely similar': How semantically similar is Lizard and Chisel?",2
Lizard|Grindingdisk,"Answer with only one number from 1 to 7, considering 1 as 'extremely dissimilar', 2 as 'very dissimilar', 3 as 'likely dissimilar', 4 as 'neutral', 5 as 'likely similar', 6 as 'very similar', and 7 as 'extremely similar': How semantically similar is Lizard and Grindingdisk?","1

Lizard and Grindingdisk are"
Lizard|Hammer,"Answer with only one number from 1 to 7, considering 1 as 'extremely dissimilar', 2 as 'very dissimilar', 3 as 'likely dissimilar', 4 as 'neutral', 5 as 'likely similar', 6 as 'very similar', and 7 as 'extremely similar': How semantically similar is Lizard and Hammer?","1

Lizard and Hammer are objects"
Lizard|Knife,"Answer with only one number from 1 to 7, considering 1 as 'extremely dissimilar', 2 as 'very dissimilar', 3 as 'likely dissimilar', 4 as 'neutral', 5 as 'likely similar', 6 as 'very similar', and 7 as 'extremely similar': How semantically similar is Lizard and Knife?","1

Lizard and Knife are objects"
Lizard|LawnMower,"Answer with only one number from 1 to 7, considering 1 as 'extremely dissimilar', 2 as 'very dissimilar', 3 as 'likely dissimilar', 4 as 'neutral', 5 as 'likely similar', 6 as 'very similar', and 7 as 'extremely similar': How semantically similar is Lizard and LawnMower?","1

Lizard and LawnMower"
Lizard|Nail,"Answer with only one number from 1 to 7, considering 1 as 'extremely dissimilar', 2 as 'very dissimilar', 3 as 'likely dissimilar', 4 as 'neutral', 5 as 'likely similar', 6 as 'very similar', and 7 as 'extremely similar': How semantically similar is Lizard and Nail?",3
Lizard|Oilcan,"Answer with only one number from 1 to 7, considering 1 as 'extremely dissimilar', 2 as 'very dissimilar', 3 as 'likely dissimilar', 4 as 'neutral', 5 as 'likely similar', 6 as 'very similar', and 7 as 'extremely similar': How semantically similar is Lizard and Oilcan?","1

Lizard and Oilcan are"
Lizard|Paintbrush,"Answer with only one number from 1 to 7, considering 1 as 'extremely dissimilar', 2 as 'very dissimilar', 3 as 'likely dissimilar', 4 as 'neutral', 5 as 'likely similar', 6 as 'very similar', and 7 as 'extremely similar': How semantically similar is Lizard and Paintbrush?","1

Lizard and Paintbrush are"
Lizard|Saw,"Answer with only one number from 1 to 7, considering 1 as 'extremely dissimilar', 2 as 'very dissimilar', 3 as 'likely dissimilar', 4 as 'neutral', 5 as 'likely similar', 6 as 'very similar', and 7 as 'extremely similar': How semantically similar is Lizard and Saw?",3
Lizard|Screwdriver,"Answer with only one number from 1 to 7, considering 1 as 'extremely dissimilar', 2 as 'very dissimilar', 3 as 'likely dissimilar', 4 as 'neutral', 5 as 'likely similar', 6 as 'very similar', and 7 as 'extremely similar': How semantically similar is Lizard and Screwdriver?","1

Lizard and Screwdriver are"
Lizard|Shovel,"Answer with only one number from 1 to 7, considering 1 as 'extremely dissimilar', 2 as 'very dissimilar', 3 as 'likely dissimilar', 4 as 'neutral', 5 as 'likely similar', 6 as 'very similar', and 7 as 'extremely similar': How semantically similar is Lizard and Shovel?",2
Lizard|Spanner,"Answer with only one number from 1 to 7, considering 1 as 'extremely dissimilar', 2 as 'very dissimilar', 3 as 'likely dissimilar', 4 as 'neutral', 5 as 'likely similar', 6 as 'very similar', and 7 as 'extremely similar': How semantically similar is Lizard and Spanner?","1

Lizard and Spanner are"
Lizard|Vacuum,"Answer with only one number from 1 to 7, considering 1 as 'extremely dissimilar', 2 as 'very dissimilar', 3 as 'likely dissimilar', 4 as 'neutral', 5 as 'likely similar', 6 as 'very similar', and 7 as 'extremely similar': How semantically similar is Lizard and Vacuum?","1

Lizard and Vacuum are two"
Salamander|Alligator,"Answer with only one number from 1 to 7, considering 1 as 'extremely dissimilar', 2 as 'very dissimilar', 3 as 'likely dissimilar', 4 as 'neutral', 5 as 'likely similar', 6 as 'very similar', and 7 as 'extremely similar': How semantically similar is Salamander and Alligator?",3
Salamander|Blindworm,"Answer with only one number from 1 to 7, considering 1 as 'extremely dissimilar', 2 as 'very dissimilar', 3 as 'likely dissimilar', 4 as 'neutral', 5 as 'likely similar', 6 as 'very similar', and 7 as 'extremely similar': How semantically similar is Salamander and Blindworm?",6
Salamander|Boapython,"Answer with only one number from 1 to 7, considering 1 as 'extremely dissimilar', 2 as 'very dissimilar', 3 as 'likely dissimilar', 4 as 'neutral', 5 as 'likely similar', 6 as 'very similar', and 7 as 'extremely similar': How semantically similar is Salamander and Boapython?","1

Salamander and Boa"
Salamander|Caiman,"Answer with only one number from 1 to 7, considering 1 as 'extremely dissimilar', 2 as 'very dissimilar', 3 as 'likely dissimilar', 4 as 'neutral', 5 as 'likely similar', 6 as 'very similar', and 7 as 'extremely similar': How semantically similar is Salamander and Caiman?",3
Salamander|Chameleon,"Answer with only one number from 1 to 7, considering 1 as 'extremely dissimilar', 2 as 'very dissimilar', 3 as 'likely dissimilar', 4 as 'neutral', 5 as 'likely similar', 6 as 'very similar', and 7 as 'extremely similar': How semantically similar is Salamander and Chameleon?",3
Salamander|Cobra,"Answer with only one number from 1 to 7, considering 1 as 'extremely dissimilar', 2 as 'very dissimilar', 3 as 'likely dissimilar', 4 as 'neutral', 5 as 'likely similar', 6 as 'very similar', and 7 as 'extremely similar': How semantically similar is Salamander and Cobra?",3
Salamander|Crocodile,"Answer with only one number from 1 to 7, considering 1 as 'extremely dissimilar', 2 as 'very dissimilar', 3 as 'likely dissimilar', 4 as 'neutral', 5 as 'likely similar', 6 as 'very similar', and 7 as 'extremely similar': How semantically similar is Salamander and Crocodile?",3
Salamander|Dinosaur,"Answer with only one number from 1 to 7, considering 1 as 'extremely dissimilar', 2 as 'very dissimilar', 3 as 'likely dissimilar', 4 as 'neutral', 5 as 'likely similar', 6 as 'very similar', and 7 as 'extremely similar': How semantically similar is Salamander and Dinosaur?",3
Salamander|Gecko,"Answer with only one number from 1 to 7, considering 1 as 'extremely dissimilar', 2 as 'very dissimilar', 3 as 'likely dissimilar', 4 as 'neutral', 5 as 'likely similar', 6 as 'very similar', and 7 as 'extremely similar': How semantically similar is Salamander and Gecko?",6
Salamander|Lizard,"Answer with only one number from 1 to 7, considering 1 as 'extremely dissimilar', 2 as 'very dissimilar', 3 as 'likely dissimilar', 4 as 'neutral', 5 as 'likely similar', 6 as 'very similar', and 7 as 'extremely similar': How semantically similar is Salamander and Lizard?",6
Salamander|Salamander,"Answer with only one number from 1 to 7, considering 1 as 'extremely dissimilar', 2 as 'very dissimilar', 3 as 'likely dissimilar', 4 as 'neutral', 5 as 'likely similar', 6 as 'very similar', and 7 as 'extremely similar': How semantically similar is Salamander and Salamander?",7
Salamander|Snake,"Answer with only one number from 1 to 7, considering 1 as 'extremely dissimilar', 2 as 'very dissimilar', 3 as 'likely dissimilar', 4 as 'neutral', 5 as 'likely similar', 6 as 'very similar', and 7 as 'extremely similar': How semantically similar is Salamander and Snake?",6
Salamander|Toad,"Answer with only one number from 1 to 7, considering 1 as 'extremely dissimilar', 2 as 'very dissimilar', 3 as 'likely dissimilar', 4 as 'neutral', 5 as 'likely similar', 6 as 'very similar', and 7 as 'extremely similar': How semantically similar is Salamander and Toad?",6
Salamander|Tortoise,"Answer with only one number from 1 to 7, considering 1 as 'extremely dissimilar', 2 as 'very dissimilar', 3 as 'likely dissimilar', 4 as 'neutral', 5 as 'likely similar', 6 as 'very similar', and 7 as 'extremely similar': How semantically similar is Salamander and Tortoise?",3
Salamander|Turtle,"Answer with only one number from 1 to 7, considering 1 as 'extremely dissimilar', 2 as 'very dissimilar', 3 as 'likely dissimilar', 4 as 'neutral', 5 as 'likely similar', 6 as 'very similar', and 7 as 'extremely similar': How semantically similar is Salamander and Turtle?",3
Salamander|Anvil,"Answer with only one number from 1 to 7, considering 1 as 'extremely dissimilar', 2 as 'very dissimilar', 3 as 'likely dissimilar', 4 as 'neutral', 5 as 'likely similar', 6 as 'very similar', and 7 as 'extremely similar': How semantically similar is Salamander and Anvil?","1

Salamander and anvil"
Salamander|Axe,"Answer with only one number from 1 to 7, considering 1 as 'extremely dissimilar', 2 as 'very dissimilar', 3 as 'likely dissimilar', 4 as 'neutral', 5 as 'likely similar', 6 as 'very similar', and 7 as 'extremely similar': How semantically similar is Salamander and Axe?","1

Salamander and Axe are"
Salamander|Chisel,"Answer with only one number from 1 to 7, considering 1 as 'extremely dissimilar', 2 as 'very dissimilar', 3 as 'likely dissimilar', 4 as 'neutral', 5 as 'likely similar', 6 as 'very similar', and 7 as 'extremely similar': How semantically similar is Salamander and Chisel?",2
Salamander|Grindingdisk,"Answer with only one number from 1 to 7, considering 1 as 'extremely dissimilar', 2 as 'very dissimilar', 3 as 'likely dissimilar', 4 as 'neutral', 5 as 'likely similar', 6 as 'very similar', and 7 as 'extremely similar': How semantically similar is Salamander and Grindingdisk?","1

Salamander and Grindingdisk"
Salamander|Hammer,"Answer with only one number from 1 to 7, considering 1 as 'extremely dissimilar', 2 as 'very dissimilar', 3 as 'likely dissimilar', 4 as 'neutral', 5 as 'likely similar', 6 as 'very similar', and 7 as 'extremely similar': How semantically similar is Salamander and Hammer?",2
Salamander|Knife,"Answer with only one number from 1 to 7, considering 1 as 'extremely dissimilar', 2 as 'very dissimilar', 3 as 'likely dissimilar', 4 as 'neutral', 5 as 'likely similar', 6 as 'very similar', and 7 as 'extremely similar': How semantically similar is Salamander and Knife?","1

Salamander and Knife are"
Salamander|LawnMower,"Answer with only one number from 1 to 7, considering 1 as 'extremely dissimilar', 2 as 'very dissimilar', 3 as 'likely dissimilar', 4 as 'neutral', 5 as 'likely similar', 6 as 'very similar', and 7 as 'extremely similar': How semantically similar is Salamander and LawnMower?","1

Salamander and LawnM"
Salamander|Nail,"Answer with only one number from 1 to 7, considering 1 as 'extremely dissimilar', 2 as 'very dissimilar', 3 as 'likely dissimilar', 4 as 'neutral', 5 as 'likely similar', 6 as 'very similar', and 7 as 'extremely similar': How semantically similar is Salamander and Nail?",3
Salamander|Oilcan,"Answer with only one number from 1 to 7, considering 1 as 'extremely dissimilar', 2 as 'very dissimilar', 3 as 'likely dissimilar', 4 as 'neutral', 5 as 'likely similar', 6 as 'very similar', and 7 as 'extremely similar': How semantically similar is Salamander and Oilcan?",3
Salamander|Paintbrush,"Answer with only one number from 1 to 7, considering 1 as 'extremely dissimilar', 2 as 'very dissimilar', 3 as 'likely dissimilar', 4 as 'neutral', 5 as 'likely similar', 6 as 'very similar', and 7 as 'extremely similar': How semantically similar is Salamander and Paintbrush?",2
Salamander|Saw,"Answer with only one number from 1 to 7, considering 1 as 'extremely dissimilar', 2 as 'very dissimilar', 3 as 'likely dissimilar', 4 as 'neutral', 5 as 'likely similar', 6 as 'very similar', and 7 as 'extremely similar': How semantically similar is Salamander and Saw?",2
Salamander|Screwdriver,"Answer with only one number from 1 to 7, considering 1 as 'extremely dissimilar', 2 as 'very dissimilar', 3 as 'likely dissimilar', 4 as 'neutral', 5 as 'likely similar', 6 as 'very similar', and 7 as 'extremely similar': How semantically similar is Salamander and Screwdriver?","1

Salamander and Screwdriver"
Salamander|Shovel,"Answer with only one number from 1 to 7, considering 1 as 'extremely dissimilar', 2 as 'very dissimilar', 3 as 'likely dissimilar', 4 as 'neutral', 5 as 'likely similar', 6 as 'very similar', and 7 as 'extremely similar': How semantically similar is Salamander and Shovel?","1

Salamander and Shovel"
Salamander|Spanner,"Answer with only one number from 1 to 7, considering 1 as 'extremely dissimilar', 2 as 'very dissimilar', 3 as 'likely dissimilar', 4 as 'neutral', 5 as 'likely similar', 6 as 'very similar', and 7 as 'extremely similar': How semantically similar is Salamander and Spanner?",3
Salamander|Vacuum,"Answer with only one number from 1 to 7, considering 1 as 'extremely dissimilar', 2 as 'very dissimilar', 3 as 'likely dissimilar', 4 as 'neutral', 5 as 'likely similar', 6 as 'very similar', and 7 as 'extremely similar': How semantically similar is Salamander and Vacuum?","1

Salamander and Vacuum are"
Snake|Alligator,"Answer with only one number from 1 to 7, considering 1 as 'extremely dissimilar', 2 as 'very dissimilar', 3 as 'likely dissimilar', 4 as 'neutral', 5 as 'likely similar', 6 as 'very similar', and 7 as 'extremely similar': How semantically similar is Snake and Alligator?",3
Snake|Blindworm,"Answer with only one number from 1 to 7, considering 1 as 'extremely dissimilar', 2 as 'very dissimilar', 3 as 'likely dissimilar', 4 as 'neutral', 5 as 'likely similar', 6 as 'very similar', and 7 as 'extremely similar': How semantically similar is Snake and Blindworm?",6
Snake|Boapython,"Answer with only one number from 1 to 7, considering 1 as 'extremely dissimilar', 2 as 'very dissimilar', 3 as 'likely dissimilar', 4 as 'neutral', 5 as 'likely similar', 6 as 'very similar', and 7 as 'extremely similar': How semantically similar is Snake and Boapython?","1

Explanation: 'Snake' and"
Snake|Caiman,"Answer with only one number from 1 to 7, considering 1 as 'extremely dissimilar', 2 as 'very dissimilar', 3 as 'likely dissimilar', 4 as 'neutral', 5 as 'likely similar', 6 as 'very similar', and 7 as 'extremely similar': How semantically similar is Snake and Caiman?",3
Snake|Chameleon,"Answer with only one number from 1 to 7, considering 1 as 'extremely dissimilar', 2 as 'very dissimilar', 3 as 'likely dissimilar', 4 as 'neutral', 5 as 'likely similar', 6 as 'very similar', and 7 as 'extremely similar': How semantically similar is Snake and Chameleon?",3
Snake|Cobra,"Answer with only one number from 1 to 7, considering 1 as 'extremely dissimilar', 2 as 'very dissimilar', 3 as 'likely dissimilar', 4 as 'neutral', 5 as 'likely similar', 6 as 'very similar', and 7 as 'extremely similar': How semantically similar is Snake and Cobra?",6
Snake|Crocodile,"Answer with only one number from 1 to 7, considering 1 as 'extremely dissimilar', 2 as 'very dissimilar', 3 as 'likely dissimilar', 4 as 'neutral', 5 as 'likely similar', 6 as 'very similar', and 7 as 'extremely similar': How semantically similar is Snake and Crocodile?",3
Snake|Dinosaur,"Answer with only one number from 1 to 7, considering 1 as 'extremely dissimilar', 2 as 'very dissimilar', 3 as 'likely dissimilar', 4 as 'neutral', 5 as 'likely similar', 6 as 'very similar', and 7 as 'extremely similar': How semantically similar is Snake and Dinosaur?",6
Snake|Gecko,"Answer with only one number from 1 to 7, considering 1 as 'extremely dissimilar', 2 as 'very dissimilar', 3 as 'likely dissimilar', 4 as 'neutral', 5 as 'likely similar', 6 as 'very similar', and 7 as 'extremely similar': How semantically similar is Snake and Gecko?",6
Snake|Lizard,"Answer with only one number from 1 to 7, considering 1 as 'extremely dissimilar', 2 as 'very dissimilar', 3 as 'likely dissimilar', 4 as 'neutral', 5 as 'likely similar', 6 as 'very similar', and 7 as 'extremely similar': How semantically similar is Snake and Lizard?",6
Snake|Salamander,"Answer with only one number from 1 to 7, considering 1 as 'extremely dissimilar', 2 as 'very dissimilar', 3 as 'likely dissimilar', 4 as 'neutral', 5 as 'likely similar', 6 as 'very similar', and 7 as 'extremely similar': How semantically similar is Snake and Salamander?",6
Snake|Snake,"Answer with only one number from 1 to 7, considering 1 as 'extremely dissimilar', 2 as 'very dissimilar', 3 as 'likely dissimilar', 4 as 'neutral', 5 as 'likely similar', 6 as 'very similar', and 7 as 'extremely similar': How semantically similar is Snake and Snake?",7
Snake|Toad,"Answer with only one number from 1 to 7, considering 1 as 'extremely dissimilar', 2 as 'very dissimilar', 3 as 'likely dissimilar', 4 as 'neutral', 5 as 'likely similar', 6 as 'very similar', and 7 as 'extremely similar': How semantically similar is Snake and Toad?",3
Snake|Tortoise,"Answer with only one number from 1 to 7, considering 1 as 'extremely dissimilar', 2 as 'very dissimilar', 3 as 'likely dissimilar', 4 as 'neutral', 5 as 'likely similar', 6 as 'very similar', and 7 as 'extremely similar': How semantically similar is Snake and Tortoise?",3
Snake|Turtle,"Answer with only one number from 1 to 7, considering 1 as 'extremely dissimilar', 2 as 'very dissimilar', 3 as 'likely dissimilar', 4 as 'neutral', 5 as 'likely similar', 6 as 'very similar', and 7 as 'extremely similar': How semantically similar is Snake and Turtle?",6
Snake|Anvil,"Answer with only one number from 1 to 7, considering 1 as 'extremely dissimilar', 2 as 'very dissimilar', 3 as 'likely dissimilar', 4 as 'neutral', 5 as 'likely similar', 6 as 'very similar', and 7 as 'extremely similar': How semantically similar is Snake and Anvil?","1

The words ""Snake"" and"
Snake|Axe,"Answer with only one number from 1 to 7, considering 1 as 'extremely dissimilar', 2 as 'very dissimilar', 3 as 'likely dissimilar', 4 as 'neutral', 5 as 'likely similar', 6 as 'very similar', and 7 as 'extremely similar': How semantically similar is Snake and Axe?",3
Snake|Chisel,"Answer with only one number from 1 to 7, considering 1 as 'extremely dissimilar', 2 as 'very dissimilar', 3 as 'likely dissimilar', 4 as 'neutral', 5 as 'likely similar', 6 as 'very similar', and 7 as 'extremely similar': How semantically similar is Snake and Chisel?",3
Snake|Grindingdisk,"Answer with only one number from 1 to 7, considering 1 as 'extremely dissimilar', 2 as 'very dissimilar', 3 as 'likely dissimilar', 4 as 'neutral', 5 as 'likely similar', 6 as 'very similar', and 7 as 'extremely similar': How semantically similar is Snake and Grindingdisk?","1

The words ""Snake"" and"
Snake|Hammer,"Answer with only one number from 1 to 7, considering 1 as 'extremely dissimilar', 2 as 'very dissimilar', 3 as 'likely dissimilar', 4 as 'neutral', 5 as 'likely similar', 6 as 'very similar', and 7 as 'extremely similar': How semantically similar is Snake and Hammer?",3
Snake|Knife,"Answer with only one number from 1 to 7, considering 1 as 'extremely dissimilar', 2 as 'very dissimilar', 3 as 'likely dissimilar', 4 as 'neutral', 5 as 'likely similar', 6 as 'very similar', and 7 as 'extremely similar': How semantically similar is Snake and Knife?",6
Snake|LawnMower,"Answer with only one number from 1 to 7, considering 1 as 'extremely dissimilar', 2 as 'very dissimilar', 3 as 'likely dissimilar', 4 as 'neutral', 5 as 'likely similar', 6 as 'very similar', and 7 as 'extremely similar': How semantically similar is Snake and LawnMower?",3
Snake|Nail,"Answer with only one number from 1 to 7, considering 1 as 'extremely dissimilar', 2 as 'very dissimilar', 3 as 'likely dissimilar', 4 as 'neutral', 5 as 'likely similar', 6 as 'very similar', and 7 as 'extremely similar': How semantically similar is Snake and Nail?",3
Snake|Oilcan,"Answer with only one number from 1 to 7, considering 1 as 'extremely dissimilar', 2 as 'very dissimilar', 3 as 'likely dissimilar', 4 as 'neutral', 5 as 'likely similar', 6 as 'very similar', and 7 as 'extremely similar': How semantically similar is Snake and Oilcan?",3
Snake|Paintbrush,"Answer with only one number from 1 to 7, considering 1 as 'extremely dissimilar', 2 as 'very dissimilar', 3 as 'likely dissimilar', 4 as 'neutral', 5 as 'likely similar', 6 as 'very similar', and 7 as 'extremely similar': How semantically similar is Snake and Paintbrush?",3
Snake|Saw,"Answer with only one number from 1 to 7, considering 1 as 'extremely dissimilar', 2 as 'very dissimilar', 3 as 'likely dissimilar', 4 as 'neutral', 5 as 'likely similar', 6 as 'very similar', and 7 as 'extremely similar': How semantically similar is Snake and Saw?",3
Snake|Screwdriver,"Answer with only one number from 1 to 7, considering 1 as 'extremely dissimilar', 2 as 'very dissimilar', 3 as 'likely dissimilar', 4 as 'neutral', 5 as 'likely similar', 6 as 'very similar', and 7 as 'extremely similar': How semantically similar is Snake and Screwdriver?",2
Snake|Shovel,"Answer with only one number from 1 to 7, considering 1 as 'extremely dissimilar', 2 as 'very dissimilar', 3 as 'likely dissimilar', 4 as 'neutral', 5 as 'likely similar', 6 as 'very similar', and 7 as 'extremely similar': How semantically similar is Snake and Shovel?",3
Snake|Spanner,"Answer with only one number from 1 to 7, considering 1 as 'extremely dissimilar', 2 as 'very dissimilar', 3 as 'likely dissimilar', 4 as 'neutral', 5 as 'likely similar', 6 as 'very similar', and 7 as 'extremely similar': How semantically similar is Snake and Spanner?",3
Snake|Vacuum,"Answer with only one number from 1 to 7, considering 1 as 'extremely dissimilar', 2 as 'very dissimilar', 3 as 'likely dissimilar', 4 as 'neutral', 5 as 'likely similar', 6 as 'very similar', and 7 as 'extremely similar': How semantically similar is Snake and Vacuum?",3
Toad|Alligator,"Answer with only one number from 1 to 7, considering 1 as 'extremely dissimilar', 2 as 'very dissimilar', 3 as 'likely dissimilar', 4 as 'neutral', 5 as 'likely similar', 6 as 'very similar', and 7 as 'extremely similar': How semantically similar is Toad and Alligator?",3
Toad|Blindworm,"Answer with only one number from 1 to 7, considering 1 as 'extremely dissimilar', 2 as 'very dissimilar', 3 as 'likely dissimilar', 4 as 'neutral', 5 as 'likely similar', 6 as 'very similar', and 7 as 'extremely similar': How semantically similar is Toad and Blindworm?",3
Toad|Boapython,"Answer with only one number from 1 to 7, considering 1 as 'extremely dissimilar', 2 as 'very dissimilar', 3 as 'likely dissimilar', 4 as 'neutral', 5 as 'likely similar', 6 as 'very similar', and 7 as 'extremely similar': How semantically similar is Toad and Boapython?","1

Toad and Boapython"
Toad|Caiman,"Answer with only one number from 1 to 7, considering 1 as 'extremely dissimilar', 2 as 'very dissimilar', 3 as 'likely dissimilar', 4 as 'neutral', 5 as 'likely similar', 6 as 'very similar', and 7 as 'extremely similar': How semantically similar is Toad and Caiman?",3
Toad|Chameleon,"Answer with only one number from 1 to 7, considering 1 as 'extremely dissimilar', 2 as 'very dissimilar', 3 as 'likely dissimilar', 4 as 'neutral', 5 as 'likely similar', 6 as 'very similar', and 7 as 'extremely similar': How semantically similar is Toad and Chameleon?",3
Toad|Cobra,"Answer with only one number from 1 to 7, considering 1 as 'extremely dissimilar', 2 as 'very dissimilar', 3 as 'likely dissimilar', 4 as 'neutral', 5 as 'likely similar', 6 as 'very similar', and 7 as 'extremely similar': How semantically similar is Toad and Cobra?",3
Toad|Crocodile,"Answer with only one number from 1 to 7, considering 1 as 'extremely dissimilar', 2 as 'very dissimilar', 3 as 'likely dissimilar', 4 as 'neutral', 5 as 'likely similar', 6 as 'very similar', and 7 as 'extremely similar': How semantically similar is Toad and Crocodile?",3
Toad|Dinosaur,"Answer with only one number from 1 to 7, considering 1 as 'extremely dissimilar', 2 as 'very dissimilar', 3 as 'likely dissimilar', 4 as 'neutral', 5 as 'likely similar', 6 as 'very similar', and 7 as 'extremely similar': How semantically similar is Toad and Dinosaur?",3
Toad|Gecko,"Answer with only one number from 1 to 7, considering 1 as 'extremely dissimilar', 2 as 'very dissimilar', 3 as 'likely dissimilar', 4 as 'neutral', 5 as 'likely similar', 6 as 'very similar', and 7 as 'extremely similar': How semantically similar is Toad and Gecko?",3
Toad|Lizard,"Answer with only one number from 1 to 7, considering 1 as 'extremely dissimilar', 2 as 'very dissimilar', 3 as 'likely dissimilar', 4 as 'neutral', 5 as 'likely similar', 6 as 'very similar', and 7 as 'extremely similar': How semantically similar is Toad and Lizard?",3
Toad|Salamander,"Answer with only one number from 1 to 7, considering 1 as 'extremely dissimilar', 2 as 'very dissimilar', 3 as 'likely dissimilar', 4 as 'neutral', 5 as 'likely similar', 6 as 'very similar', and 7 as 'extremely similar': How semantically similar is Toad and Salamander?",3
Toad|Snake,"Answer with only one number from 1 to 7, considering 1 as 'extremely dissimilar', 2 as 'very dissimilar', 3 as 'likely dissimilar', 4 as 'neutral', 5 as 'likely similar', 6 as 'very similar', and 7 as 'extremely similar': How semantically similar is Toad and Snake?",3
Toad|Toad,"Answer with only one number from 1 to 7, considering 1 as 'extremely dissimilar', 2 as 'very dissimilar', 3 as 'likely dissimilar', 4 as 'neutral', 5 as 'likely similar', 6 as 'very similar', and 7 as 'extremely similar': How semantically similar is Toad and Toad?",7
Toad|Tortoise,"Answer with only one number from 1 to 7, considering 1 as 'extremely dissimilar', 2 as 'very dissimilar', 3 as 'likely dissimilar', 4 as 'neutral', 5 as 'likely similar', 6 as 'very similar', and 7 as 'extremely similar': How semantically similar is Toad and Tortoise?",3
Toad|Turtle,"Answer with only one number from 1 to 7, considering 1 as 'extremely dissimilar', 2 as 'very dissimilar', 3 as 'likely dissimilar', 4 as 'neutral', 5 as 'likely similar', 6 as 'very similar', and 7 as 'extremely similar': How semantically similar is Toad and Turtle?",3
Toad|Anvil,"Answer with only one number from 1 to 7, considering 1 as 'extremely dissimilar', 2 as 'very dissimilar', 3 as 'likely dissimilar', 4 as 'neutral', 5 as 'likely similar', 6 as 'very similar', and 7 as 'extremely similar': How semantically similar is Toad and Anvil?",3
Toad|Axe,"Answer with only one number from 1 to 7, considering 1 as 'extremely dissimilar', 2 as 'very dissimilar', 3 as 'likely dissimilar', 4 as 'neutral', 5 as 'likely similar', 6 as 'very similar', and 7 as 'extremely similar': How semantically similar is Toad and Axe?",3
Toad|Chisel,"Answer with only one number from 1 to 7, considering 1 as 'extremely dissimilar', 2 as 'very dissimilar', 3 as 'likely dissimilar', 4 as 'neutral', 5 as 'likely similar', 6 as 'very similar', and 7 as 'extremely similar': How semantically similar is Toad and Chisel?",2
Toad|Grindingdisk,"Answer with only one number from 1 to 7, considering 1 as 'extremely dissimilar', 2 as 'very dissimilar', 3 as 'likely dissimilar', 4 as 'neutral', 5 as 'likely similar', 6 as 'very similar', and 7 as 'extremely similar': How semantically similar is Toad and Grindingdisk?","1

Toad and Grindingdisk are"
Toad|Hammer,"Answer with only one number from 1 to 7, considering 1 as 'extremely dissimilar', 2 as 'very dissimilar', 3 as 'likely dissimilar', 4 as 'neutral', 5 as 'likely similar', 6 as 'very similar', and 7 as 'extremely similar': How semantically similar is Toad and Hammer?",3
Toad|Knife,"Answer with only one number from 1 to 7, considering 1 as 'extremely dissimilar', 2 as 'very dissimilar', 3 as 'likely dissimilar', 4 as 'neutral', 5 as 'likely similar', 6 as 'very similar', and 7 as 'extremely similar': How semantically similar is Toad and Knife?",2
Toad|LawnMower,"Answer with only one number from 1 to 7, considering 1 as 'extremely dissimilar', 2 as 'very dissimilar', 3 as 'likely dissimilar', 4 as 'neutral', 5 as 'likely similar', 6 as 'very similar', and 7 as 'extremely similar': How semantically similar is Toad and LawnMower?",3
Toad|Nail,"Answer with only one number from 1 to 7, considering 1 as 'extremely dissimilar', 2 as 'very dissimilar', 3 as 'likely dissimilar', 4 as 'neutral', 5 as 'likely similar', 6 as 'very similar', and 7 as 'extremely similar': How semantically similar is Toad and Nail?",3
Toad|Oilcan,"Answer with only one number from 1 to 7, considering 1 as 'extremely dissimilar', 2 as 'very dissimilar', 3 as 'likely dissimilar', 4 as 'neutral', 5 as 'likely similar', 6 as 'very similar', and 7 as 'extremely similar': How semantically similar is Toad and Oilcan?",3
Toad|Paintbrush,"Answer with only one number from 1 to 7, considering 1 as 'extremely dissimilar', 2 as 'very dissimilar', 3 as 'likely dissimilar', 4 as 'neutral', 5 as 'likely similar', 6 as 'very similar', and 7 as 'extremely similar': How semantically similar is Toad and Paintbrush?",3
Toad|Saw,"Answer with only one number from 1 to 7, considering 1 as 'extremely dissimilar', 2 as 'very dissimilar', 3 as 'likely dissimilar', 4 as 'neutral', 5 as 'likely similar', 6 as 'very similar', and 7 as 'extremely similar': How semantically similar is Toad and Saw?",3
Toad|Screwdriver,"Answer with only one number from 1 to 7, considering 1 as 'extremely dissimilar', 2 as 'very dissimilar', 3 as 'likely dissimilar', 4 as 'neutral', 5 as 'likely similar', 6 as 'very similar', and 7 as 'extremely similar': How semantically similar is Toad and Screwdriver?","1

Toad and screwdriver are"
Toad|Shovel,"Answer with only one number from 1 to 7, considering 1 as 'extremely dissimilar', 2 as 'very dissimilar', 3 as 'likely dissimilar', 4 as 'neutral', 5 as 'likely similar', 6 as 'very similar', and 7 as 'extremely similar': How semantically similar is Toad and Shovel?",3
Toad|Spanner,"Answer with only one number from 1 to 7, considering 1 as 'extremely dissimilar', 2 as 'very dissimilar', 3 as 'likely dissimilar', 4 as 'neutral', 5 as 'likely similar', 6 as 'very similar', and 7 as 'extremely similar': How semantically similar is Toad and Spanner?",3
Toad|Vacuum,"Answer with only one number from 1 to 7, considering 1 as 'extremely dissimilar', 2 as 'very dissimilar', 3 as 'likely dissimilar', 4 as 'neutral', 5 as 'likely similar', 6 as 'very similar', and 7 as 'extremely similar': How semantically similar is Toad and Vacuum?",2
Tortoise|Alligator,"Answer with only one number from 1 to 7, considering 1 as 'extremely dissimilar', 2 as 'very dissimilar', 3 as 'likely dissimilar', 4 as 'neutral', 5 as 'likely similar', 6 as 'very similar', and 7 as 'extremely similar': How semantically similar is Tortoise and Alligator?",3
Tortoise|Blindworm,"Answer with only one number from 1 to 7, considering 1 as 'extremely dissimilar', 2 as 'very dissimilar', 3 as 'likely dissimilar', 4 as 'neutral', 5 as 'likely similar', 6 as 'very similar', and 7 as 'extremely similar': How semantically similar is Tortoise and Blindworm?",6
Tortoise|Boapython,"Answer with only one number from 1 to 7, considering 1 as 'extremely dissimilar', 2 as 'very dissimilar', 3 as 'likely dissimilar', 4 as 'neutral', 5 as 'likely similar', 6 as 'very similar', and 7 as 'extremely similar': How semantically similar is Tortoise and Boapython?","1

Tortoise and Boa"
Tortoise|Caiman,"Answer with only one number from 1 to 7, considering 1 as 'extremely dissimilar', 2 as 'very dissimilar', 3 as 'likely dissimilar', 4 as 'neutral', 5 as 'likely similar', 6 as 'very similar', and 7 as 'extremely similar': How semantically similar is Tortoise and Caiman?",3
Tortoise|Chameleon,"Answer with only one number from 1 to 7, considering 1 as 'extremely dissimilar', 2 as 'very dissimilar', 3 as 'likely dissimilar', 4 as 'neutral', 5 as 'likely similar', 6 as 'very similar', and 7 as 'extremely similar': How semantically similar is Tortoise and Chameleon?",3
Tortoise|Cobra,"Answer with only one number from 1 to 7, considering 1 as 'extremely dissimilar', 2 as 'very dissimilar', 3 as 'likely dissimilar', 4 as 'neutral', 5 as 'likely similar', 6 as 'very similar', and 7 as 'extremely similar': How semantically similar is Tortoise and Cobra?",3
Tortoise|Crocodile,"Answer with only one number from 1 to 7, considering 1 as 'extremely dissimilar', 2 as 'very dissimilar', 3 as 'likely dissimilar', 4 as 'neutral', 5 as 'likely similar', 6 as 'very similar', and 7 as 'extremely similar': How semantically similar is Tortoise and Crocodile?",3
Tortoise|Dinosaur,"Answer with only one number from 1 to 7, considering 1 as 'extremely dissimilar', 2 as 'very dissimilar', 3 as 'likely dissimilar', 4 as 'neutral', 5 as 'likely similar', 6 as 'very similar', and 7 as 'extremely similar': How semantically similar is Tortoise and Dinosaur?",6
Tortoise|Gecko,"Answer with only one number from 1 to 7, considering 1 as 'extremely dissimilar', 2 as 'very dissimilar', 3 as 'likely dissimilar', 4 as 'neutral', 5 as 'likely similar', 6 as 'very similar', and 7 as 'extremely similar': How semantically similar is Tortoise and Gecko?",3
Tortoise|Lizard,"Answer with only one number from 1 to 7, considering 1 as 'extremely dissimilar', 2 as 'very dissimilar', 3 as 'likely dissimilar', 4 as 'neutral', 5 as 'likely similar', 6 as 'very similar', and 7 as 'extremely similar': How semantically similar is Tortoise and Lizard?",3
Tortoise|Salamander,"Answer with only one number from 1 to 7, considering 1 as 'extremely dissimilar', 2 as 'very dissimilar', 3 as 'likely dissimilar', 4 as 'neutral', 5 as 'likely similar', 6 as 'very similar', and 7 as 'extremely similar': How semantically similar is Tortoise and Salamander?",3
Tortoise|Snake,"Answer with only one number from 1 to 7, considering 1 as 'extremely dissimilar', 2 as 'very dissimilar', 3 as 'likely dissimilar', 4 as 'neutral', 5 as 'likely similar', 6 as 'very similar', and 7 as 'extremely similar': How semantically similar is Tortoise and Snake?",3
Tortoise|Toad,"Answer with only one number from 1 to 7, considering 1 as 'extremely dissimilar', 2 as 'very dissimilar', 3 as 'likely dissimilar', 4 as 'neutral', 5 as 'likely similar', 6 as 'very similar', and 7 as 'extremely similar': How semantically similar is Tortoise and Toad?",3
Tortoise|Tortoise,"Answer with only one number from 1 to 7, considering 1 as 'extremely dissimilar', 2 as 'very dissimilar', 3 as 'likely dissimilar', 4 as 'neutral', 5 as 'likely similar', 6 as 'very similar', and 7 as 'extremely similar': How semantically similar is Tortoise and Tortoise?",7
Tortoise|Turtle,"Answer with only one number from 1 to 7, considering 1 as 'extremely dissimilar', 2 as 'very dissimilar', 3 as 'likely dissimilar', 4 as 'neutral', 5 as 'likely similar', 6 as 'very similar', and 7 as 'extremely similar': How semantically similar is Tortoise and Turtle?",6
Tortoise|Anvil,"Answer with only one number from 1 to 7, considering 1 as 'extremely dissimilar', 2 as 'very dissimilar', 3 as 'likely dissimilar', 4 as 'neutral', 5 as 'likely similar', 6 as 'very similar', and 7 as 'extremely similar': How semantically similar is Tortoise and Anvil?","1

Tortoise and Anvil"
Tortoise|Axe,"Answer with only one number from 1 to 7, considering 1 as 'extremely dissimilar', 2 as 'very dissimilar', 3 as 'likely dissimilar', 4 as 'neutral', 5 as 'likely similar', 6 as 'very similar', and 7 as 'extremely similar': How semantically similar is Tortoise and Axe?","1

Tortoise and Axe are"
Tortoise|Chisel,"Answer with only one number from 1 to 7, considering 1 as 'extremely dissimilar', 2 as 'very dissimilar', 3 as 'likely dissimilar', 4 as 'neutral', 5 as 'likely similar', 6 as 'very similar', and 7 as 'extremely similar': How semantically similar is Tortoise and Chisel?",3
Tortoise|Grindingdisk,"Answer with only one number from 1 to 7, considering 1 as 'extremely dissimilar', 2 as 'very dissimilar', 3 as 'likely dissimilar', 4 as 'neutral', 5 as 'likely similar', 6 as 'very similar', and 7 as 'extremely similar': How semantically similar is Tortoise and Grindingdisk?","1

Tortoise and Grindingdisk"
Tortoise|Hammer,"Answer with only one number from 1 to 7, considering 1 as 'extremely dissimilar', 2 as 'very dissimilar', 3 as 'likely dissimilar', 4 as 'neutral', 5 as 'likely similar', 6 as 'very similar', and 7 as 'extremely similar': How semantically similar is Tortoise and Hammer?",3
Tortoise|Knife,"Answer with only one number from 1 to 7, considering 1 as 'extremely dissimilar', 2 as 'very dissimilar', 3 as 'likely dissimilar', 4 as 'neutral', 5 as 'likely similar', 6 as 'very similar', and 7 as 'extremely similar': How semantically similar is Tortoise and Knife?",2
Tortoise|LawnMower,"Answer with only one number from 1 to 7, considering 1 as 'extremely dissimilar', 2 as 'very dissimilar', 3 as 'likely dissimilar', 4 as 'neutral', 5 as 'likely similar', 6 as 'very similar', and 7 as 'extremely similar': How semantically similar is Tortoise and LawnMower?",2
Tortoise|Nail,"Answer with only one number from 1 to 7, considering 1 as 'extremely dissimilar', 2 as 'very dissimilar', 3 as 'likely dissimilar', 4 as 'neutral', 5 as 'likely similar', 6 as 'very similar', and 7 as 'extremely similar': How semantically similar is Tortoise and Nail?",3
Tortoise|Oilcan,"Answer with only one number from 1 to 7, considering 1 as 'extremely dissimilar', 2 as 'very dissimilar', 3 as 'likely dissimilar', 4 as 'neutral', 5 as 'likely similar', 6 as 'very similar', and 7 as 'extremely similar': How semantically similar is Tortoise and Oilcan?",3
Tortoise|Paintbrush,"Answer with only one number from 1 to 7, considering 1 as 'extremely dissimilar', 2 as 'very dissimilar', 3 as 'likely dissimilar', 4 as 'neutral', 5 as 'likely similar', 6 as 'very similar', and 7 as 'extremely similar': How semantically similar is Tortoise and Paintbrush?",3
Tortoise|Saw,"Answer with only one number from 1 to 7, considering 1 as 'extremely dissimilar', 2 as 'very dissimilar', 3 as 'likely dissimilar', 4 as 'neutral', 5 as 'likely similar', 6 as 'very similar', and 7 as 'extremely similar': How semantically similar is Tortoise and Saw?",3
Tortoise|Screwdriver,"Answer with only one number from 1 to 7, considering 1 as 'extremely dissimilar', 2 as 'very dissimilar', 3 as 'likely dissimilar', 4 as 'neutral', 5 as 'likely similar', 6 as 'very similar', and 7 as 'extremely similar': How semantically similar is Tortoise and Screwdriver?","1

Tortoise and Screwdriver"
Tortoise|Shovel,"Answer with only one number from 1 to 7, considering 1 as 'extremely dissimilar', 2 as 'very dissimilar', 3 as 'likely dissimilar', 4 as 'neutral', 5 as 'likely similar', 6 as 'very similar', and 7 as 'extremely similar': How semantically similar is Tortoise and Shovel?",3
Tortoise|Spanner,"Answer with only one number from 1 to 7, considering 1 as 'extremely dissimilar', 2 as 'very dissimilar', 3 as 'likely dissimilar', 4 as 'neutral', 5 as 'likely similar', 6 as 'very similar', and 7 as 'extremely similar': How semantically similar is Tortoise and Spanner?",3
Tortoise|Vacuum,"Answer with only one number from 1 to 7, considering 1 as 'extremely dissimilar', 2 as 'very dissimilar', 3 as 'likely dissimilar', 4 as 'neutral', 5 as 'likely similar', 6 as 'very similar', and 7 as 'extremely similar': How semantically similar is Tortoise and Vacuum?","1

Tortoise and Vacuum are"
Turtle|Alligator,"Answer with only one number from 1 to 7, considering 1 as 'extremely dissimilar', 2 as 'very dissimilar', 3 as 'likely dissimilar', 4 as 'neutral', 5 as 'likely similar', 6 as 'very similar', and 7 as 'extremely similar': How semantically similar is Turtle and Alligator?",3
Turtle|Blindworm,"Answer with only one number from 1 to 7, considering 1 as 'extremely dissimilar', 2 as 'very dissimilar', 3 as 'likely dissimilar', 4 as 'neutral', 5 as 'likely similar', 6 as 'very similar', and 7 as 'extremely similar': How semantically similar is Turtle and Blindworm?",6
Turtle|Boapython,"Answer with only one number from 1 to 7, considering 1 as 'extremely dissimilar', 2 as 'very dissimilar', 3 as 'likely dissimilar', 4 as 'neutral', 5 as 'likely similar', 6 as 'very similar', and 7 as 'extremely similar': How semantically similar is Turtle and Boapython?","1

Turtle and Boapython"
Turtle|Caiman,"Answer with only one number from 1 to 7, considering 1 as 'extremely dissimilar', 2 as 'very dissimilar', 3 as 'likely dissimilar', 4 as 'neutral', 5 as 'likely similar', 6 as 'very similar', and 7 as 'extremely similar': How semantically similar is Turtle and Caiman?",3
Turtle|Chameleon,"Answer with only one number from 1 to 7, considering 1 as 'extremely dissimilar', 2 as 'very dissimilar', 3 as 'likely dissimilar', 4 as 'neutral', 5 as 'likely similar', 6 as 'very similar', and 7 as 'extremely similar': How semantically similar is Turtle and Chameleon?",3
Turtle|Cobra,"Answer with only one number from 1 to 7, considering 1 as 'extremely dissimilar', 2 as 'very dissimilar', 3 as 'likely dissimilar', 4 as 'neutral', 5 as 'likely similar', 6 as 'very similar', and 7 as 'extremely similar': How semantically similar is Turtle and Cobra?",3
Turtle|Crocodile,"Answer with only one number from 1 to 7, considering 1 as 'extremely dissimilar', 2 as 'very dissimilar', 3 as 'likely dissimilar', 4 as 'neutral', 5 as 'likely similar', 6 as 'very similar', and 7 as 'extremely similar': How semantically similar is Turtle and Crocodile?",3
Turtle|Dinosaur,"Answer with only one number from 1 to 7, considering 1 as 'extremely dissimilar', 2 as 'very dissimilar', 3 as 'likely dissimilar', 4 as 'neutral', 5 as 'likely similar', 6 as 'very similar', and 7 as 'extremely similar': How semantically similar is Turtle and Dinosaur?",6
Turtle|Gecko,"Answer with only one number from 1 to 7, considering 1 as 'extremely dissimilar', 2 as 'very dissimilar', 3 as 'likely dissimilar', 4 as 'neutral', 5 as 'likely similar', 6 as 'very similar', and 7 as 'extremely similar': How semantically similar is Turtle and Gecko?",6
Turtle|Lizard,"Answer with only one number from 1 to 7, considering 1 as 'extremely dissimilar', 2 as 'very dissimilar', 3 as 'likely dissimilar', 4 as 'neutral', 5 as 'likely similar', 6 as 'very similar', and 7 as 'extremely similar': How semantically similar is Turtle and Lizard?",6
Turtle|Salamander,"Answer with only one number from 1 to 7, considering 1 as 'extremely dissimilar', 2 as 'very dissimilar', 3 as 'likely dissimilar', 4 as 'neutral', 5 as 'likely similar', 6 as 'very similar', and 7 as 'extremely similar': How semantically similar is Turtle and Salamander?",6
Turtle|Snake,"Answer with only one number from 1 to 7, considering 1 as 'extremely dissimilar', 2 as 'very dissimilar', 3 as 'likely dissimilar', 4 as 'neutral', 5 as 'likely similar', 6 as 'very similar', and 7 as 'extremely similar': How semantically similar is Turtle and Snake?",6
Turtle|Toad,"Answer with only one number from 1 to 7, considering 1 as 'extremely dissimilar', 2 as 'very dissimilar', 3 as 'likely dissimilar', 4 as 'neutral', 5 as 'likely similar', 6 as 'very similar', and 7 as 'extremely similar': How semantically similar is Turtle and Toad?",3
Turtle|Tortoise,"Answer with only one number from 1 to 7, considering 1 as 'extremely dissimilar', 2 as 'very dissimilar', 3 as 'likely dissimilar', 4 as 'neutral', 5 as 'likely similar', 6 as 'very similar', and 7 as 'extremely similar': How semantically similar is Turtle and Tortoise?",6
Turtle|Turtle,"Answer with only one number from 1 to 7, considering 1 as 'extremely dissimilar', 2 as 'very dissimilar', 3 as 'likely dissimilar', 4 as 'neutral', 5 as 'likely similar', 6 as 'very similar', and 7 as 'extremely similar': How semantically similar is Turtle and Turtle?",7
Turtle|Anvil,"Answer with only one number from 1 to 7, considering 1 as 'extremely dissimilar', 2 as 'very dissimilar', 3 as 'likely dissimilar', 4 as 'neutral', 5 as 'likely similar', 6 as 'very similar', and 7 as 'extremely similar': How semantically similar is Turtle and Anvil?",3
Turtle|Axe,"Answer with only one number from 1 to 7, considering 1 as 'extremely dissimilar', 2 as 'very dissimilar', 3 as 'likely dissimilar', 4 as 'neutral', 5 as 'likely similar', 6 as 'very similar', and 7 as 'extremely similar': How semantically similar is Turtle and Axe?",3
Turtle|Chisel,"Answer with only one number from 1 to 7, considering 1 as 'extremely dissimilar', 2 as 'very dissimilar', 3 as 'likely dissimilar', 4 as 'neutral', 5 as 'likely similar', 6 as 'very similar', and 7 as 'extremely similar': How semantically similar is Turtle and Chisel?",3
Turtle|Grindingdisk,"Answer with only one number from 1 to 7, considering 1 as 'extremely dissimilar', 2 as 'very dissimilar', 3 as 'likely dissimilar', 4 as 'neutral', 5 as 'likely similar', 6 as 'very similar', and 7 as 'extremely similar': How semantically similar is Turtle and Grindingdisk?",3
Turtle|Hammer,"Answer with only one number from 1 to 7, considering 1 as 'extremely dissimilar', 2 as 'very dissimilar', 3 as 'likely dissimilar', 4 as 'neutral', 5 as 'likely similar', 6 as 'very similar', and 7 as 'extremely similar': How semantically similar is Turtle and Hammer?",3
Turtle|Knife,"Answer with only one number from 1 to 7, considering 1 as 'extremely dissimilar', 2 as 'very dissimilar', 3 as 'likely dissimilar', 4 as 'neutral', 5 as 'likely similar', 6 as 'very similar', and 7 as 'extremely similar': How semantically similar is Turtle and Knife?",3
Turtle|LawnMower,"Answer with only one number from 1 to 7, considering 1 as 'extremely dissimilar', 2 as 'very dissimilar', 3 as 'likely dissimilar', 4 as 'neutral', 5 as 'likely similar', 6 as 'very similar', and 7 as 'extremely similar': How semantically similar is Turtle and LawnMower?",3
Turtle|Nail,"Answer with only one number from 1 to 7, considering 1 as 'extremely dissimilar', 2 as 'very dissimilar', 3 as 'likely dissimilar', 4 as 'neutral', 5 as 'likely similar', 6 as 'very similar', and 7 as 'extremely similar': How semantically similar is Turtle and Nail?",3
Turtle|Oilcan,"Answer with only one number from 1 to 7, considering 1 as 'extremely dissimilar', 2 as 'very dissimilar', 3 as 'likely dissimilar', 4 as 'neutral', 5 as 'likely similar', 6 as 'very similar', and 7 as 'extremely similar': How semantically similar is Turtle and Oilcan?",3
Turtle|Paintbrush,"Answer with only one number from 1 to 7, considering 1 as 'extremely dissimilar', 2 as 'very dissimilar', 3 as 'likely dissimilar', 4 as 'neutral', 5 as 'likely similar', 6 as 'very similar', and 7 as 'extremely similar': How semantically similar is Turtle and Paintbrush?",3
Turtle|Saw,"Answer with only one number from 1 to 7, considering 1 as 'extremely dissimilar', 2 as 'very dissimilar', 3 as 'likely dissimilar', 4 as 'neutral', 5 as 'likely similar', 6 as 'very similar', and 7 as 'extremely similar': How semantically similar is Turtle and Saw?",3
Turtle|Screwdriver,"Answer with only one number from 1 to 7, considering 1 as 'extremely dissimilar', 2 as 'very dissimilar', 3 as 'likely dissimilar', 4 as 'neutral', 5 as 'likely similar', 6 as 'very similar', and 7 as 'extremely similar': How semantically similar is Turtle and Screwdriver?",3
Turtle|Shovel,"Answer with only one number from 1 to 7, considering 1 as 'extremely dissimilar', 2 as 'very dissimilar', 3 as 'likely dissimilar', 4 as 'neutral', 5 as 'likely similar', 6 as 'very similar', and 7 as 'extremely similar': How semantically similar is Turtle and Shovel?",3
Turtle|Spanner,"Answer with only one number from 1 to 7, considering 1 as 'extremely dissimilar', 2 as 'very dissimilar', 3 as 'likely dissimilar', 4 as 'neutral', 5 as 'likely similar', 6 as 'very similar', and 7 as 'extremely similar': How semantically similar is Turtle and Spanner?",3
Turtle|Vacuum,"Answer with only one number from 1 to 7, considering 1 as 'extremely dissimilar', 2 as 'very dissimilar', 3 as 'likely dissimilar', 4 as 'neutral', 5 as 'likely similar', 6 as 'very similar', and 7 as 'extremely similar': How semantically similar is Turtle and Vacuum?",3
Anvil|Alligator,"Answer with only one number from 1 to 7, considering 1 as 'extremely dissimilar', 2 as 'very dissimilar', 3 as 'likely dissimilar', 4 as 'neutral', 5 as 'likely similar', 6 as 'very similar', and 7 as 'extremely similar': How semantically similar is Anvil and Alligator?",3
Anvil|Blindworm,"Answer with only one number from 1 to 7, considering 1 as 'extremely dissimilar', 2 as 'very dissimilar', 3 as 'likely dissimilar', 4 as 'neutral', 5 as 'likely similar', 6 as 'very similar', and 7 as 'extremely similar': How semantically similar is Anvil and Blindworm?",3
Anvil|Boapython,"Answer with only one number from 1 to 7, considering 1 as 'extremely dissimilar', 2 as 'very dissimilar', 3 as 'likely dissimilar', 4 as 'neutral', 5 as 'likely similar', 6 as 'very similar', and 7 as 'extremely similar': How semantically similar is Anvil and Boapython?","1

Anvil and Boapython"
Anvil|Caiman,"Answer with only one number from 1 to 7, considering 1 as 'extremely dissimilar', 2 as 'very dissimilar', 3 as 'likely dissimilar', 4 as 'neutral', 5 as 'likely similar', 6 as 'very similar', and 7 as 'extremely similar': How semantically similar is Anvil and Caiman?",3
Anvil|Chameleon,"Answer with only one number from 1 to 7, considering 1 as 'extremely dissimilar', 2 as 'very dissimilar', 3 as 'likely dissimilar', 4 as 'neutral', 5 as 'likely similar', 6 as 'very similar', and 7 as 'extremely similar': How semantically similar is Anvil and Chameleon?",2
Anvil|Cobra,"Answer with only one number from 1 to 7, considering 1 as 'extremely dissimilar', 2 as 'very dissimilar', 3 as 'likely dissimilar', 4 as 'neutral', 5 as 'likely similar', 6 as 'very similar', and 7 as 'extremely similar': How semantically similar is Anvil and Cobra?",3
Anvil|Crocodile,"Answer with only one number from 1 to 7, considering 1 as 'extremely dissimilar', 2 as 'very dissimilar', 3 as 'likely dissimilar', 4 as 'neutral', 5 as 'likely similar', 6 as 'very similar', and 7 as 'extremely similar': How semantically similar is Anvil and Crocodile?",3
Anvil|Dinosaur,"Answer with only one number from 1 to 7, considering 1 as 'extremely dissimilar', 2 as 'very dissimilar', 3 as 'likely dissimilar', 4 as 'neutral', 5 as 'likely similar', 6 as 'very similar', and 7 as 'extremely similar': How semantically similar is Anvil and Dinosaur?",3
Anvil|Gecko,"Answer with only one number from 1 to 7, considering 1 as 'extremely dissimilar', 2 as 'very dissimilar', 3 as 'likely dissimilar', 4 as 'neutral', 5 as 'likely similar', 6 as 'very similar', and 7 as 'extremely similar': How semantically similar is Anvil and Gecko?",2
Anvil|Lizard,"Answer with only one number from 1 to 7, considering 1 as 'extremely dissimilar', 2 as 'very dissimilar', 3 as 'likely dissimilar', 4 as 'neutral', 5 as 'likely similar', 6 as 'very similar', and 7 as 'extremely similar': How semantically similar is Anvil and Lizard?",2
Anvil|Salamander,"Answer with only one number from 1 to 7, considering 1 as 'extremely dissimilar', 2 as 'very dissimilar', 3 as 'likely dissimilar', 4 as 'neutral', 5 as 'likely similar', 6 as 'very similar', and 7 as 'extremely similar': How semantically similar is Anvil and Salamander?",3
Anvil|Snake,"Answer with only one number from 1 to 7, considering 1 as 'extremely dissimilar', 2 as 'very dissimilar', 3 as 'likely dissimilar', 4 as 'neutral', 5 as 'likely similar', 6 as 'very similar', and 7 as 'extremely similar': How semantically similar is Anvil and Snake?",3
Anvil|Toad,"Answer with only one number from 1 to 7, considering 1 as 'extremely dissimilar', 2 as 'very dissimilar', 3 as 'likely dissimilar', 4 as 'neutral', 5 as 'likely similar', 6 as 'very similar', and 7 as 'extremely similar': How semantically similar is Anvil and Toad?",3
Anvil|Tortoise,"Answer with only one number from 1 to 7, considering 1 as 'extremely dissimilar', 2 as 'very dissimilar', 3 as 'likely dissimilar', 4 as 'neutral', 5 as 'likely similar', 6 as 'very similar', and 7 as 'extremely similar': How semantically similar is Anvil and Tortoise?",3
Anvil|Turtle,"Answer with only one number from 1 to 7, considering 1 as 'extremely dissimilar', 2 as 'very dissimilar', 3 as 'likely dissimilar', 4 as 'neutral', 5 as 'likely similar', 6 as 'very similar', and 7 as 'extremely similar': How semantically similar is Anvil and Turtle?",3
Anvil|Anvil,"Answer with only one number from 1 to 7, considering 1 as 'extremely dissimilar', 2 as 'very dissimilar', 3 as 'likely dissimilar', 4 as 'neutral', 5 as 'likely similar', 6 as 'very similar', and 7 as 'extremely similar': How semantically similar is Anvil and Anvil?",7
Anvil|Axe,"Answer with only one number from 1 to 7, considering 1 as 'extremely dissimilar', 2 as 'very dissimilar', 3 as 'likely dissimilar', 4 as 'neutral', 5 as 'likely similar', 6 as 'very similar', and 7 as 'extremely similar': How semantically similar is Anvil and Axe?",3
Anvil|Chisel,"Answer with only one number from 1 to 7, considering 1 as 'extremely dissimilar', 2 as 'very dissimilar', 3 as 'likely dissimilar', 4 as 'neutral', 5 as 'likely similar', 6 as 'very similar', and 7 as 'extremely similar': How semantically similar is Anvil and Chisel?",3
Anvil|Grindingdisk,"Answer with only one number from 1 to 7, considering 1 as 'extremely dissimilar', 2 as 'very dissimilar', 3 as 'likely dissimilar', 4 as 'neutral', 5 as 'likely similar', 6 as 'very similar', and 7 as 'extremely similar': How semantically similar is Anvil and Grindingdisk?",3
Anvil|Hammer,"Answer with only one number from 1 to 7, considering 1 as 'extremely dissimilar', 2 as 'very dissimilar', 3 as 'likely dissimilar', 4 as 'neutral', 5 as 'likely similar', 6 as 'very similar', and 7 as 'extremely similar': How semantically similar is Anvil and Hammer?",6
Anvil|Knife,"Answer with only one number from 1 to 7, considering 1 as 'extremely dissimilar', 2 as 'very dissimilar', 3 as 'likely dissimilar', 4 as 'neutral', 5 as 'likely similar', 6 as 'very similar', and 7 as 'extremely similar': How semantically similar is Anvil and Knife?",3
Anvil|LawnMower,"Answer with only one number from 1 to 7, considering 1 as 'extremely dissimilar', 2 as 'very dissimilar', 3 as 'likely dissimilar', 4 as 'neutral', 5 as 'likely similar', 6 as 'very similar', and 7 as 'extremely similar': How semantically similar is Anvil and LawnMower?",3
Anvil|Nail,"Answer with only one number from 1 to 7, considering 1 as 'extremely dissimilar', 2 as 'very dissimilar', 3 as 'likely dissimilar', 4 as 'neutral', 5 as 'likely similar', 6 as 'very similar', and 7 as 'extremely similar': How semantically similar is Anvil and Nail?",6
Anvil|Oilcan,"Answer with only one number from 1 to 7, considering 1 as 'extremely dissimilar', 2 as 'very dissimilar', 3 as 'likely dissimilar', 4 as 'neutral', 5 as 'likely similar', 6 as 'very similar', and 7 as 'extremely similar': How semantically similar is Anvil and Oilcan?",3
Anvil|Paintbrush,"Answer with only one number from 1 to 7, considering 1 as 'extremely dissimilar', 2 as 'very dissimilar', 3 as 'likely dissimilar', 4 as 'neutral', 5 as 'likely similar', 6 as 'very similar', and 7 as 'extremely similar': How semantically similar is Anvil and Paintbrush?",3
Anvil|Saw,"Answer with only one number from 1 to 7, considering 1 as 'extremely dissimilar', 2 as 'very dissimilar', 3 as 'likely dissimilar', 4 as 'neutral', 5 as 'likely similar', 6 as 'very similar', and 7 as 'extremely similar': How semantically similar is Anvil and Saw?",3
Anvil|Screwdriver,"Answer with only one number from 1 to 7, considering 1 as 'extremely dissimilar', 2 as 'very dissimilar', 3 as 'likely dissimilar', 4 as 'neutral', 5 as 'likely similar', 6 as 'very similar', and 7 as 'extremely similar': How semantically similar is Anvil and Screwdriver?",3
Anvil|Shovel,"Answer with only one number from 1 to 7, considering 1 as 'extremely dissimilar', 2 as 'very dissimilar', 3 as 'likely dissimilar', 4 as 'neutral', 5 as 'likely similar', 6 as 'very similar', and 7 as 'extremely similar': How semantically similar is Anvil and Shovel?",3
Anvil|Spanner,"Answer with only one number from 1 to 7, considering 1 as 'extremely dissimilar', 2 as 'very dissimilar', 3 as 'likely dissimilar', 4 as 'neutral', 5 as 'likely similar', 6 as 'very similar', and 7 as 'extremely similar': How semantically similar is Anvil and Spanner?",3
Anvil|Vacuum,"Answer with only one number from 1 to 7, considering 1 as 'extremely dissimilar', 2 as 'very dissimilar', 3 as 'likely dissimilar', 4 as 'neutral', 5 as 'likely similar', 6 as 'very similar', and 7 as 'extremely similar': How semantically similar is Anvil and Vacuum?",3
Axe|Alligator,"Answer with only one number from 1 to 7, considering 1 as 'extremely dissimilar', 2 as 'very dissimilar', 3 as 'likely dissimilar', 4 as 'neutral', 5 as 'likely similar', 6 as 'very similar', and 7 as 'extremely similar': How semantically similar is Axe and Alligator?",3
Axe|Blindworm,"Answer with only one number from 1 to 7, considering 1 as 'extremely dissimilar', 2 as 'very dissimilar', 3 as 'likely dissimilar', 4 as 'neutral', 5 as 'likely similar', 6 as 'very similar', and 7 as 'extremely similar': How semantically similar is Axe and Blindworm?","1

Axe and Blindworm are"
Axe|Boapython,"Answer with only one number from 1 to 7, considering 1 as 'extremely dissimilar', 2 as 'very dissimilar', 3 as 'likely dissimilar', 4 as 'neutral', 5 as 'likely similar', 6 as 'very similar', and 7 as 'extremely similar': How semantically similar is Axe and Boapython?","1

Axe and Boapython"
Axe|Caiman,"Answer with only one number from 1 to 7, considering 1 as 'extremely dissimilar', 2 as 'very dissimilar', 3 as 'likely dissimilar', 4 as 'neutral', 5 as 'likely similar', 6 as 'very similar', and 7 as 'extremely similar': How semantically similar is Axe and Caiman?",3
Axe|Chameleon,"Answer with only one number from 1 to 7, considering 1 as 'extremely dissimilar', 2 as 'very dissimilar', 3 as 'likely dissimilar', 4 as 'neutral', 5 as 'likely similar', 6 as 'very similar', and 7 as 'extremely similar': How semantically similar is Axe and Chameleon?",3
Axe|Cobra,"Answer with only one number from 1 to 7, considering 1 as 'extremely dissimilar', 2 as 'very dissimilar', 3 as 'likely dissimilar', 4 as 'neutral', 5 as 'likely similar', 6 as 'very similar', and 7 as 'extremely similar': How semantically similar is Axe and Cobra?",3
Axe|Crocodile,"Answer with only one number from 1 to 7, considering 1 as 'extremely dissimilar', 2 as 'very dissimilar', 3 as 'likely dissimilar', 4 as 'neutral', 5 as 'likely similar', 6 as 'very similar', and 7 as 'extremely similar': How semantically similar is Axe and Crocodile?",3
Axe|Dinosaur,"Answer with only one number from 1 to 7, considering 1 as 'extremely dissimilar', 2 as 'very dissimilar', 3 as 'likely dissimilar', 4 as 'neutral', 5 as 'likely similar', 6 as 'very similar', and 7 as 'extremely similar': How semantically similar is Axe and Dinosaur?","1

Axe and Dinosaur are"
Axe|Gecko,"Answer with only one number from 1 to 7, considering 1 as 'extremely dissimilar', 2 as 'very dissimilar', 3 as 'likely dissimilar', 4 as 'neutral', 5 as 'likely similar', 6 as 'very similar', and 7 as 'extremely similar': How semantically similar is Axe and Gecko?",3
Axe|Lizard,"Answer with only one number from 1 to 7, considering 1 as 'extremely dissimilar', 2 as 'very dissimilar', 3 as 'likely dissimilar', 4 as 'neutral', 5 as 'likely similar', 6 as 'very similar', and 7 as 'extremely similar': How semantically similar is Axe and Lizard?","1

Axe and Lizard are"
Axe|Salamander,"Answer with only one number from 1 to 7, considering 1 as 'extremely dissimilar', 2 as 'very dissimilar', 3 as 'likely dissimilar', 4 as 'neutral', 5 as 'likely similar', 6 as 'very similar', and 7 as 'extremely similar': How semantically similar is Axe and Salamander?",3
Axe|Snake,"Answer with only one number from 1 to 7, considering 1 as 'extremely dissimilar', 2 as 'very dissimilar', 3 as 'likely dissimilar', 4 as 'neutral', 5 as 'likely similar', 6 as 'very similar', and 7 as 'extremely similar': How semantically similar is Axe and Snake?",3
Axe|Toad,"Answer with only one number from 1 to 7, considering 1 as 'extremely dissimilar', 2 as 'very dissimilar', 3 as 'likely dissimilar', 4 as 'neutral', 5 as 'likely similar', 6 as 'very similar', and 7 as 'extremely similar': How semantically similar is Axe and Toad?",3
Axe|Tortoise,"Answer with only one number from 1 to 7, considering 1 as 'extremely dissimilar', 2 as 'very dissimilar', 3 as 'likely dissimilar', 4 as 'neutral', 5 as 'likely similar', 6 as 'very similar', and 7 as 'extremely similar': How semantically similar is Axe and Tortoise?","1

Axe and Tortoise are"
Axe|Turtle,"Answer with only one number from 1 to 7, considering 1 as 'extremely dissimilar', 2 as 'very dissimilar', 3 as 'likely dissimilar', 4 as 'neutral', 5 as 'likely similar', 6 as 'very similar', and 7 as 'extremely similar': How semantically similar is Axe and Turtle?",3
Axe|Anvil,"Answer with only one number from 1 to 7, considering 1 as 'extremely dissimilar', 2 as 'very dissimilar', 3 as 'likely dissimilar', 4 as 'neutral', 5 as 'likely similar', 6 as 'very similar', and 7 as 'extremely similar': How semantically similar is Axe and Anvil?",3
Axe|Axe,"Answer with only one number from 1 to 7, considering 1 as 'extremely dissimilar', 2 as 'very dissimilar', 3 as 'likely dissimilar', 4 as 'neutral', 5 as 'likely similar', 6 as 'very similar', and 7 as 'extremely similar': How semantically similar is Axe and Axe?",7
Axe|Chisel,"Answer with only one number from 1 to 7, considering 1 as 'extremely dissimilar', 2 as 'very dissimilar', 3 as 'likely dissimilar', 4 as 'neutral', 5 as 'likely similar', 6 as 'very similar', and 7 as 'extremely similar': How semantically similar is Axe and Chisel?",3
Axe|Grindingdisk,"Answer with only one number from 1 to 7, considering 1 as 'extremely dissimilar', 2 as 'very dissimilar', 3 as 'likely dissimilar', 4 as 'neutral', 5 as 'likely similar', 6 as 'very similar', and 7 as 'extremely similar': How semantically similar is Axe and Grindingdisk?","1

Axe and Grindingdisk are"
Axe|Hammer,"Answer with only one number from 1 to 7, considering 1 as 'extremely dissimilar', 2 as 'very dissimilar', 3 as 'likely dissimilar', 4 as 'neutral', 5 as 'likely similar', 6 as 'very similar', and 7 as 'extremely similar': How semantically similar is Axe and Hammer?",3
Axe|Knife,"Answer with only one number from 1 to 7, considering 1 as 'extremely dissimilar', 2 as 'very dissimilar', 3 as 'likely dissimilar', 4 as 'neutral', 5 as 'likely similar', 6 as 'very similar', and 7 as 'extremely similar': How semantically similar is Axe and Knife?",6
Axe|LawnMower,"Answer with only one number from 1 to 7, considering 1 as 'extremely dissimilar', 2 as 'very dissimilar', 3 as 'likely dissimilar', 4 as 'neutral', 5 as 'likely similar', 6 as 'very similar', and 7 as 'extremely similar': How semantically similar is Axe and LawnMower?",3
Axe|Nail,"Answer with only one number from 1 to 7, considering 1 as 'extremely dissimilar', 2 as 'very dissimilar', 3 as 'likely dissimilar', 4 as 'neutral', 5 as 'likely similar', 6 as 'very similar', and 7 as 'extremely similar': How semantically similar is Axe and Nail?",3
Axe|Oilcan,"Answer with only one number from 1 to 7, considering 1 as 'extremely dissimilar', 2 as 'very dissimilar', 3 as 'likely dissimilar', 4 as 'neutral', 5 as 'likely similar', 6 as 'very similar', and 7 as 'extremely similar': How semantically similar is Axe and Oilcan?",3
Axe|Paintbrush,"Answer with only one number from 1 to 7, considering 1 as 'extremely dissimilar', 2 as 'very dissimilar', 3 as 'likely dissimilar', 4 as 'neutral', 5 as 'likely similar', 6 as 'very similar', and 7 as 'extremely similar': How semantically similar is Axe and Paintbrush?",3
Axe|Saw,"Answer with only one number from 1 to 7, considering 1 as 'extremely dissimilar', 2 as 'very dissimilar', 3 as 'likely dissimilar', 4 as 'neutral', 5 as 'likely similar', 6 as 'very similar', and 7 as 'extremely similar': How semantically similar is Axe and Saw?",6
Axe|Screwdriver,"Answer with only one number from 1 to 7, considering 1 as 'extremely dissimilar', 2 as 'very dissimilar', 3 as 'likely dissimilar', 4 as 'neutral', 5 as 'likely similar', 6 as 'very similar', and 7 as 'extremely similar': How semantically similar is Axe and Screwdriver?",3
Axe|Shovel,"Answer with only one number from 1 to 7, considering 1 as 'extremely dissimilar', 2 as 'very dissimilar', 3 as 'likely dissimilar', 4 as 'neutral', 5 as 'likely similar', 6 as 'very similar', and 7 as 'extremely similar': How semantically similar is Axe and Shovel?",3
Axe|Spanner,"Answer with only one number from 1 to 7, considering 1 as 'extremely dissimilar', 2 as 'very dissimilar', 3 as 'likely dissimilar', 4 as 'neutral', 5 as 'likely similar', 6 as 'very similar', and 7 as 'extremely similar': How semantically similar is Axe and Spanner?",3
Axe|Vacuum,"Answer with only one number from 1 to 7, considering 1 as 'extremely dissimilar', 2 as 'very dissimilar', 3 as 'likely dissimilar', 4 as 'neutral', 5 as 'likely similar', 6 as 'very similar', and 7 as 'extremely similar': How semantically similar is Axe and Vacuum?",3
Chisel|Alligator,"Answer with only one number from 1 to 7, considering 1 as 'extremely dissimilar', 2 as 'very dissimilar', 3 as 'likely dissimilar', 4 as 'neutral', 5 as 'likely similar', 6 as 'very similar', and 7 as 'extremely similar': How semantically similar is Chisel and Alligator?","1

Chisel and Alligator are"
Chisel|Blindworm,"Answer with only one number from 1 to 7, considering 1 as 'extremely dissimilar', 2 as 'very dissimilar', 3 as 'likely dissimilar', 4 as 'neutral', 5 as 'likely similar', 6 as 'very similar', and 7 as 'extremely similar': How semantically similar is Chisel and Blindworm?","1

Chisel and Blindworm are"
Chisel|Boapython,"Answer with only one number from 1 to 7, considering 1 as 'extremely dissimilar', 2 as 'very dissimilar', 3 as 'likely dissimilar', 4 as 'neutral', 5 as 'likely similar', 6 as 'very similar', and 7 as 'extremely similar': How semantically similar is Chisel and Boapython?","I would rate the semantic similarity between """
Chisel|Caiman,"Answer with only one number from 1 to 7, considering 1 as 'extremely dissimilar', 2 as 'very dissimilar', 3 as 'likely dissimilar', 4 as 'neutral', 5 as 'likely similar', 6 as 'very similar', and 7 as 'extremely similar': How semantically similar is Chisel and Caiman?","1

Chisel and Caiman"
Chisel|Chameleon,"Answer with only one number from 1 to 7, considering 1 as 'extremely dissimilar', 2 as 'very dissimilar', 3 as 'likely dissimilar', 4 as 'neutral', 5 as 'likely similar', 6 as 'very similar', and 7 as 'extremely similar': How semantically similar is Chisel and Chameleon?","1

Chisel and Chameleon are"
Chisel|Cobra,"Answer with only one number from 1 to 7, considering 1 as 'extremely dissimilar', 2 as 'very dissimilar', 3 as 'likely dissimilar', 4 as 'neutral', 5 as 'likely similar', 6 as 'very similar', and 7 as 'extremely similar': How semantically similar is Chisel and Cobra?",2
Chisel|Crocodile,"Answer with only one number from 1 to 7, considering 1 as 'extremely dissimilar', 2 as 'very dissimilar', 3 as 'likely dissimilar', 4 as 'neutral', 5 as 'likely similar', 6 as 'very similar', and 7 as 'extremely similar': How semantically similar is Chisel and Crocodile?","1

Chisel and Crocodile are"
Chisel|Dinosaur,"Answer with only one number from 1 to 7, considering 1 as 'extremely dissimilar', 2 as 'very dissimilar', 3 as 'likely dissimilar', 4 as 'neutral', 5 as 'likely similar', 6 as 'very similar', and 7 as 'extremely similar': How semantically similar is Chisel and Dinosaur?","1

Chisel and Dinosaur are"
Chisel|Gecko,"Answer with only one number from 1 to 7, considering 1 as 'extremely dissimilar', 2 as 'very dissimilar', 3 as 'likely dissimilar', 4 as 'neutral', 5 as 'likely similar', 6 as 'very similar', and 7 as 'extremely similar': How semantically similar is Chisel and Gecko?","1

Chisel and Gecko are two"
Chisel|Lizard,"Answer with only one number from 1 to 7, considering 1 as 'extremely dissimilar', 2 as 'very dissimilar', 3 as 'likely dissimilar', 4 as 'neutral', 5 as 'likely similar', 6 as 'very similar', and 7 as 'extremely similar': How semantically similar is Chisel and Lizard?","1

Chisel and Lizard are"
Chisel|Salamander,"Answer with only one number from 1 to 7, considering 1 as 'extremely dissimilar', 2 as 'very dissimilar', 3 as 'likely dissimilar', 4 as 'neutral', 5 as 'likely similar', 6 as 'very similar', and 7 as 'extremely similar': How semantically similar is Chisel and Salamander?","1

Chisel and Salamander"
Chisel|Snake,"Answer with only one number from 1 to 7, considering 1 as 'extremely dissimilar', 2 as 'very dissimilar', 3 as 'likely dissimilar', 4 as 'neutral', 5 as 'likely similar', 6 as 'very similar', and 7 as 'extremely similar': How semantically similar is Chisel and Snake?",3
Chisel|Toad,"Answer with only one number from 1 to 7, considering 1 as 'extremely dissimilar', 2 as 'very dissimilar', 3 as 'likely dissimilar', 4 as 'neutral', 5 as 'likely similar', 6 as 'very similar', and 7 as 'extremely similar': How semantically similar is Chisel and Toad?","1

Chisel and Toad are"
Chisel|Tortoise,"Answer with only one number from 1 to 7, considering 1 as 'extremely dissimilar', 2 as 'very dissimilar', 3 as 'likely dissimilar', 4 as 'neutral', 5 as 'likely similar', 6 as 'very similar', and 7 as 'extremely similar': How semantically similar is Chisel and Tortoise?","1

Chisel and Tortoise are"
Chisel|Turtle,"Answer with only one number from 1 to 7, considering 1 as 'extremely dissimilar', 2 as 'very dissimilar', 3 as 'likely dissimilar', 4 as 'neutral', 5 as 'likely similar', 6 as 'very similar', and 7 as 'extremely similar': How semantically similar is Chisel and Turtle?",3
Chisel|Anvil,"Answer with only one number from 1 to 7, considering 1 as 'extremely dissimilar', 2 as 'very dissimilar', 3 as 'likely dissimilar', 4 as 'neutral', 5 as 'likely similar', 6 as 'very similar', and 7 as 'extremely similar': How semantically similar is Chisel and Anvil?",3
Chisel|Axe,"Answer with only one number from 1 to 7, considering 1 as 'extremely dissimilar', 2 as 'very dissimilar', 3 as 'likely dissimilar', 4 as 'neutral', 5 as 'likely similar', 6 as 'very similar', and 7 as 'extremely similar': How semantically similar is Chisel and Axe?",3
Chisel|Chisel,"Answer with only one number from 1 to 7, considering 1 as 'extremely dissimilar', 2 as 'very dissimilar', 3 as 'likely dissimilar', 4 as 'neutral', 5 as 'likely similar', 6 as 'very similar', and 7 as 'extremely similar': How semantically similar is Chisel and Chisel?",7
Chisel|Grindingdisk,"Answer with only one number from 1 to 7, considering 1 as 'extremely dissimilar', 2 as 'very dissimilar', 3 as 'likely dissimilar', 4 as 'neutral', 5 as 'likely similar', 6 as 'very similar', and 7 as 'extremely similar': How semantically similar is Chisel and Grindingdisk?",3
Chisel|Hammer,"Answer with only one number from 1 to 7, considering 1 as 'extremely dissimilar', 2 as 'very dissimilar', 3 as 'likely dissimilar', 4 as 'neutral', 5 as 'likely similar', 6 as 'very similar', and 7 as 'extremely similar': How semantically similar is Chisel and Hammer?",3
Chisel|Knife,"Answer with only one number from 1 to 7, considering 1 as 'extremely dissimilar', 2 as 'very dissimilar', 3 as 'likely dissimilar', 4 as 'neutral', 5 as 'likely similar', 6 as 'very similar', and 7 as 'extremely similar': How semantically similar is Chisel and Knife?",6
Chisel|LawnMower,"Answer with only one number from 1 to 7, considering 1 as 'extremely dissimilar', 2 as 'very dissimilar', 3 as 'likely dissimilar', 4 as 'neutral', 5 as 'likely similar', 6 as 'very similar', and 7 as 'extremely similar': How semantically similar is Chisel and LawnMower?",3
Chisel|Nail,"Answer with only one number from 1 to 7, considering 1 as 'extremely dissimilar', 2 as 'very dissimilar', 3 as 'likely dissimilar', 4 as 'neutral', 5 as 'likely similar', 6 as 'very similar', and 7 as 'extremely similar': How semantically similar is Chisel and Nail?",3
Chisel|Oilcan,"Answer with only one number from 1 to 7, considering 1 as 'extremely dissimilar', 2 as 'very dissimilar', 3 as 'likely dissimilar', 4 as 'neutral', 5 as 'likely similar', 6 as 'very similar', and 7 as 'extremely similar': How semantically similar is Chisel and Oilcan?",3
Chisel|Paintbrush,"Answer with only one number from 1 to 7, considering 1 as 'extremely dissimilar', 2 as 'very dissimilar', 3 as 'likely dissimilar', 4 as 'neutral', 5 as 'likely similar', 6 as 'very similar', and 7 as 'extremely similar': How semantically similar is Chisel and Paintbrush?",3
Chisel|Saw,"Answer with only one number from 1 to 7, considering 1 as 'extremely dissimilar', 2 as 'very dissimilar', 3 as 'likely dissimilar', 4 as 'neutral', 5 as 'likely similar', 6 as 'very similar', and 7 as 'extremely similar': How semantically similar is Chisel and Saw?",3
Chisel|Screwdriver,"Answer with only one number from 1 to 7, considering 1 as 'extremely dissimilar', 2 as 'very dissimilar', 3 as 'likely dissimilar', 4 as 'neutral', 5 as 'likely similar', 6 as 'very similar', and 7 as 'extremely similar': How semantically similar is Chisel and Screwdriver?",3
Chisel|Shovel,"Answer with only one number from 1 to 7, considering 1 as 'extremely dissimilar', 2 as 'very dissimilar', 3 as 'likely dissimilar', 4 as 'neutral', 5 as 'likely similar', 6 as 'very similar', and 7 as 'extremely similar': How semantically similar is Chisel and Shovel?",3
Chisel|Spanner,"Answer with only one number from 1 to 7, considering 1 as 'extremely dissimilar', 2 as 'very dissimilar', 3 as 'likely dissimilar', 4 as 'neutral', 5 as 'likely similar', 6 as 'very similar', and 7 as 'extremely similar': How semantically similar is Chisel and Spanner?",3
Chisel|Vacuum,"Answer with only one number from 1 to 7, considering 1 as 'extremely dissimilar', 2 as 'very dissimilar', 3 as 'likely dissimilar', 4 as 'neutral', 5 as 'likely similar', 6 as 'very similar', and 7 as 'extremely similar': How semantically similar is Chisel and Vacuum?",3
Grindingdisk|Alligator,"Answer with only one number from 1 to 7, considering 1 as 'extremely dissimilar', 2 as 'very dissimilar', 3 as 'likely dissimilar', 4 as 'neutral', 5 as 'likely similar', 6 as 'very similar', and 7 as 'extremely similar': How semantically similar is Grindingdisk and Alligator?","1

The words ""Grindingdisk"
Grindingdisk|Blindworm,"Answer with only one number from 1 to 7, considering 1 as 'extremely dissimilar', 2 as 'very dissimilar', 3 as 'likely dissimilar', 4 as 'neutral', 5 as 'likely similar', 6 as 'very similar', and 7 as 'extremely similar': How semantically similar is Grindingdisk and Blindworm?","1

The words 'Grindingdisk"
Grindingdisk|Boapython,"Answer with only one number from 1 to 7, considering 1 as 'extremely dissimilar', 2 as 'very dissimilar', 3 as 'likely dissimilar', 4 as 'neutral', 5 as 'likely similar', 6 as 'very similar', and 7 as 'extremely similar': How semantically similar is Grindingdisk and Boapython?",3
Grindingdisk|Caiman,"Answer with only one number from 1 to 7, considering 1 as 'extremely dissimilar', 2 as 'very dissimilar', 3 as 'likely dissimilar', 4 as 'neutral', 5 as 'likely similar', 6 as 'very similar', and 7 as 'extremely similar': How semantically similar is Grindingdisk and Caiman?","1

The words ""Grindingdisk"
Grindingdisk|Chameleon,"Answer with only one number from 1 to 7, considering 1 as 'extremely dissimilar', 2 as 'very dissimilar', 3 as 'likely dissimilar', 4 as 'neutral', 5 as 'likely similar', 6 as 'very similar', and 7 as 'extremely similar': How semantically similar is Grindingdisk and Chameleon?","1

The words ""Grindingdisk"
Grindingdisk|Cobra,"Answer with only one number from 1 to 7, considering 1 as 'extremely dissimilar', 2 as 'very dissimilar', 3 as 'likely dissimilar', 4 as 'neutral', 5 as 'likely similar', 6 as 'very similar', and 7 as 'extremely similar': How semantically similar is Grindingdisk and Cobra?",3
Grindingdisk|Crocodile,"Answer with only one number from 1 to 7, considering 1 as 'extremely dissimilar', 2 as 'very dissimilar', 3 as 'likely dissimilar', 4 as 'neutral', 5 as 'likely similar', 6 as 'very similar', and 7 as 'extremely similar': How semantically similar is Grindingdisk and Crocodile?",1
Grindingdisk|Dinosaur,"Answer with only one number from 1 to 7, considering 1 as 'extremely dissimilar', 2 as 'very dissimilar', 3 as 'likely dissimilar', 4 as 'neutral', 5 as 'likely similar', 6 as 'very similar', and 7 as 'extremely similar': How semantically similar is Grindingdisk and Dinosaur?",1
Grindingdisk|Gecko,"Answer with only one number from 1 to 7, considering 1 as 'extremely dissimilar', 2 as 'very dissimilar', 3 as 'likely dissimilar', 4 as 'neutral', 5 as 'likely similar', 6 as 'very similar', and 7 as 'extremely similar': How semantically similar is Grindingdisk and Gecko?",3
Grindingdisk|Lizard,"Answer with only one number from 1 to 7, considering 1 as 'extremely dissimilar', 2 as 'very dissimilar', 3 as 'likely dissimilar', 4 as 'neutral', 5 as 'likely similar', 6 as 'very similar', and 7 as 'extremely similar': How semantically similar is Grindingdisk and Lizard?",1
Grindingdisk|Salamander,"Answer with only one number from 1 to 7, considering 1 as 'extremely dissimilar', 2 as 'very dissimilar', 3 as 'likely dissimilar', 4 as 'neutral', 5 as 'likely similar', 6 as 'very similar', and 7 as 'extremely similar': How semantically similar is Grindingdisk and Salamander?","1

The words ""Grindingdisk"
Grindingdisk|Snake,"Answer with only one number from 1 to 7, considering 1 as 'extremely dissimilar', 2 as 'very dissimilar', 3 as 'likely dissimilar', 4 as 'neutral', 5 as 'likely similar', 6 as 'very similar', and 7 as 'extremely similar': How semantically similar is Grindingdisk and Snake?",3
Grindingdisk|Toad,"Answer with only one number from 1 to 7, considering 1 as 'extremely dissimilar', 2 as 'very dissimilar', 3 as 'likely dissimilar', 4 as 'neutral', 5 as 'likely similar', 6 as 'very similar', and 7 as 'extremely similar': How semantically similar is Grindingdisk and Toad?",3
Grindingdisk|Tortoise,"Answer with only one number from 1 to 7, considering 1 as 'extremely dissimilar', 2 as 'very dissimilar', 3 as 'likely dissimilar', 4 as 'neutral', 5 as 'likely similar', 6 as 'very similar', and 7 as 'extremely similar': How semantically similar is Grindingdisk and Tortoise?","1

The words ""Grindingdisk"
Grindingdisk|Turtle,"Answer with only one number from 1 to 7, considering 1 as 'extremely dissimilar', 2 as 'very dissimilar', 3 as 'likely dissimilar', 4 as 'neutral', 5 as 'likely similar', 6 as 'very similar', and 7 as 'extremely similar': How semantically similar is Grindingdisk and Turtle?",3
Grindingdisk|Anvil,"Answer with only one number from 1 to 7, considering 1 as 'extremely dissimilar', 2 as 'very dissimilar', 3 as 'likely dissimilar', 4 as 'neutral', 5 as 'likely similar', 6 as 'very similar', and 7 as 'extremely similar': How semantically similar is Grindingdisk and Anvil?",3
Grindingdisk|Axe,"Answer with only one number from 1 to 7, considering 1 as 'extremely dissimilar', 2 as 'very dissimilar', 3 as 'likely dissimilar', 4 as 'neutral', 5 as 'likely similar', 6 as 'very similar', and 7 as 'extremely similar': How semantically similar is Grindingdisk and Axe?",3
Grindingdisk|Chisel,"Answer with only one number from 1 to 7, considering 1 as 'extremely dissimilar', 2 as 'very dissimilar', 3 as 'likely dissimilar', 4 as 'neutral', 5 as 'likely similar', 6 as 'very similar', and 7 as 'extremely similar': How semantically similar is Grindingdisk and Chisel?",3
Grindingdisk|Grindingdisk,"Answer with only one number from 1 to 7, considering 1 as 'extremely dissimilar', 2 as 'very dissimilar', 3 as 'likely dissimilar', 4 as 'neutral', 5 as 'likely similar', 6 as 'very similar', and 7 as 'extremely similar': How semantically similar is Grindingdisk and Grindingdisk?",7
Grindingdisk|Hammer,"Answer with only one number from 1 to 7, considering 1 as 'extremely dissimilar', 2 as 'very dissimilar', 3 as 'likely dissimilar', 4 as 'neutral', 5 as 'likely similar', 6 as 'very similar', and 7 as 'extremely similar': How semantically similar is Grindingdisk and Hammer?",3
Grindingdisk|Knife,"Answer with only one number from 1 to 7, considering 1 as 'extremely dissimilar', 2 as 'very dissimilar', 3 as 'likely dissimilar', 4 as 'neutral', 5 as 'likely similar', 6 as 'very similar', and 7 as 'extremely similar': How semantically similar is Grindingdisk and Knife?",3
Grindingdisk|LawnMower,"Answer with only one number from 1 to 7, considering 1 as 'extremely dissimilar', 2 as 'very dissimilar', 3 as 'likely dissimilar', 4 as 'neutral', 5 as 'likely similar', 6 as 'very similar', and 7 as 'extremely similar': How semantically similar is Grindingdisk and LawnMower?",6
Grindingdisk|Nail,"Answer with only one number from 1 to 7, considering 1 as 'extremely dissimilar', 2 as 'very dissimilar', 3 as 'likely dissimilar', 4 as 'neutral', 5 as 'likely similar', 6 as 'very similar', and 7 as 'extremely similar': How semantically similar is Grindingdisk and Nail?",3
Grindingdisk|Oilcan,"Answer with only one number from 1 to 7, considering 1 as 'extremely dissimilar', 2 as 'very dissimilar', 3 as 'likely dissimilar', 4 as 'neutral', 5 as 'likely similar', 6 as 'very similar', and 7 as 'extremely similar': How semantically similar is Grindingdisk and Oilcan?",3
Grindingdisk|Paintbrush,"Answer with only one number from 1 to 7, considering 1 as 'extremely dissimilar', 2 as 'very dissimilar', 3 as 'likely dissimilar', 4 as 'neutral', 5 as 'likely similar', 6 as 'very similar', and 7 as 'extremely similar': How semantically similar is Grindingdisk and Paintbrush?",3
Grindingdisk|Saw,"Answer with only one number from 1 to 7, considering 1 as 'extremely dissimilar', 2 as 'very dissimilar', 3 as 'likely dissimilar', 4 as 'neutral', 5 as 'likely similar', 6 as 'very similar', and 7 as 'extremely similar': How semantically similar is Grindingdisk and Saw?",6
Grindingdisk|Screwdriver,"Answer with only one number from 1 to 7, considering 1 as 'extremely dissimilar', 2 as 'very dissimilar', 3 as 'likely dissimilar', 4 as 'neutral', 5 as 'likely similar', 6 as 'very similar', and 7 as 'extremely similar': How semantically similar is Grindingdisk and Screwdriver?",3
Grindingdisk|Shovel,"Answer with only one number from 1 to 7, considering 1 as 'extremely dissimilar', 2 as 'very dissimilar', 3 as 'likely dissimilar', 4 as 'neutral', 5 as 'likely similar', 6 as 'very similar', and 7 as 'extremely similar': How semantically similar is Grindingdisk and Shovel?",3
Grindingdisk|Spanner,"Answer with only one number from 1 to 7, considering 1 as 'extremely dissimilar', 2 as 'very dissimilar', 3 as 'likely dissimilar', 4 as 'neutral', 5 as 'likely similar', 6 as 'very similar', and 7 as 'extremely similar': How semantically similar is Grindingdisk and Spanner?",3
Grindingdisk|Vacuum,"Answer with only one number from 1 to 7, considering 1 as 'extremely dissimilar', 2 as 'very dissimilar', 3 as 'likely dissimilar', 4 as 'neutral', 5 as 'likely similar', 6 as 'very similar', and 7 as 'extremely similar': How semantically similar is Grindingdisk and Vacuum?",3
Hammer|Alligator,"Answer with only one number from 1 to 7, considering 1 as 'extremely dissimilar', 2 as 'very dissimilar', 3 as 'likely dissimilar', 4 as 'neutral', 5 as 'likely similar', 6 as 'very similar', and 7 as 'extremely similar': How semantically similar is Hammer and Alligator?",3
Hammer|Blindworm,"Answer with only one number from 1 to 7, considering 1 as 'extremely dissimilar', 2 as 'very dissimilar', 3 as 'likely dissimilar', 4 as 'neutral', 5 as 'likely similar', 6 as 'very similar', and 7 as 'extremely similar': How semantically similar is Hammer and Blindworm?",3
Hammer|Boapython,"Answer with only one number from 1 to 7, considering 1 as 'extremely dissimilar', 2 as 'very dissimilar', 3 as 'likely dissimilar', 4 as 'neutral', 5 as 'likely similar', 6 as 'very similar', and 7 as 'extremely similar': How semantically similar is Hammer and Boapython?","1

Hammer and Boapython"
Hammer|Caiman,"Answer with only one number from 1 to 7, considering 1 as 'extremely dissimilar', 2 as 'very dissimilar', 3 as 'likely dissimilar', 4 as 'neutral', 5 as 'likely similar', 6 as 'very similar', and 7 as 'extremely similar': How semantically similar is Hammer and Caiman?",3
Hammer|Chameleon,"Answer with only one number from 1 to 7, considering 1 as 'extremely dissimilar', 2 as 'very dissimilar', 3 as 'likely dissimilar', 4 as 'neutral', 5 as 'likely similar', 6 as 'very similar', and 7 as 'extremely similar': How semantically similar is Hammer and Chameleon?",2
Hammer|Cobra,"Answer with only one number from 1 to 7, considering 1 as 'extremely dissimilar', 2 as 'very dissimilar', 3 as 'likely dissimilar', 4 as 'neutral', 5 as 'likely similar', 6 as 'very similar', and 7 as 'extremely similar': How semantically similar is Hammer and Cobra?",3
Hammer|Crocodile,"Answer with only one number from 1 to 7, considering 1 as 'extremely dissimilar', 2 as 'very dissimilar', 3 as 'likely dissimilar', 4 as 'neutral', 5 as 'likely similar', 6 as 'very similar', and 7 as 'extremely similar': How semantically similar is Hammer and Crocodile?",3
Hammer|Dinosaur,"Answer with only one number from 1 to 7, considering 1 as 'extremely dissimilar', 2 as 'very dissimilar', 3 as 'likely dissimilar', 4 as 'neutral', 5 as 'likely similar', 6 as 'very similar', and 7 as 'extremely similar': How semantically similar is Hammer and Dinosaur?",3
Hammer|Gecko,"Answer with only one number from 1 to 7, considering 1 as 'extremely dissimilar', 2 as 'very dissimilar', 3 as 'likely dissimilar', 4 as 'neutral', 5 as 'likely similar', 6 as 'very similar', and 7 as 'extremely similar': How semantically similar is Hammer and Gecko?",3
Hammer|Lizard,"Answer with only one number from 1 to 7, considering 1 as 'extremely dissimilar', 2 as 'very dissimilar', 3 as 'likely dissimilar', 4 as 'neutral', 5 as 'likely similar', 6 as 'very similar', and 7 as 'extremely similar': How semantically similar is Hammer and Lizard?",3
Hammer|Salamander,"Answer with only one number from 1 to 7, considering 1 as 'extremely dissimilar', 2 as 'very dissimilar', 3 as 'likely dissimilar', 4 as 'neutral', 5 as 'likely similar', 6 as 'very similar', and 7 as 'extremely similar': How semantically similar is Hammer and Salamander?",3
Hammer|Snake,"Answer with only one number from 1 to 7, considering 1 as 'extremely dissimilar', 2 as 'very dissimilar', 3 as 'likely dissimilar', 4 as 'neutral', 5 as 'likely similar', 6 as 'very similar', and 7 as 'extremely similar': How semantically similar is Hammer and Snake?",3
Hammer|Toad,"Answer with only one number from 1 to 7, considering 1 as 'extremely dissimilar', 2 as 'very dissimilar', 3 as 'likely dissimilar', 4 as 'neutral', 5 as 'likely similar', 6 as 'very similar', and 7 as 'extremely similar': How semantically similar is Hammer and Toad?",3
Hammer|Tortoise,"Answer with only one number from 1 to 7, considering 1 as 'extremely dissimilar', 2 as 'very dissimilar', 3 as 'likely dissimilar', 4 as 'neutral', 5 as 'likely similar', 6 as 'very similar', and 7 as 'extremely similar': How semantically similar is Hammer and Tortoise?",3
Hammer|Turtle,"Answer with only one number from 1 to 7, considering 1 as 'extremely dissimilar', 2 as 'very dissimilar', 3 as 'likely dissimilar', 4 as 'neutral', 5 as 'likely similar', 6 as 'very similar', and 7 as 'extremely similar': How semantically similar is Hammer and Turtle?",3
Hammer|Anvil,"Answer with only one number from 1 to 7, considering 1 as 'extremely dissimilar', 2 as 'very dissimilar', 3 as 'likely dissimilar', 4 as 'neutral', 5 as 'likely similar', 6 as 'very similar', and 7 as 'extremely similar': How semantically similar is Hammer and Anvil?",6
Hammer|Axe,"Answer with only one number from 1 to 7, considering 1 as 'extremely dissimilar', 2 as 'very dissimilar', 3 as 'likely dissimilar', 4 as 'neutral', 5 as 'likely similar', 6 as 'very similar', and 7 as 'extremely similar': How semantically similar is Hammer and Axe?",6
Hammer|Chisel,"Answer with only one number from 1 to 7, considering 1 as 'extremely dissimilar', 2 as 'very dissimilar', 3 as 'likely dissimilar', 4 as 'neutral', 5 as 'likely similar', 6 as 'very similar', and 7 as 'extremely similar': How semantically similar is Hammer and Chisel?",6
Hammer|Grindingdisk,"Answer with only one number from 1 to 7, considering 1 as 'extremely dissimilar', 2 as 'very dissimilar', 3 as 'likely dissimilar', 4 as 'neutral', 5 as 'likely similar', 6 as 'very similar', and 7 as 'extremely similar': How semantically similar is Hammer and Grindingdisk?",3
Hammer|Hammer,"Answer with only one number from 1 to 7, considering 1 as 'extremely dissimilar', 2 as 'very dissimilar', 3 as 'likely dissimilar', 4 as 'neutral', 5 as 'likely similar', 6 as 'very similar', and 7 as 'extremely similar': How semantically similar is Hammer and Hammer?",7
Hammer|Knife,"Answer with only one number from 1 to 7, considering 1 as 'extremely dissimilar', 2 as 'very dissimilar', 3 as 'likely dissimilar', 4 as 'neutral', 5 as 'likely similar', 6 as 'very similar', and 7 as 'extremely similar': How semantically similar is Hammer and Knife?",6
Hammer|LawnMower,"Answer with only one number from 1 to 7, considering 1 as 'extremely dissimilar', 2 as 'very dissimilar', 3 as 'likely dissimilar', 4 as 'neutral', 5 as 'likely similar', 6 as 'very similar', and 7 as 'extremely similar': How semantically similar is Hammer and LawnMower?",6
Hammer|Nail,"Answer with only one number from 1 to 7, considering 1 as 'extremely dissimilar', 2 as 'very dissimilar', 3 as 'likely dissimilar', 4 as 'neutral', 5 as 'likely similar', 6 as 'very similar', and 7 as 'extremely similar': How semantically similar is Hammer and Nail?",6
Hammer|Oilcan,"Answer with only one number from 1 to 7, considering 1 as 'extremely dissimilar', 2 as 'very dissimilar', 3 as 'likely dissimilar', 4 as 'neutral', 5 as 'likely similar', 6 as 'very similar', and 7 as 'extremely similar': How semantically similar is Hammer and Oilcan?",3
Hammer|Paintbrush,"Answer with only one number from 1 to 7, considering 1 as 'extremely dissimilar', 2 as 'very dissimilar', 3 as 'likely dissimilar', 4 as 'neutral', 5 as 'likely similar', 6 as 'very similar', and 7 as 'extremely similar': How semantically similar is Hammer and Paintbrush?",3
Hammer|Saw,"Answer with only one number from 1 to 7, considering 1 as 'extremely dissimilar', 2 as 'very dissimilar', 3 as 'likely dissimilar', 4 as 'neutral', 5 as 'likely similar', 6 as 'very similar', and 7 as 'extremely similar': How semantically similar is Hammer and Saw?",6
Hammer|Screwdriver,"Answer with only one number from 1 to 7, considering 1 as 'extremely dissimilar', 2 as 'very dissimilar', 3 as 'likely dissimilar', 4 as 'neutral', 5 as 'likely similar', 6 as 'very similar', and 7 as 'extremely similar': How semantically similar is Hammer and Screwdriver?",3
Hammer|Shovel,"Answer with only one number from 1 to 7, considering 1 as 'extremely dissimilar', 2 as 'very dissimilar', 3 as 'likely dissimilar', 4 as 'neutral', 5 as 'likely similar', 6 as 'very similar', and 7 as 'extremely similar': How semantically similar is Hammer and Shovel?",6
Hammer|Spanner,"Answer with only one number from 1 to 7, considering 1 as 'extremely dissimilar', 2 as 'very dissimilar', 3 as 'likely dissimilar', 4 as 'neutral', 5 as 'likely similar', 6 as 'very similar', and 7 as 'extremely similar': How semantically similar is Hammer and Spanner?",3
Hammer|Vacuum,"Answer with only one number from 1 to 7, considering 1 as 'extremely dissimilar', 2 as 'very dissimilar', 3 as 'likely dissimilar', 4 as 'neutral', 5 as 'likely similar', 6 as 'very similar', and 7 as 'extremely similar': How semantically similar is Hammer and Vacuum?",3
Knife|Alligator,"Answer with only one number from 1 to 7, considering 1 as 'extremely dissimilar', 2 as 'very dissimilar', 3 as 'likely dissimilar', 4 as 'neutral', 5 as 'likely similar', 6 as 'very similar', and 7 as 'extremely similar': How semantically similar is Knife and Alligator?",2
Knife|Blindworm,"Answer with only one number from 1 to 7, considering 1 as 'extremely dissimilar', 2 as 'very dissimilar', 3 as 'likely dissimilar', 4 as 'neutral', 5 as 'likely similar', 6 as 'very similar', and 7 as 'extremely similar': How semantically similar is Knife and Blindworm?","1

The words ""Knife"" and"
Knife|Boapython,"Answer with only one number from 1 to 7, considering 1 as 'extremely dissimilar', 2 as 'very dissimilar', 3 as 'likely dissimilar', 4 as 'neutral', 5 as 'likely similar', 6 as 'very similar', and 7 as 'extremely similar': How semantically similar is Knife and Boapython?","1

The words ""Knife"" and"
Knife|Caiman,"Answer with only one number from 1 to 7, considering 1 as 'extremely dissimilar', 2 as 'very dissimilar', 3 as 'likely dissimilar', 4 as 'neutral', 5 as 'likely similar', 6 as 'very similar', and 7 as 'extremely similar': How semantically similar is Knife and Caiman?","1

The words ""Knife"" and"
Knife|Chameleon,"Answer with only one number from 1 to 7, considering 1 as 'extremely dissimilar', 2 as 'very dissimilar', 3 as 'likely dissimilar', 4 as 'neutral', 5 as 'likely similar', 6 as 'very similar', and 7 as 'extremely similar': How semantically similar is Knife and Chameleon?","1

The words ""Knife"" and"
Knife|Cobra,"Answer with only one number from 1 to 7, considering 1 as 'extremely dissimilar', 2 as 'very dissimilar', 3 as 'likely dissimilar', 4 as 'neutral', 5 as 'likely similar', 6 as 'very similar', and 7 as 'extremely similar': How semantically similar is Knife and Cobra?",3
Knife|Crocodile,"Answer with only one number from 1 to 7, considering 1 as 'extremely dissimilar', 2 as 'very dissimilar', 3 as 'likely dissimilar', 4 as 'neutral', 5 as 'likely similar', 6 as 'very similar', and 7 as 'extremely similar': How semantically similar is Knife and Crocodile?",3
Knife|Dinosaur,"Answer with only one number from 1 to 7, considering 1 as 'extremely dissimilar', 2 as 'very dissimilar', 3 as 'likely dissimilar', 4 as 'neutral', 5 as 'likely similar', 6 as 'very similar', and 7 as 'extremely similar': How semantically similar is Knife and Dinosaur?","1

The words ""Knife"" and"
Knife|Gecko,"Answer with only one number from 1 to 7, considering 1 as 'extremely dissimilar', 2 as 'very dissimilar', 3 as 'likely dissimilar', 4 as 'neutral', 5 as 'likely similar', 6 as 'very similar', and 7 as 'extremely similar': How semantically similar is Knife and Gecko?",1
Knife|Lizard,"Answer with only one number from 1 to 7, considering 1 as 'extremely dissimilar', 2 as 'very dissimilar', 3 as 'likely dissimilar', 4 as 'neutral', 5 as 'likely similar', 6 as 'very similar', and 7 as 'extremely similar': How semantically similar is Knife and Lizard?",1
Knife|Salamander,"Answer with only one number from 1 to 7, considering 1 as 'extremely dissimilar', 2 as 'very dissimilar', 3 as 'likely dissimilar', 4 as 'neutral', 5 as 'likely similar', 6 as 'very similar', and 7 as 'extremely similar': How semantically similar is Knife and Salamander?",3
Knife|Snake,"Answer with only one number from 1 to 7, considering 1 as 'extremely dissimilar', 2 as 'very dissimilar', 3 as 'likely dissimilar', 4 as 'neutral', 5 as 'likely similar', 6 as 'very similar', and 7 as 'extremely similar': How semantically similar is Knife and Snake?",3
Knife|Toad,"Answer with only one number from 1 to 7, considering 1 as 'extremely dissimilar', 2 as 'very dissimilar', 3 as 'likely dissimilar', 4 as 'neutral', 5 as 'likely similar', 6 as 'very similar', and 7 as 'extremely similar': How semantically similar is Knife and Toad?",3
Knife|Tortoise,"Answer with only one number from 1 to 7, considering 1 as 'extremely dissimilar', 2 as 'very dissimilar', 3 as 'likely dissimilar', 4 as 'neutral', 5 as 'likely similar', 6 as 'very similar', and 7 as 'extremely similar': How semantically similar is Knife and Tortoise?","1

The words ""Knife"" and"
Knife|Turtle,"Answer with only one number from 1 to 7, considering 1 as 'extremely dissimilar', 2 as 'very dissimilar', 3 as 'likely dissimilar', 4 as 'neutral', 5 as 'likely similar', 6 as 'very similar', and 7 as 'extremely similar': How semantically similar is Knife and Turtle?",3
Knife|Anvil,"Answer with only one number from 1 to 7, considering 1 as 'extremely dissimilar', 2 as 'very dissimilar', 3 as 'likely dissimilar', 4 as 'neutral', 5 as 'likely similar', 6 as 'very similar', and 7 as 'extremely similar': How semantically similar is Knife and Anvil?",3
Knife|Axe,"Answer with only one number from 1 to 7, considering 1 as 'extremely dissimilar', 2 as 'very dissimilar', 3 as 'likely dissimilar', 4 as 'neutral', 5 as 'likely similar', 6 as 'very similar', and 7 as 'extremely similar': How semantically similar is Knife and Axe?",5
Knife|Chisel,"Answer with only one number from 1 to 7, considering 1 as 'extremely dissimilar', 2 as 'very dissimilar', 3 as 'likely dissimilar', 4 as 'neutral', 5 as 'likely similar', 6 as 'very similar', and 7 as 'extremely similar': How semantically similar is Knife and Chisel?",6
Knife|Grindingdisk,"Answer with only one number from 1 to 7, considering 1 as 'extremely dissimilar', 2 as 'very dissimilar', 3 as 'likely dissimilar', 4 as 'neutral', 5 as 'likely similar', 6 as 'very similar', and 7 as 'extremely similar': How semantically similar is Knife and Grindingdisk?",3
Knife|Hammer,"Answer with only one number from 1 to 7, considering 1 as 'extremely dissimilar', 2 as 'very dissimilar', 3 as 'likely dissimilar', 4 as 'neutral', 5 as 'likely similar', 6 as 'very similar', and 7 as 'extremely similar': How semantically similar is Knife and Hammer?",3
Knife|Knife,"Answer with only one number from 1 to 7, considering 1 as 'extremely dissimilar', 2 as 'very dissimilar', 3 as 'likely dissimilar', 4 as 'neutral', 5 as 'likely similar', 6 as 'very similar', and 7 as 'extremely similar': How semantically similar is Knife and Knife?",7
Knife|LawnMower,"Answer with only one number from 1 to 7, considering 1 as 'extremely dissimilar', 2 as 'very dissimilar', 3 as 'likely dissimilar', 4 as 'neutral', 5 as 'likely similar', 6 as 'very similar', and 7 as 'extremely similar': How semantically similar is Knife and LawnMower?",3
Knife|Nail,"Answer with only one number from 1 to 7, considering 1 as 'extremely dissimilar', 2 as 'very dissimilar', 3 as 'likely dissimilar', 4 as 'neutral', 5 as 'likely similar', 6 as 'very similar', and 7 as 'extremely similar': How semantically similar is Knife and Nail?",6
Knife|Oilcan,"Answer with only one number from 1 to 7, considering 1 as 'extremely dissimilar', 2 as 'very dissimilar', 3 as 'likely dissimilar', 4 as 'neutral', 5 as 'likely similar', 6 as 'very similar', and 7 as 'extremely similar': How semantically similar is Knife and Oilcan?",3
Knife|Paintbrush,"Answer with only one number from 1 to 7, considering 1 as 'extremely dissimilar', 2 as 'very dissimilar', 3 as 'likely dissimilar', 4 as 'neutral', 5 as 'likely similar', 6 as 'very similar', and 7 as 'extremely similar': How semantically similar is Knife and Paintbrush?",3
Knife|Saw,"Answer with only one number from 1 to 7, considering 1 as 'extremely dissimilar', 2 as 'very dissimilar', 3 as 'likely dissimilar', 4 as 'neutral', 5 as 'likely similar', 6 as 'very similar', and 7 as 'extremely similar': How semantically similar is Knife and Saw?",6
Knife|Screwdriver,"Answer with only one number from 1 to 7, considering 1 as 'extremely dissimilar', 2 as 'very dissimilar', 3 as 'likely dissimilar', 4 as 'neutral', 5 as 'likely similar', 6 as 'very similar', and 7 as 'extremely similar': How semantically similar is Knife and Screwdriver?",3
Knife|Shovel,"Answer with only one number from 1 to 7, considering 1 as 'extremely dissimilar', 2 as 'very dissimilar', 3 as 'likely dissimilar', 4 as 'neutral', 5 as 'likely similar', 6 as 'very similar', and 7 as 'extremely similar': How semantically similar is Knife and Shovel?",3
Knife|Spanner,"Answer with only one number from 1 to 7, considering 1 as 'extremely dissimilar', 2 as 'very dissimilar', 3 as 'likely dissimilar', 4 as 'neutral', 5 as 'likely similar', 6 as 'very similar', and 7 as 'extremely similar': How semantically similar is Knife and Spanner?",3
Knife|Vacuum,"Answer with only one number from 1 to 7, considering 1 as 'extremely dissimilar', 2 as 'very dissimilar', 3 as 'likely dissimilar', 4 as 'neutral', 5 as 'likely similar', 6 as 'very similar', and 7 as 'extremely similar': How semantically similar is Knife and Vacuum?",3
LawnMower|Alligator,"Answer with only one number from 1 to 7, considering 1 as 'extremely dissimilar', 2 as 'very dissimilar', 3 as 'likely dissimilar', 4 as 'neutral', 5 as 'likely similar', 6 as 'very similar', and 7 as 'extremely similar': How semantically similar is LawnMower and Alligator?","1

LawnMower and All"
LawnMower|Blindworm,"Answer with only one number from 1 to 7, considering 1 as 'extremely dissimilar', 2 as 'very dissimilar', 3 as 'likely dissimilar', 4 as 'neutral', 5 as 'likely similar', 6 as 'very similar', and 7 as 'extremely similar': How semantically similar is LawnMower and Blindworm?","1

LawnMower and Blind"
LawnMower|Boapython,"Answer with only one number from 1 to 7, considering 1 as 'extremely dissimilar', 2 as 'very dissimilar', 3 as 'likely dissimilar', 4 as 'neutral', 5 as 'likely similar', 6 as 'very similar', and 7 as 'extremely similar': How semantically similar is LawnMower and Boapython?","1

LawnMower and Bo"
LawnMower|Caiman,"Answer with only one number from 1 to 7, considering 1 as 'extremely dissimilar', 2 as 'very dissimilar', 3 as 'likely dissimilar', 4 as 'neutral', 5 as 'likely similar', 6 as 'very similar', and 7 as 'extremely similar': How semantically similar is LawnMower and Caiman?","1

LawnMower and C"
LawnMower|Chameleon,"Answer with only one number from 1 to 7, considering 1 as 'extremely dissimilar', 2 as 'very dissimilar', 3 as 'likely dissimilar', 4 as 'neutral', 5 as 'likely similar', 6 as 'very similar', and 7 as 'extremely similar': How semantically similar is LawnMower and Chameleon?","1

The words ""LawnM"
LawnMower|Cobra,"Answer with only one number from 1 to 7, considering 1 as 'extremely dissimilar', 2 as 'very dissimilar', 3 as 'likely dissimilar', 4 as 'neutral', 5 as 'likely similar', 6 as 'very similar', and 7 as 'extremely similar': How semantically similar is LawnMower and Cobra?",3
LawnMower|Crocodile,"Answer with only one number from 1 to 7, considering 1 as 'extremely dissimilar', 2 as 'very dissimilar', 3 as 'likely dissimilar', 4 as 'neutral', 5 as 'likely similar', 6 as 'very similar', and 7 as 'extremely similar': How semantically similar is LawnMower and Crocodile?",1
LawnMower|Dinosaur,"Answer with only one number from 1 to 7, considering 1 as 'extremely dissimilar', 2 as 'very dissimilar', 3 as 'likely dissimilar', 4 as 'neutral', 5 as 'likely similar', 6 as 'very similar', and 7 as 'extremely similar': How semantically similar is LawnMower and Dinosaur?","1

LawnMower and D"
LawnMower|Gecko,"Answer with only one number from 1 to 7, considering 1 as 'extremely dissimilar', 2 as 'very dissimilar', 3 as 'likely dissimilar', 4 as 'neutral', 5 as 'likely similar', 6 as 'very similar', and 7 as 'extremely similar': How semantically similar is LawnMower and Gecko?","1

The words ""LawnM"
LawnMower|Lizard,"Answer with only one number from 1 to 7, considering 1 as 'extremely dissimilar', 2 as 'very dissimilar', 3 as 'likely dissimilar', 4 as 'neutral', 5 as 'likely similar', 6 as 'very similar', and 7 as 'extremely similar': How semantically similar is LawnMower and Lizard?",1
LawnMower|Salamander,"Answer with only one number from 1 to 7, considering 1 as 'extremely dissimilar', 2 as 'very dissimilar', 3 as 'likely dissimilar', 4 as 'neutral', 5 as 'likely similar', 6 as 'very similar', and 7 as 'extremely similar': How semantically similar is LawnMower and Salamander?",3
LawnMower|Snake,"Answer with only one number from 1 to 7, considering 1 as 'extremely dissimilar', 2 as 'very dissimilar', 3 as 'likely dissimilar', 4 as 'neutral', 5 as 'likely similar', 6 as 'very similar', and 7 as 'extremely similar': How semantically similar is LawnMower and Snake?",3
LawnMower|Toad,"Answer with only one number from 1 to 7, considering 1 as 'extremely dissimilar', 2 as 'very dissimilar', 3 as 'likely dissimilar', 4 as 'neutral', 5 as 'likely similar', 6 as 'very similar', and 7 as 'extremely similar': How semantically similar is LawnMower and Toad?",3
LawnMower|Tortoise,"Answer with only one number from 1 to 7, considering 1 as 'extremely dissimilar', 2 as 'very dissimilar', 3 as 'likely dissimilar', 4 as 'neutral', 5 as 'likely similar', 6 as 'very similar', and 7 as 'extremely similar': How semantically similar is LawnMower and Tortoise?",3
LawnMower|Turtle,"Answer with only one number from 1 to 7, considering 1 as 'extremely dissimilar', 2 as 'very dissimilar', 3 as 'likely dissimilar', 4 as 'neutral', 5 as 'likely similar', 6 as 'very similar', and 7 as 'extremely similar': How semantically similar is LawnMower and Turtle?",3
LawnMower|Anvil,"Answer with only one number from 1 to 7, considering 1 as 'extremely dissimilar', 2 as 'very dissimilar', 3 as 'likely dissimilar', 4 as 'neutral', 5 as 'likely similar', 6 as 'very similar', and 7 as 'extremely similar': How semantically similar is LawnMower and Anvil?",3
LawnMower|Axe,"Answer with only one number from 1 to 7, considering 1 as 'extremely dissimilar', 2 as 'very dissimilar', 3 as 'likely dissimilar', 4 as 'neutral', 5 as 'likely similar', 6 as 'very similar', and 7 as 'extremely similar': How semantically similar is LawnMower and Axe?",3
LawnMower|Chisel,"Answer with only one number from 1 to 7, considering 1 as 'extremely dissimilar', 2 as 'very dissimilar', 3 as 'likely dissimilar', 4 as 'neutral', 5 as 'likely similar', 6 as 'very similar', and 7 as 'extremely similar': How semantically similar is LawnMower and Chisel?",3
LawnMower|Grindingdisk,"Answer with only one number from 1 to 7, considering 1 as 'extremely dissimilar', 2 as 'very dissimilar', 3 as 'likely dissimilar', 4 as 'neutral', 5 as 'likely similar', 6 as 'very similar', and 7 as 'extremely similar': How semantically similar is LawnMower and Grindingdisk?",3
LawnMower|Hammer,"Answer with only one number from 1 to 7, considering 1 as 'extremely dissimilar', 2 as 'very dissimilar', 3 as 'likely dissimilar', 4 as 'neutral', 5 as 'likely similar', 6 as 'very similar', and 7 as 'extremely similar': How semantically similar is LawnMower and Hammer?",3
LawnMower|Knife,"Answer with only one number from 1 to 7, considering 1 as 'extremely dissimilar', 2 as 'very dissimilar', 3 as 'likely dissimilar', 4 as 'neutral', 5 as 'likely similar', 6 as 'very similar', and 7 as 'extremely similar': How semantically similar is LawnMower and Knife?",3
LawnMower|LawnMower,"Answer with only one number from 1 to 7, considering 1 as 'extremely dissimilar', 2 as 'very dissimilar', 3 as 'likely dissimilar', 4 as 'neutral', 5 as 'likely similar', 6 as 'very similar', and 7 as 'extremely similar': How semantically similar is LawnMower and LawnMower?",7
LawnMower|Nail,"Answer with only one number from 1 to 7, considering 1 as 'extremely dissimilar', 2 as 'very dissimilar', 3 as 'likely dissimilar', 4 as 'neutral', 5 as 'likely similar', 6 as 'very similar', and 7 as 'extremely similar': How semantically similar is LawnMower and Nail?",3
LawnMower|Oilcan,"Answer with only one number from 1 to 7, considering 1 as 'extremely dissimilar', 2 as 'very dissimilar', 3 as 'likely dissimilar', 4 as 'neutral', 5 as 'likely similar', 6 as 'very similar', and 7 as 'extremely similar': How semantically similar is LawnMower and Oilcan?",3
LawnMower|Paintbrush,"Answer with only one number from 1 to 7, considering 1 as 'extremely dissimilar', 2 as 'very dissimilar', 3 as 'likely dissimilar', 4 as 'neutral', 5 as 'likely similar', 6 as 'very similar', and 7 as 'extremely similar': How semantically similar is LawnMower and Paintbrush?",3
LawnMower|Saw,"Answer with only one number from 1 to 7, considering 1 as 'extremely dissimilar', 2 as 'very dissimilar', 3 as 'likely dissimilar', 4 as 'neutral', 5 as 'likely similar', 6 as 'very similar', and 7 as 'extremely similar': How semantically similar is LawnMower and Saw?",3
LawnMower|Screwdriver,"Answer with only one number from 1 to 7, considering 1 as 'extremely dissimilar', 2 as 'very dissimilar', 3 as 'likely dissimilar', 4 as 'neutral', 5 as 'likely similar', 6 as 'very similar', and 7 as 'extremely similar': How semantically similar is LawnMower and Screwdriver?",3
LawnMower|Shovel,"Answer with only one number from 1 to 7, considering 1 as 'extremely dissimilar', 2 as 'very dissimilar', 3 as 'likely dissimilar', 4 as 'neutral', 5 as 'likely similar', 6 as 'very similar', and 7 as 'extremely similar': How semantically similar is LawnMower and Shovel?",3
LawnMower|Spanner,"Answer with only one number from 1 to 7, considering 1 as 'extremely dissimilar', 2 as 'very dissimilar', 3 as 'likely dissimilar', 4 as 'neutral', 5 as 'likely similar', 6 as 'very similar', and 7 as 'extremely similar': How semantically similar is LawnMower and Spanner?",3
LawnMower|Vacuum,"Answer with only one number from 1 to 7, considering 1 as 'extremely dissimilar', 2 as 'very dissimilar', 3 as 'likely dissimilar', 4 as 'neutral', 5 as 'likely similar', 6 as 'very similar', and 7 as 'extremely similar': How semantically similar is LawnMower and Vacuum?",3
Nail|Alligator,"Answer with only one number from 1 to 7, considering 1 as 'extremely dissimilar', 2 as 'very dissimilar', 3 as 'likely dissimilar', 4 as 'neutral', 5 as 'likely similar', 6 as 'very similar', and 7 as 'extremely similar': How semantically similar is Nail and Alligator?",2
Nail|Blindworm,"Answer with only one number from 1 to 7, considering 1 as 'extremely dissimilar', 2 as 'very dissimilar', 3 as 'likely dissimilar', 4 as 'neutral', 5 as 'likely similar', 6 as 'very similar', and 7 as 'extremely similar': How semantically similar is Nail and Blindworm?","1

Nail and Blindworm are"
Nail|Boapython,"Answer with only one number from 1 to 7, considering 1 as 'extremely dissimilar', 2 as 'very dissimilar', 3 as 'likely dissimilar', 4 as 'neutral', 5 as 'likely similar', 6 as 'very similar', and 7 as 'extremely similar': How semantically similar is Nail and Boapython?","1

Nail and Boapython"
Nail|Caiman,"Answer with only one number from 1 to 7, considering 1 as 'extremely dissimilar', 2 as 'very dissimilar', 3 as 'likely dissimilar', 4 as 'neutral', 5 as 'likely similar', 6 as 'very similar', and 7 as 'extremely similar': How semantically similar is Nail and Caiman?","1

Nail and Caiman"
Nail|Chameleon,"Answer with only one number from 1 to 7, considering 1 as 'extremely dissimilar', 2 as 'very dissimilar', 3 as 'likely dissimilar', 4 as 'neutral', 5 as 'likely similar', 6 as 'very similar', and 7 as 'extremely similar': How semantically similar is Nail and Chameleon?","1

Nail and Chameleon are"
Nail|Cobra,"Answer with only one number from 1 to 7, considering 1 as 'extremely dissimilar', 2 as 'very dissimilar', 3 as 'likely dissimilar', 4 as 'neutral', 5 as 'likely similar', 6 as 'very similar', and 7 as 'extremely similar': How semantically similar is Nail and Cobra?",3
Nail|Crocodile,"Answer with only one number from 1 to 7, considering 1 as 'extremely dissimilar', 2 as 'very dissimilar', 3 as 'likely dissimilar', 4 as 'neutral', 5 as 'likely similar', 6 as 'very similar', and 7 as 'extremely similar': How semantically similar is Nail and Crocodile?",2
Nail|Dinosaur,"Answer with only one number from 1 to 7, considering 1 as 'extremely dissimilar', 2 as 'very dissimilar', 3 as 'likely dissimilar', 4 as 'neutral', 5 as 'likely similar', 6 as 'very similar', and 7 as 'extremely similar': How semantically similar is Nail and Dinosaur?",2
Nail|Gecko,"Answer with only one number from 1 to 7, considering 1 as 'extremely dissimilar', 2 as 'very dissimilar', 3 as 'likely dissimilar', 4 as 'neutral', 5 as 'likely similar', 6 as 'very similar', and 7 as 'extremely similar': How semantically similar is Nail and Gecko?",3
Nail|Lizard,"Answer with only one number from 1 to 7, considering 1 as 'extremely dissimilar', 2 as 'very dissimilar', 3 as 'likely dissimilar', 4 as 'neutral', 5 as 'likely similar', 6 as 'very similar', and 7 as 'extremely similar': How semantically similar is Nail and Lizard?",2
Nail|Salamander,"Answer with only one number from 1 to 7, considering 1 as 'extremely dissimilar', 2 as 'very dissimilar', 3 as 'likely dissimilar', 4 as 'neutral', 5 as 'likely similar', 6 as 'very similar', and 7 as 'extremely similar': How semantically similar is Nail and Salamander?",3
Nail|Snake,"Answer with only one number from 1 to 7, considering 1 as 'extremely dissimilar', 2 as 'very dissimilar', 3 as 'likely dissimilar', 4 as 'neutral', 5 as 'likely similar', 6 as 'very similar', and 7 as 'extremely similar': How semantically similar is Nail and Snake?",3
Nail|Toad,"Answer with only one number from 1 to 7, considering 1 as 'extremely dissimilar', 2 as 'very dissimilar', 3 as 'likely dissimilar', 4 as 'neutral', 5 as 'likely similar', 6 as 'very similar', and 7 as 'extremely similar': How semantically similar is Nail and Toad?",3
Nail|Tortoise,"Answer with only one number from 1 to 7, considering 1 as 'extremely dissimilar', 2 as 'very dissimilar', 3 as 'likely dissimilar', 4 as 'neutral', 5 as 'likely similar', 6 as 'very similar', and 7 as 'extremely similar': How semantically similar is Nail and Tortoise?",3
Nail|Turtle,"Answer with only one number from 1 to 7, considering 1 as 'extremely dissimilar', 2 as 'very dissimilar', 3 as 'likely dissimilar', 4 as 'neutral', 5 as 'likely similar', 6 as 'very similar', and 7 as 'extremely similar': How semantically similar is Nail and Turtle?",3
Nail|Anvil,"Answer with only one number from 1 to 7, considering 1 as 'extremely dissimilar', 2 as 'very dissimilar', 3 as 'likely dissimilar', 4 as 'neutral', 5 as 'likely similar', 6 as 'very similar', and 7 as 'extremely similar': How semantically similar is Nail and Anvil?",3
Nail|Axe,"Answer with only one number from 1 to 7, considering 1 as 'extremely dissimilar', 2 as 'very dissimilar', 3 as 'likely dissimilar', 4 as 'neutral', 5 as 'likely similar', 6 as 'very similar', and 7 as 'extremely similar': How semantically similar is Nail and Axe?",3
Nail|Chisel,"Answer with only one number from 1 to 7, considering 1 as 'extremely dissimilar', 2 as 'very dissimilar', 3 as 'likely dissimilar', 4 as 'neutral', 5 as 'likely similar', 6 as 'very similar', and 7 as 'extremely similar': How semantically similar is Nail and Chisel?",6
Nail|Grindingdisk,"Answer with only one number from 1 to 7, considering 1 as 'extremely dissimilar', 2 as 'very dissimilar', 3 as 'likely dissimilar', 4 as 'neutral', 5 as 'likely similar', 6 as 'very similar', and 7 as 'extremely similar': How semantically similar is Nail and Grindingdisk?",3
Nail|Hammer,"Answer with only one number from 1 to 7, considering 1 as 'extremely dissimilar', 2 as 'very dissimilar', 3 as 'likely dissimilar', 4 as 'neutral', 5 as 'likely similar', 6 as 'very similar', and 7 as 'extremely similar': How semantically similar is Nail and Hammer?",6
Nail|Knife,"Answer with only one number from 1 to 7, considering 1 as 'extremely dissimilar', 2 as 'very dissimilar', 3 as 'likely dissimilar', 4 as 'neutral', 5 as 'likely similar', 6 as 'very similar', and 7 as 'extremely similar': How semantically similar is Nail and Knife?",6
Nail|LawnMower,"Answer with only one number from 1 to 7, considering 1 as 'extremely dissimilar', 2 as 'very dissimilar', 3 as 'likely dissimilar', 4 as 'neutral', 5 as 'likely similar', 6 as 'very similar', and 7 as 'extremely similar': How semantically similar is Nail and LawnMower?",3
Nail|Nail,"Answer with only one number from 1 to 7, considering 1 as 'extremely dissimilar', 2 as 'very dissimilar', 3 as 'likely dissimilar', 4 as 'neutral', 5 as 'likely similar', 6 as 'very similar', and 7 as 'extremely similar': How semantically similar is Nail and Nail?",7
Nail|Oilcan,"Answer with only one number from 1 to 7, considering 1 as 'extremely dissimilar', 2 as 'very dissimilar', 3 as 'likely dissimilar', 4 as 'neutral', 5 as 'likely similar', 6 as 'very similar', and 7 as 'extremely similar': How semantically similar is Nail and Oilcan?",3
Nail|Paintbrush,"Answer with only one number from 1 to 7, considering 1 as 'extremely dissimilar', 2 as 'very dissimilar', 3 as 'likely dissimilar', 4 as 'neutral', 5 as 'likely similar', 6 as 'very similar', and 7 as 'extremely similar': How semantically similar is Nail and Paintbrush?",3
Nail|Saw,"Answer with only one number from 1 to 7, considering 1 as 'extremely dissimilar', 2 as 'very dissimilar', 3 as 'likely dissimilar', 4 as 'neutral', 5 as 'likely similar', 6 as 'very similar', and 7 as 'extremely similar': How semantically similar is Nail and Saw?",3
Nail|Screwdriver,"Answer with only one number from 1 to 7, considering 1 as 'extremely dissimilar', 2 as 'very dissimilar', 3 as 'likely dissimilar', 4 as 'neutral', 5 as 'likely similar', 6 as 'very similar', and 7 as 'extremely similar': How semantically similar is Nail and Screwdriver?",3
Nail|Shovel,"Answer with only one number from 1 to 7, considering 1 as 'extremely dissimilar', 2 as 'very dissimilar', 3 as 'likely dissimilar', 4 as 'neutral', 5 as 'likely similar', 6 as 'very similar', and 7 as 'extremely similar': How semantically similar is Nail and Shovel?",3
Nail|Spanner,"Answer with only one number from 1 to 7, considering 1 as 'extremely dissimilar', 2 as 'very dissimilar', 3 as 'likely dissimilar', 4 as 'neutral', 5 as 'likely similar', 6 as 'very similar', and 7 as 'extremely similar': How semantically similar is Nail and Spanner?",3
Nail|Vacuum,"Answer with only one number from 1 to 7, considering 1 as 'extremely dissimilar', 2 as 'very dissimilar', 3 as 'likely dissimilar', 4 as 'neutral', 5 as 'likely similar', 6 as 'very similar', and 7 as 'extremely similar': How semantically similar is Nail and Vacuum?",3
Oilcan|Alligator,"Answer with only one number from 1 to 7, considering 1 as 'extremely dissimilar', 2 as 'very dissimilar', 3 as 'likely dissimilar', 4 as 'neutral', 5 as 'likely similar', 6 as 'very similar', and 7 as 'extremely similar': How semantically similar is Oilcan and Alligator?",2
Oilcan|Blindworm,"Answer with only one number from 1 to 7, considering 1 as 'extremely dissimilar', 2 as 'very dissimilar', 3 as 'likely dissimilar', 4 as 'neutral', 5 as 'likely similar', 6 as 'very similar', and 7 as 'extremely similar': How semantically similar is Oilcan and Blindworm?",3
Oilcan|Boapython,"Answer with only one number from 1 to 7, considering 1 as 'extremely dissimilar', 2 as 'very dissimilar', 3 as 'likely dissimilar', 4 as 'neutral', 5 as 'likely similar', 6 as 'very similar', and 7 as 'extremely similar': How semantically similar is Oilcan and Boapython?","1

Oilcan and Boapython"
Oilcan|Caiman,"Answer with only one number from 1 to 7, considering 1 as 'extremely dissimilar', 2 as 'very dissimilar', 3 as 'likely dissimilar', 4 as 'neutral', 5 as 'likely similar', 6 as 'very similar', and 7 as 'extremely similar': How semantically similar is Oilcan and Caiman?","1

Oilcan and Caiman"
Oilcan|Chameleon,"Answer with only one number from 1 to 7, considering 1 as 'extremely dissimilar', 2 as 'very dissimilar', 3 as 'likely dissimilar', 4 as 'neutral', 5 as 'likely similar', 6 as 'very similar', and 7 as 'extremely similar': How semantically similar is Oilcan and Chameleon?",2
Oilcan|Cobra,"Answer with only one number from 1 to 7, considering 1 as 'extremely dissimilar', 2 as 'very dissimilar', 3 as 'likely dissimilar', 4 as 'neutral', 5 as 'likely similar', 6 as 'very similar', and 7 as 'extremely similar': How semantically similar is Oilcan and Cobra?",3
Oilcan|Crocodile,"Answer with only one number from 1 to 7, considering 1 as 'extremely dissimilar', 2 as 'very dissimilar', 3 as 'likely dissimilar', 4 as 'neutral', 5 as 'likely similar', 6 as 'very similar', and 7 as 'extremely similar': How semantically similar is Oilcan and Crocodile?","1

Oilcan and Crocodile are"
Oilcan|Dinosaur,"Answer with only one number from 1 to 7, considering 1 as 'extremely dissimilar', 2 as 'very dissimilar', 3 as 'likely dissimilar', 4 as 'neutral', 5 as 'likely similar', 6 as 'very similar', and 7 as 'extremely similar': How semantically similar is Oilcan and Dinosaur?","1

Oilcan and Dinosaur are"
Oilcan|Gecko,"Answer with only one number from 1 to 7, considering 1 as 'extremely dissimilar', 2 as 'very dissimilar', 3 as 'likely dissimilar', 4 as 'neutral', 5 as 'likely similar', 6 as 'very similar', and 7 as 'extremely similar': How semantically similar is Oilcan and Gecko?",3
Oilcan|Lizard,"Answer with only one number from 1 to 7, considering 1 as 'extremely dissimilar', 2 as 'very dissimilar', 3 as 'likely dissimilar', 4 as 'neutral', 5 as 'likely similar', 6 as 'very similar', and 7 as 'extremely similar': How semantically similar is Oilcan and Lizard?",1
Oilcan|Salamander,"Answer with only one number from 1 to 7, considering 1 as 'extremely dissimilar', 2 as 'very dissimilar', 3 as 'likely dissimilar', 4 as 'neutral', 5 as 'likely similar', 6 as 'very similar', and 7 as 'extremely similar': How semantically similar is Oilcan and Salamander?",3
Oilcan|Snake,"Answer with only one number from 1 to 7, considering 1 as 'extremely dissimilar', 2 as 'very dissimilar', 3 as 'likely dissimilar', 4 as 'neutral', 5 as 'likely similar', 6 as 'very similar', and 7 as 'extremely similar': How semantically similar is Oilcan and Snake?",3
Oilcan|Toad,"Answer with only one number from 1 to 7, considering 1 as 'extremely dissimilar', 2 as 'very dissimilar', 3 as 'likely dissimilar', 4 as 'neutral', 5 as 'likely similar', 6 as 'very similar', and 7 as 'extremely similar': How semantically similar is Oilcan and Toad?",3
Oilcan|Tortoise,"Answer with only one number from 1 to 7, considering 1 as 'extremely dissimilar', 2 as 'very dissimilar', 3 as 'likely dissimilar', 4 as 'neutral', 5 as 'likely similar', 6 as 'very similar', and 7 as 'extremely similar': How semantically similar is Oilcan and Tortoise?",3
Oilcan|Turtle,"Answer with only one number from 1 to 7, considering 1 as 'extremely dissimilar', 2 as 'very dissimilar', 3 as 'likely dissimilar', 4 as 'neutral', 5 as 'likely similar', 6 as 'very similar', and 7 as 'extremely similar': How semantically similar is Oilcan and Turtle?",3
Oilcan|Anvil,"Answer with only one number from 1 to 7, considering 1 as 'extremely dissimilar', 2 as 'very dissimilar', 3 as 'likely dissimilar', 4 as 'neutral', 5 as 'likely similar', 6 as 'very similar', and 7 as 'extremely similar': How semantically similar is Oilcan and Anvil?",3
Oilcan|Axe,"Answer with only one number from 1 to 7, considering 1 as 'extremely dissimilar', 2 as 'very dissimilar', 3 as 'likely dissimilar', 4 as 'neutral', 5 as 'likely similar', 6 as 'very similar', and 7 as 'extremely similar': How semantically similar is Oilcan and Axe?",3
Oilcan|Chisel,"Answer with only one number from 1 to 7, considering 1 as 'extremely dissimilar', 2 as 'very dissimilar', 3 as 'likely dissimilar', 4 as 'neutral', 5 as 'likely similar', 6 as 'very similar', and 7 as 'extremely similar': How semantically similar is Oilcan and Chisel?",3
Oilcan|Grindingdisk,"Answer with only one number from 1 to 7, considering 1 as 'extremely dissimilar', 2 as 'very dissimilar', 3 as 'likely dissimilar', 4 as 'neutral', 5 as 'likely similar', 6 as 'very similar', and 7 as 'extremely similar': How semantically similar is Oilcan and Grindingdisk?",3
Oilcan|Hammer,"Answer with only one number from 1 to 7, considering 1 as 'extremely dissimilar', 2 as 'very dissimilar', 3 as 'likely dissimilar', 4 as 'neutral', 5 as 'likely similar', 6 as 'very similar', and 7 as 'extremely similar': How semantically similar is Oilcan and Hammer?",3
Oilcan|Knife,"Answer with only one number from 1 to 7, considering 1 as 'extremely dissimilar', 2 as 'very dissimilar', 3 as 'likely dissimilar', 4 as 'neutral', 5 as 'likely similar', 6 as 'very similar', and 7 as 'extremely similar': How semantically similar is Oilcan and Knife?",3
Oilcan|LawnMower,"Answer with only one number from 1 to 7, considering 1 as 'extremely dissimilar', 2 as 'very dissimilar', 3 as 'likely dissimilar', 4 as 'neutral', 5 as 'likely similar', 6 as 'very similar', and 7 as 'extremely similar': How semantically similar is Oilcan and LawnMower?",3
Oilcan|Nail,"Answer with only one number from 1 to 7, considering 1 as 'extremely dissimilar', 2 as 'very dissimilar', 3 as 'likely dissimilar', 4 as 'neutral', 5 as 'likely similar', 6 as 'very similar', and 7 as 'extremely similar': How semantically similar is Oilcan and Nail?",3
Oilcan|Oilcan,"Answer with only one number from 1 to 7, considering 1 as 'extremely dissimilar', 2 as 'very dissimilar', 3 as 'likely dissimilar', 4 as 'neutral', 5 as 'likely similar', 6 as 'very similar', and 7 as 'extremely similar': How semantically similar is Oilcan and Oilcan?",7
Oilcan|Paintbrush,"Answer with only one number from 1 to 7, considering 1 as 'extremely dissimilar', 2 as 'very dissimilar', 3 as 'likely dissimilar', 4 as 'neutral', 5 as 'likely similar', 6 as 'very similar', and 7 as 'extremely similar': How semantically similar is Oilcan and Paintbrush?",3
Oilcan|Saw,"Answer with only one number from 1 to 7, considering 1 as 'extremely dissimilar', 2 as 'very dissimilar', 3 as 'likely dissimilar', 4 as 'neutral', 5 as 'likely similar', 6 as 'very similar', and 7 as 'extremely similar': How semantically similar is Oilcan and Saw?",3
Oilcan|Screwdriver,"Answer with only one number from 1 to 7, considering 1 as 'extremely dissimilar', 2 as 'very dissimilar', 3 as 'likely dissimilar', 4 as 'neutral', 5 as 'likely similar', 6 as 'very similar', and 7 as 'extremely similar': How semantically similar is Oilcan and Screwdriver?",3
Oilcan|Shovel,"Answer with only one number from 1 to 7, considering 1 as 'extremely dissimilar', 2 as 'very dissimilar', 3 as 'likely dissimilar', 4 as 'neutral', 5 as 'likely similar', 6 as 'very similar', and 7 as 'extremely similar': How semantically similar is Oilcan and Shovel?",3
Oilcan|Spanner,"Answer with only one number from 1 to 7, considering 1 as 'extremely dissimilar', 2 as 'very dissimilar', 3 as 'likely dissimilar', 4 as 'neutral', 5 as 'likely similar', 6 as 'very similar', and 7 as 'extremely similar': How semantically similar is Oilcan and Spanner?",3
Oilcan|Vacuum,"Answer with only one number from 1 to 7, considering 1 as 'extremely dissimilar', 2 as 'very dissimilar', 3 as 'likely dissimilar', 4 as 'neutral', 5 as 'likely similar', 6 as 'very similar', and 7 as 'extremely similar': How semantically similar is Oilcan and Vacuum?",3
Paintbrush|Alligator,"Answer with only one number from 1 to 7, considering 1 as 'extremely dissimilar', 2 as 'very dissimilar', 3 as 'likely dissimilar', 4 as 'neutral', 5 as 'likely similar', 6 as 'very similar', and 7 as 'extremely similar': How semantically similar is Paintbrush and Alligator?","1

The words ""Paintbrush"""
Paintbrush|Blindworm,"Answer with only one number from 1 to 7, considering 1 as 'extremely dissimilar', 2 as 'very dissimilar', 3 as 'likely dissimilar', 4 as 'neutral', 5 as 'likely similar', 6 as 'very similar', and 7 as 'extremely similar': How semantically similar is Paintbrush and Blindworm?","1

The words ""Paintbrush"""
Paintbrush|Boapython,"Answer with only one number from 1 to 7, considering 1 as 'extremely dissimilar', 2 as 'very dissimilar', 3 as 'likely dissimilar', 4 as 'neutral', 5 as 'likely similar', 6 as 'very similar', and 7 as 'extremely similar': How semantically similar is Paintbrush and Boapython?","1

Paintbrush and Boapython"
Paintbrush|Caiman,"Answer with only one number from 1 to 7, considering 1 as 'extremely dissimilar', 2 as 'very dissimilar', 3 as 'likely dissimilar', 4 as 'neutral', 5 as 'likely similar', 6 as 'very similar', and 7 as 'extremely similar': How semantically similar is Paintbrush and Caiman?","1

The words ""Paintbrush"""
Paintbrush|Chameleon,"Answer with only one number from 1 to 7, considering 1 as 'extremely dissimilar', 2 as 'very dissimilar', 3 as 'likely dissimilar', 4 as 'neutral', 5 as 'likely similar', 6 as 'very similar', and 7 as 'extremely similar': How semantically similar is Paintbrush and Chameleon?",3
Paintbrush|Cobra,"Answer with only one number from 1 to 7, considering 1 as 'extremely dissimilar', 2 as 'very dissimilar', 3 as 'likely dissimilar', 4 as 'neutral', 5 as 'likely similar', 6 as 'very similar', and 7 as 'extremely similar': How semantically similar is Paintbrush and Cobra?",3
Paintbrush|Crocodile,"Answer with only one number from 1 to 7, considering 1 as 'extremely dissimilar', 2 as 'very dissimilar', 3 as 'likely dissimilar', 4 as 'neutral', 5 as 'likely similar', 6 as 'very similar', and 7 as 'extremely similar': How semantically similar is Paintbrush and Crocodile?",1
Paintbrush|Dinosaur,"Answer with only one number from 1 to 7, considering 1 as 'extremely dissimilar', 2 as 'very dissimilar', 3 as 'likely dissimilar', 4 as 'neutral', 5 as 'likely similar', 6 as 'very similar', and 7 as 'extremely similar': How semantically similar is Paintbrush and Dinosaur?","1

The words ""Paintbrush"""
Paintbrush|Gecko,"Answer with only one number from 1 to 7, considering 1 as 'extremely dissimilar', 2 as 'very dissimilar', 3 as 'likely dissimilar', 4 as 'neutral', 5 as 'likely similar', 6 as 'very similar', and 7 as 'extremely similar': How semantically similar is Paintbrush and Gecko?",3
Paintbrush|Lizard,"Answer with only one number from 1 to 7, considering 1 as 'extremely dissimilar', 2 as 'very dissimilar', 3 as 'likely dissimilar', 4 as 'neutral', 5 as 'likely similar', 6 as 'very similar', and 7 as 'extremely similar': How semantically similar is Paintbrush and Lizard?","1

The words ""Paintbrush"""
Paintbrush|Salamander,"Answer with only one number from 1 to 7, considering 1 as 'extremely dissimilar', 2 as 'very dissimilar', 3 as 'likely dissimilar', 4 as 'neutral', 5 as 'likely similar', 6 as 'very similar', and 7 as 'extremely similar': How semantically similar is Paintbrush and Salamander?","1

The words 'Paintbrush'"
Paintbrush|Snake,"Answer with only one number from 1 to 7, considering 1 as 'extremely dissimilar', 2 as 'very dissimilar', 3 as 'likely dissimilar', 4 as 'neutral', 5 as 'likely similar', 6 as 'very similar', and 7 as 'extremely similar': How semantically similar is Paintbrush and Snake?",3
Paintbrush|Toad,"Answer with only one number from 1 to 7, considering 1 as 'extremely dissimilar', 2 as 'very dissimilar', 3 as 'likely dissimilar', 4 as 'neutral', 5 as 'likely similar', 6 as 'very similar', and 7 as 'extremely similar': How semantically similar is Paintbrush and Toad?","1

The words ""Paintbrush"""
Paintbrush|Tortoise,"Answer with only one number from 1 to 7, considering 1 as 'extremely dissimilar', 2 as 'very dissimilar', 3 as 'likely dissimilar', 4 as 'neutral', 5 as 'likely similar', 6 as 'very similar', and 7 as 'extremely similar': How semantically similar is Paintbrush and Tortoise?","1

The words ""Paintbrush"""
Paintbrush|Turtle,"Answer with only one number from 1 to 7, considering 1 as 'extremely dissimilar', 2 as 'very dissimilar', 3 as 'likely dissimilar', 4 as 'neutral', 5 as 'likely similar', 6 as 'very similar', and 7 as 'extremely similar': How semantically similar is Paintbrush and Turtle?",3
Paintbrush|Anvil,"Answer with only one number from 1 to 7, considering 1 as 'extremely dissimilar', 2 as 'very dissimilar', 3 as 'likely dissimilar', 4 as 'neutral', 5 as 'likely similar', 6 as 'very similar', and 7 as 'extremely similar': How semantically similar is Paintbrush and Anvil?","1

The words ""Paintbrush"""
Paintbrush|Axe,"Answer with only one number from 1 to 7, considering 1 as 'extremely dissimilar', 2 as 'very dissimilar', 3 as 'likely dissimilar', 4 as 'neutral', 5 as 'likely similar', 6 as 'very similar', and 7 as 'extremely similar': How semantically similar is Paintbrush and Axe?",3
Paintbrush|Chisel,"Answer with only one number from 1 to 7, considering 1 as 'extremely dissimilar', 2 as 'very dissimilar', 3 as 'likely dissimilar', 4 as 'neutral', 5 as 'likely similar', 6 as 'very similar', and 7 as 'extremely similar': How semantically similar is Paintbrush and Chisel?",3
Paintbrush|Grindingdisk,"Answer with only one number from 1 to 7, considering 1 as 'extremely dissimilar', 2 as 'very dissimilar', 3 as 'likely dissimilar', 4 as 'neutral', 5 as 'likely similar', 6 as 'very similar', and 7 as 'extremely similar': How semantically similar is Paintbrush and Grindingdisk?",3
Paintbrush|Hammer,"Answer with only one number from 1 to 7, considering 1 as 'extremely dissimilar', 2 as 'very dissimilar', 3 as 'likely dissimilar', 4 as 'neutral', 5 as 'likely similar', 6 as 'very similar', and 7 as 'extremely similar': How semantically similar is Paintbrush and Hammer?",3
Paintbrush|Knife,"Answer with only one number from 1 to 7, considering 1 as 'extremely dissimilar', 2 as 'very dissimilar', 3 as 'likely dissimilar', 4 as 'neutral', 5 as 'likely similar', 6 as 'very similar', and 7 as 'extremely similar': How semantically similar is Paintbrush and Knife?",3
Paintbrush|LawnMower,"Answer with only one number from 1 to 7, considering 1 as 'extremely dissimilar', 2 as 'very dissimilar', 3 as 'likely dissimilar', 4 as 'neutral', 5 as 'likely similar', 6 as 'very similar', and 7 as 'extremely similar': How semantically similar is Paintbrush and LawnMower?",3
Paintbrush|Nail,"Answer with only one number from 1 to 7, considering 1 as 'extremely dissimilar', 2 as 'very dissimilar', 3 as 'likely dissimilar', 4 as 'neutral', 5 as 'likely similar', 6 as 'very similar', and 7 as 'extremely similar': How semantically similar is Paintbrush and Nail?",3
Paintbrush|Oilcan,"Answer with only one number from 1 to 7, considering 1 as 'extremely dissimilar', 2 as 'very dissimilar', 3 as 'likely dissimilar', 4 as 'neutral', 5 as 'likely similar', 6 as 'very similar', and 7 as 'extremely similar': How semantically similar is Paintbrush and Oilcan?",3
Paintbrush|Paintbrush,"Answer with only one number from 1 to 7, considering 1 as 'extremely dissimilar', 2 as 'very dissimilar', 3 as 'likely dissimilar', 4 as 'neutral', 5 as 'likely similar', 6 as 'very similar', and 7 as 'extremely similar': How semantically similar is Paintbrush and Paintbrush?",7
Paintbrush|Saw,"Answer with only one number from 1 to 7, considering 1 as 'extremely dissimilar', 2 as 'very dissimilar', 3 as 'likely dissimilar', 4 as 'neutral', 5 as 'likely similar', 6 as 'very similar', and 7 as 'extremely similar': How semantically similar is Paintbrush and Saw?",3
Paintbrush|Screwdriver,"Answer with only one number from 1 to 7, considering 1 as 'extremely dissimilar', 2 as 'very dissimilar', 3 as 'likely dissimilar', 4 as 'neutral', 5 as 'likely similar', 6 as 'very similar', and 7 as 'extremely similar': How semantically similar is Paintbrush and Screwdriver?",3
Paintbrush|Shovel,"Answer with only one number from 1 to 7, considering 1 as 'extremely dissimilar', 2 as 'very dissimilar', 3 as 'likely dissimilar', 4 as 'neutral', 5 as 'likely similar', 6 as 'very similar', and 7 as 'extremely similar': How semantically similar is Paintbrush and Shovel?",3
Paintbrush|Spanner,"Answer with only one number from 1 to 7, considering 1 as 'extremely dissimilar', 2 as 'very dissimilar', 3 as 'likely dissimilar', 4 as 'neutral', 5 as 'likely similar', 6 as 'very similar', and 7 as 'extremely similar': How semantically similar is Paintbrush and Spanner?",3
Paintbrush|Vacuum,"Answer with only one number from 1 to 7, considering 1 as 'extremely dissimilar', 2 as 'very dissimilar', 3 as 'likely dissimilar', 4 as 'neutral', 5 as 'likely similar', 6 as 'very similar', and 7 as 'extremely similar': How semantically similar is Paintbrush and Vacuum?",3
Saw|Alligator,"Answer with only one number from 1 to 7, considering 1 as 'extremely dissimilar', 2 as 'very dissimilar', 3 as 'likely dissimilar', 4 as 'neutral', 5 as 'likely similar', 6 as 'very similar', and 7 as 'extremely similar': How semantically similar is Saw and Alligator?",3
Saw|Blindworm,"Answer with only one number from 1 to 7, considering 1 as 'extremely dissimilar', 2 as 'very dissimilar', 3 as 'likely dissimilar', 4 as 'neutral', 5 as 'likely similar', 6 as 'very similar', and 7 as 'extremely similar': How semantically similar is Saw and Blindworm?","1

The words ""Saw"""
Saw|Boapython,"Answer with only one number from 1 to 7, considering 1 as 'extremely dissimilar', 2 as 'very dissimilar', 3 as 'likely dissimilar', 4 as 'neutral', 5 as 'likely similar', 6 as 'very similar', and 7 as 'extremely similar': How semantically similar is Saw and Boapython?","1

Saw and Boapython"
Saw|Caiman,"Answer with only one number from 1 to 7, considering 1 as 'extremely dissimilar', 2 as 'very dissimilar', 3 as 'likely dissimilar', 4 as 'neutral', 5 as 'likely similar', 6 as 'very similar', and 7 as 'extremely similar': How semantically similar is Saw and Caiman?",3
Saw|Chameleon,"Answer with only one number from 1 to 7, considering 1 as 'extremely dissimilar', 2 as 'very dissimilar', 3 as 'likely dissimilar', 4 as 'neutral', 5 as 'likely similar', 6 as 'very similar', and 7 as 'extremely similar': How semantically similar is Saw and Chameleon?",2
Saw|Cobra,"Answer with only one number from 1 to 7, considering 1 as 'extremely dissimilar', 2 as 'very dissimilar', 3 as 'likely dissimilar', 4 as 'neutral', 5 as 'likely similar', 6 as 'very similar', and 7 as 'extremely similar': How semantically similar is Saw and Cobra?",3
Saw|Crocodile,"Answer with only one number from 1 to 7, considering 1 as 'extremely dissimilar', 2 as 'very dissimilar', 3 as 'likely dissimilar', 4 as 'neutral', 5 as 'likely similar', 6 as 'very similar', and 7 as 'extremely similar': How semantically similar is Saw and Crocodile?",3
Saw|Dinosaur,"Answer with only one number from 1 to 7, considering 1 as 'extremely dissimilar', 2 as 'very dissimilar', 3 as 'likely dissimilar', 4 as 'neutral', 5 as 'likely similar', 6 as 'very similar', and 7 as 'extremely similar': How semantically similar is Saw and Dinosaur?",3
Saw|Gecko,"Answer with only one number from 1 to 7, considering 1 as 'extremely dissimilar', 2 as 'very dissimilar', 3 as 'likely dissimilar', 4 as 'neutral', 5 as 'likely similar', 6 as 'very similar', and 7 as 'extremely similar': How semantically similar is Saw and Gecko?",3
Saw|Lizard,"Answer with only one number from 1 to 7, considering 1 as 'extremely dissimilar', 2 as 'very dissimilar', 3 as 'likely dissimilar', 4 as 'neutral', 5 as 'likely similar', 6 as 'very similar', and 7 as 'extremely similar': How semantically similar is Saw and Lizard?",3
Saw|Salamander,"Answer with only one number from 1 to 7, considering 1 as 'extremely dissimilar', 2 as 'very dissimilar', 3 as 'likely dissimilar', 4 as 'neutral', 5 as 'likely similar', 6 as 'very similar', and 7 as 'extremely similar': How semantically similar is Saw and Salamander?",2
Saw|Snake,"Answer with only one number from 1 to 7, considering 1 as 'extremely dissimilar', 2 as 'very dissimilar', 3 as 'likely dissimilar', 4 as 'neutral', 5 as 'likely similar', 6 as 'very similar', and 7 as 'extremely similar': How semantically similar is Saw and Snake?",3
Saw|Toad,"Answer with only one number from 1 to 7, considering 1 as 'extremely dissimilar', 2 as 'very dissimilar', 3 as 'likely dissimilar', 4 as 'neutral', 5 as 'likely similar', 6 as 'very similar', and 7 as 'extremely similar': How semantically similar is Saw and Toad?",3
Saw|Tortoise,"Answer with only one number from 1 to 7, considering 1 as 'extremely dissimilar', 2 as 'very dissimilar', 3 as 'likely dissimilar', 4 as 'neutral', 5 as 'likely similar', 6 as 'very similar', and 7 as 'extremely similar': How semantically similar is Saw and Tortoise?",3
Saw|Turtle,"Answer with only one number from 1 to 7, considering 1 as 'extremely dissimilar', 2 as 'very dissimilar', 3 as 'likely dissimilar', 4 as 'neutral', 5 as 'likely similar', 6 as 'very similar', and 7 as 'extremely similar': How semantically similar is Saw and Turtle?",3
Saw|Anvil,"Answer with only one number from 1 to 7, considering 1 as 'extremely dissimilar', 2 as 'very dissimilar', 3 as 'likely dissimilar', 4 as 'neutral', 5 as 'likely similar', 6 as 'very similar', and 7 as 'extremely similar': How semantically similar is Saw and Anvil?",3
Saw|Axe,"Answer with only one number from 1 to 7, considering 1 as 'extremely dissimilar', 2 as 'very dissimilar', 3 as 'likely dissimilar', 4 as 'neutral', 5 as 'likely similar', 6 as 'very similar', and 7 as 'extremely similar': How semantically similar is Saw and Axe?",6
Saw|Chisel,"Answer with only one number from 1 to 7, considering 1 as 'extremely dissimilar', 2 as 'very dissimilar', 3 as 'likely dissimilar', 4 as 'neutral', 5 as 'likely similar', 6 as 'very similar', and 7 as 'extremely similar': How semantically similar is Saw and Chisel?",6
Saw|Grindingdisk,"Answer with only one number from 1 to 7, considering 1 as 'extremely dissimilar', 2 as 'very dissimilar', 3 as 'likely dissimilar', 4 as 'neutral', 5 as 'likely similar', 6 as 'very similar', and 7 as 'extremely similar': How semantically similar is Saw and Grindingdisk?",3
Saw|Hammer,"Answer with only one number from 1 to 7, considering 1 as 'extremely dissimilar', 2 as 'very dissimilar', 3 as 'likely dissimilar', 4 as 'neutral', 5 as 'likely similar', 6 as 'very similar', and 7 as 'extremely similar': How semantically similar is Saw and Hammer?",3
Saw|Knife,"Answer with only one number from 1 to 7, considering 1 as 'extremely dissimilar', 2 as 'very dissimilar', 3 as 'likely dissimilar', 4 as 'neutral', 5 as 'likely similar', 6 as 'very similar', and 7 as 'extremely similar': How semantically similar is Saw and Knife?",6
Saw|LawnMower,"Answer with only one number from 1 to 7, considering 1 as 'extremely dissimilar', 2 as 'very dissimilar', 3 as 'likely dissimilar', 4 as 'neutral', 5 as 'likely similar', 6 as 'very similar', and 7 as 'extremely similar': How semantically similar is Saw and LawnMower?",3
Saw|Nail,"Answer with only one number from 1 to 7, considering 1 as 'extremely dissimilar', 2 as 'very dissimilar', 3 as 'likely dissimilar', 4 as 'neutral', 5 as 'likely similar', 6 as 'very similar', and 7 as 'extremely similar': How semantically similar is Saw and Nail?",3
Saw|Oilcan,"Answer with only one number from 1 to 7, considering 1 as 'extremely dissimilar', 2 as 'very dissimilar', 3 as 'likely dissimilar', 4 as 'neutral', 5 as 'likely similar', 6 as 'very similar', and 7 as 'extremely similar': How semantically similar is Saw and Oilcan?",3
Saw|Paintbrush,"Answer with only one number from 1 to 7, considering 1 as 'extremely dissimilar', 2 as 'very dissimilar', 3 as 'likely dissimilar', 4 as 'neutral', 5 as 'likely similar', 6 as 'very similar', and 7 as 'extremely similar': How semantically similar is Saw and Paintbrush?",3
Saw|Saw,"Answer with only one number from 1 to 7, considering 1 as 'extremely dissimilar', 2 as 'very dissimilar', 3 as 'likely dissimilar', 4 as 'neutral', 5 as 'likely similar', 6 as 'very similar', and 7 as 'extremely similar': How semantically similar is Saw and Saw?",7
Saw|Screwdriver,"Answer with only one number from 1 to 7, considering 1 as 'extremely dissimilar', 2 as 'very dissimilar', 3 as 'likely dissimilar', 4 as 'neutral', 5 as 'likely similar', 6 as 'very similar', and 7 as 'extremely similar': How semantically similar is Saw and Screwdriver?",3
Saw|Shovel,"Answer with only one number from 1 to 7, considering 1 as 'extremely dissimilar', 2 as 'very dissimilar', 3 as 'likely dissimilar', 4 as 'neutral', 5 as 'likely similar', 6 as 'very similar', and 7 as 'extremely similar': How semantically similar is Saw and Shovel?",3
Saw|Spanner,"Answer with only one number from 1 to 7, considering 1 as 'extremely dissimilar', 2 as 'very dissimilar', 3 as 'likely dissimilar', 4 as 'neutral', 5 as 'likely similar', 6 as 'very similar', and 7 as 'extremely similar': How semantically similar is Saw and Spanner?",3
Saw|Vacuum,"Answer with only one number from 1 to 7, considering 1 as 'extremely dissimilar', 2 as 'very dissimilar', 3 as 'likely dissimilar', 4 as 'neutral', 5 as 'likely similar', 6 as 'very similar', and 7 as 'extremely similar': How semantically similar is Saw and Vacuum?",3
Screwdriver|Alligator,"Answer with only one number from 1 to 7, considering 1 as 'extremely dissimilar', 2 as 'very dissimilar', 3 as 'likely dissimilar', 4 as 'neutral', 5 as 'likely similar', 6 as 'very similar', and 7 as 'extremely similar': How semantically similar is Screwdriver and Alligator?","1

The words ""Screwdriver"
Screwdriver|Blindworm,"Answer with only one number from 1 to 7, considering 1 as 'extremely dissimilar', 2 as 'very dissimilar', 3 as 'likely dissimilar', 4 as 'neutral', 5 as 'likely similar', 6 as 'very similar', and 7 as 'extremely similar': How semantically similar is Screwdriver and Blindworm?","1

The words ""Screwdriver"
Screwdriver|Boapython,"Answer with only one number from 1 to 7, considering 1 as 'extremely dissimilar', 2 as 'very dissimilar', 3 as 'likely dissimilar', 4 as 'neutral', 5 as 'likely similar', 6 as 'very similar', and 7 as 'extremely similar': How semantically similar is Screwdriver and Boapython?","1

Screwdriver and Boapy"
Screwdriver|Caiman,"Answer with only one number from 1 to 7, considering 1 as 'extremely dissimilar', 2 as 'very dissimilar', 3 as 'likely dissimilar', 4 as 'neutral', 5 as 'likely similar', 6 as 'very similar', and 7 as 'extremely similar': How semantically similar is Screwdriver and Caiman?","1

Screwdriver and Caim"
Screwdriver|Chameleon,"Answer with only one number from 1 to 7, considering 1 as 'extremely dissimilar', 2 as 'very dissimilar', 3 as 'likely dissimilar', 4 as 'neutral', 5 as 'likely similar', 6 as 'very similar', and 7 as 'extremely similar': How semantically similar is Screwdriver and Chameleon?","1

The words ""Screwdriver"
Screwdriver|Cobra,"Answer with only one number from 1 to 7, considering 1 as 'extremely dissimilar', 2 as 'very dissimilar', 3 as 'likely dissimilar', 4 as 'neutral', 5 as 'likely similar', 6 as 'very similar', and 7 as 'extremely similar': How semantically similar is Screwdriver and Cobra?",3
Screwdriver|Crocodile,"Answer with only one number from 1 to 7, considering 1 as 'extremely dissimilar', 2 as 'very dissimilar', 3 as 'likely dissimilar', 4 as 'neutral', 5 as 'likely similar', 6 as 'very similar', and 7 as 'extremely similar': How semantically similar is Screwdriver and Crocodile?","1

The words ""Screwdriver"
Screwdriver|Dinosaur,"Answer with only one number from 1 to 7, considering 1 as 'extremely dissimilar', 2 as 'very dissimilar', 3 as 'likely dissimilar', 4 as 'neutral', 5 as 'likely similar', 6 as 'very similar', and 7 as 'extremely similar': How semantically similar is Screwdriver and Dinosaur?",1
Screwdriver|Gecko,"Answer with only one number from 1 to 7, considering 1 as 'extremely dissimilar', 2 as 'very dissimilar', 3 as 'likely dissimilar', 4 as 'neutral', 5 as 'likely similar', 6 as 'very similar', and 7 as 'extremely similar': How semantically similar is Screwdriver and Gecko?","1

The words ""Screwdriver"
Screwdriver|Lizard,"Answer with only one number from 1 to 7, considering 1 as 'extremely dissimilar', 2 as 'very dissimilar', 3 as 'likely dissimilar', 4 as 'neutral', 5 as 'likely similar', 6 as 'very similar', and 7 as 'extremely similar': How semantically similar is Screwdriver and Lizard?","1

The words 'Screwdriver"
Screwdriver|Salamander,"Answer with only one number from 1 to 7, considering 1 as 'extremely dissimilar', 2 as 'very dissimilar', 3 as 'likely dissimilar', 4 as 'neutral', 5 as 'likely similar', 6 as 'very similar', and 7 as 'extremely similar': How semantically similar is Screwdriver and Salamander?","1

The words 'Screwdriver"
Screwdriver|Snake,"Answer with only one number from 1 to 7, considering 1 as 'extremely dissimilar', 2 as 'very dissimilar', 3 as 'likely dissimilar', 4 as 'neutral', 5 as 'likely similar', 6 as 'very similar', and 7 as 'extremely similar': How semantically similar is Screwdriver and Snake?","1

The words ""Screwdriver"
Screwdriver|Toad,"Answer with only one number from 1 to 7, considering 1 as 'extremely dissimilar', 2 as 'very dissimilar', 3 as 'likely dissimilar', 4 as 'neutral', 5 as 'likely similar', 6 as 'very similar', and 7 as 'extremely similar': How semantically similar is Screwdriver and Toad?","1

Screwdriver and Toad"
Screwdriver|Tortoise,"Answer with only one number from 1 to 7, considering 1 as 'extremely dissimilar', 2 as 'very dissimilar', 3 as 'likely dissimilar', 4 as 'neutral', 5 as 'likely similar', 6 as 'very similar', and 7 as 'extremely similar': How semantically similar is Screwdriver and Tortoise?","1

The words ""Screwdriver"
Screwdriver|Turtle,"Answer with only one number from 1 to 7, considering 1 as 'extremely dissimilar', 2 as 'very dissimilar', 3 as 'likely dissimilar', 4 as 'neutral', 5 as 'likely similar', 6 as 'very similar', and 7 as 'extremely similar': How semantically similar is Screwdriver and Turtle?","1

The words ""Screwdriver"
Screwdriver|Anvil,"Answer with only one number from 1 to 7, considering 1 as 'extremely dissimilar', 2 as 'very dissimilar', 3 as 'likely dissimilar', 4 as 'neutral', 5 as 'likely similar', 6 as 'very similar', and 7 as 'extremely similar': How semantically similar is Screwdriver and Anvil?","1

The words ""Screwdriver"
Screwdriver|Axe,"Answer with only one number from 1 to 7, considering 1 as 'extremely dissimilar', 2 as 'very dissimilar', 3 as 'likely dissimilar', 4 as 'neutral', 5 as 'likely similar', 6 as 'very similar', and 7 as 'extremely similar': How semantically similar is Screwdriver and Axe?",3
Screwdriver|Chisel,"Answer with only one number from 1 to 7, considering 1 as 'extremely dissimilar', 2 as 'very dissimilar', 3 as 'likely dissimilar', 4 as 'neutral', 5 as 'likely similar', 6 as 'very similar', and 7 as 'extremely similar': How semantically similar is Screwdriver and Chisel?",3
Screwdriver|Grindingdisk,"Answer with only one number from 1 to 7, considering 1 as 'extremely dissimilar', 2 as 'very dissimilar', 3 as 'likely dissimilar', 4 as 'neutral', 5 as 'likely similar', 6 as 'very similar', and 7 as 'extremely similar': How semantically similar is Screwdriver and Grindingdisk?",3
Screwdriver|Hammer,"Answer with only one number from 1 to 7, considering 1 as 'extremely dissimilar', 2 as 'very dissimilar', 3 as 'likely dissimilar', 4 as 'neutral', 5 as 'likely similar', 6 as 'very similar', and 7 as 'extremely similar': How semantically similar is Screwdriver and Hammer?",3
Screwdriver|Knife,"Answer with only one number from 1 to 7, considering 1 as 'extremely dissimilar', 2 as 'very dissimilar', 3 as 'likely dissimilar', 4 as 'neutral', 5 as 'likely similar', 6 as 'very similar', and 7 as 'extremely similar': How semantically similar is Screwdriver and Knife?",3
Screwdriver|LawnMower,"Answer with only one number from 1 to 7, considering 1 as 'extremely dissimilar', 2 as 'very dissimilar', 3 as 'likely dissimilar', 4 as 'neutral', 5 as 'likely similar', 6 as 'very similar', and 7 as 'extremely similar': How semantically similar is Screwdriver and LawnMower?",3
Screwdriver|Nail,"Answer with only one number from 1 to 7, considering 1 as 'extremely dissimilar', 2 as 'very dissimilar', 3 as 'likely dissimilar', 4 as 'neutral', 5 as 'likely similar', 6 as 'very similar', and 7 as 'extremely similar': How semantically similar is Screwdriver and Nail?",3
Screwdriver|Oilcan,"Answer with only one number from 1 to 7, considering 1 as 'extremely dissimilar', 2 as 'very dissimilar', 3 as 'likely dissimilar', 4 as 'neutral', 5 as 'likely similar', 6 as 'very similar', and 7 as 'extremely similar': How semantically similar is Screwdriver and Oilcan?",3
Screwdriver|Paintbrush,"Answer with only one number from 1 to 7, considering 1 as 'extremely dissimilar', 2 as 'very dissimilar', 3 as 'likely dissimilar', 4 as 'neutral', 5 as 'likely similar', 6 as 'very similar', and 7 as 'extremely similar': How semantically similar is Screwdriver and Paintbrush?",3
Screwdriver|Saw,"Answer with only one number from 1 to 7, considering 1 as 'extremely dissimilar', 2 as 'very dissimilar', 3 as 'likely dissimilar', 4 as 'neutral', 5 as 'likely similar', 6 as 'very similar', and 7 as 'extremely similar': How semantically similar is Screwdriver and Saw?",3
Screwdriver|Screwdriver,"Answer with only one number from 1 to 7, considering 1 as 'extremely dissimilar', 2 as 'very dissimilar', 3 as 'likely dissimilar', 4 as 'neutral', 5 as 'likely similar', 6 as 'very similar', and 7 as 'extremely similar': How semantically similar is Screwdriver and Screwdriver?",7
Screwdriver|Shovel,"Answer with only one number from 1 to 7, considering 1 as 'extremely dissimilar', 2 as 'very dissimilar', 3 as 'likely dissimilar', 4 as 'neutral', 5 as 'likely similar', 6 as 'very similar', and 7 as 'extremely similar': How semantically similar is Screwdriver and Shovel?",3
Screwdriver|Spanner,"Answer with only one number from 1 to 7, considering 1 as 'extremely dissimilar', 2 as 'very dissimilar', 3 as 'likely dissimilar', 4 as 'neutral', 5 as 'likely similar', 6 as 'very similar', and 7 as 'extremely similar': How semantically similar is Screwdriver and Spanner?",3
Screwdriver|Vacuum,"Answer with only one number from 1 to 7, considering 1 as 'extremely dissimilar', 2 as 'very dissimilar', 3 as 'likely dissimilar', 4 as 'neutral', 5 as 'likely similar', 6 as 'very similar', and 7 as 'extremely similar': How semantically similar is Screwdriver and Vacuum?",3
Shovel|Alligator,"Answer with only one number from 1 to 7, considering 1 as 'extremely dissimilar', 2 as 'very dissimilar', 3 as 'likely dissimilar', 4 as 'neutral', 5 as 'likely similar', 6 as 'very similar', and 7 as 'extremely similar': How semantically similar is Shovel and Alligator?","1

Shovel and Alligator are"
Shovel|Blindworm,"Answer with only one number from 1 to 7, considering 1 as 'extremely dissimilar', 2 as 'very dissimilar', 3 as 'likely dissimilar', 4 as 'neutral', 5 as 'likely similar', 6 as 'very similar', and 7 as 'extremely similar': How semantically similar is Shovel and Blindworm?","1

Shovel and Blindworm are"
Shovel|Boapython,"Answer with only one number from 1 to 7, considering 1 as 'extremely dissimilar', 2 as 'very dissimilar', 3 as 'likely dissimilar', 4 as 'neutral', 5 as 'likely similar', 6 as 'very similar', and 7 as 'extremely similar': How semantically similar is Shovel and Boapython?","1

Shovel and Boapython"
Shovel|Caiman,"Answer with only one number from 1 to 7, considering 1 as 'extremely dissimilar', 2 as 'very dissimilar', 3 as 'likely dissimilar', 4 as 'neutral', 5 as 'likely similar', 6 as 'very similar', and 7 as 'extremely similar': How semantically similar is Shovel and Caiman?","1

Shovel and Caiman"
Shovel|Chameleon,"Answer with only one number from 1 to 7, considering 1 as 'extremely dissimilar', 2 as 'very dissimilar', 3 as 'likely dissimilar', 4 as 'neutral', 5 as 'likely similar', 6 as 'very similar', and 7 as 'extremely similar': How semantically similar is Shovel and Chameleon?","1

Shovel and Chameleon are"
Shovel|Cobra,"Answer with only one number from 1 to 7, considering 1 as 'extremely dissimilar', 2 as 'very dissimilar', 3 as 'likely dissimilar', 4 as 'neutral', 5 as 'likely similar', 6 as 'very similar', and 7 as 'extremely similar': How semantically similar is Shovel and Cobra?","1

Shovel and Cobra are objects"
Shovel|Crocodile,"Answer with only one number from 1 to 7, considering 1 as 'extremely dissimilar', 2 as 'very dissimilar', 3 as 'likely dissimilar', 4 as 'neutral', 5 as 'likely similar', 6 as 'very similar', and 7 as 'extremely similar': How semantically similar is Shovel and Crocodile?","1

Shovel and Crocodile are"
Shovel|Dinosaur,"Answer with only one number from 1 to 7, considering 1 as 'extremely dissimilar', 2 as 'very dissimilar', 3 as 'likely dissimilar', 4 as 'neutral', 5 as 'likely similar', 6 as 'very similar', and 7 as 'extremely similar': How semantically similar is Shovel and Dinosaur?","1

Shovel and Dinosaur are"
Shovel|Gecko,"Answer with only one number from 1 to 7, considering 1 as 'extremely dissimilar', 2 as 'very dissimilar', 3 as 'likely dissimilar', 4 as 'neutral', 5 as 'likely similar', 6 as 'very similar', and 7 as 'extremely similar': How semantically similar is Shovel and Gecko?","1

Shovel and Gecko are two"
Shovel|Lizard,"Answer with only one number from 1 to 7, considering 1 as 'extremely dissimilar', 2 as 'very dissimilar', 3 as 'likely dissimilar', 4 as 'neutral', 5 as 'likely similar', 6 as 'very similar', and 7 as 'extremely similar': How semantically similar is Shovel and Lizard?","1

Shovel and Lizard are"
Shovel|Salamander,"Answer with only one number from 1 to 7, considering 1 as 'extremely dissimilar', 2 as 'very dissimilar', 3 as 'likely dissimilar', 4 as 'neutral', 5 as 'likely similar', 6 as 'very similar', and 7 as 'extremely similar': How semantically similar is Shovel and Salamander?","1

Shovel and Salamander"
Shovel|Snake,"Answer with only one number from 1 to 7, considering 1 as 'extremely dissimilar', 2 as 'very dissimilar', 3 as 'likely dissimilar', 4 as 'neutral', 5 as 'likely similar', 6 as 'very similar', and 7 as 'extremely similar': How semantically similar is Shovel and Snake?",3
Shovel|Toad,"Answer with only one number from 1 to 7, considering 1 as 'extremely dissimilar', 2 as 'very dissimilar', 3 as 'likely dissimilar', 4 as 'neutral', 5 as 'likely similar', 6 as 'very similar', and 7 as 'extremely similar': How semantically similar is Shovel and Toad?",3
Shovel|Tortoise,"Answer with only one number from 1 to 7, considering 1 as 'extremely dissimilar', 2 as 'very dissimilar', 3 as 'likely dissimilar', 4 as 'neutral', 5 as 'likely similar', 6 as 'very similar', and 7 as 'extremely similar': How semantically similar is Shovel and Tortoise?",3
Shovel|Turtle,"Answer with only one number from 1 to 7, considering 1 as 'extremely dissimilar', 2 as 'very dissimilar', 3 as 'likely dissimilar', 4 as 'neutral', 5 as 'likely similar', 6 as 'very similar', and 7 as 'extremely similar': How semantically similar is Shovel and Turtle?",3
Shovel|Anvil,"Answer with only one number from 1 to 7, considering 1 as 'extremely dissimilar', 2 as 'very dissimilar', 3 as 'likely dissimilar', 4 as 'neutral', 5 as 'likely similar', 6 as 'very similar', and 7 as 'extremely similar': How semantically similar is Shovel and Anvil?",3
Shovel|Axe,"Answer with only one number from 1 to 7, considering 1 as 'extremely dissimilar', 2 as 'very dissimilar', 3 as 'likely dissimilar', 4 as 'neutral', 5 as 'likely similar', 6 as 'very similar', and 7 as 'extremely similar': How semantically similar is Shovel and Axe?",3
Shovel|Chisel,"Answer with only one number from 1 to 7, considering 1 as 'extremely dissimilar', 2 as 'very dissimilar', 3 as 'likely dissimilar', 4 as 'neutral', 5 as 'likely similar', 6 as 'very similar', and 7 as 'extremely similar': How semantically similar is Shovel and Chisel?",3
Shovel|Grindingdisk,"Answer with only one number from 1 to 7, considering 1 as 'extremely dissimilar', 2 as 'very dissimilar', 3 as 'likely dissimilar', 4 as 'neutral', 5 as 'likely similar', 6 as 'very similar', and 7 as 'extremely similar': How semantically similar is Shovel and Grindingdisk?",3
Shovel|Hammer,"Answer with only one number from 1 to 7, considering 1 as 'extremely dissimilar', 2 as 'very dissimilar', 3 as 'likely dissimilar', 4 as 'neutral', 5 as 'likely similar', 6 as 'very similar', and 7 as 'extremely similar': How semantically similar is Shovel and Hammer?",3
Shovel|Knife,"Answer with only one number from 1 to 7, considering 1 as 'extremely dissimilar', 2 as 'very dissimilar', 3 as 'likely dissimilar', 4 as 'neutral', 5 as 'likely similar', 6 as 'very similar', and 7 as 'extremely similar': How semantically similar is Shovel and Knife?",3
Shovel|LawnMower,"Answer with only one number from 1 to 7, considering 1 as 'extremely dissimilar', 2 as 'very dissimilar', 3 as 'likely dissimilar', 4 as 'neutral', 5 as 'likely similar', 6 as 'very similar', and 7 as 'extremely similar': How semantically similar is Shovel and LawnMower?",3
Shovel|Nail,"Answer with only one number from 1 to 7, considering 1 as 'extremely dissimilar', 2 as 'very dissimilar', 3 as 'likely dissimilar', 4 as 'neutral', 5 as 'likely similar', 6 as 'very similar', and 7 as 'extremely similar': How semantically similar is Shovel and Nail?",3
Shovel|Oilcan,"Answer with only one number from 1 to 7, considering 1 as 'extremely dissimilar', 2 as 'very dissimilar', 3 as 'likely dissimilar', 4 as 'neutral', 5 as 'likely similar', 6 as 'very similar', and 7 as 'extremely similar': How semantically similar is Shovel and Oilcan?",3
Shovel|Paintbrush,"Answer with only one number from 1 to 7, considering 1 as 'extremely dissimilar', 2 as 'very dissimilar', 3 as 'likely dissimilar', 4 as 'neutral', 5 as 'likely similar', 6 as 'very similar', and 7 as 'extremely similar': How semantically similar is Shovel and Paintbrush?",3
Shovel|Saw,"Answer with only one number from 1 to 7, considering 1 as 'extremely dissimilar', 2 as 'very dissimilar', 3 as 'likely dissimilar', 4 as 'neutral', 5 as 'likely similar', 6 as 'very similar', and 7 as 'extremely similar': How semantically similar is Shovel and Saw?",3
Shovel|Screwdriver,"Answer with only one number from 1 to 7, considering 1 as 'extremely dissimilar', 2 as 'very dissimilar', 3 as 'likely dissimilar', 4 as 'neutral', 5 as 'likely similar', 6 as 'very similar', and 7 as 'extremely similar': How semantically similar is Shovel and Screwdriver?",3
Shovel|Shovel,"Answer with only one number from 1 to 7, considering 1 as 'extremely dissimilar', 2 as 'very dissimilar', 3 as 'likely dissimilar', 4 as 'neutral', 5 as 'likely similar', 6 as 'very similar', and 7 as 'extremely similar': How semantically similar is Shovel and Shovel?",7
Shovel|Spanner,"Answer with only one number from 1 to 7, considering 1 as 'extremely dissimilar', 2 as 'very dissimilar', 3 as 'likely dissimilar', 4 as 'neutral', 5 as 'likely similar', 6 as 'very similar', and 7 as 'extremely similar': How semantically similar is Shovel and Spanner?",3
Shovel|Vacuum,"Answer with only one number from 1 to 7, considering 1 as 'extremely dissimilar', 2 as 'very dissimilar', 3 as 'likely dissimilar', 4 as 'neutral', 5 as 'likely similar', 6 as 'very similar', and 7 as 'extremely similar': How semantically similar is Shovel and Vacuum?",3
Spanner|Alligator,"Answer with only one number from 1 to 7, considering 1 as 'extremely dissimilar', 2 as 'very dissimilar', 3 as 'likely dissimilar', 4 as 'neutral', 5 as 'likely similar', 6 as 'very similar', and 7 as 'extremely similar': How semantically similar is Spanner and Alligator?","1

These two words are quite unrelated"
Spanner|Blindworm,"Answer with only one number from 1 to 7, considering 1 as 'extremely dissimilar', 2 as 'very dissimilar', 3 as 'likely dissimilar', 4 as 'neutral', 5 as 'likely similar', 6 as 'very similar', and 7 as 'extremely similar': How semantically similar is Spanner and Blindworm?",3
Spanner|Boapython,"Answer with only one number from 1 to 7, considering 1 as 'extremely dissimilar', 2 as 'very dissimilar', 3 as 'likely dissimilar', 4 as 'neutral', 5 as 'likely similar', 6 as 'very similar', and 7 as 'extremely similar': How semantically similar is Spanner and Boapython?","1

Spanner and Boapython"
Spanner|Caiman,"Answer with only one number from 1 to 7, considering 1 as 'extremely dissimilar', 2 as 'very dissimilar', 3 as 'likely dissimilar', 4 as 'neutral', 5 as 'likely similar', 6 as 'very similar', and 7 as 'extremely similar': How semantically similar is Spanner and Caiman?","1

The words ""Spanner"""
Spanner|Chameleon,"Answer with only one number from 1 to 7, considering 1 as 'extremely dissimilar', 2 as 'very dissimilar', 3 as 'likely dissimilar', 4 as 'neutral', 5 as 'likely similar', 6 as 'very similar', and 7 as 'extremely similar': How semantically similar is Spanner and Chameleon?","1

The words ""Spanner"""
Spanner|Cobra,"Answer with only one number from 1 to 7, considering 1 as 'extremely dissimilar', 2 as 'very dissimilar', 3 as 'likely dissimilar', 4 as 'neutral', 5 as 'likely similar', 6 as 'very similar', and 7 as 'extremely similar': How semantically similar is Spanner and Cobra?",3
Spanner|Crocodile,"Answer with only one number from 1 to 7, considering 1 as 'extremely dissimilar', 2 as 'very dissimilar', 3 as 'likely dissimilar', 4 as 'neutral', 5 as 'likely similar', 6 as 'very similar', and 7 as 'extremely similar': How semantically similar is Spanner and Crocodile?","1

These two words are quite unrelated"
Spanner|Dinosaur,"Answer with only one number from 1 to 7, considering 1 as 'extremely dissimilar', 2 as 'very dissimilar', 3 as 'likely dissimilar', 4 as 'neutral', 5 as 'likely similar', 6 as 'very similar', and 7 as 'extremely similar': How semantically similar is Spanner and Dinosaur?","1

These two words are quite unrelated"
Spanner|Gecko,"Answer with only one number from 1 to 7, considering 1 as 'extremely dissimilar', 2 as 'very dissimilar', 3 as 'likely dissimilar', 4 as 'neutral', 5 as 'likely similar', 6 as 'very similar', and 7 as 'extremely similar': How semantically similar is Spanner and Gecko?",3
Spanner|Lizard,"Answer with only one number from 1 to 7, considering 1 as 'extremely dissimilar', 2 as 'very dissimilar', 3 as 'likely dissimilar', 4 as 'neutral', 5 as 'likely similar', 6 as 'very similar', and 7 as 'extremely similar': How semantically similar is Spanner and Lizard?","1

These two words are quite unrelated"
Spanner|Salamander,"Answer with only one number from 1 to 7, considering 1 as 'extremely dissimilar', 2 as 'very dissimilar', 3 as 'likely dissimilar', 4 as 'neutral', 5 as 'likely similar', 6 as 'very similar', and 7 as 'extremely similar': How semantically similar is Spanner and Salamander?",3
Spanner|Snake,"Answer with only one number from 1 to 7, considering 1 as 'extremely dissimilar', 2 as 'very dissimilar', 3 as 'likely dissimilar', 4 as 'neutral', 5 as 'likely similar', 6 as 'very similar', and 7 as 'extremely similar': How semantically similar is Spanner and Snake?",3
Spanner|Toad,"Answer with only one number from 1 to 7, considering 1 as 'extremely dissimilar', 2 as 'very dissimilar', 3 as 'likely dissimilar', 4 as 'neutral', 5 as 'likely similar', 6 as 'very similar', and 7 as 'extremely similar': How semantically similar is Spanner and Toad?",3
Spanner|Tortoise,"Answer with only one number from 1 to 7, considering 1 as 'extremely dissimilar', 2 as 'very dissimilar', 3 as 'likely dissimilar', 4 as 'neutral', 5 as 'likely similar', 6 as 'very similar', and 7 as 'extremely similar': How semantically similar is Spanner and Tortoise?",3
Spanner|Turtle,"Answer with only one number from 1 to 7, considering 1 as 'extremely dissimilar', 2 as 'very dissimilar', 3 as 'likely dissimilar', 4 as 'neutral', 5 as 'likely similar', 6 as 'very similar', and 7 as 'extremely similar': How semantically similar is Spanner and Turtle?",3
Spanner|Anvil,"Answer with only one number from 1 to 7, considering 1 as 'extremely dissimilar', 2 as 'very dissimilar', 3 as 'likely dissimilar', 4 as 'neutral', 5 as 'likely similar', 6 as 'very similar', and 7 as 'extremely similar': How semantically similar is Spanner and Anvil?",3
Spanner|Axe,"Answer with only one number from 1 to 7, considering 1 as 'extremely dissimilar', 2 as 'very dissimilar', 3 as 'likely dissimilar', 4 as 'neutral', 5 as 'likely similar', 6 as 'very similar', and 7 as 'extremely similar': How semantically similar is Spanner and Axe?",3
Spanner|Chisel,"Answer with only one number from 1 to 7, considering 1 as 'extremely dissimilar', 2 as 'very dissimilar', 3 as 'likely dissimilar', 4 as 'neutral', 5 as 'likely similar', 6 as 'very similar', and 7 as 'extremely similar': How semantically similar is Spanner and Chisel?",3
Spanner|Grindingdisk,"Answer with only one number from 1 to 7, considering 1 as 'extremely dissimilar', 2 as 'very dissimilar', 3 as 'likely dissimilar', 4 as 'neutral', 5 as 'likely similar', 6 as 'very similar', and 7 as 'extremely similar': How semantically similar is Spanner and Grindingdisk?",3
Spanner|Hammer,"Answer with only one number from 1 to 7, considering 1 as 'extremely dissimilar', 2 as 'very dissimilar', 3 as 'likely dissimilar', 4 as 'neutral', 5 as 'likely similar', 6 as 'very similar', and 7 as 'extremely similar': How semantically similar is Spanner and Hammer?",3
Spanner|Knife,"Answer with only one number from 1 to 7, considering 1 as 'extremely dissimilar', 2 as 'very dissimilar', 3 as 'likely dissimilar', 4 as 'neutral', 5 as 'likely similar', 6 as 'very similar', and 7 as 'extremely similar': How semantically similar is Spanner and Knife?",3
Spanner|LawnMower,"Answer with only one number from 1 to 7, considering 1 as 'extremely dissimilar', 2 as 'very dissimilar', 3 as 'likely dissimilar', 4 as 'neutral', 5 as 'likely similar', 6 as 'very similar', and 7 as 'extremely similar': How semantically similar is Spanner and LawnMower?",3
Spanner|Nail,"Answer with only one number from 1 to 7, considering 1 as 'extremely dissimilar', 2 as 'very dissimilar', 3 as 'likely dissimilar', 4 as 'neutral', 5 as 'likely similar', 6 as 'very similar', and 7 as 'extremely similar': How semantically similar is Spanner and Nail?",3
Spanner|Oilcan,"Answer with only one number from 1 to 7, considering 1 as 'extremely dissimilar', 2 as 'very dissimilar', 3 as 'likely dissimilar', 4 as 'neutral', 5 as 'likely similar', 6 as 'very similar', and 7 as 'extremely similar': How semantically similar is Spanner and Oilcan?",3
Spanner|Paintbrush,"Answer with only one number from 1 to 7, considering 1 as 'extremely dissimilar', 2 as 'very dissimilar', 3 as 'likely dissimilar', 4 as 'neutral', 5 as 'likely similar', 6 as 'very similar', and 7 as 'extremely similar': How semantically similar is Spanner and Paintbrush?",3
Spanner|Saw,"Answer with only one number from 1 to 7, considering 1 as 'extremely dissimilar', 2 as 'very dissimilar', 3 as 'likely dissimilar', 4 as 'neutral', 5 as 'likely similar', 6 as 'very similar', and 7 as 'extremely similar': How semantically similar is Spanner and Saw?",6
Spanner|Screwdriver,"Answer with only one number from 1 to 7, considering 1 as 'extremely dissimilar', 2 as 'very dissimilar', 3 as 'likely dissimilar', 4 as 'neutral', 5 as 'likely similar', 6 as 'very similar', and 7 as 'extremely similar': How semantically similar is Spanner and Screwdriver?",3
Spanner|Shovel,"Answer with only one number from 1 to 7, considering 1 as 'extremely dissimilar', 2 as 'very dissimilar', 3 as 'likely dissimilar', 4 as 'neutral', 5 as 'likely similar', 6 as 'very similar', and 7 as 'extremely similar': How semantically similar is Spanner and Shovel?",3
Spanner|Spanner,"Answer with only one number from 1 to 7, considering 1 as 'extremely dissimilar', 2 as 'very dissimilar', 3 as 'likely dissimilar', 4 as 'neutral', 5 as 'likely similar', 6 as 'very similar', and 7 as 'extremely similar': How semantically similar is Spanner and Spanner?",7
Spanner|Vacuum,"Answer with only one number from 1 to 7, considering 1 as 'extremely dissimilar', 2 as 'very dissimilar', 3 as 'likely dissimilar', 4 as 'neutral', 5 as 'likely similar', 6 as 'very similar', and 7 as 'extremely similar': How semantically similar is Spanner and Vacuum?",3
Vacuum|Alligator,"Answer with only one number from 1 to 7, considering 1 as 'extremely dissimilar', 2 as 'very dissimilar', 3 as 'likely dissimilar', 4 as 'neutral', 5 as 'likely similar', 6 as 'very similar', and 7 as 'extremely similar': How semantically similar is Vacuum and Alligator?",1
Vacuum|Blindworm,"Answer with only one number from 1 to 7, considering 1 as 'extremely dissimilar', 2 as 'very dissimilar', 3 as 'likely dissimilar', 4 as 'neutral', 5 as 'likely similar', 6 as 'very similar', and 7 as 'extremely similar': How semantically similar is Vacuum and Blindworm?","1

Vacuum and Blindworm are"
Vacuum|Boapython,"Answer with only one number from 1 to 7, considering 1 as 'extremely dissimilar', 2 as 'very dissimilar', 3 as 'likely dissimilar', 4 as 'neutral', 5 as 'likely similar', 6 as 'very similar', and 7 as 'extremely similar': How semantically similar is Vacuum and Boapython?","1

Vacuum and Boapython"
Vacuum|Caiman,"Answer with only one number from 1 to 7, considering 1 as 'extremely dissimilar', 2 as 'very dissimilar', 3 as 'likely dissimilar', 4 as 'neutral', 5 as 'likely similar', 6 as 'very similar', and 7 as 'extremely similar': How semantically similar is Vacuum and Caiman?","1

Vacuum and Caiman"
Vacuum|Chameleon,"Answer with only one number from 1 to 7, considering 1 as 'extremely dissimilar', 2 as 'very dissimilar', 3 as 'likely dissimilar', 4 as 'neutral', 5 as 'likely similar', 6 as 'very similar', and 7 as 'extremely similar': How semantically similar is Vacuum and Chameleon?","1

Vacuum and Chameleon are"
Vacuum|Cobra,"Answer with only one number from 1 to 7, considering 1 as 'extremely dissimilar', 2 as 'very dissimilar', 3 as 'likely dissimilar', 4 as 'neutral', 5 as 'likely similar', 6 as 'very similar', and 7 as 'extremely similar': How semantically similar is Vacuum and Cobra?",3
Vacuum|Crocodile,"Answer with only one number from 1 to 7, considering 1 as 'extremely dissimilar', 2 as 'very dissimilar', 3 as 'likely dissimilar', 4 as 'neutral', 5 as 'likely similar', 6 as 'very similar', and 7 as 'extremely similar': How semantically similar is Vacuum and Crocodile?",1
Vacuum|Dinosaur,"Answer with only one number from 1 to 7, considering 1 as 'extremely dissimilar', 2 as 'very dissimilar', 3 as 'likely dissimilar', 4 as 'neutral', 5 as 'likely similar', 6 as 'very similar', and 7 as 'extremely similar': How semantically similar is Vacuum and Dinosaur?","1

Vacuum and Dinosaur are"
Vacuum|Gecko,"Answer with only one number from 1 to 7, considering 1 as 'extremely dissimilar', 2 as 'very dissimilar', 3 as 'likely dissimilar', 4 as 'neutral', 5 as 'likely similar', 6 as 'very similar', and 7 as 'extremely similar': How semantically similar is Vacuum and Gecko?",3
Vacuum|Lizard,"Answer with only one number from 1 to 7, considering 1 as 'extremely dissimilar', 2 as 'very dissimilar', 3 as 'likely dissimilar', 4 as 'neutral', 5 as 'likely similar', 6 as 'very similar', and 7 as 'extremely similar': How semantically similar is Vacuum and Lizard?",1
Vacuum|Salamander,"Answer with only one number from 1 to 7, considering 1 as 'extremely dissimilar', 2 as 'very dissimilar', 3 as 'likely dissimilar', 4 as 'neutral', 5 as 'likely similar', 6 as 'very similar', and 7 as 'extremely similar': How semantically similar is Vacuum and Salamander?",3
Vacuum|Snake,"Answer with only one number from 1 to 7, considering 1 as 'extremely dissimilar', 2 as 'very dissimilar', 3 as 'likely dissimilar', 4 as 'neutral', 5 as 'likely similar', 6 as 'very similar', and 7 as 'extremely similar': How semantically similar is Vacuum and Snake?",3
Vacuum|Toad,"Answer with only one number from 1 to 7, considering 1 as 'extremely dissimilar', 2 as 'very dissimilar', 3 as 'likely dissimilar', 4 as 'neutral', 5 as 'likely similar', 6 as 'very similar', and 7 as 'extremely similar': How semantically similar is Vacuum and Toad?",3
Vacuum|Tortoise,"Answer with only one number from 1 to 7, considering 1 as 'extremely dissimilar', 2 as 'very dissimilar', 3 as 'likely dissimilar', 4 as 'neutral', 5 as 'likely similar', 6 as 'very similar', and 7 as 'extremely similar': How semantically similar is Vacuum and Tortoise?",3
Vacuum|Turtle,"Answer with only one number from 1 to 7, considering 1 as 'extremely dissimilar', 2 as 'very dissimilar', 3 as 'likely dissimilar', 4 as 'neutral', 5 as 'likely similar', 6 as 'very similar', and 7 as 'extremely similar': How semantically similar is Vacuum and Turtle?",3
Vacuum|Anvil,"Answer with only one number from 1 to 7, considering 1 as 'extremely dissimilar', 2 as 'very dissimilar', 3 as 'likely dissimilar', 4 as 'neutral', 5 as 'likely similar', 6 as 'very similar', and 7 as 'extremely similar': How semantically similar is Vacuum and Anvil?",3
Vacuum|Axe,"Answer with only one number from 1 to 7, considering 1 as 'extremely dissimilar', 2 as 'very dissimilar', 3 as 'likely dissimilar', 4 as 'neutral', 5 as 'likely similar', 6 as 'very similar', and 7 as 'extremely similar': How semantically similar is Vacuum and Axe?",3
Vacuum|Chisel,"Answer with only one number from 1 to 7, considering 1 as 'extremely dissimilar', 2 as 'very dissimilar', 3 as 'likely dissimilar', 4 as 'neutral', 5 as 'likely similar', 6 as 'very similar', and 7 as 'extremely similar': How semantically similar is Vacuum and Chisel?",3
Vacuum|Grindingdisk,"Answer with only one number from 1 to 7, considering 1 as 'extremely dissimilar', 2 as 'very dissimilar', 3 as 'likely dissimilar', 4 as 'neutral', 5 as 'likely similar', 6 as 'very similar', and 7 as 'extremely similar': How semantically similar is Vacuum and Grindingdisk?",3
Vacuum|Hammer,"Answer with only one number from 1 to 7, considering 1 as 'extremely dissimilar', 2 as 'very dissimilar', 3 as 'likely dissimilar', 4 as 'neutral', 5 as 'likely similar', 6 as 'very similar', and 7 as 'extremely similar': How semantically similar is Vacuum and Hammer?",3
Vacuum|Knife,"Answer with only one number from 1 to 7, considering 1 as 'extremely dissimilar', 2 as 'very dissimilar', 3 as 'likely dissimilar', 4 as 'neutral', 5 as 'likely similar', 6 as 'very similar', and 7 as 'extremely similar': How semantically similar is Vacuum and Knife?",3
Vacuum|LawnMower,"Answer with only one number from 1 to 7, considering 1 as 'extremely dissimilar', 2 as 'very dissimilar', 3 as 'likely dissimilar', 4 as 'neutral', 5 as 'likely similar', 6 as 'very similar', and 7 as 'extremely similar': How semantically similar is Vacuum and LawnMower?",3
Vacuum|Nail,"Answer with only one number from 1 to 7, considering 1 as 'extremely dissimilar', 2 as 'very dissimilar', 3 as 'likely dissimilar', 4 as 'neutral', 5 as 'likely similar', 6 as 'very similar', and 7 as 'extremely similar': How semantically similar is Vacuum and Nail?",3
Vacuum|Oilcan,"Answer with only one number from 1 to 7, considering 1 as 'extremely dissimilar', 2 as 'very dissimilar', 3 as 'likely dissimilar', 4 as 'neutral', 5 as 'likely similar', 6 as 'very similar', and 7 as 'extremely similar': How semantically similar is Vacuum and Oilcan?",3
Vacuum|Paintbrush,"Answer with only one number from 1 to 7, considering 1 as 'extremely dissimilar', 2 as 'very dissimilar', 3 as 'likely dissimilar', 4 as 'neutral', 5 as 'likely similar', 6 as 'very similar', and 7 as 'extremely similar': How semantically similar is Vacuum and Paintbrush?",3
Vacuum|Saw,"Answer with only one number from 1 to 7, considering 1 as 'extremely dissimilar', 2 as 'very dissimilar', 3 as 'likely dissimilar', 4 as 'neutral', 5 as 'likely similar', 6 as 'very similar', and 7 as 'extremely similar': How semantically similar is Vacuum and Saw?",3
Vacuum|Screwdriver,"Answer with only one number from 1 to 7, considering 1 as 'extremely dissimilar', 2 as 'very dissimilar', 3 as 'likely dissimilar', 4 as 'neutral', 5 as 'likely similar', 6 as 'very similar', and 7 as 'extremely similar': How semantically similar is Vacuum and Screwdriver?",3
Vacuum|Shovel,"Answer with only one number from 1 to 7, considering 1 as 'extremely dissimilar', 2 as 'very dissimilar', 3 as 'likely dissimilar', 4 as 'neutral', 5 as 'likely similar', 6 as 'very similar', and 7 as 'extremely similar': How semantically similar is Vacuum and Shovel?",3
Vacuum|Spanner,"Answer with only one number from 1 to 7, considering 1 as 'extremely dissimilar', 2 as 'very dissimilar', 3 as 'likely dissimilar', 4 as 'neutral', 5 as 'likely similar', 6 as 'very similar', and 7 as 'extremely similar': How semantically similar is Vacuum and Spanner?",3
Vacuum|Vacuum,"Answer with only one number from 1 to 7, considering 1 as 'extremely dissimilar', 2 as 'very dissimilar', 3 as 'likely dissimilar', 4 as 'neutral', 5 as 'likely similar', 6 as 'very similar', and 7 as 'extremely similar': How semantically similar is Vacuum and Vacuum?",7
