ability to fly,accordion
ability to fly,acorn
ability to fly,airplane
ability to fly,aloe
ability to fly,ant
ability to fly,anteater
ability to fly,anvil
ability to fly,apple
ability to fly,artichoke
ability to fly,bagel
ability to fly,banana
ability to fly,banjo
ability to fly,barrel
ability to fly,bat
ability to fly,beaver
ability to fly,bed
ability to fly,beet
ability to fly,beetle
ability to fly,bell
ability to fly,belt
ability to fly,bird
ability to fly,blender
ability to fly,blowtorch
ability to fly,blueberry
ability to fly,boa
ability to fly,boar
ability to fly,bread
ability to fly,brussels sprouts
ability to fly,bucket
ability to fly,burrito
ability to fly,cactus
ability to fly,candle
ability to fly,candy
ability to fly,cannon
ability to fly,car
ability to fly,carrot
ability to fly,cart
ability to fly,cat
ability to fly,caterpillar
ability to fly,celery
ability to fly,chili
ability to fly,chinchilla
ability to fly,chisel
ability to fly,clarinet
ability to fly,coat
ability to fly,coconut
ability to fly,crow
ability to fly,crowbar
ability to fly,dragonfly
ability to fly,dress
ability to fly,eagle
ability to fly,eggbeater
ability to fly,fig
ability to fly,file
ability to fly,flute
ability to fly,fly
ability to fly,grenade
ability to fly,jeans
ability to fly,missile
ability to fly,motorcycle
aesthetics,accordion
aesthetics,acorn
aesthetics,airplane
aesthetics,aloe
aesthetics,ant
aesthetics,anteater
aesthetics,anvil
aesthetics,apple
aesthetics,artichoke
aesthetics,bagel
aesthetics,banana
aesthetics,banjo
aesthetics,barrel
aesthetics,bat
aesthetics,beaver
aesthetics,bed
aesthetics,beet
aesthetics,beetle
aesthetics,bell
aesthetics,belt
aesthetics,bird
aesthetics,blender
aesthetics,blowtorch
aesthetics,blueberry
aesthetics,boa
aesthetics,boar
aesthetics,bread
aesthetics,brussels sprouts
aesthetics,bucket
aesthetics,burrito
aesthetics,cactus
aesthetics,candle
aesthetics,candy
aesthetics,cannon
aesthetics,car
aesthetics,carrot
aesthetics,cart
aesthetics,cat
aesthetics,caterpillar
aesthetics,celery
aesthetics,chili
aesthetics,chinchilla
aesthetics,chisel
aesthetics,clarinet
aesthetics,coat
aesthetics,coconut
aesthetics,crow
aesthetics,crowbar
aesthetics,dragonfly
aesthetics,dress
aesthetics,eagle
aesthetics,eggbeater
aesthetics,fig
aesthetics,file
aesthetics,flute
aesthetics,fly
aesthetics,grenade
aesthetics,jeans
aesthetics,missile
aesthetics,motorcycle
antennae,accordion
antennae,acorn
antennae,airplane
antennae,aloe
antennae,ant
antennae,anteater
antennae,anvil
antennae,apple
antennae,artichoke
antennae,bagel
antennae,banana
antennae,banjo
antennae,barrel
antennae,bat
antennae,beaver
antennae,bed
antennae,beet
antennae,beetle
antennae,bell
antennae,belt
antennae,bird
antennae,blender
antennae,blowtorch
antennae,blueberry
antennae,boa
antennae,boar
antennae,bread
antennae,brussels sprouts
antennae,bucket
antennae,burrito
antennae,cactus
antennae,candle
antennae,candy
antennae,cannon
antennae,car
antennae,carrot
antennae,cart
antennae,cat
antennae,caterpillar
antennae,celery
antennae,chili
antennae,chinchilla
antennae,chisel
antennae,clarinet
antennae,coat
antennae,coconut
antennae,crow
antennae,crowbar
antennae,dragonfly
antennae,dress
antennae,eagle
antennae,eggbeater
antennae,fig
antennae,file
antennae,flute
antennae,fly
antennae,grenade
antennae,jeans
antennae,missile
antennae,motorcycle
antioxidant properties,accordion
antioxidant properties,acorn
antioxidant properties,airplane
antioxidant properties,aloe
antioxidant properties,ant
antioxidant properties,anteater
antioxidant properties,anvil
antioxidant properties,apple
antioxidant properties,artichoke
antioxidant properties,bagel
antioxidant properties,banana
antioxidant properties,banjo
antioxidant properties,barrel
antioxidant properties,bat
antioxidant properties,beaver
antioxidant properties,bed
antioxidant properties,beet
antioxidant properties,beetle
antioxidant properties,bell
antioxidant properties,belt
antioxidant properties,bird
antioxidant properties,blender
antioxidant properties,blowtorch
antioxidant properties,blueberry
antioxidant properties,boa
antioxidant properties,boar
antioxidant properties,bread
antioxidant properties,brussels sprouts
antioxidant properties,bucket
antioxidant properties,burrito
antioxidant properties,cactus
antioxidant properties,candle
antioxidant properties,candy
antioxidant properties,cannon
antioxidant properties,car
antioxidant properties,carrot
antioxidant properties,cart
antioxidant properties,cat
antioxidant properties,caterpillar
antioxidant properties,celery
antioxidant properties,chili
antioxidant properties,chinchilla
antioxidant properties,chisel
antioxidant properties,clarinet
antioxidant properties,coat
antioxidant properties,coconut
antioxidant properties,crow
antioxidant properties,crowbar
antioxidant properties,dragonfly
antioxidant properties,dress
antioxidant properties,eagle
antioxidant properties,eggbeater
antioxidant properties,fig
antioxidant properties,file
antioxidant properties,flute
antioxidant properties,fly
antioxidant properties,grenade
antioxidant properties,jeans
antioxidant properties,missile
antioxidant properties,motorcycle
antioxidants,accordion
antioxidants,acorn
antioxidants,airplane
antioxidants,aloe
antioxidants,ant
antioxidants,anteater
antioxidants,anvil
antioxidants,apple
antioxidants,artichoke
antioxidants,bagel
antioxidants,banana
antioxidants,banjo
antioxidants,barrel
antioxidants,bat
antioxidants,beaver
antioxidants,bed
antioxidants,beet
antioxidants,beetle
antioxidants,bell
antioxidants,belt
antioxidants,bird
antioxidants,blender
antioxidants,blowtorch
antioxidants,blueberry
antioxidants,boa
antioxidants,boar
antioxidants,bread
antioxidants,brussels sprouts
antioxidants,bucket
antioxidants,burrito
antioxidants,cactus
antioxidants,candle
antioxidants,candy
antioxidants,cannon
antioxidants,car
antioxidants,carrot
antioxidants,cart
antioxidants,cat
antioxidants,caterpillar
antioxidants,celery
antioxidants,chili
antioxidants,chinchilla
antioxidants,chisel
antioxidants,clarinet
antioxidants,coat
antioxidants,coconut
antioxidants,crow
antioxidants,crowbar
antioxidants,dragonfly
antioxidants,dress
antioxidants,eagle
antioxidants,eggbeater
antioxidants,fig
antioxidants,file
antioxidants,flute
antioxidants,fly
antioxidants,grenade
antioxidants,jeans
antioxidants,missile
antioxidants,motorcycle
body,accordion
body,acorn
body,airplane
body,aloe
body,ant
body,anteater
body,anvil
body,apple
body,artichoke
body,bagel
body,banana
body,banjo
body,barrel
body,bat
body,beaver
body,bed
body,beet
body,beetle
body,bell
body,belt
body,bird
body,blender
body,blowtorch
body,blueberry
body,boa
body,boar
body,bread
body,brussels sprouts
body,bucket
body,burrito
body,cactus
body,candle
body,candy
body,cannon
body,car
body,carrot
body,cart
body,cat
body,caterpillar
body,celery
body,chili
body,chinchilla
body,chisel
body,clarinet
body,coat
body,coconut
body,crow
body,crowbar
body,dragonfly
body,dress
body,eagle
body,eggbeater
body,fig
body,file
body,flute
body,fly
body,grenade
body,jeans
body,missile
body,motorcycle
body shape,accordion
body shape,acorn
body shape,airplane
body shape,aloe
body shape,ant
body shape,anteater
body shape,anvil
body shape,apple
body shape,artichoke
body shape,bagel
body shape,banana
body shape,banjo
body shape,barrel
body shape,bat
body shape,beaver
body shape,bed
body shape,beet
body shape,beetle
body shape,bell
body shape,belt
body shape,bird
body shape,blender
body shape,blowtorch
body shape,blueberry
body shape,boa
body shape,boar
body shape,bread
body shape,brussels sprouts
body shape,bucket
body shape,burrito
body shape,cactus
body shape,candle
body shape,candy
body shape,cannon
body shape,car
body shape,carrot
body shape,cart
body shape,cat
body shape,caterpillar
body shape,celery
body shape,chili
body shape,chinchilla
body shape,chisel
body shape,clarinet
body shape,coat
body shape,coconut
body shape,crow
body shape,crowbar
body shape,dragonfly
body shape,dress
body shape,eagle
body shape,eggbeater
body shape,fig
body shape,file
body shape,flute
body shape,fly
body shape,grenade
body shape,jeans
body shape,missile
body shape,motorcycle
brakes,accordion
brakes,acorn
brakes,airplane
brakes,aloe
brakes,ant
brakes,anteater
brakes,anvil
brakes,apple
brakes,artichoke
brakes,bagel
brakes,banana
brakes,banjo
brakes,barrel
brakes,bat
brakes,beaver
brakes,bed
brakes,beet
brakes,beetle
brakes,bell
brakes,belt
brakes,bird
brakes,blender
brakes,blowtorch
brakes,blueberry
brakes,boa
brakes,boar
brakes,bread
brakes,brussels sprouts
brakes,bucket
brakes,burrito
brakes,cactus
brakes,candle
brakes,candy
brakes,cannon
brakes,car
brakes,carrot
brakes,cart
brakes,cat
brakes,caterpillar
brakes,celery
brakes,chili
brakes,chinchilla
brakes,chisel
brakes,clarinet
brakes,coat
brakes,coconut
brakes,crow
brakes,crowbar
brakes,dragonfly
brakes,dress
brakes,eagle
brakes,eggbeater
brakes,fig
brakes,file
brakes,flute
brakes,fly
brakes,grenade
brakes,jeans
brakes,missile
brakes,motorcycle
breathability,accordion
breathability,acorn
breathability,airplane
breathability,aloe
breathability,ant
breathability,anteater
breathability,anvil
breathability,apple
breathability,artichoke
breathability,bagel
breathability,banana
breathability,banjo
breathability,barrel
breathability,bat
breathability,beaver
breathability,bed
breathability,beet
breathability,beetle
breathability,bell
breathability,belt
breathability,bird
breathability,blender
breathability,blowtorch
breathability,blueberry
breathability,boa
breathability,boar
breathability,bread
breathability,brussels sprouts
breathability,bucket
breathability,burrito
breathability,cactus
breathability,candle
breathability,candy
breathability,cannon
breathability,car
breathability,carrot
breathability,cart
breathability,cat
breathability,caterpillar
breathability,celery
breathability,chili
breathability,chinchilla
breathability,chisel
breathability,clarinet
breathability,coat
breathability,coconut
breathability,crow
breathability,crowbar
breathability,dragonfly
breathability,dress
breathability,eagle
breathability,eggbeater
breathability,fig
breathability,file
breathability,flute
breathability,fly
breathability,grenade
breathability,jeans
breathability,missile
breathability,motorcycle
buttons,accordion
buttons,acorn
buttons,airplane
buttons,aloe
buttons,ant
buttons,anteater
buttons,anvil
buttons,apple
buttons,artichoke
buttons,bagel
buttons,banana
buttons,banjo
buttons,barrel
buttons,bat
buttons,beaver
buttons,bed
buttons,beet
buttons,beetle
buttons,bell
buttons,belt
buttons,bird
buttons,blender
buttons,blowtorch
buttons,blueberry
buttons,boa
buttons,boar
buttons,bread
buttons,brussels sprouts
buttons,bucket
buttons,burrito
buttons,cactus
buttons,candle
buttons,candy
buttons,cannon
buttons,car
buttons,carrot
buttons,cart
buttons,cat
buttons,caterpillar
buttons,celery
buttons,chili
buttons,chinchilla
buttons,chisel
buttons,clarinet
buttons,coat
buttons,coconut
buttons,crow
buttons,crowbar
buttons,dragonfly
buttons,dress
buttons,eagle
buttons,eggbeater
buttons,fig
buttons,file
buttons,flute
buttons,fly
buttons,grenade
buttons,jeans
buttons,missile
buttons,motorcycle
can be eaten raw or cooked,accordion
can be eaten raw or cooked,acorn
can be eaten raw or cooked,airplane
can be eaten raw or cooked,aloe
can be eaten raw or cooked,ant
can be eaten raw or cooked,anteater
can be eaten raw or cooked,anvil
can be eaten raw or cooked,apple
can be eaten raw or cooked,artichoke
can be eaten raw or cooked,bagel
can be eaten raw or cooked,banana
can be eaten raw or cooked,banjo
can be eaten raw or cooked,barrel
can be eaten raw or cooked,bat
can be eaten raw or cooked,beaver
can be eaten raw or cooked,bed
can be eaten raw or cooked,beet
can be eaten raw or cooked,beetle
can be eaten raw or cooked,bell
can be eaten raw or cooked,belt
can be eaten raw or cooked,bird
can be eaten raw or cooked,blender
can be eaten raw or cooked,blowtorch
can be eaten raw or cooked,blueberry
can be eaten raw or cooked,boa
can be eaten raw or cooked,boar
can be eaten raw or cooked,bread
can be eaten raw or cooked,brussels sprouts
can be eaten raw or cooked,bucket
can be eaten raw or cooked,burrito
can be eaten raw or cooked,cactus
can be eaten raw or cooked,candle
can be eaten raw or cooked,candy
can be eaten raw or cooked,cannon
can be eaten raw or cooked,car
can be eaten raw or cooked,carrot
can be eaten raw or cooked,cart
can be eaten raw or cooked,cat
can be eaten raw or cooked,caterpillar
can be eaten raw or cooked,celery
can be eaten raw or cooked,chili
can be eaten raw or cooked,chinchilla
can be eaten raw or cooked,chisel
can be eaten raw or cooked,clarinet
can be eaten raw or cooked,coat
can be eaten raw or cooked,coconut
can be eaten raw or cooked,crow
can be eaten raw or cooked,crowbar
can be eaten raw or cooked,dragonfly
can be eaten raw or cooked,dress
can be eaten raw or cooked,eagle
can be eaten raw or cooked,eggbeater
can be eaten raw or cooked,fig
can be eaten raw or cooked,file
can be eaten raw or cooked,flute
can be eaten raw or cooked,fly
can be eaten raw or cooked,grenade
can be eaten raw or cooked,jeans
can be eaten raw or cooked,missile
can be eaten raw or cooked,motorcycle
closure type,accordion
closure type,acorn
closure type,airplane
closure type,aloe
closure type,ant
closure type,anteater
closure type,anvil
closure type,apple
closure type,artichoke
closure type,bagel
closure type,banana
closure type,banjo
closure type,barrel
closure type,bat
closure type,beaver
closure type,bed
closure type,beet
closure type,beetle
closure type,bell
closure type,belt
closure type,bird
closure type,blender
closure type,blowtorch
closure type,blueberry
closure type,boa
closure type,boar
closure type,bread
closure type,brussels sprouts
closure type,bucket
closure type,burrito
closure type,cactus
closure type,candle
closure type,candy
closure type,cannon
closure type,car
closure type,carrot
closure type,cart
closure type,cat
closure type,caterpillar
closure type,celery
closure type,chili
closure type,chinchilla
closure type,chisel
closure type,clarinet
closure type,coat
closure type,coconut
closure type,crow
closure type,crowbar
closure type,dragonfly
closure type,dress
closure type,eagle
closure type,eggbeater
closure type,fig
closure type,file
closure type,flute
closure type,fly
closure type,grenade
closure type,jeans
closure type,missile
closure type,motorcycle
color,accordion
color,acorn
color,airplane
color,aloe
color,ant
color,anteater
color,anvil
color,apple
color,artichoke
color,bagel
color,banana
color,banjo
color,barrel
color,bat
color,beaver
color,bed
color,beet
color,beetle
color,bell
color,belt
color,bird
color,blender
color,blowtorch
color,blueberry
color,boa
color,boar
color,bread
color,brussels sprouts
color,bucket
color,burrito
color,cactus
color,candle
color,candy
color,cannon
color,car
color,carrot
color,cart
color,cat
color,caterpillar
color,celery
color,chili
color,chinchilla
color,chisel
color,clarinet
color,coat
color,coconut
color,crow
color,crowbar
color,dragonfly
color,dress
color,eagle
color,eggbeater
color,fig
color,file
color,flute
color,fly
color,grenade
color,jeans
color,missile
color,motorcycle
communication system,accordion
communication system,acorn
communication system,airplane
communication system,aloe
communication system,ant
communication system,anteater
communication system,anvil
communication system,apple
communication system,artichoke
communication system,bagel
communication system,banana
communication system,banjo
communication system,barrel
communication system,bat
communication system,beaver
communication system,bed
communication system,beet
communication system,beetle
communication system,bell
communication system,belt
communication system,bird
communication system,blender
communication system,blowtorch
communication system,blueberry
communication system,boa
communication system,boar
communication system,bread
communication system,brussels sprouts
communication system,bucket
communication system,burrito
communication system,cactus
communication system,candle
communication system,candy
communication system,cannon
communication system,car
communication system,carrot
communication system,cart
communication system,cat
communication system,caterpillar
communication system,celery
communication system,chili
communication system,chinchilla
communication system,chisel
communication system,clarinet
communication system,coat
communication system,coconut
communication system,crow
communication system,crowbar
communication system,dragonfly
communication system,dress
communication system,eagle
communication system,eggbeater
communication system,fig
communication system,file
communication system,flute
communication system,fly
communication system,grenade
communication system,jeans
communication system,missile
communication system,motorcycle
compound eyes,accordion
compound eyes,acorn
compound eyes,airplane
compound eyes,aloe
compound eyes,ant
compound eyes,anteater
compound eyes,anvil
compound eyes,apple
compound eyes,artichoke
compound eyes,bagel
compound eyes,banana
compound eyes,banjo
compound eyes,barrel
compound eyes,bat
compound eyes,beaver
compound eyes,bed
compound eyes,beet
compound eyes,beetle
compound eyes,bell
compound eyes,belt
compound eyes,bird
compound eyes,blender
compound eyes,blowtorch
compound eyes,blueberry
compound eyes,boa
compound eyes,boar
compound eyes,bread
compound eyes,brussels sprouts
compound eyes,bucket
compound eyes,burrito
compound eyes,cactus
compound eyes,candle
compound eyes,candy
compound eyes,cannon
compound eyes,car
compound eyes,carrot
compound eyes,cart
compound eyes,cat
compound eyes,caterpillar
compound eyes,celery
compound eyes,chili
compound eyes,chinchilla
compound eyes,chisel
compound eyes,clarinet
compound eyes,coat
compound eyes,coconut
compound eyes,crow
compound eyes,crowbar
compound eyes,dragonfly
compound eyes,dress
compound eyes,eagle
compound eyes,eggbeater
compound eyes,fig
compound eyes,file
compound eyes,flute
compound eyes,fly
compound eyes,grenade
compound eyes,jeans
compound eyes,missile
compound eyes,motorcycle
cooling system,accordion
cooling system,acorn
cooling system,airplane
cooling system,aloe
cooling system,ant
cooling system,anteater
cooling system,anvil
cooling system,apple
cooling system,artichoke
cooling system,bagel
cooling system,banana
cooling system,banjo
cooling system,barrel
cooling system,bat
cooling system,beaver
cooling system,bed
cooling system,beet
cooling system,beetle
cooling system,bell
cooling system,belt
cooling system,bird
cooling system,blender
cooling system,blowtorch
cooling system,blueberry
cooling system,boa
cooling system,boar
cooling system,bread
cooling system,brussels sprouts
cooling system,bucket
cooling system,burrito
cooling system,cactus
cooling system,candle
cooling system,candy
cooling system,cannon
cooling system,car
cooling system,carrot
cooling system,cart
cooling system,cat
cooling system,caterpillar
cooling system,celery
cooling system,chili
cooling system,chinchilla
cooling system,chisel
cooling system,clarinet
cooling system,coat
cooling system,coconut
cooling system,crow
cooling system,crowbar
cooling system,dragonfly
cooling system,dress
cooling system,eagle
cooling system,eggbeater
cooling system,fig
cooling system,file
cooling system,flute
cooling system,fly
cooling system,grenade
cooling system,jeans
cooling system,missile
cooling system,motorcycle
design,accordion
design,acorn
design,airplane
design,aloe
design,ant
design,anteater
design,anvil
design,apple
design,artichoke
design,bagel
design,banana
design,banjo
design,barrel
design,bat
design,beaver
design,bed
design,beet
design,beetle
design,bell
design,belt
design,bird
design,blender
design,blowtorch
design,blueberry
design,boa
design,boar
design,bread
design,brussels sprouts
design,bucket
design,burrito
design,cactus
design,candle
design,candy
design,cannon
design,car
design,carrot
design,cart
design,cat
design,caterpillar
design,celery
design,chili
design,chinchilla
design,chisel
design,clarinet
design,coat
design,coconut
design,crow
design,crowbar
design,dragonfly
design,dress
design,eagle
design,eggbeater
design,fig
design,file
design,flute
design,fly
design,grenade
design,jeans
design,missile
design,motorcycle
diameter,accordion
diameter,acorn
diameter,airplane
diameter,aloe
diameter,ant
diameter,anteater
diameter,anvil
diameter,apple
diameter,artichoke
diameter,bagel
diameter,banana
diameter,banjo
diameter,barrel
diameter,bat
diameter,beaver
diameter,bed
diameter,beet
diameter,beetle
diameter,bell
diameter,belt
diameter,bird
diameter,blender
diameter,blowtorch
diameter,blueberry
diameter,boa
diameter,boar
diameter,bread
diameter,brussels sprouts
diameter,bucket
diameter,burrito
diameter,cactus
diameter,candle
diameter,candy
diameter,cannon
diameter,car
diameter,carrot
diameter,cart
diameter,cat
diameter,caterpillar
diameter,celery
diameter,chili
diameter,chinchilla
diameter,chisel
diameter,clarinet
diameter,coat
diameter,coconut
diameter,crow
diameter,crowbar
diameter,dragonfly
diameter,dress
diameter,eagle
diameter,eggbeater
diameter,fig
diameter,file
diameter,flute
diameter,fly
diameter,grenade
diameter,jeans
diameter,missile
diameter,motorcycle
durability,accordion
durability,acorn
durability,airplane
durability,aloe
durability,ant
durability,anteater
durability,anvil
durability,apple
durability,artichoke
durability,bagel
durability,banana
durability,banjo
durability,barrel
durability,bat
durability,beaver
durability,bed
durability,beet
durability,beetle
durability,bell
durability,belt
durability,bird
durability,blender
durability,blowtorch
durability,blueberry
durability,boa
durability,boar
durability,bread
durability,brussels sprouts
durability,bucket
durability,burrito
durability,cactus
durability,candle
durability,candy
durability,cannon
durability,car
durability,carrot
durability,cart
durability,cat
durability,caterpillar
durability,celery
durability,chili
durability,chinchilla
durability,chisel
durability,clarinet
durability,coat
durability,coconut
durability,crow
durability,crowbar
durability,dragonfly
durability,dress
durability,eagle
durability,eggbeater
durability,fig
durability,file
durability,flute
durability,fly
durability,grenade
durability,jeans
durability,missile
durability,motorcycle
edible,accordion
edible,acorn
edible,airplane
edible,aloe
edible,ant
edible,anteater
edible,anvil
edible,apple
edible,artichoke
edible,bagel
edible,banana
edible,banjo
edible,barrel
edible,bat
edible,beaver
edible,bed
edible,beet
edible,beetle
edible,bell
edible,belt
edible,bird
edible,blender
edible,blowtorch
edible,blueberry
edible,boa
edible,boar
edible,bread
edible,brussels sprouts
edible,bucket
edible,burrito
edible,cactus
edible,candle
edible,candy
edible,cannon
edible,car
edible,carrot
edible,cart
edible,cat
edible,caterpillar
edible,celery
edible,chili
edible,chinchilla
edible,chisel
edible,clarinet
edible,coat
edible,coconut
edible,crow
edible,crowbar
edible,dragonfly
edible,dress
edible,eagle
edible,eggbeater
edible,fig
edible,file
edible,flute
edible,fly
edible,grenade
edible,jeans
edible,missile
edible,motorcycle
edible leaves,accordion
edible leaves,acorn
edible leaves,airplane
edible leaves,aloe
edible leaves,ant
edible leaves,anteater
edible leaves,anvil
edible leaves,apple
edible leaves,artichoke
edible leaves,bagel
edible leaves,banana
edible leaves,banjo
edible leaves,barrel
edible leaves,bat
edible leaves,beaver
edible leaves,bed
edible leaves,beet
edible leaves,beetle
edible leaves,bell
edible leaves,belt
edible leaves,bird
edible leaves,blender
edible leaves,blowtorch
edible leaves,blueberry
edible leaves,boa
edible leaves,boar
edible leaves,bread
edible leaves,brussels sprouts
edible leaves,bucket
edible leaves,burrito
edible leaves,cactus
edible leaves,candle
edible leaves,candy
edible leaves,cannon
edible leaves,car
edible leaves,carrot
edible leaves,cart
edible leaves,cat
edible leaves,caterpillar
edible leaves,celery
edible leaves,chili
edible leaves,chinchilla
edible leaves,chisel
edible leaves,clarinet
edible leaves,coat
edible leaves,coconut
edible leaves,crow
edible leaves,crowbar
edible leaves,dragonfly
edible leaves,dress
edible leaves,eagle
edible leaves,eggbeater
edible leaves,fig
edible leaves,file
edible leaves,flute
edible leaves,fly
edible leaves,grenade
edible leaves,jeans
edible leaves,missile
edible leaves,motorcycle
edible skin,accordion
edible skin,acorn
edible skin,airplane
edible skin,aloe
edible skin,ant
edible skin,anteater
edible skin,anvil
edible skin,apple
edible skin,artichoke
edible skin,bagel
edible skin,banana
edible skin,banjo
edible skin,barrel
edible skin,bat
edible skin,beaver
edible skin,bed
edible skin,beet
edible skin,beetle
edible skin,bell
edible skin,belt
edible skin,bird
edible skin,blender
edible skin,blowtorch
edible skin,blueberry
edible skin,boa
edible skin,boar
edible skin,bread
edible skin,brussels sprouts
edible skin,bucket
edible skin,burrito
edible skin,cactus
edible skin,candle
edible skin,candy
edible skin,cannon
edible skin,car
edible skin,carrot
edible skin,cart
edible skin,cat
edible skin,caterpillar
edible skin,celery
edible skin,chili
edible skin,chinchilla
edible skin,chisel
edible skin,clarinet
edible skin,coat
edible skin,coconut
edible skin,crow
edible skin,crowbar
edible skin,dragonfly
edible skin,dress
edible skin,eagle
edible skin,eggbeater
edible skin,fig
edible skin,file
edible skin,flute
edible skin,fly
edible skin,grenade
edible skin,jeans
edible skin,missile
edible skin,motorcycle
electrical system,accordion
electrical system,acorn
electrical system,airplane
electrical system,aloe
electrical system,ant
electrical system,anteater
electrical system,anvil
electrical system,apple
electrical system,artichoke
electrical system,bagel
electrical system,banana
electrical system,banjo
electrical system,barrel
electrical system,bat
electrical system,beaver
electrical system,bed
electrical system,beet
electrical system,beetle
electrical system,bell
electrical system,belt
electrical system,bird
electrical system,blender
electrical system,blowtorch
electrical system,blueberry
electrical system,boa
electrical system,boar
electrical system,bread
electrical system,brussels sprouts
electrical system,bucket
electrical system,burrito
electrical system,cactus
electrical system,candle
electrical system,candy
electrical system,cannon
electrical system,car
electrical system,carrot
electrical system,cart
electrical system,cat
electrical system,caterpillar
electrical system,celery
electrical system,chili
electrical system,chinchilla
electrical system,chisel
electrical system,clarinet
electrical system,coat
electrical system,coconut
electrical system,crow
electrical system,crowbar
electrical system,dragonfly
electrical system,dress
electrical system,eagle
electrical system,eggbeater
electrical system,fig
electrical system,file
electrical system,flute
electrical system,fly
electrical system,grenade
electrical system,jeans
electrical system,missile
electrical system,motorcycle
elongated body shape,accordion
elongated body shape,acorn
elongated body shape,airplane
elongated body shape,aloe
elongated body shape,ant
elongated body shape,anteater
elongated body shape,anvil
elongated body shape,apple
elongated body shape,artichoke
elongated body shape,bagel
elongated body shape,banana
elongated body shape,banjo
elongated body shape,barrel
elongated body shape,bat
elongated body shape,beaver
elongated body shape,bed
elongated body shape,beet
elongated body shape,beetle
elongated body shape,bell
elongated body shape,belt
elongated body shape,bird
elongated body shape,blender
elongated body shape,blowtorch
elongated body shape,blueberry
elongated body shape,boa
elongated body shape,boar
elongated body shape,bread
elongated body shape,brussels sprouts
elongated body shape,bucket
elongated body shape,burrito
elongated body shape,cactus
elongated body shape,candle
elongated body shape,candy
elongated body shape,cannon
elongated body shape,car
elongated body shape,carrot
elongated body shape,cart
elongated body shape,cat
elongated body shape,caterpillar
elongated body shape,celery
elongated body shape,chili
elongated body shape,chinchilla
elongated body shape,chisel
elongated body shape,clarinet
elongated body shape,coat
elongated body shape,coconut
elongated body shape,crow
elongated body shape,crowbar
elongated body shape,dragonfly
elongated body shape,dress
elongated body shape,eagle
elongated body shape,eggbeater
elongated body shape,fig
elongated body shape,file
elongated body shape,flute
elongated body shape,fly
elongated body shape,grenade
elongated body shape,jeans
elongated body shape,missile
elongated body shape,motorcycle
fiber content,accordion
fiber content,acorn
fiber content,airplane
fiber content,aloe
fiber content,ant
fiber content,anteater
fiber content,anvil
fiber content,apple
fiber content,artichoke
fiber content,bagel
fiber content,banana
fiber content,banjo
fiber content,barrel
fiber content,bat
fiber content,beaver
fiber content,bed
fiber content,beet
fiber content,beetle
fiber content,bell
fiber content,belt
fiber content,bird
fiber content,blender
fiber content,blowtorch
fiber content,blueberry
fiber content,boa
fiber content,boar
fiber content,bread
fiber content,brussels sprouts
fiber content,bucket
fiber content,burrito
fiber content,cactus
fiber content,candle
fiber content,candy
fiber content,cannon
fiber content,car
fiber content,carrot
fiber content,cart
fiber content,cat
fiber content,caterpillar
fiber content,celery
fiber content,chili
fiber content,chinchilla
fiber content,chisel
fiber content,clarinet
fiber content,coat
fiber content,coconut
fiber content,crow
fiber content,crowbar
fiber content,dragonfly
fiber content,dress
fiber content,eagle
fiber content,eggbeater
fiber content,fig
fiber content,file
fiber content,flute
fiber content,fly
fiber content,grenade
fiber content,jeans
fiber content,missile
fiber content,motorcycle
frame,accordion
frame,acorn
frame,airplane
frame,aloe
frame,ant
frame,anteater
frame,anvil
frame,apple
frame,artichoke
frame,bagel
frame,banana
frame,banjo
frame,barrel
frame,bat
frame,beaver
frame,bed
frame,beet
frame,beetle
frame,bell
frame,belt
frame,bird
frame,blender
frame,blowtorch
frame,blueberry
frame,boa
frame,boar
frame,bread
frame,brussels sprouts
frame,bucket
frame,burrito
frame,cactus
frame,candle
frame,candy
frame,cannon
frame,car
frame,carrot
frame,cart
frame,cat
frame,caterpillar
frame,celery
frame,chili
frame,chinchilla
frame,chisel
frame,clarinet
frame,coat
frame,coconut
frame,crow
frame,crowbar
frame,dragonfly
frame,dress
frame,eagle
frame,eggbeater
frame,fig
frame,file
frame,flute
frame,fly
frame,grenade
frame,jeans
frame,missile
frame,motorcycle
freshness,accordion
freshness,acorn
freshness,airplane
freshness,aloe
freshness,ant
freshness,anteater
freshness,anvil
freshness,apple
freshness,artichoke
freshness,bagel
freshness,banana
freshness,banjo
freshness,barrel
freshness,bat
freshness,beaver
freshness,bed
freshness,beet
freshness,beetle
freshness,bell
freshness,belt
freshness,bird
freshness,blender
freshness,blowtorch
freshness,blueberry
freshness,boa
freshness,boar
freshness,bread
freshness,brussels sprouts
freshness,bucket
freshness,burrito
freshness,cactus
freshness,candle
freshness,candy
freshness,cannon
freshness,car
freshness,carrot
freshness,cart
freshness,cat
freshness,caterpillar
freshness,celery
freshness,chili
freshness,chinchilla
freshness,chisel
freshness,clarinet
freshness,coat
freshness,coconut
freshness,crow
freshness,crowbar
freshness,dragonfly
freshness,dress
freshness,eagle
freshness,eggbeater
freshness,fig
freshness,file
freshness,flute
freshness,fly
freshness,grenade
freshness,jeans
freshness,missile
freshness,motorcycle
fuel tank,accordion
fuel tank,acorn
fuel tank,airplane
fuel tank,aloe
fuel tank,ant
fuel tank,anteater
fuel tank,anvil
fuel tank,apple
fuel tank,artichoke
fuel tank,bagel
fuel tank,banana
fuel tank,banjo
fuel tank,barrel
fuel tank,bat
fuel tank,beaver
fuel tank,bed
fuel tank,beet
fuel tank,beetle
fuel tank,bell
fuel tank,belt
fuel tank,bird
fuel tank,blender
fuel tank,blowtorch
fuel tank,blueberry
fuel tank,boa
fuel tank,boar
fuel tank,bread
fuel tank,brussels sprouts
fuel tank,bucket
fuel tank,burrito
fuel tank,cactus
fuel tank,candle
fuel tank,candy
fuel tank,cannon
fuel tank,car
fuel tank,carrot
fuel tank,cart
fuel tank,cat
fuel tank,caterpillar
fuel tank,celery
fuel tank,chili
fuel tank,chinchilla
fuel tank,chisel
fuel tank,clarinet
fuel tank,coat
fuel tank,coconut
fuel tank,crow
fuel tank,crowbar
fuel tank,dragonfly
fuel tank,dress
fuel tank,eagle
fuel tank,eggbeater
fuel tank,fig
fuel tank,file
fuel tank,flute
fuel tank,fly
fuel tank,grenade
fuel tank,jeans
fuel tank,missile
fuel tank,motorcycle
good eyesight,accordion
good eyesight,acorn
good eyesight,airplane
good eyesight,aloe
good eyesight,ant
good eyesight,anteater
good eyesight,anvil
good eyesight,apple
good eyesight,artichoke
good eyesight,bagel
good eyesight,banana
good eyesight,banjo
good eyesight,barrel
good eyesight,bat
good eyesight,beaver
good eyesight,bed
good eyesight,beet
good eyesight,beetle
good eyesight,bell
good eyesight,belt
good eyesight,bird
good eyesight,blender
good eyesight,blowtorch
good eyesight,blueberry
good eyesight,boa
good eyesight,boar
good eyesight,bread
good eyesight,brussels sprouts
good eyesight,bucket
good eyesight,burrito
good eyesight,cactus
good eyesight,candle
good eyesight,candy
good eyesight,cannon
good eyesight,car
good eyesight,carrot
good eyesight,cart
good eyesight,cat
good eyesight,caterpillar
good eyesight,celery
good eyesight,chili
good eyesight,chinchilla
good eyesight,chisel
good eyesight,clarinet
good eyesight,coat
good eyesight,coconut
good eyesight,crow
good eyesight,crowbar
good eyesight,dragonfly
good eyesight,dress
good eyesight,eagle
good eyesight,eggbeater
good eyesight,fig
good eyesight,file
good eyesight,flute
good eyesight,fly
good eyesight,grenade
good eyesight,jeans
good eyesight,missile
good eyesight,motorcycle
good source of potassium,accordion
good source of potassium,acorn
good source of potassium,airplane
good source of potassium,aloe
good source of potassium,ant
good source of potassium,anteater
good source of potassium,anvil
good source of potassium,apple
good source of potassium,artichoke
good source of potassium,bagel
good source of potassium,banana
good source of potassium,banjo
good source of potassium,barrel
good source of potassium,bat
good source of potassium,beaver
good source of potassium,bed
good source of potassium,beet
good source of potassium,beetle
good source of potassium,bell
good source of potassium,belt
good source of potassium,bird
good source of potassium,blender
good source of potassium,blowtorch
good source of potassium,blueberry
good source of potassium,boa
good source of potassium,boar
good source of potassium,bread
good source of potassium,brussels sprouts
good source of potassium,bucket
good source of potassium,burrito
good source of potassium,cactus
good source of potassium,candle
good source of potassium,candy
good source of potassium,cannon
good source of potassium,car
good source of potassium,carrot
good source of potassium,cart
good source of potassium,cat
good source of potassium,caterpillar
good source of potassium,celery
good source of potassium,chili
good source of potassium,chinchilla
good source of potassium,chisel
good source of potassium,clarinet
good source of potassium,coat
good source of potassium,coconut
good source of potassium,crow
good source of potassium,crowbar
good source of potassium,dragonfly
good source of potassium,dress
good source of potassium,eagle
good source of potassium,eggbeater
good source of potassium,fig
good source of potassium,file
good source of potassium,flute
good source of potassium,fly
good source of potassium,grenade
good source of potassium,jeans
good source of potassium,missile
good source of potassium,motorcycle
handle,accordion
handle,acorn
handle,airplane
handle,aloe
handle,ant
handle,anteater
handle,anvil
handle,apple
handle,artichoke
handle,bagel
handle,banana
handle,banjo
handle,barrel
handle,bat
handle,beaver
handle,bed
handle,beet
handle,beetle
handle,bell
handle,belt
handle,bird
handle,blender
handle,blowtorch
handle,blueberry
handle,boa
handle,boar
handle,bread
handle,brussels sprouts
handle,bucket
handle,burrito
handle,cactus
handle,candle
handle,candy
handle,cannon
handle,car
handle,carrot
handle,cart
handle,cat
handle,caterpillar
handle,celery
handle,chili
handle,chinchilla
handle,chisel
handle,clarinet
handle,coat
handle,coconut
handle,crow
handle,crowbar
handle,dragonfly
handle,dress
handle,eagle
handle,eggbeater
handle,fig
handle,file
handle,flute
handle,fly
handle,grenade
handle,jeans
handle,missile
handle,motorcycle
hardness,accordion
hardness,acorn
hardness,airplane
hardness,aloe
hardness,ant
hardness,anteater
hardness,anvil
hardness,apple
hardness,artichoke
hardness,bagel
hardness,banana
hardness,banjo
hardness,barrel
hardness,bat
hardness,beaver
hardness,bed
hardness,beet
hardness,beetle
hardness,bell
hardness,belt
hardness,bird
hardness,blender
hardness,blowtorch
hardness,blueberry
hardness,boa
hardness,boar
hardness,bread
hardness,brussels sprouts
hardness,bucket
hardness,burrito
hardness,cactus
hardness,candle
hardness,candy
hardness,cannon
hardness,car
hardness,carrot
hardness,cart
hardness,cat
hardness,caterpillar
hardness,celery
hardness,chili
hardness,chinchilla
hardness,chisel
hardness,clarinet
hardness,coat
hardness,coconut
hardness,crow
hardness,crowbar
hardness,dragonfly
hardness,dress
hardness,eagle
hardness,eggbeater
hardness,fig
hardness,file
hardness,flute
hardness,fly
hardness,grenade
hardness,jeans
hardness,missile
hardness,motorcycle
height,accordion
height,acorn
height,airplane
height,aloe
height,ant
height,anteater
height,anvil
height,apple
height,artichoke
height,bagel
height,banana
height,banjo
height,barrel
height,bat
height,beaver
height,bed
height,beet
height,beetle
height,bell
height,belt
height,bird
height,blender
height,blowtorch
height,blueberry
height,boa
height,boar
height,bread
height,brussels sprouts
height,bucket
height,burrito
height,cactus
height,candle
height,candy
height,cannon
height,car
height,carrot
height,cart
height,cat
height,caterpillar
height,celery
height,chili
height,chinchilla
height,chisel
height,clarinet
height,coat
height,coconut
height,crow
height,crowbar
height,dragonfly
height,dress
height,eagle
height,eggbeater
height,fig
height,file
height,flute
height,fly
height,grenade
height,jeans
height,missile
height,motorcycle
herbivorous diet,accordion
herbivorous diet,acorn
herbivorous diet,airplane
herbivorous diet,aloe
herbivorous diet,ant
herbivorous diet,anteater
herbivorous diet,anvil
herbivorous diet,apple
herbivorous diet,artichoke
herbivorous diet,bagel
herbivorous diet,banana
herbivorous diet,banjo
herbivorous diet,barrel
herbivorous diet,bat
herbivorous diet,beaver
herbivorous diet,bed
herbivorous diet,beet
herbivorous diet,beetle
herbivorous diet,bell
herbivorous diet,belt
herbivorous diet,bird
herbivorous diet,blender
herbivorous diet,blowtorch
herbivorous diet,blueberry
herbivorous diet,boa
herbivorous diet,boar
herbivorous diet,bread
herbivorous diet,brussels sprouts
herbivorous diet,bucket
herbivorous diet,burrito
herbivorous diet,cactus
herbivorous diet,candle
herbivorous diet,candy
herbivorous diet,cannon
herbivorous diet,car
herbivorous diet,carrot
herbivorous diet,cart
herbivorous diet,cat
herbivorous diet,caterpillar
herbivorous diet,celery
herbivorous diet,chili
herbivorous diet,chinchilla
herbivorous diet,chisel
herbivorous diet,clarinet
herbivorous diet,coat
herbivorous diet,coconut
herbivorous diet,crow
herbivorous diet,crowbar
herbivorous diet,dragonfly
herbivorous diet,dress
herbivorous diet,eagle
herbivorous diet,eggbeater
herbivorous diet,fig
herbivorous diet,file
herbivorous diet,flute
herbivorous diet,fly
herbivorous diet,grenade
herbivorous diet,jeans
herbivorous diet,missile
herbivorous diet,motorcycle
high in antioxidants,accordion
high in antioxidants,acorn
high in antioxidants,airplane
high in antioxidants,aloe
high in antioxidants,ant
high in antioxidants,anteater
high in antioxidants,anvil
high in antioxidants,apple
high in antioxidants,artichoke
high in antioxidants,bagel
high in antioxidants,banana
high in antioxidants,banjo
high in antioxidants,barrel
high in antioxidants,bat
high in antioxidants,beaver
high in antioxidants,bed
high in antioxidants,beet
high in antioxidants,beetle
high in antioxidants,bell
high in antioxidants,belt
high in antioxidants,bird
high in antioxidants,blender
high in antioxidants,blowtorch
high in antioxidants,blueberry
high in antioxidants,boa
high in antioxidants,boar
high in antioxidants,bread
high in antioxidants,brussels sprouts
high in antioxidants,bucket
high in antioxidants,burrito
high in antioxidants,cactus
high in antioxidants,candle
high in antioxidants,candy
high in antioxidants,cannon
high in antioxidants,car
high in antioxidants,carrot
high in antioxidants,cart
high in antioxidants,cat
high in antioxidants,caterpillar
high in antioxidants,celery
high in antioxidants,chili
high in antioxidants,chinchilla
high in antioxidants,chisel
high in antioxidants,clarinet
high in antioxidants,coat
high in antioxidants,coconut
high in antioxidants,crow
high in antioxidants,crowbar
high in antioxidants,dragonfly
high in antioxidants,dress
high in antioxidants,eagle
high in antioxidants,eggbeater
high in antioxidants,fig
high in antioxidants,file
high in antioxidants,flute
high in antioxidants,fly
high in antioxidants,grenade
high in antioxidants,jeans
high in antioxidants,missile
high in antioxidants,motorcycle
high in fiber,accordion
high in fiber,acorn
high in fiber,airplane
high in fiber,aloe
high in fiber,ant
high in fiber,anteater
high in fiber,anvil
high in fiber,apple
high in fiber,artichoke
high in fiber,bagel
high in fiber,banana
high in fiber,banjo
high in fiber,barrel
high in fiber,bat
high in fiber,beaver
high in fiber,bed
high in fiber,beet
high in fiber,beetle
high in fiber,bell
high in fiber,belt
high in fiber,bird
high in fiber,blender
high in fiber,blowtorch
high in fiber,blueberry
high in fiber,boa
high in fiber,boar
high in fiber,bread
high in fiber,brussels sprouts
high in fiber,bucket
high in fiber,burrito
high in fiber,cactus
high in fiber,candle
high in fiber,candy
high in fiber,cannon
high in fiber,car
high in fiber,carrot
high in fiber,cart
high in fiber,cat
high in fiber,caterpillar
high in fiber,celery
high in fiber,chili
high in fiber,chinchilla
high in fiber,chisel
high in fiber,clarinet
high in fiber,coat
high in fiber,coconut
high in fiber,crow
high in fiber,crowbar
high in fiber,dragonfly
high in fiber,dress
high in fiber,eagle
high in fiber,eggbeater
high in fiber,fig
high in fiber,file
high in fiber,flute
high in fiber,fly
high in fiber,grenade
high in fiber,jeans
high in fiber,missile
high in fiber,motorcycle
high metabolism,accordion
high metabolism,acorn
high metabolism,airplane
high metabolism,aloe
high metabolism,ant
high metabolism,anteater
high metabolism,anvil
high metabolism,apple
high metabolism,artichoke
high metabolism,bagel
high metabolism,banana
high metabolism,banjo
high metabolism,barrel
high metabolism,bat
high metabolism,beaver
high metabolism,bed
high metabolism,beet
high metabolism,beetle
high metabolism,bell
high metabolism,belt
high metabolism,bird
high metabolism,blender
high metabolism,blowtorch
high metabolism,blueberry
high metabolism,boa
high metabolism,boar
high metabolism,bread
high metabolism,brussels sprouts
high metabolism,bucket
high metabolism,burrito
high metabolism,cactus
high metabolism,candle
high metabolism,candy
high metabolism,cannon
high metabolism,car
high metabolism,carrot
high metabolism,cart
high metabolism,cat
high metabolism,caterpillar
high metabolism,celery
high metabolism,chili
high metabolism,chinchilla
high metabolism,chisel
high metabolism,clarinet
high metabolism,coat
high metabolism,coconut
high metabolism,crow
high metabolism,crowbar
high metabolism,dragonfly
high metabolism,dress
high metabolism,eagle
high metabolism,eggbeater
high metabolism,fig
high metabolism,file
high metabolism,flute
high metabolism,fly
high metabolism,grenade
high metabolism,jeans
high metabolism,missile
high metabolism,motorcycle
high water content,accordion
high water content,acorn
high water content,airplane
high water content,aloe
high water content,ant
high water content,anteater
high water content,anvil
high water content,apple
high water content,artichoke
high water content,bagel
high water content,banana
high water content,banjo
high water content,barrel
high water content,bat
high water content,beaver
high water content,bed
high water content,beet
high water content,beetle
high water content,bell
high water content,belt
high water content,bird
high water content,blender
high water content,blowtorch
high water content,blueberry
high water content,boa
high water content,boar
high water content,bread
high water content,brussels sprouts
high water content,bucket
high water content,burrito
high water content,cactus
high water content,candle
high water content,candy
high water content,cannon
high water content,car
high water content,carrot
high water content,cart
high water content,cat
high water content,caterpillar
high water content,celery
high water content,chili
high water content,chinchilla
high water content,chisel
high water content,clarinet
high water content,coat
high water content,coconut
high water content,crow
high water content,crowbar
high water content,dragonfly
high water content,dress
high water content,eagle
high water content,eggbeater
high water content,fig
high water content,file
high water content,flute
high water content,fly
high water content,grenade
high water content,jeans
high water content,missile
high water content,motorcycle
insulation,accordion
insulation,acorn
insulation,airplane
insulation,aloe
insulation,ant
insulation,anteater
insulation,anvil
insulation,apple
insulation,artichoke
insulation,bagel
insulation,banana
insulation,banjo
insulation,barrel
insulation,bat
insulation,beaver
insulation,bed
insulation,beet
insulation,beetle
insulation,bell
insulation,belt
insulation,bird
insulation,blender
insulation,blowtorch
insulation,blueberry
insulation,boa
insulation,boar
insulation,bread
insulation,brussels sprouts
insulation,bucket
insulation,burrito
insulation,cactus
insulation,candle
insulation,candy
insulation,cannon
insulation,car
insulation,carrot
insulation,cart
insulation,cat
insulation,caterpillar
insulation,celery
insulation,chili
insulation,chinchilla
insulation,chisel
insulation,clarinet
insulation,coat
insulation,coconut
insulation,crow
insulation,crowbar
insulation,dragonfly
insulation,dress
insulation,eagle
insulation,eggbeater
insulation,fig
insulation,file
insulation,flute
insulation,fly
insulation,grenade
insulation,jeans
insulation,missile
insulation,motorcycle
large ears,accordion
large ears,acorn
large ears,airplane
large ears,aloe
large ears,ant
large ears,anteater
large ears,anvil
large ears,apple
large ears,artichoke
large ears,bagel
large ears,banana
large ears,banjo
large ears,barrel
large ears,bat
large ears,beaver
large ears,bed
large ears,beet
large ears,beetle
large ears,bell
large ears,belt
large ears,bird
large ears,blender
large ears,blowtorch
large ears,blueberry
large ears,boa
large ears,boar
large ears,bread
large ears,brussels sprouts
large ears,bucket
large ears,burrito
large ears,cactus
large ears,candle
large ears,candy
large ears,cannon
large ears,car
large ears,carrot
large ears,cart
large ears,cat
large ears,caterpillar
large ears,celery
large ears,chili
large ears,chinchilla
large ears,chisel
large ears,clarinet
large ears,coat
large ears,coconut
large ears,crow
large ears,crowbar
large ears,dragonfly
large ears,dress
large ears,eagle
large ears,eggbeater
large ears,fig
large ears,file
large ears,flute
large ears,fly
large ears,grenade
large ears,jeans
large ears,missile
large ears,motorcycle
large eyes,accordion
large eyes,acorn
large eyes,airplane
large eyes,aloe
large eyes,ant
large eyes,anteater
large eyes,anvil
large eyes,apple
large eyes,artichoke
large eyes,bagel
large eyes,banana
large eyes,banjo
large eyes,barrel
large eyes,bat
large eyes,beaver
large eyes,bed
large eyes,beet
large eyes,beetle
large eyes,bell
large eyes,belt
large eyes,bird
large eyes,blender
large eyes,blowtorch
large eyes,blueberry
large eyes,boa
large eyes,boar
large eyes,bread
large eyes,brussels sprouts
large eyes,bucket
large eyes,burrito
large eyes,cactus
large eyes,candle
large eyes,candy
large eyes,cannon
large eyes,car
large eyes,carrot
large eyes,cart
large eyes,cat
large eyes,caterpillar
large eyes,celery
large eyes,chili
large eyes,chinchilla
large eyes,chisel
large eyes,clarinet
large eyes,coat
large eyes,coconut
large eyes,crow
large eyes,crowbar
large eyes,dragonfly
large eyes,dress
large eyes,eagle
large eyes,eggbeater
large eyes,fig
large eyes,file
large eyes,flute
large eyes,fly
large eyes,grenade
large eyes,jeans
large eyes,missile
large eyes,motorcycle
length,accordion
length,acorn
length,airplane
length,aloe
length,ant
length,anteater
length,anvil
length,apple
length,artichoke
length,bagel
length,banana
length,banjo
length,barrel
length,bat
length,beaver
length,bed
length,beet
length,beetle
length,bell
length,belt
length,bird
length,blender
length,blowtorch
length,blueberry
length,boa
length,boar
length,bread
length,brussels sprouts
length,bucket
length,burrito
length,cactus
length,candle
length,candy
length,cannon
length,car
length,carrot
length,cart
length,cat
length,caterpillar
length,celery
length,chili
length,chinchilla
length,chisel
length,clarinet
length,coat
length,coconut
length,crow
length,crowbar
length,dragonfly
length,dress
length,eagle
length,eggbeater
length,fig
length,file
length,flute
length,fly
length,grenade
length,jeans
length,missile
length,motorcycle
low calorie count,accordion
low calorie count,acorn
low calorie count,airplane
low calorie count,aloe
low calorie count,ant
low calorie count,anteater
low calorie count,anvil
low calorie count,apple
low calorie count,artichoke
low calorie count,bagel
low calorie count,banana
low calorie count,banjo
low calorie count,barrel
low calorie count,bat
low calorie count,beaver
low calorie count,bed
low calorie count,beet
low calorie count,beetle
low calorie count,bell
low calorie count,belt
low calorie count,bird
low calorie count,blender
low calorie count,blowtorch
low calorie count,blueberry
low calorie count,boa
low calorie count,boar
low calorie count,bread
low calorie count,brussels sprouts
low calorie count,bucket
low calorie count,burrito
low calorie count,cactus
low calorie count,candle
low calorie count,candy
low calorie count,cannon
low calorie count,car
low calorie count,carrot
low calorie count,cart
low calorie count,cat
low calorie count,caterpillar
low calorie count,celery
low calorie count,chili
low calorie count,chinchilla
low calorie count,chisel
low calorie count,clarinet
low calorie count,coat
low calorie count,coconut
low calorie count,crow
low calorie count,crowbar
low calorie count,dragonfly
low calorie count,dress
low calorie count,eagle
low calorie count,eggbeater
low calorie count,fig
low calorie count,file
low calorie count,flute
low calorie count,fly
low calorie count,grenade
low calorie count,jeans
low calorie count,missile
low calorie count,motorcycle
low in calories,accordion
low in calories,acorn
low in calories,airplane
low in calories,aloe
low in calories,ant
low in calories,anteater
low in calories,anvil
low in calories,apple
low in calories,artichoke
low in calories,bagel
low in calories,banana
low in calories,banjo
low in calories,barrel
low in calories,bat
low in calories,beaver
low in calories,bed
low in calories,beet
low in calories,beetle
low in calories,bell
low in calories,belt
low in calories,bird
low in calories,blender
low in calories,blowtorch
low in calories,blueberry
low in calories,boa
low in calories,boar
low in calories,bread
low in calories,brussels sprouts
low in calories,bucket
low in calories,burrito
low in calories,cactus
low in calories,candle
low in calories,candy
low in calories,cannon
low in calories,car
low in calories,carrot
low in calories,cart
low in calories,cat
low in calories,caterpillar
low in calories,celery
low in calories,chili
low in calories,chinchilla
low in calories,chisel
low in calories,clarinet
low in calories,coat
low in calories,coconut
low in calories,crow
low in calories,crowbar
low in calories,dragonfly
low in calories,dress
low in calories,eagle
low in calories,eggbeater
low in calories,fig
low in calories,file
low in calories,flute
low in calories,fly
low in calories,grenade
low in calories,jeans
low in calories,missile
low in calories,motorcycle
mandibles,accordion
mandibles,acorn
mandibles,airplane
mandibles,aloe
mandibles,ant
mandibles,anteater
mandibles,anvil
mandibles,apple
mandibles,artichoke
mandibles,bagel
mandibles,banana
mandibles,banjo
mandibles,barrel
mandibles,bat
mandibles,beaver
mandibles,bed
mandibles,beet
mandibles,beetle
mandibles,bell
mandibles,belt
mandibles,bird
mandibles,blender
mandibles,blowtorch
mandibles,blueberry
mandibles,boa
mandibles,boar
mandibles,bread
mandibles,brussels sprouts
mandibles,bucket
mandibles,burrito
mandibles,cactus
mandibles,candle
mandibles,candy
mandibles,cannon
mandibles,car
mandibles,carrot
mandibles,cart
mandibles,cat
mandibles,caterpillar
mandibles,celery
mandibles,chili
mandibles,chinchilla
mandibles,chisel
mandibles,clarinet
mandibles,coat
mandibles,coconut
mandibles,crow
mandibles,crowbar
mandibles,dragonfly
mandibles,dress
mandibles,eagle
mandibles,eggbeater
mandibles,fig
mandibles,file
mandibles,flute
mandibles,fly
mandibles,grenade
mandibles,jeans
mandibles,missile
mandibles,motorcycle
material,accordion
material,acorn
material,airplane
material,aloe
material,ant
material,anteater
material,anvil
material,apple
material,artichoke
material,bagel
material,banana
material,banjo
material,barrel
material,bat
material,beaver
material,bed
material,beet
material,beetle
material,bell
material,belt
material,bird
material,blender
material,blowtorch
material,blueberry
material,boa
material,boar
material,bread
material,brussels sprouts
material,bucket
material,burrito
material,cactus
material,candle
material,candy
material,cannon
material,car
material,carrot
material,cart
material,cat
material,caterpillar
material,celery
material,chili
material,chinchilla
material,chisel
material,clarinet
material,coat
material,coconut
material,crow
material,crowbar
material,dragonfly
material,dress
material,eagle
material,eggbeater
material,fig
material,file
material,flute
material,fly
material,grenade
material,jeans
material,missile
material,motorcycle
metamorphic development,accordion
metamorphic development,acorn
metamorphic development,airplane
metamorphic development,aloe
metamorphic development,ant
metamorphic development,anteater
metamorphic development,anvil
metamorphic development,apple
metamorphic development,artichoke
metamorphic development,bagel
metamorphic development,banana
metamorphic development,banjo
metamorphic development,barrel
metamorphic development,bat
metamorphic development,beaver
metamorphic development,bed
metamorphic development,beet
metamorphic development,beetle
metamorphic development,bell
metamorphic development,belt
metamorphic development,bird
metamorphic development,blender
metamorphic development,blowtorch
metamorphic development,blueberry
metamorphic development,boa
metamorphic development,boar
metamorphic development,bread
metamorphic development,brussels sprouts
metamorphic development,bucket
metamorphic development,burrito
metamorphic development,cactus
metamorphic development,candle
metamorphic development,candy
metamorphic development,cannon
metamorphic development,car
metamorphic development,carrot
metamorphic development,cart
metamorphic development,cat
metamorphic development,caterpillar
metamorphic development,celery
metamorphic development,chili
metamorphic development,chinchilla
metamorphic development,chisel
metamorphic development,clarinet
metamorphic development,coat
metamorphic development,coconut
metamorphic development,crow
metamorphic development,crowbar
metamorphic development,dragonfly
metamorphic development,dress
metamorphic development,eagle
metamorphic development,eggbeater
metamorphic development,fig
metamorphic development,file
metamorphic development,flute
metamorphic development,fly
metamorphic development,grenade
metamorphic development,jeans
metamorphic development,missile
metamorphic development,motorcycle
moisture content,accordion
moisture content,acorn
moisture content,airplane
moisture content,aloe
moisture content,ant
moisture content,anteater
moisture content,anvil
moisture content,apple
moisture content,artichoke
moisture content,bagel
moisture content,banana
moisture content,banjo
moisture content,barrel
moisture content,bat
moisture content,beaver
moisture content,bed
moisture content,beet
moisture content,beetle
moisture content,bell
moisture content,belt
moisture content,bird
moisture content,blender
moisture content,blowtorch
moisture content,blueberry
moisture content,boa
moisture content,boar
moisture content,bread
moisture content,brussels sprouts
moisture content,bucket
moisture content,burrito
moisture content,cactus
moisture content,candle
moisture content,candy
moisture content,cannon
moisture content,car
moisture content,carrot
moisture content,cart
moisture content,cat
moisture content,caterpillar
moisture content,celery
moisture content,chili
moisture content,chinchilla
moisture content,chisel
moisture content,clarinet
moisture content,coat
moisture content,coconut
moisture content,crow
moisture content,crowbar
moisture content,dragonfly
moisture content,dress
moisture content,eagle
moisture content,eggbeater
moisture content,fig
moisture content,file
moisture content,flute
moisture content,fly
moisture content,grenade
moisture content,jeans
moisture content,missile
moisture content,motorcycle
navigation system,accordion
navigation system,acorn
navigation system,airplane
navigation system,aloe
navigation system,ant
navigation system,anteater
navigation system,anvil
navigation system,apple
navigation system,artichoke
navigation system,bagel
navigation system,banana
navigation system,banjo
navigation system,barrel
navigation system,bat
navigation system,beaver
navigation system,bed
navigation system,beet
navigation system,beetle
navigation system,bell
navigation system,belt
navigation system,bird
navigation system,blender
navigation system,blowtorch
navigation system,blueberry
navigation system,boa
navigation system,boar
navigation system,bread
navigation system,brussels sprouts
navigation system,bucket
navigation system,burrito
navigation system,cactus
navigation system,candle
navigation system,candy
navigation system,cannon
navigation system,car
navigation system,carrot
navigation system,cart
navigation system,cat
navigation system,caterpillar
navigation system,celery
navigation system,chili
navigation system,chinchilla
navigation system,chisel
navigation system,clarinet
navigation system,coat
navigation system,coconut
navigation system,crow
navigation system,crowbar
navigation system,dragonfly
navigation system,dress
navigation system,eagle
navigation system,eggbeater
navigation system,fig
navigation system,file
navigation system,flute
navigation system,fly
navigation system,grenade
navigation system,jeans
navigation system,missile
navigation system,motorcycle
no external ears,accordion
no external ears,acorn
no external ears,airplane
no external ears,aloe
no external ears,ant
no external ears,anteater
no external ears,anvil
no external ears,apple
no external ears,artichoke
no external ears,bagel
no external ears,banana
no external ears,banjo
no external ears,barrel
no external ears,bat
no external ears,beaver
no external ears,bed
no external ears,beet
no external ears,beetle
no external ears,bell
no external ears,belt
no external ears,bird
no external ears,blender
no external ears,blowtorch
no external ears,blueberry
no external ears,boa
no external ears,boar
no external ears,bread
no external ears,brussels sprouts
no external ears,bucket
no external ears,burrito
no external ears,cactus
no external ears,candle
no external ears,candy
no external ears,cannon
no external ears,car
no external ears,carrot
no external ears,cart
no external ears,cat
no external ears,caterpillar
no external ears,celery
no external ears,chili
no external ears,chinchilla
no external ears,chisel
no external ears,clarinet
no external ears,coat
no external ears,coconut
no external ears,crow
no external ears,crowbar
no external ears,dragonfly
no external ears,dress
no external ears,eagle
no external ears,eggbeater
no external ears,fig
no external ears,file
no external ears,flute
no external ears,fly
no external ears,grenade
no external ears,jeans
no external ears,missile
no external ears,motorcycle
nocturnal,accordion
nocturnal,acorn
nocturnal,airplane
nocturnal,aloe
nocturnal,ant
nocturnal,anteater
nocturnal,anvil
nocturnal,apple
nocturnal,artichoke
nocturnal,bagel
nocturnal,banana
nocturnal,banjo
nocturnal,barrel
nocturnal,bat
nocturnal,beaver
nocturnal,bed
nocturnal,beet
nocturnal,beetle
nocturnal,bell
nocturnal,belt
nocturnal,bird
nocturnal,blender
nocturnal,blowtorch
nocturnal,blueberry
nocturnal,boa
nocturnal,boar
nocturnal,bread
nocturnal,brussels sprouts
nocturnal,bucket
nocturnal,burrito
nocturnal,cactus
nocturnal,candle
nocturnal,candy
nocturnal,cannon
nocturnal,car
nocturnal,carrot
nocturnal,cart
nocturnal,cat
nocturnal,caterpillar
nocturnal,celery
nocturnal,chili
nocturnal,chinchilla
nocturnal,chisel
nocturnal,clarinet
nocturnal,coat
nocturnal,coconut
nocturnal,crow
nocturnal,crowbar
nocturnal,dragonfly
nocturnal,dress
nocturnal,eagle
nocturnal,eggbeater
nocturnal,fig
nocturnal,file
nocturnal,flute
nocturnal,fly
nocturnal,grenade
nocturnal,jeans
nocturnal,missile
nocturnal,motorcycle
noise level,accordion
noise level,acorn
noise level,airplane
noise level,aloe
noise level,ant
noise level,anteater
noise level,anvil
noise level,apple
noise level,artichoke
noise level,bagel
noise level,banana
noise level,banjo
noise level,barrel
noise level,bat
noise level,beaver
noise level,bed
noise level,beet
noise level,beetle
noise level,bell
noise level,belt
noise level,bird
noise level,blender
noise level,blowtorch
noise level,blueberry
noise level,boa
noise level,boar
noise level,bread
noise level,brussels sprouts
noise level,bucket
noise level,burrito
noise level,cactus
noise level,candle
noise level,candy
noise level,cannon
noise level,car
noise level,carrot
noise level,cart
noise level,cat
noise level,caterpillar
noise level,celery
noise level,chili
noise level,chinchilla
noise level,chisel
noise level,clarinet
noise level,coat
noise level,coconut
noise level,crow
noise level,crowbar
noise level,dragonfly
noise level,dress
noise level,eagle
noise level,eggbeater
noise level,fig
noise level,file
noise level,flute
noise level,fly
noise level,grenade
noise level,jeans
noise level,missile
noise level,motorcycle
nutrient-rich,accordion
nutrient-rich,acorn
nutrient-rich,airplane
nutrient-rich,aloe
nutrient-rich,ant
nutrient-rich,anteater
nutrient-rich,anvil
nutrient-rich,apple
nutrient-rich,artichoke
nutrient-rich,bagel
nutrient-rich,banana
nutrient-rich,banjo
nutrient-rich,barrel
nutrient-rich,bat
nutrient-rich,beaver
nutrient-rich,bed
nutrient-rich,beet
nutrient-rich,beetle
nutrient-rich,bell
nutrient-rich,belt
nutrient-rich,bird
nutrient-rich,blender
nutrient-rich,blowtorch
nutrient-rich,blueberry
nutrient-rich,boa
nutrient-rich,boar
nutrient-rich,bread
nutrient-rich,brussels sprouts
nutrient-rich,bucket
nutrient-rich,burrito
nutrient-rich,cactus
nutrient-rich,candle
nutrient-rich,candy
nutrient-rich,cannon
nutrient-rich,car
nutrient-rich,carrot
nutrient-rich,cart
nutrient-rich,cat
nutrient-rich,caterpillar
nutrient-rich,celery
nutrient-rich,chili
nutrient-rich,chinchilla
nutrient-rich,chisel
nutrient-rich,clarinet
nutrient-rich,coat
nutrient-rich,coconut
nutrient-rich,crow
nutrient-rich,crowbar
nutrient-rich,dragonfly
nutrient-rich,dress
nutrient-rich,eagle
nutrient-rich,eggbeater
nutrient-rich,fig
nutrient-rich,file
nutrient-rich,flute
nutrient-rich,fly
nutrient-rich,grenade
nutrient-rich,jeans
nutrient-rich,missile
nutrient-rich,motorcycle
nutritional value,accordion
nutritional value,acorn
nutritional value,airplane
nutritional value,aloe
nutritional value,ant
nutritional value,anteater
nutritional value,anvil
nutritional value,apple
nutritional value,artichoke
nutritional value,bagel
nutritional value,banana
nutritional value,banjo
nutritional value,barrel
nutritional value,bat
nutritional value,beaver
nutritional value,bed
nutritional value,beet
nutritional value,beetle
nutritional value,bell
nutritional value,belt
nutritional value,bird
nutritional value,blender
nutritional value,blowtorch
nutritional value,blueberry
nutritional value,boa
nutritional value,boar
nutritional value,bread
nutritional value,brussels sprouts
nutritional value,bucket
nutritional value,burrito
nutritional value,cactus
nutritional value,candle
nutritional value,candy
nutritional value,cannon
nutritional value,car
nutritional value,carrot
nutritional value,cart
nutritional value,cat
nutritional value,caterpillar
nutritional value,celery
nutritional value,chili
nutritional value,chinchilla
nutritional value,chisel
nutritional value,clarinet
nutritional value,coat
nutritional value,coconut
nutritional value,crow
nutritional value,crowbar
nutritional value,dragonfly
nutritional value,dress
nutritional value,eagle
nutritional value,eggbeater
nutritional value,fig
nutritional value,file
nutritional value,flute
nutritional value,fly
nutritional value,grenade
nutritional value,jeans
nutritional value,missile
nutritional value,motorcycle
omnivorous diet,accordion
omnivorous diet,acorn
omnivorous diet,airplane
omnivorous diet,aloe
omnivorous diet,ant
omnivorous diet,anteater
omnivorous diet,anvil
omnivorous diet,apple
omnivorous diet,artichoke
omnivorous diet,bagel
omnivorous diet,banana
omnivorous diet,banjo
omnivorous diet,barrel
omnivorous diet,bat
omnivorous diet,beaver
omnivorous diet,bed
omnivorous diet,beet
omnivorous diet,beetle
omnivorous diet,bell
omnivorous diet,belt
omnivorous diet,bird
omnivorous diet,blender
omnivorous diet,blowtorch
omnivorous diet,blueberry
omnivorous diet,boa
omnivorous diet,boar
omnivorous diet,bread
omnivorous diet,brussels sprouts
omnivorous diet,bucket
omnivorous diet,burrito
omnivorous diet,cactus
omnivorous diet,candle
omnivorous diet,candy
omnivorous diet,cannon
omnivorous diet,car
omnivorous diet,carrot
omnivorous diet,cart
omnivorous diet,cat
omnivorous diet,caterpillar
omnivorous diet,celery
omnivorous diet,chili
omnivorous diet,chinchilla
omnivorous diet,chisel
omnivorous diet,clarinet
omnivorous diet,coat
omnivorous diet,coconut
omnivorous diet,crow
omnivorous diet,crowbar
omnivorous diet,dragonfly
omnivorous diet,dress
omnivorous diet,eagle
omnivorous diet,eggbeater
omnivorous diet,fig
omnivorous diet,file
omnivorous diet,flute
omnivorous diet,fly
omnivorous diet,grenade
omnivorous diet,jeans
omnivorous diet,missile
omnivorous diet,motorcycle
pattern,accordion
pattern,acorn
pattern,airplane
pattern,aloe
pattern,ant
pattern,anteater
pattern,anvil
pattern,apple
pattern,artichoke
pattern,bagel
pattern,banana
pattern,banjo
pattern,barrel
pattern,bat
pattern,beaver
pattern,bed
pattern,beet
pattern,beetle
pattern,bell
pattern,belt
pattern,bird
pattern,blender
pattern,blowtorch
pattern,blueberry
pattern,boa
pattern,boar
pattern,bread
pattern,brussels sprouts
pattern,bucket
pattern,burrito
pattern,cactus
pattern,candle
pattern,candy
pattern,cannon
pattern,car
pattern,carrot
pattern,cart
pattern,cat
pattern,caterpillar
pattern,celery
pattern,chili
pattern,chinchilla
pattern,chisel
pattern,clarinet
pattern,coat
pattern,coconut
pattern,crow
pattern,crowbar
pattern,dragonfly
pattern,dress
pattern,eagle
pattern,eggbeater
pattern,fig
pattern,file
pattern,flute
pattern,fly
pattern,grenade
pattern,jeans
pattern,missile
pattern,motorcycle
pockets,accordion
pockets,acorn
pockets,airplane
pockets,aloe
pockets,ant
pockets,anteater
pockets,anvil
pockets,apple
pockets,artichoke
pockets,bagel
pockets,banana
pockets,banjo
pockets,barrel
pockets,bat
pockets,beaver
pockets,bed
pockets,beet
pockets,beetle
pockets,bell
pockets,belt
pockets,bird
pockets,blender
pockets,blowtorch
pockets,blueberry
pockets,boa
pockets,boar
pockets,bread
pockets,brussels sprouts
pockets,bucket
pockets,burrito
pockets,cactus
pockets,candle
pockets,candy
pockets,cannon
pockets,car
pockets,carrot
pockets,cart
pockets,cat
pockets,caterpillar
pockets,celery
pockets,chili
pockets,chinchilla
pockets,chisel
pockets,clarinet
pockets,coat
pockets,coconut
pockets,crow
pockets,crowbar
pockets,dragonfly
pockets,dress
pockets,eagle
pockets,eggbeater
pockets,fig
pockets,file
pockets,flute
pockets,fly
pockets,grenade
pockets,jeans
pockets,missile
pockets,motorcycle
poor eyesight,accordion
poor eyesight,acorn
poor eyesight,airplane
poor eyesight,aloe
poor eyesight,ant
poor eyesight,anteater
poor eyesight,anvil
poor eyesight,apple
poor eyesight,artichoke
poor eyesight,bagel
poor eyesight,banana
poor eyesight,banjo
poor eyesight,barrel
poor eyesight,bat
poor eyesight,beaver
poor eyesight,bed
poor eyesight,beet
poor eyesight,beetle
poor eyesight,bell
poor eyesight,belt
poor eyesight,bird
poor eyesight,blender
poor eyesight,blowtorch
poor eyesight,blueberry
poor eyesight,boa
poor eyesight,boar
poor eyesight,bread
poor eyesight,brussels sprouts
poor eyesight,bucket
poor eyesight,burrito
poor eyesight,cactus
poor eyesight,candle
poor eyesight,candy
poor eyesight,cannon
poor eyesight,car
poor eyesight,carrot
poor eyesight,cart
poor eyesight,cat
poor eyesight,caterpillar
poor eyesight,celery
poor eyesight,chili
poor eyesight,chinchilla
poor eyesight,chisel
poor eyesight,clarinet
poor eyesight,coat
poor eyesight,coconut
poor eyesight,crow
poor eyesight,crowbar
poor eyesight,dragonfly
poor eyesight,dress
poor eyesight,eagle
poor eyesight,eggbeater
poor eyesight,fig
poor eyesight,file
poor eyesight,flute
poor eyesight,fly
poor eyesight,grenade
poor eyesight,jeans
poor eyesight,missile
poor eyesight,motorcycle
portability,accordion
portability,acorn
portability,airplane
portability,aloe
portability,ant
portability,anteater
portability,anvil
portability,apple
portability,artichoke
portability,bagel
portability,banana
portability,banjo
portability,barrel
portability,bat
portability,beaver
portability,bed
portability,beet
portability,beetle
portability,bell
portability,belt
portability,bird
portability,blender
portability,blowtorch
portability,blueberry
portability,boa
portability,boar
portability,bread
portability,brussels sprouts
portability,bucket
portability,burrito
portability,cactus
portability,candle
portability,candy
portability,cannon
portability,car
portability,carrot
portability,cart
portability,cat
portability,caterpillar
portability,celery
portability,chili
portability,chinchilla
portability,chisel
portability,clarinet
portability,coat
portability,coconut
portability,crow
portability,crowbar
portability,dragonfly
portability,dress
portability,eagle
portability,eggbeater
portability,fig
portability,file
portability,flute
portability,fly
portability,grenade
portability,jeans
portability,missile
portability,motorcycle
portable,accordion
portable,acorn
portable,airplane
portable,aloe
portable,ant
portable,anteater
portable,anvil
portable,apple
portable,artichoke
portable,bagel
portable,banana
portable,banjo
portable,barrel
portable,bat
portable,beaver
portable,bed
portable,beet
portable,beetle
portable,bell
portable,belt
portable,bird
portable,blender
portable,blowtorch
portable,blueberry
portable,boa
portable,boar
portable,bread
portable,brussels sprouts
portable,bucket
portable,burrito
portable,cactus
portable,candle
portable,candy
portable,cannon
portable,car
portable,carrot
portable,cart
portable,cat
portable,caterpillar
portable,celery
portable,chili
portable,chinchilla
portable,chisel
portable,clarinet
portable,coat
portable,coconut
portable,crow
portable,crowbar
portable,dragonfly
portable,dress
portable,eagle
portable,eggbeater
portable,fig
portable,file
portable,flute
portable,fly
portable,grenade
portable,jeans
portable,missile
portable,motorcycle
propellant,accordion
propellant,acorn
propellant,airplane
propellant,aloe
propellant,ant
propellant,anteater
propellant,anvil
propellant,apple
propellant,artichoke
propellant,bagel
propellant,banana
propellant,banjo
propellant,barrel
propellant,bat
propellant,beaver
propellant,bed
propellant,beet
propellant,beetle
propellant,bell
propellant,belt
propellant,bird
propellant,blender
propellant,blowtorch
propellant,blueberry
propellant,boa
propellant,boar
propellant,bread
propellant,brussels sprouts
propellant,bucket
propellant,burrito
propellant,cactus
propellant,candle
propellant,candy
propellant,cannon
propellant,car
propellant,carrot
propellant,cart
propellant,cat
propellant,caterpillar
propellant,celery
propellant,chili
propellant,chinchilla
propellant,chisel
propellant,clarinet
propellant,coat
propellant,coconut
propellant,crow
propellant,crowbar
propellant,dragonfly
propellant,dress
propellant,eagle
propellant,eggbeater
propellant,fig
propellant,file
propellant,flute
propellant,fly
propellant,grenade
propellant,jeans
propellant,missile
propellant,motorcycle
protein content,accordion
protein content,acorn
protein content,airplane
protein content,aloe
protein content,ant
protein content,anteater
protein content,anvil
protein content,apple
protein content,artichoke
protein content,bagel
protein content,banana
protein content,banjo
protein content,barrel
protein content,bat
protein content,beaver
protein content,bed
protein content,beet
protein content,beetle
protein content,bell
protein content,belt
protein content,bird
protein content,blender
protein content,blowtorch
protein content,blueberry
protein content,boa
protein content,boar
protein content,bread
protein content,brussels sprouts
protein content,bucket
protein content,burrito
protein content,cactus
protein content,candle
protein content,candy
protein content,cannon
protein content,car
protein content,carrot
protein content,cart
protein content,cat
protein content,caterpillar
protein content,celery
protein content,chili
protein content,chinchilla
protein content,chisel
protein content,clarinet
protein content,coat
protein content,coconut
protein content,crow
protein content,crowbar
protein content,dragonfly
protein content,dress
protein content,eagle
protein content,eggbeater
protein content,fig
protein content,file
protein content,flute
protein content,fly
protein content,grenade
protein content,jeans
protein content,missile
protein content,motorcycle
rich in antioxidants,accordion
rich in antioxidants,acorn
rich in antioxidants,airplane
rich in antioxidants,aloe
rich in antioxidants,ant
rich in antioxidants,anteater
rich in antioxidants,anvil
rich in antioxidants,apple
rich in antioxidants,artichoke
rich in antioxidants,bagel
rich in antioxidants,banana
rich in antioxidants,banjo
rich in antioxidants,barrel
rich in antioxidants,bat
rich in antioxidants,beaver
rich in antioxidants,bed
rich in antioxidants,beet
rich in antioxidants,beetle
rich in antioxidants,bell
rich in antioxidants,belt
rich in antioxidants,bird
rich in antioxidants,blender
rich in antioxidants,blowtorch
rich in antioxidants,blueberry
rich in antioxidants,boa
rich in antioxidants,boar
rich in antioxidants,bread
rich in antioxidants,brussels sprouts
rich in antioxidants,bucket
rich in antioxidants,burrito
rich in antioxidants,cactus
rich in antioxidants,candle
rich in antioxidants,candy
rich in antioxidants,cannon
rich in antioxidants,car
rich in antioxidants,carrot
rich in antioxidants,cart
rich in antioxidants,cat
rich in antioxidants,caterpillar
rich in antioxidants,celery
rich in antioxidants,chili
rich in antioxidants,chinchilla
rich in antioxidants,chisel
rich in antioxidants,clarinet
rich in antioxidants,coat
rich in antioxidants,coconut
rich in antioxidants,crow
rich in antioxidants,crowbar
rich in antioxidants,dragonfly
rich in antioxidants,dress
rich in antioxidants,eagle
rich in antioxidants,eggbeater
rich in antioxidants,fig
rich in antioxidants,file
rich in antioxidants,flute
rich in antioxidants,fly
rich in antioxidants,grenade
rich in antioxidants,jeans
rich in antioxidants,missile
rich in antioxidants,motorcycle
safety features,accordion
safety features,acorn
safety features,airplane
safety features,aloe
safety features,ant
safety features,anteater
safety features,anvil
safety features,apple
safety features,artichoke
safety features,bagel
safety features,banana
safety features,banjo
safety features,barrel
safety features,bat
safety features,beaver
safety features,bed
safety features,beet
safety features,beetle
safety features,bell
safety features,belt
safety features,bird
safety features,blender
safety features,blowtorch
safety features,blueberry
safety features,boa
safety features,boar
safety features,bread
safety features,brussels sprouts
safety features,bucket
safety features,burrito
safety features,cactus
safety features,candle
safety features,candy
safety features,cannon
safety features,car
safety features,carrot
safety features,cart
safety features,cat
safety features,caterpillar
safety features,celery
safety features,chili
safety features,chinchilla
safety features,chisel
safety features,clarinet
safety features,coat
safety features,coconut
safety features,crow
safety features,crowbar
safety features,dragonfly
safety features,dress
safety features,eagle
safety features,eggbeater
safety features,fig
safety features,file
safety features,flute
safety features,fly
safety features,grenade
safety features,jeans
safety features,missile
safety features,motorcycle
segmented body,accordion
segmented body,acorn
segmented body,airplane
segmented body,aloe
segmented body,ant
segmented body,anteater
segmented body,anvil
segmented body,apple
segmented body,artichoke
segmented body,bagel
segmented body,banana
segmented body,banjo
segmented body,barrel
segmented body,bat
segmented body,beaver
segmented body,bed
segmented body,beet
segmented body,beetle
segmented body,bell
segmented body,belt
segmented body,bird
segmented body,blender
segmented body,blowtorch
segmented body,blueberry
segmented body,boa
segmented body,boar
segmented body,bread
segmented body,brussels sprouts
segmented body,bucket
segmented body,burrito
segmented body,cactus
segmented body,candle
segmented body,candy
segmented body,cannon
segmented body,car
segmented body,carrot
segmented body,cart
segmented body,cat
segmented body,caterpillar
segmented body,celery
segmented body,chili
segmented body,chinchilla
segmented body,chisel
segmented body,clarinet
segmented body,coat
segmented body,coconut
segmented body,crow
segmented body,crowbar
segmented body,dragonfly
segmented body,dress
segmented body,eagle
segmented body,eggbeater
segmented body,fig
segmented body,file
segmented body,flute
segmented body,fly
segmented body,grenade
segmented body,jeans
segmented body,missile
segmented body,motorcycle
shape,accordion
shape,acorn
shape,airplane
shape,aloe
shape,ant
shape,anteater
shape,anvil
shape,apple
shape,artichoke
shape,bagel
shape,banana
shape,banjo
shape,barrel
shape,bat
shape,beaver
shape,bed
shape,beet
shape,beetle
shape,bell
shape,belt
shape,bird
shape,blender
shape,blowtorch
shape,blueberry
shape,boa
shape,boar
shape,bread
shape,brussels sprouts
shape,bucket
shape,burrito
shape,cactus
shape,candle
shape,candy
shape,cannon
shape,car
shape,carrot
shape,cart
shape,cat
shape,caterpillar
shape,celery
shape,chili
shape,chinchilla
shape,chisel
shape,clarinet
shape,coat
shape,coconut
shape,crow
shape,crowbar
shape,dragonfly
shape,dress
shape,eagle
shape,eggbeater
shape,fig
shape,file
shape,flute
shape,fly
shape,grenade
shape,jeans
shape,missile
shape,motorcycle
sharp claws,accordion
sharp claws,acorn
sharp claws,airplane
sharp claws,aloe
sharp claws,ant
sharp claws,anteater
sharp claws,anvil
sharp claws,apple
sharp claws,artichoke
sharp claws,bagel
sharp claws,banana
sharp claws,banjo
sharp claws,barrel
sharp claws,bat
sharp claws,beaver
sharp claws,bed
sharp claws,beet
sharp claws,beetle
sharp claws,bell
sharp claws,belt
sharp claws,bird
sharp claws,blender
sharp claws,blowtorch
sharp claws,blueberry
sharp claws,boa
sharp claws,boar
sharp claws,bread
sharp claws,brussels sprouts
sharp claws,bucket
sharp claws,burrito
sharp claws,cactus
sharp claws,candle
sharp claws,candy
sharp claws,cannon
sharp claws,car
sharp claws,carrot
sharp claws,cart
sharp claws,cat
sharp claws,caterpillar
sharp claws,celery
sharp claws,chili
sharp claws,chinchilla
sharp claws,chisel
sharp claws,clarinet
sharp claws,coat
sharp claws,coconut
sharp claws,crow
sharp claws,crowbar
sharp claws,dragonfly
sharp claws,dress
sharp claws,eagle
sharp claws,eggbeater
sharp claws,fig
sharp claws,file
sharp claws,flute
sharp claws,fly
sharp claws,grenade
sharp claws,jeans
sharp claws,missile
sharp claws,motorcycle
sharp teeth,accordion
sharp teeth,acorn
sharp teeth,airplane
sharp teeth,aloe
sharp teeth,ant
sharp teeth,anteater
sharp teeth,anvil
sharp teeth,apple
sharp teeth,artichoke
sharp teeth,bagel
sharp teeth,banana
sharp teeth,banjo
sharp teeth,barrel
sharp teeth,bat
sharp teeth,beaver
sharp teeth,bed
sharp teeth,beet
sharp teeth,beetle
sharp teeth,bell
sharp teeth,belt
sharp teeth,bird
sharp teeth,blender
sharp teeth,blowtorch
sharp teeth,blueberry
sharp teeth,boa
sharp teeth,boar
sharp teeth,bread
sharp teeth,brussels sprouts
sharp teeth,bucket
sharp teeth,burrito
sharp teeth,cactus
sharp teeth,candle
sharp teeth,candy
sharp teeth,cannon
sharp teeth,car
sharp teeth,carrot
sharp teeth,cart
sharp teeth,cat
sharp teeth,caterpillar
sharp teeth,celery
sharp teeth,chili
sharp teeth,chinchilla
sharp teeth,chisel
sharp teeth,clarinet
sharp teeth,coat
sharp teeth,coconut
sharp teeth,crow
sharp teeth,crowbar
sharp teeth,dragonfly
sharp teeth,dress
sharp teeth,eagle
sharp teeth,eggbeater
sharp teeth,fig
sharp teeth,file
sharp teeth,flute
sharp teeth,fly
sharp teeth,grenade
sharp teeth,jeans
sharp teeth,missile
sharp teeth,motorcycle
shelf life,accordion
shelf life,acorn
shelf life,airplane
shelf life,aloe
shelf life,ant
shelf life,anteater
shelf life,anvil
shelf life,apple
shelf life,artichoke
shelf life,bagel
shelf life,banana
shelf life,banjo
shelf life,barrel
shelf life,bat
shelf life,beaver
shelf life,bed
shelf life,beet
shelf life,beetle
shelf life,bell
shelf life,belt
shelf life,bird
shelf life,blender
shelf life,blowtorch
shelf life,blueberry
shelf life,boa
shelf life,boar
shelf life,bread
shelf life,brussels sprouts
shelf life,bucket
shelf life,burrito
shelf life,cactus
shelf life,candle
shelf life,candy
shelf life,cannon
shelf life,car
shelf life,carrot
shelf life,cart
shelf life,cat
shelf life,caterpillar
shelf life,celery
shelf life,chili
shelf life,chinchilla
shelf life,chisel
shelf life,clarinet
shelf life,coat
shelf life,coconut
shelf life,crow
shelf life,crowbar
shelf life,dragonfly
shelf life,dress
shelf life,eagle
shelf life,eggbeater
shelf life,fig
shelf life,file
shelf life,flute
shelf life,fly
shelf life,grenade
shelf life,jeans
shelf life,missile
shelf life,motorcycle
six legs,accordion
six legs,acorn
six legs,airplane
six legs,aloe
six legs,ant
six legs,anteater
six legs,anvil
six legs,apple
six legs,artichoke
six legs,bagel
six legs,banana
six legs,banjo
six legs,barrel
six legs,bat
six legs,beaver
six legs,bed
six legs,beet
six legs,beetle
six legs,bell
six legs,belt
six legs,bird
six legs,blender
six legs,blowtorch
six legs,blueberry
six legs,boa
six legs,boar
six legs,bread
six legs,brussels sprouts
six legs,bucket
six legs,burrito
six legs,cactus
six legs,candle
six legs,candy
six legs,cannon
six legs,car
six legs,carrot
six legs,cart
six legs,cat
six legs,caterpillar
six legs,celery
six legs,chili
six legs,chinchilla
six legs,chisel
six legs,clarinet
six legs,coat
six legs,coconut
six legs,crow
six legs,crowbar
six legs,dragonfly
six legs,dress
six legs,eagle
six legs,eggbeater
six legs,fig
six legs,file
six legs,flute
six legs,fly
six legs,grenade
six legs,jeans
six legs,missile
six legs,motorcycle
size,accordion
size,acorn
size,airplane
size,aloe
size,ant
size,anteater
size,anvil
size,apple
size,artichoke
size,bagel
size,banana
size,banjo
size,barrel
size,bat
size,beaver
size,bed
size,beet
size,beetle
size,bell
size,belt
size,bird
size,blender
size,blowtorch
size,blueberry
size,boa
size,boar
size,bread
size,brussels sprouts
size,bucket
size,burrito
size,cactus
size,candle
size,candy
size,cannon
size,car
size,carrot
size,cart
size,cat
size,caterpillar
size,celery
size,chili
size,chinchilla
size,chisel
size,clarinet
size,coat
size,coconut
size,crow
size,crowbar
size,dragonfly
size,dress
size,eagle
size,eggbeater
size,fig
size,file
size,flute
size,fly
size,grenade
size,jeans
size,missile
size,motorcycle
small eyes,accordion
small eyes,acorn
small eyes,airplane
small eyes,aloe
small eyes,ant
small eyes,anteater
small eyes,anvil
small eyes,apple
small eyes,artichoke
small eyes,bagel
small eyes,banana
small eyes,banjo
small eyes,barrel
small eyes,bat
small eyes,beaver
small eyes,bed
small eyes,beet
small eyes,beetle
small eyes,bell
small eyes,belt
small eyes,bird
small eyes,blender
small eyes,blowtorch
small eyes,blueberry
small eyes,boa
small eyes,boar
small eyes,bread
small eyes,brussels sprouts
small eyes,bucket
small eyes,burrito
small eyes,cactus
small eyes,candle
small eyes,candy
small eyes,cannon
small eyes,car
small eyes,carrot
small eyes,cart
small eyes,cat
small eyes,caterpillar
small eyes,celery
small eyes,chili
small eyes,chinchilla
small eyes,chisel
small eyes,clarinet
small eyes,coat
small eyes,coconut
small eyes,crow
small eyes,crowbar
small eyes,dragonfly
small eyes,dress
small eyes,eagle
small eyes,eggbeater
small eyes,fig
small eyes,file
small eyes,flute
small eyes,fly
small eyes,grenade
small eyes,jeans
small eyes,missile
small eyes,motorcycle
small size,accordion
small size,acorn
small size,airplane
small size,aloe
small size,ant
small size,anteater
small size,anvil
small size,apple
small size,artichoke
small size,bagel
small size,banana
small size,banjo
small size,barrel
small size,bat
small size,beaver
small size,bed
small size,beet
small size,beetle
small size,bell
small size,belt
small size,bird
small size,blender
small size,blowtorch
small size,blueberry
small size,boa
small size,boar
small size,bread
small size,brussels sprouts
small size,bucket
small size,burrito
small size,cactus
small size,candle
small size,candy
small size,cannon
small size,car
small size,carrot
small size,cart
small size,cat
small size,caterpillar
small size,celery
small size,chili
small size,chinchilla
small size,chisel
small size,clarinet
small size,coat
small size,coconut
small size,crow
small size,crowbar
small size,dragonfly
small size,dress
small size,eagle
small size,eggbeater
small size,fig
small size,file
small size,flute
small size,fly
small size,grenade
small size,jeans
small size,missile
small size,motorcycle
smell,accordion
smell,acorn
smell,airplane
smell,aloe
smell,ant
smell,anteater
smell,anvil
smell,apple
smell,artichoke
smell,bagel
smell,banana
smell,banjo
smell,barrel
smell,bat
smell,beaver
smell,bed
smell,beet
smell,beetle
smell,bell
smell,belt
smell,bird
smell,blender
smell,blowtorch
smell,blueberry
smell,boa
smell,boar
smell,bread
smell,brussels sprouts
smell,bucket
smell,burrito
smell,cactus
smell,candle
smell,candy
smell,cannon
smell,car
smell,carrot
smell,cart
smell,cat
smell,caterpillar
smell,celery
smell,chili
smell,chinchilla
smell,chisel
smell,clarinet
smell,coat
smell,coconut
smell,crow
smell,crowbar
smell,dragonfly
smell,dress
smell,eagle
smell,eggbeater
smell,fig
smell,file
smell,flute
smell,fly
smell,grenade
smell,jeans
smell,missile
smell,motorcycle
social behavior,accordion
social behavior,acorn
social behavior,airplane
social behavior,aloe
social behavior,ant
social behavior,anteater
social behavior,anvil
social behavior,apple
social behavior,artichoke
social behavior,bagel
social behavior,banana
social behavior,banjo
social behavior,barrel
social behavior,bat
social behavior,beaver
social behavior,bed
social behavior,beet
social behavior,beetle
social behavior,bell
social behavior,belt
social behavior,bird
social behavior,blender
social behavior,blowtorch
social behavior,blueberry
social behavior,boa
social behavior,boar
social behavior,bread
social behavior,brussels sprouts
social behavior,bucket
social behavior,burrito
social behavior,cactus
social behavior,candle
social behavior,candy
social behavior,cannon
social behavior,car
social behavior,carrot
social behavior,cart
social behavior,cat
social behavior,caterpillar
social behavior,celery
social behavior,chili
social behavior,chinchilla
social behavior,chisel
social behavior,clarinet
social behavior,coat
social behavior,coconut
social behavior,crow
social behavior,crowbar
social behavior,dragonfly
social behavior,dress
social behavior,eagle
social behavior,eggbeater
social behavior,fig
social behavior,file
social behavior,flute
social behavior,fly
social behavior,grenade
social behavior,jeans
social behavior,missile
social behavior,motorcycle
solitary animal,accordion
solitary animal,acorn
solitary animal,airplane
solitary animal,aloe
solitary animal,ant
solitary animal,anteater
solitary animal,anvil
solitary animal,apple
solitary animal,artichoke
solitary animal,bagel
solitary animal,banana
solitary animal,banjo
solitary animal,barrel
solitary animal,bat
solitary animal,beaver
solitary animal,bed
solitary animal,beet
solitary animal,beetle
solitary animal,bell
solitary animal,belt
solitary animal,bird
solitary animal,blender
solitary animal,blowtorch
solitary animal,blueberry
solitary animal,boa
solitary animal,boar
solitary animal,bread
solitary animal,brussels sprouts
solitary animal,bucket
solitary animal,burrito
solitary animal,cactus
solitary animal,candle
solitary animal,candy
solitary animal,cannon
solitary animal,car
solitary animal,carrot
solitary animal,cart
solitary animal,cat
solitary animal,caterpillar
solitary animal,celery
solitary animal,chili
solitary animal,chinchilla
solitary animal,chisel
solitary animal,clarinet
solitary animal,coat
solitary animal,coconut
solitary animal,crow
solitary animal,crowbar
solitary animal,dragonfly
solitary animal,dress
solitary animal,eagle
solitary animal,eggbeater
solitary animal,fig
solitary animal,file
solitary animal,flute
solitary animal,fly
solitary animal,grenade
solitary animal,jeans
solitary animal,missile
solitary animal,motorcycle
stability,accordion
stability,acorn
stability,airplane
stability,aloe
stability,ant
stability,anteater
stability,anvil
stability,apple
stability,artichoke
stability,bagel
stability,banana
stability,banjo
stability,barrel
stability,bat
stability,beaver
stability,bed
stability,beet
stability,beetle
stability,bell
stability,belt
stability,bird
stability,blender
stability,blowtorch
stability,blueberry
stability,boa
stability,boar
stability,bread
stability,brussels sprouts
stability,bucket
stability,burrito
stability,cactus
stability,candle
stability,candy
stability,cannon
stability,car
stability,carrot
stability,cart
stability,cat
stability,caterpillar
stability,celery
stability,chili
stability,chinchilla
stability,chisel
stability,clarinet
stability,coat
stability,coconut
stability,crow
stability,crowbar
stability,dragonfly
stability,dress
stability,eagle
stability,eggbeater
stability,fig
stability,file
stability,flute
stability,fly
stability,grenade
stability,jeans
stability,missile
stability,motorcycle
strong legs,accordion
strong legs,acorn
strong legs,airplane
strong legs,aloe
strong legs,ant
strong legs,anteater
strong legs,anvil
strong legs,apple
strong legs,artichoke
strong legs,bagel
strong legs,banana
strong legs,banjo
strong legs,barrel
strong legs,bat
strong legs,beaver
strong legs,bed
strong legs,beet
strong legs,beetle
strong legs,bell
strong legs,belt
strong legs,bird
strong legs,blender
strong legs,blowtorch
strong legs,blueberry
strong legs,boa
strong legs,boar
strong legs,bread
strong legs,brussels sprouts
strong legs,bucket
strong legs,burrito
strong legs,cactus
strong legs,candle
strong legs,candy
strong legs,cannon
strong legs,car
strong legs,carrot
strong legs,cart
strong legs,cat
strong legs,caterpillar
strong legs,celery
strong legs,chili
strong legs,chinchilla
strong legs,chisel
strong legs,clarinet
strong legs,coat
strong legs,coconut
strong legs,crow
strong legs,crowbar
strong legs,dragonfly
strong legs,dress
strong legs,eagle
strong legs,eggbeater
strong legs,fig
strong legs,file
strong legs,flute
strong legs,fly
strong legs,grenade
strong legs,jeans
strong legs,missile
strong legs,motorcycle
strong muscles,accordion
strong muscles,acorn
strong muscles,airplane
strong muscles,aloe
strong muscles,ant
strong muscles,anteater
strong muscles,anvil
strong muscles,apple
strong muscles,artichoke
strong muscles,bagel
strong muscles,banana
strong muscles,banjo
strong muscles,barrel
strong muscles,bat
strong muscles,beaver
strong muscles,bed
strong muscles,beet
strong muscles,beetle
strong muscles,bell
strong muscles,belt
strong muscles,bird
strong muscles,blender
strong muscles,blowtorch
strong muscles,blueberry
strong muscles,boa
strong muscles,boar
strong muscles,bread
strong muscles,brussels sprouts
strong muscles,bucket
strong muscles,burrito
strong muscles,cactus
strong muscles,candle
strong muscles,candy
strong muscles,cannon
strong muscles,car
strong muscles,carrot
strong muscles,cart
strong muscles,cat
strong muscles,caterpillar
strong muscles,celery
strong muscles,chili
strong muscles,chinchilla
strong muscles,chisel
strong muscles,clarinet
strong muscles,coat
strong muscles,coconut
strong muscles,crow
strong muscles,crowbar
strong muscles,dragonfly
strong muscles,dress
strong muscles,eagle
strong muscles,eggbeater
strong muscles,fig
strong muscles,file
strong muscles,flute
strong muscles,fly
strong muscles,grenade
strong muscles,jeans
strong muscles,missile
strong muscles,motorcycle
strong sense of smell,accordion
strong sense of smell,acorn
strong sense of smell,airplane
strong sense of smell,aloe
strong sense of smell,ant
strong sense of smell,anteater
strong sense of smell,anvil
strong sense of smell,apple
strong sense of smell,artichoke
strong sense of smell,bagel
strong sense of smell,banana
strong sense of smell,banjo
strong sense of smell,barrel
strong sense of smell,bat
strong sense of smell,beaver
strong sense of smell,bed
strong sense of smell,beet
strong sense of smell,beetle
strong sense of smell,bell
strong sense of smell,belt
strong sense of smell,bird
strong sense of smell,blender
strong sense of smell,blowtorch
strong sense of smell,blueberry
strong sense of smell,boa
strong sense of smell,boar
strong sense of smell,bread
strong sense of smell,brussels sprouts
strong sense of smell,bucket
strong sense of smell,burrito
strong sense of smell,cactus
strong sense of smell,candle
strong sense of smell,candy
strong sense of smell,cannon
strong sense of smell,car
strong sense of smell,carrot
strong sense of smell,cart
strong sense of smell,cat
strong sense of smell,caterpillar
strong sense of smell,celery
strong sense of smell,chili
strong sense of smell,chinchilla
strong sense of smell,chisel
strong sense of smell,clarinet
strong sense of smell,coat
strong sense of smell,coconut
strong sense of smell,crow
strong sense of smell,crowbar
strong sense of smell,dragonfly
strong sense of smell,dress
strong sense of smell,eagle
strong sense of smell,eggbeater
strong sense of smell,fig
strong sense of smell,file
strong sense of smell,flute
strong sense of smell,fly
strong sense of smell,grenade
strong sense of smell,jeans
strong sense of smell,missile
strong sense of smell,motorcycle
style,accordion
style,acorn
style,airplane
style,aloe
style,ant
style,anteater
style,anvil
style,apple
style,artichoke
style,bagel
style,banana
style,banjo
style,barrel
style,bat
style,beaver
style,bed
style,beet
style,beetle
style,bell
style,belt
style,bird
style,blender
style,blowtorch
style,blueberry
style,boa
style,boar
style,bread
style,brussels sprouts
style,bucket
style,burrito
style,cactus
style,candle
style,candy
style,cannon
style,car
style,carrot
style,cart
style,cat
style,caterpillar
style,celery
style,chili
style,chinchilla
style,chisel
style,clarinet
style,coat
style,coconut
style,crow
style,crowbar
style,dragonfly
style,dress
style,eagle
style,eggbeater
style,fig
style,file
style,flute
style,fly
style,grenade
style,jeans
style,missile
style,motorcycle
sugar content,accordion
sugar content,acorn
sugar content,airplane
sugar content,aloe
sugar content,ant
sugar content,anteater
sugar content,anvil
sugar content,apple
sugar content,artichoke
sugar content,bagel
sugar content,banana
sugar content,banjo
sugar content,barrel
sugar content,bat
sugar content,beaver
sugar content,bed
sugar content,beet
sugar content,beetle
sugar content,bell
sugar content,belt
sugar content,bird
sugar content,blender
sugar content,blowtorch
sugar content,blueberry
sugar content,boa
sugar content,boar
sugar content,bread
sugar content,brussels sprouts
sugar content,bucket
sugar content,burrito
sugar content,cactus
sugar content,candle
sugar content,candy
sugar content,cannon
sugar content,car
sugar content,carrot
sugar content,cart
sugar content,cat
sugar content,caterpillar
sugar content,celery
sugar content,chili
sugar content,chinchilla
sugar content,chisel
sugar content,clarinet
sugar content,coat
sugar content,coconut
sugar content,crow
sugar content,crowbar
sugar content,dragonfly
sugar content,dress
sugar content,eagle
sugar content,eggbeater
sugar content,fig
sugar content,file
sugar content,flute
sugar content,fly
sugar content,grenade
sugar content,jeans
sugar content,missile
sugar content,motorcycle
supports digestive health,accordion
supports digestive health,acorn
supports digestive health,airplane
supports digestive health,aloe
supports digestive health,ant
supports digestive health,anteater
supports digestive health,anvil
supports digestive health,apple
supports digestive health,artichoke
supports digestive health,bagel
supports digestive health,banana
supports digestive health,banjo
supports digestive health,barrel
supports digestive health,bat
supports digestive health,beaver
supports digestive health,bed
supports digestive health,beet
supports digestive health,beetle
supports digestive health,bell
supports digestive health,belt
supports digestive health,bird
supports digestive health,blender
supports digestive health,blowtorch
supports digestive health,blueberry
supports digestive health,boa
supports digestive health,boar
supports digestive health,bread
supports digestive health,brussels sprouts
supports digestive health,bucket
supports digestive health,burrito
supports digestive health,cactus
supports digestive health,candle
supports digestive health,candy
supports digestive health,cannon
supports digestive health,car
supports digestive health,carrot
supports digestive health,cart
supports digestive health,cat
supports digestive health,caterpillar
supports digestive health,celery
supports digestive health,chili
supports digestive health,chinchilla
supports digestive health,chisel
supports digestive health,clarinet
supports digestive health,coat
supports digestive health,coconut
supports digestive health,crow
supports digestive health,crowbar
supports digestive health,dragonfly
supports digestive health,dress
supports digestive health,eagle
supports digestive health,eggbeater
supports digestive health,fig
supports digestive health,file
supports digestive health,flute
supports digestive health,fly
supports digestive health,grenade
supports digestive health,jeans
supports digestive health,missile
supports digestive health,motorcycle
supports heart health,accordion
supports heart health,acorn
supports heart health,airplane
supports heart health,aloe
supports heart health,ant
supports heart health,anteater
supports heart health,anvil
supports heart health,apple
supports heart health,artichoke
supports heart health,bagel
supports heart health,banana
supports heart health,banjo
supports heart health,barrel
supports heart health,bat
supports heart health,beaver
supports heart health,bed
supports heart health,beet
supports heart health,beetle
supports heart health,bell
supports heart health,belt
supports heart health,bird
supports heart health,blender
supports heart health,blowtorch
supports heart health,blueberry
supports heart health,boa
supports heart health,boar
supports heart health,bread
supports heart health,brussels sprouts
supports heart health,bucket
supports heart health,burrito
supports heart health,cactus
supports heart health,candle
supports heart health,candy
supports heart health,cannon
supports heart health,car
supports heart health,carrot
supports heart health,cart
supports heart health,cat
supports heart health,caterpillar
supports heart health,celery
supports heart health,chili
supports heart health,chinchilla
supports heart health,chisel
supports heart health,clarinet
supports heart health,coat
supports heart health,coconut
supports heart health,crow
supports heart health,crowbar
supports heart health,dragonfly
supports heart health,dress
supports heart health,eagle
supports heart health,eggbeater
supports heart health,fig
supports heart health,file
supports heart health,flute
supports heart health,fly
supports heart health,grenade
supports heart health,jeans
supports heart health,missile
supports heart health,motorcycle
suspension,accordion
suspension,acorn
suspension,airplane
suspension,aloe
suspension,ant
suspension,anteater
suspension,anvil
suspension,apple
suspension,artichoke
suspension,bagel
suspension,banana
suspension,banjo
suspension,barrel
suspension,bat
suspension,beaver
suspension,bed
suspension,beet
suspension,beetle
suspension,bell
suspension,belt
suspension,bird
suspension,blender
suspension,blowtorch
suspension,blueberry
suspension,boa
suspension,boar
suspension,bread
suspension,brussels sprouts
suspension,bucket
suspension,burrito
suspension,cactus
suspension,candle
suspension,candy
suspension,cannon
suspension,car
suspension,carrot
suspension,cart
suspension,cat
suspension,caterpillar
suspension,celery
suspension,chili
suspension,chinchilla
suspension,chisel
suspension,clarinet
suspension,coat
suspension,coconut
suspension,crow
suspension,crowbar
suspension,dragonfly
suspension,dress
suspension,eagle
suspension,eggbeater
suspension,fig
suspension,file
suspension,flute
suspension,fly
suspension,grenade
suspension,jeans
suspension,missile
suspension,motorcycle
sweet taste,accordion
sweet taste,acorn
sweet taste,airplane
sweet taste,aloe
sweet taste,ant
sweet taste,anteater
sweet taste,anvil
sweet taste,apple
sweet taste,artichoke
sweet taste,bagel
sweet taste,banana
sweet taste,banjo
sweet taste,barrel
sweet taste,bat
sweet taste,beaver
sweet taste,bed
sweet taste,beet
sweet taste,beetle
sweet taste,bell
sweet taste,belt
sweet taste,bird
sweet taste,blender
sweet taste,blowtorch
sweet taste,blueberry
sweet taste,boa
sweet taste,boar
sweet taste,bread
sweet taste,brussels sprouts
sweet taste,bucket
sweet taste,burrito
sweet taste,cactus
sweet taste,candle
sweet taste,candy
sweet taste,cannon
sweet taste,car
sweet taste,carrot
sweet taste,cart
sweet taste,cat
sweet taste,caterpillar
sweet taste,celery
sweet taste,chili
sweet taste,chinchilla
sweet taste,chisel
sweet taste,clarinet
sweet taste,coat
sweet taste,coconut
sweet taste,crow
sweet taste,crowbar
sweet taste,dragonfly
sweet taste,dress
sweet taste,eagle
sweet taste,eggbeater
sweet taste,fig
sweet taste,file
sweet taste,flute
sweet taste,fly
sweet taste,grenade
sweet taste,jeans
sweet taste,missile
sweet taste,motorcycle
sweetness,accordion
sweetness,acorn
sweetness,airplane
sweetness,aloe
sweetness,ant
sweetness,anteater
sweetness,anvil
sweetness,apple
sweetness,artichoke
sweetness,bagel
sweetness,banana
sweetness,banjo
sweetness,barrel
sweetness,bat
sweetness,beaver
sweetness,bed
sweetness,beet
sweetness,beetle
sweetness,bell
sweetness,belt
sweetness,bird
sweetness,blender
sweetness,blowtorch
sweetness,blueberry
sweetness,boa
sweetness,boar
sweetness,bread
sweetness,brussels sprouts
sweetness,bucket
sweetness,burrito
sweetness,cactus
sweetness,candle
sweetness,candy
sweetness,cannon
sweetness,car
sweetness,carrot
sweetness,cart
sweetness,cat
sweetness,caterpillar
sweetness,celery
sweetness,chili
sweetness,chinchilla
sweetness,chisel
sweetness,clarinet
sweetness,coat
sweetness,coconut
sweetness,crow
sweetness,crowbar
sweetness,dragonfly
sweetness,dress
sweetness,eagle
sweetness,eggbeater
sweetness,fig
sweetness,file
sweetness,flute
sweetness,fly
sweetness,grenade
sweetness,jeans
sweetness,missile
sweetness,motorcycle
tail,accordion
tail,acorn
tail,airplane
tail,aloe
tail,ant
tail,anteater
tail,anvil
tail,apple
tail,artichoke
tail,bagel
tail,banana
tail,banjo
tail,barrel
tail,bat
tail,beaver
tail,bed
tail,beet
tail,beetle
tail,bell
tail,belt
tail,bird
tail,blender
tail,blowtorch
tail,blueberry
tail,boa
tail,boar
tail,bread
tail,brussels sprouts
tail,bucket
tail,burrito
tail,cactus
tail,candle
tail,candy
tail,cannon
tail,car
tail,carrot
tail,cart
tail,cat
tail,caterpillar
tail,celery
tail,chili
tail,chinchilla
tail,chisel
tail,clarinet
tail,coat
tail,coconut
tail,crow
tail,crowbar
tail,dragonfly
tail,dress
tail,eagle
tail,eggbeater
tail,fig
tail,file
tail,flute
tail,fly
tail,grenade
tail,jeans
tail,missile
tail,motorcycle
taste,accordion
taste,acorn
taste,airplane
taste,aloe
taste,ant
taste,anteater
taste,anvil
taste,apple
taste,artichoke
taste,bagel
taste,banana
taste,banjo
taste,barrel
taste,bat
taste,beaver
taste,bed
taste,beet
taste,beetle
taste,bell
taste,belt
taste,bird
taste,blender
taste,blowtorch
taste,blueberry
taste,boa
taste,boar
taste,bread
taste,brussels sprouts
taste,bucket
taste,burrito
taste,cactus
taste,candle
taste,candy
taste,cannon
taste,car
taste,carrot
taste,cart
taste,cat
taste,caterpillar
taste,celery
taste,chili
taste,chinchilla
taste,chisel
taste,clarinet
taste,coat
taste,coconut
taste,crow
taste,crowbar
taste,dragonfly
taste,dress
taste,eagle
taste,eggbeater
taste,fig
taste,file
taste,flute
taste,fly
taste,grenade
taste,jeans
taste,missile
taste,motorcycle
territorial behavior,accordion
territorial behavior,acorn
territorial behavior,airplane
territorial behavior,aloe
territorial behavior,ant
territorial behavior,anteater
territorial behavior,anvil
territorial behavior,apple
territorial behavior,artichoke
territorial behavior,bagel
territorial behavior,banana
territorial behavior,banjo
territorial behavior,barrel
territorial behavior,bat
territorial behavior,beaver
territorial behavior,bed
territorial behavior,beet
territorial behavior,beetle
territorial behavior,bell
territorial behavior,belt
territorial behavior,bird
territorial behavior,blender
territorial behavior,blowtorch
territorial behavior,blueberry
territorial behavior,boa
territorial behavior,boar
territorial behavior,bread
territorial behavior,brussels sprouts
territorial behavior,bucket
territorial behavior,burrito
territorial behavior,cactus
territorial behavior,candle
territorial behavior,candy
territorial behavior,cannon
territorial behavior,car
territorial behavior,carrot
territorial behavior,cart
territorial behavior,cat
territorial behavior,caterpillar
territorial behavior,celery
territorial behavior,chili
territorial behavior,chinchilla
territorial behavior,chisel
territorial behavior,clarinet
territorial behavior,coat
territorial behavior,coconut
territorial behavior,crow
territorial behavior,crowbar
territorial behavior,dragonfly
territorial behavior,dress
territorial behavior,eagle
territorial behavior,eggbeater
territorial behavior,fig
territorial behavior,file
territorial behavior,flute
territorial behavior,fly
territorial behavior,grenade
territorial behavior,jeans
territorial behavior,missile
territorial behavior,motorcycle
texture,accordion
texture,acorn
texture,airplane
texture,aloe
texture,ant
texture,anteater
texture,anvil
texture,apple
texture,artichoke
texture,bagel
texture,banana
texture,banjo
texture,barrel
texture,bat
texture,beaver
texture,bed
texture,beet
texture,beetle
texture,bell
texture,belt
texture,bird
texture,blender
texture,blowtorch
texture,blueberry
texture,boa
texture,boar
texture,bread
texture,brussels sprouts
texture,bucket
texture,burrito
texture,cactus
texture,candle
texture,candy
texture,cannon
texture,car
texture,carrot
texture,cart
texture,cat
texture,caterpillar
texture,celery
texture,chili
texture,chinchilla
texture,chisel
texture,clarinet
texture,coat
texture,coconut
texture,crow
texture,crowbar
texture,dragonfly
texture,dress
texture,eagle
texture,eggbeater
texture,fig
texture,file
texture,flute
texture,fly
texture,grenade
texture,jeans
texture,missile
texture,motorcycle
thin skin,accordion
thin skin,acorn
thin skin,airplane
thin skin,aloe
thin skin,ant
thin skin,anteater
thin skin,anvil
thin skin,apple
thin skin,artichoke
thin skin,bagel
thin skin,banana
thin skin,banjo
thin skin,barrel
thin skin,bat
thin skin,beaver
thin skin,bed
thin skin,beet
thin skin,beetle
thin skin,bell
thin skin,belt
thin skin,bird
thin skin,blender
thin skin,blowtorch
thin skin,blueberry
thin skin,boa
thin skin,boar
thin skin,bread
thin skin,brussels sprouts
thin skin,bucket
thin skin,burrito
thin skin,cactus
thin skin,candle
thin skin,candy
thin skin,cannon
thin skin,car
thin skin,carrot
thin skin,cart
thin skin,cat
thin skin,caterpillar
thin skin,celery
thin skin,chili
thin skin,chinchilla
thin skin,chisel
thin skin,clarinet
thin skin,coat
thin skin,coconut
thin skin,crow
thin skin,crowbar
thin skin,dragonfly
thin skin,dress
thin skin,eagle
thin skin,eggbeater
thin skin,fig
thin skin,file
thin skin,flute
thin skin,fly
thin skin,grenade
thin skin,jeans
thin skin,missile
thin skin,motorcycle
variety of species,accordion
variety of species,acorn
variety of species,airplane
variety of species,aloe
variety of species,ant
variety of species,anteater
variety of species,anvil
variety of species,apple
variety of species,artichoke
variety of species,bagel
variety of species,banana
variety of species,banjo
variety of species,barrel
variety of species,bat
variety of species,beaver
variety of species,bed
variety of species,beet
variety of species,beetle
variety of species,bell
variety of species,belt
variety of species,bird
variety of species,blender
variety of species,blowtorch
variety of species,blueberry
variety of species,boa
variety of species,boar
variety of species,bread
variety of species,brussels sprouts
variety of species,bucket
variety of species,burrito
variety of species,cactus
variety of species,candle
variety of species,candy
variety of species,cannon
variety of species,car
variety of species,carrot
variety of species,cart
variety of species,cat
variety of species,caterpillar
variety of species,celery
variety of species,chili
variety of species,chinchilla
variety of species,chisel
variety of species,clarinet
variety of species,coat
variety of species,coconut
variety of species,crow
variety of species,crowbar
variety of species,dragonfly
variety of species,dress
variety of species,eagle
variety of species,eggbeater
variety of species,fig
variety of species,file
variety of species,flute
variety of species,fly
variety of species,grenade
variety of species,jeans
variety of species,missile
variety of species,motorcycle
versatility,accordion
versatility,acorn
versatility,airplane
versatility,aloe
versatility,ant
versatility,anteater
versatility,anvil
versatility,apple
versatility,artichoke
versatility,bagel
versatility,banana
versatility,banjo
versatility,barrel
versatility,bat
versatility,beaver
versatility,bed
versatility,beet
versatility,beetle
versatility,bell
versatility,belt
versatility,bird
versatility,blender
versatility,blowtorch
versatility,blueberry
versatility,boa
versatility,boar
versatility,bread
versatility,brussels sprouts
versatility,bucket
versatility,burrito
versatility,cactus
versatility,candle
versatility,candy
versatility,cannon
versatility,car
versatility,carrot
versatility,cart
versatility,cat
versatility,caterpillar
versatility,celery
versatility,chili
versatility,chinchilla
versatility,chisel
versatility,clarinet
versatility,coat
versatility,coconut
versatility,crow
versatility,crowbar
versatility,dragonfly
versatility,dress
versatility,eagle
versatility,eggbeater
versatility,fig
versatility,file
versatility,flute
versatility,fly
versatility,grenade
versatility,jeans
versatility,missile
versatility,motorcycle
volume,accordion
volume,acorn
volume,airplane
volume,aloe
volume,ant
volume,anteater
volume,anvil
volume,apple
volume,artichoke
volume,bagel
volume,banana
volume,banjo
volume,barrel
volume,bat
volume,beaver
volume,bed
volume,beet
volume,beetle
volume,bell
volume,belt
volume,bird
volume,blender
volume,blowtorch
volume,blueberry
volume,boa
volume,boar
volume,bread
volume,brussels sprouts
volume,bucket
volume,burrito
volume,cactus
volume,candle
volume,candy
volume,cannon
volume,car
volume,carrot
volume,cart
volume,cat
volume,caterpillar
volume,celery
volume,chili
volume,chinchilla
volume,chisel
volume,clarinet
volume,coat
volume,coconut
volume,crow
volume,crowbar
volume,dragonfly
volume,dress
volume,eagle
volume,eggbeater
volume,fig
volume,file
volume,flute
volume,fly
volume,grenade
volume,jeans
volume,missile
volume,motorcycle
water content,accordion
water content,acorn
water content,airplane
water content,aloe
water content,ant
water content,anteater
water content,anvil
water content,apple
water content,artichoke
water content,bagel
water content,banana
water content,banjo
water content,barrel
water content,bat
water content,beaver
water content,bed
water content,beet
water content,beetle
water content,bell
water content,belt
water content,bird
water content,blender
water content,blowtorch
water content,blueberry
water content,boa
water content,boar
water content,bread
water content,brussels sprouts
water content,bucket
water content,burrito
water content,cactus
water content,candle
water content,candy
water content,cannon
water content,car
water content,carrot
water content,cart
water content,cat
water content,caterpillar
water content,celery
water content,chili
water content,chinchilla
water content,chisel
water content,clarinet
water content,coat
water content,coconut
water content,crow
water content,crowbar
water content,dragonfly
water content,dress
water content,eagle
water content,eggbeater
water content,fig
water content,file
water content,flute
water content,fly
water content,grenade
water content,jeans
water content,missile
water content,motorcycle
water resistance,accordion
water resistance,acorn
water resistance,airplane
water resistance,aloe
water resistance,ant
water resistance,anteater
water resistance,anvil
water resistance,apple
water resistance,artichoke
water resistance,bagel
water resistance,banana
water resistance,banjo
water resistance,barrel
water resistance,bat
water resistance,beaver
water resistance,bed
water resistance,beet
water resistance,beetle
water resistance,bell
water resistance,belt
water resistance,bird
water resistance,blender
water resistance,blowtorch
water resistance,blueberry
water resistance,boa
water resistance,boar
water resistance,bread
water resistance,brussels sprouts
water resistance,bucket
water resistance,burrito
water resistance,cactus
water resistance,candle
water resistance,candy
water resistance,cannon
water resistance,car
water resistance,carrot
water resistance,cart
water resistance,cat
water resistance,caterpillar
water resistance,celery
water resistance,chili
water resistance,chinchilla
water resistance,chisel
water resistance,clarinet
water resistance,coat
water resistance,coconut
water resistance,crow
water resistance,crowbar
water resistance,dragonfly
water resistance,dress
water resistance,eagle
water resistance,eggbeater
water resistance,fig
water resistance,file
water resistance,flute
water resistance,fly
water resistance,grenade
water resistance,jeans
water resistance,missile
water resistance,motorcycle
weight,accordion
weight,acorn
weight,airplane
weight,aloe
weight,ant
weight,anteater
weight,anvil
weight,apple
weight,artichoke
weight,bagel
weight,banana
weight,banjo
weight,barrel
weight,bat
weight,beaver
weight,bed
weight,beet
weight,beetle
weight,bell
weight,belt
weight,bird
weight,blender
weight,blowtorch
weight,blueberry
weight,boa
weight,boar
weight,bread
weight,brussels sprouts
weight,bucket
weight,burrito
weight,cactus
weight,candle
weight,candy
weight,cannon
weight,car
weight,carrot
weight,cart
weight,cat
weight,caterpillar
weight,celery
weight,chili
weight,chinchilla
weight,chisel
weight,clarinet
weight,coat
weight,coconut
weight,crow
weight,crowbar
weight,dragonfly
weight,dress
weight,eagle
weight,eggbeater
weight,fig
weight,file
weight,flute
weight,fly
weight,grenade
weight,jeans
weight,missile
weight,motorcycle
wheels,accordion
wheels,acorn
wheels,airplane
wheels,aloe
wheels,ant
wheels,anteater
wheels,anvil
wheels,apple
wheels,artichoke
wheels,bagel
wheels,banana
wheels,banjo
wheels,barrel
wheels,bat
wheels,beaver
wheels,bed
wheels,beet
wheels,beetle
wheels,bell
wheels,belt
wheels,bird
wheels,blender
wheels,blowtorch
wheels,blueberry
wheels,boa
wheels,boar
wheels,bread
wheels,brussels sprouts
wheels,bucket
wheels,burrito
wheels,cactus
wheels,candle
wheels,candy
wheels,cannon
wheels,car
wheels,carrot
wheels,cart
wheels,cat
wheels,caterpillar
wheels,celery
wheels,chili
wheels,chinchilla
wheels,chisel
wheels,clarinet
wheels,coat
wheels,coconut
wheels,crow
wheels,crowbar
wheels,dragonfly
wheels,dress
wheels,eagle
wheels,eggbeater
wheels,fig
wheels,file
wheels,flute
wheels,fly
wheels,grenade
wheels,jeans
wheels,missile
wheels,motorcycle
width,accordion
width,acorn
width,airplane
width,aloe
width,ant
width,anteater
width,anvil
width,apple
width,artichoke
width,bagel
width,banana
width,banjo
width,barrel
width,bat
width,beaver
width,bed
width,beet
width,beetle
width,bell
width,belt
width,bird
width,blender
width,blowtorch
width,blueberry
width,boa
width,boar
width,bread
width,brussels sprouts
width,bucket
width,burrito
width,cactus
width,candle
width,candy
width,cannon
width,car
width,carrot
width,cart
width,cat
width,caterpillar
width,celery
width,chili
width,chinchilla
width,chisel
width,clarinet
width,coat
width,coconut
width,crow
width,crowbar
width,dragonfly
width,dress
width,eagle
width,eggbeater
width,fig
width,file
width,flute
width,fly
width,grenade
width,jeans
width,missile
width,motorcycle
wings,accordion
wings,acorn
wings,airplane
wings,aloe
wings,ant
wings,anteater
wings,anvil
wings,apple
wings,artichoke
wings,bagel
wings,banana
wings,banjo
wings,barrel
wings,bat
wings,beaver
wings,bed
wings,beet
wings,beetle
wings,bell
wings,belt
wings,bird
wings,blender
wings,blowtorch
wings,blueberry
wings,boa
wings,boar
wings,bread
wings,brussels sprouts
wings,bucket
wings,burrito
wings,cactus
wings,candle
wings,candy
wings,cannon
wings,car
wings,carrot
wings,cart
wings,cat
wings,caterpillar
wings,celery
wings,chili
wings,chinchilla
wings,chisel
wings,clarinet
wings,coat
wings,coconut
wings,crow
wings,crowbar
wings,dragonfly
wings,dress
wings,eagle
wings,eggbeater
wings,fig
wings,file
wings,flute
wings,fly
wings,grenade
wings,jeans
wings,missile
wings,motorcycle
