input,prompt,response
amphibian|Alligator,"Q: Is the property [is female] true for the concept [book]? 
 A: False 
 Q: Is the property [can be digital] true for the concept [book] 
 A: True 
 In one word True/False, answer the following question Q: Is the property [amphibian] true for [Alligator]? 
 A:",True
amphibian|Anvil,"Q: Is the property [is female] true for the concept [book]? 
 A: False 
 Q: Is the property [can be digital] true for the concept [book] 
 A: True 
 In one word True/False, answer the following question Q: Is the property [amphibian] true for [Anvil]? 
 A:",False
amphibian|Axe,"Q: Is the property [is female] true for the concept [book]? 
 A: False 
 Q: Is the property [can be digital] true for the concept [book] 
 A: True 
 In one word True/False, answer the following question Q: Is the property [amphibian] true for [Axe]? 
 A:",False
amphibian|Blindworm,"Q: Is the property [is female] true for the concept [book]? 
 A: False 
 Q: Is the property [can be digital] true for the concept [book] 
 A: True 
 In one word True/False, answer the following question Q: Is the property [amphibian] true for [Blindworm]? 
 A:",False
amphibian|Boa python,"Q: Is the property [is female] true for the concept [book]? 
 A: False 
 Q: Is the property [can be digital] true for the concept [book] 
 A: True 
 In one word True/False, answer the following question Q: Is the property [amphibian] true for [Boa python]? 
 A:",False
amphibian|Caiman,"Q: Is the property [is female] true for the concept [book]? 
 A: False 
 Q: Is the property [can be digital] true for the concept [book] 
 A: True 
 In one word True/False, answer the following question Q: Is the property [amphibian] true for [Caiman]? 
 A:",True
amphibian|Chameleon,"Q: Is the property [is female] true for the concept [book]? 
 A: False 
 Q: Is the property [can be digital] true for the concept [book] 
 A: True 
 In one word True/False, answer the following question Q: Is the property [amphibian] true for [Chameleon]? 
 A:",True
amphibian|Chisel,"Q: Is the property [is female] true for the concept [book]? 
 A: False 
 Q: Is the property [can be digital] true for the concept [book] 
 A: True 
 In one word True/False, answer the following question Q: Is the property [amphibian] true for [Chisel]? 
 A:",False
amphibian|Cobra,"Q: Is the property [is female] true for the concept [book]? 
 A: False 
 Q: Is the property [can be digital] true for the concept [book] 
 A: True 
 In one word True/False, answer the following question Q: Is the property [amphibian] true for [Cobra]? 
 A:",False
amphibian|Crocodile,"Q: Is the property [is female] true for the concept [book]? 
 A: False 
 Q: Is the property [can be digital] true for the concept [book] 
 A: True 
 In one word True/False, answer the following question Q: Is the property [amphibian] true for [Crocodile]? 
 A:",True
amphibian|Dinosaur,"Q: Is the property [is female] true for the concept [book]? 
 A: False 
 Q: Is the property [can be digital] true for the concept [book] 
 A: True 
 In one word True/False, answer the following question Q: Is the property [amphibian] true for [Dinosaur]? 
 A:",False
amphibian|Gecko,"Q: Is the property [is female] true for the concept [book]? 
 A: False 
 Q: Is the property [can be digital] true for the concept [book] 
 A: True 
 In one word True/False, answer the following question Q: Is the property [amphibian] true for [Gecko]? 
 A:",True
amphibian|Grinding disk,"Q: Is the property [is female] true for the concept [book]? 
 A: False 
 Q: Is the property [can be digital] true for the concept [book] 
 A: True 
 In one word True/False, answer the following question Q: Is the property [amphibian] true for [Grinding disk]? 
 A:",False
amphibian|Hammer,"Q: Is the property [is female] true for the concept [book]? 
 A: False 
 Q: Is the property [can be digital] true for the concept [book] 
 A: True 
 In one word True/False, answer the following question Q: Is the property [amphibian] true for [Hammer]? 
 A:",False
amphibian|Knife,"Q: Is the property [is female] true for the concept [book]? 
 A: False 
 Q: Is the property [can be digital] true for the concept [book] 
 A: True 
 In one word True/False, answer the following question Q: Is the property [amphibian] true for [Knife]? 
 A:",False
amphibian|Lawn Mower,"Q: Is the property [is female] true for the concept [book]? 
 A: False 
 Q: Is the property [can be digital] true for the concept [book] 
 A: True 
 In one word True/False, answer the following question Q: Is the property [amphibian] true for [Lawn Mower]? 
 A:",False
amphibian|Lizard,"Q: Is the property [is female] true for the concept [book]? 
 A: False 
 Q: Is the property [can be digital] true for the concept [book] 
 A: True 
 In one word True/False, answer the following question Q: Is the property [amphibian] true for [Lizard]? 
 A:",True
amphibian|Nail,"Q: Is the property [is female] true for the concept [book]? 
 A: False 
 Q: Is the property [can be digital] true for the concept [book] 
 A: True 
 In one word True/False, answer the following question Q: Is the property [amphibian] true for [Nail]? 
 A:",False
amphibian|Oil can,"Q: Is the property [is female] true for the concept [book]? 
 A: False 
 Q: Is the property [can be digital] true for the concept [book] 
 A: True 
 In one word True/False, answer the following question Q: Is the property [amphibian] true for [Oil can]? 
 A:",False
amphibian|Paint brush,"Q: Is the property [is female] true for the concept [book]? 
 A: False 
 Q: Is the property [can be digital] true for the concept [book] 
 A: True 
 In one word True/False, answer the following question Q: Is the property [amphibian] true for [Paint brush]? 
 A:",False
amphibian|Salamander,"Q: Is the property [is female] true for the concept [book]? 
 A: False 
 Q: Is the property [can be digital] true for the concept [book] 
 A: True 
 In one word True/False, answer the following question Q: Is the property [amphibian] true for [Salamander]? 
 A:",True
amphibian|Saw,"Q: Is the property [is female] true for the concept [book]? 
 A: False 
 Q: Is the property [can be digital] true for the concept [book] 
 A: True 
 In one word True/False, answer the following question Q: Is the property [amphibian] true for [Saw]? 
 A:",False
amphibian|Screwdriver,"Q: Is the property [is female] true for the concept [book]? 
 A: False 
 Q: Is the property [can be digital] true for the concept [book] 
 A: True 
 In one word True/False, answer the following question Q: Is the property [amphibian] true for [Screwdriver]? 
 A:",False
amphibian|Shovel,"Q: Is the property [is female] true for the concept [book]? 
 A: False 
 Q: Is the property [can be digital] true for the concept [book] 
 A: True 
 In one word True/False, answer the following question Q: Is the property [amphibian] true for [Shovel]? 
 A:",False
amphibian|Snake,"Q: Is the property [is female] true for the concept [book]? 
 A: False 
 Q: Is the property [can be digital] true for the concept [book] 
 A: True 
 In one word True/False, answer the following question Q: Is the property [amphibian] true for [Snake]? 
 A:",False
amphibian|Spanner,"Q: Is the property [is female] true for the concept [book]? 
 A: False 
 Q: Is the property [can be digital] true for the concept [book] 
 A: True 
 In one word True/False, answer the following question Q: Is the property [amphibian] true for [Spanner]? 
 A:",False
amphibian|Toad,"Q: Is the property [is female] true for the concept [book]? 
 A: False 
 Q: Is the property [can be digital] true for the concept [book] 
 A: True 
 In one word True/False, answer the following question Q: Is the property [amphibian] true for [Toad]? 
 A:",True
amphibian|Tortoise,"Q: Is the property [is female] true for the concept [book]? 
 A: False 
 Q: Is the property [can be digital] true for the concept [book] 
 A: True 
 In one word True/False, answer the following question Q: Is the property [amphibian] true for [Tortoise]? 
 A:",False
amphibian|Turtle,"Q: Is the property [is female] true for the concept [book]? 
 A: False 
 Q: Is the property [can be digital] true for the concept [book] 
 A: True 
 In one word True/False, answer the following question Q: Is the property [amphibian] true for [Turtle]? 
 A:",True
amphibian|Vacuum,"Q: Is the property [is female] true for the concept [book]? 
 A: False 
 Q: Is the property [can be digital] true for the concept [book] 
 A: True 
 In one word True/False, answer the following question Q: Is the property [amphibian] true for [Vacuum]? 
 A:",False
arbor size|Alligator,"Q: Is the property [is female] true for the concept [book]? 
 A: False 
 Q: Is the property [can be digital] true for the concept [book] 
 A: True 
 In one word True/False, answer the following question Q: Is the property [arbor size] true for [Alligator]? 
 A:",False
arbor size|Anvil,"Q: Is the property [is female] true for the concept [book]? 
 A: False 
 Q: Is the property [can be digital] true for the concept [book] 
 A: True 
 In one word True/False, answer the following question Q: Is the property [arbor size] true for [Anvil]? 
 A:",False
arbor size|Axe,"Q: Is the property [is female] true for the concept [book]? 
 A: False 
 Q: Is the property [can be digital] true for the concept [book] 
 A: True 
 In one word True/False, answer the following question Q: Is the property [arbor size] true for [Axe]? 
 A:",False
arbor size|Blindworm,"Q: Is the property [is female] true for the concept [book]? 
 A: False 
 Q: Is the property [can be digital] true for the concept [book] 
 A: True 
 In one word True/False, answer the following question Q: Is the property [arbor size] true for [Blindworm]? 
 A:",False
arbor size|Boa python,"Q: Is the property [is female] true for the concept [book]? 
 A: False 
 Q: Is the property [can be digital] true for the concept [book] 
 A: True 
 In one word True/False, answer the following question Q: Is the property [arbor size] true for [Boa python]? 
 A:",False
arbor size|Caiman,"Q: Is the property [is female] true for the concept [book]? 
 A: False 
 Q: Is the property [can be digital] true for the concept [book] 
 A: True 
 In one word True/False, answer the following question Q: Is the property [arbor size] true for [Caiman]? 
 A:",False
arbor size|Chameleon,"Q: Is the property [is female] true for the concept [book]? 
 A: False 
 Q: Is the property [can be digital] true for the concept [book] 
 A: True 
 In one word True/False, answer the following question Q: Is the property [arbor size] true for [Chameleon]? 
 A:",False
arbor size|Chisel,"Q: Is the property [is female] true for the concept [book]? 
 A: False 
 Q: Is the property [can be digital] true for the concept [book] 
 A: True 
 In one word True/False, answer the following question Q: Is the property [arbor size] true for [Chisel]? 
 A:",False
arbor size|Cobra,"Q: Is the property [is female] true for the concept [book]? 
 A: False 
 Q: Is the property [can be digital] true for the concept [book] 
 A: True 
 In one word True/False, answer the following question Q: Is the property [arbor size] true for [Cobra]? 
 A:",False
arbor size|Crocodile,"Q: Is the property [is female] true for the concept [book]? 
 A: False 
 Q: Is the property [can be digital] true for the concept [book] 
 A: True 
 In one word True/False, answer the following question Q: Is the property [arbor size] true for [Crocodile]? 
 A:",False
arbor size|Dinosaur,"Q: Is the property [is female] true for the concept [book]? 
 A: False 
 Q: Is the property [can be digital] true for the concept [book] 
 A: True 
 In one word True/False, answer the following question Q: Is the property [arbor size] true for [Dinosaur]? 
 A:",False
arbor size|Gecko,"Q: Is the property [is female] true for the concept [book]? 
 A: False 
 Q: Is the property [can be digital] true for the concept [book] 
 A: True 
 In one word True/False, answer the following question Q: Is the property [arbor size] true for [Gecko]? 
 A:",False
arbor size|Grinding disk,"Q: Is the property [is female] true for the concept [book]? 
 A: False 
 Q: Is the property [can be digital] true for the concept [book] 
 A: True 
 In one word True/False, answer the following question Q: Is the property [arbor size] true for [Grinding disk]? 
 A:",False
arbor size|Hammer,"Q: Is the property [is female] true for the concept [book]? 
 A: False 
 Q: Is the property [can be digital] true for the concept [book] 
 A: True 
 In one word True/False, answer the following question Q: Is the property [arbor size] true for [Hammer]? 
 A:",False
arbor size|Knife,"Q: Is the property [is female] true for the concept [book]? 
 A: False 
 Q: Is the property [can be digital] true for the concept [book] 
 A: True 
 In one word True/False, answer the following question Q: Is the property [arbor size] true for [Knife]? 
 A:",False
arbor size|Lawn Mower,"Q: Is the property [is female] true for the concept [book]? 
 A: False 
 Q: Is the property [can be digital] true for the concept [book] 
 A: True 
 In one word True/False, answer the following question Q: Is the property [arbor size] true for [Lawn Mower]? 
 A:",False
arbor size|Lizard,"Q: Is the property [is female] true for the concept [book]? 
 A: False 
 Q: Is the property [can be digital] true for the concept [book] 
 A: True 
 In one word True/False, answer the following question Q: Is the property [arbor size] true for [Lizard]? 
 A:",False
arbor size|Nail,"Q: Is the property [is female] true for the concept [book]? 
 A: False 
 Q: Is the property [can be digital] true for the concept [book] 
 A: True 
 In one word True/False, answer the following question Q: Is the property [arbor size] true for [Nail]? 
 A:",False
arbor size|Oil can,"Q: Is the property [is female] true for the concept [book]? 
 A: False 
 Q: Is the property [can be digital] true for the concept [book] 
 A: True 
 In one word True/False, answer the following question Q: Is the property [arbor size] true for [Oil can]? 
 A:",False
arbor size|Paint brush,"Q: Is the property [is female] true for the concept [book]? 
 A: False 
 Q: Is the property [can be digital] true for the concept [book] 
 A: True 
 In one word True/False, answer the following question Q: Is the property [arbor size] true for [Paint brush]? 
 A:",False
arbor size|Salamander,"Q: Is the property [is female] true for the concept [book]? 
 A: False 
 Q: Is the property [can be digital] true for the concept [book] 
 A: True 
 In one word True/False, answer the following question Q: Is the property [arbor size] true for [Salamander]? 
 A:",False
arbor size|Saw,"Q: Is the property [is female] true for the concept [book]? 
 A: False 
 Q: Is the property [can be digital] true for the concept [book] 
 A: True 
 In one word True/False, answer the following question Q: Is the property [arbor size] true for [Saw]? 
 A:",False
arbor size|Screwdriver,"Q: Is the property [is female] true for the concept [book]? 
 A: False 
 Q: Is the property [can be digital] true for the concept [book] 
 A: True 
 In one word True/False, answer the following question Q: Is the property [arbor size] true for [Screwdriver]? 
 A:",False
arbor size|Shovel,"Q: Is the property [is female] true for the concept [book]? 
 A: False 
 Q: Is the property [can be digital] true for the concept [book] 
 A: True 
 In one word True/False, answer the following question Q: Is the property [arbor size] true for [Shovel]? 
 A:",False
arbor size|Snake,"Q: Is the property [is female] true for the concept [book]? 
 A: False 
 Q: Is the property [can be digital] true for the concept [book] 
 A: True 
 In one word True/False, answer the following question Q: Is the property [arbor size] true for [Snake]? 
 A:",False
arbor size|Spanner,"Q: Is the property [is female] true for the concept [book]? 
 A: False 
 Q: Is the property [can be digital] true for the concept [book] 
 A: True 
 In one word True/False, answer the following question Q: Is the property [arbor size] true for [Spanner]? 
 A:",False
arbor size|Toad,"Q: Is the property [is female] true for the concept [book]? 
 A: False 
 Q: Is the property [can be digital] true for the concept [book] 
 A: True 
 In one word True/False, answer the following question Q: Is the property [arbor size] true for [Toad]? 
 A:",False
arbor size|Tortoise,"Q: Is the property [is female] true for the concept [book]? 
 A: False 
 Q: Is the property [can be digital] true for the concept [book] 
 A: True 
 In one word True/False, answer the following question Q: Is the property [arbor size] true for [Tortoise]? 
 A:",False
arbor size|Turtle,"Q: Is the property [is female] true for the concept [book]? 
 A: False 
 Q: Is the property [can be digital] true for the concept [book] 
 A: True 
 In one word True/False, answer the following question Q: Is the property [arbor size] true for [Turtle]? 
 A:",False
arbor size|Vacuum,"Q: Is the property [is female] true for the concept [book]? 
 A: False 
 Q: Is the property [can be digital] true for the concept [book] 
 A: True 
 In one word True/False, answer the following question Q: Is the property [arbor size] true for [Vacuum]? 
 A:",False
balance point|Alligator,"Q: Is the property [is female] true for the concept [book]? 
 A: False 
 Q: Is the property [can be digital] true for the concept [book] 
 A: True 
 In one word True/False, answer the following question Q: Is the property [balance point] true for [Alligator]? 
 A:",False
balance point|Anvil,"Q: Is the property [is female] true for the concept [book]? 
 A: False 
 Q: Is the property [can be digital] true for the concept [book] 
 A: True 
 In one word True/False, answer the following question Q: Is the property [balance point] true for [Anvil]? 
 A:",True
balance point|Axe,"Q: Is the property [is female] true for the concept [book]? 
 A: False 
 Q: Is the property [can be digital] true for the concept [book] 
 A: True 
 In one word True/False, answer the following question Q: Is the property [balance point] true for [Axe]? 
 A:",False
balance point|Blindworm,"Q: Is the property [is female] true for the concept [book]? 
 A: False 
 Q: Is the property [can be digital] true for the concept [book] 
 A: True 
 In one word True/False, answer the following question Q: Is the property [balance point] true for [Blindworm]? 
 A:",False
balance point|Boa python,"Q: Is the property [is female] true for the concept [book]? 
 A: False 
 Q: Is the property [can be digital] true for the concept [book] 
 A: True 
 In one word True/False, answer the following question Q: Is the property [balance point] true for [Boa python]? 
 A:",False
balance point|Caiman,"Q: Is the property [is female] true for the concept [book]? 
 A: False 
 Q: Is the property [can be digital] true for the concept [book] 
 A: True 
 In one word True/False, answer the following question Q: Is the property [balance point] true for [Caiman]? 
 A:",False
balance point|Chameleon,"Q: Is the property [is female] true for the concept [book]? 
 A: False 
 Q: Is the property [can be digital] true for the concept [book] 
 A: True 
 In one word True/False, answer the following question Q: Is the property [balance point] true for [Chameleon]? 
 A:",False
balance point|Chisel,"Q: Is the property [is female] true for the concept [book]? 
 A: False 
 Q: Is the property [can be digital] true for the concept [book] 
 A: True 
 In one word True/False, answer the following question Q: Is the property [balance point] true for [Chisel]? 
 A:",False
balance point|Cobra,"Q: Is the property [is female] true for the concept [book]? 
 A: False 
 Q: Is the property [can be digital] true for the concept [book] 
 A: True 
 In one word True/False, answer the following question Q: Is the property [balance point] true for [Cobra]? 
 A:",False
balance point|Crocodile,"Q: Is the property [is female] true for the concept [book]? 
 A: False 
 Q: Is the property [can be digital] true for the concept [book] 
 A: True 
 In one word True/False, answer the following question Q: Is the property [balance point] true for [Crocodile]? 
 A:",False
balance point|Dinosaur,"Q: Is the property [is female] true for the concept [book]? 
 A: False 
 Q: Is the property [can be digital] true for the concept [book] 
 A: True 
 In one word True/False, answer the following question Q: Is the property [balance point] true for [Dinosaur]? 
 A:",False
balance point|Gecko,"Q: Is the property [is female] true for the concept [book]? 
 A: False 
 Q: Is the property [can be digital] true for the concept [book] 
 A: True 
 In one word True/False, answer the following question Q: Is the property [balance point] true for [Gecko]? 
 A:",False
balance point|Grinding disk,"Q: Is the property [is female] true for the concept [book]? 
 A: False 
 Q: Is the property [can be digital] true for the concept [book] 
 A: True 
 In one word True/False, answer the following question Q: Is the property [balance point] true for [Grinding disk]? 
 A:",True
balance point|Hammer,"Q: Is the property [is female] true for the concept [book]? 
 A: False 
 Q: Is the property [can be digital] true for the concept [book] 
 A: True 
 In one word True/False, answer the following question Q: Is the property [balance point] true for [Hammer]? 
 A:",True
balance point|Knife,"Q: Is the property [is female] true for the concept [book]? 
 A: False 
 Q: Is the property [can be digital] true for the concept [book] 
 A: True 
 In one word True/False, answer the following question Q: Is the property [balance point] true for [Knife]? 
 A:",True
balance point|Lawn Mower,"Q: Is the property [is female] true for the concept [book]? 
 A: False 
 Q: Is the property [can be digital] true for the concept [book] 
 A: True 
 In one word True/False, answer the following question Q: Is the property [balance point] true for [Lawn Mower]? 
 A:",False
balance point|Lizard,"Q: Is the property [is female] true for the concept [book]? 
 A: False 
 Q: Is the property [can be digital] true for the concept [book] 
 A: True 
 In one word True/False, answer the following question Q: Is the property [balance point] true for [Lizard]? 
 A:",False
balance point|Nail,"Q: Is the property [is female] true for the concept [book]? 
 A: False 
 Q: Is the property [can be digital] true for the concept [book] 
 A: True 
 In one word True/False, answer the following question Q: Is the property [balance point] true for [Nail]? 
 A:",False
balance point|Oil can,"Q: Is the property [is female] true for the concept [book]? 
 A: False 
 Q: Is the property [can be digital] true for the concept [book] 
 A: True 
 In one word True/False, answer the following question Q: Is the property [balance point] true for [Oil can]? 
 A:",False
balance point|Paint brush,"Q: Is the property [is female] true for the concept [book]? 
 A: False 
 Q: Is the property [can be digital] true for the concept [book] 
 A: True 
 In one word True/False, answer the following question Q: Is the property [balance point] true for [Paint brush]? 
 A:",False
balance point|Salamander,"Q: Is the property [is female] true for the concept [book]? 
 A: False 
 Q: Is the property [can be digital] true for the concept [book] 
 A: True 
 In one word True/False, answer the following question Q: Is the property [balance point] true for [Salamander]? 
 A:",False
balance point|Saw,"Q: Is the property [is female] true for the concept [book]? 
 A: False 
 Q: Is the property [can be digital] true for the concept [book] 
 A: True 
 In one word True/False, answer the following question Q: Is the property [balance point] true for [Saw]? 
 A:",False
balance point|Screwdriver,"Q: Is the property [is female] true for the concept [book]? 
 A: False 
 Q: Is the property [can be digital] true for the concept [book] 
 A: True 
 In one word True/False, answer the following question Q: Is the property [balance point] true for [Screwdriver]? 
 A:",False
balance point|Shovel,"Q: Is the property [is female] true for the concept [book]? 
 A: False 
 Q: Is the property [can be digital] true for the concept [book] 
 A: True 
 In one word True/False, answer the following question Q: Is the property [balance point] true for [Shovel]? 
 A:",False
balance point|Snake,"Q: Is the property [is female] true for the concept [book]? 
 A: False 
 Q: Is the property [can be digital] true for the concept [book] 
 A: True 
 In one word True/False, answer the following question Q: Is the property [balance point] true for [Snake]? 
 A:",False
balance point|Spanner,"Q: Is the property [is female] true for the concept [book]? 
 A: False 
 Q: Is the property [can be digital] true for the concept [book] 
 A: True 
 In one word True/False, answer the following question Q: Is the property [balance point] true for [Spanner]? 
 A:",False
balance point|Toad,"Q: Is the property [is female] true for the concept [book]? 
 A: False 
 Q: Is the property [can be digital] true for the concept [book] 
 A: True 
 In one word True/False, answer the following question Q: Is the property [balance point] true for [Toad]? 
 A:",False
balance point|Tortoise,"Q: Is the property [is female] true for the concept [book]? 
 A: False 
 Q: Is the property [can be digital] true for the concept [book] 
 A: True 
 In one word True/False, answer the following question Q: Is the property [balance point] true for [Tortoise]? 
 A:",False
balance point|Turtle,"Q: Is the property [is female] true for the concept [book]? 
 A: False 
 Q: Is the property [can be digital] true for the concept [book] 
 A: True 
 In one word True/False, answer the following question Q: Is the property [balance point] true for [Turtle]? 
 A:",True
balance point|Vacuum,"Q: Is the property [is female] true for the concept [book]? 
 A: False 
 Q: Is the property [can be digital] true for the concept [book] 
 A: True 
 In one word True/False, answer the following question Q: Is the property [balance point] true for [Vacuum]? 
 A:",False
belongs to the family alligatoridae|Alligator,"Q: Is the property [is female] true for the concept [book]? 
 A: False 
 Q: Is the property [can be digital] true for the concept [book] 
 A: True 
 In one word True/False, answer the following question Q: Is the property [belongs to the family alligatoridae] true for [Alligator]? 
 A:",True
belongs to the family alligatoridae|Anvil,"Q: Is the property [is female] true for the concept [book]? 
 A: False 
 Q: Is the property [can be digital] true for the concept [book] 
 A: True 
 In one word True/False, answer the following question Q: Is the property [belongs to the family alligatoridae] true for [Anvil]? 
 A:",False
belongs to the family alligatoridae|Axe,"Q: Is the property [is female] true for the concept [book]? 
 A: False 
 Q: Is the property [can be digital] true for the concept [book] 
 A: True 
 In one word True/False, answer the following question Q: Is the property [belongs to the family alligatoridae] true for [Axe]? 
 A:",False
belongs to the family alligatoridae|Blindworm,"Q: Is the property [is female] true for the concept [book]? 
 A: False 
 Q: Is the property [can be digital] true for the concept [book] 
 A: True 
 In one word True/False, answer the following question Q: Is the property [belongs to the family alligatoridae] true for [Blindworm]? 
 A:",False
belongs to the family alligatoridae|Boa python,"Q: Is the property [is female] true for the concept [book]? 
 A: False 
 Q: Is the property [can be digital] true for the concept [book] 
 A: True 
 In one word True/False, answer the following question Q: Is the property [belongs to the family alligatoridae] true for [Boa python]? 
 A:",False
belongs to the family alligatoridae|Caiman,"Q: Is the property [is female] true for the concept [book]? 
 A: False 
 Q: Is the property [can be digital] true for the concept [book] 
 A: True 
 In one word True/False, answer the following question Q: Is the property [belongs to the family alligatoridae] true for [Caiman]? 
 A:",True
belongs to the family alligatoridae|Chameleon,"Q: Is the property [is female] true for the concept [book]? 
 A: False 
 Q: Is the property [can be digital] true for the concept [book] 
 A: True 
 In one word True/False, answer the following question Q: Is the property [belongs to the family alligatoridae] true for [Chameleon]? 
 A:",False
belongs to the family alligatoridae|Chisel,"Q: Is the property [is female] true for the concept [book]? 
 A: False 
 Q: Is the property [can be digital] true for the concept [book] 
 A: True 
 In one word True/False, answer the following question Q: Is the property [belongs to the family alligatoridae] true for [Chisel]? 
 A:",False
belongs to the family alligatoridae|Cobra,"Q: Is the property [is female] true for the concept [book]? 
 A: False 
 Q: Is the property [can be digital] true for the concept [book] 
 A: True 
 In one word True/False, answer the following question Q: Is the property [belongs to the family alligatoridae] true for [Cobra]? 
 A:",False
belongs to the family alligatoridae|Crocodile,"Q: Is the property [is female] true for the concept [book]? 
 A: False 
 Q: Is the property [can be digital] true for the concept [book] 
 A: True 
 In one word True/False, answer the following question Q: Is the property [belongs to the family alligatoridae] true for [Crocodile]? 
 A:",True
belongs to the family alligatoridae|Dinosaur,"Q: Is the property [is female] true for the concept [book]? 
 A: False 
 Q: Is the property [can be digital] true for the concept [book] 
 A: True 
 In one word True/False, answer the following question Q: Is the property [belongs to the family alligatoridae] true for [Dinosaur]? 
 A:",False
belongs to the family alligatoridae|Gecko,"Q: Is the property [is female] true for the concept [book]? 
 A: False 
 Q: Is the property [can be digital] true for the concept [book] 
 A: True 
 In one word True/False, answer the following question Q: Is the property [belongs to the family alligatoridae] true for [Gecko]? 
 A:",False
belongs to the family alligatoridae|Grinding disk,"Q: Is the property [is female] true for the concept [book]? 
 A: False 
 Q: Is the property [can be digital] true for the concept [book] 
 A: True 
 In one word True/False, answer the following question Q: Is the property [belongs to the family alligatoridae] true for [Grinding disk]? 
 A:",False
belongs to the family alligatoridae|Hammer,"Q: Is the property [is female] true for the concept [book]? 
 A: False 
 Q: Is the property [can be digital] true for the concept [book] 
 A: True 
 In one word True/False, answer the following question Q: Is the property [belongs to the family alligatoridae] true for [Hammer]? 
 A:",False
belongs to the family alligatoridae|Knife,"Q: Is the property [is female] true for the concept [book]? 
 A: False 
 Q: Is the property [can be digital] true for the concept [book] 
 A: True 
 In one word True/False, answer the following question Q: Is the property [belongs to the family alligatoridae] true for [Knife]? 
 A:",False
belongs to the family alligatoridae|Lawn Mower,"Q: Is the property [is female] true for the concept [book]? 
 A: False 
 Q: Is the property [can be digital] true for the concept [book] 
 A: True 
 In one word True/False, answer the following question Q: Is the property [belongs to the family alligatoridae] true for [Lawn Mower]? 
 A:",False
belongs to the family alligatoridae|Lizard,"Q: Is the property [is female] true for the concept [book]? 
 A: False 
 Q: Is the property [can be digital] true for the concept [book] 
 A: True 
 In one word True/False, answer the following question Q: Is the property [belongs to the family alligatoridae] true for [Lizard]? 
 A:",False
belongs to the family alligatoridae|Nail,"Q: Is the property [is female] true for the concept [book]? 
 A: False 
 Q: Is the property [can be digital] true for the concept [book] 
 A: True 
 In one word True/False, answer the following question Q: Is the property [belongs to the family alligatoridae] true for [Nail]? 
 A:",False
belongs to the family alligatoridae|Oil can,"Q: Is the property [is female] true for the concept [book]? 
 A: False 
 Q: Is the property [can be digital] true for the concept [book] 
 A: True 
 In one word True/False, answer the following question Q: Is the property [belongs to the family alligatoridae] true for [Oil can]? 
 A:",False
belongs to the family alligatoridae|Paint brush,"Q: Is the property [is female] true for the concept [book]? 
 A: False 
 Q: Is the property [can be digital] true for the concept [book] 
 A: True 
 In one word True/False, answer the following question Q: Is the property [belongs to the family alligatoridae] true for [Paint brush]? 
 A:",False
belongs to the family alligatoridae|Salamander,"Q: Is the property [is female] true for the concept [book]? 
 A: False 
 Q: Is the property [can be digital] true for the concept [book] 
 A: True 
 In one word True/False, answer the following question Q: Is the property [belongs to the family alligatoridae] true for [Salamander]? 
 A:",False
belongs to the family alligatoridae|Saw,"Q: Is the property [is female] true for the concept [book]? 
 A: False 
 Q: Is the property [can be digital] true for the concept [book] 
 A: True 
 In one word True/False, answer the following question Q: Is the property [belongs to the family alligatoridae] true for [Saw]? 
 A:",False
belongs to the family alligatoridae|Screwdriver,"Q: Is the property [is female] true for the concept [book]? 
 A: False 
 Q: Is the property [can be digital] true for the concept [book] 
 A: True 
 In one word True/False, answer the following question Q: Is the property [belongs to the family alligatoridae] true for [Screwdriver]? 
 A:",False
belongs to the family alligatoridae|Shovel,"Q: Is the property [is female] true for the concept [book]? 
 A: False 
 Q: Is the property [can be digital] true for the concept [book] 
 A: True 
 In one word True/False, answer the following question Q: Is the property [belongs to the family alligatoridae] true for [Shovel]? 
 A:",False
belongs to the family alligatoridae|Snake,"Q: Is the property [is female] true for the concept [book]? 
 A: False 
 Q: Is the property [can be digital] true for the concept [book] 
 A: True 
 In one word True/False, answer the following question Q: Is the property [belongs to the family alligatoridae] true for [Snake]? 
 A:",False
belongs to the family alligatoridae|Spanner,"Q: Is the property [is female] true for the concept [book]? 
 A: False 
 Q: Is the property [can be digital] true for the concept [book] 
 A: True 
 In one word True/False, answer the following question Q: Is the property [belongs to the family alligatoridae] true for [Spanner]? 
 A:",False
belongs to the family alligatoridae|Toad,"Q: Is the property [is female] true for the concept [book]? 
 A: False 
 Q: Is the property [can be digital] true for the concept [book] 
 A: True 
 In one word True/False, answer the following question Q: Is the property [belongs to the family alligatoridae] true for [Toad]? 
 A:",False
belongs to the family alligatoridae|Tortoise,"Q: Is the property [is female] true for the concept [book]? 
 A: False 
 Q: Is the property [can be digital] true for the concept [book] 
 A: True 
 In one word True/False, answer the following question Q: Is the property [belongs to the family alligatoridae] true for [Tortoise]? 
 A:",False
belongs to the family alligatoridae|Turtle,"Q: Is the property [is female] true for the concept [book]? 
 A: False 
 Q: Is the property [can be digital] true for the concept [book] 
 A: True 
 In one word True/False, answer the following question Q: Is the property [belongs to the family alligatoridae] true for [Turtle]? 
 A:",False
belongs to the family alligatoridae|Vacuum,"Q: Is the property [is female] true for the concept [book]? 
 A: False 
 Q: Is the property [can be digital] true for the concept [book] 
 A: True 
 In one word True/False, answer the following question Q: Is the property [belongs to the family alligatoridae] true for [Vacuum]? 
 A:",False
blade|Alligator,"Q: Is the property [is female] true for the concept [book]? 
 A: False 
 Q: Is the property [can be digital] true for the concept [book] 
 A: True 
 In one word True/False, answer the following question Q: Is the property [blade] true for [Alligator]? 
 A:",True
blade|Anvil,"Q: Is the property [is female] true for the concept [book]? 
 A: False 
 Q: Is the property [can be digital] true for the concept [book] 
 A: True 
 In one word True/False, answer the following question Q: Is the property [blade] true for [Anvil]? 
 A:",False
blade|Axe,"Q: Is the property [is female] true for the concept [book]? 
 A: False 
 Q: Is the property [can be digital] true for the concept [book] 
 A: True 
 In one word True/False, answer the following question Q: Is the property [blade] true for [Axe]? 
 A:",True
blade|Blindworm,"Q: Is the property [is female] true for the concept [book]? 
 A: False 
 Q: Is the property [can be digital] true for the concept [book] 
 A: True 
 In one word True/False, answer the following question Q: Is the property [blade] true for [Blindworm]? 
 A:",False
blade|Boa python,"Q: Is the property [is female] true for the concept [book]? 
 A: False 
 Q: Is the property [can be digital] true for the concept [book] 
 A: True 
 In one word True/False, answer the following question Q: Is the property [blade] true for [Boa python]? 
 A:",False
blade|Caiman,"Q: Is the property [is female] true for the concept [book]? 
 A: False 
 Q: Is the property [can be digital] true for the concept [book] 
 A: True 
 In one word True/False, answer the following question Q: Is the property [blade] true for [Caiman]? 
 A:",False
blade|Chameleon,"Q: Is the property [is female] true for the concept [book]? 
 A: False 
 Q: Is the property [can be digital] true for the concept [book] 
 A: True 
 In one word True/False, answer the following question Q: Is the property [blade] true for [Chameleon]? 
 A:",False
blade|Chisel,"Q: Is the property [is female] true for the concept [book]? 
 A: False 
 Q: Is the property [can be digital] true for the concept [book] 
 A: True 
 In one word True/False, answer the following question Q: Is the property [blade] true for [Chisel]? 
 A:",True
blade|Cobra,"Q: Is the property [is female] true for the concept [book]? 
 A: False 
 Q: Is the property [can be digital] true for the concept [book] 
 A: True 
 In one word True/False, answer the following question Q: Is the property [blade] true for [Cobra]? 
 A:",False
blade|Crocodile,"Q: Is the property [is female] true for the concept [book]? 
 A: False 
 Q: Is the property [can be digital] true for the concept [book] 
 A: True 
 In one word True/False, answer the following question Q: Is the property [blade] true for [Crocodile]? 
 A:",False
blade|Dinosaur,"Q: Is the property [is female] true for the concept [book]? 
 A: False 
 Q: Is the property [can be digital] true for the concept [book] 
 A: True 
 In one word True/False, answer the following question Q: Is the property [blade] true for [Dinosaur]? 
 A:",False
blade|Gecko,"Q: Is the property [is female] true for the concept [book]? 
 A: False 
 Q: Is the property [can be digital] true for the concept [book] 
 A: True 
 In one word True/False, answer the following question Q: Is the property [blade] true for [Gecko]? 
 A:",False
blade|Grinding disk,"Q: Is the property [is female] true for the concept [book]? 
 A: False 
 Q: Is the property [can be digital] true for the concept [book] 
 A: True 
 In one word True/False, answer the following question Q: Is the property [blade] true for [Grinding disk]? 
 A:",True
blade|Hammer,"Q: Is the property [is female] true for the concept [book]? 
 A: False 
 Q: Is the property [can be digital] true for the concept [book] 
 A: True 
 In one word True/False, answer the following question Q: Is the property [blade] true for [Hammer]? 
 A:",True
blade|Knife,"Q: Is the property [is female] true for the concept [book]? 
 A: False 
 Q: Is the property [can be digital] true for the concept [book] 
 A: True 
 In one word True/False, answer the following question Q: Is the property [blade] true for [Knife]? 
 A:",True
blade|Lawn Mower,"Q: Is the property [is female] true for the concept [book]? 
 A: False 
 Q: Is the property [can be digital] true for the concept [book] 
 A: True 
 In one word True/False, answer the following question Q: Is the property [blade] true for [Lawn Mower]? 
 A:",True
blade|Lizard,"Q: Is the property [is female] true for the concept [book]? 
 A: False 
 Q: Is the property [can be digital] true for the concept [book] 
 A: True 
 In one word True/False, answer the following question Q: Is the property [blade] true for [Lizard]? 
 A:",False
blade|Nail,"Q: Is the property [is female] true for the concept [book]? 
 A: False 
 Q: Is the property [can be digital] true for the concept [book] 
 A: True 
 In one word True/False, answer the following question Q: Is the property [blade] true for [Nail]? 
 A:",False
blade|Oil can,"Q: Is the property [is female] true for the concept [book]? 
 A: False 
 Q: Is the property [can be digital] true for the concept [book] 
 A: True 
 In one word True/False, answer the following question Q: Is the property [blade] true for [Oil can]? 
 A:",False
blade|Paint brush,"Q: Is the property [is female] true for the concept [book]? 
 A: False 
 Q: Is the property [can be digital] true for the concept [book] 
 A: True 
 In one word True/False, answer the following question Q: Is the property [blade] true for [Paint brush]? 
 A:",False
blade|Salamander,"Q: Is the property [is female] true for the concept [book]? 
 A: False 
 Q: Is the property [can be digital] true for the concept [book] 
 A: True 
 In one word True/False, answer the following question Q: Is the property [blade] true for [Salamander]? 
 A:",False
blade|Saw,"Q: Is the property [is female] true for the concept [book]? 
 A: False 
 Q: Is the property [can be digital] true for the concept [book] 
 A: True 
 In one word True/False, answer the following question Q: Is the property [blade] true for [Saw]? 
 A:",True
blade|Screwdriver,"Q: Is the property [is female] true for the concept [book]? 
 A: False 
 Q: Is the property [can be digital] true for the concept [book] 
 A: True 
 In one word True/False, answer the following question Q: Is the property [blade] true for [Screwdriver]? 
 A:",False
blade|Shovel,"Q: Is the property [is female] true for the concept [book]? 
 A: False 
 Q: Is the property [can be digital] true for the concept [book] 
 A: True 
 In one word True/False, answer the following question Q: Is the property [blade] true for [Shovel]? 
 A:",True
blade|Snake,"Q: Is the property [is female] true for the concept [book]? 
 A: False 
 Q: Is the property [can be digital] true for the concept [book] 
 A: True 
 In one word True/False, answer the following question Q: Is the property [blade] true for [Snake]? 
 A:",False
blade|Spanner,"Q: Is the property [is female] true for the concept [book]? 
 A: False 
 Q: Is the property [can be digital] true for the concept [book] 
 A: True 
 In one word True/False, answer the following question Q: Is the property [blade] true for [Spanner]? 
 A:",False
blade|Toad,"Q: Is the property [is female] true for the concept [book]? 
 A: False 
 Q: Is the property [can be digital] true for the concept [book] 
 A: True 
 In one word True/False, answer the following question Q: Is the property [blade] true for [Toad]? 
 A:",False
blade|Tortoise,"Q: Is the property [is female] true for the concept [book]? 
 A: False 
 Q: Is the property [can be digital] true for the concept [book] 
 A: True 
 In one word True/False, answer the following question Q: Is the property [blade] true for [Tortoise]? 
 A:",False
blade|Turtle,"Q: Is the property [is female] true for the concept [book]? 
 A: False 
 Q: Is the property [can be digital] true for the concept [book] 
 A: True 
 In one word True/False, answer the following question Q: Is the property [blade] true for [Turtle]? 
 A:",False
blade|Vacuum,"Q: Is the property [is female] true for the concept [book]? 
 A: False 
 Q: Is the property [can be digital] true for the concept [book] 
 A: True 
 In one word True/False, answer the following question Q: Is the property [blade] true for [Vacuum]? 
 A:",False
blade made of steel|Alligator,"Q: Is the property [is female] true for the concept [book]? 
 A: False 
 Q: Is the property [can be digital] true for the concept [book] 
 A: True 
 In one word True/False, answer the following question Q: Is the property [blade made of steel] true for [Alligator]? 
 A:",False
blade made of steel|Anvil,"Q: Is the property [is female] true for the concept [book]? 
 A: False 
 Q: Is the property [can be digital] true for the concept [book] 
 A: True 
 In one word True/False, answer the following question Q: Is the property [blade made of steel] true for [Anvil]? 
 A:",False
blade made of steel|Axe,"Q: Is the property [is female] true for the concept [book]? 
 A: False 
 Q: Is the property [can be digital] true for the concept [book] 
 A: True 
 In one word True/False, answer the following question Q: Is the property [blade made of steel] true for [Axe]? 
 A:",True
blade made of steel|Blindworm,"Q: Is the property [is female] true for the concept [book]? 
 A: False 
 Q: Is the property [can be digital] true for the concept [book] 
 A: True 
 In one word True/False, answer the following question Q: Is the property [blade made of steel] true for [Blindworm]? 
 A:",False
blade made of steel|Boa python,"Q: Is the property [is female] true for the concept [book]? 
 A: False 
 Q: Is the property [can be digital] true for the concept [book] 
 A: True 
 In one word True/False, answer the following question Q: Is the property [blade made of steel] true for [Boa python]? 
 A:",False
blade made of steel|Caiman,"Q: Is the property [is female] true for the concept [book]? 
 A: False 
 Q: Is the property [can be digital] true for the concept [book] 
 A: True 
 In one word True/False, answer the following question Q: Is the property [blade made of steel] true for [Caiman]? 
 A:",False
blade made of steel|Chameleon,"Q: Is the property [is female] true for the concept [book]? 
 A: False 
 Q: Is the property [can be digital] true for the concept [book] 
 A: True 
 In one word True/False, answer the following question Q: Is the property [blade made of steel] true for [Chameleon]? 
 A:",False
blade made of steel|Chisel,"Q: Is the property [is female] true for the concept [book]? 
 A: False 
 Q: Is the property [can be digital] true for the concept [book] 
 A: True 
 In one word True/False, answer the following question Q: Is the property [blade made of steel] true for [Chisel]? 
 A:",True
blade made of steel|Cobra,"Q: Is the property [is female] true for the concept [book]? 
 A: False 
 Q: Is the property [can be digital] true for the concept [book] 
 A: True 
 In one word True/False, answer the following question Q: Is the property [blade made of steel] true for [Cobra]? 
 A:",False
blade made of steel|Crocodile,"Q: Is the property [is female] true for the concept [book]? 
 A: False 
 Q: Is the property [can be digital] true for the concept [book] 
 A: True 
 In one word True/False, answer the following question Q: Is the property [blade made of steel] true for [Crocodile]? 
 A:",False
blade made of steel|Dinosaur,"Q: Is the property [is female] true for the concept [book]? 
 A: False 
 Q: Is the property [can be digital] true for the concept [book] 
 A: True 
 In one word True/False, answer the following question Q: Is the property [blade made of steel] true for [Dinosaur]? 
 A:",False
blade made of steel|Gecko,"Q: Is the property [is female] true for the concept [book]? 
 A: False 
 Q: Is the property [can be digital] true for the concept [book] 
 A: True 
 In one word True/False, answer the following question Q: Is the property [blade made of steel] true for [Gecko]? 
 A:",False
blade made of steel|Grinding disk,"Q: Is the property [is female] true for the concept [book]? 
 A: False 
 Q: Is the property [can be digital] true for the concept [book] 
 A: True 
 In one word True/False, answer the following question Q: Is the property [blade made of steel] true for [Grinding disk]? 
 A:",True
blade made of steel|Hammer,"Q: Is the property [is female] true for the concept [book]? 
 A: False 
 Q: Is the property [can be digital] true for the concept [book] 
 A: True 
 In one word True/False, answer the following question Q: Is the property [blade made of steel] true for [Hammer]? 
 A:",False
blade made of steel|Knife,"Q: Is the property [is female] true for the concept [book]? 
 A: False 
 Q: Is the property [can be digital] true for the concept [book] 
 A: True 
 In one word True/False, answer the following question Q: Is the property [blade made of steel] true for [Knife]? 
 A:",True
blade made of steel|Lawn Mower,"Q: Is the property [is female] true for the concept [book]? 
 A: False 
 Q: Is the property [can be digital] true for the concept [book] 
 A: True 
 In one word True/False, answer the following question Q: Is the property [blade made of steel] true for [Lawn Mower]? 
 A:",True
blade made of steel|Lizard,"Q: Is the property [is female] true for the concept [book]? 
 A: False 
 Q: Is the property [can be digital] true for the concept [book] 
 A: True 
 In one word True/False, answer the following question Q: Is the property [blade made of steel] true for [Lizard]? 
 A:",False
blade made of steel|Nail,"Q: Is the property [is female] true for the concept [book]? 
 A: False 
 Q: Is the property [can be digital] true for the concept [book] 
 A: True 
 In one word True/False, answer the following question Q: Is the property [blade made of steel] true for [Nail]? 
 A:",False
blade made of steel|Oil can,"Q: Is the property [is female] true for the concept [book]? 
 A: False 
 Q: Is the property [can be digital] true for the concept [book] 
 A: True 
 In one word True/False, answer the following question Q: Is the property [blade made of steel] true for [Oil can]? 
 A:",False
blade made of steel|Paint brush,"Q: Is the property [is female] true for the concept [book]? 
 A: False 
 Q: Is the property [can be digital] true for the concept [book] 
 A: True 
 In one word True/False, answer the following question Q: Is the property [blade made of steel] true for [Paint brush]? 
 A:",False
blade made of steel|Salamander,"Q: Is the property [is female] true for the concept [book]? 
 A: False 
 Q: Is the property [can be digital] true for the concept [book] 
 A: True 
 In one word True/False, answer the following question Q: Is the property [blade made of steel] true for [Salamander]? 
 A:",False
blade made of steel|Saw,"Q: Is the property [is female] true for the concept [book]? 
 A: False 
 Q: Is the property [can be digital] true for the concept [book] 
 A: True 
 In one word True/False, answer the following question Q: Is the property [blade made of steel] true for [Saw]? 
 A:",True
blade made of steel|Screwdriver,"Q: Is the property [is female] true for the concept [book]? 
 A: False 
 Q: Is the property [can be digital] true for the concept [book] 
 A: True 
 In one word True/False, answer the following question Q: Is the property [blade made of steel] true for [Screwdriver]? 
 A:",False
blade made of steel|Shovel,"Q: Is the property [is female] true for the concept [book]? 
 A: False 
 Q: Is the property [can be digital] true for the concept [book] 
 A: True 
 In one word True/False, answer the following question Q: Is the property [blade made of steel] true for [Shovel]? 
 A:",False
blade made of steel|Snake,"Q: Is the property [is female] true for the concept [book]? 
 A: False 
 Q: Is the property [can be digital] true for the concept [book] 
 A: True 
 In one word True/False, answer the following question Q: Is the property [blade made of steel] true for [Snake]? 
 A:",False
blade made of steel|Spanner,"Q: Is the property [is female] true for the concept [book]? 
 A: False 
 Q: Is the property [can be digital] true for the concept [book] 
 A: True 
 In one word True/False, answer the following question Q: Is the property [blade made of steel] true for [Spanner]? 
 A:",False
blade made of steel|Toad,"Q: Is the property [is female] true for the concept [book]? 
 A: False 
 Q: Is the property [can be digital] true for the concept [book] 
 A: True 
 In one word True/False, answer the following question Q: Is the property [blade made of steel] true for [Toad]? 
 A:",False
blade made of steel|Tortoise,"Q: Is the property [is female] true for the concept [book]? 
 A: False 
 Q: Is the property [can be digital] true for the concept [book] 
 A: True 
 In one word True/False, answer the following question Q: Is the property [blade made of steel] true for [Tortoise]? 
 A:",False
blade made of steel|Turtle,"Q: Is the property [is female] true for the concept [book]? 
 A: False 
 Q: Is the property [can be digital] true for the concept [book] 
 A: True 
 In one word True/False, answer the following question Q: Is the property [blade made of steel] true for [Turtle]? 
 A:",False
blade made of steel|Vacuum,"Q: Is the property [is female] true for the concept [book]? 
 A: False 
 Q: Is the property [can be digital] true for the concept [book] 
 A: True 
 In one word True/False, answer the following question Q: Is the property [blade made of steel] true for [Vacuum]? 
 A:",False
blade material|Alligator,"Q: Is the property [is female] true for the concept [book]? 
 A: False 
 Q: Is the property [can be digital] true for the concept [book] 
 A: True 
 In one word True/False, answer the following question Q: Is the property [blade material] true for [Alligator]? 
 A:",False
blade material|Anvil,"Q: Is the property [is female] true for the concept [book]? 
 A: False 
 Q: Is the property [can be digital] true for the concept [book] 
 A: True 
 In one word True/False, answer the following question Q: Is the property [blade material] true for [Anvil]? 
 A:",False
blade material|Axe,"Q: Is the property [is female] true for the concept [book]? 
 A: False 
 Q: Is the property [can be digital] true for the concept [book] 
 A: True 
 In one word True/False, answer the following question Q: Is the property [blade material] true for [Axe]? 
 A:",True
blade material|Blindworm,"Q: Is the property [is female] true for the concept [book]? 
 A: False 
 Q: Is the property [can be digital] true for the concept [book] 
 A: True 
 In one word True/False, answer the following question Q: Is the property [blade material] true for [Blindworm]? 
 A:",False
blade material|Boa python,"Q: Is the property [is female] true for the concept [book]? 
 A: False 
 Q: Is the property [can be digital] true for the concept [book] 
 A: True 
 In one word True/False, answer the following question Q: Is the property [blade material] true for [Boa python]? 
 A:",False
blade material|Caiman,"Q: Is the property [is female] true for the concept [book]? 
 A: False 
 Q: Is the property [can be digital] true for the concept [book] 
 A: True 
 In one word True/False, answer the following question Q: Is the property [blade material] true for [Caiman]? 
 A:",False
blade material|Chameleon,"Q: Is the property [is female] true for the concept [book]? 
 A: False 
 Q: Is the property [can be digital] true for the concept [book] 
 A: True 
 In one word True/False, answer the following question Q: Is the property [blade material] true for [Chameleon]? 
 A:",False
blade material|Chisel,"Q: Is the property [is female] true for the concept [book]? 
 A: False 
 Q: Is the property [can be digital] true for the concept [book] 
 A: True 
 In one word True/False, answer the following question Q: Is the property [blade material] true for [Chisel]? 
 A:",True
blade material|Cobra,"Q: Is the property [is female] true for the concept [book]? 
 A: False 
 Q: Is the property [can be digital] true for the concept [book] 
 A: True 
 In one word True/False, answer the following question Q: Is the property [blade material] true for [Cobra]? 
 A:",False
blade material|Crocodile,"Q: Is the property [is female] true for the concept [book]? 
 A: False 
 Q: Is the property [can be digital] true for the concept [book] 
 A: True 
 In one word True/False, answer the following question Q: Is the property [blade material] true for [Crocodile]? 
 A:",False
blade material|Dinosaur,"Q: Is the property [is female] true for the concept [book]? 
 A: False 
 Q: Is the property [can be digital] true for the concept [book] 
 A: True 
 In one word True/False, answer the following question Q: Is the property [blade material] true for [Dinosaur]? 
 A:",False
blade material|Gecko,"Q: Is the property [is female] true for the concept [book]? 
 A: False 
 Q: Is the property [can be digital] true for the concept [book] 
 A: True 
 In one word True/False, answer the following question Q: Is the property [blade material] true for [Gecko]? 
 A:",False
blade material|Grinding disk,"Q: Is the property [is female] true for the concept [book]? 
 A: False 
 Q: Is the property [can be digital] true for the concept [book] 
 A: True 
 In one word True/False, answer the following question Q: Is the property [blade material] true for [Grinding disk]? 
 A:",True
blade material|Hammer,"Q: Is the property [is female] true for the concept [book]? 
 A: False 
 Q: Is the property [can be digital] true for the concept [book] 
 A: True 
 In one word True/False, answer the following question Q: Is the property [blade material] true for [Hammer]? 
 A:",False
blade material|Knife,"Q: Is the property [is female] true for the concept [book]? 
 A: False 
 Q: Is the property [can be digital] true for the concept [book] 
 A: True 
 In one word True/False, answer the following question Q: Is the property [blade material] true for [Knife]? 
 A:",True
blade material|Lawn Mower,"Q: Is the property [is female] true for the concept [book]? 
 A: False 
 Q: Is the property [can be digital] true for the concept [book] 
 A: True 
 In one word True/False, answer the following question Q: Is the property [blade material] true for [Lawn Mower]? 
 A:",True
blade material|Lizard,"Q: Is the property [is female] true for the concept [book]? 
 A: False 
 Q: Is the property [can be digital] true for the concept [book] 
 A: True 
 In one word True/False, answer the following question Q: Is the property [blade material] true for [Lizard]? 
 A:",False
blade material|Nail,"Q: Is the property [is female] true for the concept [book]? 
 A: False 
 Q: Is the property [can be digital] true for the concept [book] 
 A: True 
 In one word True/False, answer the following question Q: Is the property [blade material] true for [Nail]? 
 A:",False
blade material|Oil can,"Q: Is the property [is female] true for the concept [book]? 
 A: False 
 Q: Is the property [can be digital] true for the concept [book] 
 A: True 
 In one word True/False, answer the following question Q: Is the property [blade material] true for [Oil can]? 
 A:",False
blade material|Paint brush,"Q: Is the property [is female] true for the concept [book]? 
 A: False 
 Q: Is the property [can be digital] true for the concept [book] 
 A: True 
 In one word True/False, answer the following question Q: Is the property [blade material] true for [Paint brush]? 
 A:",False
blade material|Salamander,"Q: Is the property [is female] true for the concept [book]? 
 A: False 
 Q: Is the property [can be digital] true for the concept [book] 
 A: True 
 In one word True/False, answer the following question Q: Is the property [blade material] true for [Salamander]? 
 A:",False
blade material|Saw,"Q: Is the property [is female] true for the concept [book]? 
 A: False 
 Q: Is the property [can be digital] true for the concept [book] 
 A: True 
 In one word True/False, answer the following question Q: Is the property [blade material] true for [Saw]? 
 A:",True
blade material|Screwdriver,"Q: Is the property [is female] true for the concept [book]? 
 A: False 
 Q: Is the property [can be digital] true for the concept [book] 
 A: True 
 In one word True/False, answer the following question Q: Is the property [blade material] true for [Screwdriver]? 
 A:",True
blade material|Shovel,"Q: Is the property [is female] true for the concept [book]? 
 A: False 
 Q: Is the property [can be digital] true for the concept [book] 
 A: True 
 In one word True/False, answer the following question Q: Is the property [blade material] true for [Shovel]? 
 A:",True
blade material|Snake,"Q: Is the property [is female] true for the concept [book]? 
 A: False 
 Q: Is the property [can be digital] true for the concept [book] 
 A: True 
 In one word True/False, answer the following question Q: Is the property [blade material] true for [Snake]? 
 A:",False
blade material|Spanner,"Q: Is the property [is female] true for the concept [book]? 
 A: False 
 Q: Is the property [can be digital] true for the concept [book] 
 A: True 
 In one word True/False, answer the following question Q: Is the property [blade material] true for [Spanner]? 
 A:",False
blade material|Toad,"Q: Is the property [is female] true for the concept [book]? 
 A: False 
 Q: Is the property [can be digital] true for the concept [book] 
 A: True 
 In one word True/False, answer the following question Q: Is the property [blade material] true for [Toad]? 
 A:",False
blade material|Tortoise,"Q: Is the property [is female] true for the concept [book]? 
 A: False 
 Q: Is the property [can be digital] true for the concept [book] 
 A: True 
 In one word True/False, answer the following question Q: Is the property [blade material] true for [Tortoise]? 
 A:",False
blade material|Turtle,"Q: Is the property [is female] true for the concept [book]? 
 A: False 
 Q: Is the property [can be digital] true for the concept [book] 
 A: True 
 In one word True/False, answer the following question Q: Is the property [blade material] true for [Turtle]? 
 A:",False
blade material|Vacuum,"Q: Is the property [is female] true for the concept [book]? 
 A: False 
 Q: Is the property [can be digital] true for the concept [book] 
 A: True 
 In one word True/False, answer the following question Q: Is the property [blade material] true for [Vacuum]? 
 A:",False
brand|Alligator,"Q: Is the property [is female] true for the concept [book]? 
 A: False 
 Q: Is the property [can be digital] true for the concept [book] 
 A: True 
 In one word True/False, answer the following question Q: Is the property [brand] true for [Alligator]? 
 A:",False
brand|Anvil,"Q: Is the property [is female] true for the concept [book]? 
 A: False 
 Q: Is the property [can be digital] true for the concept [book] 
 A: True 
 In one word True/False, answer the following question Q: Is the property [brand] true for [Anvil]? 
 A:",True
brand|Axe,"Q: Is the property [is female] true for the concept [book]? 
 A: False 
 Q: Is the property [can be digital] true for the concept [book] 
 A: True 
 In one word True/False, answer the following question Q: Is the property [brand] true for [Axe]? 
 A:",True
brand|Blindworm,"Q: Is the property [is female] true for the concept [book]? 
 A: False 
 Q: Is the property [can be digital] true for the concept [book] 
 A: True 
 In one word True/False, answer the following question Q: Is the property [brand] true for [Blindworm]? 
 A:",False
brand|Boa python,"Q: Is the property [is female] true for the concept [book]? 
 A: False 
 Q: Is the property [can be digital] true for the concept [book] 
 A: True 
 In one word True/False, answer the following question Q: Is the property [brand] true for [Boa python]? 
 A:",False
brand|Caiman,"Q: Is the property [is female] true for the concept [book]? 
 A: False 
 Q: Is the property [can be digital] true for the concept [book] 
 A: True 
 In one word True/False, answer the following question Q: Is the property [brand] true for [Caiman]? 
 A:",False
brand|Chameleon,"Q: Is the property [is female] true for the concept [book]? 
 A: False 
 Q: Is the property [can be digital] true for the concept [book] 
 A: True 
 In one word True/False, answer the following question Q: Is the property [brand] true for [Chameleon]? 
 A:",False
brand|Chisel,"Q: Is the property [is female] true for the concept [book]? 
 A: False 
 Q: Is the property [can be digital] true for the concept [book] 
 A: True 
 In one word True/False, answer the following question Q: Is the property [brand] true for [Chisel]? 
 A:",False
brand|Cobra,"Q: Is the property [is female] true for the concept [book]? 
 A: False 
 Q: Is the property [can be digital] true for the concept [book] 
 A: True 
 In one word True/False, answer the following question Q: Is the property [brand] true for [Cobra]? 
 A:",True
brand|Crocodile,"Q: Is the property [is female] true for the concept [book]? 
 A: False 
 Q: Is the property [can be digital] true for the concept [book] 
 A: True 
 In one word True/False, answer the following question Q: Is the property [brand] true for [Crocodile]? 
 A:",True
brand|Dinosaur,"Q: Is the property [is female] true for the concept [book]? 
 A: False 
 Q: Is the property [can be digital] true for the concept [book] 
 A: True 
 In one word True/False, answer the following question Q: Is the property [brand] true for [Dinosaur]? 
 A:",False
brand|Gecko,"Q: Is the property [is female] true for the concept [book]? 
 A: False 
 Q: Is the property [can be digital] true for the concept [book] 
 A: True 
 In one word True/False, answer the following question Q: Is the property [brand] true for [Gecko]? 
 A:",False
brand|Grinding disk,"Q: Is the property [is female] true for the concept [book]? 
 A: False 
 Q: Is the property [can be digital] true for the concept [book] 
 A: True 
 In one word True/False, answer the following question Q: Is the property [brand] true for [Grinding disk]? 
 A:",False
brand|Hammer,"Q: Is the property [is female] true for the concept [book]? 
 A: False 
 Q: Is the property [can be digital] true for the concept [book] 
 A: True 
 In one word True/False, answer the following question Q: Is the property [brand] true for [Hammer]? 
 A:",True
brand|Knife,"Q: Is the property [is female] true for the concept [book]? 
 A: False 
 Q: Is the property [can be digital] true for the concept [book] 
 A: True 
 In one word True/False, answer the following question Q: Is the property [brand] true for [Knife]? 
 A:",False
brand|Lawn Mower,"Q: Is the property [is female] true for the concept [book]? 
 A: False 
 Q: Is the property [can be digital] true for the concept [book] 
 A: True 
 In one word True/False, answer the following question Q: Is the property [brand] true for [Lawn Mower]? 
 A:",True
brand|Lizard,"Q: Is the property [is female] true for the concept [book]? 
 A: False 
 Q: Is the property [can be digital] true for the concept [book] 
 A: True 
 In one word True/False, answer the following question Q: Is the property [brand] true for [Lizard]? 
 A:",False
brand|Nail,"Q: Is the property [is female] true for the concept [book]? 
 A: False 
 Q: Is the property [can be digital] true for the concept [book] 
 A: True 
 In one word True/False, answer the following question Q: Is the property [brand] true for [Nail]? 
 A:",False
brand|Oil can,"Q: Is the property [is female] true for the concept [book]? 
 A: False 
 Q: Is the property [can be digital] true for the concept [book] 
 A: True 
 In one word True/False, answer the following question Q: Is the property [brand] true for [Oil can]? 
 A:",True
brand|Paint brush,"Q: Is the property [is female] true for the concept [book]? 
 A: False 
 Q: Is the property [can be digital] true for the concept [book] 
 A: True 
 In one word True/False, answer the following question Q: Is the property [brand] true for [Paint brush]? 
 A:",True
brand|Salamander,"Q: Is the property [is female] true for the concept [book]? 
 A: False 
 Q: Is the property [can be digital] true for the concept [book] 
 A: True 
 In one word True/False, answer the following question Q: Is the property [brand] true for [Salamander]? 
 A:",False
brand|Saw,"Q: Is the property [is female] true for the concept [book]? 
 A: False 
 Q: Is the property [can be digital] true for the concept [book] 
 A: True 
 In one word True/False, answer the following question Q: Is the property [brand] true for [Saw]? 
 A:",False
brand|Screwdriver,"Q: Is the property [is female] true for the concept [book]? 
 A: False 
 Q: Is the property [can be digital] true for the concept [book] 
 A: True 
 In one word True/False, answer the following question Q: Is the property [brand] true for [Screwdriver]? 
 A:",False
brand|Shovel,"Q: Is the property [is female] true for the concept [book]? 
 A: False 
 Q: Is the property [can be digital] true for the concept [book] 
 A: True 
 In one word True/False, answer the following question Q: Is the property [brand] true for [Shovel]? 
 A:",False
brand|Snake,"Q: Is the property [is female] true for the concept [book]? 
 A: False 
 Q: Is the property [can be digital] true for the concept [book] 
 A: True 
 In one word True/False, answer the following question Q: Is the property [brand] true for [Snake]? 
 A:",False
brand|Spanner,"Q: Is the property [is female] true for the concept [book]? 
 A: False 
 Q: Is the property [can be digital] true for the concept [book] 
 A: True 
 In one word True/False, answer the following question Q: Is the property [brand] true for [Spanner]? 
 A:",False
brand|Toad,"Q: Is the property [is female] true for the concept [book]? 
 A: False 
 Q: Is the property [can be digital] true for the concept [book] 
 A: True 
 In one word True/False, answer the following question Q: Is the property [brand] true for [Toad]? 
 A:",False
brand|Tortoise,"Q: Is the property [is female] true for the concept [book]? 
 A: False 
 Q: Is the property [can be digital] true for the concept [book] 
 A: True 
 In one word True/False, answer the following question Q: Is the property [brand] true for [Tortoise]? 
 A:",False
brand|Turtle,"Q: Is the property [is female] true for the concept [book]? 
 A: False 
 Q: Is the property [can be digital] true for the concept [book] 
 A: True 
 In one word True/False, answer the following question Q: Is the property [brand] true for [Turtle]? 
 A:",False
brand|Vacuum,"Q: Is the property [is female] true for the concept [book]? 
 A: False 
 Q: Is the property [can be digital] true for the concept [book] 
 A: True 
 In one word True/False, answer the following question Q: Is the property [brand] true for [Vacuum]? 
 A:",True
burrowing capability|Alligator,"Q: Is the property [is female] true for the concept [book]? 
 A: False 
 Q: Is the property [can be digital] true for the concept [book] 
 A: True 
 In one word True/False, answer the following question Q: Is the property [burrowing capability] true for [Alligator]? 
 A:",True
burrowing capability|Anvil,"Q: Is the property [is female] true for the concept [book]? 
 A: False 
 Q: Is the property [can be digital] true for the concept [book] 
 A: True 
 In one word True/False, answer the following question Q: Is the property [burrowing capability] true for [Anvil]? 
 A:",False
burrowing capability|Axe,"Q: Is the property [is female] true for the concept [book]? 
 A: False 
 Q: Is the property [can be digital] true for the concept [book] 
 A: True 
 In one word True/False, answer the following question Q: Is the property [burrowing capability] true for [Axe]? 
 A:",False
burrowing capability|Blindworm,"Q: Is the property [is female] true for the concept [book]? 
 A: False 
 Q: Is the property [can be digital] true for the concept [book] 
 A: True 
 In one word True/False, answer the following question Q: Is the property [burrowing capability] true for [Blindworm]? 
 A:",False
burrowing capability|Boa python,"Q: Is the property [is female] true for the concept [book]? 
 A: False 
 Q: Is the property [can be digital] true for the concept [book] 
 A: True 
 In one word True/False, answer the following question Q: Is the property [burrowing capability] true for [Boa python]? 
 A:",False
burrowing capability|Caiman,"Q: Is the property [is female] true for the concept [book]? 
 A: False 
 Q: Is the property [can be digital] true for the concept [book] 
 A: True 
 In one word True/False, answer the following question Q: Is the property [burrowing capability] true for [Caiman]? 
 A:",False
burrowing capability|Chameleon,"Q: Is the property [is female] true for the concept [book]? 
 A: False 
 Q: Is the property [can be digital] true for the concept [book] 
 A: True 
 In one word True/False, answer the following question Q: Is the property [burrowing capability] true for [Chameleon]? 
 A:",False
burrowing capability|Chisel,"Q: Is the property [is female] true for the concept [book]? 
 A: False 
 Q: Is the property [can be digital] true for the concept [book] 
 A: True 
 In one word True/False, answer the following question Q: Is the property [burrowing capability] true for [Chisel]? 
 A:",False
burrowing capability|Cobra,"Q: Is the property [is female] true for the concept [book]? 
 A: False 
 Q: Is the property [can be digital] true for the concept [book] 
 A: True 
 In one word True/False, answer the following question Q: Is the property [burrowing capability] true for [Cobra]? 
 A:",False
burrowing capability|Crocodile,"Q: Is the property [is female] true for the concept [book]? 
 A: False 
 Q: Is the property [can be digital] true for the concept [book] 
 A: True 
 In one word True/False, answer the following question Q: Is the property [burrowing capability] true for [Crocodile]? 
 A:",False
burrowing capability|Dinosaur,"Q: Is the property [is female] true for the concept [book]? 
 A: False 
 Q: Is the property [can be digital] true for the concept [book] 
 A: True 
 In one word True/False, answer the following question Q: Is the property [burrowing capability] true for [Dinosaur]? 
 A:",False
burrowing capability|Gecko,"Q: Is the property [is female] true for the concept [book]? 
 A: False 
 Q: Is the property [can be digital] true for the concept [book] 
 A: True 
 In one word True/False, answer the following question Q: Is the property [burrowing capability] true for [Gecko]? 
 A:",False
burrowing capability|Grinding disk,"Q: Is the property [is female] true for the concept [book]? 
 A: False 
 Q: Is the property [can be digital] true for the concept [book] 
 A: True 
 In one word True/False, answer the following question Q: Is the property [burrowing capability] true for [Grinding disk]? 
 A:",False
burrowing capability|Hammer,"Q: Is the property [is female] true for the concept [book]? 
 A: False 
 Q: Is the property [can be digital] true for the concept [book] 
 A: True 
 In one word True/False, answer the following question Q: Is the property [burrowing capability] true for [Hammer]? 
 A:",False
burrowing capability|Knife,"Q: Is the property [is female] true for the concept [book]? 
 A: False 
 Q: Is the property [can be digital] true for the concept [book] 
 A: True 
 In one word True/False, answer the following question Q: Is the property [burrowing capability] true for [Knife]? 
 A:",False
burrowing capability|Lawn Mower,"Q: Is the property [is female] true for the concept [book]? 
 A: False 
 Q: Is the property [can be digital] true for the concept [book] 
 A: True 
 In one word True/False, answer the following question Q: Is the property [burrowing capability] true for [Lawn Mower]? 
 A:",False
burrowing capability|Lizard,"Q: Is the property [is female] true for the concept [book]? 
 A: False 
 Q: Is the property [can be digital] true for the concept [book] 
 A: True 
 In one word True/False, answer the following question Q: Is the property [burrowing capability] true for [Lizard]? 
 A:",True
burrowing capability|Nail,"Q: Is the property [is female] true for the concept [book]? 
 A: False 
 Q: Is the property [can be digital] true for the concept [book] 
 A: True 
 In one word True/False, answer the following question Q: Is the property [burrowing capability] true for [Nail]? 
 A:",False
burrowing capability|Oil can,"Q: Is the property [is female] true for the concept [book]? 
 A: False 
 Q: Is the property [can be digital] true for the concept [book] 
 A: True 
 In one word True/False, answer the following question Q: Is the property [burrowing capability] true for [Oil can]? 
 A:",False
burrowing capability|Paint brush,"Q: Is the property [is female] true for the concept [book]? 
 A: False 
 Q: Is the property [can be digital] true for the concept [book] 
 A: True 
 In one word True/False, answer the following question Q: Is the property [burrowing capability] true for [Paint brush]? 
 A:",False
burrowing capability|Salamander,"Q: Is the property [is female] true for the concept [book]? 
 A: False 
 Q: Is the property [can be digital] true for the concept [book] 
 A: True 
 In one word True/False, answer the following question Q: Is the property [burrowing capability] true for [Salamander]? 
 A:",True
burrowing capability|Saw,"Q: Is the property [is female] true for the concept [book]? 
 A: False 
 Q: Is the property [can be digital] true for the concept [book] 
 A: True 
 In one word True/False, answer the following question Q: Is the property [burrowing capability] true for [Saw]? 
 A:",False
burrowing capability|Screwdriver,"Q: Is the property [is female] true for the concept [book]? 
 A: False 
 Q: Is the property [can be digital] true for the concept [book] 
 A: True 
 In one word True/False, answer the following question Q: Is the property [burrowing capability] true for [Screwdriver]? 
 A:",False
burrowing capability|Shovel,"Q: Is the property [is female] true for the concept [book]? 
 A: False 
 Q: Is the property [can be digital] true for the concept [book] 
 A: True 
 In one word True/False, answer the following question Q: Is the property [burrowing capability] true for [Shovel]? 
 A:",False
burrowing capability|Snake,"Q: Is the property [is female] true for the concept [book]? 
 A: False 
 Q: Is the property [can be digital] true for the concept [book] 
 A: True 
 In one word True/False, answer the following question Q: Is the property [burrowing capability] true for [Snake]? 
 A:",True
burrowing capability|Spanner,"Q: Is the property [is female] true for the concept [book]? 
 A: False 
 Q: Is the property [can be digital] true for the concept [book] 
 A: True 
 In one word True/False, answer the following question Q: Is the property [burrowing capability] true for [Spanner]? 
 A:",False
burrowing capability|Toad,"Q: Is the property [is female] true for the concept [book]? 
 A: False 
 Q: Is the property [can be digital] true for the concept [book] 
 A: True 
 In one word True/False, answer the following question Q: Is the property [burrowing capability] true for [Toad]? 
 A:",True
burrowing capability|Tortoise,"Q: Is the property [is female] true for the concept [book]? 
 A: False 
 Q: Is the property [can be digital] true for the concept [book] 
 A: True 
 In one word True/False, answer the following question Q: Is the property [burrowing capability] true for [Tortoise]? 
 A:",False
burrowing capability|Turtle,"Q: Is the property [is female] true for the concept [book]? 
 A: False 
 Q: Is the property [can be digital] true for the concept [book] 
 A: True 
 In one word True/False, answer the following question Q: Is the property [burrowing capability] true for [Turtle]? 
 A:",True
burrowing capability|Vacuum,"Q: Is the property [is female] true for the concept [book]? 
 A: False 
 Q: Is the property [can be digital] true for the concept [book] 
 A: True 
 In one word True/False, answer the following question Q: Is the property [burrowing capability] true for [Vacuum]? 
 A:",False
camouflage|Alligator,"Q: Is the property [is female] true for the concept [book]? 
 A: False 
 Q: Is the property [can be digital] true for the concept [book] 
 A: True 
 In one word True/False, answer the following question Q: Is the property [camouflage] true for [Alligator]? 
 A:",True
camouflage|Anvil,"Q: Is the property [is female] true for the concept [book]? 
 A: False 
 Q: Is the property [can be digital] true for the concept [book] 
 A: True 
 In one word True/False, answer the following question Q: Is the property [camouflage] true for [Anvil]? 
 A:",False
camouflage|Axe,"Q: Is the property [is female] true for the concept [book]? 
 A: False 
 Q: Is the property [can be digital] true for the concept [book] 
 A: True 
 In one word True/False, answer the following question Q: Is the property [camouflage] true for [Axe]? 
 A:",False
camouflage|Blindworm,"Q: Is the property [is female] true for the concept [book]? 
 A: False 
 Q: Is the property [can be digital] true for the concept [book] 
 A: True 
 In one word True/False, answer the following question Q: Is the property [camouflage] true for [Blindworm]? 
 A:",False
camouflage|Boa python,"Q: Is the property [is female] true for the concept [book]? 
 A: False 
 Q: Is the property [can be digital] true for the concept [book] 
 A: True 
 In one word True/False, answer the following question Q: Is the property [camouflage] true for [Boa python]? 
 A:",True
camouflage|Caiman,"Q: Is the property [is female] true for the concept [book]? 
 A: False 
 Q: Is the property [can be digital] true for the concept [book] 
 A: True 
 In one word True/False, answer the following question Q: Is the property [camouflage] true for [Caiman]? 
 A:",False
camouflage|Chameleon,"Q: Is the property [is female] true for the concept [book]? 
 A: False 
 Q: Is the property [can be digital] true for the concept [book] 
 A: True 
 In one word True/False, answer the following question Q: Is the property [camouflage] true for [Chameleon]? 
 A:",True
camouflage|Chisel,"Q: Is the property [is female] true for the concept [book]? 
 A: False 
 Q: Is the property [can be digital] true for the concept [book] 
 A: True 
 In one word True/False, answer the following question Q: Is the property [camouflage] true for [Chisel]? 
 A:",False
camouflage|Cobra,"Q: Is the property [is female] true for the concept [book]? 
 A: False 
 Q: Is the property [can be digital] true for the concept [book] 
 A: True 
 In one word True/False, answer the following question Q: Is the property [camouflage] true for [Cobra]? 
 A:",True
camouflage|Crocodile,"Q: Is the property [is female] true for the concept [book]? 
 A: False 
 Q: Is the property [can be digital] true for the concept [book] 
 A: True 
 In one word True/False, answer the following question Q: Is the property [camouflage] true for [Crocodile]? 
 A:",True
camouflage|Dinosaur,"Q: Is the property [is female] true for the concept [book]? 
 A: False 
 Q: Is the property [can be digital] true for the concept [book] 
 A: True 
 In one word True/False, answer the following question Q: Is the property [camouflage] true for [Dinosaur]? 
 A:",True
camouflage|Gecko,"Q: Is the property [is female] true for the concept [book]? 
 A: False 
 Q: Is the property [can be digital] true for the concept [book] 
 A: True 
 In one word True/False, answer the following question Q: Is the property [camouflage] true for [Gecko]? 
 A:",True
camouflage|Grinding disk,"Q: Is the property [is female] true for the concept [book]? 
 A: False 
 Q: Is the property [can be digital] true for the concept [book] 
 A: True 
 In one word True/False, answer the following question Q: Is the property [camouflage] true for [Grinding disk]? 
 A:",False
camouflage|Hammer,"Q: Is the property [is female] true for the concept [book]? 
 A: False 
 Q: Is the property [can be digital] true for the concept [book] 
 A: True 
 In one word True/False, answer the following question Q: Is the property [camouflage] true for [Hammer]? 
 A:",False
camouflage|Knife,"Q: Is the property [is female] true for the concept [book]? 
 A: False 
 Q: Is the property [can be digital] true for the concept [book] 
 A: True 
 In one word True/False, answer the following question Q: Is the property [camouflage] true for [Knife]? 
 A:",False
camouflage|Lawn Mower,"Q: Is the property [is female] true for the concept [book]? 
 A: False 
 Q: Is the property [can be digital] true for the concept [book] 
 A: True 
 In one word True/False, answer the following question Q: Is the property [camouflage] true for [Lawn Mower]? 
 A:",False
camouflage|Lizard,"Q: Is the property [is female] true for the concept [book]? 
 A: False 
 Q: Is the property [can be digital] true for the concept [book] 
 A: True 
 In one word True/False, answer the following question Q: Is the property [camouflage] true for [Lizard]? 
 A:",True
camouflage|Nail,"Q: Is the property [is female] true for the concept [book]? 
 A: False 
 Q: Is the property [can be digital] true for the concept [book] 
 A: True 
 In one word True/False, answer the following question Q: Is the property [camouflage] true for [Nail]? 
 A:",False
camouflage|Oil can,"Q: Is the property [is female] true for the concept [book]? 
 A: False 
 Q: Is the property [can be digital] true for the concept [book] 
 A: True 
 In one word True/False, answer the following question Q: Is the property [camouflage] true for [Oil can]? 
 A:",False
camouflage|Paint brush,"Q: Is the property [is female] true for the concept [book]? 
 A: False 
 Q: Is the property [can be digital] true for the concept [book] 
 A: True 
 In one word True/False, answer the following question Q: Is the property [camouflage] true for [Paint brush]? 
 A:",False
camouflage|Salamander,"Q: Is the property [is female] true for the concept [book]? 
 A: False 
 Q: Is the property [can be digital] true for the concept [book] 
 A: True 
 In one word True/False, answer the following question Q: Is the property [camouflage] true for [Salamander]? 
 A:",True
camouflage|Saw,"Q: Is the property [is female] true for the concept [book]? 
 A: False 
 Q: Is the property [can be digital] true for the concept [book] 
 A: True 
 In one word True/False, answer the following question Q: Is the property [camouflage] true for [Saw]? 
 A:",False
camouflage|Screwdriver,"Q: Is the property [is female] true for the concept [book]? 
 A: False 
 Q: Is the property [can be digital] true for the concept [book] 
 A: True 
 In one word True/False, answer the following question Q: Is the property [camouflage] true for [Screwdriver]? 
 A:",False
camouflage|Shovel,"Q: Is the property [is female] true for the concept [book]? 
 A: False 
 Q: Is the property [can be digital] true for the concept [book] 
 A: True 
 In one word True/False, answer the following question Q: Is the property [camouflage] true for [Shovel]? 
 A:",False
camouflage|Snake,"Q: Is the property [is female] true for the concept [book]? 
 A: False 
 Q: Is the property [can be digital] true for the concept [book] 
 A: True 
 In one word True/False, answer the following question Q: Is the property [camouflage] true for [Snake]? 
 A:",True
camouflage|Spanner,"Q: Is the property [is female] true for the concept [book]? 
 A: False 
 Q: Is the property [can be digital] true for the concept [book] 
 A: True 
 In one word True/False, answer the following question Q: Is the property [camouflage] true for [Spanner]? 
 A:",False
camouflage|Toad,"Q: Is the property [is female] true for the concept [book]? 
 A: False 
 Q: Is the property [can be digital] true for the concept [book] 
 A: True 
 In one word True/False, answer the following question Q: Is the property [camouflage] true for [Toad]? 
 A:",True
camouflage|Tortoise,"Q: Is the property [is female] true for the concept [book]? 
 A: False 
 Q: Is the property [can be digital] true for the concept [book] 
 A: True 
 In one word True/False, answer the following question Q: Is the property [camouflage] true for [Tortoise]? 
 A:",False
camouflage|Turtle,"Q: Is the property [is female] true for the concept [book]? 
 A: False 
 Q: Is the property [can be digital] true for the concept [book] 
 A: True 
 In one word True/False, answer the following question Q: Is the property [camouflage] true for [Turtle]? 
 A:",True
camouflage|Vacuum,"Q: Is the property [is female] true for the concept [book]? 
 A: False 
 Q: Is the property [can be digital] true for the concept [book] 
 A: True 
 In one word True/False, answer the following question Q: Is the property [camouflage] true for [Vacuum]? 
 A:",False
camouflage coloration|Alligator,"Q: Is the property [is female] true for the concept [book]? 
 A: False 
 Q: Is the property [can be digital] true for the concept [book] 
 A: True 
 In one word True/False, answer the following question Q: Is the property [camouflage coloration] true for [Alligator]? 
 A:",True
camouflage coloration|Anvil,"Q: Is the property [is female] true for the concept [book]? 
 A: False 
 Q: Is the property [can be digital] true for the concept [book] 
 A: True 
 In one word True/False, answer the following question Q: Is the property [camouflage coloration] true for [Anvil]? 
 A:",False
camouflage coloration|Axe,"Q: Is the property [is female] true for the concept [book]? 
 A: False 
 Q: Is the property [can be digital] true for the concept [book] 
 A: True 
 In one word True/False, answer the following question Q: Is the property [camouflage coloration] true for [Axe]? 
 A:",False
camouflage coloration|Blindworm,"Q: Is the property [is female] true for the concept [book]? 
 A: False 
 Q: Is the property [can be digital] true for the concept [book] 
 A: True 
 In one word True/False, answer the following question Q: Is the property [camouflage coloration] true for [Blindworm]? 
 A:",False
camouflage coloration|Boa python,"Q: Is the property [is female] true for the concept [book]? 
 A: False 
 Q: Is the property [can be digital] true for the concept [book] 
 A: True 
 In one word True/False, answer the following question Q: Is the property [camouflage coloration] true for [Boa python]? 
 A:",True
camouflage coloration|Caiman,"Q: Is the property [is female] true for the concept [book]? 
 A: False 
 Q: Is the property [can be digital] true for the concept [book] 
 A: True 
 In one word True/False, answer the following question Q: Is the property [camouflage coloration] true for [Caiman]? 
 A:",False
camouflage coloration|Chameleon,"Q: Is the property [is female] true for the concept [book]? 
 A: False 
 Q: Is the property [can be digital] true for the concept [book] 
 A: True 
 In one word True/False, answer the following question Q: Is the property [camouflage coloration] true for [Chameleon]? 
 A:",True
camouflage coloration|Chisel,"Q: Is the property [is female] true for the concept [book]? 
 A: False 
 Q: Is the property [can be digital] true for the concept [book] 
 A: True 
 In one word True/False, answer the following question Q: Is the property [camouflage coloration] true for [Chisel]? 
 A:",False
camouflage coloration|Cobra,"Q: Is the property [is female] true for the concept [book]? 
 A: False 
 Q: Is the property [can be digital] true for the concept [book] 
 A: True 
 In one word True/False, answer the following question Q: Is the property [camouflage coloration] true for [Cobra]? 
 A:",True
camouflage coloration|Crocodile,"Q: Is the property [is female] true for the concept [book]? 
 A: False 
 Q: Is the property [can be digital] true for the concept [book] 
 A: True 
 In one word True/False, answer the following question Q: Is the property [camouflage coloration] true for [Crocodile]? 
 A:",True
camouflage coloration|Dinosaur,"Q: Is the property [is female] true for the concept [book]? 
 A: False 
 Q: Is the property [can be digital] true for the concept [book] 
 A: True 
 In one word True/False, answer the following question Q: Is the property [camouflage coloration] true for [Dinosaur]? 
 A:",True
camouflage coloration|Gecko,"Q: Is the property [is female] true for the concept [book]? 
 A: False 
 Q: Is the property [can be digital] true for the concept [book] 
 A: True 
 In one word True/False, answer the following question Q: Is the property [camouflage coloration] true for [Gecko]? 
 A:",True
camouflage coloration|Grinding disk,"Q: Is the property [is female] true for the concept [book]? 
 A: False 
 Q: Is the property [can be digital] true for the concept [book] 
 A: True 
 In one word True/False, answer the following question Q: Is the property [camouflage coloration] true for [Grinding disk]? 
 A:",False
camouflage coloration|Hammer,"Q: Is the property [is female] true for the concept [book]? 
 A: False 
 Q: Is the property [can be digital] true for the concept [book] 
 A: True 
 In one word True/False, answer the following question Q: Is the property [camouflage coloration] true for [Hammer]? 
 A:",False
camouflage coloration|Knife,"Q: Is the property [is female] true for the concept [book]? 
 A: False 
 Q: Is the property [can be digital] true for the concept [book] 
 A: True 
 In one word True/False, answer the following question Q: Is the property [camouflage coloration] true for [Knife]? 
 A:",False
camouflage coloration|Lawn Mower,"Q: Is the property [is female] true for the concept [book]? 
 A: False 
 Q: Is the property [can be digital] true for the concept [book] 
 A: True 
 In one word True/False, answer the following question Q: Is the property [camouflage coloration] true for [Lawn Mower]? 
 A:",False
camouflage coloration|Lizard,"Q: Is the property [is female] true for the concept [book]? 
 A: False 
 Q: Is the property [can be digital] true for the concept [book] 
 A: True 
 In one word True/False, answer the following question Q: Is the property [camouflage coloration] true for [Lizard]? 
 A:",True
camouflage coloration|Nail,"Q: Is the property [is female] true for the concept [book]? 
 A: False 
 Q: Is the property [can be digital] true for the concept [book] 
 A: True 
 In one word True/False, answer the following question Q: Is the property [camouflage coloration] true for [Nail]? 
 A:",False
camouflage coloration|Oil can,"Q: Is the property [is female] true for the concept [book]? 
 A: False 
 Q: Is the property [can be digital] true for the concept [book] 
 A: True 
 In one word True/False, answer the following question Q: Is the property [camouflage coloration] true for [Oil can]? 
 A:",False
camouflage coloration|Paint brush,"Q: Is the property [is female] true for the concept [book]? 
 A: False 
 Q: Is the property [can be digital] true for the concept [book] 
 A: True 
 In one word True/False, answer the following question Q: Is the property [camouflage coloration] true for [Paint brush]? 
 A:",False
camouflage coloration|Salamander,"Q: Is the property [is female] true for the concept [book]? 
 A: False 
 Q: Is the property [can be digital] true for the concept [book] 
 A: True 
 In one word True/False, answer the following question Q: Is the property [camouflage coloration] true for [Salamander]? 
 A:",False
camouflage coloration|Saw,"Q: Is the property [is female] true for the concept [book]? 
 A: False 
 Q: Is the property [can be digital] true for the concept [book] 
 A: True 
 In one word True/False, answer the following question Q: Is the property [camouflage coloration] true for [Saw]? 
 A:",False
camouflage coloration|Screwdriver,"Q: Is the property [is female] true for the concept [book]? 
 A: False 
 Q: Is the property [can be digital] true for the concept [book] 
 A: True 
 In one word True/False, answer the following question Q: Is the property [camouflage coloration] true for [Screwdriver]? 
 A:",False
camouflage coloration|Shovel,"Q: Is the property [is female] true for the concept [book]? 
 A: False 
 Q: Is the property [can be digital] true for the concept [book] 
 A: True 
 In one word True/False, answer the following question Q: Is the property [camouflage coloration] true for [Shovel]? 
 A:",False
camouflage coloration|Snake,"Q: Is the property [is female] true for the concept [book]? 
 A: False 
 Q: Is the property [can be digital] true for the concept [book] 
 A: True 
 In one word True/False, answer the following question Q: Is the property [camouflage coloration] true for [Snake]? 
 A:",True
camouflage coloration|Spanner,"Q: Is the property [is female] true for the concept [book]? 
 A: False 
 Q: Is the property [can be digital] true for the concept [book] 
 A: True 
 In one word True/False, answer the following question Q: Is the property [camouflage coloration] true for [Spanner]? 
 A:",False
camouflage coloration|Toad,"Q: Is the property [is female] true for the concept [book]? 
 A: False 
 Q: Is the property [can be digital] true for the concept [book] 
 A: True 
 In one word True/False, answer the following question Q: Is the property [camouflage coloration] true for [Toad]? 
 A:",True
camouflage coloration|Tortoise,"Q: Is the property [is female] true for the concept [book]? 
 A: False 
 Q: Is the property [can be digital] true for the concept [book] 
 A: True 
 In one word True/False, answer the following question Q: Is the property [camouflage coloration] true for [Tortoise]? 
 A:",False
camouflage coloration|Turtle,"Q: Is the property [is female] true for the concept [book]? 
 A: False 
 Q: Is the property [can be digital] true for the concept [book] 
 A: True 
 In one word True/False, answer the following question Q: Is the property [camouflage coloration] true for [Turtle]? 
 A:",True
camouflage coloration|Vacuum,"Q: Is the property [is female] true for the concept [book]? 
 A: False 
 Q: Is the property [can be digital] true for the concept [book] 
 A: True 
 In one word True/False, answer the following question Q: Is the property [camouflage coloration] true for [Vacuum]? 
 A:",False
can be found on every continent except antarctica|Alligator,"Q: Is the property [is female] true for the concept [book]? 
 A: False 
 Q: Is the property [can be digital] true for the concept [book] 
 A: True 
 In one word True/False, answer the following question Q: Is the property [can be found on every continent except antarctica] true for [Alligator]? 
 A:",False
can be found on every continent except antarctica|Anvil,"Q: Is the property [is female] true for the concept [book]? 
 A: False 
 Q: Is the property [can be digital] true for the concept [book] 
 A: True 
 In one word True/False, answer the following question Q: Is the property [can be found on every continent except antarctica] true for [Anvil]? 
 A:",False
can be found on every continent except antarctica|Axe,"Q: Is the property [is female] true for the concept [book]? 
 A: False 
 Q: Is the property [can be digital] true for the concept [book] 
 A: True 
 In one word True/False, answer the following question Q: Is the property [can be found on every continent except antarctica] true for [Axe]? 
 A:",False
can be found on every continent except antarctica|Blindworm,"Q: Is the property [is female] true for the concept [book]? 
 A: False 
 Q: Is the property [can be digital] true for the concept [book] 
 A: True 
 In one word True/False, answer the following question Q: Is the property [can be found on every continent except antarctica] true for [Blindworm]? 
 A:",False
can be found on every continent except antarctica|Boa python,"Q: Is the property [is female] true for the concept [book]? 
 A: False 
 Q: Is the property [can be digital] true for the concept [book] 
 A: True 
 In one word True/False, answer the following question Q: Is the property [can be found on every continent except antarctica] true for [Boa python]? 
 A:",False
can be found on every continent except antarctica|Caiman,"Q: Is the property [is female] true for the concept [book]? 
 A: False 
 Q: Is the property [can be digital] true for the concept [book] 
 A: True 
 In one word True/False, answer the following question Q: Is the property [can be found on every continent except antarctica] true for [Caiman]? 
 A:",False
can be found on every continent except antarctica|Chameleon,"Q: Is the property [is female] true for the concept [book]? 
 A: False 
 Q: Is the property [can be digital] true for the concept [book] 
 A: True 
 In one word True/False, answer the following question Q: Is the property [can be found on every continent except antarctica] true for [Chameleon]? 
 A:",False
can be found on every continent except antarctica|Chisel,"Q: Is the property [is female] true for the concept [book]? 
 A: False 
 Q: Is the property [can be digital] true for the concept [book] 
 A: True 
 In one word True/False, answer the following question Q: Is the property [can be found on every continent except antarctica] true for [Chisel]? 
 A:",False
can be found on every continent except antarctica|Cobra,"Q: Is the property [is female] true for the concept [book]? 
 A: False 
 Q: Is the property [can be digital] true for the concept [book] 
 A: True 
 In one word True/False, answer the following question Q: Is the property [can be found on every continent except antarctica] true for [Cobra]? 
 A:",False
can be found on every continent except antarctica|Crocodile,"Q: Is the property [is female] true for the concept [book]? 
 A: False 
 Q: Is the property [can be digital] true for the concept [book] 
 A: True 
 In one word True/False, answer the following question Q: Is the property [can be found on every continent except antarctica] true for [Crocodile]? 
 A:",False
can be found on every continent except antarctica|Dinosaur,"Q: Is the property [is female] true for the concept [book]? 
 A: False 
 Q: Is the property [can be digital] true for the concept [book] 
 A: True 
 In one word True/False, answer the following question Q: Is the property [can be found on every continent except antarctica] true for [Dinosaur]? 
 A:",False
can be found on every continent except antarctica|Gecko,"Q: Is the property [is female] true for the concept [book]? 
 A: False 
 Q: Is the property [can be digital] true for the concept [book] 
 A: True 
 In one word True/False, answer the following question Q: Is the property [can be found on every continent except antarctica] true for [Gecko]? 
 A:",False
can be found on every continent except antarctica|Grinding disk,"Q: Is the property [is female] true for the concept [book]? 
 A: False 
 Q: Is the property [can be digital] true for the concept [book] 
 A: True 
 In one word True/False, answer the following question Q: Is the property [can be found on every continent except antarctica] true for [Grinding disk]? 
 A:",False
can be found on every continent except antarctica|Hammer,"Q: Is the property [is female] true for the concept [book]? 
 A: False 
 Q: Is the property [can be digital] true for the concept [book] 
 A: True 
 In one word True/False, answer the following question Q: Is the property [can be found on every continent except antarctica] true for [Hammer]? 
 A:",False
can be found on every continent except antarctica|Knife,"Q: Is the property [is female] true for the concept [book]? 
 A: False 
 Q: Is the property [can be digital] true for the concept [book] 
 A: True 
 In one word True/False, answer the following question Q: Is the property [can be found on every continent except antarctica] true for [Knife]? 
 A:",False
can be found on every continent except antarctica|Lawn Mower,"Q: Is the property [is female] true for the concept [book]? 
 A: False 
 Q: Is the property [can be digital] true for the concept [book] 
 A: True 
 In one word True/False, answer the following question Q: Is the property [can be found on every continent except antarctica] true for [Lawn Mower]? 
 A:",False
can be found on every continent except antarctica|Lizard,"Q: Is the property [is female] true for the concept [book]? 
 A: False 
 Q: Is the property [can be digital] true for the concept [book] 
 A: True 
 In one word True/False, answer the following question Q: Is the property [can be found on every continent except antarctica] true for [Lizard]? 
 A:",False
can be found on every continent except antarctica|Nail,"Q: Is the property [is female] true for the concept [book]? 
 A: False 
 Q: Is the property [can be digital] true for the concept [book] 
 A: True 
 In one word True/False, answer the following question Q: Is the property [can be found on every continent except antarctica] true for [Nail]? 
 A:",False
can be found on every continent except antarctica|Oil can,"Q: Is the property [is female] true for the concept [book]? 
 A: False 
 Q: Is the property [can be digital] true for the concept [book] 
 A: True 
 In one word True/False, answer the following question Q: Is the property [can be found on every continent except antarctica] true for [Oil can]? 
 A:",False
can be found on every continent except antarctica|Paint brush,"Q: Is the property [is female] true for the concept [book]? 
 A: False 
 Q: Is the property [can be digital] true for the concept [book] 
 A: True 
 In one word True/False, answer the following question Q: Is the property [can be found on every continent except antarctica] true for [Paint brush]? 
 A:",False
can be found on every continent except antarctica|Salamander,"Q: Is the property [is female] true for the concept [book]? 
 A: False 
 Q: Is the property [can be digital] true for the concept [book] 
 A: True 
 In one word True/False, answer the following question Q: Is the property [can be found on every continent except antarctica] true for [Salamander]? 
 A:",False
can be found on every continent except antarctica|Saw,"Q: Is the property [is female] true for the concept [book]? 
 A: False 
 Q: Is the property [can be digital] true for the concept [book] 
 A: True 
 In one word True/False, answer the following question Q: Is the property [can be found on every continent except antarctica] true for [Saw]? 
 A:",False
can be found on every continent except antarctica|Screwdriver,"Q: Is the property [is female] true for the concept [book]? 
 A: False 
 Q: Is the property [can be digital] true for the concept [book] 
 A: True 
 In one word True/False, answer the following question Q: Is the property [can be found on every continent except antarctica] true for [Screwdriver]? 
 A:",False
can be found on every continent except antarctica|Shovel,"Q: Is the property [is female] true for the concept [book]? 
 A: False 
 Q: Is the property [can be digital] true for the concept [book] 
 A: True 
 In one word True/False, answer the following question Q: Is the property [can be found on every continent except antarctica] true for [Shovel]? 
 A:",False
can be found on every continent except antarctica|Snake,"Q: Is the property [is female] true for the concept [book]? 
 A: False 
 Q: Is the property [can be digital] true for the concept [book] 
 A: True 
 In one word True/False, answer the following question Q: Is the property [can be found on every continent except antarctica] true for [Snake]? 
 A:",False
can be found on every continent except antarctica|Spanner,"Q: Is the property [is female] true for the concept [book]? 
 A: False 
 Q: Is the property [can be digital] true for the concept [book] 
 A: True 
 In one word True/False, answer the following question Q: Is the property [can be found on every continent except antarctica] true for [Spanner]? 
 A:",False
can be found on every continent except antarctica|Toad,"Q: Is the property [is female] true for the concept [book]? 
 A: False 
 Q: Is the property [can be digital] true for the concept [book] 
 A: True 
 In one word True/False, answer the following question Q: Is the property [can be found on every continent except antarctica] true for [Toad]? 
 A:",False
can be found on every continent except antarctica|Tortoise,"Q: Is the property [is female] true for the concept [book]? 
 A: False 
 Q: Is the property [can be digital] true for the concept [book] 
 A: True 
 In one word True/False, answer the following question Q: Is the property [can be found on every continent except antarctica] true for [Tortoise]? 
 A:",False
can be found on every continent except antarctica|Turtle,"Q: Is the property [is female] true for the concept [book]? 
 A: False 
 Q: Is the property [can be digital] true for the concept [book] 
 A: True 
 In one word True/False, answer the following question Q: Is the property [can be found on every continent except antarctica] true for [Turtle]? 
 A:",False
can be found on every continent except antarctica|Vacuum,"Q: Is the property [is female] true for the concept [book]? 
 A: False 
 Q: Is the property [can be digital] true for the concept [book] 
 A: True 
 In one word True/False, answer the following question Q: Is the property [can be found on every continent except antarctica] true for [Vacuum]? 
 A:",False
can vary in size and shape|Alligator,"Q: Is the property [is female] true for the concept [book]? 
 A: False 
 Q: Is the property [can be digital] true for the concept [book] 
 A: True 
 In one word True/False, answer the following question Q: Is the property [can vary in size and shape] true for [Alligator]? 
 A:",True
can vary in size and shape|Anvil,"Q: Is the property [is female] true for the concept [book]? 
 A: False 
 Q: Is the property [can be digital] true for the concept [book] 
 A: True 
 In one word True/False, answer the following question Q: Is the property [can vary in size and shape] true for [Anvil]? 
 A:",True
can vary in size and shape|Axe,"Q: Is the property [is female] true for the concept [book]? 
 A: False 
 Q: Is the property [can be digital] true for the concept [book] 
 A: True 
 In one word True/False, answer the following question Q: Is the property [can vary in size and shape] true for [Axe]? 
 A:",True
can vary in size and shape|Blindworm,"Q: Is the property [is female] true for the concept [book]? 
 A: False 
 Q: Is the property [can be digital] true for the concept [book] 
 A: True 
 In one word True/False, answer the following question Q: Is the property [can vary in size and shape] true for [Blindworm]? 
 A:",False
can vary in size and shape|Boa python,"Q: Is the property [is female] true for the concept [book]? 
 A: False 
 Q: Is the property [can be digital] true for the concept [book] 
 A: True 
 In one word True/False, answer the following question Q: Is the property [can vary in size and shape] true for [Boa python]? 
 A:",True
can vary in size and shape|Caiman,"Q: Is the property [is female] true for the concept [book]? 
 A: False 
 Q: Is the property [can be digital] true for the concept [book] 
 A: True 
 In one word True/False, answer the following question Q: Is the property [can vary in size and shape] true for [Caiman]? 
 A:",True
can vary in size and shape|Chameleon,"Q: Is the property [is female] true for the concept [book]? 
 A: False 
 Q: Is the property [can be digital] true for the concept [book] 
 A: True 
 In one word True/False, answer the following question Q: Is the property [can vary in size and shape] true for [Chameleon]? 
 A:",True
can vary in size and shape|Chisel,"Q: Is the property [is female] true for the concept [book]? 
 A: False 
 Q: Is the property [can be digital] true for the concept [book] 
 A: True 
 In one word True/False, answer the following question Q: Is the property [can vary in size and shape] true for [Chisel]? 
 A:",True
can vary in size and shape|Cobra,"Q: Is the property [is female] true for the concept [book]? 
 A: False 
 Q: Is the property [can be digital] true for the concept [book] 
 A: True 
 In one word True/False, answer the following question Q: Is the property [can vary in size and shape] true for [Cobra]? 
 A:",True
can vary in size and shape|Crocodile,"Q: Is the property [is female] true for the concept [book]? 
 A: False 
 Q: Is the property [can be digital] true for the concept [book] 
 A: True 
 In one word True/False, answer the following question Q: Is the property [can vary in size and shape] true for [Crocodile]? 
 A:",True
can vary in size and shape|Dinosaur,"Q: Is the property [is female] true for the concept [book]? 
 A: False 
 Q: Is the property [can be digital] true for the concept [book] 
 A: True 
 In one word True/False, answer the following question Q: Is the property [can vary in size and shape] true for [Dinosaur]? 
 A:",True
can vary in size and shape|Gecko,"Q: Is the property [is female] true for the concept [book]? 
 A: False 
 Q: Is the property [can be digital] true for the concept [book] 
 A: True 
 In one word True/False, answer the following question Q: Is the property [can vary in size and shape] true for [Gecko]? 
 A:",True
can vary in size and shape|Grinding disk,"Q: Is the property [is female] true for the concept [book]? 
 A: False 
 Q: Is the property [can be digital] true for the concept [book] 
 A: True 
 In one word True/False, answer the following question Q: Is the property [can vary in size and shape] true for [Grinding disk]? 
 A:",True
can vary in size and shape|Hammer,"Q: Is the property [is female] true for the concept [book]? 
 A: False 
 Q: Is the property [can be digital] true for the concept [book] 
 A: True 
 In one word True/False, answer the following question Q: Is the property [can vary in size and shape] true for [Hammer]? 
 A:",True
can vary in size and shape|Knife,"Q: Is the property [is female] true for the concept [book]? 
 A: False 
 Q: Is the property [can be digital] true for the concept [book] 
 A: True 
 In one word True/False, answer the following question Q: Is the property [can vary in size and shape] true for [Knife]? 
 A:",True
can vary in size and shape|Lawn Mower,"Q: Is the property [is female] true for the concept [book]? 
 A: False 
 Q: Is the property [can be digital] true for the concept [book] 
 A: True 
 In one word True/False, answer the following question Q: Is the property [can vary in size and shape] true for [Lawn Mower]? 
 A:",True
can vary in size and shape|Lizard,"Q: Is the property [is female] true for the concept [book]? 
 A: False 
 Q: Is the property [can be digital] true for the concept [book] 
 A: True 
 In one word True/False, answer the following question Q: Is the property [can vary in size and shape] true for [Lizard]? 
 A:",True
can vary in size and shape|Nail,"Q: Is the property [is female] true for the concept [book]? 
 A: False 
 Q: Is the property [can be digital] true for the concept [book] 
 A: True 
 In one word True/False, answer the following question Q: Is the property [can vary in size and shape] true for [Nail]? 
 A:",True
can vary in size and shape|Oil can,"Q: Is the property [is female] true for the concept [book]? 
 A: False 
 Q: Is the property [can be digital] true for the concept [book] 
 A: True 
 In one word True/False, answer the following question Q: Is the property [can vary in size and shape] true for [Oil can]? 
 A:",True
can vary in size and shape|Paint brush,"Q: Is the property [is female] true for the concept [book]? 
 A: False 
 Q: Is the property [can be digital] true for the concept [book] 
 A: True 
 In one word True/False, answer the following question Q: Is the property [can vary in size and shape] true for [Paint brush]? 
 A:",True
can vary in size and shape|Salamander,"Q: Is the property [is female] true for the concept [book]? 
 A: False 
 Q: Is the property [can be digital] true for the concept [book] 
 A: True 
 In one word True/False, answer the following question Q: Is the property [can vary in size and shape] true for [Salamander]? 
 A:",True
can vary in size and shape|Saw,"Q: Is the property [is female] true for the concept [book]? 
 A: False 
 Q: Is the property [can be digital] true for the concept [book] 
 A: True 
 In one word True/False, answer the following question Q: Is the property [can vary in size and shape] true for [Saw]? 
 A:",True
can vary in size and shape|Screwdriver,"Q: Is the property [is female] true for the concept [book]? 
 A: False 
 Q: Is the property [can be digital] true for the concept [book] 
 A: True 
 In one word True/False, answer the following question Q: Is the property [can vary in size and shape] true for [Screwdriver]? 
 A:",True
can vary in size and shape|Shovel,"Q: Is the property [is female] true for the concept [book]? 
 A: False 
 Q: Is the property [can be digital] true for the concept [book] 
 A: True 
 In one word True/False, answer the following question Q: Is the property [can vary in size and shape] true for [Shovel]? 
 A:",True
can vary in size and shape|Snake,"Q: Is the property [is female] true for the concept [book]? 
 A: False 
 Q: Is the property [can be digital] true for the concept [book] 
 A: True 
 In one word True/False, answer the following question Q: Is the property [can vary in size and shape] true for [Snake]? 
 A:",True
can vary in size and shape|Spanner,"Q: Is the property [is female] true for the concept [book]? 
 A: False 
 Q: Is the property [can be digital] true for the concept [book] 
 A: True 
 In one word True/False, answer the following question Q: Is the property [can vary in size and shape] true for [Spanner]? 
 A:",True
can vary in size and shape|Toad,"Q: Is the property [is female] true for the concept [book]? 
 A: False 
 Q: Is the property [can be digital] true for the concept [book] 
 A: True 
 In one word True/False, answer the following question Q: Is the property [can vary in size and shape] true for [Toad]? 
 A:",True
can vary in size and shape|Tortoise,"Q: Is the property [is female] true for the concept [book]? 
 A: False 
 Q: Is the property [can be digital] true for the concept [book] 
 A: True 
 In one word True/False, answer the following question Q: Is the property [can vary in size and shape] true for [Tortoise]? 
 A:",True
can vary in size and shape|Turtle,"Q: Is the property [is female] true for the concept [book]? 
 A: False 
 Q: Is the property [can be digital] true for the concept [book] 
 A: True 
 In one word True/False, answer the following question Q: Is the property [can vary in size and shape] true for [Turtle]? 
 A:",True
can vary in size and shape|Vacuum,"Q: Is the property [is female] true for the concept [book]? 
 A: False 
 Q: Is the property [can be digital] true for the concept [book] 
 A: True 
 In one word True/False, answer the following question Q: Is the property [can vary in size and shape] true for [Vacuum]? 
 A:",False
carnivorous diet|Alligator,"Q: Is the property [is female] true for the concept [book]? 
 A: False 
 Q: Is the property [can be digital] true for the concept [book] 
 A: True 
 In one word True/False, answer the following question Q: Is the property [carnivorous diet] true for [Alligator]? 
 A:",True
carnivorous diet|Anvil,"Q: Is the property [is female] true for the concept [book]? 
 A: False 
 Q: Is the property [can be digital] true for the concept [book] 
 A: True 
 In one word True/False, answer the following question Q: Is the property [carnivorous diet] true for [Anvil]? 
 A:",False
carnivorous diet|Axe,"Q: Is the property [is female] true for the concept [book]? 
 A: False 
 Q: Is the property [can be digital] true for the concept [book] 
 A: True 
 In one word True/False, answer the following question Q: Is the property [carnivorous diet] true for [Axe]? 
 A:",False
carnivorous diet|Blindworm,"Q: Is the property [is female] true for the concept [book]? 
 A: False 
 Q: Is the property [can be digital] true for the concept [book] 
 A: True 
 In one word True/False, answer the following question Q: Is the property [carnivorous diet] true for [Blindworm]? 
 A:",False
carnivorous diet|Boa python,"Q: Is the property [is female] true for the concept [book]? 
 A: False 
 Q: Is the property [can be digital] true for the concept [book] 
 A: True 
 In one word True/False, answer the following question Q: Is the property [carnivorous diet] true for [Boa python]? 
 A:",True
carnivorous diet|Caiman,"Q: Is the property [is female] true for the concept [book]? 
 A: False 
 Q: Is the property [can be digital] true for the concept [book] 
 A: True 
 In one word True/False, answer the following question Q: Is the property [carnivorous diet] true for [Caiman]? 
 A:",True
carnivorous diet|Chameleon,"Q: Is the property [is female] true for the concept [book]? 
 A: False 
 Q: Is the property [can be digital] true for the concept [book] 
 A: True 
 In one word True/False, answer the following question Q: Is the property [carnivorous diet] true for [Chameleon]? 
 A:",True
carnivorous diet|Chisel,"Q: Is the property [is female] true for the concept [book]? 
 A: False 
 Q: Is the property [can be digital] true for the concept [book] 
 A: True 
 In one word True/False, answer the following question Q: Is the property [carnivorous diet] true for [Chisel]? 
 A:",False
carnivorous diet|Cobra,"Q: Is the property [is female] true for the concept [book]? 
 A: False 
 Q: Is the property [can be digital] true for the concept [book] 
 A: True 
 In one word True/False, answer the following question Q: Is the property [carnivorous diet] true for [Cobra]? 
 A:",True
carnivorous diet|Crocodile,"Q: Is the property [is female] true for the concept [book]? 
 A: False 
 Q: Is the property [can be digital] true for the concept [book] 
 A: True 
 In one word True/False, answer the following question Q: Is the property [carnivorous diet] true for [Crocodile]? 
 A:",True
carnivorous diet|Dinosaur,"Q: Is the property [is female] true for the concept [book]? 
 A: False 
 Q: Is the property [can be digital] true for the concept [book] 
 A: True 
 In one word True/False, answer the following question Q: Is the property [carnivorous diet] true for [Dinosaur]? 
 A:",True
carnivorous diet|Gecko,"Q: Is the property [is female] true for the concept [book]? 
 A: False 
 Q: Is the property [can be digital] true for the concept [book] 
 A: True 
 In one word True/False, answer the following question Q: Is the property [carnivorous diet] true for [Gecko]? 
 A:",True
carnivorous diet|Grinding disk,"Q: Is the property [is female] true for the concept [book]? 
 A: False 
 Q: Is the property [can be digital] true for the concept [book] 
 A: True 
 In one word True/False, answer the following question Q: Is the property [carnivorous diet] true for [Grinding disk]? 
 A:",False
carnivorous diet|Hammer,"Q: Is the property [is female] true for the concept [book]? 
 A: False 
 Q: Is the property [can be digital] true for the concept [book] 
 A: True 
 In one word True/False, answer the following question Q: Is the property [carnivorous diet] true for [Hammer]? 
 A:",False
carnivorous diet|Knife,"Q: Is the property [is female] true for the concept [book]? 
 A: False 
 Q: Is the property [can be digital] true for the concept [book] 
 A: True 
 In one word True/False, answer the following question Q: Is the property [carnivorous diet] true for [Knife]? 
 A:",False
carnivorous diet|Lawn Mower,"Q: Is the property [is female] true for the concept [book]? 
 A: False 
 Q: Is the property [can be digital] true for the concept [book] 
 A: True 
 In one word True/False, answer the following question Q: Is the property [carnivorous diet] true for [Lawn Mower]? 
 A:",False
carnivorous diet|Lizard,"Q: Is the property [is female] true for the concept [book]? 
 A: False 
 Q: Is the property [can be digital] true for the concept [book] 
 A: True 
 In one word True/False, answer the following question Q: Is the property [carnivorous diet] true for [Lizard]? 
 A:",True
carnivorous diet|Nail,"Q: Is the property [is female] true for the concept [book]? 
 A: False 
 Q: Is the property [can be digital] true for the concept [book] 
 A: True 
 In one word True/False, answer the following question Q: Is the property [carnivorous diet] true for [Nail]? 
 A:",False
carnivorous diet|Oil can,"Q: Is the property [is female] true for the concept [book]? 
 A: False 
 Q: Is the property [can be digital] true for the concept [book] 
 A: True 
 In one word True/False, answer the following question Q: Is the property [carnivorous diet] true for [Oil can]? 
 A:",False
carnivorous diet|Paint brush,"Q: Is the property [is female] true for the concept [book]? 
 A: False 
 Q: Is the property [can be digital] true for the concept [book] 
 A: True 
 In one word True/False, answer the following question Q: Is the property [carnivorous diet] true for [Paint brush]? 
 A:",False
carnivorous diet|Salamander,"Q: Is the property [is female] true for the concept [book]? 
 A: False 
 Q: Is the property [can be digital] true for the concept [book] 
 A: True 
 In one word True/False, answer the following question Q: Is the property [carnivorous diet] true for [Salamander]? 
 A:",True
carnivorous diet|Saw,"Q: Is the property [is female] true for the concept [book]? 
 A: False 
 Q: Is the property [can be digital] true for the concept [book] 
 A: True 
 In one word True/False, answer the following question Q: Is the property [carnivorous diet] true for [Saw]? 
 A:",False
carnivorous diet|Screwdriver,"Q: Is the property [is female] true for the concept [book]? 
 A: False 
 Q: Is the property [can be digital] true for the concept [book] 
 A: True 
 In one word True/False, answer the following question Q: Is the property [carnivorous diet] true for [Screwdriver]? 
 A:",False
carnivorous diet|Shovel,"Q: Is the property [is female] true for the concept [book]? 
 A: False 
 Q: Is the property [can be digital] true for the concept [book] 
 A: True 
 In one word True/False, answer the following question Q: Is the property [carnivorous diet] true for [Shovel]? 
 A:",False
carnivorous diet|Snake,"Q: Is the property [is female] true for the concept [book]? 
 A: False 
 Q: Is the property [can be digital] true for the concept [book] 
 A: True 
 In one word True/False, answer the following question Q: Is the property [carnivorous diet] true for [Snake]? 
 A:",True
carnivorous diet|Spanner,"Q: Is the property [is female] true for the concept [book]? 
 A: False 
 Q: Is the property [can be digital] true for the concept [book] 
 A: True 
 In one word True/False, answer the following question Q: Is the property [carnivorous diet] true for [Spanner]? 
 A:",False
carnivorous diet|Toad,"Q: Is the property [is female] true for the concept [book]? 
 A: False 
 Q: Is the property [can be digital] true for the concept [book] 
 A: True 
 In one word True/False, answer the following question Q: Is the property [carnivorous diet] true for [Toad]? 
 A:",True
carnivorous diet|Tortoise,"Q: Is the property [is female] true for the concept [book]? 
 A: False 
 Q: Is the property [can be digital] true for the concept [book] 
 A: True 
 In one word True/False, answer the following question Q: Is the property [carnivorous diet] true for [Tortoise]? 
 A:",False
carnivorous diet|Turtle,"Q: Is the property [is female] true for the concept [book]? 
 A: False 
 Q: Is the property [can be digital] true for the concept [book] 
 A: True 
 In one word True/False, answer the following question Q: Is the property [carnivorous diet] true for [Turtle]? 
 A:",False
carnivorous diet|Vacuum,"Q: Is the property [is female] true for the concept [book]? 
 A: False 
 Q: Is the property [can be digital] true for the concept [book] 
 A: True 
 In one word True/False, answer the following question Q: Is the property [carnivorous diet] true for [Vacuum]? 
 A:",False
cold-blooded|Alligator,"Q: Is the property [is female] true for the concept [book]? 
 A: False 
 Q: Is the property [can be digital] true for the concept [book] 
 A: True 
 In one word True/False, answer the following question Q: Is the property [cold-blooded] true for [Alligator]? 
 A:",True
cold-blooded|Anvil,"Q: Is the property [is female] true for the concept [book]? 
 A: False 
 Q: Is the property [can be digital] true for the concept [book] 
 A: True 
 In one word True/False, answer the following question Q: Is the property [cold-blooded] true for [Anvil]? 
 A:",False
cold-blooded|Axe,"Q: Is the property [is female] true for the concept [book]? 
 A: False 
 Q: Is the property [can be digital] true for the concept [book] 
 A: True 
 In one word True/False, answer the following question Q: Is the property [cold-blooded] true for [Axe]? 
 A:",False
cold-blooded|Blindworm,"Q: Is the property [is female] true for the concept [book]? 
 A: False 
 Q: Is the property [can be digital] true for the concept [book] 
 A: True 
 In one word True/False, answer the following question Q: Is the property [cold-blooded] true for [Blindworm]? 
 A:",False
cold-blooded|Boa python,"Q: Is the property [is female] true for the concept [book]? 
 A: False 
 Q: Is the property [can be digital] true for the concept [book] 
 A: True 
 In one word True/False, answer the following question Q: Is the property [cold-blooded] true for [Boa python]? 
 A:",False
cold-blooded|Caiman,"Q: Is the property [is female] true for the concept [book]? 
 A: False 
 Q: Is the property [can be digital] true for the concept [book] 
 A: True 
 In one word True/False, answer the following question Q: Is the property [cold-blooded] true for [Caiman]? 
 A:",True
cold-blooded|Chameleon,"Q: Is the property [is female] true for the concept [book]? 
 A: False 
 Q: Is the property [can be digital] true for the concept [book] 
 A: True 
 In one word True/False, answer the following question Q: Is the property [cold-blooded] true for [Chameleon]? 
 A:",True
cold-blooded|Chisel,"Q: Is the property [is female] true for the concept [book]? 
 A: False 
 Q: Is the property [can be digital] true for the concept [book] 
 A: True 
 In one word True/False, answer the following question Q: Is the property [cold-blooded] true for [Chisel]? 
 A:",False
cold-blooded|Cobra,"Q: Is the property [is female] true for the concept [book]? 
 A: False 
 Q: Is the property [can be digital] true for the concept [book] 
 A: True 
 In one word True/False, answer the following question Q: Is the property [cold-blooded] true for [Cobra]? 
 A:",True
cold-blooded|Crocodile,"Q: Is the property [is female] true for the concept [book]? 
 A: False 
 Q: Is the property [can be digital] true for the concept [book] 
 A: True 
 In one word True/False, answer the following question Q: Is the property [cold-blooded] true for [Crocodile]? 
 A:",False
cold-blooded|Dinosaur,"Q: Is the property [is female] true for the concept [book]? 
 A: False 
 Q: Is the property [can be digital] true for the concept [book] 
 A: True 
 In one word True/False, answer the following question Q: Is the property [cold-blooded] true for [Dinosaur]? 
 A:",False
cold-blooded|Gecko,"Q: Is the property [is female] true for the concept [book]? 
 A: False 
 Q: Is the property [can be digital] true for the concept [book] 
 A: True 
 In one word True/False, answer the following question Q: Is the property [cold-blooded] true for [Gecko]? 
 A:",True
cold-blooded|Grinding disk,"Q: Is the property [is female] true for the concept [book]? 
 A: False 
 Q: Is the property [can be digital] true for the concept [book] 
 A: True 
 In one word True/False, answer the following question Q: Is the property [cold-blooded] true for [Grinding disk]? 
 A:",False
cold-blooded|Hammer,"Q: Is the property [is female] true for the concept [book]? 
 A: False 
 Q: Is the property [can be digital] true for the concept [book] 
 A: True 
 In one word True/False, answer the following question Q: Is the property [cold-blooded] true for [Hammer]? 
 A:",False
cold-blooded|Knife,"Q: Is the property [is female] true for the concept [book]? 
 A: False 
 Q: Is the property [can be digital] true for the concept [book] 
 A: True 
 In one word True/False, answer the following question Q: Is the property [cold-blooded] true for [Knife]? 
 A:",False
cold-blooded|Lawn Mower,"Q: Is the property [is female] true for the concept [book]? 
 A: False 
 Q: Is the property [can be digital] true for the concept [book] 
 A: True 
 In one word True/False, answer the following question Q: Is the property [cold-blooded] true for [Lawn Mower]? 
 A:",False
cold-blooded|Lizard,"Q: Is the property [is female] true for the concept [book]? 
 A: False 
 Q: Is the property [can be digital] true for the concept [book] 
 A: True 
 In one word True/False, answer the following question Q: Is the property [cold-blooded] true for [Lizard]? 
 A:",True
cold-blooded|Nail,"Q: Is the property [is female] true for the concept [book]? 
 A: False 
 Q: Is the property [can be digital] true for the concept [book] 
 A: True 
 In one word True/False, answer the following question Q: Is the property [cold-blooded] true for [Nail]? 
 A:",False
cold-blooded|Oil can,"Q: Is the property [is female] true for the concept [book]? 
 A: False 
 Q: Is the property [can be digital] true for the concept [book] 
 A: True 
 In one word True/False, answer the following question Q: Is the property [cold-blooded] true for [Oil can]? 
 A:",False
cold-blooded|Paint brush,"Q: Is the property [is female] true for the concept [book]? 
 A: False 
 Q: Is the property [can be digital] true for the concept [book] 
 A: True 
 In one word True/False, answer the following question Q: Is the property [cold-blooded] true for [Paint brush]? 
 A:",False
cold-blooded|Salamander,"Q: Is the property [is female] true for the concept [book]? 
 A: False 
 Q: Is the property [can be digital] true for the concept [book] 
 A: True 
 In one word True/False, answer the following question Q: Is the property [cold-blooded] true for [Salamander]? 
 A:",True
cold-blooded|Saw,"Q: Is the property [is female] true for the concept [book]? 
 A: False 
 Q: Is the property [can be digital] true for the concept [book] 
 A: True 
 In one word True/False, answer the following question Q: Is the property [cold-blooded] true for [Saw]? 
 A:",False
cold-blooded|Screwdriver,"Q: Is the property [is female] true for the concept [book]? 
 A: False 
 Q: Is the property [can be digital] true for the concept [book] 
 A: True 
 In one word True/False, answer the following question Q: Is the property [cold-blooded] true for [Screwdriver]? 
 A:",False
cold-blooded|Shovel,"Q: Is the property [is female] true for the concept [book]? 
 A: False 
 Q: Is the property [can be digital] true for the concept [book] 
 A: True 
 In one word True/False, answer the following question Q: Is the property [cold-blooded] true for [Shovel]? 
 A:",False
cold-blooded|Snake,"Q: Is the property [is female] true for the concept [book]? 
 A: False 
 Q: Is the property [can be digital] true for the concept [book] 
 A: True 
 In one word True/False, answer the following question Q: Is the property [cold-blooded] true for [Snake]? 
 A:",True
cold-blooded|Spanner,"Q: Is the property [is female] true for the concept [book]? 
 A: False 
 Q: Is the property [can be digital] true for the concept [book] 
 A: True 
 In one word True/False, answer the following question Q: Is the property [cold-blooded] true for [Spanner]? 
 A:",False
cold-blooded|Toad,"Q: Is the property [is female] true for the concept [book]? 
 A: False 
 Q: Is the property [can be digital] true for the concept [book] 
 A: True 
 In one word True/False, answer the following question Q: Is the property [cold-blooded] true for [Toad]? 
 A:",True
cold-blooded|Tortoise,"Q: Is the property [is female] true for the concept [book]? 
 A: False 
 Q: Is the property [can be digital] true for the concept [book] 
 A: True 
 In one word True/False, answer the following question Q: Is the property [cold-blooded] true for [Tortoise]? 
 A:",True
cold-blooded|Turtle,"Q: Is the property [is female] true for the concept [book]? 
 A: False 
 Q: Is the property [can be digital] true for the concept [book] 
 A: True 
 In one word True/False, answer the following question Q: Is the property [cold-blooded] true for [Turtle]? 
 A:",True
cold-blooded|Vacuum,"Q: Is the property [is female] true for the concept [book]? 
 A: False 
 Q: Is the property [can be digital] true for the concept [book] 
 A: True 
 In one word True/False, answer the following question Q: Is the property [cold-blooded] true for [Vacuum]? 
 A:",False
constrictor|Alligator,"Q: Is the property [is female] true for the concept [book]? 
 A: False 
 Q: Is the property [can be digital] true for the concept [book] 
 A: True 
 In one word True/False, answer the following question Q: Is the property [constrictor] true for [Alligator]? 
 A:",True
constrictor|Anvil,"Q: Is the property [is female] true for the concept [book]? 
 A: False 
 Q: Is the property [can be digital] true for the concept [book] 
 A: True 
 In one word True/False, answer the following question Q: Is the property [constrictor] true for [Anvil]? 
 A:",False
constrictor|Axe,"Q: Is the property [is female] true for the concept [book]? 
 A: False 
 Q: Is the property [can be digital] true for the concept [book] 
 A: True 
 In one word True/False, answer the following question Q: Is the property [constrictor] true for [Axe]? 
 A:",False
constrictor|Blindworm,"Q: Is the property [is female] true for the concept [book]? 
 A: False 
 Q: Is the property [can be digital] true for the concept [book] 
 A: True 
 In one word True/False, answer the following question Q: Is the property [constrictor] true for [Blindworm]? 
 A:",False
constrictor|Boa python,"Q: Is the property [is female] true for the concept [book]? 
 A: False 
 Q: Is the property [can be digital] true for the concept [book] 
 A: True 
 In one word True/False, answer the following question Q: Is the property [constrictor] true for [Boa python]? 
 A:",True
constrictor|Caiman,"Q: Is the property [is female] true for the concept [book]? 
 A: False 
 Q: Is the property [can be digital] true for the concept [book] 
 A: True 
 In one word True/False, answer the following question Q: Is the property [constrictor] true for [Caiman]? 
 A:",True
constrictor|Chameleon,"Q: Is the property [is female] true for the concept [book]? 
 A: False 
 Q: Is the property [can be digital] true for the concept [book] 
 A: True 
 In one word True/False, answer the following question Q: Is the property [constrictor] true for [Chameleon]? 
 A:",False
constrictor|Chisel,"Q: Is the property [is female] true for the concept [book]? 
 A: False 
 Q: Is the property [can be digital] true for the concept [book] 
 A: True 
 In one word True/False, answer the following question Q: Is the property [constrictor] true for [Chisel]? 
 A:",False
constrictor|Cobra,"Q: Is the property [is female] true for the concept [book]? 
 A: False 
 Q: Is the property [can be digital] true for the concept [book] 
 A: True 
 In one word True/False, answer the following question Q: Is the property [constrictor] true for [Cobra]? 
 A:",True
constrictor|Crocodile,"Q: Is the property [is female] true for the concept [book]? 
 A: False 
 Q: Is the property [can be digital] true for the concept [book] 
 A: True 
 In one word True/False, answer the following question Q: Is the property [constrictor] true for [Crocodile]? 
 A:",True
constrictor|Dinosaur,"Q: Is the property [is female] true for the concept [book]? 
 A: False 
 Q: Is the property [can be digital] true for the concept [book] 
 A: True 
 In one word True/False, answer the following question Q: Is the property [constrictor] true for [Dinosaur]? 
 A:",True
constrictor|Gecko,"Q: Is the property [is female] true for the concept [book]? 
 A: False 
 Q: Is the property [can be digital] true for the concept [book] 
 A: True 
 In one word True/False, answer the following question Q: Is the property [constrictor] true for [Gecko]? 
 A:",False
constrictor|Grinding disk,"Q: Is the property [is female] true for the concept [book]? 
 A: False 
 Q: Is the property [can be digital] true for the concept [book] 
 A: True 
 In one word True/False, answer the following question Q: Is the property [constrictor] true for [Grinding disk]? 
 A:",False
constrictor|Hammer,"Q: Is the property [is female] true for the concept [book]? 
 A: False 
 Q: Is the property [can be digital] true for the concept [book] 
 A: True 
 In one word True/False, answer the following question Q: Is the property [constrictor] true for [Hammer]? 
 A:",False
constrictor|Knife,"Q: Is the property [is female] true for the concept [book]? 
 A: False 
 Q: Is the property [can be digital] true for the concept [book] 
 A: True 
 In one word True/False, answer the following question Q: Is the property [constrictor] true for [Knife]? 
 A:",False
constrictor|Lawn Mower,"Q: Is the property [is female] true for the concept [book]? 
 A: False 
 Q: Is the property [can be digital] true for the concept [book] 
 A: True 
 In one word True/False, answer the following question Q: Is the property [constrictor] true for [Lawn Mower]? 
 A:",False
constrictor|Lizard,"Q: Is the property [is female] true for the concept [book]? 
 A: False 
 Q: Is the property [can be digital] true for the concept [book] 
 A: True 
 In one word True/False, answer the following question Q: Is the property [constrictor] true for [Lizard]? 
 A:",False
constrictor|Nail,"Q: Is the property [is female] true for the concept [book]? 
 A: False 
 Q: Is the property [can be digital] true for the concept [book] 
 A: True 
 In one word True/False, answer the following question Q: Is the property [constrictor] true for [Nail]? 
 A:",False
constrictor|Oil can,"Q: Is the property [is female] true for the concept [book]? 
 A: False 
 Q: Is the property [can be digital] true for the concept [book] 
 A: True 
 In one word True/False, answer the following question Q: Is the property [constrictor] true for [Oil can]? 
 A:",False
constrictor|Paint brush,"Q: Is the property [is female] true for the concept [book]? 
 A: False 
 Q: Is the property [can be digital] true for the concept [book] 
 A: True 
 In one word True/False, answer the following question Q: Is the property [constrictor] true for [Paint brush]? 
 A:",False
constrictor|Salamander,"Q: Is the property [is female] true for the concept [book]? 
 A: False 
 Q: Is the property [can be digital] true for the concept [book] 
 A: True 
 In one word True/False, answer the following question Q: Is the property [constrictor] true for [Salamander]? 
 A:",False
constrictor|Saw,"Q: Is the property [is female] true for the concept [book]? 
 A: False 
 Q: Is the property [can be digital] true for the concept [book] 
 A: True 
 In one word True/False, answer the following question Q: Is the property [constrictor] true for [Saw]? 
 A:",False
constrictor|Screwdriver,"Q: Is the property [is female] true for the concept [book]? 
 A: False 
 Q: Is the property [can be digital] true for the concept [book] 
 A: True 
 In one word True/False, answer the following question Q: Is the property [constrictor] true for [Screwdriver]? 
 A:",False
constrictor|Shovel,"Q: Is the property [is female] true for the concept [book]? 
 A: False 
 Q: Is the property [can be digital] true for the concept [book] 
 A: True 
 In one word True/False, answer the following question Q: Is the property [constrictor] true for [Shovel]? 
 A:",False
constrictor|Snake,"Q: Is the property [is female] true for the concept [book]? 
 A: False 
 Q: Is the property [can be digital] true for the concept [book] 
 A: True 
 In one word True/False, answer the following question Q: Is the property [constrictor] true for [Snake]? 
 A:",True
constrictor|Spanner,"Q: Is the property [is female] true for the concept [book]? 
 A: False 
 Q: Is the property [can be digital] true for the concept [book] 
 A: True 
 In one word True/False, answer the following question Q: Is the property [constrictor] true for [Spanner]? 
 A:",False
constrictor|Toad,"Q: Is the property [is female] true for the concept [book]? 
 A: False 
 Q: Is the property [can be digital] true for the concept [book] 
 A: True 
 In one word True/False, answer the following question Q: Is the property [constrictor] true for [Toad]? 
 A:",False
constrictor|Tortoise,"Q: Is the property [is female] true for the concept [book]? 
 A: False 
 Q: Is the property [can be digital] true for the concept [book] 
 A: True 
 In one word True/False, answer the following question Q: Is the property [constrictor] true for [Tortoise]? 
 A:",False
constrictor|Turtle,"Q: Is the property [is female] true for the concept [book]? 
 A: False 
 Q: Is the property [can be digital] true for the concept [book] 
 A: True 
 In one word True/False, answer the following question Q: Is the property [constrictor] true for [Turtle]? 
 A:",False
constrictor|Vacuum,"Q: Is the property [is female] true for the concept [book]? 
 A: False 
 Q: Is the property [can be digital] true for the concept [book] 
 A: True 
 In one word True/False, answer the following question Q: Is the property [constrictor] true for [Vacuum]? 
 A:",False
diapsid|Alligator,"Q: Is the property [is female] true for the concept [book]? 
 A: False 
 Q: Is the property [can be digital] true for the concept [book] 
 A: True 
 In one word True/False, answer the following question Q: Is the property [diapsid] true for [Alligator]? 
 A:",True
diapsid|Anvil,"Q: Is the property [is female] true for the concept [book]? 
 A: False 
 Q: Is the property [can be digital] true for the concept [book] 
 A: True 
 In one word True/False, answer the following question Q: Is the property [diapsid] true for [Anvil]? 
 A:",False
diapsid|Axe,"Q: Is the property [is female] true for the concept [book]? 
 A: False 
 Q: Is the property [can be digital] true for the concept [book] 
 A: True 
 In one word True/False, answer the following question Q: Is the property [diapsid] true for [Axe]? 
 A:",False
diapsid|Blindworm,"Q: Is the property [is female] true for the concept [book]? 
 A: False 
 Q: Is the property [can be digital] true for the concept [book] 
 A: True 
 In one word True/False, answer the following question Q: Is the property [diapsid] true for [Blindworm]? 
 A:",True
diapsid|Boa python,"Q: Is the property [is female] true for the concept [book]? 
 A: False 
 Q: Is the property [can be digital] true for the concept [book] 
 A: True 
 In one word True/False, answer the following question Q: Is the property [diapsid] true for [Boa python]? 
 A:",False
diapsid|Caiman,"Q: Is the property [is female] true for the concept [book]? 
 A: False 
 Q: Is the property [can be digital] true for the concept [book] 
 A: True 
 In one word True/False, answer the following question Q: Is the property [diapsid] true for [Caiman]? 
 A:",True
diapsid|Chameleon,"Q: Is the property [is female] true for the concept [book]? 
 A: False 
 Q: Is the property [can be digital] true for the concept [book] 
 A: True 
 In one word True/False, answer the following question Q: Is the property [diapsid] true for [Chameleon]? 
 A:",True
diapsid|Chisel,"Q: Is the property [is female] true for the concept [book]? 
 A: False 
 Q: Is the property [can be digital] true for the concept [book] 
 A: True 
 In one word True/False, answer the following question Q: Is the property [diapsid] true for [Chisel]? 
 A:",False
diapsid|Cobra,"Q: Is the property [is female] true for the concept [book]? 
 A: False 
 Q: Is the property [can be digital] true for the concept [book] 
 A: True 
 In one word True/False, answer the following question Q: Is the property [diapsid] true for [Cobra]? 
 A:",False
diapsid|Crocodile,"Q: Is the property [is female] true for the concept [book]? 
 A: False 
 Q: Is the property [can be digital] true for the concept [book] 
 A: True 
 In one word True/False, answer the following question Q: Is the property [diapsid] true for [Crocodile]? 
 A:",True
diapsid|Dinosaur,"Q: Is the property [is female] true for the concept [book]? 
 A: False 
 Q: Is the property [can be digital] true for the concept [book] 
 A: True 
 In one word True/False, answer the following question Q: Is the property [diapsid] true for [Dinosaur]? 
 A:",True
diapsid|Gecko,"Q: Is the property [is female] true for the concept [book]? 
 A: False 
 Q: Is the property [can be digital] true for the concept [book] 
 A: True 
 In one word True/False, answer the following question Q: Is the property [diapsid] true for [Gecko]? 
 A:",True
diapsid|Grinding disk,"Q: Is the property [is female] true for the concept [book]? 
 A: False 
 Q: Is the property [can be digital] true for the concept [book] 
 A: True 
 In one word True/False, answer the following question Q: Is the property [diapsid] true for [Grinding disk]? 
 A:",False
diapsid|Hammer,"Q: Is the property [is female] true for the concept [book]? 
 A: False 
 Q: Is the property [can be digital] true for the concept [book] 
 A: True 
 In one word True/False, answer the following question Q: Is the property [diapsid] true for [Hammer]? 
 A:",False
diapsid|Knife,"Q: Is the property [is female] true for the concept [book]? 
 A: False 
 Q: Is the property [can be digital] true for the concept [book] 
 A: True 
 In one word True/False, answer the following question Q: Is the property [diapsid] true for [Knife]? 
 A:",False
diapsid|Lawn Mower,"Q: Is the property [is female] true for the concept [book]? 
 A: False 
 Q: Is the property [can be digital] true for the concept [book] 
 A: True 
 In one word True/False, answer the following question Q: Is the property [diapsid] true for [Lawn Mower]? 
 A:",False
diapsid|Lizard,"Q: Is the property [is female] true for the concept [book]? 
 A: False 
 Q: Is the property [can be digital] true for the concept [book] 
 A: True 
 In one word True/False, answer the following question Q: Is the property [diapsid] true for [Lizard]? 
 A:",True
diapsid|Nail,"Q: Is the property [is female] true for the concept [book]? 
 A: False 
 Q: Is the property [can be digital] true for the concept [book] 
 A: True 
 In one word True/False, answer the following question Q: Is the property [diapsid] true for [Nail]? 
 A:",False
diapsid|Oil can,"Q: Is the property [is female] true for the concept [book]? 
 A: False 
 Q: Is the property [can be digital] true for the concept [book] 
 A: True 
 In one word True/False, answer the following question Q: Is the property [diapsid] true for [Oil can]? 
 A:",False
diapsid|Paint brush,"Q: Is the property [is female] true for the concept [book]? 
 A: False 
 Q: Is the property [can be digital] true for the concept [book] 
 A: True 
 In one word True/False, answer the following question Q: Is the property [diapsid] true for [Paint brush]? 
 A:",False
diapsid|Salamander,"Q: Is the property [is female] true for the concept [book]? 
 A: False 
 Q: Is the property [can be digital] true for the concept [book] 
 A: True 
 In one word True/False, answer the following question Q: Is the property [diapsid] true for [Salamander]? 
 A:",False
diapsid|Saw,"Q: Is the property [is female] true for the concept [book]? 
 A: False 
 Q: Is the property [can be digital] true for the concept [book] 
 A: True 
 In one word True/False, answer the following question Q: Is the property [diapsid] true for [Saw]? 
 A:",False
diapsid|Screwdriver,"Q: Is the property [is female] true for the concept [book]? 
 A: False 
 Q: Is the property [can be digital] true for the concept [book] 
 A: True 
 In one word True/False, answer the following question Q: Is the property [diapsid] true for [Screwdriver]? 
 A:",False
diapsid|Shovel,"Q: Is the property [is female] true for the concept [book]? 
 A: False 
 Q: Is the property [can be digital] true for the concept [book] 
 A: True 
 In one word True/False, answer the following question Q: Is the property [diapsid] true for [Shovel]? 
 A:",False
diapsid|Snake,"Q: Is the property [is female] true for the concept [book]? 
 A: False 
 Q: Is the property [can be digital] true for the concept [book] 
 A: True 
 In one word True/False, answer the following question Q: Is the property [diapsid] true for [Snake]? 
 A:",False
diapsid|Spanner,"Q: Is the property [is female] true for the concept [book]? 
 A: False 
 Q: Is the property [can be digital] true for the concept [book] 
 A: True 
 In one word True/False, answer the following question Q: Is the property [diapsid] true for [Spanner]? 
 A:",False
diapsid|Toad,"Q: Is the property [is female] true for the concept [book]? 
 A: False 
 Q: Is the property [can be digital] true for the concept [book] 
 A: True 
 In one word True/False, answer the following question Q: Is the property [diapsid] true for [Toad]? 
 A:",False
diapsid|Tortoise,"Q: Is the property [is female] true for the concept [book]? 
 A: False 
 Q: Is the property [can be digital] true for the concept [book] 
 A: True 
 In one word True/False, answer the following question Q: Is the property [diapsid] true for [Tortoise]? 
 A:",True
diapsid|Turtle,"Q: Is the property [is female] true for the concept [book]? 
 A: False 
 Q: Is the property [can be digital] true for the concept [book] 
 A: True 
 In one word True/False, answer the following question Q: Is the property [diapsid] true for [Turtle]? 
 A:",True
diapsid|Vacuum,"Q: Is the property [is female] true for the concept [book]? 
 A: False 
 Q: Is the property [can be digital] true for the concept [book] 
 A: True 
 In one word True/False, answer the following question Q: Is the property [diapsid] true for [Vacuum]? 
 A:",False
diurnal|Alligator,"Q: Is the property [is female] true for the concept [book]? 
 A: False 
 Q: Is the property [can be digital] true for the concept [book] 
 A: True 
 In one word True/False, answer the following question Q: Is the property [diurnal] true for [Alligator]? 
 A:",True
diurnal|Anvil,"Q: Is the property [is female] true for the concept [book]? 
 A: False 
 Q: Is the property [can be digital] true for the concept [book] 
 A: True 
 In one word True/False, answer the following question Q: Is the property [diurnal] true for [Anvil]? 
 A:",False
diurnal|Axe,"Q: Is the property [is female] true for the concept [book]? 
 A: False 
 Q: Is the property [can be digital] true for the concept [book] 
 A: True 
 In one word True/False, answer the following question Q: Is the property [diurnal] true for [Axe]? 
 A:",False
diurnal|Blindworm,"Q: Is the property [is female] true for the concept [book]? 
 A: False 
 Q: Is the property [can be digital] true for the concept [book] 
 A: True 
 In one word True/False, answer the following question Q: Is the property [diurnal] true for [Blindworm]? 
 A:",False
diurnal|Boa python,"Q: Is the property [is female] true for the concept [book]? 
 A: False 
 Q: Is the property [can be digital] true for the concept [book] 
 A: True 
 In one word True/False, answer the following question Q: Is the property [diurnal] true for [Boa python]? 
 A:",False
diurnal|Caiman,"Q: Is the property [is female] true for the concept [book]? 
 A: False 
 Q: Is the property [can be digital] true for the concept [book] 
 A: True 
 In one word True/False, answer the following question Q: Is the property [diurnal] true for [Caiman]? 
 A:",False
diurnal|Chameleon,"Q: Is the property [is female] true for the concept [book]? 
 A: False 
 Q: Is the property [can be digital] true for the concept [book] 
 A: True 
 In one word True/False, answer the following question Q: Is the property [diurnal] true for [Chameleon]? 
 A:",True
diurnal|Chisel,"Q: Is the property [is female] true for the concept [book]? 
 A: False 
 Q: Is the property [can be digital] true for the concept [book] 
 A: True 
 In one word True/False, answer the following question Q: Is the property [diurnal] true for [Chisel]? 
 A:",False
diurnal|Cobra,"Q: Is the property [is female] true for the concept [book]? 
 A: False 
 Q: Is the property [can be digital] true for the concept [book] 
 A: True 
 In one word True/False, answer the following question Q: Is the property [diurnal] true for [Cobra]? 
 A:",False
diurnal|Crocodile,"Q: Is the property [is female] true for the concept [book]? 
 A: False 
 Q: Is the property [can be digital] true for the concept [book] 
 A: True 
 In one word True/False, answer the following question Q: Is the property [diurnal] true for [Crocodile]? 
 A:",True
diurnal|Dinosaur,"Q: Is the property [is female] true for the concept [book]? 
 A: False 
 Q: Is the property [can be digital] true for the concept [book] 
 A: True 
 In one word True/False, answer the following question Q: Is the property [diurnal] true for [Dinosaur]? 
 A:",False
diurnal|Gecko,"Q: Is the property [is female] true for the concept [book]? 
 A: False 
 Q: Is the property [can be digital] true for the concept [book] 
 A: True 
 In one word True/False, answer the following question Q: Is the property [diurnal] true for [Gecko]? 
 A:",True
diurnal|Grinding disk,"Q: Is the property [is female] true for the concept [book]? 
 A: False 
 Q: Is the property [can be digital] true for the concept [book] 
 A: True 
 In one word True/False, answer the following question Q: Is the property [diurnal] true for [Grinding disk]? 
 A:",False
diurnal|Hammer,"Q: Is the property [is female] true for the concept [book]? 
 A: False 
 Q: Is the property [can be digital] true for the concept [book] 
 A: True 
 In one word True/False, answer the following question Q: Is the property [diurnal] true for [Hammer]? 
 A:",False
diurnal|Knife,"Q: Is the property [is female] true for the concept [book]? 
 A: False 
 Q: Is the property [can be digital] true for the concept [book] 
 A: True 
 In one word True/False, answer the following question Q: Is the property [diurnal] true for [Knife]? 
 A:",False
diurnal|Lawn Mower,"Q: Is the property [is female] true for the concept [book]? 
 A: False 
 Q: Is the property [can be digital] true for the concept [book] 
 A: True 
 In one word True/False, answer the following question Q: Is the property [diurnal] true for [Lawn Mower]? 
 A:",False
diurnal|Lizard,"Q: Is the property [is female] true for the concept [book]? 
 A: False 
 Q: Is the property [can be digital] true for the concept [book] 
 A: True 
 In one word True/False, answer the following question Q: Is the property [diurnal] true for [Lizard]? 
 A:",True
diurnal|Nail,"Q: Is the property [is female] true for the concept [book]? 
 A: False 
 Q: Is the property [can be digital] true for the concept [book] 
 A: True 
 In one word True/False, answer the following question Q: Is the property [diurnal] true for [Nail]? 
 A:",False
diurnal|Oil can,"Q: Is the property [is female] true for the concept [book]? 
 A: False 
 Q: Is the property [can be digital] true for the concept [book] 
 A: True 
 In one word True/False, answer the following question Q: Is the property [diurnal] true for [Oil can]? 
 A:",False
diurnal|Paint brush,"Q: Is the property [is female] true for the concept [book]? 
 A: False 
 Q: Is the property [can be digital] true for the concept [book] 
 A: True 
 In one word True/False, answer the following question Q: Is the property [diurnal] true for [Paint brush]? 
 A:",False
diurnal|Salamander,"Q: Is the property [is female] true for the concept [book]? 
 A: False 
 Q: Is the property [can be digital] true for the concept [book] 
 A: True 
 In one word True/False, answer the following question Q: Is the property [diurnal] true for [Salamander]? 
 A:",False
diurnal|Saw,"Q: Is the property [is female] true for the concept [book]? 
 A: False 
 Q: Is the property [can be digital] true for the concept [book] 
 A: True 
 In one word True/False, answer the following question Q: Is the property [diurnal] true for [Saw]? 
 A:",False
diurnal|Screwdriver,"Q: Is the property [is female] true for the concept [book]? 
 A: False 
 Q: Is the property [can be digital] true for the concept [book] 
 A: True 
 In one word True/False, answer the following question Q: Is the property [diurnal] true for [Screwdriver]? 
 A:",False
diurnal|Shovel,"Q: Is the property [is female] true for the concept [book]? 
 A: False 
 Q: Is the property [can be digital] true for the concept [book] 
 A: True 
 In one word True/False, answer the following question Q: Is the property [diurnal] true for [Shovel]? 
 A:",False
diurnal|Snake,"Q: Is the property [is female] true for the concept [book]? 
 A: False 
 Q: Is the property [can be digital] true for the concept [book] 
 A: True 
 In one word True/False, answer the following question Q: Is the property [diurnal] true for [Snake]? 
 A:",False
diurnal|Spanner,"Q: Is the property [is female] true for the concept [book]? 
 A: False 
 Q: Is the property [can be digital] true for the concept [book] 
 A: True 
 In one word True/False, answer the following question Q: Is the property [diurnal] true for [Spanner]? 
 A:",False
diurnal|Toad,"Q: Is the property [is female] true for the concept [book]? 
 A: False 
 Q: Is the property [can be digital] true for the concept [book] 
 A: True 
 In one word True/False, answer the following question Q: Is the property [diurnal] true for [Toad]? 
 A:",True
diurnal|Tortoise,"Q: Is the property [is female] true for the concept [book]? 
 A: False 
 Q: Is the property [can be digital] true for the concept [book] 
 A: True 
 In one word True/False, answer the following question Q: Is the property [diurnal] true for [Tortoise]? 
 A:",True
diurnal|Turtle,"Q: Is the property [is female] true for the concept [book]? 
 A: False 
 Q: Is the property [can be digital] true for the concept [book] 
 A: True 
 In one word True/False, answer the following question Q: Is the property [diurnal] true for [Turtle]? 
 A:",True
diurnal|Vacuum,"Q: Is the property [is female] true for the concept [book]? 
 A: False 
 Q: Is the property [can be digital] true for the concept [book] 
 A: True 
 In one word True/False, answer the following question Q: Is the property [diurnal] true for [Vacuum]? 
 A:",False
diurnal (active during the day)|Alligator,"Q: Is the property [is female] true for the concept [book]? 
 A: False 
 Q: Is the property [can be digital] true for the concept [book] 
 A: True 
 In one word True/False, answer the following question Q: Is the property [diurnal (active during the day)] true for [Alligator]? 
 A:",True
diurnal (active during the day)|Anvil,"Q: Is the property [is female] true for the concept [book]? 
 A: False 
 Q: Is the property [can be digital] true for the concept [book] 
 A: True 
 In one word True/False, answer the following question Q: Is the property [diurnal (active during the day)] true for [Anvil]? 
 A:",False
diurnal (active during the day)|Axe,"Q: Is the property [is female] true for the concept [book]? 
 A: False 
 Q: Is the property [can be digital] true for the concept [book] 
 A: True 
 In one word True/False, answer the following question Q: Is the property [diurnal (active during the day)] true for [Axe]? 
 A:",False
diurnal (active during the day)|Blindworm,"Q: Is the property [is female] true for the concept [book]? 
 A: False 
 Q: Is the property [can be digital] true for the concept [book] 
 A: True 
 In one word True/False, answer the following question Q: Is the property [diurnal (active during the day)] true for [Blindworm]? 
 A:",False
diurnal (active during the day)|Boa python,"Q: Is the property [is female] true for the concept [book]? 
 A: False 
 Q: Is the property [can be digital] true for the concept [book] 
 A: True 
 In one word True/False, answer the following question Q: Is the property [diurnal (active during the day)] true for [Boa python]? 
 A:",False
diurnal (active during the day)|Caiman,"Q: Is the property [is female] true for the concept [book]? 
 A: False 
 Q: Is the property [can be digital] true for the concept [book] 
 A: True 
 In one word True/False, answer the following question Q: Is the property [diurnal (active during the day)] true for [Caiman]? 
 A:",False
diurnal (active during the day)|Chameleon,"Q: Is the property [is female] true for the concept [book]? 
 A: False 
 Q: Is the property [can be digital] true for the concept [book] 
 A: True 
 In one word True/False, answer the following question Q: Is the property [diurnal (active during the day)] true for [Chameleon]? 
 A:",True
diurnal (active during the day)|Chisel,"Q: Is the property [is female] true for the concept [book]? 
 A: False 
 Q: Is the property [can be digital] true for the concept [book] 
 A: True 
 In one word True/False, answer the following question Q: Is the property [diurnal (active during the day)] true for [Chisel]? 
 A:",False
diurnal (active during the day)|Cobra,"Q: Is the property [is female] true for the concept [book]? 
 A: False 
 Q: Is the property [can be digital] true for the concept [book] 
 A: True 
 In one word True/False, answer the following question Q: Is the property [diurnal (active during the day)] true for [Cobra]? 
 A:",False
diurnal (active during the day)|Crocodile,"Q: Is the property [is female] true for the concept [book]? 
 A: False 
 Q: Is the property [can be digital] true for the concept [book] 
 A: True 
 In one word True/False, answer the following question Q: Is the property [diurnal (active during the day)] true for [Crocodile]? 
 A:",True
diurnal (active during the day)|Dinosaur,"Q: Is the property [is female] true for the concept [book]? 
 A: False 
 Q: Is the property [can be digital] true for the concept [book] 
 A: True 
 In one word True/False, answer the following question Q: Is the property [diurnal (active during the day)] true for [Dinosaur]? 
 A:",False
diurnal (active during the day)|Gecko,"Q: Is the property [is female] true for the concept [book]? 
 A: False 
 Q: Is the property [can be digital] true for the concept [book] 
 A: True 
 In one word True/False, answer the following question Q: Is the property [diurnal (active during the day)] true for [Gecko]? 
 A:",True
diurnal (active during the day)|Grinding disk,"Q: Is the property [is female] true for the concept [book]? 
 A: False 
 Q: Is the property [can be digital] true for the concept [book] 
 A: True 
 In one word True/False, answer the following question Q: Is the property [diurnal (active during the day)] true for [Grinding disk]? 
 A:",False
diurnal (active during the day)|Hammer,"Q: Is the property [is female] true for the concept [book]? 
 A: False 
 Q: Is the property [can be digital] true for the concept [book] 
 A: True 
 In one word True/False, answer the following question Q: Is the property [diurnal (active during the day)] true for [Hammer]? 
 A:",False
diurnal (active during the day)|Knife,"Q: Is the property [is female] true for the concept [book]? 
 A: False 
 Q: Is the property [can be digital] true for the concept [book] 
 A: True 
 In one word True/False, answer the following question Q: Is the property [diurnal (active during the day)] true for [Knife]? 
 A:",False
diurnal (active during the day)|Lawn Mower,"Q: Is the property [is female] true for the concept [book]? 
 A: False 
 Q: Is the property [can be digital] true for the concept [book] 
 A: True 
 In one word True/False, answer the following question Q: Is the property [diurnal (active during the day)] true for [Lawn Mower]? 
 A:",True
diurnal (active during the day)|Lizard,"Q: Is the property [is female] true for the concept [book]? 
 A: False 
 Q: Is the property [can be digital] true for the concept [book] 
 A: True 
 In one word True/False, answer the following question Q: Is the property [diurnal (active during the day)] true for [Lizard]? 
 A:",True
diurnal (active during the day)|Nail,"Q: Is the property [is female] true for the concept [book]? 
 A: False 
 Q: Is the property [can be digital] true for the concept [book] 
 A: True 
 In one word True/False, answer the following question Q: Is the property [diurnal (active during the day)] true for [Nail]? 
 A:",False
diurnal (active during the day)|Oil can,"Q: Is the property [is female] true for the concept [book]? 
 A: False 
 Q: Is the property [can be digital] true for the concept [book] 
 A: True 
 In one word True/False, answer the following question Q: Is the property [diurnal (active during the day)] true for [Oil can]? 
 A:",False
diurnal (active during the day)|Paint brush,"Q: Is the property [is female] true for the concept [book]? 
 A: False 
 Q: Is the property [can be digital] true for the concept [book] 
 A: True 
 In one word True/False, answer the following question Q: Is the property [diurnal (active during the day)] true for [Paint brush]? 
 A:",False
diurnal (active during the day)|Salamander,"Q: Is the property [is female] true for the concept [book]? 
 A: False 
 Q: Is the property [can be digital] true for the concept [book] 
 A: True 
 In one word True/False, answer the following question Q: Is the property [diurnal (active during the day)] true for [Salamander]? 
 A:",True
diurnal (active during the day)|Saw,"Q: Is the property [is female] true for the concept [book]? 
 A: False 
 Q: Is the property [can be digital] true for the concept [book] 
 A: True 
 In one word True/False, answer the following question Q: Is the property [diurnal (active during the day)] true for [Saw]? 
 A:",False
diurnal (active during the day)|Screwdriver,"Q: Is the property [is female] true for the concept [book]? 
 A: False 
 Q: Is the property [can be digital] true for the concept [book] 
 A: True 
 In one word True/False, answer the following question Q: Is the property [diurnal (active during the day)] true for [Screwdriver]? 
 A:",False
diurnal (active during the day)|Shovel,"Q: Is the property [is female] true for the concept [book]? 
 A: False 
 Q: Is the property [can be digital] true for the concept [book] 
 A: True 
 In one word True/False, answer the following question Q: Is the property [diurnal (active during the day)] true for [Shovel]? 
 A:",False
diurnal (active during the day)|Snake,"Q: Is the property [is female] true for the concept [book]? 
 A: False 
 Q: Is the property [can be digital] true for the concept [book] 
 A: True 
 In one word True/False, answer the following question Q: Is the property [diurnal (active during the day)] true for [Snake]? 
 A:",False
diurnal (active during the day)|Spanner,"Q: Is the property [is female] true for the concept [book]? 
 A: False 
 Q: Is the property [can be digital] true for the concept [book] 
 A: True 
 In one word True/False, answer the following question Q: Is the property [diurnal (active during the day)] true for [Spanner]? 
 A:",False
diurnal (active during the day)|Toad,"Q: Is the property [is female] true for the concept [book]? 
 A: False 
 Q: Is the property [can be digital] true for the concept [book] 
 A: True 
 In one word True/False, answer the following question Q: Is the property [diurnal (active during the day)] true for [Toad]? 
 A:",True
diurnal (active during the day)|Tortoise,"Q: Is the property [is female] true for the concept [book]? 
 A: False 
 Q: Is the property [can be digital] true for the concept [book] 
 A: True 
 In one word True/False, answer the following question Q: Is the property [diurnal (active during the day)] true for [Tortoise]? 
 A:",True
diurnal (active during the day)|Turtle,"Q: Is the property [is female] true for the concept [book]? 
 A: False 
 Q: Is the property [can be digital] true for the concept [book] 
 A: True 
 In one word True/False, answer the following question Q: Is the property [diurnal (active during the day)] true for [Turtle]? 
 A:",True
diurnal (active during the day)|Vacuum,"Q: Is the property [is female] true for the concept [book]? 
 A: False 
 Q: Is the property [can be digital] true for the concept [book] 
 A: True 
 In one word True/False, answer the following question Q: Is the property [diurnal (active during the day)] true for [Vacuum]? 
 A:",False
durability|Alligator,"Q: Is the property [is female] true for the concept [book]? 
 A: False 
 Q: Is the property [can be digital] true for the concept [book] 
 A: True 
 In one word True/False, answer the following question Q: Is the property [durability] true for [Alligator]? 
 A:",True
durability|Anvil,"Q: Is the property [is female] true for the concept [book]? 
 A: False 
 Q: Is the property [can be digital] true for the concept [book] 
 A: True 
 In one word True/False, answer the following question Q: Is the property [durability] true for [Anvil]? 
 A:",True
durability|Axe,"Q: Is the property [is female] true for the concept [book]? 
 A: False 
 Q: Is the property [can be digital] true for the concept [book] 
 A: True 
 In one word True/False, answer the following question Q: Is the property [durability] true for [Axe]? 
 A:",True
durability|Blindworm,"Q: Is the property [is female] true for the concept [book]? 
 A: False 
 Q: Is the property [can be digital] true for the concept [book] 
 A: True 
 In one word True/False, answer the following question Q: Is the property [durability] true for [Blindworm]? 
 A:",False
durability|Boa python,"Q: Is the property [is female] true for the concept [book]? 
 A: False 
 Q: Is the property [can be digital] true for the concept [book] 
 A: True 
 In one word True/False, answer the following question Q: Is the property [durability] true for [Boa python]? 
 A:",True
durability|Caiman,"Q: Is the property [is female] true for the concept [book]? 
 A: False 
 Q: Is the property [can be digital] true for the concept [book] 
 A: True 
 In one word True/False, answer the following question Q: Is the property [durability] true for [Caiman]? 
 A:",True
durability|Chameleon,"Q: Is the property [is female] true for the concept [book]? 
 A: False 
 Q: Is the property [can be digital] true for the concept [book] 
 A: True 
 In one word True/False, answer the following question Q: Is the property [durability] true for [Chameleon]? 
 A:",False
durability|Chisel,"Q: Is the property [is female] true for the concept [book]? 
 A: False 
 Q: Is the property [can be digital] true for the concept [book] 
 A: True 
 In one word True/False, answer the following question Q: Is the property [durability] true for [Chisel]? 
 A:",True
durability|Cobra,"Q: Is the property [is female] true for the concept [book]? 
 A: False 
 Q: Is the property [can be digital] true for the concept [book] 
 A: True 
 In one word True/False, answer the following question Q: Is the property [durability] true for [Cobra]? 
 A:",False
durability|Crocodile,"Q: Is the property [is female] true for the concept [book]? 
 A: False 
 Q: Is the property [can be digital] true for the concept [book] 
 A: True 
 In one word True/False, answer the following question Q: Is the property [durability] true for [Crocodile]? 
 A:",True
durability|Dinosaur,"Q: Is the property [is female] true for the concept [book]? 
 A: False 
 Q: Is the property [can be digital] true for the concept [book] 
 A: True 
 In one word True/False, answer the following question Q: Is the property [durability] true for [Dinosaur]? 
 A:",True
durability|Gecko,"Q: Is the property [is female] true for the concept [book]? 
 A: False 
 Q: Is the property [can be digital] true for the concept [book] 
 A: True 
 In one word True/False, answer the following question Q: Is the property [durability] true for [Gecko]? 
 A:",False
durability|Grinding disk,"Q: Is the property [is female] true for the concept [book]? 
 A: False 
 Q: Is the property [can be digital] true for the concept [book] 
 A: True 
 In one word True/False, answer the following question Q: Is the property [durability] true for [Grinding disk]? 
 A:",True
durability|Hammer,"Q: Is the property [is female] true for the concept [book]? 
 A: False 
 Q: Is the property [can be digital] true for the concept [book] 
 A: True 
 In one word True/False, answer the following question Q: Is the property [durability] true for [Hammer]? 
 A:",True
durability|Knife,"Q: Is the property [is female] true for the concept [book]? 
 A: False 
 Q: Is the property [can be digital] true for the concept [book] 
 A: True 
 In one word True/False, answer the following question Q: Is the property [durability] true for [Knife]? 
 A:",True
durability|Lawn Mower,"Q: Is the property [is female] true for the concept [book]? 
 A: False 
 Q: Is the property [can be digital] true for the concept [book] 
 A: True 
 In one word True/False, answer the following question Q: Is the property [durability] true for [Lawn Mower]? 
 A:",True
durability|Lizard,"Q: Is the property [is female] true for the concept [book]? 
 A: False 
 Q: Is the property [can be digital] true for the concept [book] 
 A: True 
 In one word True/False, answer the following question Q: Is the property [durability] true for [Lizard]? 
 A:",False
durability|Nail,"Q: Is the property [is female] true for the concept [book]? 
 A: False 
 Q: Is the property [can be digital] true for the concept [book] 
 A: True 
 In one word True/False, answer the following question Q: Is the property [durability] true for [Nail]? 
 A:",True
durability|Oil can,"Q: Is the property [is female] true for the concept [book]? 
 A: False 
 Q: Is the property [can be digital] true for the concept [book] 
 A: True 
 In one word True/False, answer the following question Q: Is the property [durability] true for [Oil can]? 
 A:",True
durability|Paint brush,"Q: Is the property [is female] true for the concept [book]? 
 A: False 
 Q: Is the property [can be digital] true for the concept [book] 
 A: True 
 In one word True/False, answer the following question Q: Is the property [durability] true for [Paint brush]? 
 A:",False
durability|Salamander,"Q: Is the property [is female] true for the concept [book]? 
 A: False 
 Q: Is the property [can be digital] true for the concept [book] 
 A: True 
 In one word True/False, answer the following question Q: Is the property [durability] true for [Salamander]? 
 A:",False
durability|Saw,"Q: Is the property [is female] true for the concept [book]? 
 A: False 
 Q: Is the property [can be digital] true for the concept [book] 
 A: True 
 In one word True/False, answer the following question Q: Is the property [durability] true for [Saw]? 
 A:",True
durability|Screwdriver,"Q: Is the property [is female] true for the concept [book]? 
 A: False 
 Q: Is the property [can be digital] true for the concept [book] 
 A: True 
 In one word True/False, answer the following question Q: Is the property [durability] true for [Screwdriver]? 
 A:",True
durability|Shovel,"Q: Is the property [is female] true for the concept [book]? 
 A: False 
 Q: Is the property [can be digital] true for the concept [book] 
 A: True 
 In one word True/False, answer the following question Q: Is the property [durability] true for [Shovel]? 
 A:",True
durability|Snake,"Q: Is the property [is female] true for the concept [book]? 
 A: False 
 Q: Is the property [can be digital] true for the concept [book] 
 A: True 
 In one word True/False, answer the following question Q: Is the property [durability] true for [Snake]? 
 A:",False
durability|Spanner,"Q: Is the property [is female] true for the concept [book]? 
 A: False 
 Q: Is the property [can be digital] true for the concept [book] 
 A: True 
 In one word True/False, answer the following question Q: Is the property [durability] true for [Spanner]? 
 A:",True
durability|Toad,"Q: Is the property [is female] true for the concept [book]? 
 A: False 
 Q: Is the property [can be digital] true for the concept [book] 
 A: True 
 In one word True/False, answer the following question Q: Is the property [durability] true for [Toad]? 
 A:",False
durability|Tortoise,"Q: Is the property [is female] true for the concept [book]? 
 A: False 
 Q: Is the property [can be digital] true for the concept [book] 
 A: True 
 In one word True/False, answer the following question Q: Is the property [durability] true for [Tortoise]? 
 A:",True
durability|Turtle,"Q: Is the property [is female] true for the concept [book]? 
 A: False 
 Q: Is the property [can be digital] true for the concept [book] 
 A: True 
 In one word True/False, answer the following question Q: Is the property [durability] true for [Turtle]? 
 A:",True
durability|Vacuum,"Q: Is the property [is female] true for the concept [book]? 
 A: False 
 Q: Is the property [can be digital] true for the concept [book] 
 A: True 
 In one word True/False, answer the following question Q: Is the property [durability] true for [Vacuum]? 
 A:",True
ectothermic (cold-blooded)|Alligator,"Q: Is the property [is female] true for the concept [book]? 
 A: False 
 Q: Is the property [can be digital] true for the concept [book] 
 A: True 
 In one word True/False, answer the following question Q: Is the property [ectothermic (cold-blooded)] true for [Alligator]? 
 A:",True
ectothermic (cold-blooded)|Anvil,"Q: Is the property [is female] true for the concept [book]? 
 A: False 
 Q: Is the property [can be digital] true for the concept [book] 
 A: True 
 In one word True/False, answer the following question Q: Is the property [ectothermic (cold-blooded)] true for [Anvil]? 
 A:",False
ectothermic (cold-blooded)|Axe,"Q: Is the property [is female] true for the concept [book]? 
 A: False 
 Q: Is the property [can be digital] true for the concept [book] 
 A: True 
 In one word True/False, answer the following question Q: Is the property [ectothermic (cold-blooded)] true for [Axe]? 
 A:",False
ectothermic (cold-blooded)|Blindworm,"Q: Is the property [is female] true for the concept [book]? 
 A: False 
 Q: Is the property [can be digital] true for the concept [book] 
 A: True 
 In one word True/False, answer the following question Q: Is the property [ectothermic (cold-blooded)] true for [Blindworm]? 
 A:",True
ectothermic (cold-blooded)|Boa python,"Q: Is the property [is female] true for the concept [book]? 
 A: False 
 Q: Is the property [can be digital] true for the concept [book] 
 A: True 
 In one word True/False, answer the following question Q: Is the property [ectothermic (cold-blooded)] true for [Boa python]? 
 A:",True
ectothermic (cold-blooded)|Caiman,"Q: Is the property [is female] true for the concept [book]? 
 A: False 
 Q: Is the property [can be digital] true for the concept [book] 
 A: True 
 In one word True/False, answer the following question Q: Is the property [ectothermic (cold-blooded)] true for [Caiman]? 
 A:",True
ectothermic (cold-blooded)|Chameleon,"Q: Is the property [is female] true for the concept [book]? 
 A: False 
 Q: Is the property [can be digital] true for the concept [book] 
 A: True 
 In one word True/False, answer the following question Q: Is the property [ectothermic (cold-blooded)] true for [Chameleon]? 
 A:",True
ectothermic (cold-blooded)|Chisel,"Q: Is the property [is female] true for the concept [book]? 
 A: False 
 Q: Is the property [can be digital] true for the concept [book] 
 A: True 
 In one word True/False, answer the following question Q: Is the property [ectothermic (cold-blooded)] true for [Chisel]? 
 A:",False
ectothermic (cold-blooded)|Cobra,"Q: Is the property [is female] true for the concept [book]? 
 A: False 
 Q: Is the property [can be digital] true for the concept [book] 
 A: True 
 In one word True/False, answer the following question Q: Is the property [ectothermic (cold-blooded)] true for [Cobra]? 
 A:",True
ectothermic (cold-blooded)|Crocodile,"Q: Is the property [is female] true for the concept [book]? 
 A: False 
 Q: Is the property [can be digital] true for the concept [book] 
 A: True 
 In one word True/False, answer the following question Q: Is the property [ectothermic (cold-blooded)] true for [Crocodile]? 
 A:",False
ectothermic (cold-blooded)|Dinosaur,"Q: Is the property [is female] true for the concept [book]? 
 A: False 
 Q: Is the property [can be digital] true for the concept [book] 
 A: True 
 In one word True/False, answer the following question Q: Is the property [ectothermic (cold-blooded)] true for [Dinosaur]? 
 A:",True
ectothermic (cold-blooded)|Gecko,"Q: Is the property [is female] true for the concept [book]? 
 A: False 
 Q: Is the property [can be digital] true for the concept [book] 
 A: True 
 In one word True/False, answer the following question Q: Is the property [ectothermic (cold-blooded)] true for [Gecko]? 
 A:",True
ectothermic (cold-blooded)|Grinding disk,"Q: Is the property [is female] true for the concept [book]? 
 A: False 
 Q: Is the property [can be digital] true for the concept [book] 
 A: True 
 In one word True/False, answer the following question Q: Is the property [ectothermic (cold-blooded)] true for [Grinding disk]? 
 A:",False
ectothermic (cold-blooded)|Hammer,"Q: Is the property [is female] true for the concept [book]? 
 A: False 
 Q: Is the property [can be digital] true for the concept [book] 
 A: True 
 In one word True/False, answer the following question Q: Is the property [ectothermic (cold-blooded)] true for [Hammer]? 
 A:",False
ectothermic (cold-blooded)|Knife,"Q: Is the property [is female] true for the concept [book]? 
 A: False 
 Q: Is the property [can be digital] true for the concept [book] 
 A: True 
 In one word True/False, answer the following question Q: Is the property [ectothermic (cold-blooded)] true for [Knife]? 
 A:",False
ectothermic (cold-blooded)|Lawn Mower,"Q: Is the property [is female] true for the concept [book]? 
 A: False 
 Q: Is the property [can be digital] true for the concept [book] 
 A: True 
 In one word True/False, answer the following question Q: Is the property [ectothermic (cold-blooded)] true for [Lawn Mower]? 
 A:",False
ectothermic (cold-blooded)|Lizard,"Q: Is the property [is female] true for the concept [book]? 
 A: False 
 Q: Is the property [can be digital] true for the concept [book] 
 A: True 
 In one word True/False, answer the following question Q: Is the property [ectothermic (cold-blooded)] true for [Lizard]? 
 A:",True
ectothermic (cold-blooded)|Nail,"Q: Is the property [is female] true for the concept [book]? 
 A: False 
 Q: Is the property [can be digital] true for the concept [book] 
 A: True 
 In one word True/False, answer the following question Q: Is the property [ectothermic (cold-blooded)] true for [Nail]? 
 A:",False
ectothermic (cold-blooded)|Oil can,"Q: Is the property [is female] true for the concept [book]? 
 A: False 
 Q: Is the property [can be digital] true for the concept [book] 
 A: True 
 In one word True/False, answer the following question Q: Is the property [ectothermic (cold-blooded)] true for [Oil can]? 
 A:",False
ectothermic (cold-blooded)|Paint brush,"Q: Is the property [is female] true for the concept [book]? 
 A: False 
 Q: Is the property [can be digital] true for the concept [book] 
 A: True 
 In one word True/False, answer the following question Q: Is the property [ectothermic (cold-blooded)] true for [Paint brush]? 
 A:",False
ectothermic (cold-blooded)|Salamander,"Q: Is the property [is female] true for the concept [book]? 
 A: False 
 Q: Is the property [can be digital] true for the concept [book] 
 A: True 
 In one word True/False, answer the following question Q: Is the property [ectothermic (cold-blooded)] true for [Salamander]? 
 A:",True
ectothermic (cold-blooded)|Saw,"Q: Is the property [is female] true for the concept [book]? 
 A: False 
 Q: Is the property [can be digital] true for the concept [book] 
 A: True 
 In one word True/False, answer the following question Q: Is the property [ectothermic (cold-blooded)] true for [Saw]? 
 A:",False
ectothermic (cold-blooded)|Screwdriver,"Q: Is the property [is female] true for the concept [book]? 
 A: False 
 Q: Is the property [can be digital] true for the concept [book] 
 A: True 
 In one word True/False, answer the following question Q: Is the property [ectothermic (cold-blooded)] true for [Screwdriver]? 
 A:",False
ectothermic (cold-blooded)|Shovel,"Q: Is the property [is female] true for the concept [book]? 
 A: False 
 Q: Is the property [can be digital] true for the concept [book] 
 A: True 
 In one word True/False, answer the following question Q: Is the property [ectothermic (cold-blooded)] true for [Shovel]? 
 A:",False
ectothermic (cold-blooded)|Snake,"Q: Is the property [is female] true for the concept [book]? 
 A: False 
 Q: Is the property [can be digital] true for the concept [book] 
 A: True 
 In one word True/False, answer the following question Q: Is the property [ectothermic (cold-blooded)] true for [Snake]? 
 A:",True
ectothermic (cold-blooded)|Spanner,"Q: Is the property [is female] true for the concept [book]? 
 A: False 
 Q: Is the property [can be digital] true for the concept [book] 
 A: True 
 In one word True/False, answer the following question Q: Is the property [ectothermic (cold-blooded)] true for [Spanner]? 
 A:",False
ectothermic (cold-blooded)|Toad,"Q: Is the property [is female] true for the concept [book]? 
 A: False 
 Q: Is the property [can be digital] true for the concept [book] 
 A: True 
 In one word True/False, answer the following question Q: Is the property [ectothermic (cold-blooded)] true for [Toad]? 
 A:",True
ectothermic (cold-blooded)|Tortoise,"Q: Is the property [is female] true for the concept [book]? 
 A: False 
 Q: Is the property [can be digital] true for the concept [book] 
 A: True 
 In one word True/False, answer the following question Q: Is the property [ectothermic (cold-blooded)] true for [Tortoise]? 
 A:",True
ectothermic (cold-blooded)|Turtle,"Q: Is the property [is female] true for the concept [book]? 
 A: False 
 Q: Is the property [can be digital] true for the concept [book] 
 A: True 
 In one word True/False, answer the following question Q: Is the property [ectothermic (cold-blooded)] true for [Turtle]? 
 A:",True
ectothermic (cold-blooded)|Vacuum,"Q: Is the property [is female] true for the concept [book]? 
 A: False 
 Q: Is the property [can be digital] true for the concept [book] 
 A: True 
 In one word True/False, answer the following question Q: Is the property [ectothermic (cold-blooded)] true for [Vacuum]? 
 A:",False
edge|Alligator,"Q: Is the property [is female] true for the concept [book]? 
 A: False 
 Q: Is the property [can be digital] true for the concept [book] 
 A: True 
 In one word True/False, answer the following question Q: Is the property [edge] true for [Alligator]? 
 A:",False
edge|Anvil,"Q: Is the property [is female] true for the concept [book]? 
 A: False 
 Q: Is the property [can be digital] true for the concept [book] 
 A: True 
 In one word True/False, answer the following question Q: Is the property [edge] true for [Anvil]? 
 A:",True
edge|Axe,"Q: Is the property [is female] true for the concept [book]? 
 A: False 
 Q: Is the property [can be digital] true for the concept [book] 
 A: True 
 In one word True/False, answer the following question Q: Is the property [edge] true for [Axe]? 
 A:",True
edge|Blindworm,"Q: Is the property [is female] true for the concept [book]? 
 A: False 
 Q: Is the property [can be digital] true for the concept [book] 
 A: True 
 In one word True/False, answer the following question Q: Is the property [edge] true for [Blindworm]? 
 A:",False
edge|Boa python,"Q: Is the property [is female] true for the concept [book]? 
 A: False 
 Q: Is the property [can be digital] true for the concept [book] 
 A: True 
 In one word True/False, answer the following question Q: Is the property [edge] true for [Boa python]? 
 A:",False
edge|Caiman,"Q: Is the property [is female] true for the concept [book]? 
 A: False 
 Q: Is the property [can be digital] true for the concept [book] 
 A: True 
 In one word True/False, answer the following question Q: Is the property [edge] true for [Caiman]? 
 A:",False
edge|Chameleon,"Q: Is the property [is female] true for the concept [book]? 
 A: False 
 Q: Is the property [can be digital] true for the concept [book] 
 A: True 
 In one word True/False, answer the following question Q: Is the property [edge] true for [Chameleon]? 
 A:",False
edge|Chisel,"Q: Is the property [is female] true for the concept [book]? 
 A: False 
 Q: Is the property [can be digital] true for the concept [book] 
 A: True 
 In one word True/False, answer the following question Q: Is the property [edge] true for [Chisel]? 
 A:",True
edge|Cobra,"Q: Is the property [is female] true for the concept [book]? 
 A: False 
 Q: Is the property [can be digital] true for the concept [book] 
 A: True 
 In one word True/False, answer the following question Q: Is the property [edge] true for [Cobra]? 
 A:",False
edge|Crocodile,"Q: Is the property [is female] true for the concept [book]? 
 A: False 
 Q: Is the property [can be digital] true for the concept [book] 
 A: True 
 In one word True/False, answer the following question Q: Is the property [edge] true for [Crocodile]? 
 A:",False
edge|Dinosaur,"Q: Is the property [is female] true for the concept [book]? 
 A: False 
 Q: Is the property [can be digital] true for the concept [book] 
 A: True 
 In one word True/False, answer the following question Q: Is the property [edge] true for [Dinosaur]? 
 A:",False
edge|Gecko,"Q: Is the property [is female] true for the concept [book]? 
 A: False 
 Q: Is the property [can be digital] true for the concept [book] 
 A: True 
 In one word True/False, answer the following question Q: Is the property [edge] true for [Gecko]? 
 A:",False
edge|Grinding disk,"Q: Is the property [is female] true for the concept [book]? 
 A: False 
 Q: Is the property [can be digital] true for the concept [book] 
 A: True 
 In one word True/False, answer the following question Q: Is the property [edge] true for [Grinding disk]? 
 A:",True
edge|Hammer,"Q: Is the property [is female] true for the concept [book]? 
 A: False 
 Q: Is the property [can be digital] true for the concept [book] 
 A: True 
 In one word True/False, answer the following question Q: Is the property [edge] true for [Hammer]? 
 A:",True
edge|Knife,"Q: Is the property [is female] true for the concept [book]? 
 A: False 
 Q: Is the property [can be digital] true for the concept [book] 
 A: True 
 In one word True/False, answer the following question Q: Is the property [edge] true for [Knife]? 
 A:",True
edge|Lawn Mower,"Q: Is the property [is female] true for the concept [book]? 
 A: False 
 Q: Is the property [can be digital] true for the concept [book] 
 A: True 
 In one word True/False, answer the following question Q: Is the property [edge] true for [Lawn Mower]? 
 A:",False
edge|Lizard,"Q: Is the property [is female] true for the concept [book]? 
 A: False 
 Q: Is the property [can be digital] true for the concept [book] 
 A: True 
 In one word True/False, answer the following question Q: Is the property [edge] true for [Lizard]? 
 A:",False
edge|Nail,"Q: Is the property [is female] true for the concept [book]? 
 A: False 
 Q: Is the property [can be digital] true for the concept [book] 
 A: True 
 In one word True/False, answer the following question Q: Is the property [edge] true for [Nail]? 
 A:",True
edge|Oil can,"Q: Is the property [is female] true for the concept [book]? 
 A: False 
 Q: Is the property [can be digital] true for the concept [book] 
 A: True 
 In one word True/False, answer the following question Q: Is the property [edge] true for [Oil can]? 
 A:",False
edge|Paint brush,"Q: Is the property [is female] true for the concept [book]? 
 A: False 
 Q: Is the property [can be digital] true for the concept [book] 
 A: True 
 In one word True/False, answer the following question Q: Is the property [edge] true for [Paint brush]? 
 A:",False
edge|Salamander,"Q: Is the property [is female] true for the concept [book]? 
 A: False 
 Q: Is the property [can be digital] true for the concept [book] 
 A: True 
 In one word True/False, answer the following question Q: Is the property [edge] true for [Salamander]? 
 A:",False
edge|Saw,"Q: Is the property [is female] true for the concept [book]? 
 A: False 
 Q: Is the property [can be digital] true for the concept [book] 
 A: True 
 In one word True/False, answer the following question Q: Is the property [edge] true for [Saw]? 
 A:",True
edge|Screwdriver,"Q: Is the property [is female] true for the concept [book]? 
 A: False 
 Q: Is the property [can be digital] true for the concept [book] 
 A: True 
 In one word True/False, answer the following question Q: Is the property [edge] true for [Screwdriver]? 
 A:",False
edge|Shovel,"Q: Is the property [is female] true for the concept [book]? 
 A: False 
 Q: Is the property [can be digital] true for the concept [book] 
 A: True 
 In one word True/False, answer the following question Q: Is the property [edge] true for [Shovel]? 
 A:",True
edge|Snake,"Q: Is the property [is female] true for the concept [book]? 
 A: False 
 Q: Is the property [can be digital] true for the concept [book] 
 A: True 
 In one word True/False, answer the following question Q: Is the property [edge] true for [Snake]? 
 A:",True
edge|Spanner,"Q: Is the property [is female] true for the concept [book]? 
 A: False 
 Q: Is the property [can be digital] true for the concept [book] 
 A: True 
 In one word True/False, answer the following question Q: Is the property [edge] true for [Spanner]? 
 A:",True
edge|Toad,"Q: Is the property [is female] true for the concept [book]? 
 A: False 
 Q: Is the property [can be digital] true for the concept [book] 
 A: True 
 In one word True/False, answer the following question Q: Is the property [edge] true for [Toad]? 
 A:",False
edge|Tortoise,"Q: Is the property [is female] true for the concept [book]? 
 A: False 
 Q: Is the property [can be digital] true for the concept [book] 
 A: True 
 In one word True/False, answer the following question Q: Is the property [edge] true for [Tortoise]? 
 A:",False
edge|Turtle,"Q: Is the property [is female] true for the concept [book]? 
 A: False 
 Q: Is the property [can be digital] true for the concept [book] 
 A: True 
 In one word True/False, answer the following question Q: Is the property [edge] true for [Turtle]? 
 A:",True
edge|Vacuum,"Q: Is the property [is female] true for the concept [book]? 
 A: False 
 Q: Is the property [can be digital] true for the concept [book] 
 A: True 
 In one word True/False, answer the following question Q: Is the property [edge] true for [Vacuum]? 
 A:",False
"edge type (straight, serrated, etc.)|Alligator","Q: Is the property [is female] true for the concept [book]? 
 A: False 
 Q: Is the property [can be digital] true for the concept [book] 
 A: True 
 In one word True/False, answer the following question Q: Is the property [edge type (straight, serrated, etc.)] true for [Alligator]? 
 A:",False
"edge type (straight, serrated, etc.)|Anvil","Q: Is the property [is female] true for the concept [book]? 
 A: False 
 Q: Is the property [can be digital] true for the concept [book] 
 A: True 
 In one word True/False, answer the following question Q: Is the property [edge type (straight, serrated, etc.)] true for [Anvil]? 
 A:",False
"edge type (straight, serrated, etc.)|Axe","Q: Is the property [is female] true for the concept [book]? 
 A: False 
 Q: Is the property [can be digital] true for the concept [book] 
 A: True 
 In one word True/False, answer the following question Q: Is the property [edge type (straight, serrated, etc.)] true for [Axe]? 
 A:",True
"edge type (straight, serrated, etc.)|Blindworm","Q: Is the property [is female] true for the concept [book]? 
 A: False 
 Q: Is the property [can be digital] true for the concept [book] 
 A: True 
 In one word True/False, answer the following question Q: Is the property [edge type (straight, serrated, etc.)] true for [Blindworm]? 
 A:",False
"edge type (straight, serrated, etc.)|Boa python","Q: Is the property [is female] true for the concept [book]? 
 A: False 
 Q: Is the property [can be digital] true for the concept [book] 
 A: True 
 In one word True/False, answer the following question Q: Is the property [edge type (straight, serrated, etc.)] true for [Boa python]? 
 A:",False
"edge type (straight, serrated, etc.)|Caiman","Q: Is the property [is female] true for the concept [book]? 
 A: False 
 Q: Is the property [can be digital] true for the concept [book] 
 A: True 
 In one word True/False, answer the following question Q: Is the property [edge type (straight, serrated, etc.)] true for [Caiman]? 
 A:",False
"edge type (straight, serrated, etc.)|Chameleon","Q: Is the property [is female] true for the concept [book]? 
 A: False 
 Q: Is the property [can be digital] true for the concept [book] 
 A: True 
 In one word True/False, answer the following question Q: Is the property [edge type (straight, serrated, etc.)] true for [Chameleon]? 
 A:",False
"edge type (straight, serrated, etc.)|Chisel","Q: Is the property [is female] true for the concept [book]? 
 A: False 
 Q: Is the property [can be digital] true for the concept [book] 
 A: True 
 In one word True/False, answer the following question Q: Is the property [edge type (straight, serrated, etc.)] true for [Chisel]? 
 A:",True
"edge type (straight, serrated, etc.)|Cobra","Q: Is the property [is female] true for the concept [book]? 
 A: False 
 Q: Is the property [can be digital] true for the concept [book] 
 A: True 
 In one word True/False, answer the following question Q: Is the property [edge type (straight, serrated, etc.)] true for [Cobra]? 
 A:",False
"edge type (straight, serrated, etc.)|Crocodile","Q: Is the property [is female] true for the concept [book]? 
 A: False 
 Q: Is the property [can be digital] true for the concept [book] 
 A: True 
 In one word True/False, answer the following question Q: Is the property [edge type (straight, serrated, etc.)] true for [Crocodile]? 
 A:",False
"edge type (straight, serrated, etc.)|Dinosaur","Q: Is the property [is female] true for the concept [book]? 
 A: False 
 Q: Is the property [can be digital] true for the concept [book] 
 A: True 
 In one word True/False, answer the following question Q: Is the property [edge type (straight, serrated, etc.)] true for [Dinosaur]? 
 A:",False
"edge type (straight, serrated, etc.)|Gecko","Q: Is the property [is female] true for the concept [book]? 
 A: False 
 Q: Is the property [can be digital] true for the concept [book] 
 A: True 
 In one word True/False, answer the following question Q: Is the property [edge type (straight, serrated, etc.)] true for [Gecko]? 
 A:",False
"edge type (straight, serrated, etc.)|Grinding disk","Q: Is the property [is female] true for the concept [book]? 
 A: False 
 Q: Is the property [can be digital] true for the concept [book] 
 A: True 
 In one word True/False, answer the following question Q: Is the property [edge type (straight, serrated, etc.)] true for [Grinding disk]? 
 A:",True
"edge type (straight, serrated, etc.)|Hammer","Q: Is the property [is female] true for the concept [book]? 
 A: False 
 Q: Is the property [can be digital] true for the concept [book] 
 A: True 
 In one word True/False, answer the following question Q: Is the property [edge type (straight, serrated, etc.)] true for [Hammer]? 
 A:",True
"edge type (straight, serrated, etc.)|Knife","Q: Is the property [is female] true for the concept [book]? 
 A: False 
 Q: Is the property [can be digital] true for the concept [book] 
 A: True 
 In one word True/False, answer the following question Q: Is the property [edge type (straight, serrated, etc.)] true for [Knife]? 
 A:",True
"edge type (straight, serrated, etc.)|Lawn Mower","Q: Is the property [is female] true for the concept [book]? 
 A: False 
 Q: Is the property [can be digital] true for the concept [book] 
 A: True 
 In one word True/False, answer the following question Q: Is the property [edge type (straight, serrated, etc.)] true for [Lawn Mower]? 
 A:",False
"edge type (straight, serrated, etc.)|Lizard","Q: Is the property [is female] true for the concept [book]? 
 A: False 
 Q: Is the property [can be digital] true for the concept [book] 
 A: True 
 In one word True/False, answer the following question Q: Is the property [edge type (straight, serrated, etc.)] true for [Lizard]? 
 A:",False
"edge type (straight, serrated, etc.)|Nail","Q: Is the property [is female] true for the concept [book]? 
 A: False 
 Q: Is the property [can be digital] true for the concept [book] 
 A: True 
 In one word True/False, answer the following question Q: Is the property [edge type (straight, serrated, etc.)] true for [Nail]? 
 A:",True
"edge type (straight, serrated, etc.)|Oil can","Q: Is the property [is female] true for the concept [book]? 
 A: False 
 Q: Is the property [can be digital] true for the concept [book] 
 A: True 
 In one word True/False, answer the following question Q: Is the property [edge type (straight, serrated, etc.)] true for [Oil can]? 
 A:",False
"edge type (straight, serrated, etc.)|Paint brush","Q: Is the property [is female] true for the concept [book]? 
 A: False 
 Q: Is the property [can be digital] true for the concept [book] 
 A: True 
 In one word True/False, answer the following question Q: Is the property [edge type (straight, serrated, etc.)] true for [Paint brush]? 
 A:",False
"edge type (straight, serrated, etc.)|Salamander","Q: Is the property [is female] true for the concept [book]? 
 A: False 
 Q: Is the property [can be digital] true for the concept [book] 
 A: True 
 In one word True/False, answer the following question Q: Is the property [edge type (straight, serrated, etc.)] true for [Salamander]? 
 A:",False
"edge type (straight, serrated, etc.)|Saw","Q: Is the property [is female] true for the concept [book]? 
 A: False 
 Q: Is the property [can be digital] true for the concept [book] 
 A: True 
 In one word True/False, answer the following question Q: Is the property [edge type (straight, serrated, etc.)] true for [Saw]? 
 A:",True
"edge type (straight, serrated, etc.)|Screwdriver","Q: Is the property [is female] true for the concept [book]? 
 A: False 
 Q: Is the property [can be digital] true for the concept [book] 
 A: True 
 In one word True/False, answer the following question Q: Is the property [edge type (straight, serrated, etc.)] true for [Screwdriver]? 
 A:",False
"edge type (straight, serrated, etc.)|Shovel","Q: Is the property [is female] true for the concept [book]? 
 A: False 
 Q: Is the property [can be digital] true for the concept [book] 
 A: True 
 In one word True/False, answer the following question Q: Is the property [edge type (straight, serrated, etc.)] true for [Shovel]? 
 A:",True
"edge type (straight, serrated, etc.)|Snake","Q: Is the property [is female] true for the concept [book]? 
 A: False 
 Q: Is the property [can be digital] true for the concept [book] 
 A: True 
 In one word True/False, answer the following question Q: Is the property [edge type (straight, serrated, etc.)] true for [Snake]? 
 A:",False
"edge type (straight, serrated, etc.)|Spanner","Q: Is the property [is female] true for the concept [book]? 
 A: False 
 Q: Is the property [can be digital] true for the concept [book] 
 A: True 
 In one word True/False, answer the following question Q: Is the property [edge type (straight, serrated, etc.)] true for [Spanner]? 
 A:",True
"edge type (straight, serrated, etc.)|Toad","Q: Is the property [is female] true for the concept [book]? 
 A: False 
 Q: Is the property [can be digital] true for the concept [book] 
 A: True 
 In one word True/False, answer the following question Q: Is the property [edge type (straight, serrated, etc.)] true for [Toad]? 
 A:",False
"edge type (straight, serrated, etc.)|Tortoise","Q: Is the property [is female] true for the concept [book]? 
 A: False 
 Q: Is the property [can be digital] true for the concept [book] 
 A: True 
 In one word True/False, answer the following question Q: Is the property [edge type (straight, serrated, etc.)] true for [Tortoise]? 
 A:",False
"edge type (straight, serrated, etc.)|Turtle","Q: Is the property [is female] true for the concept [book]? 
 A: False 
 Q: Is the property [can be digital] true for the concept [book] 
 A: True 
 In one word True/False, answer the following question Q: Is the property [edge type (straight, serrated, etc.)] true for [Turtle]? 
 A:",False
"edge type (straight, serrated, etc.)|Vacuum","Q: Is the property [is female] true for the concept [book]? 
 A: False 
 Q: Is the property [can be digital] true for the concept [book] 
 A: True 
 In one word True/False, answer the following question Q: Is the property [edge type (straight, serrated, etc.)] true for [Vacuum]? 
 A:",False
excellent camouflage|Alligator,"Q: Is the property [is female] true for the concept [book]? 
 A: False 
 Q: Is the property [can be digital] true for the concept [book] 
 A: True 
 In one word True/False, answer the following question Q: Is the property [excellent camouflage] true for [Alligator]? 
 A:",True
excellent camouflage|Anvil,"Q: Is the property [is female] true for the concept [book]? 
 A: False 
 Q: Is the property [can be digital] true for the concept [book] 
 A: True 
 In one word True/False, answer the following question Q: Is the property [excellent camouflage] true for [Anvil]? 
 A:",False
excellent camouflage|Axe,"Q: Is the property [is female] true for the concept [book]? 
 A: False 
 Q: Is the property [can be digital] true for the concept [book] 
 A: True 
 In one word True/False, answer the following question Q: Is the property [excellent camouflage] true for [Axe]? 
 A:",False
excellent camouflage|Blindworm,"Q: Is the property [is female] true for the concept [book]? 
 A: False 
 Q: Is the property [can be digital] true for the concept [book] 
 A: True 
 In one word True/False, answer the following question Q: Is the property [excellent camouflage] true for [Blindworm]? 
 A:",False
excellent camouflage|Boa python,"Q: Is the property [is female] true for the concept [book]? 
 A: False 
 Q: Is the property [can be digital] true for the concept [book] 
 A: True 
 In one word True/False, answer the following question Q: Is the property [excellent camouflage] true for [Boa python]? 
 A:",True
excellent camouflage|Caiman,"Q: Is the property [is female] true for the concept [book]? 
 A: False 
 Q: Is the property [can be digital] true for the concept [book] 
 A: True 
 In one word True/False, answer the following question Q: Is the property [excellent camouflage] true for [Caiman]? 
 A:",True
excellent camouflage|Chameleon,"Q: Is the property [is female] true for the concept [book]? 
 A: False 
 Q: Is the property [can be digital] true for the concept [book] 
 A: True 
 In one word True/False, answer the following question Q: Is the property [excellent camouflage] true for [Chameleon]? 
 A:",True
excellent camouflage|Chisel,"Q: Is the property [is female] true for the concept [book]? 
 A: False 
 Q: Is the property [can be digital] true for the concept [book] 
 A: True 
 In one word True/False, answer the following question Q: Is the property [excellent camouflage] true for [Chisel]? 
 A:",False
excellent camouflage|Cobra,"Q: Is the property [is female] true for the concept [book]? 
 A: False 
 Q: Is the property [can be digital] true for the concept [book] 
 A: True 
 In one word True/False, answer the following question Q: Is the property [excellent camouflage] true for [Cobra]? 
 A:",True
excellent camouflage|Crocodile,"Q: Is the property [is female] true for the concept [book]? 
 A: False 
 Q: Is the property [can be digital] true for the concept [book] 
 A: True 
 In one word True/False, answer the following question Q: Is the property [excellent camouflage] true for [Crocodile]? 
 A:",True
excellent camouflage|Dinosaur,"Q: Is the property [is female] true for the concept [book]? 
 A: False 
 Q: Is the property [can be digital] true for the concept [book] 
 A: True 
 In one word True/False, answer the following question Q: Is the property [excellent camouflage] true for [Dinosaur]? 
 A:",True
excellent camouflage|Gecko,"Q: Is the property [is female] true for the concept [book]? 
 A: False 
 Q: Is the property [can be digital] true for the concept [book] 
 A: True 
 In one word True/False, answer the following question Q: Is the property [excellent camouflage] true for [Gecko]? 
 A:",True
excellent camouflage|Grinding disk,"Q: Is the property [is female] true for the concept [book]? 
 A: False 
 Q: Is the property [can be digital] true for the concept [book] 
 A: True 
 In one word True/False, answer the following question Q: Is the property [excellent camouflage] true for [Grinding disk]? 
 A:",False
excellent camouflage|Hammer,"Q: Is the property [is female] true for the concept [book]? 
 A: False 
 Q: Is the property [can be digital] true for the concept [book] 
 A: True 
 In one word True/False, answer the following question Q: Is the property [excellent camouflage] true for [Hammer]? 
 A:",False
excellent camouflage|Knife,"Q: Is the property [is female] true for the concept [book]? 
 A: False 
 Q: Is the property [can be digital] true for the concept [book] 
 A: True 
 In one word True/False, answer the following question Q: Is the property [excellent camouflage] true for [Knife]? 
 A:",False
excellent camouflage|Lawn Mower,"Q: Is the property [is female] true for the concept [book]? 
 A: False 
 Q: Is the property [can be digital] true for the concept [book] 
 A: True 
 In one word True/False, answer the following question Q: Is the property [excellent camouflage] true for [Lawn Mower]? 
 A:",False
excellent camouflage|Lizard,"Q: Is the property [is female] true for the concept [book]? 
 A: False 
 Q: Is the property [can be digital] true for the concept [book] 
 A: True 
 In one word True/False, answer the following question Q: Is the property [excellent camouflage] true for [Lizard]? 
 A:",True
excellent camouflage|Nail,"Q: Is the property [is female] true for the concept [book]? 
 A: False 
 Q: Is the property [can be digital] true for the concept [book] 
 A: True 
 In one word True/False, answer the following question Q: Is the property [excellent camouflage] true for [Nail]? 
 A:",False
excellent camouflage|Oil can,"Q: Is the property [is female] true for the concept [book]? 
 A: False 
 Q: Is the property [can be digital] true for the concept [book] 
 A: True 
 In one word True/False, answer the following question Q: Is the property [excellent camouflage] true for [Oil can]? 
 A:",False
excellent camouflage|Paint brush,"Q: Is the property [is female] true for the concept [book]? 
 A: False 
 Q: Is the property [can be digital] true for the concept [book] 
 A: True 
 In one word True/False, answer the following question Q: Is the property [excellent camouflage] true for [Paint brush]? 
 A:",False
excellent camouflage|Salamander,"Q: Is the property [is female] true for the concept [book]? 
 A: False 
 Q: Is the property [can be digital] true for the concept [book] 
 A: True 
 In one word True/False, answer the following question Q: Is the property [excellent camouflage] true for [Salamander]? 
 A:",True
excellent camouflage|Saw,"Q: Is the property [is female] true for the concept [book]? 
 A: False 
 Q: Is the property [can be digital] true for the concept [book] 
 A: True 
 In one word True/False, answer the following question Q: Is the property [excellent camouflage] true for [Saw]? 
 A:",False
excellent camouflage|Screwdriver,"Q: Is the property [is female] true for the concept [book]? 
 A: False 
 Q: Is the property [can be digital] true for the concept [book] 
 A: True 
 In one word True/False, answer the following question Q: Is the property [excellent camouflage] true for [Screwdriver]? 
 A:",False
excellent camouflage|Shovel,"Q: Is the property [is female] true for the concept [book]? 
 A: False 
 Q: Is the property [can be digital] true for the concept [book] 
 A: True 
 In one word True/False, answer the following question Q: Is the property [excellent camouflage] true for [Shovel]? 
 A:",False
excellent camouflage|Snake,"Q: Is the property [is female] true for the concept [book]? 
 A: False 
 Q: Is the property [can be digital] true for the concept [book] 
 A: True 
 In one word True/False, answer the following question Q: Is the property [excellent camouflage] true for [Snake]? 
 A:",True
excellent camouflage|Spanner,"Q: Is the property [is female] true for the concept [book]? 
 A: False 
 Q: Is the property [can be digital] true for the concept [book] 
 A: True 
 In one word True/False, answer the following question Q: Is the property [excellent camouflage] true for [Spanner]? 
 A:",False
excellent camouflage|Toad,"Q: Is the property [is female] true for the concept [book]? 
 A: False 
 Q: Is the property [can be digital] true for the concept [book] 
 A: True 
 In one word True/False, answer the following question Q: Is the property [excellent camouflage] true for [Toad]? 
 A:",True
excellent camouflage|Tortoise,"Q: Is the property [is female] true for the concept [book]? 
 A: False 
 Q: Is the property [can be digital] true for the concept [book] 
 A: True 
 In one word True/False, answer the following question Q: Is the property [excellent camouflage] true for [Tortoise]? 
 A:",True
excellent camouflage|Turtle,"Q: Is the property [is female] true for the concept [book]? 
 A: False 
 Q: Is the property [can be digital] true for the concept [book] 
 A: True 
 In one word True/False, answer the following question Q: Is the property [excellent camouflage] true for [Turtle]? 
 A:",True
excellent camouflage|Vacuum,"Q: Is the property [is female] true for the concept [book]? 
 A: False 
 Q: Is the property [can be digital] true for the concept [book] 
 A: True 
 In one word True/False, answer the following question Q: Is the property [excellent camouflage] true for [Vacuum]? 
 A:",False
excellent vision|Alligator,"Q: Is the property [is female] true for the concept [book]? 
 A: False 
 Q: Is the property [can be digital] true for the concept [book] 
 A: True 
 In one word True/False, answer the following question Q: Is the property [excellent vision] true for [Alligator]? 
 A:",False
excellent vision|Anvil,"Q: Is the property [is female] true for the concept [book]? 
 A: False 
 Q: Is the property [can be digital] true for the concept [book] 
 A: True 
 In one word True/False, answer the following question Q: Is the property [excellent vision] true for [Anvil]? 
 A:",False
excellent vision|Axe,"Q: Is the property [is female] true for the concept [book]? 
 A: False 
 Q: Is the property [can be digital] true for the concept [book] 
 A: True 
 In one word True/False, answer the following question Q: Is the property [excellent vision] true for [Axe]? 
 A:",False
excellent vision|Blindworm,"Q: Is the property [is female] true for the concept [book]? 
 A: False 
 Q: Is the property [can be digital] true for the concept [book] 
 A: True 
 In one word True/False, answer the following question Q: Is the property [excellent vision] true for [Blindworm]? 
 A:",False
excellent vision|Boa python,"Q: Is the property [is female] true for the concept [book]? 
 A: False 
 Q: Is the property [can be digital] true for the concept [book] 
 A: True 
 In one word True/False, answer the following question Q: Is the property [excellent vision] true for [Boa python]? 
 A:",False
excellent vision|Caiman,"Q: Is the property [is female] true for the concept [book]? 
 A: False 
 Q: Is the property [can be digital] true for the concept [book] 
 A: True 
 In one word True/False, answer the following question Q: Is the property [excellent vision] true for [Caiman]? 
 A:",False
excellent vision|Chameleon,"Q: Is the property [is female] true for the concept [book]? 
 A: False 
 Q: Is the property [can be digital] true for the concept [book] 
 A: True 
 In one word True/False, answer the following question Q: Is the property [excellent vision] true for [Chameleon]? 
 A:",True
excellent vision|Chisel,"Q: Is the property [is female] true for the concept [book]? 
 A: False 
 Q: Is the property [can be digital] true for the concept [book] 
 A: True 
 In one word True/False, answer the following question Q: Is the property [excellent vision] true for [Chisel]? 
 A:",False
excellent vision|Cobra,"Q: Is the property [is female] true for the concept [book]? 
 A: False 
 Q: Is the property [can be digital] true for the concept [book] 
 A: True 
 In one word True/False, answer the following question Q: Is the property [excellent vision] true for [Cobra]? 
 A:",False
excellent vision|Crocodile,"Q: Is the property [is female] true for the concept [book]? 
 A: False 
 Q: Is the property [can be digital] true for the concept [book] 
 A: True 
 In one word True/False, answer the following question Q: Is the property [excellent vision] true for [Crocodile]? 
 A:",False
excellent vision|Dinosaur,"Q: Is the property [is female] true for the concept [book]? 
 A: False 
 Q: Is the property [can be digital] true for the concept [book] 
 A: True 
 In one word True/False, answer the following question Q: Is the property [excellent vision] true for [Dinosaur]? 
 A:",False
excellent vision|Gecko,"Q: Is the property [is female] true for the concept [book]? 
 A: False 
 Q: Is the property [can be digital] true for the concept [book] 
 A: True 
 In one word True/False, answer the following question Q: Is the property [excellent vision] true for [Gecko]? 
 A:",True
excellent vision|Grinding disk,"Q: Is the property [is female] true for the concept [book]? 
 A: False 
 Q: Is the property [can be digital] true for the concept [book] 
 A: True 
 In one word True/False, answer the following question Q: Is the property [excellent vision] true for [Grinding disk]? 
 A:",False
excellent vision|Hammer,"Q: Is the property [is female] true for the concept [book]? 
 A: False 
 Q: Is the property [can be digital] true for the concept [book] 
 A: True 
 In one word True/False, answer the following question Q: Is the property [excellent vision] true for [Hammer]? 
 A:",False
excellent vision|Knife,"Q: Is the property [is female] true for the concept [book]? 
 A: False 
 Q: Is the property [can be digital] true for the concept [book] 
 A: True 
 In one word True/False, answer the following question Q: Is the property [excellent vision] true for [Knife]? 
 A:",False
excellent vision|Lawn Mower,"Q: Is the property [is female] true for the concept [book]? 
 A: False 
 Q: Is the property [can be digital] true for the concept [book] 
 A: True 
 In one word True/False, answer the following question Q: Is the property [excellent vision] true for [Lawn Mower]? 
 A:",False
excellent vision|Lizard,"Q: Is the property [is female] true for the concept [book]? 
 A: False 
 Q: Is the property [can be digital] true for the concept [book] 
 A: True 
 In one word True/False, answer the following question Q: Is the property [excellent vision] true for [Lizard]? 
 A:",False
excellent vision|Nail,"Q: Is the property [is female] true for the concept [book]? 
 A: False 
 Q: Is the property [can be digital] true for the concept [book] 
 A: True 
 In one word True/False, answer the following question Q: Is the property [excellent vision] true for [Nail]? 
 A:",False
excellent vision|Oil can,"Q: Is the property [is female] true for the concept [book]? 
 A: False 
 Q: Is the property [can be digital] true for the concept [book] 
 A: True 
 In one word True/False, answer the following question Q: Is the property [excellent vision] true for [Oil can]? 
 A:",False
excellent vision|Paint brush,"Q: Is the property [is female] true for the concept [book]? 
 A: False 
 Q: Is the property [can be digital] true for the concept [book] 
 A: True 
 In one word True/False, answer the following question Q: Is the property [excellent vision] true for [Paint brush]? 
 A:",False
excellent vision|Salamander,"Q: Is the property [is female] true for the concept [book]? 
 A: False 
 Q: Is the property [can be digital] true for the concept [book] 
 A: True 
 In one word True/False, answer the following question Q: Is the property [excellent vision] true for [Salamander]? 
 A:",False
excellent vision|Saw,"Q: Is the property [is female] true for the concept [book]? 
 A: False 
 Q: Is the property [can be digital] true for the concept [book] 
 A: True 
 In one word True/False, answer the following question Q: Is the property [excellent vision] true for [Saw]? 
 A:",False
excellent vision|Screwdriver,"Q: Is the property [is female] true for the concept [book]? 
 A: False 
 Q: Is the property [can be digital] true for the concept [book] 
 A: True 
 In one word True/False, answer the following question Q: Is the property [excellent vision] true for [Screwdriver]? 
 A:",False
excellent vision|Shovel,"Q: Is the property [is female] true for the concept [book]? 
 A: False 
 Q: Is the property [can be digital] true for the concept [book] 
 A: True 
 In one word True/False, answer the following question Q: Is the property [excellent vision] true for [Shovel]? 
 A:",False
excellent vision|Snake,"Q: Is the property [is female] true for the concept [book]? 
 A: False 
 Q: Is the property [can be digital] true for the concept [book] 
 A: True 
 In one word True/False, answer the following question Q: Is the property [excellent vision] true for [Snake]? 
 A:",False
excellent vision|Spanner,"Q: Is the property [is female] true for the concept [book]? 
 A: False 
 Q: Is the property [can be digital] true for the concept [book] 
 A: True 
 In one word True/False, answer the following question Q: Is the property [excellent vision] true for [Spanner]? 
 A:",False
excellent vision|Toad,"Q: Is the property [is female] true for the concept [book]? 
 A: False 
 Q: Is the property [can be digital] true for the concept [book] 
 A: True 
 In one word True/False, answer the following question Q: Is the property [excellent vision] true for [Toad]? 
 A:",False
excellent vision|Tortoise,"Q: Is the property [is female] true for the concept [book]? 
 A: False 
 Q: Is the property [can be digital] true for the concept [book] 
 A: True 
 In one word True/False, answer the following question Q: Is the property [excellent vision] true for [Tortoise]? 
 A:",True
excellent vision|Turtle,"Q: Is the property [is female] true for the concept [book]? 
 A: False 
 Q: Is the property [can be digital] true for the concept [book] 
 A: True 
 In one word True/False, answer the following question Q: Is the property [excellent vision] true for [Turtle]? 
 A:",False
excellent vision|Vacuum,"Q: Is the property [is female] true for the concept [book]? 
 A: False 
 Q: Is the property [can be digital] true for the concept [book] 
 A: True 
 In one word True/False, answer the following question Q: Is the property [excellent vision] true for [Vacuum]? 
 A:",False
found in various habitats|Alligator,"Q: Is the property [is female] true for the concept [book]? 
 A: False 
 Q: Is the property [can be digital] true for the concept [book] 
 A: True 
 In one word True/False, answer the following question Q: Is the property [found in various habitats] true for [Alligator]? 
 A:",True
found in various habitats|Anvil,"Q: Is the property [is female] true for the concept [book]? 
 A: False 
 Q: Is the property [can be digital] true for the concept [book] 
 A: True 
 In one word True/False, answer the following question Q: Is the property [found in various habitats] true for [Anvil]? 
 A:",False
found in various habitats|Axe,"Q: Is the property [is female] true for the concept [book]? 
 A: False 
 Q: Is the property [can be digital] true for the concept [book] 
 A: True 
 In one word True/False, answer the following question Q: Is the property [found in various habitats] true for [Axe]? 
 A:",False
found in various habitats|Blindworm,"Q: Is the property [is female] true for the concept [book]? 
 A: False 
 Q: Is the property [can be digital] true for the concept [book] 
 A: True 
 In one word True/False, answer the following question Q: Is the property [found in various habitats] true for [Blindworm]? 
 A:",False
found in various habitats|Boa python,"Q: Is the property [is female] true for the concept [book]? 
 A: False 
 Q: Is the property [can be digital] true for the concept [book] 
 A: True 
 In one word True/False, answer the following question Q: Is the property [found in various habitats] true for [Boa python]? 
 A:",True
found in various habitats|Caiman,"Q: Is the property [is female] true for the concept [book]? 
 A: False 
 Q: Is the property [can be digital] true for the concept [book] 
 A: True 
 In one word True/False, answer the following question Q: Is the property [found in various habitats] true for [Caiman]? 
 A:",True
found in various habitats|Chameleon,"Q: Is the property [is female] true for the concept [book]? 
 A: False 
 Q: Is the property [can be digital] true for the concept [book] 
 A: True 
 In one word True/False, answer the following question Q: Is the property [found in various habitats] true for [Chameleon]? 
 A:",True
found in various habitats|Chisel,"Q: Is the property [is female] true for the concept [book]? 
 A: False 
 Q: Is the property [can be digital] true for the concept [book] 
 A: True 
 In one word True/False, answer the following question Q: Is the property [found in various habitats] true for [Chisel]? 
 A:",False
found in various habitats|Cobra,"Q: Is the property [is female] true for the concept [book]? 
 A: False 
 Q: Is the property [can be digital] true for the concept [book] 
 A: True 
 In one word True/False, answer the following question Q: Is the property [found in various habitats] true for [Cobra]? 
 A:",True
found in various habitats|Crocodile,"Q: Is the property [is female] true for the concept [book]? 
 A: False 
 Q: Is the property [can be digital] true for the concept [book] 
 A: True 
 In one word True/False, answer the following question Q: Is the property [found in various habitats] true for [Crocodile]? 
 A:",True
found in various habitats|Dinosaur,"Q: Is the property [is female] true for the concept [book]? 
 A: False 
 Q: Is the property [can be digital] true for the concept [book] 
 A: True 
 In one word True/False, answer the following question Q: Is the property [found in various habitats] true for [Dinosaur]? 
 A:",True
found in various habitats|Gecko,"Q: Is the property [is female] true for the concept [book]? 
 A: False 
 Q: Is the property [can be digital] true for the concept [book] 
 A: True 
 In one word True/False, answer the following question Q: Is the property [found in various habitats] true for [Gecko]? 
 A:",True
found in various habitats|Grinding disk,"Q: Is the property [is female] true for the concept [book]? 
 A: False 
 Q: Is the property [can be digital] true for the concept [book] 
 A: True 
 In one word True/False, answer the following question Q: Is the property [found in various habitats] true for [Grinding disk]? 
 A:",False
found in various habitats|Hammer,"Q: Is the property [is female] true for the concept [book]? 
 A: False 
 Q: Is the property [can be digital] true for the concept [book] 
 A: True 
 In one word True/False, answer the following question Q: Is the property [found in various habitats] true for [Hammer]? 
 A:",False
found in various habitats|Knife,"Q: Is the property [is female] true for the concept [book]? 
 A: False 
 Q: Is the property [can be digital] true for the concept [book] 
 A: True 
 In one word True/False, answer the following question Q: Is the property [found in various habitats] true for [Knife]? 
 A:",False
found in various habitats|Lawn Mower,"Q: Is the property [is female] true for the concept [book]? 
 A: False 
 Q: Is the property [can be digital] true for the concept [book] 
 A: True 
 In one word True/False, answer the following question Q: Is the property [found in various habitats] true for [Lawn Mower]? 
 A:",False
found in various habitats|Lizard,"Q: Is the property [is female] true for the concept [book]? 
 A: False 
 Q: Is the property [can be digital] true for the concept [book] 
 A: True 
 In one word True/False, answer the following question Q: Is the property [found in various habitats] true for [Lizard]? 
 A:",True
found in various habitats|Nail,"Q: Is the property [is female] true for the concept [book]? 
 A: False 
 Q: Is the property [can be digital] true for the concept [book] 
 A: True 
 In one word True/False, answer the following question Q: Is the property [found in various habitats] true for [Nail]? 
 A:",False
found in various habitats|Oil can,"Q: Is the property [is female] true for the concept [book]? 
 A: False 
 Q: Is the property [can be digital] true for the concept [book] 
 A: True 
 In one word True/False, answer the following question Q: Is the property [found in various habitats] true for [Oil can]? 
 A:",False
found in various habitats|Paint brush,"Q: Is the property [is female] true for the concept [book]? 
 A: False 
 Q: Is the property [can be digital] true for the concept [book] 
 A: True 
 In one word True/False, answer the following question Q: Is the property [found in various habitats] true for [Paint brush]? 
 A:",False
found in various habitats|Salamander,"Q: Is the property [is female] true for the concept [book]? 
 A: False 
 Q: Is the property [can be digital] true for the concept [book] 
 A: True 
 In one word True/False, answer the following question Q: Is the property [found in various habitats] true for [Salamander]? 
 A:",True
found in various habitats|Saw,"Q: Is the property [is female] true for the concept [book]? 
 A: False 
 Q: Is the property [can be digital] true for the concept [book] 
 A: True 
 In one word True/False, answer the following question Q: Is the property [found in various habitats] true for [Saw]? 
 A:",True
found in various habitats|Screwdriver,"Q: Is the property [is female] true for the concept [book]? 
 A: False 
 Q: Is the property [can be digital] true for the concept [book] 
 A: True 
 In one word True/False, answer the following question Q: Is the property [found in various habitats] true for [Screwdriver]? 
 A:",False
found in various habitats|Shovel,"Q: Is the property [is female] true for the concept [book]? 
 A: False 
 Q: Is the property [can be digital] true for the concept [book] 
 A: True 
 In one word True/False, answer the following question Q: Is the property [found in various habitats] true for [Shovel]? 
 A:",False
found in various habitats|Snake,"Q: Is the property [is female] true for the concept [book]? 
 A: False 
 Q: Is the property [can be digital] true for the concept [book] 
 A: True 
 In one word True/False, answer the following question Q: Is the property [found in various habitats] true for [Snake]? 
 A:",True
found in various habitats|Spanner,"Q: Is the property [is female] true for the concept [book]? 
 A: False 
 Q: Is the property [can be digital] true for the concept [book] 
 A: True 
 In one word True/False, answer the following question Q: Is the property [found in various habitats] true for [Spanner]? 
 A:",False
found in various habitats|Toad,"Q: Is the property [is female] true for the concept [book]? 
 A: False 
 Q: Is the property [can be digital] true for the concept [book] 
 A: True 
 In one word True/False, answer the following question Q: Is the property [found in various habitats] true for [Toad]? 
 A:",True
found in various habitats|Tortoise,"Q: Is the property [is female] true for the concept [book]? 
 A: False 
 Q: Is the property [can be digital] true for the concept [book] 
 A: True 
 In one word True/False, answer the following question Q: Is the property [found in various habitats] true for [Tortoise]? 
 A:",True
found in various habitats|Turtle,"Q: Is the property [is female] true for the concept [book]? 
 A: False 
 Q: Is the property [can be digital] true for the concept [book] 
 A: True 
 In one word True/False, answer the following question Q: Is the property [found in various habitats] true for [Turtle]? 
 A:",True
found in various habitats|Vacuum,"Q: Is the property [is female] true for the concept [book]? 
 A: False 
 Q: Is the property [can be digital] true for the concept [book] 
 A: True 
 In one word True/False, answer the following question Q: Is the property [found in various habitats] true for [Vacuum]? 
 A:",False
four legs|Alligator,"Q: Is the property [is female] true for the concept [book]? 
 A: False 
 Q: Is the property [can be digital] true for the concept [book] 
 A: True 
 In one word True/False, answer the following question Q: Is the property [four legs] true for [Alligator]? 
 A:",True
four legs|Anvil,"Q: Is the property [is female] true for the concept [book]? 
 A: False 
 Q: Is the property [can be digital] true for the concept [book] 
 A: True 
 In one word True/False, answer the following question Q: Is the property [four legs] true for [Anvil]? 
 A:",False
four legs|Axe,"Q: Is the property [is female] true for the concept [book]? 
 A: False 
 Q: Is the property [can be digital] true for the concept [book] 
 A: True 
 In one word True/False, answer the following question Q: Is the property [four legs] true for [Axe]? 
 A:",False
four legs|Blindworm,"Q: Is the property [is female] true for the concept [book]? 
 A: False 
 Q: Is the property [can be digital] true for the concept [book] 
 A: True 
 In one word True/False, answer the following question Q: Is the property [four legs] true for [Blindworm]? 
 A:",False
four legs|Boa python,"Q: Is the property [is female] true for the concept [book]? 
 A: False 
 Q: Is the property [can be digital] true for the concept [book] 
 A: True 
 In one word True/False, answer the following question Q: Is the property [four legs] true for [Boa python]? 
 A:",False
four legs|Caiman,"Q: Is the property [is female] true for the concept [book]? 
 A: False 
 Q: Is the property [can be digital] true for the concept [book] 
 A: True 
 In one word True/False, answer the following question Q: Is the property [four legs] true for [Caiman]? 
 A:",False
four legs|Chameleon,"Q: Is the property [is female] true for the concept [book]? 
 A: False 
 Q: Is the property [can be digital] true for the concept [book] 
 A: True 
 In one word True/False, answer the following question Q: Is the property [four legs] true for [Chameleon]? 
 A:",False
four legs|Chisel,"Q: Is the property [is female] true for the concept [book]? 
 A: False 
 Q: Is the property [can be digital] true for the concept [book] 
 A: True 
 In one word True/False, answer the following question Q: Is the property [four legs] true for [Chisel]? 
 A:",False
four legs|Cobra,"Q: Is the property [is female] true for the concept [book]? 
 A: False 
 Q: Is the property [can be digital] true for the concept [book] 
 A: True 
 In one word True/False, answer the following question Q: Is the property [four legs] true for [Cobra]? 
 A:",False
four legs|Crocodile,"Q: Is the property [is female] true for the concept [book]? 
 A: False 
 Q: Is the property [can be digital] true for the concept [book] 
 A: True 
 In one word True/False, answer the following question Q: Is the property [four legs] true for [Crocodile]? 
 A:",False
four legs|Dinosaur,"Q: Is the property [is female] true for the concept [book]? 
 A: False 
 Q: Is the property [can be digital] true for the concept [book] 
 A: True 
 In one word True/False, answer the following question Q: Is the property [four legs] true for [Dinosaur]? 
 A:",True
four legs|Gecko,"Q: Is the property [is female] true for the concept [book]? 
 A: False 
 Q: Is the property [can be digital] true for the concept [book] 
 A: True 
 In one word True/False, answer the following question Q: Is the property [four legs] true for [Gecko]? 
 A:",True
four legs|Grinding disk,"Q: Is the property [is female] true for the concept [book]? 
 A: False 
 Q: Is the property [can be digital] true for the concept [book] 
 A: True 
 In one word True/False, answer the following question Q: Is the property [four legs] true for [Grinding disk]? 
 A:",False
four legs|Hammer,"Q: Is the property [is female] true for the concept [book]? 
 A: False 
 Q: Is the property [can be digital] true for the concept [book] 
 A: True 
 In one word True/False, answer the following question Q: Is the property [four legs] true for [Hammer]? 
 A:",False
four legs|Knife,"Q: Is the property [is female] true for the concept [book]? 
 A: False 
 Q: Is the property [can be digital] true for the concept [book] 
 A: True 
 In one word True/False, answer the following question Q: Is the property [four legs] true for [Knife]? 
 A:",False
four legs|Lawn Mower,"Q: Is the property [is female] true for the concept [book]? 
 A: False 
 Q: Is the property [can be digital] true for the concept [book] 
 A: True 
 In one word True/False, answer the following question Q: Is the property [four legs] true for [Lawn Mower]? 
 A:",False
four legs|Lizard,"Q: Is the property [is female] true for the concept [book]? 
 A: False 
 Q: Is the property [can be digital] true for the concept [book] 
 A: True 
 In one word True/False, answer the following question Q: Is the property [four legs] true for [Lizard]? 
 A:",True
four legs|Nail,"Q: Is the property [is female] true for the concept [book]? 
 A: False 
 Q: Is the property [can be digital] true for the concept [book] 
 A: True 
 In one word True/False, answer the following question Q: Is the property [four legs] true for [Nail]? 
 A:",False
four legs|Oil can,"Q: Is the property [is female] true for the concept [book]? 
 A: False 
 Q: Is the property [can be digital] true for the concept [book] 
 A: True 
 In one word True/False, answer the following question Q: Is the property [four legs] true for [Oil can]? 
 A:",False
four legs|Paint brush,"Q: Is the property [is female] true for the concept [book]? 
 A: False 
 Q: Is the property [can be digital] true for the concept [book] 
 A: True 
 In one word True/False, answer the following question Q: Is the property [four legs] true for [Paint brush]? 
 A:",False
four legs|Salamander,"Q: Is the property [is female] true for the concept [book]? 
 A: False 
 Q: Is the property [can be digital] true for the concept [book] 
 A: True 
 In one word True/False, answer the following question Q: Is the property [four legs] true for [Salamander]? 
 A:",False
four legs|Saw,"Q: Is the property [is female] true for the concept [book]? 
 A: False 
 Q: Is the property [can be digital] true for the concept [book] 
 A: True 
 In one word True/False, answer the following question Q: Is the property [four legs] true for [Saw]? 
 A:",False
four legs|Screwdriver,"Q: Is the property [is female] true for the concept [book]? 
 A: False 
 Q: Is the property [can be digital] true for the concept [book] 
 A: True 
 In one word True/False, answer the following question Q: Is the property [four legs] true for [Screwdriver]? 
 A:",False
four legs|Shovel,"Q: Is the property [is female] true for the concept [book]? 
 A: False 
 Q: Is the property [can be digital] true for the concept [book] 
 A: True 
 In one word True/False, answer the following question Q: Is the property [four legs] true for [Shovel]? 
 A:",False
four legs|Snake,"Q: Is the property [is female] true for the concept [book]? 
 A: False 
 Q: Is the property [can be digital] true for the concept [book] 
 A: True 
 In one word True/False, answer the following question Q: Is the property [four legs] true for [Snake]? 
 A:",False
four legs|Spanner,"Q: Is the property [is female] true for the concept [book]? 
 A: False 
 Q: Is the property [can be digital] true for the concept [book] 
 A: True 
 In one word True/False, answer the following question Q: Is the property [four legs] true for [Spanner]? 
 A:",False
four legs|Toad,"Q: Is the property [is female] true for the concept [book]? 
 A: False 
 Q: Is the property [can be digital] true for the concept [book] 
 A: True 
 In one word True/False, answer the following question Q: Is the property [four legs] true for [Toad]? 
 A:",True
four legs|Tortoise,"Q: Is the property [is female] true for the concept [book]? 
 A: False 
 Q: Is the property [can be digital] true for the concept [book] 
 A: True 
 In one word True/False, answer the following question Q: Is the property [four legs] true for [Tortoise]? 
 A:",True
four legs|Turtle,"Q: Is the property [is female] true for the concept [book]? 
 A: False 
 Q: Is the property [can be digital] true for the concept [book] 
 A: True 
 In one word True/False, answer the following question Q: Is the property [four legs] true for [Turtle]? 
 A:",True
four legs|Vacuum,"Q: Is the property [is female] true for the concept [book]? 
 A: False 
 Q: Is the property [can be digital] true for the concept [book] 
 A: True 
 In one word True/False, answer the following question Q: Is the property [four legs] true for [Vacuum]? 
 A:",False
four limbs|Alligator,"Q: Is the property [is female] true for the concept [book]? 
 A: False 
 Q: Is the property [can be digital] true for the concept [book] 
 A: True 
 In one word True/False, answer the following question Q: Is the property [four limbs] true for [Alligator]? 
 A:",True
four limbs|Anvil,"Q: Is the property [is female] true for the concept [book]? 
 A: False 
 Q: Is the property [can be digital] true for the concept [book] 
 A: True 
 In one word True/False, answer the following question Q: Is the property [four limbs] true for [Anvil]? 
 A:",False
four limbs|Axe,"Q: Is the property [is female] true for the concept [book]? 
 A: False 
 Q: Is the property [can be digital] true for the concept [book] 
 A: True 
 In one word True/False, answer the following question Q: Is the property [four limbs] true for [Axe]? 
 A:",False
four limbs|Blindworm,"Q: Is the property [is female] true for the concept [book]? 
 A: False 
 Q: Is the property [can be digital] true for the concept [book] 
 A: True 
 In one word True/False, answer the following question Q: Is the property [four limbs] true for [Blindworm]? 
 A:",False
four limbs|Boa python,"Q: Is the property [is female] true for the concept [book]? 
 A: False 
 Q: Is the property [can be digital] true for the concept [book] 
 A: True 
 In one word True/False, answer the following question Q: Is the property [four limbs] true for [Boa python]? 
 A:",True
four limbs|Caiman,"Q: Is the property [is female] true for the concept [book]? 
 A: False 
 Q: Is the property [can be digital] true for the concept [book] 
 A: True 
 In one word True/False, answer the following question Q: Is the property [four limbs] true for [Caiman]? 
 A:",True
four limbs|Chameleon,"Q: Is the property [is female] true for the concept [book]? 
 A: False 
 Q: Is the property [can be digital] true for the concept [book] 
 A: True 
 In one word True/False, answer the following question Q: Is the property [four limbs] true for [Chameleon]? 
 A:",False
four limbs|Chisel,"Q: Is the property [is female] true for the concept [book]? 
 A: False 
 Q: Is the property [can be digital] true for the concept [book] 
 A: True 
 In one word True/False, answer the following question Q: Is the property [four limbs] true for [Chisel]? 
 A:",False
four limbs|Cobra,"Q: Is the property [is female] true for the concept [book]? 
 A: False 
 Q: Is the property [can be digital] true for the concept [book] 
 A: True 
 In one word True/False, answer the following question Q: Is the property [four limbs] true for [Cobra]? 
 A:",False
four limbs|Crocodile,"Q: Is the property [is female] true for the concept [book]? 
 A: False 
 Q: Is the property [can be digital] true for the concept [book] 
 A: True 
 In one word True/False, answer the following question Q: Is the property [four limbs] true for [Crocodile]? 
 A:",True
four limbs|Dinosaur,"Q: Is the property [is female] true for the concept [book]? 
 A: False 
 Q: Is the property [can be digital] true for the concept [book] 
 A: True 
 In one word True/False, answer the following question Q: Is the property [four limbs] true for [Dinosaur]? 
 A:",True
four limbs|Gecko,"Q: Is the property [is female] true for the concept [book]? 
 A: False 
 Q: Is the property [can be digital] true for the concept [book] 
 A: True 
 In one word True/False, answer the following question Q: Is the property [four limbs] true for [Gecko]? 
 A:",True
four limbs|Grinding disk,"Q: Is the property [is female] true for the concept [book]? 
 A: False 
 Q: Is the property [can be digital] true for the concept [book] 
 A: True 
 In one word True/False, answer the following question Q: Is the property [four limbs] true for [Grinding disk]? 
 A:",False
four limbs|Hammer,"Q: Is the property [is female] true for the concept [book]? 
 A: False 
 Q: Is the property [can be digital] true for the concept [book] 
 A: True 
 In one word True/False, answer the following question Q: Is the property [four limbs] true for [Hammer]? 
 A:",False
four limbs|Knife,"Q: Is the property [is female] true for the concept [book]? 
 A: False 
 Q: Is the property [can be digital] true for the concept [book] 
 A: True 
 In one word True/False, answer the following question Q: Is the property [four limbs] true for [Knife]? 
 A:",False
four limbs|Lawn Mower,"Q: Is the property [is female] true for the concept [book]? 
 A: False 
 Q: Is the property [can be digital] true for the concept [book] 
 A: True 
 In one word True/False, answer the following question Q: Is the property [four limbs] true for [Lawn Mower]? 
 A:",False
four limbs|Lizard,"Q: Is the property [is female] true for the concept [book]? 
 A: False 
 Q: Is the property [can be digital] true for the concept [book] 
 A: True 
 In one word True/False, answer the following question Q: Is the property [four limbs] true for [Lizard]? 
 A:",True
four limbs|Nail,"Q: Is the property [is female] true for the concept [book]? 
 A: False 
 Q: Is the property [can be digital] true for the concept [book] 
 A: True 
 In one word True/False, answer the following question Q: Is the property [four limbs] true for [Nail]? 
 A:",False
four limbs|Oil can,"Q: Is the property [is female] true for the concept [book]? 
 A: False 
 Q: Is the property [can be digital] true for the concept [book] 
 A: True 
 In one word True/False, answer the following question Q: Is the property [four limbs] true for [Oil can]? 
 A:",False
four limbs|Paint brush,"Q: Is the property [is female] true for the concept [book]? 
 A: False 
 Q: Is the property [can be digital] true for the concept [book] 
 A: True 
 In one word True/False, answer the following question Q: Is the property [four limbs] true for [Paint brush]? 
 A:",False
four limbs|Salamander,"Q: Is the property [is female] true for the concept [book]? 
 A: False 
 Q: Is the property [can be digital] true for the concept [book] 
 A: True 
 In one word True/False, answer the following question Q: Is the property [four limbs] true for [Salamander]? 
 A:",True
four limbs|Saw,"Q: Is the property [is female] true for the concept [book]? 
 A: False 
 Q: Is the property [can be digital] true for the concept [book] 
 A: True 
 In one word True/False, answer the following question Q: Is the property [four limbs] true for [Saw]? 
 A:",False
four limbs|Screwdriver,"Q: Is the property [is female] true for the concept [book]? 
 A: False 
 Q: Is the property [can be digital] true for the concept [book] 
 A: True 
 In one word True/False, answer the following question Q: Is the property [four limbs] true for [Screwdriver]? 
 A:",False
four limbs|Shovel,"Q: Is the property [is female] true for the concept [book]? 
 A: False 
 Q: Is the property [can be digital] true for the concept [book] 
 A: True 
 In one word True/False, answer the following question Q: Is the property [four limbs] true for [Shovel]? 
 A:",False
four limbs|Snake,"Q: Is the property [is female] true for the concept [book]? 
 A: False 
 Q: Is the property [can be digital] true for the concept [book] 
 A: True 
 In one word True/False, answer the following question Q: Is the property [four limbs] true for [Snake]? 
 A:",False
four limbs|Spanner,"Q: Is the property [is female] true for the concept [book]? 
 A: False 
 Q: Is the property [can be digital] true for the concept [book] 
 A: True 
 In one word True/False, answer the following question Q: Is the property [four limbs] true for [Spanner]? 
 A:",False
four limbs|Toad,"Q: Is the property [is female] true for the concept [book]? 
 A: False 
 Q: Is the property [can be digital] true for the concept [book] 
 A: True 
 In one word True/False, answer the following question Q: Is the property [four limbs] true for [Toad]? 
 A:",True
four limbs|Tortoise,"Q: Is the property [is female] true for the concept [book]? 
 A: False 
 Q: Is the property [can be digital] true for the concept [book] 
 A: True 
 In one word True/False, answer the following question Q: Is the property [four limbs] true for [Tortoise]? 
 A:",True
four limbs|Turtle,"Q: Is the property [is female] true for the concept [book]? 
 A: False 
 Q: Is the property [can be digital] true for the concept [book] 
 A: True 
 In one word True/False, answer the following question Q: Is the property [four limbs] true for [Turtle]? 
 A:",True
four limbs|Vacuum,"Q: Is the property [is female] true for the concept [book]? 
 A: False 
 Q: Is the property [can be digital] true for the concept [book] 
 A: True 
 In one word True/False, answer the following question Q: Is the property [four limbs] true for [Vacuum]? 
 A:",False
grip|Alligator,"Q: Is the property [is female] true for the concept [book]? 
 A: False 
 Q: Is the property [can be digital] true for the concept [book] 
 A: True 
 In one word True/False, answer the following question Q: Is the property [grip] true for [Alligator]? 
 A:",True
grip|Anvil,"Q: Is the property [is female] true for the concept [book]? 
 A: False 
 Q: Is the property [can be digital] true for the concept [book] 
 A: True 
 In one word True/False, answer the following question Q: Is the property [grip] true for [Anvil]? 
 A:",True
grip|Axe,"Q: Is the property [is female] true for the concept [book]? 
 A: False 
 Q: Is the property [can be digital] true for the concept [book] 
 A: True 
 In one word True/False, answer the following question Q: Is the property [grip] true for [Axe]? 
 A:",True
grip|Blindworm,"Q: Is the property [is female] true for the concept [book]? 
 A: False 
 Q: Is the property [can be digital] true for the concept [book] 
 A: True 
 In one word True/False, answer the following question Q: Is the property [grip] true for [Blindworm]? 
 A:",False
grip|Boa python,"Q: Is the property [is female] true for the concept [book]? 
 A: False 
 Q: Is the property [can be digital] true for the concept [book] 
 A: True 
 In one word True/False, answer the following question Q: Is the property [grip] true for [Boa python]? 
 A:",False
grip|Caiman,"Q: Is the property [is female] true for the concept [book]? 
 A: False 
 Q: Is the property [can be digital] true for the concept [book] 
 A: True 
 In one word True/False, answer the following question Q: Is the property [grip] true for [Caiman]? 
 A:",True
grip|Chameleon,"Q: Is the property [is female] true for the concept [book]? 
 A: False 
 Q: Is the property [can be digital] true for the concept [book] 
 A: True 
 In one word True/False, answer the following question Q: Is the property [grip] true for [Chameleon]? 
 A:",False
grip|Chisel,"Q: Is the property [is female] true for the concept [book]? 
 A: False 
 Q: Is the property [can be digital] true for the concept [book] 
 A: True 
 In one word True/False, answer the following question Q: Is the property [grip] true for [Chisel]? 
 A:",True
grip|Cobra,"Q: Is the property [is female] true for the concept [book]? 
 A: False 
 Q: Is the property [can be digital] true for the concept [book] 
 A: True 
 In one word True/False, answer the following question Q: Is the property [grip] true for [Cobra]? 
 A:",False
grip|Crocodile,"Q: Is the property [is female] true for the concept [book]? 
 A: False 
 Q: Is the property [can be digital] true for the concept [book] 
 A: True 
 In one word True/False, answer the following question Q: Is the property [grip] true for [Crocodile]? 
 A:",True
grip|Dinosaur,"Q: Is the property [is female] true for the concept [book]? 
 A: False 
 Q: Is the property [can be digital] true for the concept [book] 
 A: True 
 In one word True/False, answer the following question Q: Is the property [grip] true for [Dinosaur]? 
 A:",False
grip|Gecko,"Q: Is the property [is female] true for the concept [book]? 
 A: False 
 Q: Is the property [can be digital] true for the concept [book] 
 A: True 
 In one word True/False, answer the following question Q: Is the property [grip] true for [Gecko]? 
 A:",True
grip|Grinding disk,"Q: Is the property [is female] true for the concept [book]? 
 A: False 
 Q: Is the property [can be digital] true for the concept [book] 
 A: True 
 In one word True/False, answer the following question Q: Is the property [grip] true for [Grinding disk]? 
 A:",True
grip|Hammer,"Q: Is the property [is female] true for the concept [book]? 
 A: False 
 Q: Is the property [can be digital] true for the concept [book] 
 A: True 
 In one word True/False, answer the following question Q: Is the property [grip] true for [Hammer]? 
 A:",True
grip|Knife,"Q: Is the property [is female] true for the concept [book]? 
 A: False 
 Q: Is the property [can be digital] true for the concept [book] 
 A: True 
 In one word True/False, answer the following question Q: Is the property [grip] true for [Knife]? 
 A:",True
grip|Lawn Mower,"Q: Is the property [is female] true for the concept [book]? 
 A: False 
 Q: Is the property [can be digital] true for the concept [book] 
 A: True 
 In one word True/False, answer the following question Q: Is the property [grip] true for [Lawn Mower]? 
 A:",True
grip|Lizard,"Q: Is the property [is female] true for the concept [book]? 
 A: False 
 Q: Is the property [can be digital] true for the concept [book] 
 A: True 
 In one word True/False, answer the following question Q: Is the property [grip] true for [Lizard]? 
 A:",False
grip|Nail,"Q: Is the property [is female] true for the concept [book]? 
 A: False 
 Q: Is the property [can be digital] true for the concept [book] 
 A: True 
 In one word True/False, answer the following question Q: Is the property [grip] true for [Nail]? 
 A:",True
grip|Oil can,"Q: Is the property [is female] true for the concept [book]? 
 A: False 
 Q: Is the property [can be digital] true for the concept [book] 
 A: True 
 In one word True/False, answer the following question Q: Is the property [grip] true for [Oil can]? 
 A:",True
grip|Paint brush,"Q: Is the property [is female] true for the concept [book]? 
 A: False 
 Q: Is the property [can be digital] true for the concept [book] 
 A: True 
 In one word True/False, answer the following question Q: Is the property [grip] true for [Paint brush]? 
 A:",True
grip|Salamander,"Q: Is the property [is female] true for the concept [book]? 
 A: False 
 Q: Is the property [can be digital] true for the concept [book] 
 A: True 
 In one word True/False, answer the following question Q: Is the property [grip] true for [Salamander]? 
 A:",False
grip|Saw,"Q: Is the property [is female] true for the concept [book]? 
 A: False 
 Q: Is the property [can be digital] true for the concept [book] 
 A: True 
 In one word True/False, answer the following question Q: Is the property [grip] true for [Saw]? 
 A:",True
grip|Screwdriver,"Q: Is the property [is female] true for the concept [book]? 
 A: False 
 Q: Is the property [can be digital] true for the concept [book] 
 A: True 
 In one word True/False, answer the following question Q: Is the property [grip] true for [Screwdriver]? 
 A:",True
grip|Shovel,"Q: Is the property [is female] true for the concept [book]? 
 A: False 
 Q: Is the property [can be digital] true for the concept [book] 
 A: True 
 In one word True/False, answer the following question Q: Is the property [grip] true for [Shovel]? 
 A:",True
grip|Snake,"Q: Is the property [is female] true for the concept [book]? 
 A: False 
 Q: Is the property [can be digital] true for the concept [book] 
 A: True 
 In one word True/False, answer the following question Q: Is the property [grip] true for [Snake]? 
 A:",True
grip|Spanner,"Q: Is the property [is female] true for the concept [book]? 
 A: False 
 Q: Is the property [can be digital] true for the concept [book] 
 A: True 
 In one word True/False, answer the following question Q: Is the property [grip] true for [Spanner]? 
 A:",True
grip|Toad,"Q: Is the property [is female] true for the concept [book]? 
 A: False 
 Q: Is the property [can be digital] true for the concept [book] 
 A: True 
 In one word True/False, answer the following question Q: Is the property [grip] true for [Toad]? 
 A:",True
grip|Tortoise,"Q: Is the property [is female] true for the concept [book]? 
 A: False 
 Q: Is the property [can be digital] true for the concept [book] 
 A: True 
 In one word True/False, answer the following question Q: Is the property [grip] true for [Tortoise]? 
 A:",True
grip|Turtle,"Q: Is the property [is female] true for the concept [book]? 
 A: False 
 Q: Is the property [can be digital] true for the concept [book] 
 A: True 
 In one word True/False, answer the following question Q: Is the property [grip] true for [Turtle]? 
 A:",True
grip|Vacuum,"Q: Is the property [is female] true for the concept [book]? 
 A: False 
 Q: Is the property [can be digital] true for the concept [book] 
 A: True 
 In one word True/False, answer the following question Q: Is the property [grip] true for [Vacuum]? 
 A:",True
grip type|Alligator,"Q: Is the property [is female] true for the concept [book]? 
 A: False 
 Q: Is the property [can be digital] true for the concept [book] 
 A: True 
 In one word True/False, answer the following question Q: Is the property [grip type] true for [Alligator]? 
 A:",False
grip type|Anvil,"Q: Is the property [is female] true for the concept [book]? 
 A: False 
 Q: Is the property [can be digital] true for the concept [book] 
 A: True 
 In one word True/False, answer the following question Q: Is the property [grip type] true for [Anvil]? 
 A:",False
grip type|Axe,"Q: Is the property [is female] true for the concept [book]? 
 A: False 
 Q: Is the property [can be digital] true for the concept [book] 
 A: True 
 In one word True/False, answer the following question Q: Is the property [grip type] true for [Axe]? 
 A:",False
grip type|Blindworm,"Q: Is the property [is female] true for the concept [book]? 
 A: False 
 Q: Is the property [can be digital] true for the concept [book] 
 A: True 
 In one word True/False, answer the following question Q: Is the property [grip type] true for [Blindworm]? 
 A:",False
grip type|Boa python,"Q: Is the property [is female] true for the concept [book]? 
 A: False 
 Q: Is the property [can be digital] true for the concept [book] 
 A: True 
 In one word True/False, answer the following question Q: Is the property [grip type] true for [Boa python]? 
 A:",False
grip type|Caiman,"Q: Is the property [is female] true for the concept [book]? 
 A: False 
 Q: Is the property [can be digital] true for the concept [book] 
 A: True 
 In one word True/False, answer the following question Q: Is the property [grip type] true for [Caiman]? 
 A:",False
grip type|Chameleon,"Q: Is the property [is female] true for the concept [book]? 
 A: False 
 Q: Is the property [can be digital] true for the concept [book] 
 A: True 
 In one word True/False, answer the following question Q: Is the property [grip type] true for [Chameleon]? 
 A:",False
grip type|Chisel,"Q: Is the property [is female] true for the concept [book]? 
 A: False 
 Q: Is the property [can be digital] true for the concept [book] 
 A: True 
 In one word True/False, answer the following question Q: Is the property [grip type] true for [Chisel]? 
 A:",False
grip type|Cobra,"Q: Is the property [is female] true for the concept [book]? 
 A: False 
 Q: Is the property [can be digital] true for the concept [book] 
 A: True 
 In one word True/False, answer the following question Q: Is the property [grip type] true for [Cobra]? 
 A:",False
grip type|Crocodile,"Q: Is the property [is female] true for the concept [book]? 
 A: False 
 Q: Is the property [can be digital] true for the concept [book] 
 A: True 
 In one word True/False, answer the following question Q: Is the property [grip type] true for [Crocodile]? 
 A:",False
grip type|Dinosaur,"Q: Is the property [is female] true for the concept [book]? 
 A: False 
 Q: Is the property [can be digital] true for the concept [book] 
 A: True 
 In one word True/False, answer the following question Q: Is the property [grip type] true for [Dinosaur]? 
 A:",False
grip type|Gecko,"Q: Is the property [is female] true for the concept [book]? 
 A: False 
 Q: Is the property [can be digital] true for the concept [book] 
 A: True 
 In one word True/False, answer the following question Q: Is the property [grip type] true for [Gecko]? 
 A:",False
grip type|Grinding disk,"Q: Is the property [is female] true for the concept [book]? 
 A: False 
 Q: Is the property [can be digital] true for the concept [book] 
 A: True 
 In one word True/False, answer the following question Q: Is the property [grip type] true for [Grinding disk]? 
 A:",False
grip type|Hammer,"Q: Is the property [is female] true for the concept [book]? 
 A: False 
 Q: Is the property [can be digital] true for the concept [book] 
 A: True 
 In one word True/False, answer the following question Q: Is the property [grip type] true for [Hammer]? 
 A:",True
grip type|Knife,"Q: Is the property [is female] true for the concept [book]? 
 A: False 
 Q: Is the property [can be digital] true for the concept [book] 
 A: True 
 In one word True/False, answer the following question Q: Is the property [grip type] true for [Knife]? 
 A:",False
grip type|Lawn Mower,"Q: Is the property [is female] true for the concept [book]? 
 A: False 
 Q: Is the property [can be digital] true for the concept [book] 
 A: True 
 In one word True/False, answer the following question Q: Is the property [grip type] true for [Lawn Mower]? 
 A:",False
grip type|Lizard,"Q: Is the property [is female] true for the concept [book]? 
 A: False 
 Q: Is the property [can be digital] true for the concept [book] 
 A: True 
 In one word True/False, answer the following question Q: Is the property [grip type] true for [Lizard]? 
 A:",False
grip type|Nail,"Q: Is the property [is female] true for the concept [book]? 
 A: False 
 Q: Is the property [can be digital] true for the concept [book] 
 A: True 
 In one word True/False, answer the following question Q: Is the property [grip type] true for [Nail]? 
 A:",False
grip type|Oil can,"Q: Is the property [is female] true for the concept [book]? 
 A: False 
 Q: Is the property [can be digital] true for the concept [book] 
 A: True 
 In one word True/False, answer the following question Q: Is the property [grip type] true for [Oil can]? 
 A:",False
grip type|Paint brush,"Q: Is the property [is female] true for the concept [book]? 
 A: False 
 Q: Is the property [can be digital] true for the concept [book] 
 A: True 
 In one word True/False, answer the following question Q: Is the property [grip type] true for [Paint brush]? 
 A:",False
grip type|Salamander,"Q: Is the property [is female] true for the concept [book]? 
 A: False 
 Q: Is the property [can be digital] true for the concept [book] 
 A: True 
 In one word True/False, answer the following question Q: Is the property [grip type] true for [Salamander]? 
 A:",False
grip type|Saw,"Q: Is the property [is female] true for the concept [book]? 
 A: False 
 Q: Is the property [can be digital] true for the concept [book] 
 A: True 
 In one word True/False, answer the following question Q: Is the property [grip type] true for [Saw]? 
 A:",False
grip type|Screwdriver,"Q: Is the property [is female] true for the concept [book]? 
 A: False 
 Q: Is the property [can be digital] true for the concept [book] 
 A: True 
 In one word True/False, answer the following question Q: Is the property [grip type] true for [Screwdriver]? 
 A:",True
grip type|Shovel,"Q: Is the property [is female] true for the concept [book]? 
 A: False 
 Q: Is the property [can be digital] true for the concept [book] 
 A: True 
 In one word True/False, answer the following question Q: Is the property [grip type] true for [Shovel]? 
 A:",True
grip type|Snake,"Q: Is the property [is female] true for the concept [book]? 
 A: False 
 Q: Is the property [can be digital] true for the concept [book] 
 A: True 
 In one word True/False, answer the following question Q: Is the property [grip type] true for [Snake]? 
 A:",False
grip type|Spanner,"Q: Is the property [is female] true for the concept [book]? 
 A: False 
 Q: Is the property [can be digital] true for the concept [book] 
 A: True 
 In one word True/False, answer the following question Q: Is the property [grip type] true for [Spanner]? 
 A:",False
grip type|Toad,"Q: Is the property [is female] true for the concept [book]? 
 A: False 
 Q: Is the property [can be digital] true for the concept [book] 
 A: True 
 In one word True/False, answer the following question Q: Is the property [grip type] true for [Toad]? 
 A:",False
grip type|Tortoise,"Q: Is the property [is female] true for the concept [book]? 
 A: False 
 Q: Is the property [can be digital] true for the concept [book] 
 A: True 
 In one word True/False, answer the following question Q: Is the property [grip type] true for [Tortoise]? 
 A:",False
grip type|Turtle,"Q: Is the property [is female] true for the concept [book]? 
 A: False 
 Q: Is the property [can be digital] true for the concept [book] 
 A: True 
 In one word True/False, answer the following question Q: Is the property [grip type] true for [Turtle]? 
 A:",False
grip type|Vacuum,"Q: Is the property [is female] true for the concept [book]? 
 A: False 
 Q: Is the property [can be digital] true for the concept [book] 
 A: True 
 In one word True/False, answer the following question Q: Is the property [grip type] true for [Vacuum]? 
 A:",False
handle|Alligator,"Q: Is the property [is female] true for the concept [book]? 
 A: False 
 Q: Is the property [can be digital] true for the concept [book] 
 A: True 
 In one word True/False, answer the following question Q: Is the property [handle] true for [Alligator]? 
 A:",True
handle|Anvil,"Q: Is the property [is female] true for the concept [book]? 
 A: False 
 Q: Is the property [can be digital] true for the concept [book] 
 A: True 
 In one word True/False, answer the following question Q: Is the property [handle] true for [Anvil]? 
 A:",True
handle|Axe,"Q: Is the property [is female] true for the concept [book]? 
 A: False 
 Q: Is the property [can be digital] true for the concept [book] 
 A: True 
 In one word True/False, answer the following question Q: Is the property [handle] true for [Axe]? 
 A:",True
handle|Blindworm,"Q: Is the property [is female] true for the concept [book]? 
 A: False 
 Q: Is the property [can be digital] true for the concept [book] 
 A: True 
 In one word True/False, answer the following question Q: Is the property [handle] true for [Blindworm]? 
 A:",False
handle|Boa python,"Q: Is the property [is female] true for the concept [book]? 
 A: False 
 Q: Is the property [can be digital] true for the concept [book] 
 A: True 
 In one word True/False, answer the following question Q: Is the property [handle] true for [Boa python]? 
 A:",False
handle|Caiman,"Q: Is the property [is female] true for the concept [book]? 
 A: False 
 Q: Is the property [can be digital] true for the concept [book] 
 A: True 
 In one word True/False, answer the following question Q: Is the property [handle] true for [Caiman]? 
 A:",True
handle|Chameleon,"Q: Is the property [is female] true for the concept [book]? 
 A: False 
 Q: Is the property [can be digital] true for the concept [book] 
 A: True 
 In one word True/False, answer the following question Q: Is the property [handle] true for [Chameleon]? 
 A:",False
handle|Chisel,"Q: Is the property [is female] true for the concept [book]? 
 A: False 
 Q: Is the property [can be digital] true for the concept [book] 
 A: True 
 In one word True/False, answer the following question Q: Is the property [handle] true for [Chisel]? 
 A:",True
handle|Cobra,"Q: Is the property [is female] true for the concept [book]? 
 A: False 
 Q: Is the property [can be digital] true for the concept [book] 
 A: True 
 In one word True/False, answer the following question Q: Is the property [handle] true for [Cobra]? 
 A:",False
handle|Crocodile,"Q: Is the property [is female] true for the concept [book]? 
 A: False 
 Q: Is the property [can be digital] true for the concept [book] 
 A: True 
 In one word True/False, answer the following question Q: Is the property [handle] true for [Crocodile]? 
 A:",False
handle|Dinosaur,"Q: Is the property [is female] true for the concept [book]? 
 A: False 
 Q: Is the property [can be digital] true for the concept [book] 
 A: True 
 In one word True/False, answer the following question Q: Is the property [handle] true for [Dinosaur]? 
 A:",False
handle|Gecko,"Q: Is the property [is female] true for the concept [book]? 
 A: False 
 Q: Is the property [can be digital] true for the concept [book] 
 A: True 
 In one word True/False, answer the following question Q: Is the property [handle] true for [Gecko]? 
 A:",False
handle|Grinding disk,"Q: Is the property [is female] true for the concept [book]? 
 A: False 
 Q: Is the property [can be digital] true for the concept [book] 
 A: True 
 In one word True/False, answer the following question Q: Is the property [handle] true for [Grinding disk]? 
 A:",False
handle|Hammer,"Q: Is the property [is female] true for the concept [book]? 
 A: False 
 Q: Is the property [can be digital] true for the concept [book] 
 A: True 
 In one word True/False, answer the following question Q: Is the property [handle] true for [Hammer]? 
 A:",True
handle|Knife,"Q: Is the property [is female] true for the concept [book]? 
 A: False 
 Q: Is the property [can be digital] true for the concept [book] 
 A: True 
 In one word True/False, answer the following question Q: Is the property [handle] true for [Knife]? 
 A:",True
handle|Lawn Mower,"Q: Is the property [is female] true for the concept [book]? 
 A: False 
 Q: Is the property [can be digital] true for the concept [book] 
 A: True 
 In one word True/False, answer the following question Q: Is the property [handle] true for [Lawn Mower]? 
 A:",True
handle|Lizard,"Q: Is the property [is female] true for the concept [book]? 
 A: False 
 Q: Is the property [can be digital] true for the concept [book] 
 A: True 
 In one word True/False, answer the following question Q: Is the property [handle] true for [Lizard]? 
 A:",False
handle|Nail,"Q: Is the property [is female] true for the concept [book]? 
 A: False 
 Q: Is the property [can be digital] true for the concept [book] 
 A: True 
 In one word True/False, answer the following question Q: Is the property [handle] true for [Nail]? 
 A:",False
handle|Oil can,"Q: Is the property [is female] true for the concept [book]? 
 A: False 
 Q: Is the property [can be digital] true for the concept [book] 
 A: True 
 In one word True/False, answer the following question Q: Is the property [handle] true for [Oil can]? 
 A:",True
handle|Paint brush,"Q: Is the property [is female] true for the concept [book]? 
 A: False 
 Q: Is the property [can be digital] true for the concept [book] 
 A: True 
 In one word True/False, answer the following question Q: Is the property [handle] true for [Paint brush]? 
 A:",True
handle|Salamander,"Q: Is the property [is female] true for the concept [book]? 
 A: False 
 Q: Is the property [can be digital] true for the concept [book] 
 A: True 
 In one word True/False, answer the following question Q: Is the property [handle] true for [Salamander]? 
 A:",False
handle|Saw,"Q: Is the property [is female] true for the concept [book]? 
 A: False 
 Q: Is the property [can be digital] true for the concept [book] 
 A: True 
 In one word True/False, answer the following question Q: Is the property [handle] true for [Saw]? 
 A:",True
handle|Screwdriver,"Q: Is the property [is female] true for the concept [book]? 
 A: False 
 Q: Is the property [can be digital] true for the concept [book] 
 A: True 
 In one word True/False, answer the following question Q: Is the property [handle] true for [Screwdriver]? 
 A:",True
handle|Shovel,"Q: Is the property [is female] true for the concept [book]? 
 A: False 
 Q: Is the property [can be digital] true for the concept [book] 
 A: True 
 In one word True/False, answer the following question Q: Is the property [handle] true for [Shovel]? 
 A:",True
handle|Snake,"Q: Is the property [is female] true for the concept [book]? 
 A: False 
 Q: Is the property [can be digital] true for the concept [book] 
 A: True 
 In one word True/False, answer the following question Q: Is the property [handle] true for [Snake]? 
 A:",False
handle|Spanner,"Q: Is the property [is female] true for the concept [book]? 
 A: False 
 Q: Is the property [can be digital] true for the concept [book] 
 A: True 
 In one word True/False, answer the following question Q: Is the property [handle] true for [Spanner]? 
 A:",True
handle|Toad,"Q: Is the property [is female] true for the concept [book]? 
 A: False 
 Q: Is the property [can be digital] true for the concept [book] 
 A: True 
 In one word True/False, answer the following question Q: Is the property [handle] true for [Toad]? 
 A:",True
handle|Tortoise,"Q: Is the property [is female] true for the concept [book]? 
 A: False 
 Q: Is the property [can be digital] true for the concept [book] 
 A: True 
 In one word True/False, answer the following question Q: Is the property [handle] true for [Tortoise]? 
 A:",True
handle|Turtle,"Q: Is the property [is female] true for the concept [book]? 
 A: False 
 Q: Is the property [can be digital] true for the concept [book] 
 A: True 
 In one word True/False, answer the following question Q: Is the property [handle] true for [Turtle]? 
 A:",True
handle|Vacuum,"Q: Is the property [is female] true for the concept [book]? 
 A: False 
 Q: Is the property [can be digital] true for the concept [book] 
 A: True 
 In one word True/False, answer the following question Q: Is the property [handle] true for [Vacuum]? 
 A:",True
handle made of wood or plastic|Alligator,"Q: Is the property [is female] true for the concept [book]? 
 A: False 
 Q: Is the property [can be digital] true for the concept [book] 
 A: True 
 In one word True/False, answer the following question Q: Is the property [handle made of wood or plastic] true for [Alligator]? 
 A:",False
handle made of wood or plastic|Anvil,"Q: Is the property [is female] true for the concept [book]? 
 A: False 
 Q: Is the property [can be digital] true for the concept [book] 
 A: True 
 In one word True/False, answer the following question Q: Is the property [handle made of wood or plastic] true for [Anvil]? 
 A:",False
handle made of wood or plastic|Axe,"Q: Is the property [is female] true for the concept [book]? 
 A: False 
 Q: Is the property [can be digital] true for the concept [book] 
 A: True 
 In one word True/False, answer the following question Q: Is the property [handle made of wood or plastic] true for [Axe]? 
 A:",True
handle made of wood or plastic|Blindworm,"Q: Is the property [is female] true for the concept [book]? 
 A: False 
 Q: Is the property [can be digital] true for the concept [book] 
 A: True 
 In one word True/False, answer the following question Q: Is the property [handle made of wood or plastic] true for [Blindworm]? 
 A:",False
handle made of wood or plastic|Boa python,"Q: Is the property [is female] true for the concept [book]? 
 A: False 
 Q: Is the property [can be digital] true for the concept [book] 
 A: True 
 In one word True/False, answer the following question Q: Is the property [handle made of wood or plastic] true for [Boa python]? 
 A:",False
handle made of wood or plastic|Caiman,"Q: Is the property [is female] true for the concept [book]? 
 A: False 
 Q: Is the property [can be digital] true for the concept [book] 
 A: True 
 In one word True/False, answer the following question Q: Is the property [handle made of wood or plastic] true for [Caiman]? 
 A:",False
handle made of wood or plastic|Chameleon,"Q: Is the property [is female] true for the concept [book]? 
 A: False 
 Q: Is the property [can be digital] true for the concept [book] 
 A: True 
 In one word True/False, answer the following question Q: Is the property [handle made of wood or plastic] true for [Chameleon]? 
 A:",False
handle made of wood or plastic|Chisel,"Q: Is the property [is female] true for the concept [book]? 
 A: False 
 Q: Is the property [can be digital] true for the concept [book] 
 A: True 
 In one word True/False, answer the following question Q: Is the property [handle made of wood or plastic] true for [Chisel]? 
 A:",True
handle made of wood or plastic|Cobra,"Q: Is the property [is female] true for the concept [book]? 
 A: False 
 Q: Is the property [can be digital] true for the concept [book] 
 A: True 
 In one word True/False, answer the following question Q: Is the property [handle made of wood or plastic] true for [Cobra]? 
 A:",False
handle made of wood or plastic|Crocodile,"Q: Is the property [is female] true for the concept [book]? 
 A: False 
 Q: Is the property [can be digital] true for the concept [book] 
 A: True 
 In one word True/False, answer the following question Q: Is the property [handle made of wood or plastic] true for [Crocodile]? 
 A:",False
handle made of wood or plastic|Dinosaur,"Q: Is the property [is female] true for the concept [book]? 
 A: False 
 Q: Is the property [can be digital] true for the concept [book] 
 A: True 
 In one word True/False, answer the following question Q: Is the property [handle made of wood or plastic] true for [Dinosaur]? 
 A:",False
handle made of wood or plastic|Gecko,"Q: Is the property [is female] true for the concept [book]? 
 A: False 
 Q: Is the property [can be digital] true for the concept [book] 
 A: True 
 In one word True/False, answer the following question Q: Is the property [handle made of wood or plastic] true for [Gecko]? 
 A:",False
handle made of wood or plastic|Grinding disk,"Q: Is the property [is female] true for the concept [book]? 
 A: False 
 Q: Is the property [can be digital] true for the concept [book] 
 A: True 
 In one word True/False, answer the following question Q: Is the property [handle made of wood or plastic] true for [Grinding disk]? 
 A:",False
handle made of wood or plastic|Hammer,"Q: Is the property [is female] true for the concept [book]? 
 A: False 
 Q: Is the property [can be digital] true for the concept [book] 
 A: True 
 In one word True/False, answer the following question Q: Is the property [handle made of wood or plastic] true for [Hammer]? 
 A:",True
handle made of wood or plastic|Knife,"Q: Is the property [is female] true for the concept [book]? 
 A: False 
 Q: Is the property [can be digital] true for the concept [book] 
 A: True 
 In one word True/False, answer the following question Q: Is the property [handle made of wood or plastic] true for [Knife]? 
 A:",True
handle made of wood or plastic|Lawn Mower,"Q: Is the property [is female] true for the concept [book]? 
 A: False 
 Q: Is the property [can be digital] true for the concept [book] 
 A: True 
 In one word True/False, answer the following question Q: Is the property [handle made of wood or plastic] true for [Lawn Mower]? 
 A:",True
handle made of wood or plastic|Lizard,"Q: Is the property [is female] true for the concept [book]? 
 A: False 
 Q: Is the property [can be digital] true for the concept [book] 
 A: True 
 In one word True/False, answer the following question Q: Is the property [handle made of wood or plastic] true for [Lizard]? 
 A:",False
handle made of wood or plastic|Nail,"Q: Is the property [is female] true for the concept [book]? 
 A: False 
 Q: Is the property [can be digital] true for the concept [book] 
 A: True 
 In one word True/False, answer the following question Q: Is the property [handle made of wood or plastic] true for [Nail]? 
 A:",False
handle made of wood or plastic|Oil can,"Q: Is the property [is female] true for the concept [book]? 
 A: False 
 Q: Is the property [can be digital] true for the concept [book] 
 A: True 
 In one word True/False, answer the following question Q: Is the property [handle made of wood or plastic] true for [Oil can]? 
 A:",True
handle made of wood or plastic|Paint brush,"Q: Is the property [is female] true for the concept [book]? 
 A: False 
 Q: Is the property [can be digital] true for the concept [book] 
 A: True 
 In one word True/False, answer the following question Q: Is the property [handle made of wood or plastic] true for [Paint brush]? 
 A:",True
handle made of wood or plastic|Salamander,"Q: Is the property [is female] true for the concept [book]? 
 A: False 
 Q: Is the property [can be digital] true for the concept [book] 
 A: True 
 In one word True/False, answer the following question Q: Is the property [handle made of wood or plastic] true for [Salamander]? 
 A:",False
handle made of wood or plastic|Saw,"Q: Is the property [is female] true for the concept [book]? 
 A: False 
 Q: Is the property [can be digital] true for the concept [book] 
 A: True 
 In one word True/False, answer the following question Q: Is the property [handle made of wood or plastic] true for [Saw]? 
 A:",True
handle made of wood or plastic|Screwdriver,"Q: Is the property [is female] true for the concept [book]? 
 A: False 
 Q: Is the property [can be digital] true for the concept [book] 
 A: True 
 In one word True/False, answer the following question Q: Is the property [handle made of wood or plastic] true for [Screwdriver]? 
 A:",True
handle made of wood or plastic|Shovel,"Q: Is the property [is female] true for the concept [book]? 
 A: False 
 Q: Is the property [can be digital] true for the concept [book] 
 A: True 
 In one word True/False, answer the following question Q: Is the property [handle made of wood or plastic] true for [Shovel]? 
 A:",True
handle made of wood or plastic|Snake,"Q: Is the property [is female] true for the concept [book]? 
 A: False 
 Q: Is the property [can be digital] true for the concept [book] 
 A: True 
 In one word True/False, answer the following question Q: Is the property [handle made of wood or plastic] true for [Snake]? 
 A:",False
handle made of wood or plastic|Spanner,"Q: Is the property [is female] true for the concept [book]? 
 A: False 
 Q: Is the property [can be digital] true for the concept [book] 
 A: True 
 In one word True/False, answer the following question Q: Is the property [handle made of wood or plastic] true for [Spanner]? 
 A:",True
handle made of wood or plastic|Toad,"Q: Is the property [is female] true for the concept [book]? 
 A: False 
 Q: Is the property [can be digital] true for the concept [book] 
 A: True 
 In one word True/False, answer the following question Q: Is the property [handle made of wood or plastic] true for [Toad]? 
 A:",False
handle made of wood or plastic|Tortoise,"Q: Is the property [is female] true for the concept [book]? 
 A: False 
 Q: Is the property [can be digital] true for the concept [book] 
 A: True 
 In one word True/False, answer the following question Q: Is the property [handle made of wood or plastic] true for [Tortoise]? 
 A:",False
handle made of wood or plastic|Turtle,"Q: Is the property [is female] true for the concept [book]? 
 A: False 
 Q: Is the property [can be digital] true for the concept [book] 
 A: True 
 In one word True/False, answer the following question Q: Is the property [handle made of wood or plastic] true for [Turtle]? 
 A:",True
handle made of wood or plastic|Vacuum,"Q: Is the property [is female] true for the concept [book]? 
 A: False 
 Q: Is the property [can be digital] true for the concept [book] 
 A: True 
 In one word True/False, answer the following question Q: Is the property [handle made of wood or plastic] true for [Vacuum]? 
 A:",False
handle material|Alligator,"Q: Is the property [is female] true for the concept [book]? 
 A: False 
 Q: Is the property [can be digital] true for the concept [book] 
 A: True 
 In one word True/False, answer the following question Q: Is the property [handle material] true for [Alligator]? 
 A:",False
handle material|Anvil,"Q: Is the property [is female] true for the concept [book]? 
 A: False 
 Q: Is the property [can be digital] true for the concept [book] 
 A: True 
 In one word True/False, answer the following question Q: Is the property [handle material] true for [Anvil]? 
 A:",True
handle material|Axe,"Q: Is the property [is female] true for the concept [book]? 
 A: False 
 Q: Is the property [can be digital] true for the concept [book] 
 A: True 
 In one word True/False, answer the following question Q: Is the property [handle material] true for [Axe]? 
 A:",True
handle material|Blindworm,"Q: Is the property [is female] true for the concept [book]? 
 A: False 
 Q: Is the property [can be digital] true for the concept [book] 
 A: True 
 In one word True/False, answer the following question Q: Is the property [handle material] true for [Blindworm]? 
 A:",False
handle material|Boa python,"Q: Is the property [is female] true for the concept [book]? 
 A: False 
 Q: Is the property [can be digital] true for the concept [book] 
 A: True 
 In one word True/False, answer the following question Q: Is the property [handle material] true for [Boa python]? 
 A:",False
handle material|Caiman,"Q: Is the property [is female] true for the concept [book]? 
 A: False 
 Q: Is the property [can be digital] true for the concept [book] 
 A: True 
 In one word True/False, answer the following question Q: Is the property [handle material] true for [Caiman]? 
 A:",False
handle material|Chameleon,"Q: Is the property [is female] true for the concept [book]? 
 A: False 
 Q: Is the property [can be digital] true for the concept [book] 
 A: True 
 In one word True/False, answer the following question Q: Is the property [handle material] true for [Chameleon]? 
 A:",False
handle material|Chisel,"Q: Is the property [is female] true for the concept [book]? 
 A: False 
 Q: Is the property [can be digital] true for the concept [book] 
 A: True 
 In one word True/False, answer the following question Q: Is the property [handle material] true for [Chisel]? 
 A:",True
handle material|Cobra,"Q: Is the property [is female] true for the concept [book]? 
 A: False 
 Q: Is the property [can be digital] true for the concept [book] 
 A: True 
 In one word True/False, answer the following question Q: Is the property [handle material] true for [Cobra]? 
 A:",False
handle material|Crocodile,"Q: Is the property [is female] true for the concept [book]? 
 A: False 
 Q: Is the property [can be digital] true for the concept [book] 
 A: True 
 In one word True/False, answer the following question Q: Is the property [handle material] true for [Crocodile]? 
 A:",False
handle material|Dinosaur,"Q: Is the property [is female] true for the concept [book]? 
 A: False 
 Q: Is the property [can be digital] true for the concept [book] 
 A: True 
 In one word True/False, answer the following question Q: Is the property [handle material] true for [Dinosaur]? 
 A:",False
handle material|Gecko,"Q: Is the property [is female] true for the concept [book]? 
 A: False 
 Q: Is the property [can be digital] true for the concept [book] 
 A: True 
 In one word True/False, answer the following question Q: Is the property [handle material] true for [Gecko]? 
 A:",False
handle material|Grinding disk,"Q: Is the property [is female] true for the concept [book]? 
 A: False 
 Q: Is the property [can be digital] true for the concept [book] 
 A: True 
 In one word True/False, answer the following question Q: Is the property [handle material] true for [Grinding disk]? 
 A:",False
handle material|Hammer,"Q: Is the property [is female] true for the concept [book]? 
 A: False 
 Q: Is the property [can be digital] true for the concept [book] 
 A: True 
 In one word True/False, answer the following question Q: Is the property [handle material] true for [Hammer]? 
 A:",True
handle material|Knife,"Q: Is the property [is female] true for the concept [book]? 
 A: False 
 Q: Is the property [can be digital] true for the concept [book] 
 A: True 
 In one word True/False, answer the following question Q: Is the property [handle material] true for [Knife]? 
 A:",True
handle material|Lawn Mower,"Q: Is the property [is female] true for the concept [book]? 
 A: False 
 Q: Is the property [can be digital] true for the concept [book] 
 A: True 
 In one word True/False, answer the following question Q: Is the property [handle material] true for [Lawn Mower]? 
 A:",True
handle material|Lizard,"Q: Is the property [is female] true for the concept [book]? 
 A: False 
 Q: Is the property [can be digital] true for the concept [book] 
 A: True 
 In one word True/False, answer the following question Q: Is the property [handle material] true for [Lizard]? 
 A:",False
handle material|Nail,"Q: Is the property [is female] true for the concept [book]? 
 A: False 
 Q: Is the property [can be digital] true for the concept [book] 
 A: True 
 In one word True/False, answer the following question Q: Is the property [handle material] true for [Nail]? 
 A:",False
handle material|Oil can,"Q: Is the property [is female] true for the concept [book]? 
 A: False 
 Q: Is the property [can be digital] true for the concept [book] 
 A: True 
 In one word True/False, answer the following question Q: Is the property [handle material] true for [Oil can]? 
 A:",True
handle material|Paint brush,"Q: Is the property [is female] true for the concept [book]? 
 A: False 
 Q: Is the property [can be digital] true for the concept [book] 
 A: True 
 In one word True/False, answer the following question Q: Is the property [handle material] true for [Paint brush]? 
 A:",True
handle material|Salamander,"Q: Is the property [is female] true for the concept [book]? 
 A: False 
 Q: Is the property [can be digital] true for the concept [book] 
 A: True 
 In one word True/False, answer the following question Q: Is the property [handle material] true for [Salamander]? 
 A:",False
handle material|Saw,"Q: Is the property [is female] true for the concept [book]? 
 A: False 
 Q: Is the property [can be digital] true for the concept [book] 
 A: True 
 In one word True/False, answer the following question Q: Is the property [handle material] true for [Saw]? 
 A:",True
handle material|Screwdriver,"Q: Is the property [is female] true for the concept [book]? 
 A: False 
 Q: Is the property [can be digital] true for the concept [book] 
 A: True 
 In one word True/False, answer the following question Q: Is the property [handle material] true for [Screwdriver]? 
 A:",True
handle material|Shovel,"Q: Is the property [is female] true for the concept [book]? 
 A: False 
 Q: Is the property [can be digital] true for the concept [book] 
 A: True 
 In one word True/False, answer the following question Q: Is the property [handle material] true for [Shovel]? 
 A:",True
handle material|Snake,"Q: Is the property [is female] true for the concept [book]? 
 A: False 
 Q: Is the property [can be digital] true for the concept [book] 
 A: True 
 In one word True/False, answer the following question Q: Is the property [handle material] true for [Snake]? 
 A:",False
handle material|Spanner,"Q: Is the property [is female] true for the concept [book]? 
 A: False 
 Q: Is the property [can be digital] true for the concept [book] 
 A: True 
 In one word True/False, answer the following question Q: Is the property [handle material] true for [Spanner]? 
 A:",True
handle material|Toad,"Q: Is the property [is female] true for the concept [book]? 
 A: False 
 Q: Is the property [can be digital] true for the concept [book] 
 A: True 
 In one word True/False, answer the following question Q: Is the property [handle material] true for [Toad]? 
 A:",False
handle material|Tortoise,"Q: Is the property [is female] true for the concept [book]? 
 A: False 
 Q: Is the property [can be digital] true for the concept [book] 
 A: True 
 In one word True/False, answer the following question Q: Is the property [handle material] true for [Tortoise]? 
 A:",False
handle material|Turtle,"Q: Is the property [is female] true for the concept [book]? 
 A: False 
 Q: Is the property [can be digital] true for the concept [book] 
 A: True 
 In one word True/False, answer the following question Q: Is the property [handle material] true for [Turtle]? 
 A:",True
handle material|Vacuum,"Q: Is the property [is female] true for the concept [book]? 
 A: False 
 Q: Is the property [can be digital] true for the concept [book] 
 A: True 
 In one word True/False, answer the following question Q: Is the property [handle material] true for [Vacuum]? 
 A:",False
hard|Alligator,"Q: Is the property [is female] true for the concept [book]? 
 A: False 
 Q: Is the property [can be digital] true for the concept [book] 
 A: True 
 In one word True/False, answer the following question Q: Is the property [hard] true for [Alligator]? 
 A:",True
hard|Anvil,"Q: Is the property [is female] true for the concept [book]? 
 A: False 
 Q: Is the property [can be digital] true for the concept [book] 
 A: True 
 In one word True/False, answer the following question Q: Is the property [hard] true for [Anvil]? 
 A:",True
hard|Axe,"Q: Is the property [is female] true for the concept [book]? 
 A: False 
 Q: Is the property [can be digital] true for the concept [book] 
 A: True 
 In one word True/False, answer the following question Q: Is the property [hard] true for [Axe]? 
 A:",True
hard|Blindworm,"Q: Is the property [is female] true for the concept [book]? 
 A: False 
 Q: Is the property [can be digital] true for the concept [book] 
 A: True 
 In one word True/False, answer the following question Q: Is the property [hard] true for [Blindworm]? 
 A:",False
hard|Boa python,"Q: Is the property [is female] true for the concept [book]? 
 A: False 
 Q: Is the property [can be digital] true for the concept [book] 
 A: True 
 In one word True/False, answer the following question Q: Is the property [hard] true for [Boa python]? 
 A:",True
hard|Caiman,"Q: Is the property [is female] true for the concept [book]? 
 A: False 
 Q: Is the property [can be digital] true for the concept [book] 
 A: True 
 In one word True/False, answer the following question Q: Is the property [hard] true for [Caiman]? 
 A:",False
hard|Chameleon,"Q: Is the property [is female] true for the concept [book]? 
 A: False 
 Q: Is the property [can be digital] true for the concept [book] 
 A: True 
 In one word True/False, answer the following question Q: Is the property [hard] true for [Chameleon]? 
 A:",False
hard|Chisel,"Q: Is the property [is female] true for the concept [book]? 
 A: False 
 Q: Is the property [can be digital] true for the concept [book] 
 A: True 
 In one word True/False, answer the following question Q: Is the property [hard] true for [Chisel]? 
 A:",True
hard|Cobra,"Q: Is the property [is female] true for the concept [book]? 
 A: False 
 Q: Is the property [can be digital] true for the concept [book] 
 A: True 
 In one word True/False, answer the following question Q: Is the property [hard] true for [Cobra]? 
 A:",False
hard|Crocodile,"Q: Is the property [is female] true for the concept [book]? 
 A: False 
 Q: Is the property [can be digital] true for the concept [book] 
 A: True 
 In one word True/False, answer the following question Q: Is the property [hard] true for [Crocodile]? 
 A:",True
hard|Dinosaur,"Q: Is the property [is female] true for the concept [book]? 
 A: False 
 Q: Is the property [can be digital] true for the concept [book] 
 A: True 
 In one word True/False, answer the following question Q: Is the property [hard] true for [Dinosaur]? 
 A:",True
hard|Gecko,"Q: Is the property [is female] true for the concept [book]? 
 A: False 
 Q: Is the property [can be digital] true for the concept [book] 
 A: True 
 In one word True/False, answer the following question Q: Is the property [hard] true for [Gecko]? 
 A:",False
hard|Grinding disk,"Q: Is the property [is female] true for the concept [book]? 
 A: False 
 Q: Is the property [can be digital] true for the concept [book] 
 A: True 
 In one word True/False, answer the following question Q: Is the property [hard] true for [Grinding disk]? 
 A:",True
hard|Hammer,"Q: Is the property [is female] true for the concept [book]? 
 A: False 
 Q: Is the property [can be digital] true for the concept [book] 
 A: True 
 In one word True/False, answer the following question Q: Is the property [hard] true for [Hammer]? 
 A:",True
hard|Knife,"Q: Is the property [is female] true for the concept [book]? 
 A: False 
 Q: Is the property [can be digital] true for the concept [book] 
 A: True 
 In one word True/False, answer the following question Q: Is the property [hard] true for [Knife]? 
 A:",True
hard|Lawn Mower,"Q: Is the property [is female] true for the concept [book]? 
 A: False 
 Q: Is the property [can be digital] true for the concept [book] 
 A: True 
 In one word True/False, answer the following question Q: Is the property [hard] true for [Lawn Mower]? 
 A:",True
hard|Lizard,"Q: Is the property [is female] true for the concept [book]? 
 A: False 
 Q: Is the property [can be digital] true for the concept [book] 
 A: True 
 In one word True/False, answer the following question Q: Is the property [hard] true for [Lizard]? 
 A:",False
hard|Nail,"Q: Is the property [is female] true for the concept [book]? 
 A: False 
 Q: Is the property [can be digital] true for the concept [book] 
 A: True 
 In one word True/False, answer the following question Q: Is the property [hard] true for [Nail]? 
 A:",True
hard|Oil can,"Q: Is the property [is female] true for the concept [book]? 
 A: False 
 Q: Is the property [can be digital] true for the concept [book] 
 A: True 
 In one word True/False, answer the following question Q: Is the property [hard] true for [Oil can]? 
 A:",True
hard|Paint brush,"Q: Is the property [is female] true for the concept [book]? 
 A: False 
 Q: Is the property [can be digital] true for the concept [book] 
 A: True 
 In one word True/False, answer the following question Q: Is the property [hard] true for [Paint brush]? 
 A:",False
hard|Salamander,"Q: Is the property [is female] true for the concept [book]? 
 A: False 
 Q: Is the property [can be digital] true for the concept [book] 
 A: True 
 In one word True/False, answer the following question Q: Is the property [hard] true for [Salamander]? 
 A:",False
hard|Saw,"Q: Is the property [is female] true for the concept [book]? 
 A: False 
 Q: Is the property [can be digital] true for the concept [book] 
 A: True 
 In one word True/False, answer the following question Q: Is the property [hard] true for [Saw]? 
 A:",True
hard|Screwdriver,"Q: Is the property [is female] true for the concept [book]? 
 A: False 
 Q: Is the property [can be digital] true for the concept [book] 
 A: True 
 In one word True/False, answer the following question Q: Is the property [hard] true for [Screwdriver]? 
 A:",False
hard|Shovel,"Q: Is the property [is female] true for the concept [book]? 
 A: False 
 Q: Is the property [can be digital] true for the concept [book] 
 A: True 
 In one word True/False, answer the following question Q: Is the property [hard] true for [Shovel]? 
 A:",True
hard|Snake,"Q: Is the property [is female] true for the concept [book]? 
 A: False 
 Q: Is the property [can be digital] true for the concept [book] 
 A: True 
 In one word True/False, answer the following question Q: Is the property [hard] true for [Snake]? 
 A:",False
hard|Spanner,"Q: Is the property [is female] true for the concept [book]? 
 A: False 
 Q: Is the property [can be digital] true for the concept [book] 
 A: True 
 In one word True/False, answer the following question Q: Is the property [hard] true for [Spanner]? 
 A:",True
hard|Toad,"Q: Is the property [is female] true for the concept [book]? 
 A: False 
 Q: Is the property [can be digital] true for the concept [book] 
 A: True 
 In one word True/False, answer the following question Q: Is the property [hard] true for [Toad]? 
 A:",False
hard|Tortoise,"Q: Is the property [is female] true for the concept [book]? 
 A: False 
 Q: Is the property [can be digital] true for the concept [book] 
 A: True 
 In one word True/False, answer the following question Q: Is the property [hard] true for [Tortoise]? 
 A:",True
hard|Turtle,"Q: Is the property [is female] true for the concept [book]? 
 A: False 
 Q: Is the property [can be digital] true for the concept [book] 
 A: True 
 In one word True/False, answer the following question Q: Is the property [hard] true for [Turtle]? 
 A:",False
hard|Vacuum,"Q: Is the property [is female] true for the concept [book]? 
 A: False 
 Q: Is the property [can be digital] true for the concept [book] 
 A: True 
 In one word True/False, answer the following question Q: Is the property [hard] true for [Vacuum]? 
 A:",False
"has a long, broad snout|Alligator","Q: Is the property [is female] true for the concept [book]? 
 A: False 
 Q: Is the property [can be digital] true for the concept [book] 
 A: True 
 In one word True/False, answer the following question Q: Is the property [has a long, broad snout] true for [Alligator]? 
 A:",True
"has a long, broad snout|Anvil","Q: Is the property [is female] true for the concept [book]? 
 A: False 
 Q: Is the property [can be digital] true for the concept [book] 
 A: True 
 In one word True/False, answer the following question Q: Is the property [has a long, broad snout] true for [Anvil]? 
 A:",False
"has a long, broad snout|Axe","Q: Is the property [is female] true for the concept [book]? 
 A: False 
 Q: Is the property [can be digital] true for the concept [book] 
 A: True 
 In one word True/False, answer the following question Q: Is the property [has a long, broad snout] true for [Axe]? 
 A:",False
"has a long, broad snout|Blindworm","Q: Is the property [is female] true for the concept [book]? 
 A: False 
 Q: Is the property [can be digital] true for the concept [book] 
 A: True 
 In one word True/False, answer the following question Q: Is the property [has a long, broad snout] true for [Blindworm]? 
 A:",False
"has a long, broad snout|Boa python","Q: Is the property [is female] true for the concept [book]? 
 A: False 
 Q: Is the property [can be digital] true for the concept [book] 
 A: True 
 In one word True/False, answer the following question Q: Is the property [has a long, broad snout] true for [Boa python]? 
 A:",True
"has a long, broad snout|Caiman","Q: Is the property [is female] true for the concept [book]? 
 A: False 
 Q: Is the property [can be digital] true for the concept [book] 
 A: True 
 In one word True/False, answer the following question Q: Is the property [has a long, broad snout] true for [Caiman]? 
 A:",True
"has a long, broad snout|Chameleon","Q: Is the property [is female] true for the concept [book]? 
 A: False 
 Q: Is the property [can be digital] true for the concept [book] 
 A: True 
 In one word True/False, answer the following question Q: Is the property [has a long, broad snout] true for [Chameleon]? 
 A:",True
"has a long, broad snout|Chisel","Q: Is the property [is female] true for the concept [book]? 
 A: False 
 Q: Is the property [can be digital] true for the concept [book] 
 A: True 
 In one word True/False, answer the following question Q: Is the property [has a long, broad snout] true for [Chisel]? 
 A:",False
"has a long, broad snout|Cobra","Q: Is the property [is female] true for the concept [book]? 
 A: False 
 Q: Is the property [can be digital] true for the concept [book] 
 A: True 
 In one word True/False, answer the following question Q: Is the property [has a long, broad snout] true for [Cobra]? 
 A:",True
"has a long, broad snout|Crocodile","Q: Is the property [is female] true for the concept [book]? 
 A: False 
 Q: Is the property [can be digital] true for the concept [book] 
 A: True 
 In one word True/False, answer the following question Q: Is the property [has a long, broad snout] true for [Crocodile]? 
 A:",True
"has a long, broad snout|Dinosaur","Q: Is the property [is female] true for the concept [book]? 
 A: False 
 Q: Is the property [can be digital] true for the concept [book] 
 A: True 
 In one word True/False, answer the following question Q: Is the property [has a long, broad snout] true for [Dinosaur]? 
 A:",True
"has a long, broad snout|Gecko","Q: Is the property [is female] true for the concept [book]? 
 A: False 
 Q: Is the property [can be digital] true for the concept [book] 
 A: True 
 In one word True/False, answer the following question Q: Is the property [has a long, broad snout] true for [Gecko]? 
 A:",False
"has a long, broad snout|Grinding disk","Q: Is the property [is female] true for the concept [book]? 
 A: False 
 Q: Is the property [can be digital] true for the concept [book] 
 A: True 
 In one word True/False, answer the following question Q: Is the property [has a long, broad snout] true for [Grinding disk]? 
 A:",False
"has a long, broad snout|Hammer","Q: Is the property [is female] true for the concept [book]? 
 A: False 
 Q: Is the property [can be digital] true for the concept [book] 
 A: True 
 In one word True/False, answer the following question Q: Is the property [has a long, broad snout] true for [Hammer]? 
 A:",False
"has a long, broad snout|Knife","Q: Is the property [is female] true for the concept [book]? 
 A: False 
 Q: Is the property [can be digital] true for the concept [book] 
 A: True 
 In one word True/False, answer the following question Q: Is the property [has a long, broad snout] true for [Knife]? 
 A:",False
"has a long, broad snout|Lawn Mower","Q: Is the property [is female] true for the concept [book]? 
 A: False 
 Q: Is the property [can be digital] true for the concept [book] 
 A: True 
 In one word True/False, answer the following question Q: Is the property [has a long, broad snout] true for [Lawn Mower]? 
 A:",False
"has a long, broad snout|Lizard","Q: Is the property [is female] true for the concept [book]? 
 A: False 
 Q: Is the property [can be digital] true for the concept [book] 
 A: True 
 In one word True/False, answer the following question Q: Is the property [has a long, broad snout] true for [Lizard]? 
 A:",False
"has a long, broad snout|Nail","Q: Is the property [is female] true for the concept [book]? 
 A: False 
 Q: Is the property [can be digital] true for the concept [book] 
 A: True 
 In one word True/False, answer the following question Q: Is the property [has a long, broad snout] true for [Nail]? 
 A:",False
"has a long, broad snout|Oil can","Q: Is the property [is female] true for the concept [book]? 
 A: False 
 Q: Is the property [can be digital] true for the concept [book] 
 A: True 
 In one word True/False, answer the following question Q: Is the property [has a long, broad snout] true for [Oil can]? 
 A:",False
"has a long, broad snout|Paint brush","Q: Is the property [is female] true for the concept [book]? 
 A: False 
 Q: Is the property [can be digital] true for the concept [book] 
 A: True 
 In one word True/False, answer the following question Q: Is the property [has a long, broad snout] true for [Paint brush]? 
 A:",False
"has a long, broad snout|Salamander","Q: Is the property [is female] true for the concept [book]? 
 A: False 
 Q: Is the property [can be digital] true for the concept [book] 
 A: True 
 In one word True/False, answer the following question Q: Is the property [has a long, broad snout] true for [Salamander]? 
 A:",False
"has a long, broad snout|Saw","Q: Is the property [is female] true for the concept [book]? 
 A: False 
 Q: Is the property [can be digital] true for the concept [book] 
 A: True 
 In one word True/False, answer the following question Q: Is the property [has a long, broad snout] true for [Saw]? 
 A:",False
"has a long, broad snout|Screwdriver","Q: Is the property [is female] true for the concept [book]? 
 A: False 
 Q: Is the property [can be digital] true for the concept [book] 
 A: True 
 In one word True/False, answer the following question Q: Is the property [has a long, broad snout] true for [Screwdriver]? 
 A:",False
"has a long, broad snout|Shovel","Q: Is the property [is female] true for the concept [book]? 
 A: False 
 Q: Is the property [can be digital] true for the concept [book] 
 A: True 
 In one word True/False, answer the following question Q: Is the property [has a long, broad snout] true for [Shovel]? 
 A:",True
"has a long, broad snout|Snake","Q: Is the property [is female] true for the concept [book]? 
 A: False 
 Q: Is the property [can be digital] true for the concept [book] 
 A: True 
 In one word True/False, answer the following question Q: Is the property [has a long, broad snout] true for [Snake]? 
 A:",True
"has a long, broad snout|Spanner","Q: Is the property [is female] true for the concept [book]? 
 A: False 
 Q: Is the property [can be digital] true for the concept [book] 
 A: True 
 In one word True/False, answer the following question Q: Is the property [has a long, broad snout] true for [Spanner]? 
 A:",False
"has a long, broad snout|Toad","Q: Is the property [is female] true for the concept [book]? 
 A: False 
 Q: Is the property [can be digital] true for the concept [book] 
 A: True 
 In one word True/False, answer the following question Q: Is the property [has a long, broad snout] true for [Toad]? 
 A:",True
"has a long, broad snout|Tortoise","Q: Is the property [is female] true for the concept [book]? 
 A: False 
 Q: Is the property [can be digital] true for the concept [book] 
 A: True 
 In one word True/False, answer the following question Q: Is the property [has a long, broad snout] true for [Tortoise]? 
 A:",False
"has a long, broad snout|Turtle","Q: Is the property [is female] true for the concept [book]? 
 A: False 
 Q: Is the property [can be digital] true for the concept [book] 
 A: True 
 In one word True/False, answer the following question Q: Is the property [has a long, broad snout] true for [Turtle]? 
 A:",False
"has a long, broad snout|Vacuum","Q: Is the property [is female] true for the concept [book]? 
 A: False 
 Q: Is the property [can be digital] true for the concept [book] 
 A: True 
 In one word True/False, answer the following question Q: Is the property [has a long, broad snout] true for [Vacuum]? 
 A:",False
head|Alligator,"Q: Is the property [is female] true for the concept [book]? 
 A: False 
 Q: Is the property [can be digital] true for the concept [book] 
 A: True 
 In one word True/False, answer the following question Q: Is the property [head] true for [Alligator]? 
 A:",True
head|Anvil,"Q: Is the property [is female] true for the concept [book]? 
 A: False 
 Q: Is the property [can be digital] true for the concept [book] 
 A: True 
 In one word True/False, answer the following question Q: Is the property [head] true for [Anvil]? 
 A:",False
head|Axe,"Q: Is the property [is female] true for the concept [book]? 
 A: False 
 Q: Is the property [can be digital] true for the concept [book] 
 A: True 
 In one word True/False, answer the following question Q: Is the property [head] true for [Axe]? 
 A:",False
head|Blindworm,"Q: Is the property [is female] true for the concept [book]? 
 A: False 
 Q: Is the property [can be digital] true for the concept [book] 
 A: True 
 In one word True/False, answer the following question Q: Is the property [head] true for [Blindworm]? 
 A:",False
head|Boa python,"Q: Is the property [is female] true for the concept [book]? 
 A: False 
 Q: Is the property [can be digital] true for the concept [book] 
 A: True 
 In one word True/False, answer the following question Q: Is the property [head] true for [Boa python]? 
 A:",False
head|Caiman,"Q: Is the property [is female] true for the concept [book]? 
 A: False 
 Q: Is the property [can be digital] true for the concept [book] 
 A: True 
 In one word True/False, answer the following question Q: Is the property [head] true for [Caiman]? 
 A:",True
head|Chameleon,"Q: Is the property [is female] true for the concept [book]? 
 A: False 
 Q: Is the property [can be digital] true for the concept [book] 
 A: True 
 In one word True/False, answer the following question Q: Is the property [head] true for [Chameleon]? 
 A:",True
head|Chisel,"Q: Is the property [is female] true for the concept [book]? 
 A: False 
 Q: Is the property [can be digital] true for the concept [book] 
 A: True 
 In one word True/False, answer the following question Q: Is the property [head] true for [Chisel]? 
 A:",False
head|Cobra,"Q: Is the property [is female] true for the concept [book]? 
 A: False 
 Q: Is the property [can be digital] true for the concept [book] 
 A: True 
 In one word True/False, answer the following question Q: Is the property [head] true for [Cobra]? 
 A:",True
head|Crocodile,"Q: Is the property [is female] true for the concept [book]? 
 A: False 
 Q: Is the property [can be digital] true for the concept [book] 
 A: True 
 In one word True/False, answer the following question Q: Is the property [head] true for [Crocodile]? 
 A:",True
head|Dinosaur,"Q: Is the property [is female] true for the concept [book]? 
 A: False 
 Q: Is the property [can be digital] true for the concept [book] 
 A: True 
 In one word True/False, answer the following question Q: Is the property [head] true for [Dinosaur]? 
 A:",True
head|Gecko,"Q: Is the property [is female] true for the concept [book]? 
 A: False 
 Q: Is the property [can be digital] true for the concept [book] 
 A: True 
 In one word True/False, answer the following question Q: Is the property [head] true for [Gecko]? 
 A:",True
head|Grinding disk,"Q: Is the property [is female] true for the concept [book]? 
 A: False 
 Q: Is the property [can be digital] true for the concept [book] 
 A: True 
 In one word True/False, answer the following question Q: Is the property [head] true for [Grinding disk]? 
 A:",False
head|Hammer,"Q: Is the property [is female] true for the concept [book]? 
 A: False 
 Q: Is the property [can be digital] true for the concept [book] 
 A: True 
 In one word True/False, answer the following question Q: Is the property [head] true for [Hammer]? 
 A:",False
head|Knife,"Q: Is the property [is female] true for the concept [book]? 
 A: False 
 Q: Is the property [can be digital] true for the concept [book] 
 A: True 
 In one word True/False, answer the following question Q: Is the property [head] true for [Knife]? 
 A:",False
head|Lawn Mower,"Q: Is the property [is female] true for the concept [book]? 
 A: False 
 Q: Is the property [can be digital] true for the concept [book] 
 A: True 
 In one word True/False, answer the following question Q: Is the property [head] true for [Lawn Mower]? 
 A:",False
head|Lizard,"Q: Is the property [is female] true for the concept [book]? 
 A: False 
 Q: Is the property [can be digital] true for the concept [book] 
 A: True 
 In one word True/False, answer the following question Q: Is the property [head] true for [Lizard]? 
 A:",True
head|Nail,"Q: Is the property [is female] true for the concept [book]? 
 A: False 
 Q: Is the property [can be digital] true for the concept [book] 
 A: True 
 In one word True/False, answer the following question Q: Is the property [head] true for [Nail]? 
 A:",False
head|Oil can,"Q: Is the property [is female] true for the concept [book]? 
 A: False 
 Q: Is the property [can be digital] true for the concept [book] 
 A: True 
 In one word True/False, answer the following question Q: Is the property [head] true for [Oil can]? 
 A:",False
head|Paint brush,"Q: Is the property [is female] true for the concept [book]? 
 A: False 
 Q: Is the property [can be digital] true for the concept [book] 
 A: True 
 In one word True/False, answer the following question Q: Is the property [head] true for [Paint brush]? 
 A:",False
head|Salamander,"Q: Is the property [is female] true for the concept [book]? 
 A: False 
 Q: Is the property [can be digital] true for the concept [book] 
 A: True 
 In one word True/False, answer the following question Q: Is the property [head] true for [Salamander]? 
 A:",False
head|Saw,"Q: Is the property [is female] true for the concept [book]? 
 A: False 
 Q: Is the property [can be digital] true for the concept [book] 
 A: True 
 In one word True/False, answer the following question Q: Is the property [head] true for [Saw]? 
 A:",False
head|Screwdriver,"Q: Is the property [is female] true for the concept [book]? 
 A: False 
 Q: Is the property [can be digital] true for the concept [book] 
 A: True 
 In one word True/False, answer the following question Q: Is the property [head] true for [Screwdriver]? 
 A:",False
head|Shovel,"Q: Is the property [is female] true for the concept [book]? 
 A: False 
 Q: Is the property [can be digital] true for the concept [book] 
 A: True 
 In one word True/False, answer the following question Q: Is the property [head] true for [Shovel]? 
 A:",False
head|Snake,"Q: Is the property [is female] true for the concept [book]? 
 A: False 
 Q: Is the property [can be digital] true for the concept [book] 
 A: True 
 In one word True/False, answer the following question Q: Is the property [head] true for [Snake]? 
 A:",True
head|Spanner,"Q: Is the property [is female] true for the concept [book]? 
 A: False 
 Q: Is the property [can be digital] true for the concept [book] 
 A: True 
 In one word True/False, answer the following question Q: Is the property [head] true for [Spanner]? 
 A:",False
head|Toad,"Q: Is the property [is female] true for the concept [book]? 
 A: False 
 Q: Is the property [can be digital] true for the concept [book] 
 A: True 
 In one word True/False, answer the following question Q: Is the property [head] true for [Toad]? 
 A:",True
head|Tortoise,"Q: Is the property [is female] true for the concept [book]? 
 A: False 
 Q: Is the property [can be digital] true for the concept [book] 
 A: True 
 In one word True/False, answer the following question Q: Is the property [head] true for [Tortoise]? 
 A:",True
head|Turtle,"Q: Is the property [is female] true for the concept [book]? 
 A: False 
 Q: Is the property [can be digital] true for the concept [book] 
 A: True 
 In one word True/False, answer the following question Q: Is the property [head] true for [Turtle]? 
 A:",True
head|Vacuum,"Q: Is the property [is female] true for the concept [book]? 
 A: False 
 Q: Is the property [can be digital] true for the concept [book] 
 A: True 
 In one word True/False, answer the following question Q: Is the property [head] true for [Vacuum]? 
 A:",False
herbivorous diet|Alligator,"Q: Is the property [is female] true for the concept [book]? 
 A: False 
 Q: Is the property [can be digital] true for the concept [book] 
 A: True 
 In one word True/False, answer the following question Q: Is the property [herbivorous diet] true for [Alligator]? 
 A:",False
herbivorous diet|Anvil,"Q: Is the property [is female] true for the concept [book]? 
 A: False 
 Q: Is the property [can be digital] true for the concept [book] 
 A: True 
 In one word True/False, answer the following question Q: Is the property [herbivorous diet] true for [Anvil]? 
 A:",False
herbivorous diet|Axe,"Q: Is the property [is female] true for the concept [book]? 
 A: False 
 Q: Is the property [can be digital] true for the concept [book] 
 A: True 
 In one word True/False, answer the following question Q: Is the property [herbivorous diet] true for [Axe]? 
 A:",False
herbivorous diet|Blindworm,"Q: Is the property [is female] true for the concept [book]? 
 A: False 
 Q: Is the property [can be digital] true for the concept [book] 
 A: True 
 In one word True/False, answer the following question Q: Is the property [herbivorous diet] true for [Blindworm]? 
 A:",False
herbivorous diet|Boa python,"Q: Is the property [is female] true for the concept [book]? 
 A: False 
 Q: Is the property [can be digital] true for the concept [book] 
 A: True 
 In one word True/False, answer the following question Q: Is the property [herbivorous diet] true for [Boa python]? 
 A:",False
herbivorous diet|Caiman,"Q: Is the property [is female] true for the concept [book]? 
 A: False 
 Q: Is the property [can be digital] true for the concept [book] 
 A: True 
 In one word True/False, answer the following question Q: Is the property [herbivorous diet] true for [Caiman]? 
 A:",True
herbivorous diet|Chameleon,"Q: Is the property [is female] true for the concept [book]? 
 A: False 
 Q: Is the property [can be digital] true for the concept [book] 
 A: True 
 In one word True/False, answer the following question Q: Is the property [herbivorous diet] true for [Chameleon]? 
 A:",False
herbivorous diet|Chisel,"Q: Is the property [is female] true for the concept [book]? 
 A: False 
 Q: Is the property [can be digital] true for the concept [book] 
 A: True 
 In one word True/False, answer the following question Q: Is the property [herbivorous diet] true for [Chisel]? 
 A:",False
herbivorous diet|Cobra,"Q: Is the property [is female] true for the concept [book]? 
 A: False 
 Q: Is the property [can be digital] true for the concept [book] 
 A: True 
 In one word True/False, answer the following question Q: Is the property [herbivorous diet] true for [Cobra]? 
 A:",False
herbivorous diet|Crocodile,"Q: Is the property [is female] true for the concept [book]? 
 A: False 
 Q: Is the property [can be digital] true for the concept [book] 
 A: True 
 In one word True/False, answer the following question Q: Is the property [herbivorous diet] true for [Crocodile]? 
 A:",False
herbivorous diet|Dinosaur,"Q: Is the property [is female] true for the concept [book]? 
 A: False 
 Q: Is the property [can be digital] true for the concept [book] 
 A: True 
 In one word True/False, answer the following question Q: Is the property [herbivorous diet] true for [Dinosaur]? 
 A:",True
herbivorous diet|Gecko,"Q: Is the property [is female] true for the concept [book]? 
 A: False 
 Q: Is the property [can be digital] true for the concept [book] 
 A: True 
 In one word True/False, answer the following question Q: Is the property [herbivorous diet] true for [Gecko]? 
 A:",False
herbivorous diet|Grinding disk,"Q: Is the property [is female] true for the concept [book]? 
 A: False 
 Q: Is the property [can be digital] true for the concept [book] 
 A: True 
 In one word True/False, answer the following question Q: Is the property [herbivorous diet] true for [Grinding disk]? 
 A:",False
herbivorous diet|Hammer,"Q: Is the property [is female] true for the concept [book]? 
 A: False 
 Q: Is the property [can be digital] true for the concept [book] 
 A: True 
 In one word True/False, answer the following question Q: Is the property [herbivorous diet] true for [Hammer]? 
 A:",False
herbivorous diet|Knife,"Q: Is the property [is female] true for the concept [book]? 
 A: False 
 Q: Is the property [can be digital] true for the concept [book] 
 A: True 
 In one word True/False, answer the following question Q: Is the property [herbivorous diet] true for [Knife]? 
 A:",False
herbivorous diet|Lawn Mower,"Q: Is the property [is female] true for the concept [book]? 
 A: False 
 Q: Is the property [can be digital] true for the concept [book] 
 A: True 
 In one word True/False, answer the following question Q: Is the property [herbivorous diet] true for [Lawn Mower]? 
 A:",False
herbivorous diet|Lizard,"Q: Is the property [is female] true for the concept [book]? 
 A: False 
 Q: Is the property [can be digital] true for the concept [book] 
 A: True 
 In one word True/False, answer the following question Q: Is the property [herbivorous diet] true for [Lizard]? 
 A:",True
herbivorous diet|Nail,"Q: Is the property [is female] true for the concept [book]? 
 A: False 
 Q: Is the property [can be digital] true for the concept [book] 
 A: True 
 In one word True/False, answer the following question Q: Is the property [herbivorous diet] true for [Nail]? 
 A:",False
herbivorous diet|Oil can,"Q: Is the property [is female] true for the concept [book]? 
 A: False 
 Q: Is the property [can be digital] true for the concept [book] 
 A: True 
 In one word True/False, answer the following question Q: Is the property [herbivorous diet] true for [Oil can]? 
 A:",False
herbivorous diet|Paint brush,"Q: Is the property [is female] true for the concept [book]? 
 A: False 
 Q: Is the property [can be digital] true for the concept [book] 
 A: True 
 In one word True/False, answer the following question Q: Is the property [herbivorous diet] true for [Paint brush]? 
 A:",False
herbivorous diet|Salamander,"Q: Is the property [is female] true for the concept [book]? 
 A: False 
 Q: Is the property [can be digital] true for the concept [book] 
 A: True 
 In one word True/False, answer the following question Q: Is the property [herbivorous diet] true for [Salamander]? 
 A:",False
herbivorous diet|Saw,"Q: Is the property [is female] true for the concept [book]? 
 A: False 
 Q: Is the property [can be digital] true for the concept [book] 
 A: True 
 In one word True/False, answer the following question Q: Is the property [herbivorous diet] true for [Saw]? 
 A:",False
herbivorous diet|Screwdriver,"Q: Is the property [is female] true for the concept [book]? 
 A: False 
 Q: Is the property [can be digital] true for the concept [book] 
 A: True 
 In one word True/False, answer the following question Q: Is the property [herbivorous diet] true for [Screwdriver]? 
 A:",False
herbivorous diet|Shovel,"Q: Is the property [is female] true for the concept [book]? 
 A: False 
 Q: Is the property [can be digital] true for the concept [book] 
 A: True 
 In one word True/False, answer the following question Q: Is the property [herbivorous diet] true for [Shovel]? 
 A:",False
herbivorous diet|Snake,"Q: Is the property [is female] true for the concept [book]? 
 A: False 
 Q: Is the property [can be digital] true for the concept [book] 
 A: True 
 In one word True/False, answer the following question Q: Is the property [herbivorous diet] true for [Snake]? 
 A:",False
herbivorous diet|Spanner,"Q: Is the property [is female] true for the concept [book]? 
 A: False 
 Q: Is the property [can be digital] true for the concept [book] 
 A: True 
 In one word True/False, answer the following question Q: Is the property [herbivorous diet] true for [Spanner]? 
 A:",False
herbivorous diet|Toad,"Q: Is the property [is female] true for the concept [book]? 
 A: False 
 Q: Is the property [can be digital] true for the concept [book] 
 A: True 
 In one word True/False, answer the following question Q: Is the property [herbivorous diet] true for [Toad]? 
 A:",True
herbivorous diet|Tortoise,"Q: Is the property [is female] true for the concept [book]? 
 A: False 
 Q: Is the property [can be digital] true for the concept [book] 
 A: True 
 In one word True/False, answer the following question Q: Is the property [herbivorous diet] true for [Tortoise]? 
 A:",True
herbivorous diet|Turtle,"Q: Is the property [is female] true for the concept [book]? 
 A: False 
 Q: Is the property [can be digital] true for the concept [book] 
 A: True 
 In one word True/False, answer the following question Q: Is the property [herbivorous diet] true for [Turtle]? 
 A:",True
herbivorous diet|Vacuum,"Q: Is the property [is female] true for the concept [book]? 
 A: False 
 Q: Is the property [can be digital] true for the concept [book] 
 A: True 
 In one word True/False, answer the following question Q: Is the property [herbivorous diet] true for [Vacuum]? 
 A:",False
lay eggs|Alligator,"Q: Is the property [is female] true for the concept [book]? 
 A: False 
 Q: Is the property [can be digital] true for the concept [book] 
 A: True 
 In one word True/False, answer the following question Q: Is the property [lay eggs] true for [Alligator]? 
 A:",False
lay eggs|Anvil,"Q: Is the property [is female] true for the concept [book]? 
 A: False 
 Q: Is the property [can be digital] true for the concept [book] 
 A: True 
 In one word True/False, answer the following question Q: Is the property [lay eggs] true for [Anvil]? 
 A:",False
lay eggs|Axe,"Q: Is the property [is female] true for the concept [book]? 
 A: False 
 Q: Is the property [can be digital] true for the concept [book] 
 A: True 
 In one word True/False, answer the following question Q: Is the property [lay eggs] true for [Axe]? 
 A:",False
lay eggs|Blindworm,"Q: Is the property [is female] true for the concept [book]? 
 A: False 
 Q: Is the property [can be digital] true for the concept [book] 
 A: True 
 In one word True/False, answer the following question Q: Is the property [lay eggs] true for [Blindworm]? 
 A:",False
lay eggs|Boa python,"Q: Is the property [is female] true for the concept [book]? 
 A: False 
 Q: Is the property [can be digital] true for the concept [book] 
 A: True 
 In one word True/False, answer the following question Q: Is the property [lay eggs] true for [Boa python]? 
 A:",False
lay eggs|Caiman,"Q: Is the property [is female] true for the concept [book]? 
 A: False 
 Q: Is the property [can be digital] true for the concept [book] 
 A: True 
 In one word True/False, answer the following question Q: Is the property [lay eggs] true for [Caiman]? 
 A:",False
lay eggs|Chameleon,"Q: Is the property [is female] true for the concept [book]? 
 A: False 
 Q: Is the property [can be digital] true for the concept [book] 
 A: True 
 In one word True/False, answer the following question Q: Is the property [lay eggs] true for [Chameleon]? 
 A:",False
lay eggs|Chisel,"Q: Is the property [is female] true for the concept [book]? 
 A: False 
 Q: Is the property [can be digital] true for the concept [book] 
 A: True 
 In one word True/False, answer the following question Q: Is the property [lay eggs] true for [Chisel]? 
 A:",False
lay eggs|Cobra,"Q: Is the property [is female] true for the concept [book]? 
 A: False 
 Q: Is the property [can be digital] true for the concept [book] 
 A: True 
 In one word True/False, answer the following question Q: Is the property [lay eggs] true for [Cobra]? 
 A:",False
lay eggs|Crocodile,"Q: Is the property [is female] true for the concept [book]? 
 A: False 
 Q: Is the property [can be digital] true for the concept [book] 
 A: True 
 In one word True/False, answer the following question Q: Is the property [lay eggs] true for [Crocodile]? 
 A:",False
lay eggs|Dinosaur,"Q: Is the property [is female] true for the concept [book]? 
 A: False 
 Q: Is the property [can be digital] true for the concept [book] 
 A: True 
 In one word True/False, answer the following question Q: Is the property [lay eggs] true for [Dinosaur]? 
 A:",False
lay eggs|Gecko,"Q: Is the property [is female] true for the concept [book]? 
 A: False 
 Q: Is the property [can be digital] true for the concept [book] 
 A: True 
 In one word True/False, answer the following question Q: Is the property [lay eggs] true for [Gecko]? 
 A:",False
lay eggs|Grinding disk,"Q: Is the property [is female] true for the concept [book]? 
 A: False 
 Q: Is the property [can be digital] true for the concept [book] 
 A: True 
 In one word True/False, answer the following question Q: Is the property [lay eggs] true for [Grinding disk]? 
 A:",False
lay eggs|Hammer,"Q: Is the property [is female] true for the concept [book]? 
 A: False 
 Q: Is the property [can be digital] true for the concept [book] 
 A: True 
 In one word True/False, answer the following question Q: Is the property [lay eggs] true for [Hammer]? 
 A:",False
lay eggs|Knife,"Q: Is the property [is female] true for the concept [book]? 
 A: False 
 Q: Is the property [can be digital] true for the concept [book] 
 A: True 
 In one word True/False, answer the following question Q: Is the property [lay eggs] true for [Knife]? 
 A:",False
lay eggs|Lawn Mower,"Q: Is the property [is female] true for the concept [book]? 
 A: False 
 Q: Is the property [can be digital] true for the concept [book] 
 A: True 
 In one word True/False, answer the following question Q: Is the property [lay eggs] true for [Lawn Mower]? 
 A:",False
lay eggs|Lizard,"Q: Is the property [is female] true for the concept [book]? 
 A: False 
 Q: Is the property [can be digital] true for the concept [book] 
 A: True 
 In one word True/False, answer the following question Q: Is the property [lay eggs] true for [Lizard]? 
 A:",False
lay eggs|Nail,"Q: Is the property [is female] true for the concept [book]? 
 A: False 
 Q: Is the property [can be digital] true for the concept [book] 
 A: True 
 In one word True/False, answer the following question Q: Is the property [lay eggs] true for [Nail]? 
 A:",False
lay eggs|Oil can,"Q: Is the property [is female] true for the concept [book]? 
 A: False 
 Q: Is the property [can be digital] true for the concept [book] 
 A: True 
 In one word True/False, answer the following question Q: Is the property [lay eggs] true for [Oil can]? 
 A:",False
lay eggs|Paint brush,"Q: Is the property [is female] true for the concept [book]? 
 A: False 
 Q: Is the property [can be digital] true for the concept [book] 
 A: True 
 In one word True/False, answer the following question Q: Is the property [lay eggs] true for [Paint brush]? 
 A:",False
lay eggs|Salamander,"Q: Is the property [is female] true for the concept [book]? 
 A: False 
 Q: Is the property [can be digital] true for the concept [book] 
 A: True 
 In one word True/False, answer the following question Q: Is the property [lay eggs] true for [Salamander]? 
 A:",False
lay eggs|Saw,"Q: Is the property [is female] true for the concept [book]? 
 A: False 
 Q: Is the property [can be digital] true for the concept [book] 
 A: True 
 In one word True/False, answer the following question Q: Is the property [lay eggs] true for [Saw]? 
 A:",False
lay eggs|Screwdriver,"Q: Is the property [is female] true for the concept [book]? 
 A: False 
 Q: Is the property [can be digital] true for the concept [book] 
 A: True 
 In one word True/False, answer the following question Q: Is the property [lay eggs] true for [Screwdriver]? 
 A:",False
lay eggs|Shovel,"Q: Is the property [is female] true for the concept [book]? 
 A: False 
 Q: Is the property [can be digital] true for the concept [book] 
 A: True 
 In one word True/False, answer the following question Q: Is the property [lay eggs] true for [Shovel]? 
 A:",False
lay eggs|Snake,"Q: Is the property [is female] true for the concept [book]? 
 A: False 
 Q: Is the property [can be digital] true for the concept [book] 
 A: True 
 In one word True/False, answer the following question Q: Is the property [lay eggs] true for [Snake]? 
 A:",False
lay eggs|Spanner,"Q: Is the property [is female] true for the concept [book]? 
 A: False 
 Q: Is the property [can be digital] true for the concept [book] 
 A: True 
 In one word True/False, answer the following question Q: Is the property [lay eggs] true for [Spanner]? 
 A:",False
lay eggs|Toad,"Q: Is the property [is female] true for the concept [book]? 
 A: False 
 Q: Is the property [can be digital] true for the concept [book] 
 A: True 
 In one word True/False, answer the following question Q: Is the property [lay eggs] true for [Toad]? 
 A:",True
lay eggs|Tortoise,"Q: Is the property [is female] true for the concept [book]? 
 A: False 
 Q: Is the property [can be digital] true for the concept [book] 
 A: True 
 In one word True/False, answer the following question Q: Is the property [lay eggs] true for [Tortoise]? 
 A:",False
lay eggs|Turtle,"Q: Is the property [is female] true for the concept [book]? 
 A: False 
 Q: Is the property [can be digital] true for the concept [book] 
 A: True 
 In one word True/False, answer the following question Q: Is the property [lay eggs] true for [Turtle]? 
 A:",False
lay eggs|Vacuum,"Q: Is the property [is female] true for the concept [book]? 
 A: False 
 Q: Is the property [can be digital] true for the concept [book] 
 A: True 
 In one word True/False, answer the following question Q: Is the property [lay eggs] true for [Vacuum]? 
 A:",False
length|Alligator,"Q: Is the property [is female] true for the concept [book]? 
 A: False 
 Q: Is the property [can be digital] true for the concept [book] 
 A: True 
 In one word True/False, answer the following question Q: Is the property [length] true for [Alligator]? 
 A:",False
length|Anvil,"Q: Is the property [is female] true for the concept [book]? 
 A: False 
 Q: Is the property [can be digital] true for the concept [book] 
 A: True 
 In one word True/False, answer the following question Q: Is the property [length] true for [Anvil]? 
 A:",False
length|Axe,"Q: Is the property [is female] true for the concept [book]? 
 A: False 
 Q: Is the property [can be digital] true for the concept [book] 
 A: True 
 In one word True/False, answer the following question Q: Is the property [length] true for [Axe]? 
 A:",False
length|Blindworm,"Q: Is the property [is female] true for the concept [book]? 
 A: False 
 Q: Is the property [can be digital] true for the concept [book] 
 A: True 
 In one word True/False, answer the following question Q: Is the property [length] true for [Blindworm]? 
 A:",False
length|Boa python,"Q: Is the property [is female] true for the concept [book]? 
 A: False 
 Q: Is the property [can be digital] true for the concept [book] 
 A: True 
 In one word True/False, answer the following question Q: Is the property [length] true for [Boa python]? 
 A:",True
length|Caiman,"Q: Is the property [is female] true for the concept [book]? 
 A: False 
 Q: Is the property [can be digital] true for the concept [book] 
 A: True 
 In one word True/False, answer the following question Q: Is the property [length] true for [Caiman]? 
 A:",False
length|Chameleon,"Q: Is the property [is female] true for the concept [book]? 
 A: False 
 Q: Is the property [can be digital] true for the concept [book] 
 A: True 
 In one word True/False, answer the following question Q: Is the property [length] true for [Chameleon]? 
 A:",True
length|Chisel,"Q: Is the property [is female] true for the concept [book]? 
 A: False 
 Q: Is the property [can be digital] true for the concept [book] 
 A: True 
 In one word True/False, answer the following question Q: Is the property [length] true for [Chisel]? 
 A:",False
length|Cobra,"Q: Is the property [is female] true for the concept [book]? 
 A: False 
 Q: Is the property [can be digital] true for the concept [book] 
 A: True 
 In one word True/False, answer the following question Q: Is the property [length] true for [Cobra]? 
 A:",False
length|Crocodile,"Q: Is the property [is female] true for the concept [book]? 
 A: False 
 Q: Is the property [can be digital] true for the concept [book] 
 A: True 
 In one word True/False, answer the following question Q: Is the property [length] true for [Crocodile]? 
 A:",True
length|Dinosaur,"Q: Is the property [is female] true for the concept [book]? 
 A: False 
 Q: Is the property [can be digital] true for the concept [book] 
 A: True 
 In one word True/False, answer the following question Q: Is the property [length] true for [Dinosaur]? 
 A:",True
length|Gecko,"Q: Is the property [is female] true for the concept [book]? 
 A: False 
 Q: Is the property [can be digital] true for the concept [book] 
 A: True 
 In one word True/False, answer the following question Q: Is the property [length] true for [Gecko]? 
 A:",False
length|Grinding disk,"Q: Is the property [is female] true for the concept [book]? 
 A: False 
 Q: Is the property [can be digital] true for the concept [book] 
 A: True 
 In one word True/False, answer the following question Q: Is the property [length] true for [Grinding disk]? 
 A:",True
length|Hammer,"Q: Is the property [is female] true for the concept [book]? 
 A: False 
 Q: Is the property [can be digital] true for the concept [book] 
 A: True 
 In one word True/False, answer the following question Q: Is the property [length] true for [Hammer]? 
 A:",False
length|Knife,"Q: Is the property [is female] true for the concept [book]? 
 A: False 
 Q: Is the property [can be digital] true for the concept [book] 
 A: True 
 In one word True/False, answer the following question Q: Is the property [length] true for [Knife]? 
 A:",False
length|Lawn Mower,"Q: Is the property [is female] true for the concept [book]? 
 A: False 
 Q: Is the property [can be digital] true for the concept [book] 
 A: True 
 In one word True/False, answer the following question Q: Is the property [length] true for [Lawn Mower]? 
 A:",True
length|Lizard,"Q: Is the property [is female] true for the concept [book]? 
 A: False 
 Q: Is the property [can be digital] true for the concept [book] 
 A: True 
 In one word True/False, answer the following question Q: Is the property [length] true for [Lizard]? 
 A:",False
length|Nail,"Q: Is the property [is female] true for the concept [book]? 
 A: False 
 Q: Is the property [can be digital] true for the concept [book] 
 A: True 
 In one word True/False, answer the following question Q: Is the property [length] true for [Nail]? 
 A:",False
length|Oil can,"Q: Is the property [is female] true for the concept [book]? 
 A: False 
 Q: Is the property [can be digital] true for the concept [book] 
 A: True 
 In one word True/False, answer the following question Q: Is the property [length] true for [Oil can]? 
 A:",False
length|Paint brush,"Q: Is the property [is female] true for the concept [book]? 
 A: False 
 Q: Is the property [can be digital] true for the concept [book] 
 A: True 
 In one word True/False, answer the following question Q: Is the property [length] true for [Paint brush]? 
 A:",False
length|Salamander,"Q: Is the property [is female] true for the concept [book]? 
 A: False 
 Q: Is the property [can be digital] true for the concept [book] 
 A: True 
 In one word True/False, answer the following question Q: Is the property [length] true for [Salamander]? 
 A:",False
length|Saw,"Q: Is the property [is female] true for the concept [book]? 
 A: False 
 Q: Is the property [can be digital] true for the concept [book] 
 A: True 
 In one word True/False, answer the following question Q: Is the property [length] true for [Saw]? 
 A:",False
length|Screwdriver,"Q: Is the property [is female] true for the concept [book]? 
 A: False 
 Q: Is the property [can be digital] true for the concept [book] 
 A: True 
 In one word True/False, answer the following question Q: Is the property [length] true for [Screwdriver]? 
 A:",False
length|Shovel,"Q: Is the property [is female] true for the concept [book]? 
 A: False 
 Q: Is the property [can be digital] true for the concept [book] 
 A: True 
 In one word True/False, answer the following question Q: Is the property [length] true for [Shovel]? 
 A:",True
length|Snake,"Q: Is the property [is female] true for the concept [book]? 
 A: False 
 Q: Is the property [can be digital] true for the concept [book] 
 A: True 
 In one word True/False, answer the following question Q: Is the property [length] true for [Snake]? 
 A:",True
length|Spanner,"Q: Is the property [is female] true for the concept [book]? 
 A: False 
 Q: Is the property [can be digital] true for the concept [book] 
 A: True 
 In one word True/False, answer the following question Q: Is the property [length] true for [Spanner]? 
 A:",True
length|Toad,"Q: Is the property [is female] true for the concept [book]? 
 A: False 
 Q: Is the property [can be digital] true for the concept [book] 
 A: True 
 In one word True/False, answer the following question Q: Is the property [length] true for [Toad]? 
 A:",False
length|Tortoise,"Q: Is the property [is female] true for the concept [book]? 
 A: False 
 Q: Is the property [can be digital] true for the concept [book] 
 A: True 
 In one word True/False, answer the following question Q: Is the property [length] true for [Tortoise]? 
 A:",True
length|Turtle,"Q: Is the property [is female] true for the concept [book]? 
 A: False 
 Q: Is the property [can be digital] true for the concept [book] 
 A: True 
 In one word True/False, answer the following question Q: Is the property [length] true for [Turtle]? 
 A:",True
length|Vacuum,"Q: Is the property [is female] true for the concept [book]? 
 A: False 
 Q: Is the property [can be digital] true for the concept [book] 
 A: True 
 In one word True/False, answer the following question Q: Is the property [length] true for [Vacuum]? 
 A:",False
limbs|Alligator,"Q: Is the property [is female] true for the concept [book]? 
 A: False 
 Q: Is the property [can be digital] true for the concept [book] 
 A: True 
 In one word True/False, answer the following question Q: Is the property [limbs] true for [Alligator]? 
 A:",True
limbs|Anvil,"Q: Is the property [is female] true for the concept [book]? 
 A: False 
 Q: Is the property [can be digital] true for the concept [book] 
 A: True 
 In one word True/False, answer the following question Q: Is the property [limbs] true for [Anvil]? 
 A:",False
limbs|Axe,"Q: Is the property [is female] true for the concept [book]? 
 A: False 
 Q: Is the property [can be digital] true for the concept [book] 
 A: True 
 In one word True/False, answer the following question Q: Is the property [limbs] true for [Axe]? 
 A:",False
limbs|Blindworm,"Q: Is the property [is female] true for the concept [book]? 
 A: False 
 Q: Is the property [can be digital] true for the concept [book] 
 A: True 
 In one word True/False, answer the following question Q: Is the property [limbs] true for [Blindworm]? 
 A:",False
limbs|Boa python,"Q: Is the property [is female] true for the concept [book]? 
 A: False 
 Q: Is the property [can be digital] true for the concept [book] 
 A: True 
 In one word True/False, answer the following question Q: Is the property [limbs] true for [Boa python]? 
 A:",True
limbs|Caiman,"Q: Is the property [is female] true for the concept [book]? 
 A: False 
 Q: Is the property [can be digital] true for the concept [book] 
 A: True 
 In one word True/False, answer the following question Q: Is the property [limbs] true for [Caiman]? 
 A:",True
limbs|Chameleon,"Q: Is the property [is female] true for the concept [book]? 
 A: False 
 Q: Is the property [can be digital] true for the concept [book] 
 A: True 
 In one word True/False, answer the following question Q: Is the property [limbs] true for [Chameleon]? 
 A:",False
limbs|Chisel,"Q: Is the property [is female] true for the concept [book]? 
 A: False 
 Q: Is the property [can be digital] true for the concept [book] 
 A: True 
 In one word True/False, answer the following question Q: Is the property [limbs] true for [Chisel]? 
 A:",False
limbs|Cobra,"Q: Is the property [is female] true for the concept [book]? 
 A: False 
 Q: Is the property [can be digital] true for the concept [book] 
 A: True 
 In one word True/False, answer the following question Q: Is the property [limbs] true for [Cobra]? 
 A:",True
limbs|Crocodile,"Q: Is the property [is female] true for the concept [book]? 
 A: False 
 Q: Is the property [can be digital] true for the concept [book] 
 A: True 
 In one word True/False, answer the following question Q: Is the property [limbs] true for [Crocodile]? 
 A:",True
limbs|Dinosaur,"Q: Is the property [is female] true for the concept [book]? 
 A: False 
 Q: Is the property [can be digital] true for the concept [book] 
 A: True 
 In one word True/False, answer the following question Q: Is the property [limbs] true for [Dinosaur]? 
 A:",True
limbs|Gecko,"Q: Is the property [is female] true for the concept [book]? 
 A: False 
 Q: Is the property [can be digital] true for the concept [book] 
 A: True 
 In one word True/False, answer the following question Q: Is the property [limbs] true for [Gecko]? 
 A:",True
limbs|Grinding disk,"Q: Is the property [is female] true for the concept [book]? 
 A: False 
 Q: Is the property [can be digital] true for the concept [book] 
 A: True 
 In one word True/False, answer the following question Q: Is the property [limbs] true for [Grinding disk]? 
 A:",False
limbs|Hammer,"Q: Is the property [is female] true for the concept [book]? 
 A: False 
 Q: Is the property [can be digital] true for the concept [book] 
 A: True 
 In one word True/False, answer the following question Q: Is the property [limbs] true for [Hammer]? 
 A:",False
limbs|Knife,"Q: Is the property [is female] true for the concept [book]? 
 A: False 
 Q: Is the property [can be digital] true for the concept [book] 
 A: True 
 In one word True/False, answer the following question Q: Is the property [limbs] true for [Knife]? 
 A:",False
limbs|Lawn Mower,"Q: Is the property [is female] true for the concept [book]? 
 A: False 
 Q: Is the property [can be digital] true for the concept [book] 
 A: True 
 In one word True/False, answer the following question Q: Is the property [limbs] true for [Lawn Mower]? 
 A:",False
limbs|Lizard,"Q: Is the property [is female] true for the concept [book]? 
 A: False 
 Q: Is the property [can be digital] true for the concept [book] 
 A: True 
 In one word True/False, answer the following question Q: Is the property [limbs] true for [Lizard]? 
 A:",True
limbs|Nail,"Q: Is the property [is female] true for the concept [book]? 
 A: False 
 Q: Is the property [can be digital] true for the concept [book] 
 A: True 
 In one word True/False, answer the following question Q: Is the property [limbs] true for [Nail]? 
 A:",False
limbs|Oil can,"Q: Is the property [is female] true for the concept [book]? 
 A: False 
 Q: Is the property [can be digital] true for the concept [book] 
 A: True 
 In one word True/False, answer the following question Q: Is the property [limbs] true for [Oil can]? 
 A:",False
limbs|Paint brush,"Q: Is the property [is female] true for the concept [book]? 
 A: False 
 Q: Is the property [can be digital] true for the concept [book] 
 A: True 
 In one word True/False, answer the following question Q: Is the property [limbs] true for [Paint brush]? 
 A:",False
limbs|Salamander,"Q: Is the property [is female] true for the concept [book]? 
 A: False 
 Q: Is the property [can be digital] true for the concept [book] 
 A: True 
 In one word True/False, answer the following question Q: Is the property [limbs] true for [Salamander]? 
 A:",True
limbs|Saw,"Q: Is the property [is female] true for the concept [book]? 
 A: False 
 Q: Is the property [can be digital] true for the concept [book] 
 A: True 
 In one word True/False, answer the following question Q: Is the property [limbs] true for [Saw]? 
 A:",False
limbs|Screwdriver,"Q: Is the property [is female] true for the concept [book]? 
 A: False 
 Q: Is the property [can be digital] true for the concept [book] 
 A: True 
 In one word True/False, answer the following question Q: Is the property [limbs] true for [Screwdriver]? 
 A:",False
limbs|Shovel,"Q: Is the property [is female] true for the concept [book]? 
 A: False 
 Q: Is the property [can be digital] true for the concept [book] 
 A: True 
 In one word True/False, answer the following question Q: Is the property [limbs] true for [Shovel]? 
 A:",False
limbs|Snake,"Q: Is the property [is female] true for the concept [book]? 
 A: False 
 Q: Is the property [can be digital] true for the concept [book] 
 A: True 
 In one word True/False, answer the following question Q: Is the property [limbs] true for [Snake]? 
 A:",True
limbs|Spanner,"Q: Is the property [is female] true for the concept [book]? 
 A: False 
 Q: Is the property [can be digital] true for the concept [book] 
 A: True 
 In one word True/False, answer the following question Q: Is the property [limbs] true for [Spanner]? 
 A:",False
limbs|Toad,"Q: Is the property [is female] true for the concept [book]? 
 A: False 
 Q: Is the property [can be digital] true for the concept [book] 
 A: True 
 In one word True/False, answer the following question Q: Is the property [limbs] true for [Toad]? 
 A:",True
limbs|Tortoise,"Q: Is the property [is female] true for the concept [book]? 
 A: False 
 Q: Is the property [can be digital] true for the concept [book] 
 A: True 
 In one word True/False, answer the following question Q: Is the property [limbs] true for [Tortoise]? 
 A:",True
limbs|Turtle,"Q: Is the property [is female] true for the concept [book]? 
 A: False 
 Q: Is the property [can be digital] true for the concept [book] 
 A: True 
 In one word True/False, answer the following question Q: Is the property [limbs] true for [Turtle]? 
 A:",True
limbs|Vacuum,"Q: Is the property [is female] true for the concept [book]? 
 A: False 
 Q: Is the property [can be digital] true for the concept [book] 
 A: True 
 In one word True/False, answer the following question Q: Is the property [limbs] true for [Vacuum]? 
 A:",False
lives in tropical and subtropical regions|Alligator,"Q: Is the property [is female] true for the concept [book]? 
 A: False 
 Q: Is the property [can be digital] true for the concept [book] 
 A: True 
 In one word True/False, answer the following question Q: Is the property [lives in tropical and subtropical regions] true for [Alligator]? 
 A:",True
lives in tropical and subtropical regions|Anvil,"Q: Is the property [is female] true for the concept [book]? 
 A: False 
 Q: Is the property [can be digital] true for the concept [book] 
 A: True 
 In one word True/False, answer the following question Q: Is the property [lives in tropical and subtropical regions] true for [Anvil]? 
 A:",False
lives in tropical and subtropical regions|Axe,"Q: Is the property [is female] true for the concept [book]? 
 A: False 
 Q: Is the property [can be digital] true for the concept [book] 
 A: True 
 In one word True/False, answer the following question Q: Is the property [lives in tropical and subtropical regions] true for [Axe]? 
 A:",False
lives in tropical and subtropical regions|Blindworm,"Q: Is the property [is female] true for the concept [book]? 
 A: False 
 Q: Is the property [can be digital] true for the concept [book] 
 A: True 
 In one word True/False, answer the following question Q: Is the property [lives in tropical and subtropical regions] true for [Blindworm]? 
 A:",False
lives in tropical and subtropical regions|Boa python,"Q: Is the property [is female] true for the concept [book]? 
 A: False 
 Q: Is the property [can be digital] true for the concept [book] 
 A: True 
 In one word True/False, answer the following question Q: Is the property [lives in tropical and subtropical regions] true for [Boa python]? 
 A:",True
lives in tropical and subtropical regions|Caiman,"Q: Is the property [is female] true for the concept [book]? 
 A: False 
 Q: Is the property [can be digital] true for the concept [book] 
 A: True 
 In one word True/False, answer the following question Q: Is the property [lives in tropical and subtropical regions] true for [Caiman]? 
 A:",True
lives in tropical and subtropical regions|Chameleon,"Q: Is the property [is female] true for the concept [book]? 
 A: False 
 Q: Is the property [can be digital] true for the concept [book] 
 A: True 
 In one word True/False, answer the following question Q: Is the property [lives in tropical and subtropical regions] true for [Chameleon]? 
 A:",True
lives in tropical and subtropical regions|Chisel,"Q: Is the property [is female] true for the concept [book]? 
 A: False 
 Q: Is the property [can be digital] true for the concept [book] 
 A: True 
 In one word True/False, answer the following question Q: Is the property [lives in tropical and subtropical regions] true for [Chisel]? 
 A:",False
lives in tropical and subtropical regions|Cobra,"Q: Is the property [is female] true for the concept [book]? 
 A: False 
 Q: Is the property [can be digital] true for the concept [book] 
 A: True 
 In one word True/False, answer the following question Q: Is the property [lives in tropical and subtropical regions] true for [Cobra]? 
 A:",True
lives in tropical and subtropical regions|Crocodile,"Q: Is the property [is female] true for the concept [book]? 
 A: False 
 Q: Is the property [can be digital] true for the concept [book] 
 A: True 
 In one word True/False, answer the following question Q: Is the property [lives in tropical and subtropical regions] true for [Crocodile]? 
 A:",True
lives in tropical and subtropical regions|Dinosaur,"Q: Is the property [is female] true for the concept [book]? 
 A: False 
 Q: Is the property [can be digital] true for the concept [book] 
 A: True 
 In one word True/False, answer the following question Q: Is the property [lives in tropical and subtropical regions] true for [Dinosaur]? 
 A:",False
lives in tropical and subtropical regions|Gecko,"Q: Is the property [is female] true for the concept [book]? 
 A: False 
 Q: Is the property [can be digital] true for the concept [book] 
 A: True 
 In one word True/False, answer the following question Q: Is the property [lives in tropical and subtropical regions] true for [Gecko]? 
 A:",True
lives in tropical and subtropical regions|Grinding disk,"Q: Is the property [is female] true for the concept [book]? 
 A: False 
 Q: Is the property [can be digital] true for the concept [book] 
 A: True 
 In one word True/False, answer the following question Q: Is the property [lives in tropical and subtropical regions] true for [Grinding disk]? 
 A:",False
lives in tropical and subtropical regions|Hammer,"Q: Is the property [is female] true for the concept [book]? 
 A: False 
 Q: Is the property [can be digital] true for the concept [book] 
 A: True 
 In one word True/False, answer the following question Q: Is the property [lives in tropical and subtropical regions] true for [Hammer]? 
 A:",False
lives in tropical and subtropical regions|Knife,"Q: Is the property [is female] true for the concept [book]? 
 A: False 
 Q: Is the property [can be digital] true for the concept [book] 
 A: True 
 In one word True/False, answer the following question Q: Is the property [lives in tropical and subtropical regions] true for [Knife]? 
 A:",False
lives in tropical and subtropical regions|Lawn Mower,"Q: Is the property [is female] true for the concept [book]? 
 A: False 
 Q: Is the property [can be digital] true for the concept [book] 
 A: True 
 In one word True/False, answer the following question Q: Is the property [lives in tropical and subtropical regions] true for [Lawn Mower]? 
 A:",False
lives in tropical and subtropical regions|Lizard,"Q: Is the property [is female] true for the concept [book]? 
 A: False 
 Q: Is the property [can be digital] true for the concept [book] 
 A: True 
 In one word True/False, answer the following question Q: Is the property [lives in tropical and subtropical regions] true for [Lizard]? 
 A:",True
lives in tropical and subtropical regions|Nail,"Q: Is the property [is female] true for the concept [book]? 
 A: False 
 Q: Is the property [can be digital] true for the concept [book] 
 A: True 
 In one word True/False, answer the following question Q: Is the property [lives in tropical and subtropical regions] true for [Nail]? 
 A:",False
lives in tropical and subtropical regions|Oil can,"Q: Is the property [is female] true for the concept [book]? 
 A: False 
 Q: Is the property [can be digital] true for the concept [book] 
 A: True 
 In one word True/False, answer the following question Q: Is the property [lives in tropical and subtropical regions] true for [Oil can]? 
 A:",False
lives in tropical and subtropical regions|Paint brush,"Q: Is the property [is female] true for the concept [book]? 
 A: False 
 Q: Is the property [can be digital] true for the concept [book] 
 A: True 
 In one word True/False, answer the following question Q: Is the property [lives in tropical and subtropical regions] true for [Paint brush]? 
 A:",False
lives in tropical and subtropical regions|Salamander,"Q: Is the property [is female] true for the concept [book]? 
 A: False 
 Q: Is the property [can be digital] true for the concept [book] 
 A: True 
 In one word True/False, answer the following question Q: Is the property [lives in tropical and subtropical regions] true for [Salamander]? 
 A:",True
lives in tropical and subtropical regions|Saw,"Q: Is the property [is female] true for the concept [book]? 
 A: False 
 Q: Is the property [can be digital] true for the concept [book] 
 A: True 
 In one word True/False, answer the following question Q: Is the property [lives in tropical and subtropical regions] true for [Saw]? 
 A:",False
lives in tropical and subtropical regions|Screwdriver,"Q: Is the property [is female] true for the concept [book]? 
 A: False 
 Q: Is the property [can be digital] true for the concept [book] 
 A: True 
 In one word True/False, answer the following question Q: Is the property [lives in tropical and subtropical regions] true for [Screwdriver]? 
 A:",False
lives in tropical and subtropical regions|Shovel,"Q: Is the property [is female] true for the concept [book]? 
 A: False 
 Q: Is the property [can be digital] true for the concept [book] 
 A: True 
 In one word True/False, answer the following question Q: Is the property [lives in tropical and subtropical regions] true for [Shovel]? 
 A:",False
lives in tropical and subtropical regions|Snake,"Q: Is the property [is female] true for the concept [book]? 
 A: False 
 Q: Is the property [can be digital] true for the concept [book] 
 A: True 
 In one word True/False, answer the following question Q: Is the property [lives in tropical and subtropical regions] true for [Snake]? 
 A:",True
lives in tropical and subtropical regions|Spanner,"Q: Is the property [is female] true for the concept [book]? 
 A: False 
 Q: Is the property [can be digital] true for the concept [book] 
 A: True 
 In one word True/False, answer the following question Q: Is the property [lives in tropical and subtropical regions] true for [Spanner]? 
 A:",False
lives in tropical and subtropical regions|Toad,"Q: Is the property [is female] true for the concept [book]? 
 A: False 
 Q: Is the property [can be digital] true for the concept [book] 
 A: True 
 In one word True/False, answer the following question Q: Is the property [lives in tropical and subtropical regions] true for [Toad]? 
 A:",True
lives in tropical and subtropical regions|Tortoise,"Q: Is the property [is female] true for the concept [book]? 
 A: False 
 Q: Is the property [can be digital] true for the concept [book] 
 A: True 
 In one word True/False, answer the following question Q: Is the property [lives in tropical and subtropical regions] true for [Tortoise]? 
 A:",True
lives in tropical and subtropical regions|Turtle,"Q: Is the property [is female] true for the concept [book]? 
 A: False 
 Q: Is the property [can be digital] true for the concept [book] 
 A: True 
 In one word True/False, answer the following question Q: Is the property [lives in tropical and subtropical regions] true for [Turtle]? 
 A:",True
lives in tropical and subtropical regions|Vacuum,"Q: Is the property [is female] true for the concept [book]? 
 A: False 
 Q: Is the property [can be digital] true for the concept [book] 
 A: True 
 In one word True/False, answer the following question Q: Is the property [lives in tropical and subtropical regions] true for [Vacuum]? 
 A:",False
long life span|Alligator,"Q: Is the property [is female] true for the concept [book]? 
 A: False 
 Q: Is the property [can be digital] true for the concept [book] 
 A: True 
 In one word True/False, answer the following question Q: Is the property [long life span] true for [Alligator]? 
 A:",True
long life span|Anvil,"Q: Is the property [is female] true for the concept [book]? 
 A: False 
 Q: Is the property [can be digital] true for the concept [book] 
 A: True 
 In one word True/False, answer the following question Q: Is the property [long life span] true for [Anvil]? 
 A:",False
long life span|Axe,"Q: Is the property [is female] true for the concept [book]? 
 A: False 
 Q: Is the property [can be digital] true for the concept [book] 
 A: True 
 In one word True/False, answer the following question Q: Is the property [long life span] true for [Axe]? 
 A:",False
long life span|Blindworm,"Q: Is the property [is female] true for the concept [book]? 
 A: False 
 Q: Is the property [can be digital] true for the concept [book] 
 A: True 
 In one word True/False, answer the following question Q: Is the property [long life span] true for [Blindworm]? 
 A:",False
long life span|Boa python,"Q: Is the property [is female] true for the concept [book]? 
 A: False 
 Q: Is the property [can be digital] true for the concept [book] 
 A: True 
 In one word True/False, answer the following question Q: Is the property [long life span] true for [Boa python]? 
 A:",True
long life span|Caiman,"Q: Is the property [is female] true for the concept [book]? 
 A: False 
 Q: Is the property [can be digital] true for the concept [book] 
 A: True 
 In one word True/False, answer the following question Q: Is the property [long life span] true for [Caiman]? 
 A:",True
long life span|Chameleon,"Q: Is the property [is female] true for the concept [book]? 
 A: False 
 Q: Is the property [can be digital] true for the concept [book] 
 A: True 
 In one word True/False, answer the following question Q: Is the property [long life span] true for [Chameleon]? 
 A:",True
long life span|Chisel,"Q: Is the property [is female] true for the concept [book]? 
 A: False 
 Q: Is the property [can be digital] true for the concept [book] 
 A: True 
 In one word True/False, answer the following question Q: Is the property [long life span] true for [Chisel]? 
 A:",False
long life span|Cobra,"Q: Is the property [is female] true for the concept [book]? 
 A: False 
 Q: Is the property [can be digital] true for the concept [book] 
 A: True 
 In one word True/False, answer the following question Q: Is the property [long life span] true for [Cobra]? 
 A:",True
long life span|Crocodile,"Q: Is the property [is female] true for the concept [book]? 
 A: False 
 Q: Is the property [can be digital] true for the concept [book] 
 A: True 
 In one word True/False, answer the following question Q: Is the property [long life span] true for [Crocodile]? 
 A:",True
long life span|Dinosaur,"Q: Is the property [is female] true for the concept [book]? 
 A: False 
 Q: Is the property [can be digital] true for the concept [book] 
 A: True 
 In one word True/False, answer the following question Q: Is the property [long life span] true for [Dinosaur]? 
 A:",True
long life span|Gecko,"Q: Is the property [is female] true for the concept [book]? 
 A: False 
 Q: Is the property [can be digital] true for the concept [book] 
 A: True 
 In one word True/False, answer the following question Q: Is the property [long life span] true for [Gecko]? 
 A:",True
long life span|Grinding disk,"Q: Is the property [is female] true for the concept [book]? 
 A: False 
 Q: Is the property [can be digital] true for the concept [book] 
 A: True 
 In one word True/False, answer the following question Q: Is the property [long life span] true for [Grinding disk]? 
 A:",False
long life span|Hammer,"Q: Is the property [is female] true for the concept [book]? 
 A: False 
 Q: Is the property [can be digital] true for the concept [book] 
 A: True 
 In one word True/False, answer the following question Q: Is the property [long life span] true for [Hammer]? 
 A:",False
long life span|Knife,"Q: Is the property [is female] true for the concept [book]? 
 A: False 
 Q: Is the property [can be digital] true for the concept [book] 
 A: True 
 In one word True/False, answer the following question Q: Is the property [long life span] true for [Knife]? 
 A:",False
long life span|Lawn Mower,"Q: Is the property [is female] true for the concept [book]? 
 A: False 
 Q: Is the property [can be digital] true for the concept [book] 
 A: True 
 In one word True/False, answer the following question Q: Is the property [long life span] true for [Lawn Mower]? 
 A:",False
long life span|Lizard,"Q: Is the property [is female] true for the concept [book]? 
 A: False 
 Q: Is the property [can be digital] true for the concept [book] 
 A: True 
 In one word True/False, answer the following question Q: Is the property [long life span] true for [Lizard]? 
 A:",True
long life span|Nail,"Q: Is the property [is female] true for the concept [book]? 
 A: False 
 Q: Is the property [can be digital] true for the concept [book] 
 A: True 
 In one word True/False, answer the following question Q: Is the property [long life span] true for [Nail]? 
 A:",False
long life span|Oil can,"Q: Is the property [is female] true for the concept [book]? 
 A: False 
 Q: Is the property [can be digital] true for the concept [book] 
 A: True 
 In one word True/False, answer the following question Q: Is the property [long life span] true for [Oil can]? 
 A:",False
long life span|Paint brush,"Q: Is the property [is female] true for the concept [book]? 
 A: False 
 Q: Is the property [can be digital] true for the concept [book] 
 A: True 
 In one word True/False, answer the following question Q: Is the property [long life span] true for [Paint brush]? 
 A:",False
long life span|Salamander,"Q: Is the property [is female] true for the concept [book]? 
 A: False 
 Q: Is the property [can be digital] true for the concept [book] 
 A: True 
 In one word True/False, answer the following question Q: Is the property [long life span] true for [Salamander]? 
 A:",True
long life span|Saw,"Q: Is the property [is female] true for the concept [book]? 
 A: False 
 Q: Is the property [can be digital] true for the concept [book] 
 A: True 
 In one word True/False, answer the following question Q: Is the property [long life span] true for [Saw]? 
 A:",False
long life span|Screwdriver,"Q: Is the property [is female] true for the concept [book]? 
 A: False 
 Q: Is the property [can be digital] true for the concept [book] 
 A: True 
 In one word True/False, answer the following question Q: Is the property [long life span] true for [Screwdriver]? 
 A:",False
long life span|Shovel,"Q: Is the property [is female] true for the concept [book]? 
 A: False 
 Q: Is the property [can be digital] true for the concept [book] 
 A: True 
 In one word True/False, answer the following question Q: Is the property [long life span] true for [Shovel]? 
 A:",False
long life span|Snake,"Q: Is the property [is female] true for the concept [book]? 
 A: False 
 Q: Is the property [can be digital] true for the concept [book] 
 A: True 
 In one word True/False, answer the following question Q: Is the property [long life span] true for [Snake]? 
 A:",True
long life span|Spanner,"Q: Is the property [is female] true for the concept [book]? 
 A: False 
 Q: Is the property [can be digital] true for the concept [book] 
 A: True 
 In one word True/False, answer the following question Q: Is the property [long life span] true for [Spanner]? 
 A:",False
long life span|Toad,"Q: Is the property [is female] true for the concept [book]? 
 A: False 
 Q: Is the property [can be digital] true for the concept [book] 
 A: True 
 In one word True/False, answer the following question Q: Is the property [long life span] true for [Toad]? 
 A:",True
long life span|Tortoise,"Q: Is the property [is female] true for the concept [book]? 
 A: False 
 Q: Is the property [can be digital] true for the concept [book] 
 A: True 
 In one word True/False, answer the following question Q: Is the property [long life span] true for [Tortoise]? 
 A:",True
long life span|Turtle,"Q: Is the property [is female] true for the concept [book]? 
 A: False 
 Q: Is the property [can be digital] true for the concept [book] 
 A: True 
 In one word True/False, answer the following question Q: Is the property [long life span] true for [Turtle]? 
 A:",True
long life span|Vacuum,"Q: Is the property [is female] true for the concept [book]? 
 A: False 
 Q: Is the property [can be digital] true for the concept [book] 
 A: True 
 In one word True/False, answer the following question Q: Is the property [long life span] true for [Vacuum]? 
 A:",False
material|Alligator,"Q: Is the property [is female] true for the concept [book]? 
 A: False 
 Q: Is the property [can be digital] true for the concept [book] 
 A: True 
 In one word True/False, answer the following question Q: Is the property [material] true for [Alligator]? 
 A:",True
material|Anvil,"Q: Is the property [is female] true for the concept [book]? 
 A: False 
 Q: Is the property [can be digital] true for the concept [book] 
 A: True 
 In one word True/False, answer the following question Q: Is the property [material] true for [Anvil]? 
 A:",True
material|Axe,"Q: Is the property [is female] true for the concept [book]? 
 A: False 
 Q: Is the property [can be digital] true for the concept [book] 
 A: True 
 In one word True/False, answer the following question Q: Is the property [material] true for [Axe]? 
 A:",True
material|Blindworm,"Q: Is the property [is female] true for the concept [book]? 
 A: False 
 Q: Is the property [can be digital] true for the concept [book] 
 A: True 
 In one word True/False, answer the following question Q: Is the property [material] true for [Blindworm]? 
 A:",False
material|Boa python,"Q: Is the property [is female] true for the concept [book]? 
 A: False 
 Q: Is the property [can be digital] true for the concept [book] 
 A: True 
 In one word True/False, answer the following question Q: Is the property [material] true for [Boa python]? 
 A:",True
material|Caiman,"Q: Is the property [is female] true for the concept [book]? 
 A: False 
 Q: Is the property [can be digital] true for the concept [book] 
 A: True 
 In one word True/False, answer the following question Q: Is the property [material] true for [Caiman]? 
 A:",True
material|Chameleon,"Q: Is the property [is female] true for the concept [book]? 
 A: False 
 Q: Is the property [can be digital] true for the concept [book] 
 A: True 
 In one word True/False, answer the following question Q: Is the property [material] true for [Chameleon]? 
 A:",True
material|Chisel,"Q: Is the property [is female] true for the concept [book]? 
 A: False 
 Q: Is the property [can be digital] true for the concept [book] 
 A: True 
 In one word True/False, answer the following question Q: Is the property [material] true for [Chisel]? 
 A:",True
material|Cobra,"Q: Is the property [is female] true for the concept [book]? 
 A: False 
 Q: Is the property [can be digital] true for the concept [book] 
 A: True 
 In one word True/False, answer the following question Q: Is the property [material] true for [Cobra]? 
 A:",False
material|Crocodile,"Q: Is the property [is female] true for the concept [book]? 
 A: False 
 Q: Is the property [can be digital] true for the concept [book] 
 A: True 
 In one word True/False, answer the following question Q: Is the property [material] true for [Crocodile]? 
 A:",True
material|Dinosaur,"Q: Is the property [is female] true for the concept [book]? 
 A: False 
 Q: Is the property [can be digital] true for the concept [book] 
 A: True 
 In one word True/False, answer the following question Q: Is the property [material] true for [Dinosaur]? 
 A:",True
material|Gecko,"Q: Is the property [is female] true for the concept [book]? 
 A: False 
 Q: Is the property [can be digital] true for the concept [book] 
 A: True 
 In one word True/False, answer the following question Q: Is the property [material] true for [Gecko]? 
 A:",True
material|Grinding disk,"Q: Is the property [is female] true for the concept [book]? 
 A: False 
 Q: Is the property [can be digital] true for the concept [book] 
 A: True 
 In one word True/False, answer the following question Q: Is the property [material] true for [Grinding disk]? 
 A:",True
material|Hammer,"Q: Is the property [is female] true for the concept [book]? 
 A: False 
 Q: Is the property [can be digital] true for the concept [book] 
 A: True 
 In one word True/False, answer the following question Q: Is the property [material] true for [Hammer]? 
 A:",True
material|Knife,"Q: Is the property [is female] true for the concept [book]? 
 A: False 
 Q: Is the property [can be digital] true for the concept [book] 
 A: True 
 In one word True/False, answer the following question Q: Is the property [material] true for [Knife]? 
 A:",True
material|Lawn Mower,"Q: Is the property [is female] true for the concept [book]? 
 A: False 
 Q: Is the property [can be digital] true for the concept [book] 
 A: True 
 In one word True/False, answer the following question Q: Is the property [material] true for [Lawn Mower]? 
 A:",True
material|Lizard,"Q: Is the property [is female] true for the concept [book]? 
 A: False 
 Q: Is the property [can be digital] true for the concept [book] 
 A: True 
 In one word True/False, answer the following question Q: Is the property [material] true for [Lizard]? 
 A:",True
material|Nail,"Q: Is the property [is female] true for the concept [book]? 
 A: False 
 Q: Is the property [can be digital] true for the concept [book] 
 A: True 
 In one word True/False, answer the following question Q: Is the property [material] true for [Nail]? 
 A:",True
material|Oil can,"Q: Is the property [is female] true for the concept [book]? 
 A: False 
 Q: Is the property [can be digital] true for the concept [book] 
 A: True 
 In one word True/False, answer the following question Q: Is the property [material] true for [Oil can]? 
 A:",True
material|Paint brush,"Q: Is the property [is female] true for the concept [book]? 
 A: False 
 Q: Is the property [can be digital] true for the concept [book] 
 A: True 
 In one word True/False, answer the following question Q: Is the property [material] true for [Paint brush]? 
 A:",True
material|Salamander,"Q: Is the property [is female] true for the concept [book]? 
 A: False 
 Q: Is the property [can be digital] true for the concept [book] 
 A: True 
 In one word True/False, answer the following question Q: Is the property [material] true for [Salamander]? 
 A:",True
material|Saw,"Q: Is the property [is female] true for the concept [book]? 
 A: False 
 Q: Is the property [can be digital] true for the concept [book] 
 A: True 
 In one word True/False, answer the following question Q: Is the property [material] true for [Saw]? 
 A:",True
material|Screwdriver,"Q: Is the property [is female] true for the concept [book]? 
 A: False 
 Q: Is the property [can be digital] true for the concept [book] 
 A: True 
 In one word True/False, answer the following question Q: Is the property [material] true for [Screwdriver]? 
 A:",True
material|Shovel,"Q: Is the property [is female] true for the concept [book]? 
 A: False 
 Q: Is the property [can be digital] true for the concept [book] 
 A: True 
 In one word True/False, answer the following question Q: Is the property [material] true for [Shovel]? 
 A:",True
material|Snake,"Q: Is the property [is female] true for the concept [book]? 
 A: False 
 Q: Is the property [can be digital] true for the concept [book] 
 A: True 
 In one word True/False, answer the following question Q: Is the property [material] true for [Snake]? 
 A:",False
material|Spanner,"Q: Is the property [is female] true for the concept [book]? 
 A: False 
 Q: Is the property [can be digital] true for the concept [book] 
 A: True 
 In one word True/False, answer the following question Q: Is the property [material] true for [Spanner]? 
 A:",True
material|Toad,"Q: Is the property [is female] true for the concept [book]? 
 A: False 
 Q: Is the property [can be digital] true for the concept [book] 
 A: True 
 In one word True/False, answer the following question Q: Is the property [material] true for [Toad]? 
 A:",False
material|Tortoise,"Q: Is the property [is female] true for the concept [book]? 
 A: False 
 Q: Is the property [can be digital] true for the concept [book] 
 A: True 
 In one word True/False, answer the following question Q: Is the property [material] true for [Tortoise]? 
 A:",True
material|Turtle,"Q: Is the property [is female] true for the concept [book]? 
 A: False 
 Q: Is the property [can be digital] true for the concept [book] 
 A: True 
 In one word True/False, answer the following question Q: Is the property [material] true for [Turtle]? 
 A:",True
material|Vacuum,"Q: Is the property [is female] true for the concept [book]? 
 A: False 
 Q: Is the property [can be digital] true for the concept [book] 
 A: True 
 In one word True/False, answer the following question Q: Is the property [material] true for [Vacuum]? 
 A:",False
native to the americas|Alligator,"Q: Is the property [is female] true for the concept [book]? 
 A: False 
 Q: Is the property [can be digital] true for the concept [book] 
 A: True 
 In one word True/False, answer the following question Q: Is the property [native to the americas] true for [Alligator]? 
 A:",True
native to the americas|Anvil,"Q: Is the property [is female] true for the concept [book]? 
 A: False 
 Q: Is the property [can be digital] true for the concept [book] 
 A: True 
 In one word True/False, answer the following question Q: Is the property [native to the americas] true for [Anvil]? 
 A:",False
native to the americas|Axe,"Q: Is the property [is female] true for the concept [book]? 
 A: False 
 Q: Is the property [can be digital] true for the concept [book] 
 A: True 
 In one word True/False, answer the following question Q: Is the property [native to the americas] true for [Axe]? 
 A:",False
native to the americas|Blindworm,"Q: Is the property [is female] true for the concept [book]? 
 A: False 
 Q: Is the property [can be digital] true for the concept [book] 
 A: True 
 In one word True/False, answer the following question Q: Is the property [native to the americas] true for [Blindworm]? 
 A:",False
native to the americas|Boa python,"Q: Is the property [is female] true for the concept [book]? 
 A: False 
 Q: Is the property [can be digital] true for the concept [book] 
 A: True 
 In one word True/False, answer the following question Q: Is the property [native to the americas] true for [Boa python]? 
 A:",False
native to the americas|Caiman,"Q: Is the property [is female] true for the concept [book]? 
 A: False 
 Q: Is the property [can be digital] true for the concept [book] 
 A: True 
 In one word True/False, answer the following question Q: Is the property [native to the americas] true for [Caiman]? 
 A:",True
native to the americas|Chameleon,"Q: Is the property [is female] true for the concept [book]? 
 A: False 
 Q: Is the property [can be digital] true for the concept [book] 
 A: True 
 In one word True/False, answer the following question Q: Is the property [native to the americas] true for [Chameleon]? 
 A:",False
native to the americas|Chisel,"Q: Is the property [is female] true for the concept [book]? 
 A: False 
 Q: Is the property [can be digital] true for the concept [book] 
 A: True 
 In one word True/False, answer the following question Q: Is the property [native to the americas] true for [Chisel]? 
 A:",False
native to the americas|Cobra,"Q: Is the property [is female] true for the concept [book]? 
 A: False 
 Q: Is the property [can be digital] true for the concept [book] 
 A: True 
 In one word True/False, answer the following question Q: Is the property [native to the americas] true for [Cobra]? 
 A:",False
native to the americas|Crocodile,"Q: Is the property [is female] true for the concept [book]? 
 A: False 
 Q: Is the property [can be digital] true for the concept [book] 
 A: True 
 In one word True/False, answer the following question Q: Is the property [native to the americas] true for [Crocodile]? 
 A:",False
native to the americas|Dinosaur,"Q: Is the property [is female] true for the concept [book]? 
 A: False 
 Q: Is the property [can be digital] true for the concept [book] 
 A: True 
 In one word True/False, answer the following question Q: Is the property [native to the americas] true for [Dinosaur]? 
 A:",False
native to the americas|Gecko,"Q: Is the property [is female] true for the concept [book]? 
 A: False 
 Q: Is the property [can be digital] true for the concept [book] 
 A: True 
 In one word True/False, answer the following question Q: Is the property [native to the americas] true for [Gecko]? 
 A:",True
native to the americas|Grinding disk,"Q: Is the property [is female] true for the concept [book]? 
 A: False 
 Q: Is the property [can be digital] true for the concept [book] 
 A: True 
 In one word True/False, answer the following question Q: Is the property [native to the americas] true for [Grinding disk]? 
 A:",False
native to the americas|Hammer,"Q: Is the property [is female] true for the concept [book]? 
 A: False 
 Q: Is the property [can be digital] true for the concept [book] 
 A: True 
 In one word True/False, answer the following question Q: Is the property [native to the americas] true for [Hammer]? 
 A:",False
native to the americas|Knife,"Q: Is the property [is female] true for the concept [book]? 
 A: False 
 Q: Is the property [can be digital] true for the concept [book] 
 A: True 
 In one word True/False, answer the following question Q: Is the property [native to the americas] true for [Knife]? 
 A:",False
native to the americas|Lawn Mower,"Q: Is the property [is female] true for the concept [book]? 
 A: False 
 Q: Is the property [can be digital] true for the concept [book] 
 A: True 
 In one word True/False, answer the following question Q: Is the property [native to the americas] true for [Lawn Mower]? 
 A:",False
native to the americas|Lizard,"Q: Is the property [is female] true for the concept [book]? 
 A: False 
 Q: Is the property [can be digital] true for the concept [book] 
 A: True 
 In one word True/False, answer the following question Q: Is the property [native to the americas] true for [Lizard]? 
 A:",True
native to the americas|Nail,"Q: Is the property [is female] true for the concept [book]? 
 A: False 
 Q: Is the property [can be digital] true for the concept [book] 
 A: True 
 In one word True/False, answer the following question Q: Is the property [native to the americas] true for [Nail]? 
 A:",False
native to the americas|Oil can,"Q: Is the property [is female] true for the concept [book]? 
 A: False 
 Q: Is the property [can be digital] true for the concept [book] 
 A: True 
 In one word True/False, answer the following question Q: Is the property [native to the americas] true for [Oil can]? 
 A:",False
native to the americas|Paint brush,"Q: Is the property [is female] true for the concept [book]? 
 A: False 
 Q: Is the property [can be digital] true for the concept [book] 
 A: True 
 In one word True/False, answer the following question Q: Is the property [native to the americas] true for [Paint brush]? 
 A:",False
native to the americas|Salamander,"Q: Is the property [is female] true for the concept [book]? 
 A: False 
 Q: Is the property [can be digital] true for the concept [book] 
 A: True 
 In one word True/False, answer the following question Q: Is the property [native to the americas] true for [Salamander]? 
 A:",True
native to the americas|Saw,"Q: Is the property [is female] true for the concept [book]? 
 A: False 
 Q: Is the property [can be digital] true for the concept [book] 
 A: True 
 In one word True/False, answer the following question Q: Is the property [native to the americas] true for [Saw]? 
 A:",False
native to the americas|Screwdriver,"Q: Is the property [is female] true for the concept [book]? 
 A: False 
 Q: Is the property [can be digital] true for the concept [book] 
 A: True 
 In one word True/False, answer the following question Q: Is the property [native to the americas] true for [Screwdriver]? 
 A:",False
native to the americas|Shovel,"Q: Is the property [is female] true for the concept [book]? 
 A: False 
 Q: Is the property [can be digital] true for the concept [book] 
 A: True 
 In one word True/False, answer the following question Q: Is the property [native to the americas] true for [Shovel]? 
 A:",False
native to the americas|Snake,"Q: Is the property [is female] true for the concept [book]? 
 A: False 
 Q: Is the property [can be digital] true for the concept [book] 
 A: True 
 In one word True/False, answer the following question Q: Is the property [native to the americas] true for [Snake]? 
 A:",True
native to the americas|Spanner,"Q: Is the property [is female] true for the concept [book]? 
 A: False 
 Q: Is the property [can be digital] true for the concept [book] 
 A: True 
 In one word True/False, answer the following question Q: Is the property [native to the americas] true for [Spanner]? 
 A:",False
native to the americas|Toad,"Q: Is the property [is female] true for the concept [book]? 
 A: False 
 Q: Is the property [can be digital] true for the concept [book] 
 A: True 
 In one word True/False, answer the following question Q: Is the property [native to the americas] true for [Toad]? 
 A:",False
native to the americas|Tortoise,"Q: Is the property [is female] true for the concept [book]? 
 A: False 
 Q: Is the property [can be digital] true for the concept [book] 
 A: True 
 In one word True/False, answer the following question Q: Is the property [native to the americas] true for [Tortoise]? 
 A:",False
native to the americas|Turtle,"Q: Is the property [is female] true for the concept [book]? 
 A: False 
 Q: Is the property [can be digital] true for the concept [book] 
 A: True 
 In one word True/False, answer the following question Q: Is the property [native to the americas] true for [Turtle]? 
 A:",True
native to the americas|Vacuum,"Q: Is the property [is female] true for the concept [book]? 
 A: False 
 Q: Is the property [can be digital] true for the concept [book] 
 A: True 
 In one word True/False, answer the following question Q: Is the property [native to the americas] true for [Vacuum]? 
 A:",False
nocturnal|Alligator,"Q: Is the property [is female] true for the concept [book]? 
 A: False 
 Q: Is the property [can be digital] true for the concept [book] 
 A: True 
 In one word True/False, answer the following question Q: Is the property [nocturnal] true for [Alligator]? 
 A:",True
nocturnal|Anvil,"Q: Is the property [is female] true for the concept [book]? 
 A: False 
 Q: Is the property [can be digital] true for the concept [book] 
 A: True 
 In one word True/False, answer the following question Q: Is the property [nocturnal] true for [Anvil]? 
 A:",False
nocturnal|Axe,"Q: Is the property [is female] true for the concept [book]? 
 A: False 
 Q: Is the property [can be digital] true for the concept [book] 
 A: True 
 In one word True/False, answer the following question Q: Is the property [nocturnal] true for [Axe]? 
 A:",False
nocturnal|Blindworm,"Q: Is the property [is female] true for the concept [book]? 
 A: False 
 Q: Is the property [can be digital] true for the concept [book] 
 A: True 
 In one word True/False, answer the following question Q: Is the property [nocturnal] true for [Blindworm]? 
 A:",False
nocturnal|Boa python,"Q: Is the property [is female] true for the concept [book]? 
 A: False 
 Q: Is the property [can be digital] true for the concept [book] 
 A: True 
 In one word True/False, answer the following question Q: Is the property [nocturnal] true for [Boa python]? 
 A:",True
nocturnal|Caiman,"Q: Is the property [is female] true for the concept [book]? 
 A: False 
 Q: Is the property [can be digital] true for the concept [book] 
 A: True 
 In one word True/False, answer the following question Q: Is the property [nocturnal] true for [Caiman]? 
 A:",False
nocturnal|Chameleon,"Q: Is the property [is female] true for the concept [book]? 
 A: False 
 Q: Is the property [can be digital] true for the concept [book] 
 A: True 
 In one word True/False, answer the following question Q: Is the property [nocturnal] true for [Chameleon]? 
 A:",True
nocturnal|Chisel,"Q: Is the property [is female] true for the concept [book]? 
 A: False 
 Q: Is the property [can be digital] true for the concept [book] 
 A: True 
 In one word True/False, answer the following question Q: Is the property [nocturnal] true for [Chisel]? 
 A:",False
nocturnal|Cobra,"Q: Is the property [is female] true for the concept [book]? 
 A: False 
 Q: Is the property [can be digital] true for the concept [book] 
 A: True 
 In one word True/False, answer the following question Q: Is the property [nocturnal] true for [Cobra]? 
 A:",True
nocturnal|Crocodile,"Q: Is the property [is female] true for the concept [book]? 
 A: False 
 Q: Is the property [can be digital] true for the concept [book] 
 A: True 
 In one word True/False, answer the following question Q: Is the property [nocturnal] true for [Crocodile]? 
 A:",False
nocturnal|Dinosaur,"Q: Is the property [is female] true for the concept [book]? 
 A: False 
 Q: Is the property [can be digital] true for the concept [book] 
 A: True 
 In one word True/False, answer the following question Q: Is the property [nocturnal] true for [Dinosaur]? 
 A:",False
nocturnal|Gecko,"Q: Is the property [is female] true for the concept [book]? 
 A: False 
 Q: Is the property [can be digital] true for the concept [book] 
 A: True 
 In one word True/False, answer the following question Q: Is the property [nocturnal] true for [Gecko]? 
 A:",True
nocturnal|Grinding disk,"Q: Is the property [is female] true for the concept [book]? 
 A: False 
 Q: Is the property [can be digital] true for the concept [book] 
 A: True 
 In one word True/False, answer the following question Q: Is the property [nocturnal] true for [Grinding disk]? 
 A:",False
nocturnal|Hammer,"Q: Is the property [is female] true for the concept [book]? 
 A: False 
 Q: Is the property [can be digital] true for the concept [book] 
 A: True 
 In one word True/False, answer the following question Q: Is the property [nocturnal] true for [Hammer]? 
 A:",False
nocturnal|Knife,"Q: Is the property [is female] true for the concept [book]? 
 A: False 
 Q: Is the property [can be digital] true for the concept [book] 
 A: True 
 In one word True/False, answer the following question Q: Is the property [nocturnal] true for [Knife]? 
 A:",False
nocturnal|Lawn Mower,"Q: Is the property [is female] true for the concept [book]? 
 A: False 
 Q: Is the property [can be digital] true for the concept [book] 
 A: True 
 In one word True/False, answer the following question Q: Is the property [nocturnal] true for [Lawn Mower]? 
 A:",False
nocturnal|Lizard,"Q: Is the property [is female] true for the concept [book]? 
 A: False 
 Q: Is the property [can be digital] true for the concept [book] 
 A: True 
 In one word True/False, answer the following question Q: Is the property [nocturnal] true for [Lizard]? 
 A:",True
nocturnal|Nail,"Q: Is the property [is female] true for the concept [book]? 
 A: False 
 Q: Is the property [can be digital] true for the concept [book] 
 A: True 
 In one word True/False, answer the following question Q: Is the property [nocturnal] true for [Nail]? 
 A:",False
nocturnal|Oil can,"Q: Is the property [is female] true for the concept [book]? 
 A: False 
 Q: Is the property [can be digital] true for the concept [book] 
 A: True 
 In one word True/False, answer the following question Q: Is the property [nocturnal] true for [Oil can]? 
 A:",False
nocturnal|Paint brush,"Q: Is the property [is female] true for the concept [book]? 
 A: False 
 Q: Is the property [can be digital] true for the concept [book] 
 A: True 
 In one word True/False, answer the following question Q: Is the property [nocturnal] true for [Paint brush]? 
 A:",False
nocturnal|Salamander,"Q: Is the property [is female] true for the concept [book]? 
 A: False 
 Q: Is the property [can be digital] true for the concept [book] 
 A: True 
 In one word True/False, answer the following question Q: Is the property [nocturnal] true for [Salamander]? 
 A:",True
nocturnal|Saw,"Q: Is the property [is female] true for the concept [book]? 
 A: False 
 Q: Is the property [can be digital] true for the concept [book] 
 A: True 
 In one word True/False, answer the following question Q: Is the property [nocturnal] true for [Saw]? 
 A:",False
nocturnal|Screwdriver,"Q: Is the property [is female] true for the concept [book]? 
 A: False 
 Q: Is the property [can be digital] true for the concept [book] 
 A: True 
 In one word True/False, answer the following question Q: Is the property [nocturnal] true for [Screwdriver]? 
 A:",False
nocturnal|Shovel,"Q: Is the property [is female] true for the concept [book]? 
 A: False 
 Q: Is the property [can be digital] true for the concept [book] 
 A: True 
 In one word True/False, answer the following question Q: Is the property [nocturnal] true for [Shovel]? 
 A:",False
nocturnal|Snake,"Q: Is the property [is female] true for the concept [book]? 
 A: False 
 Q: Is the property [can be digital] true for the concept [book] 
 A: True 
 In one word True/False, answer the following question Q: Is the property [nocturnal] true for [Snake]? 
 A:",True
nocturnal|Spanner,"Q: Is the property [is female] true for the concept [book]? 
 A: False 
 Q: Is the property [can be digital] true for the concept [book] 
 A: True 
 In one word True/False, answer the following question Q: Is the property [nocturnal] true for [Spanner]? 
 A:",False
nocturnal|Toad,"Q: Is the property [is female] true for the concept [book]? 
 A: False 
 Q: Is the property [can be digital] true for the concept [book] 
 A: True 
 In one word True/False, answer the following question Q: Is the property [nocturnal] true for [Toad]? 
 A:",True
nocturnal|Tortoise,"Q: Is the property [is female] true for the concept [book]? 
 A: False 
 Q: Is the property [can be digital] true for the concept [book] 
 A: True 
 In one word True/False, answer the following question Q: Is the property [nocturnal] true for [Tortoise]? 
 A:",False
nocturnal|Turtle,"Q: Is the property [is female] true for the concept [book]? 
 A: False 
 Q: Is the property [can be digital] true for the concept [book] 
 A: True 
 In one word True/False, answer the following question Q: Is the property [nocturnal] true for [Turtle]? 
 A:",True
nocturnal|Vacuum,"Q: Is the property [is female] true for the concept [book]? 
 A: False 
 Q: Is the property [can be digital] true for the concept [book] 
 A: True 
 In one word True/False, answer the following question Q: Is the property [nocturnal] true for [Vacuum]? 
 A:",False
noise level|Alligator,"Q: Is the property [is female] true for the concept [book]? 
 A: False 
 Q: Is the property [can be digital] true for the concept [book] 
 A: True 
 In one word True/False, answer the following question Q: Is the property [noise level] true for [Alligator]? 
 A:",False
noise level|Anvil,"Q: Is the property [is female] true for the concept [book]? 
 A: False 
 Q: Is the property [can be digital] true for the concept [book] 
 A: True 
 In one word True/False, answer the following question Q: Is the property [noise level] true for [Anvil]? 
 A:",True
noise level|Axe,"Q: Is the property [is female] true for the concept [book]? 
 A: False 
 Q: Is the property [can be digital] true for the concept [book] 
 A: True 
 In one word True/False, answer the following question Q: Is the property [noise level] true for [Axe]? 
 A:",True
noise level|Blindworm,"Q: Is the property [is female] true for the concept [book]? 
 A: False 
 Q: Is the property [can be digital] true for the concept [book] 
 A: True 
 In one word True/False, answer the following question Q: Is the property [noise level] true for [Blindworm]? 
 A:",False
noise level|Boa python,"Q: Is the property [is female] true for the concept [book]? 
 A: False 
 Q: Is the property [can be digital] true for the concept [book] 
 A: True 
 In one word True/False, answer the following question Q: Is the property [noise level] true for [Boa python]? 
 A:",False
noise level|Caiman,"Q: Is the property [is female] true for the concept [book]? 
 A: False 
 Q: Is the property [can be digital] true for the concept [book] 
 A: True 
 In one word True/False, answer the following question Q: Is the property [noise level] true for [Caiman]? 
 A:",False
noise level|Chameleon,"Q: Is the property [is female] true for the concept [book]? 
 A: False 
 Q: Is the property [can be digital] true for the concept [book] 
 A: True 
 In one word True/False, answer the following question Q: Is the property [noise level] true for [Chameleon]? 
 A:",False
noise level|Chisel,"Q: Is the property [is female] true for the concept [book]? 
 A: False 
 Q: Is the property [can be digital] true for the concept [book] 
 A: True 
 In one word True/False, answer the following question Q: Is the property [noise level] true for [Chisel]? 
 A:",False
noise level|Cobra,"Q: Is the property [is female] true for the concept [book]? 
 A: False 
 Q: Is the property [can be digital] true for the concept [book] 
 A: True 
 In one word True/False, answer the following question Q: Is the property [noise level] true for [Cobra]? 
 A:",False
noise level|Crocodile,"Q: Is the property [is female] true for the concept [book]? 
 A: False 
 Q: Is the property [can be digital] true for the concept [book] 
 A: True 
 In one word True/False, answer the following question Q: Is the property [noise level] true for [Crocodile]? 
 A:",False
noise level|Dinosaur,"Q: Is the property [is female] true for the concept [book]? 
 A: False 
 Q: Is the property [can be digital] true for the concept [book] 
 A: True 
 In one word True/False, answer the following question Q: Is the property [noise level] true for [Dinosaur]? 
 A:",False
noise level|Gecko,"Q: Is the property [is female] true for the concept [book]? 
 A: False 
 Q: Is the property [can be digital] true for the concept [book] 
 A: True 
 In one word True/False, answer the following question Q: Is the property [noise level] true for [Gecko]? 
 A:",False
noise level|Grinding disk,"Q: Is the property [is female] true for the concept [book]? 
 A: False 
 Q: Is the property [can be digital] true for the concept [book] 
 A: True 
 In one word True/False, answer the following question Q: Is the property [noise level] true for [Grinding disk]? 
 A:",True
noise level|Hammer,"Q: Is the property [is female] true for the concept [book]? 
 A: False 
 Q: Is the property [can be digital] true for the concept [book] 
 A: True 
 In one word True/False, answer the following question Q: Is the property [noise level] true for [Hammer]? 
 A:",True
noise level|Knife,"Q: Is the property [is female] true for the concept [book]? 
 A: False 
 Q: Is the property [can be digital] true for the concept [book] 
 A: True 
 In one word True/False, answer the following question Q: Is the property [noise level] true for [Knife]? 
 A:",False
noise level|Lawn Mower,"Q: Is the property [is female] true for the concept [book]? 
 A: False 
 Q: Is the property [can be digital] true for the concept [book] 
 A: True 
 In one word True/False, answer the following question Q: Is the property [noise level] true for [Lawn Mower]? 
 A:",True
noise level|Lizard,"Q: Is the property [is female] true for the concept [book]? 
 A: False 
 Q: Is the property [can be digital] true for the concept [book] 
 A: True 
 In one word True/False, answer the following question Q: Is the property [noise level] true for [Lizard]? 
 A:",False
noise level|Nail,"Q: Is the property [is female] true for the concept [book]? 
 A: False 
 Q: Is the property [can be digital] true for the concept [book] 
 A: True 
 In one word True/False, answer the following question Q: Is the property [noise level] true for [Nail]? 
 A:",False
noise level|Oil can,"Q: Is the property [is female] true for the concept [book]? 
 A: False 
 Q: Is the property [can be digital] true for the concept [book] 
 A: True 
 In one word True/False, answer the following question Q: Is the property [noise level] true for [Oil can]? 
 A:",False
noise level|Paint brush,"Q: Is the property [is female] true for the concept [book]? 
 A: False 
 Q: Is the property [can be digital] true for the concept [book] 
 A: True 
 In one word True/False, answer the following question Q: Is the property [noise level] true for [Paint brush]? 
 A:",False
noise level|Salamander,"Q: Is the property [is female] true for the concept [book]? 
 A: False 
 Q: Is the property [can be digital] true for the concept [book] 
 A: True 
 In one word True/False, answer the following question Q: Is the property [noise level] true for [Salamander]? 
 A:",False
noise level|Saw,"Q: Is the property [is female] true for the concept [book]? 
 A: False 
 Q: Is the property [can be digital] true for the concept [book] 
 A: True 
 In one word True/False, answer the following question Q: Is the property [noise level] true for [Saw]? 
 A:",True
noise level|Screwdriver,"Q: Is the property [is female] true for the concept [book]? 
 A: False 
 Q: Is the property [can be digital] true for the concept [book] 
 A: True 
 In one word True/False, answer the following question Q: Is the property [noise level] true for [Screwdriver]? 
 A:",False
noise level|Shovel,"Q: Is the property [is female] true for the concept [book]? 
 A: False 
 Q: Is the property [can be digital] true for the concept [book] 
 A: True 
 In one word True/False, answer the following question Q: Is the property [noise level] true for [Shovel]? 
 A:",False
noise level|Snake,"Q: Is the property [is female] true for the concept [book]? 
 A: False 
 Q: Is the property [can be digital] true for the concept [book] 
 A: True 
 In one word True/False, answer the following question Q: Is the property [noise level] true for [Snake]? 
 A:",False
noise level|Spanner,"Q: Is the property [is female] true for the concept [book]? 
 A: False 
 Q: Is the property [can be digital] true for the concept [book] 
 A: True 
 In one word True/False, answer the following question Q: Is the property [noise level] true for [Spanner]? 
 A:",False
noise level|Toad,"Q: Is the property [is female] true for the concept [book]? 
 A: False 
 Q: Is the property [can be digital] true for the concept [book] 
 A: True 
 In one word True/False, answer the following question Q: Is the property [noise level] true for [Toad]? 
 A:",False
noise level|Tortoise,"Q: Is the property [is female] true for the concept [book]? 
 A: False 
 Q: Is the property [can be digital] true for the concept [book] 
 A: True 
 In one word True/False, answer the following question Q: Is the property [noise level] true for [Tortoise]? 
 A:",False
noise level|Turtle,"Q: Is the property [is female] true for the concept [book]? 
 A: False 
 Q: Is the property [can be digital] true for the concept [book] 
 A: True 
 In one word True/False, answer the following question Q: Is the property [noise level] true for [Turtle]? 
 A:",False
noise level|Vacuum,"Q: Is the property [is female] true for the concept [book]? 
 A: False 
 Q: Is the property [can be digital] true for the concept [book] 
 A: True 
 In one word True/False, answer the following question Q: Is the property [noise level] true for [Vacuum]? 
 A:",True
portability|Alligator,"Q: Is the property [is female] true for the concept [book]? 
 A: False 
 Q: Is the property [can be digital] true for the concept [book] 
 A: True 
 In one word True/False, answer the following question Q: Is the property [portability] true for [Alligator]? 
 A:",False
portability|Anvil,"Q: Is the property [is female] true for the concept [book]? 
 A: False 
 Q: Is the property [can be digital] true for the concept [book] 
 A: True 
 In one word True/False, answer the following question Q: Is the property [portability] true for [Anvil]? 
 A:",False
portability|Axe,"Q: Is the property [is female] true for the concept [book]? 
 A: False 
 Q: Is the property [can be digital] true for the concept [book] 
 A: True 
 In one word True/False, answer the following question Q: Is the property [portability] true for [Axe]? 
 A:",True
portability|Blindworm,"Q: Is the property [is female] true for the concept [book]? 
 A: False 
 Q: Is the property [can be digital] true for the concept [book] 
 A: True 
 In one word True/False, answer the following question Q: Is the property [portability] true for [Blindworm]? 
 A:",False
portability|Boa python,"Q: Is the property [is female] true for the concept [book]? 
 A: False 
 Q: Is the property [can be digital] true for the concept [book] 
 A: True 
 In one word True/False, answer the following question Q: Is the property [portability] true for [Boa python]? 
 A:",False
portability|Caiman,"Q: Is the property [is female] true for the concept [book]? 
 A: False 
 Q: Is the property [can be digital] true for the concept [book] 
 A: True 
 In one word True/False, answer the following question Q: Is the property [portability] true for [Caiman]? 
 A:",False
portability|Chameleon,"Q: Is the property [is female] true for the concept [book]? 
 A: False 
 Q: Is the property [can be digital] true for the concept [book] 
 A: True 
 In one word True/False, answer the following question Q: Is the property [portability] true for [Chameleon]? 
 A:",False
portability|Chisel,"Q: Is the property [is female] true for the concept [book]? 
 A: False 
 Q: Is the property [can be digital] true for the concept [book] 
 A: True 
 In one word True/False, answer the following question Q: Is the property [portability] true for [Chisel]? 
 A:",False
portability|Cobra,"Q: Is the property [is female] true for the concept [book]? 
 A: False 
 Q: Is the property [can be digital] true for the concept [book] 
 A: True 
 In one word True/False, answer the following question Q: Is the property [portability] true for [Cobra]? 
 A:",False
portability|Crocodile,"Q: Is the property [is female] true for the concept [book]? 
 A: False 
 Q: Is the property [can be digital] true for the concept [book] 
 A: True 
 In one word True/False, answer the following question Q: Is the property [portability] true for [Crocodile]? 
 A:",False
portability|Dinosaur,"Q: Is the property [is female] true for the concept [book]? 
 A: False 
 Q: Is the property [can be digital] true for the concept [book] 
 A: True 
 In one word True/False, answer the following question Q: Is the property [portability] true for [Dinosaur]? 
 A:",False
portability|Gecko,"Q: Is the property [is female] true for the concept [book]? 
 A: False 
 Q: Is the property [can be digital] true for the concept [book] 
 A: True 
 In one word True/False, answer the following question Q: Is the property [portability] true for [Gecko]? 
 A:",False
portability|Grinding disk,"Q: Is the property [is female] true for the concept [book]? 
 A: False 
 Q: Is the property [can be digital] true for the concept [book] 
 A: True 
 In one word True/False, answer the following question Q: Is the property [portability] true for [Grinding disk]? 
 A:",True
portability|Hammer,"Q: Is the property [is female] true for the concept [book]? 
 A: False 
 Q: Is the property [can be digital] true for the concept [book] 
 A: True 
 In one word True/False, answer the following question Q: Is the property [portability] true for [Hammer]? 
 A:",False
portability|Knife,"Q: Is the property [is female] true for the concept [book]? 
 A: False 
 Q: Is the property [can be digital] true for the concept [book] 
 A: True 
 In one word True/False, answer the following question Q: Is the property [portability] true for [Knife]? 
 A:",True
portability|Lawn Mower,"Q: Is the property [is female] true for the concept [book]? 
 A: False 
 Q: Is the property [can be digital] true for the concept [book] 
 A: True 
 In one word True/False, answer the following question Q: Is the property [portability] true for [Lawn Mower]? 
 A:",True
portability|Lizard,"Q: Is the property [is female] true for the concept [book]? 
 A: False 
 Q: Is the property [can be digital] true for the concept [book] 
 A: True 
 In one word True/False, answer the following question Q: Is the property [portability] true for [Lizard]? 
 A:",False
portability|Nail,"Q: Is the property [is female] true for the concept [book]? 
 A: False 
 Q: Is the property [can be digital] true for the concept [book] 
 A: True 
 In one word True/False, answer the following question Q: Is the property [portability] true for [Nail]? 
 A:",False
portability|Oil can,"Q: Is the property [is female] true for the concept [book]? 
 A: False 
 Q: Is the property [can be digital] true for the concept [book] 
 A: True 
 In one word True/False, answer the following question Q: Is the property [portability] true for [Oil can]? 
 A:",True
portability|Paint brush,"Q: Is the property [is female] true for the concept [book]? 
 A: False 
 Q: Is the property [can be digital] true for the concept [book] 
 A: True 
 In one word True/False, answer the following question Q: Is the property [portability] true for [Paint brush]? 
 A:",True
portability|Salamander,"Q: Is the property [is female] true for the concept [book]? 
 A: False 
 Q: Is the property [can be digital] true for the concept [book] 
 A: True 
 In one word True/False, answer the following question Q: Is the property [portability] true for [Salamander]? 
 A:",False
portability|Saw,"Q: Is the property [is female] true for the concept [book]? 
 A: False 
 Q: Is the property [can be digital] true for the concept [book] 
 A: True 
 In one word True/False, answer the following question Q: Is the property [portability] true for [Saw]? 
 A:",False
portability|Screwdriver,"Q: Is the property [is female] true for the concept [book]? 
 A: False 
 Q: Is the property [can be digital] true for the concept [book] 
 A: True 
 In one word True/False, answer the following question Q: Is the property [portability] true for [Screwdriver]? 
 A:",True
portability|Shovel,"Q: Is the property [is female] true for the concept [book]? 
 A: False 
 Q: Is the property [can be digital] true for the concept [book] 
 A: True 
 In one word True/False, answer the following question Q: Is the property [portability] true for [Shovel]? 
 A:",False
portability|Snake,"Q: Is the property [is female] true for the concept [book]? 
 A: False 
 Q: Is the property [can be digital] true for the concept [book] 
 A: True 
 In one word True/False, answer the following question Q: Is the property [portability] true for [Snake]? 
 A:",False
portability|Spanner,"Q: Is the property [is female] true for the concept [book]? 
 A: False 
 Q: Is the property [can be digital] true for the concept [book] 
 A: True 
 In one word True/False, answer the following question Q: Is the property [portability] true for [Spanner]? 
 A:",False
portability|Toad,"Q: Is the property [is female] true for the concept [book]? 
 A: False 
 Q: Is the property [can be digital] true for the concept [book] 
 A: True 
 In one word True/False, answer the following question Q: Is the property [portability] true for [Toad]? 
 A:",False
portability|Tortoise,"Q: Is the property [is female] true for the concept [book]? 
 A: False 
 Q: Is the property [can be digital] true for the concept [book] 
 A: True 
 In one word True/False, answer the following question Q: Is the property [portability] true for [Tortoise]? 
 A:",False
portability|Turtle,"Q: Is the property [is female] true for the concept [book]? 
 A: False 
 Q: Is the property [can be digital] true for the concept [book] 
 A: True 
 In one word True/False, answer the following question Q: Is the property [portability] true for [Turtle]? 
 A:",True
portability|Vacuum,"Q: Is the property [is female] true for the concept [book]? 
 A: False 
 Q: Is the property [can be digital] true for the concept [book] 
 A: True 
 In one word True/False, answer the following question Q: Is the property [portability] true for [Vacuum]? 
 A:",True
"prefers warm, humid environments|Alligator","Q: Is the property [is female] true for the concept [book]? 
 A: False 
 Q: Is the property [can be digital] true for the concept [book] 
 A: True 
 In one word True/False, answer the following question Q: Is the property [prefers warm, humid environments] true for [Alligator]? 
 A:",True
"prefers warm, humid environments|Anvil","Q: Is the property [is female] true for the concept [book]? 
 A: False 
 Q: Is the property [can be digital] true for the concept [book] 
 A: True 
 In one word True/False, answer the following question Q: Is the property [prefers warm, humid environments] true for [Anvil]? 
 A:",False
"prefers warm, humid environments|Axe","Q: Is the property [is female] true for the concept [book]? 
 A: False 
 Q: Is the property [can be digital] true for the concept [book] 
 A: True 
 In one word True/False, answer the following question Q: Is the property [prefers warm, humid environments] true for [Axe]? 
 A:",False
"prefers warm, humid environments|Blindworm","Q: Is the property [is female] true for the concept [book]? 
 A: False 
 Q: Is the property [can be digital] true for the concept [book] 
 A: True 
 In one word True/False, answer the following question Q: Is the property [prefers warm, humid environments] true for [Blindworm]? 
 A:",False
"prefers warm, humid environments|Boa python","Q: Is the property [is female] true for the concept [book]? 
 A: False 
 Q: Is the property [can be digital] true for the concept [book] 
 A: True 
 In one word True/False, answer the following question Q: Is the property [prefers warm, humid environments] true for [Boa python]? 
 A:",True
"prefers warm, humid environments|Caiman","Q: Is the property [is female] true for the concept [book]? 
 A: False 
 Q: Is the property [can be digital] true for the concept [book] 
 A: True 
 In one word True/False, answer the following question Q: Is the property [prefers warm, humid environments] true for [Caiman]? 
 A:",True
"prefers warm, humid environments|Chameleon","Q: Is the property [is female] true for the concept [book]? 
 A: False 
 Q: Is the property [can be digital] true for the concept [book] 
 A: True 
 In one word True/False, answer the following question Q: Is the property [prefers warm, humid environments] true for [Chameleon]? 
 A:",True
"prefers warm, humid environments|Chisel","Q: Is the property [is female] true for the concept [book]? 
 A: False 
 Q: Is the property [can be digital] true for the concept [book] 
 A: True 
 In one word True/False, answer the following question Q: Is the property [prefers warm, humid environments] true for [Chisel]? 
 A:",False
"prefers warm, humid environments|Cobra","Q: Is the property [is female] true for the concept [book]? 
 A: False 
 Q: Is the property [can be digital] true for the concept [book] 
 A: True 
 In one word True/False, answer the following question Q: Is the property [prefers warm, humid environments] true for [Cobra]? 
 A:",True
"prefers warm, humid environments|Crocodile","Q: Is the property [is female] true for the concept [book]? 
 A: False 
 Q: Is the property [can be digital] true for the concept [book] 
 A: True 
 In one word True/False, answer the following question Q: Is the property [prefers warm, humid environments] true for [Crocodile]? 
 A:",True
"prefers warm, humid environments|Dinosaur","Q: Is the property [is female] true for the concept [book]? 
 A: False 
 Q: Is the property [can be digital] true for the concept [book] 
 A: True 
 In one word True/False, answer the following question Q: Is the property [prefers warm, humid environments] true for [Dinosaur]? 
 A:",True
"prefers warm, humid environments|Gecko","Q: Is the property [is female] true for the concept [book]? 
 A: False 
 Q: Is the property [can be digital] true for the concept [book] 
 A: True 
 In one word True/False, answer the following question Q: Is the property [prefers warm, humid environments] true for [Gecko]? 
 A:",True
"prefers warm, humid environments|Grinding disk","Q: Is the property [is female] true for the concept [book]? 
 A: False 
 Q: Is the property [can be digital] true for the concept [book] 
 A: True 
 In one word True/False, answer the following question Q: Is the property [prefers warm, humid environments] true for [Grinding disk]? 
 A:",False
"prefers warm, humid environments|Hammer","Q: Is the property [is female] true for the concept [book]? 
 A: False 
 Q: Is the property [can be digital] true for the concept [book] 
 A: True 
 In one word True/False, answer the following question Q: Is the property [prefers warm, humid environments] true for [Hammer]? 
 A:",False
"prefers warm, humid environments|Knife","Q: Is the property [is female] true for the concept [book]? 
 A: False 
 Q: Is the property [can be digital] true for the concept [book] 
 A: True 
 In one word True/False, answer the following question Q: Is the property [prefers warm, humid environments] true for [Knife]? 
 A:",False
"prefers warm, humid environments|Lawn Mower","Q: Is the property [is female] true for the concept [book]? 
 A: False 
 Q: Is the property [can be digital] true for the concept [book] 
 A: True 
 In one word True/False, answer the following question Q: Is the property [prefers warm, humid environments] true for [Lawn Mower]? 
 A:",False
"prefers warm, humid environments|Lizard","Q: Is the property [is female] true for the concept [book]? 
 A: False 
 Q: Is the property [can be digital] true for the concept [book] 
 A: True 
 In one word True/False, answer the following question Q: Is the property [prefers warm, humid environments] true for [Lizard]? 
 A:",True
"prefers warm, humid environments|Nail","Q: Is the property [is female] true for the concept [book]? 
 A: False 
 Q: Is the property [can be digital] true for the concept [book] 
 A: True 
 In one word True/False, answer the following question Q: Is the property [prefers warm, humid environments] true for [Nail]? 
 A:",False
"prefers warm, humid environments|Oil can","Q: Is the property [is female] true for the concept [book]? 
 A: False 
 Q: Is the property [can be digital] true for the concept [book] 
 A: True 
 In one word True/False, answer the following question Q: Is the property [prefers warm, humid environments] true for [Oil can]? 
 A:",False
"prefers warm, humid environments|Paint brush","Q: Is the property [is female] true for the concept [book]? 
 A: False 
 Q: Is the property [can be digital] true for the concept [book] 
 A: True 
 In one word True/False, answer the following question Q: Is the property [prefers warm, humid environments] true for [Paint brush]? 
 A:",False
"prefers warm, humid environments|Salamander","Q: Is the property [is female] true for the concept [book]? 
 A: False 
 Q: Is the property [can be digital] true for the concept [book] 
 A: True 
 In one word True/False, answer the following question Q: Is the property [prefers warm, humid environments] true for [Salamander]? 
 A:",True
"prefers warm, humid environments|Saw","Q: Is the property [is female] true for the concept [book]? 
 A: False 
 Q: Is the property [can be digital] true for the concept [book] 
 A: True 
 In one word True/False, answer the following question Q: Is the property [prefers warm, humid environments] true for [Saw]? 
 A:",False
"prefers warm, humid environments|Screwdriver","Q: Is the property [is female] true for the concept [book]? 
 A: False 
 Q: Is the property [can be digital] true for the concept [book] 
 A: True 
 In one word True/False, answer the following question Q: Is the property [prefers warm, humid environments] true for [Screwdriver]? 
 A:",False
"prefers warm, humid environments|Shovel","Q: Is the property [is female] true for the concept [book]? 
 A: False 
 Q: Is the property [can be digital] true for the concept [book] 
 A: True 
 In one word True/False, answer the following question Q: Is the property [prefers warm, humid environments] true for [Shovel]? 
 A:",False
"prefers warm, humid environments|Snake","Q: Is the property [is female] true for the concept [book]? 
 A: False 
 Q: Is the property [can be digital] true for the concept [book] 
 A: True 
 In one word True/False, answer the following question Q: Is the property [prefers warm, humid environments] true for [Snake]? 
 A:",True
"prefers warm, humid environments|Spanner","Q: Is the property [is female] true for the concept [book]? 
 A: False 
 Q: Is the property [can be digital] true for the concept [book] 
 A: True 
 In one word True/False, answer the following question Q: Is the property [prefers warm, humid environments] true for [Spanner]? 
 A:",False
"prefers warm, humid environments|Toad","Q: Is the property [is female] true for the concept [book]? 
 A: False 
 Q: Is the property [can be digital] true for the concept [book] 
 A: True 
 In one word True/False, answer the following question Q: Is the property [prefers warm, humid environments] true for [Toad]? 
 A:",True
"prefers warm, humid environments|Tortoise","Q: Is the property [is female] true for the concept [book]? 
 A: False 
 Q: Is the property [can be digital] true for the concept [book] 
 A: True 
 In one word True/False, answer the following question Q: Is the property [prefers warm, humid environments] true for [Tortoise]? 
 A:",True
"prefers warm, humid environments|Turtle","Q: Is the property [is female] true for the concept [book]? 
 A: False 
 Q: Is the property [can be digital] true for the concept [book] 
 A: True 
 In one word True/False, answer the following question Q: Is the property [prefers warm, humid environments] true for [Turtle]? 
 A:",True
"prefers warm, humid environments|Vacuum","Q: Is the property [is female] true for the concept [book]? 
 A: False 
 Q: Is the property [can be digital] true for the concept [book] 
 A: True 
 In one word True/False, answer the following question Q: Is the property [prefers warm, humid environments] true for [Vacuum]? 
 A:",False
prehensile tail|Alligator,"Q: Is the property [is female] true for the concept [book]? 
 A: False 
 Q: Is the property [can be digital] true for the concept [book] 
 A: True 
 In one word True/False, answer the following question Q: Is the property [prehensile tail] true for [Alligator]? 
 A:",False
prehensile tail|Anvil,"Q: Is the property [is female] true for the concept [book]? 
 A: False 
 Q: Is the property [can be digital] true for the concept [book] 
 A: True 
 In one word True/False, answer the following question Q: Is the property [prehensile tail] true for [Anvil]? 
 A:",False
prehensile tail|Axe,"Q: Is the property [is female] true for the concept [book]? 
 A: False 
 Q: Is the property [can be digital] true for the concept [book] 
 A: True 
 In one word True/False, answer the following question Q: Is the property [prehensile tail] true for [Axe]? 
 A:",False
prehensile tail|Blindworm,"Q: Is the property [is female] true for the concept [book]? 
 A: False 
 Q: Is the property [can be digital] true for the concept [book] 
 A: True 
 In one word True/False, answer the following question Q: Is the property [prehensile tail] true for [Blindworm]? 
 A:",False
prehensile tail|Boa python,"Q: Is the property [is female] true for the concept [book]? 
 A: False 
 Q: Is the property [can be digital] true for the concept [book] 
 A: True 
 In one word True/False, answer the following question Q: Is the property [prehensile tail] true for [Boa python]? 
 A:",False
prehensile tail|Caiman,"Q: Is the property [is female] true for the concept [book]? 
 A: False 
 Q: Is the property [can be digital] true for the concept [book] 
 A: True 
 In one word True/False, answer the following question Q: Is the property [prehensile tail] true for [Caiman]? 
 A:",False
prehensile tail|Chameleon,"Q: Is the property [is female] true for the concept [book]? 
 A: False 
 Q: Is the property [can be digital] true for the concept [book] 
 A: True 
 In one word True/False, answer the following question Q: Is the property [prehensile tail] true for [Chameleon]? 
 A:",False
prehensile tail|Chisel,"Q: Is the property [is female] true for the concept [book]? 
 A: False 
 Q: Is the property [can be digital] true for the concept [book] 
 A: True 
 In one word True/False, answer the following question Q: Is the property [prehensile tail] true for [Chisel]? 
 A:",False
prehensile tail|Cobra,"Q: Is the property [is female] true for the concept [book]? 
 A: False 
 Q: Is the property [can be digital] true for the concept [book] 
 A: True 
 In one word True/False, answer the following question Q: Is the property [prehensile tail] true for [Cobra]? 
 A:",False
prehensile tail|Crocodile,"Q: Is the property [is female] true for the concept [book]? 
 A: False 
 Q: Is the property [can be digital] true for the concept [book] 
 A: True 
 In one word True/False, answer the following question Q: Is the property [prehensile tail] true for [Crocodile]? 
 A:",False
prehensile tail|Dinosaur,"Q: Is the property [is female] true for the concept [book]? 
 A: False 
 Q: Is the property [can be digital] true for the concept [book] 
 A: True 
 In one word True/False, answer the following question Q: Is the property [prehensile tail] true for [Dinosaur]? 
 A:",False
prehensile tail|Gecko,"Q: Is the property [is female] true for the concept [book]? 
 A: False 
 Q: Is the property [can be digital] true for the concept [book] 
 A: True 
 In one word True/False, answer the following question Q: Is the property [prehensile tail] true for [Gecko]? 
 A:",True
prehensile tail|Grinding disk,"Q: Is the property [is female] true for the concept [book]? 
 A: False 
 Q: Is the property [can be digital] true for the concept [book] 
 A: True 
 In one word True/False, answer the following question Q: Is the property [prehensile tail] true for [Grinding disk]? 
 A:",False
prehensile tail|Hammer,"Q: Is the property [is female] true for the concept [book]? 
 A: False 
 Q: Is the property [can be digital] true for the concept [book] 
 A: True 
 In one word True/False, answer the following question Q: Is the property [prehensile tail] true for [Hammer]? 
 A:",False
prehensile tail|Knife,"Q: Is the property [is female] true for the concept [book]? 
 A: False 
 Q: Is the property [can be digital] true for the concept [book] 
 A: True 
 In one word True/False, answer the following question Q: Is the property [prehensile tail] true for [Knife]? 
 A:",False
prehensile tail|Lawn Mower,"Q: Is the property [is female] true for the concept [book]? 
 A: False 
 Q: Is the property [can be digital] true for the concept [book] 
 A: True 
 In one word True/False, answer the following question Q: Is the property [prehensile tail] true for [Lawn Mower]? 
 A:",False
prehensile tail|Lizard,"Q: Is the property [is female] true for the concept [book]? 
 A: False 
 Q: Is the property [can be digital] true for the concept [book] 
 A: True 
 In one word True/False, answer the following question Q: Is the property [prehensile tail] true for [Lizard]? 
 A:",True
prehensile tail|Nail,"Q: Is the property [is female] true for the concept [book]? 
 A: False 
 Q: Is the property [can be digital] true for the concept [book] 
 A: True 
 In one word True/False, answer the following question Q: Is the property [prehensile tail] true for [Nail]? 
 A:",False
prehensile tail|Oil can,"Q: Is the property [is female] true for the concept [book]? 
 A: False 
 Q: Is the property [can be digital] true for the concept [book] 
 A: True 
 In one word True/False, answer the following question Q: Is the property [prehensile tail] true for [Oil can]? 
 A:",False
prehensile tail|Paint brush,"Q: Is the property [is female] true for the concept [book]? 
 A: False 
 Q: Is the property [can be digital] true for the concept [book] 
 A: True 
 In one word True/False, answer the following question Q: Is the property [prehensile tail] true for [Paint brush]? 
 A:",False
prehensile tail|Salamander,"Q: Is the property [is female] true for the concept [book]? 
 A: False 
 Q: Is the property [can be digital] true for the concept [book] 
 A: True 
 In one word True/False, answer the following question Q: Is the property [prehensile tail] true for [Salamander]? 
 A:",False
prehensile tail|Saw,"Q: Is the property [is female] true for the concept [book]? 
 A: False 
 Q: Is the property [can be digital] true for the concept [book] 
 A: True 
 In one word True/False, answer the following question Q: Is the property [prehensile tail] true for [Saw]? 
 A:",False
prehensile tail|Screwdriver,"Q: Is the property [is female] true for the concept [book]? 
 A: False 
 Q: Is the property [can be digital] true for the concept [book] 
 A: True 
 In one word True/False, answer the following question Q: Is the property [prehensile tail] true for [Screwdriver]? 
 A:",False
prehensile tail|Shovel,"Q: Is the property [is female] true for the concept [book]? 
 A: False 
 Q: Is the property [can be digital] true for the concept [book] 
 A: True 
 In one word True/False, answer the following question Q: Is the property [prehensile tail] true for [Shovel]? 
 A:",False
prehensile tail|Snake,"Q: Is the property [is female] true for the concept [book]? 
 A: False 
 Q: Is the property [can be digital] true for the concept [book] 
 A: True 
 In one word True/False, answer the following question Q: Is the property [prehensile tail] true for [Snake]? 
 A:",False
prehensile tail|Spanner,"Q: Is the property [is female] true for the concept [book]? 
 A: False 
 Q: Is the property [can be digital] true for the concept [book] 
 A: True 
 In one word True/False, answer the following question Q: Is the property [prehensile tail] true for [Spanner]? 
 A:",False
prehensile tail|Toad,"Q: Is the property [is female] true for the concept [book]? 
 A: False 
 Q: Is the property [can be digital] true for the concept [book] 
 A: True 
 In one word True/False, answer the following question Q: Is the property [prehensile tail] true for [Toad]? 
 A:",False
prehensile tail|Tortoise,"Q: Is the property [is female] true for the concept [book]? 
 A: False 
 Q: Is the property [can be digital] true for the concept [book] 
 A: True 
 In one word True/False, answer the following question Q: Is the property [prehensile tail] true for [Tortoise]? 
 A:",False
prehensile tail|Turtle,"Q: Is the property [is female] true for the concept [book]? 
 A: False 
 Q: Is the property [can be digital] true for the concept [book] 
 A: True 
 In one word True/False, answer the following question Q: Is the property [prehensile tail] true for [Turtle]? 
 A:",False
prehensile tail|Vacuum,"Q: Is the property [is female] true for the concept [book]? 
 A: False 
 Q: Is the property [can be digital] true for the concept [book] 
 A: True 
 In one word True/False, answer the following question Q: Is the property [prehensile tail] true for [Vacuum]? 
 A:",False
price range|Alligator,"Q: Is the property [is female] true for the concept [book]? 
 A: False 
 Q: Is the property [can be digital] true for the concept [book] 
 A: True 
 In one word True/False, answer the following question Q: Is the property [price range] true for [Alligator]? 
 A:",False
price range|Anvil,"Q: Is the property [is female] true for the concept [book]? 
 A: False 
 Q: Is the property [can be digital] true for the concept [book] 
 A: True 
 In one word True/False, answer the following question Q: Is the property [price range] true for [Anvil]? 
 A:",False
price range|Axe,"Q: Is the property [is female] true for the concept [book]? 
 A: False 
 Q: Is the property [can be digital] true for the concept [book] 
 A: True 
 In one word True/False, answer the following question Q: Is the property [price range] true for [Axe]? 
 A:",False
price range|Blindworm,"Q: Is the property [is female] true for the concept [book]? 
 A: False 
 Q: Is the property [can be digital] true for the concept [book] 
 A: True 
 In one word True/False, answer the following question Q: Is the property [price range] true for [Blindworm]? 
 A:",False
price range|Boa python,"Q: Is the property [is female] true for the concept [book]? 
 A: False 
 Q: Is the property [can be digital] true for the concept [book] 
 A: True 
 In one word True/False, answer the following question Q: Is the property [price range] true for [Boa python]? 
 A:",False
price range|Caiman,"Q: Is the property [is female] true for the concept [book]? 
 A: False 
 Q: Is the property [can be digital] true for the concept [book] 
 A: True 
 In one word True/False, answer the following question Q: Is the property [price range] true for [Caiman]? 
 A:",False
price range|Chameleon,"Q: Is the property [is female] true for the concept [book]? 
 A: False 
 Q: Is the property [can be digital] true for the concept [book] 
 A: True 
 In one word True/False, answer the following question Q: Is the property [price range] true for [Chameleon]? 
 A:",False
price range|Chisel,"Q: Is the property [is female] true for the concept [book]? 
 A: False 
 Q: Is the property [can be digital] true for the concept [book] 
 A: True 
 In one word True/False, answer the following question Q: Is the property [price range] true for [Chisel]? 
 A:",False
price range|Cobra,"Q: Is the property [is female] true for the concept [book]? 
 A: False 
 Q: Is the property [can be digital] true for the concept [book] 
 A: True 
 In one word True/False, answer the following question Q: Is the property [price range] true for [Cobra]? 
 A:",False
price range|Crocodile,"Q: Is the property [is female] true for the concept [book]? 
 A: False 
 Q: Is the property [can be digital] true for the concept [book] 
 A: True 
 In one word True/False, answer the following question Q: Is the property [price range] true for [Crocodile]? 
 A:",False
price range|Dinosaur,"Q: Is the property [is female] true for the concept [book]? 
 A: False 
 Q: Is the property [can be digital] true for the concept [book] 
 A: True 
 In one word True/False, answer the following question Q: Is the property [price range] true for [Dinosaur]? 
 A:",False
price range|Gecko,"Q: Is the property [is female] true for the concept [book]? 
 A: False 
 Q: Is the property [can be digital] true for the concept [book] 
 A: True 
 In one word True/False, answer the following question Q: Is the property [price range] true for [Gecko]? 
 A:",False
price range|Grinding disk,"Q: Is the property [is female] true for the concept [book]? 
 A: False 
 Q: Is the property [can be digital] true for the concept [book] 
 A: True 
 In one word True/False, answer the following question Q: Is the property [price range] true for [Grinding disk]? 
 A:",False
price range|Hammer,"Q: Is the property [is female] true for the concept [book]? 
 A: False 
 Q: Is the property [can be digital] true for the concept [book] 
 A: True 
 In one word True/False, answer the following question Q: Is the property [price range] true for [Hammer]? 
 A:",False
price range|Knife,"Q: Is the property [is female] true for the concept [book]? 
 A: False 
 Q: Is the property [can be digital] true for the concept [book] 
 A: True 
 In one word True/False, answer the following question Q: Is the property [price range] true for [Knife]? 
 A:",False
price range|Lawn Mower,"Q: Is the property [is female] true for the concept [book]? 
 A: False 
 Q: Is the property [can be digital] true for the concept [book] 
 A: True 
 In one word True/False, answer the following question Q: Is the property [price range] true for [Lawn Mower]? 
 A:",True
price range|Lizard,"Q: Is the property [is female] true for the concept [book]? 
 A: False 
 Q: Is the property [can be digital] true for the concept [book] 
 A: True 
 In one word True/False, answer the following question Q: Is the property [price range] true for [Lizard]? 
 A:",False
price range|Nail,"Q: Is the property [is female] true for the concept [book]? 
 A: False 
 Q: Is the property [can be digital] true for the concept [book] 
 A: True 
 In one word True/False, answer the following question Q: Is the property [price range] true for [Nail]? 
 A:",False
price range|Oil can,"Q: Is the property [is female] true for the concept [book]? 
 A: False 
 Q: Is the property [can be digital] true for the concept [book] 
 A: True 
 In one word True/False, answer the following question Q: Is the property [price range] true for [Oil can]? 
 A:",False
price range|Paint brush,"Q: Is the property [is female] true for the concept [book]? 
 A: False 
 Q: Is the property [can be digital] true for the concept [book] 
 A: True 
 In one word True/False, answer the following question Q: Is the property [price range] true for [Paint brush]? 
 A:",False
price range|Salamander,"Q: Is the property [is female] true for the concept [book]? 
 A: False 
 Q: Is the property [can be digital] true for the concept [book] 
 A: True 
 In one word True/False, answer the following question Q: Is the property [price range] true for [Salamander]? 
 A:",False
price range|Saw,"Q: Is the property [is female] true for the concept [book]? 
 A: False 
 Q: Is the property [can be digital] true for the concept [book] 
 A: True 
 In one word True/False, answer the following question Q: Is the property [price range] true for [Saw]? 
 A:",False
price range|Screwdriver,"Q: Is the property [is female] true for the concept [book]? 
 A: False 
 Q: Is the property [can be digital] true for the concept [book] 
 A: True 
 In one word True/False, answer the following question Q: Is the property [price range] true for [Screwdriver]? 
 A:",False
price range|Shovel,"Q: Is the property [is female] true for the concept [book]? 
 A: False 
 Q: Is the property [can be digital] true for the concept [book] 
 A: True 
 In one word True/False, answer the following question Q: Is the property [price range] true for [Shovel]? 
 A:",False
price range|Snake,"Q: Is the property [is female] true for the concept [book]? 
 A: False 
 Q: Is the property [can be digital] true for the concept [book] 
 A: True 
 In one word True/False, answer the following question Q: Is the property [price range] true for [Snake]? 
 A:",False
price range|Spanner,"Q: Is the property [is female] true for the concept [book]? 
 A: False 
 Q: Is the property [can be digital] true for the concept [book] 
 A: True 
 In one word True/False, answer the following question Q: Is the property [price range] true for [Spanner]? 
 A:",False
price range|Toad,"Q: Is the property [is female] true for the concept [book]? 
 A: False 
 Q: Is the property [can be digital] true for the concept [book] 
 A: True 
 In one word True/False, answer the following question Q: Is the property [price range] true for [Toad]? 
 A:",False
price range|Tortoise,"Q: Is the property [is female] true for the concept [book]? 
 A: False 
 Q: Is the property [can be digital] true for the concept [book] 
 A: True 
 In one word True/False, answer the following question Q: Is the property [price range] true for [Tortoise]? 
 A:",False
price range|Turtle,"Q: Is the property [is female] true for the concept [book]? 
 A: False 
 Q: Is the property [can be digital] true for the concept [book] 
 A: True 
 In one word True/False, answer the following question Q: Is the property [price range] true for [Turtle]? 
 A:",False
price range|Vacuum,"Q: Is the property [is female] true for the concept [book]? 
 A: False 
 Q: Is the property [can be digital] true for the concept [book] 
 A: True 
 In one word True/False, answer the following question Q: Is the property [price range] true for [Vacuum]? 
 A:",False
primarily nocturnal|Alligator,"Q: Is the property [is female] true for the concept [book]? 
 A: False 
 Q: Is the property [can be digital] true for the concept [book] 
 A: True 
 In one word True/False, answer the following question Q: Is the property [primarily nocturnal] true for [Alligator]? 
 A:",True
primarily nocturnal|Anvil,"Q: Is the property [is female] true for the concept [book]? 
 A: False 
 Q: Is the property [can be digital] true for the concept [book] 
 A: True 
 In one word True/False, answer the following question Q: Is the property [primarily nocturnal] true for [Anvil]? 
 A:",False
primarily nocturnal|Axe,"Q: Is the property [is female] true for the concept [book]? 
 A: False 
 Q: Is the property [can be digital] true for the concept [book] 
 A: True 
 In one word True/False, answer the following question Q: Is the property [primarily nocturnal] true for [Axe]? 
 A:",False
primarily nocturnal|Blindworm,"Q: Is the property [is female] true for the concept [book]? 
 A: False 
 Q: Is the property [can be digital] true for the concept [book] 
 A: True 
 In one word True/False, answer the following question Q: Is the property [primarily nocturnal] true for [Blindworm]? 
 A:",False
primarily nocturnal|Boa python,"Q: Is the property [is female] true for the concept [book]? 
 A: False 
 Q: Is the property [can be digital] true for the concept [book] 
 A: True 
 In one word True/False, answer the following question Q: Is the property [primarily nocturnal] true for [Boa python]? 
 A:",False
primarily nocturnal|Caiman,"Q: Is the property [is female] true for the concept [book]? 
 A: False 
 Q: Is the property [can be digital] true for the concept [book] 
 A: True 
 In one word True/False, answer the following question Q: Is the property [primarily nocturnal] true for [Caiman]? 
 A:",False
primarily nocturnal|Chameleon,"Q: Is the property [is female] true for the concept [book]? 
 A: False 
 Q: Is the property [can be digital] true for the concept [book] 
 A: True 
 In one word True/False, answer the following question Q: Is the property [primarily nocturnal] true for [Chameleon]? 
 A:",False
primarily nocturnal|Chisel,"Q: Is the property [is female] true for the concept [book]? 
 A: False 
 Q: Is the property [can be digital] true for the concept [book] 
 A: True 
 In one word True/False, answer the following question Q: Is the property [primarily nocturnal] true for [Chisel]? 
 A:",False
primarily nocturnal|Cobra,"Q: Is the property [is female] true for the concept [book]? 
 A: False 
 Q: Is the property [can be digital] true for the concept [book] 
 A: True 
 In one word True/False, answer the following question Q: Is the property [primarily nocturnal] true for [Cobra]? 
 A:",True
primarily nocturnal|Crocodile,"Q: Is the property [is female] true for the concept [book]? 
 A: False 
 Q: Is the property [can be digital] true for the concept [book] 
 A: True 
 In one word True/False, answer the following question Q: Is the property [primarily nocturnal] true for [Crocodile]? 
 A:",False
primarily nocturnal|Dinosaur,"Q: Is the property [is female] true for the concept [book]? 
 A: False 
 Q: Is the property [can be digital] true for the concept [book] 
 A: True 
 In one word True/False, answer the following question Q: Is the property [primarily nocturnal] true for [Dinosaur]? 
 A:",False
primarily nocturnal|Gecko,"Q: Is the property [is female] true for the concept [book]? 
 A: False 
 Q: Is the property [can be digital] true for the concept [book] 
 A: True 
 In one word True/False, answer the following question Q: Is the property [primarily nocturnal] true for [Gecko]? 
 A:",True
primarily nocturnal|Grinding disk,"Q: Is the property [is female] true for the concept [book]? 
 A: False 
 Q: Is the property [can be digital] true for the concept [book] 
 A: True 
 In one word True/False, answer the following question Q: Is the property [primarily nocturnal] true for [Grinding disk]? 
 A:",False
primarily nocturnal|Hammer,"Q: Is the property [is female] true for the concept [book]? 
 A: False 
 Q: Is the property [can be digital] true for the concept [book] 
 A: True 
 In one word True/False, answer the following question Q: Is the property [primarily nocturnal] true for [Hammer]? 
 A:",False
primarily nocturnal|Knife,"Q: Is the property [is female] true for the concept [book]? 
 A: False 
 Q: Is the property [can be digital] true for the concept [book] 
 A: True 
 In one word True/False, answer the following question Q: Is the property [primarily nocturnal] true for [Knife]? 
 A:",False
primarily nocturnal|Lawn Mower,"Q: Is the property [is female] true for the concept [book]? 
 A: False 
 Q: Is the property [can be digital] true for the concept [book] 
 A: True 
 In one word True/False, answer the following question Q: Is the property [primarily nocturnal] true for [Lawn Mower]? 
 A:",False
primarily nocturnal|Lizard,"Q: Is the property [is female] true for the concept [book]? 
 A: False 
 Q: Is the property [can be digital] true for the concept [book] 
 A: True 
 In one word True/False, answer the following question Q: Is the property [primarily nocturnal] true for [Lizard]? 
 A:",False
primarily nocturnal|Nail,"Q: Is the property [is female] true for the concept [book]? 
 A: False 
 Q: Is the property [can be digital] true for the concept [book] 
 A: True 
 In one word True/False, answer the following question Q: Is the property [primarily nocturnal] true for [Nail]? 
 A:",False
primarily nocturnal|Oil can,"Q: Is the property [is female] true for the concept [book]? 
 A: False 
 Q: Is the property [can be digital] true for the concept [book] 
 A: True 
 In one word True/False, answer the following question Q: Is the property [primarily nocturnal] true for [Oil can]? 
 A:",False
primarily nocturnal|Paint brush,"Q: Is the property [is female] true for the concept [book]? 
 A: False 
 Q: Is the property [can be digital] true for the concept [book] 
 A: True 
 In one word True/False, answer the following question Q: Is the property [primarily nocturnal] true for [Paint brush]? 
 A:",False
primarily nocturnal|Salamander,"Q: Is the property [is female] true for the concept [book]? 
 A: False 
 Q: Is the property [can be digital] true for the concept [book] 
 A: True 
 In one word True/False, answer the following question Q: Is the property [primarily nocturnal] true for [Salamander]? 
 A:",False
primarily nocturnal|Saw,"Q: Is the property [is female] true for the concept [book]? 
 A: False 
 Q: Is the property [can be digital] true for the concept [book] 
 A: True 
 In one word True/False, answer the following question Q: Is the property [primarily nocturnal] true for [Saw]? 
 A:",False
primarily nocturnal|Screwdriver,"Q: Is the property [is female] true for the concept [book]? 
 A: False 
 Q: Is the property [can be digital] true for the concept [book] 
 A: True 
 In one word True/False, answer the following question Q: Is the property [primarily nocturnal] true for [Screwdriver]? 
 A:",False
primarily nocturnal|Shovel,"Q: Is the property [is female] true for the concept [book]? 
 A: False 
 Q: Is the property [can be digital] true for the concept [book] 
 A: True 
 In one word True/False, answer the following question Q: Is the property [primarily nocturnal] true for [Shovel]? 
 A:",False
primarily nocturnal|Snake,"Q: Is the property [is female] true for the concept [book]? 
 A: False 
 Q: Is the property [can be digital] true for the concept [book] 
 A: True 
 In one word True/False, answer the following question Q: Is the property [primarily nocturnal] true for [Snake]? 
 A:",True
primarily nocturnal|Spanner,"Q: Is the property [is female] true for the concept [book]? 
 A: False 
 Q: Is the property [can be digital] true for the concept [book] 
 A: True 
 In one word True/False, answer the following question Q: Is the property [primarily nocturnal] true for [Spanner]? 
 A:",False
primarily nocturnal|Toad,"Q: Is the property [is female] true for the concept [book]? 
 A: False 
 Q: Is the property [can be digital] true for the concept [book] 
 A: True 
 In one word True/False, answer the following question Q: Is the property [primarily nocturnal] true for [Toad]? 
 A:",True
primarily nocturnal|Tortoise,"Q: Is the property [is female] true for the concept [book]? 
 A: False 
 Q: Is the property [can be digital] true for the concept [book] 
 A: True 
 In one word True/False, answer the following question Q: Is the property [primarily nocturnal] true for [Tortoise]? 
 A:",False
primarily nocturnal|Turtle,"Q: Is the property [is female] true for the concept [book]? 
 A: False 
 Q: Is the property [can be digital] true for the concept [book] 
 A: True 
 In one word True/False, answer the following question Q: Is the property [primarily nocturnal] true for [Turtle]? 
 A:",True
primarily nocturnal|Vacuum,"Q: Is the property [is female] true for the concept [book]? 
 A: False 
 Q: Is the property [can be digital] true for the concept [book] 
 A: True 
 In one word True/False, answer the following question Q: Is the property [primarily nocturnal] true for [Vacuum]? 
 A:",False
purpose|Alligator,"Q: Is the property [is female] true for the concept [book]? 
 A: False 
 Q: Is the property [can be digital] true for the concept [book] 
 A: True 
 In one word True/False, answer the following question Q: Is the property [purpose] true for [Alligator]? 
 A:",False
purpose|Anvil,"Q: Is the property [is female] true for the concept [book]? 
 A: False 
 Q: Is the property [can be digital] true for the concept [book] 
 A: True 
 In one word True/False, answer the following question Q: Is the property [purpose] true for [Anvil]? 
 A:",False
purpose|Axe,"Q: Is the property [is female] true for the concept [book]? 
 A: False 
 Q: Is the property [can be digital] true for the concept [book] 
 A: True 
 In one word True/False, answer the following question Q: Is the property [purpose] true for [Axe]? 
 A:",True
purpose|Blindworm,"Q: Is the property [is female] true for the concept [book]? 
 A: False 
 Q: Is the property [can be digital] true for the concept [book] 
 A: True 
 In one word True/False, answer the following question Q: Is the property [purpose] true for [Blindworm]? 
 A:",False
purpose|Boa python,"Q: Is the property [is female] true for the concept [book]? 
 A: False 
 Q: Is the property [can be digital] true for the concept [book] 
 A: True 
 In one word True/False, answer the following question Q: Is the property [purpose] true for [Boa python]? 
 A:",False
purpose|Caiman,"Q: Is the property [is female] true for the concept [book]? 
 A: False 
 Q: Is the property [can be digital] true for the concept [book] 
 A: True 
 In one word True/False, answer the following question Q: Is the property [purpose] true for [Caiman]? 
 A:",False
purpose|Chameleon,"Q: Is the property [is female] true for the concept [book]? 
 A: False 
 Q: Is the property [can be digital] true for the concept [book] 
 A: True 
 In one word True/False, answer the following question Q: Is the property [purpose] true for [Chameleon]? 
 A:",False
purpose|Chisel,"Q: Is the property [is female] true for the concept [book]? 
 A: False 
 Q: Is the property [can be digital] true for the concept [book] 
 A: True 
 In one word True/False, answer the following question Q: Is the property [purpose] true for [Chisel]? 
 A:",True
purpose|Cobra,"Q: Is the property [is female] true for the concept [book]? 
 A: False 
 Q: Is the property [can be digital] true for the concept [book] 
 A: True 
 In one word True/False, answer the following question Q: Is the property [purpose] true for [Cobra]? 
 A:",False
purpose|Crocodile,"Q: Is the property [is female] true for the concept [book]? 
 A: False 
 Q: Is the property [can be digital] true for the concept [book] 
 A: True 
 In one word True/False, answer the following question Q: Is the property [purpose] true for [Crocodile]? 
 A:",False
purpose|Dinosaur,"Q: Is the property [is female] true for the concept [book]? 
 A: False 
 Q: Is the property [can be digital] true for the concept [book] 
 A: True 
 In one word True/False, answer the following question Q: Is the property [purpose] true for [Dinosaur]? 
 A:",False
purpose|Gecko,"Q: Is the property [is female] true for the concept [book]? 
 A: False 
 Q: Is the property [can be digital] true for the concept [book] 
 A: True 
 In one word True/False, answer the following question Q: Is the property [purpose] true for [Gecko]? 
 A:",False
purpose|Grinding disk,"Q: Is the property [is female] true for the concept [book]? 
 A: False 
 Q: Is the property [can be digital] true for the concept [book] 
 A: True 
 In one word True/False, answer the following question Q: Is the property [purpose] true for [Grinding disk]? 
 A:",True
purpose|Hammer,"Q: Is the property [is female] true for the concept [book]? 
 A: False 
 Q: Is the property [can be digital] true for the concept [book] 
 A: True 
 In one word True/False, answer the following question Q: Is the property [purpose] true for [Hammer]? 
 A:",True
purpose|Knife,"Q: Is the property [is female] true for the concept [book]? 
 A: False 
 Q: Is the property [can be digital] true for the concept [book] 
 A: True 
 In one word True/False, answer the following question Q: Is the property [purpose] true for [Knife]? 
 A:",True
purpose|Lawn Mower,"Q: Is the property [is female] true for the concept [book]? 
 A: False 
 Q: Is the property [can be digital] true for the concept [book] 
 A: True 
 In one word True/False, answer the following question Q: Is the property [purpose] true for [Lawn Mower]? 
 A:",True
purpose|Lizard,"Q: Is the property [is female] true for the concept [book]? 
 A: False 
 Q: Is the property [can be digital] true for the concept [book] 
 A: True 
 In one word True/False, answer the following question Q: Is the property [purpose] true for [Lizard]? 
 A:",False
purpose|Nail,"Q: Is the property [is female] true for the concept [book]? 
 A: False 
 Q: Is the property [can be digital] true for the concept [book] 
 A: True 
 In one word True/False, answer the following question Q: Is the property [purpose] true for [Nail]? 
 A:",False
purpose|Oil can,"Q: Is the property [is female] true for the concept [book]? 
 A: False 
 Q: Is the property [can be digital] true for the concept [book] 
 A: True 
 In one word True/False, answer the following question Q: Is the property [purpose] true for [Oil can]? 
 A:",True
purpose|Paint brush,"Q: Is the property [is female] true for the concept [book]? 
 A: False 
 Q: Is the property [can be digital] true for the concept [book] 
 A: True 
 In one word True/False, answer the following question Q: Is the property [purpose] true for [Paint brush]? 
 A:",True
purpose|Salamander,"Q: Is the property [is female] true for the concept [book]? 
 A: False 
 Q: Is the property [can be digital] true for the concept [book] 
 A: True 
 In one word True/False, answer the following question Q: Is the property [purpose] true for [Salamander]? 
 A:",False
purpose|Saw,"Q: Is the property [is female] true for the concept [book]? 
 A: False 
 Q: Is the property [can be digital] true for the concept [book] 
 A: True 
 In one word True/False, answer the following question Q: Is the property [purpose] true for [Saw]? 
 A:",True
purpose|Screwdriver,"Q: Is the property [is female] true for the concept [book]? 
 A: False 
 Q: Is the property [can be digital] true for the concept [book] 
 A: True 
 In one word True/False, answer the following question Q: Is the property [purpose] true for [Screwdriver]? 
 A:",True
purpose|Shovel,"Q: Is the property [is female] true for the concept [book]? 
 A: False 
 Q: Is the property [can be digital] true for the concept [book] 
 A: True 
 In one word True/False, answer the following question Q: Is the property [purpose] true for [Shovel]? 
 A:",True
purpose|Snake,"Q: Is the property [is female] true for the concept [book]? 
 A: False 
 Q: Is the property [can be digital] true for the concept [book] 
 A: True 
 In one word True/False, answer the following question Q: Is the property [purpose] true for [Snake]? 
 A:",False
purpose|Spanner,"Q: Is the property [is female] true for the concept [book]? 
 A: False 
 Q: Is the property [can be digital] true for the concept [book] 
 A: True 
 In one word True/False, answer the following question Q: Is the property [purpose] true for [Spanner]? 
 A:",False
purpose|Toad,"Q: Is the property [is female] true for the concept [book]? 
 A: False 
 Q: Is the property [can be digital] true for the concept [book] 
 A: True 
 In one word True/False, answer the following question Q: Is the property [purpose] true for [Toad]? 
 A:",False
purpose|Tortoise,"Q: Is the property [is female] true for the concept [book]? 
 A: False 
 Q: Is the property [can be digital] true for the concept [book] 
 A: True 
 In one word True/False, answer the following question Q: Is the property [purpose] true for [Tortoise]? 
 A:",False
purpose|Turtle,"Q: Is the property [is female] true for the concept [book]? 
 A: False 
 Q: Is the property [can be digital] true for the concept [book] 
 A: True 
 In one word True/False, answer the following question Q: Is the property [purpose] true for [Turtle]? 
 A:",False
purpose|Vacuum,"Q: Is the property [is female] true for the concept [book]? 
 A: False 
 Q: Is the property [can be digital] true for the concept [book] 
 A: True 
 In one word True/False, answer the following question Q: Is the property [purpose] true for [Vacuum]? 
 A:",True
reptile|Alligator,"Q: Is the property [is female] true for the concept [book]? 
 A: False 
 Q: Is the property [can be digital] true for the concept [book] 
 A: True 
 In one word True/False, answer the following question Q: Is the property [reptile] true for [Alligator]? 
 A:",True
reptile|Anvil,"Q: Is the property [is female] true for the concept [book]? 
 A: False 
 Q: Is the property [can be digital] true for the concept [book] 
 A: True 
 In one word True/False, answer the following question Q: Is the property [reptile] true for [Anvil]? 
 A:",False
reptile|Axe,"Q: Is the property [is female] true for the concept [book]? 
 A: False 
 Q: Is the property [can be digital] true for the concept [book] 
 A: True 
 In one word True/False, answer the following question Q: Is the property [reptile] true for [Axe]? 
 A:",False
reptile|Blindworm,"Q: Is the property [is female] true for the concept [book]? 
 A: False 
 Q: Is the property [can be digital] true for the concept [book] 
 A: True 
 In one word True/False, answer the following question Q: Is the property [reptile] true for [Blindworm]? 
 A:",True
reptile|Boa python,"Q: Is the property [is female] true for the concept [book]? 
 A: False 
 Q: Is the property [can be digital] true for the concept [book] 
 A: True 
 In one word True/False, answer the following question Q: Is the property [reptile] true for [Boa python]? 
 A:",True
reptile|Caiman,"Q: Is the property [is female] true for the concept [book]? 
 A: False 
 Q: Is the property [can be digital] true for the concept [book] 
 A: True 
 In one word True/False, answer the following question Q: Is the property [reptile] true for [Caiman]? 
 A:",True
reptile|Chameleon,"Q: Is the property [is female] true for the concept [book]? 
 A: False 
 Q: Is the property [can be digital] true for the concept [book] 
 A: True 
 In one word True/False, answer the following question Q: Is the property [reptile] true for [Chameleon]? 
 A:",True
reptile|Chisel,"Q: Is the property [is female] true for the concept [book]? 
 A: False 
 Q: Is the property [can be digital] true for the concept [book] 
 A: True 
 In one word True/False, answer the following question Q: Is the property [reptile] true for [Chisel]? 
 A:",False
reptile|Cobra,"Q: Is the property [is female] true for the concept [book]? 
 A: False 
 Q: Is the property [can be digital] true for the concept [book] 
 A: True 
 In one word True/False, answer the following question Q: Is the property [reptile] true for [Cobra]? 
 A:",True
reptile|Crocodile,"Q: Is the property [is female] true for the concept [book]? 
 A: False 
 Q: Is the property [can be digital] true for the concept [book] 
 A: True 
 In one word True/False, answer the following question Q: Is the property [reptile] true for [Crocodile]? 
 A:",True
reptile|Dinosaur,"Q: Is the property [is female] true for the concept [book]? 
 A: False 
 Q: Is the property [can be digital] true for the concept [book] 
 A: True 
 In one word True/False, answer the following question Q: Is the property [reptile] true for [Dinosaur]? 
 A:",True
reptile|Gecko,"Q: Is the property [is female] true for the concept [book]? 
 A: False 
 Q: Is the property [can be digital] true for the concept [book] 
 A: True 
 In one word True/False, answer the following question Q: Is the property [reptile] true for [Gecko]? 
 A:",True
reptile|Grinding disk,"Q: Is the property [is female] true for the concept [book]? 
 A: False 
 Q: Is the property [can be digital] true for the concept [book] 
 A: True 
 In one word True/False, answer the following question Q: Is the property [reptile] true for [Grinding disk]? 
 A:",False
reptile|Hammer,"Q: Is the property [is female] true for the concept [book]? 
 A: False 
 Q: Is the property [can be digital] true for the concept [book] 
 A: True 
 In one word True/False, answer the following question Q: Is the property [reptile] true for [Hammer]? 
 A:",False
reptile|Knife,"Q: Is the property [is female] true for the concept [book]? 
 A: False 
 Q: Is the property [can be digital] true for the concept [book] 
 A: True 
 In one word True/False, answer the following question Q: Is the property [reptile] true for [Knife]? 
 A:",False
reptile|Lawn Mower,"Q: Is the property [is female] true for the concept [book]? 
 A: False 
 Q: Is the property [can be digital] true for the concept [book] 
 A: True 
 In one word True/False, answer the following question Q: Is the property [reptile] true for [Lawn Mower]? 
 A:",False
reptile|Lizard,"Q: Is the property [is female] true for the concept [book]? 
 A: False 
 Q: Is the property [can be digital] true for the concept [book] 
 A: True 
 In one word True/False, answer the following question Q: Is the property [reptile] true for [Lizard]? 
 A:",True
reptile|Nail,"Q: Is the property [is female] true for the concept [book]? 
 A: False 
 Q: Is the property [can be digital] true for the concept [book] 
 A: True 
 In one word True/False, answer the following question Q: Is the property [reptile] true for [Nail]? 
 A:",False
reptile|Oil can,"Q: Is the property [is female] true for the concept [book]? 
 A: False 
 Q: Is the property [can be digital] true for the concept [book] 
 A: True 
 In one word True/False, answer the following question Q: Is the property [reptile] true for [Oil can]? 
 A:",False
reptile|Paint brush,"Q: Is the property [is female] true for the concept [book]? 
 A: False 
 Q: Is the property [can be digital] true for the concept [book] 
 A: True 
 In one word True/False, answer the following question Q: Is the property [reptile] true for [Paint brush]? 
 A:",False
reptile|Salamander,"Q: Is the property [is female] true for the concept [book]? 
 A: False 
 Q: Is the property [can be digital] true for the concept [book] 
 A: True 
 In one word True/False, answer the following question Q: Is the property [reptile] true for [Salamander]? 
 A:",True
reptile|Saw,"Q: Is the property [is female] true for the concept [book]? 
 A: False 
 Q: Is the property [can be digital] true for the concept [book] 
 A: True 
 In one word True/False, answer the following question Q: Is the property [reptile] true for [Saw]? 
 A:",False
reptile|Screwdriver,"Q: Is the property [is female] true for the concept [book]? 
 A: False 
 Q: Is the property [can be digital] true for the concept [book] 
 A: True 
 In one word True/False, answer the following question Q: Is the property [reptile] true for [Screwdriver]? 
 A:",False
reptile|Shovel,"Q: Is the property [is female] true for the concept [book]? 
 A: False 
 Q: Is the property [can be digital] true for the concept [book] 
 A: True 
 In one word True/False, answer the following question Q: Is the property [reptile] true for [Shovel]? 
 A:",False
reptile|Snake,"Q: Is the property [is female] true for the concept [book]? 
 A: False 
 Q: Is the property [can be digital] true for the concept [book] 
 A: True 
 In one word True/False, answer the following question Q: Is the property [reptile] true for [Snake]? 
 A:",True
reptile|Spanner,"Q: Is the property [is female] true for the concept [book]? 
 A: False 
 Q: Is the property [can be digital] true for the concept [book] 
 A: True 
 In one word True/False, answer the following question Q: Is the property [reptile] true for [Spanner]? 
 A:",False
reptile|Toad,"Q: Is the property [is female] true for the concept [book]? 
 A: False 
 Q: Is the property [can be digital] true for the concept [book] 
 A: True 
 In one word True/False, answer the following question Q: Is the property [reptile] true for [Toad]? 
 A:",True
reptile|Tortoise,"Q: Is the property [is female] true for the concept [book]? 
 A: False 
 Q: Is the property [can be digital] true for the concept [book] 
 A: True 
 In one word True/False, answer the following question Q: Is the property [reptile] true for [Tortoise]? 
 A:",True
reptile|Turtle,"Q: Is the property [is female] true for the concept [book]? 
 A: False 
 Q: Is the property [can be digital] true for the concept [book] 
 A: True 
 In one word True/False, answer the following question Q: Is the property [reptile] true for [Turtle]? 
 A:",True
reptile|Vacuum,"Q: Is the property [is female] true for the concept [book]? 
 A: False 
 Q: Is the property [can be digital] true for the concept [book] 
 A: True 
 In one word True/False, answer the following question Q: Is the property [reptile] true for [Vacuum]? 
 A:",False
scales covering its body|Alligator,"Q: Is the property [is female] true for the concept [book]? 
 A: False 
 Q: Is the property [can be digital] true for the concept [book] 
 A: True 
 In one word True/False, answer the following question Q: Is the property [scales covering its body] true for [Alligator]? 
 A:",True
scales covering its body|Anvil,"Q: Is the property [is female] true for the concept [book]? 
 A: False 
 Q: Is the property [can be digital] true for the concept [book] 
 A: True 
 In one word True/False, answer the following question Q: Is the property [scales covering its body] true for [Anvil]? 
 A:",False
scales covering its body|Axe,"Q: Is the property [is female] true for the concept [book]? 
 A: False 
 Q: Is the property [can be digital] true for the concept [book] 
 A: True 
 In one word True/False, answer the following question Q: Is the property [scales covering its body] true for [Axe]? 
 A:",False
scales covering its body|Blindworm,"Q: Is the property [is female] true for the concept [book]? 
 A: False 
 Q: Is the property [can be digital] true for the concept [book] 
 A: True 
 In one word True/False, answer the following question Q: Is the property [scales covering its body] true for [Blindworm]? 
 A:",True
scales covering its body|Boa python,"Q: Is the property [is female] true for the concept [book]? 
 A: False 
 Q: Is the property [can be digital] true for the concept [book] 
 A: True 
 In one word True/False, answer the following question Q: Is the property [scales covering its body] true for [Boa python]? 
 A:",True
scales covering its body|Caiman,"Q: Is the property [is female] true for the concept [book]? 
 A: False 
 Q: Is the property [can be digital] true for the concept [book] 
 A: True 
 In one word True/False, answer the following question Q: Is the property [scales covering its body] true for [Caiman]? 
 A:",True
scales covering its body|Chameleon,"Q: Is the property [is female] true for the concept [book]? 
 A: False 
 Q: Is the property [can be digital] true for the concept [book] 
 A: True 
 In one word True/False, answer the following question Q: Is the property [scales covering its body] true for [Chameleon]? 
 A:",True
scales covering its body|Chisel,"Q: Is the property [is female] true for the concept [book]? 
 A: False 
 Q: Is the property [can be digital] true for the concept [book] 
 A: True 
 In one word True/False, answer the following question Q: Is the property [scales covering its body] true for [Chisel]? 
 A:",False
scales covering its body|Cobra,"Q: Is the property [is female] true for the concept [book]? 
 A: False 
 Q: Is the property [can be digital] true for the concept [book] 
 A: True 
 In one word True/False, answer the following question Q: Is the property [scales covering its body] true for [Cobra]? 
 A:",True
scales covering its body|Crocodile,"Q: Is the property [is female] true for the concept [book]? 
 A: False 
 Q: Is the property [can be digital] true for the concept [book] 
 A: True 
 In one word True/False, answer the following question Q: Is the property [scales covering its body] true for [Crocodile]? 
 A:",True
scales covering its body|Dinosaur,"Q: Is the property [is female] true for the concept [book]? 
 A: False 
 Q: Is the property [can be digital] true for the concept [book] 
 A: True 
 In one word True/False, answer the following question Q: Is the property [scales covering its body] true for [Dinosaur]? 
 A:",True
scales covering its body|Gecko,"Q: Is the property [is female] true for the concept [book]? 
 A: False 
 Q: Is the property [can be digital] true for the concept [book] 
 A: True 
 In one word True/False, answer the following question Q: Is the property [scales covering its body] true for [Gecko]? 
 A:",True
scales covering its body|Grinding disk,"Q: Is the property [is female] true for the concept [book]? 
 A: False 
 Q: Is the property [can be digital] true for the concept [book] 
 A: True 
 In one word True/False, answer the following question Q: Is the property [scales covering its body] true for [Grinding disk]? 
 A:",False
scales covering its body|Hammer,"Q: Is the property [is female] true for the concept [book]? 
 A: False 
 Q: Is the property [can be digital] true for the concept [book] 
 A: True 
 In one word True/False, answer the following question Q: Is the property [scales covering its body] true for [Hammer]? 
 A:",False
scales covering its body|Knife,"Q: Is the property [is female] true for the concept [book]? 
 A: False 
 Q: Is the property [can be digital] true for the concept [book] 
 A: True 
 In one word True/False, answer the following question Q: Is the property [scales covering its body] true for [Knife]? 
 A:",False
scales covering its body|Lawn Mower,"Q: Is the property [is female] true for the concept [book]? 
 A: False 
 Q: Is the property [can be digital] true for the concept [book] 
 A: True 
 In one word True/False, answer the following question Q: Is the property [scales covering its body] true for [Lawn Mower]? 
 A:",False
scales covering its body|Lizard,"Q: Is the property [is female] true for the concept [book]? 
 A: False 
 Q: Is the property [can be digital] true for the concept [book] 
 A: True 
 In one word True/False, answer the following question Q: Is the property [scales covering its body] true for [Lizard]? 
 A:",True
scales covering its body|Nail,"Q: Is the property [is female] true for the concept [book]? 
 A: False 
 Q: Is the property [can be digital] true for the concept [book] 
 A: True 
 In one word True/False, answer the following question Q: Is the property [scales covering its body] true for [Nail]? 
 A:",False
scales covering its body|Oil can,"Q: Is the property [is female] true for the concept [book]? 
 A: False 
 Q: Is the property [can be digital] true for the concept [book] 
 A: True 
 In one word True/False, answer the following question Q: Is the property [scales covering its body] true for [Oil can]? 
 A:",False
scales covering its body|Paint brush,"Q: Is the property [is female] true for the concept [book]? 
 A: False 
 Q: Is the property [can be digital] true for the concept [book] 
 A: True 
 In one word True/False, answer the following question Q: Is the property [scales covering its body] true for [Paint brush]? 
 A:",False
scales covering its body|Salamander,"Q: Is the property [is female] true for the concept [book]? 
 A: False 
 Q: Is the property [can be digital] true for the concept [book] 
 A: True 
 In one word True/False, answer the following question Q: Is the property [scales covering its body] true for [Salamander]? 
 A:",True
scales covering its body|Saw,"Q: Is the property [is female] true for the concept [book]? 
 A: False 
 Q: Is the property [can be digital] true for the concept [book] 
 A: True 
 In one word True/False, answer the following question Q: Is the property [scales covering its body] true for [Saw]? 
 A:",False
scales covering its body|Screwdriver,"Q: Is the property [is female] true for the concept [book]? 
 A: False 
 Q: Is the property [can be digital] true for the concept [book] 
 A: True 
 In one word True/False, answer the following question Q: Is the property [scales covering its body] true for [Screwdriver]? 
 A:",False
scales covering its body|Shovel,"Q: Is the property [is female] true for the concept [book]? 
 A: False 
 Q: Is the property [can be digital] true for the concept [book] 
 A: True 
 In one word True/False, answer the following question Q: Is the property [scales covering its body] true for [Shovel]? 
 A:",False
scales covering its body|Snake,"Q: Is the property [is female] true for the concept [book]? 
 A: False 
 Q: Is the property [can be digital] true for the concept [book] 
 A: True 
 In one word True/False, answer the following question Q: Is the property [scales covering its body] true for [Snake]? 
 A:",True
scales covering its body|Spanner,"Q: Is the property [is female] true for the concept [book]? 
 A: False 
 Q: Is the property [can be digital] true for the concept [book] 
 A: True 
 In one word True/False, answer the following question Q: Is the property [scales covering its body] true for [Spanner]? 
 A:",False
scales covering its body|Toad,"Q: Is the property [is female] true for the concept [book]? 
 A: False 
 Q: Is the property [can be digital] true for the concept [book] 
 A: True 
 In one word True/False, answer the following question Q: Is the property [scales covering its body] true for [Toad]? 
 A:",True
scales covering its body|Tortoise,"Q: Is the property [is female] true for the concept [book]? 
 A: False 
 Q: Is the property [can be digital] true for the concept [book] 
 A: True 
 In one word True/False, answer the following question Q: Is the property [scales covering its body] true for [Tortoise]? 
 A:",True
scales covering its body|Turtle,"Q: Is the property [is female] true for the concept [book]? 
 A: False 
 Q: Is the property [can be digital] true for the concept [book] 
 A: True 
 In one word True/False, answer the following question Q: Is the property [scales covering its body] true for [Turtle]? 
 A:",True
scales covering its body|Vacuum,"Q: Is the property [is female] true for the concept [book]? 
 A: False 
 Q: Is the property [can be digital] true for the concept [book] 
 A: True 
 In one word True/False, answer the following question Q: Is the property [scales covering its body] true for [Vacuum]? 
 A:",False
scaly skin|Alligator,"Q: Is the property [is female] true for the concept [book]? 
 A: False 
 Q: Is the property [can be digital] true for the concept [book] 
 A: True 
 In one word True/False, answer the following question Q: Is the property [scaly skin] true for [Alligator]? 
 A:",True
scaly skin|Anvil,"Q: Is the property [is female] true for the concept [book]? 
 A: False 
 Q: Is the property [can be digital] true for the concept [book] 
 A: True 
 In one word True/False, answer the following question Q: Is the property [scaly skin] true for [Anvil]? 
 A:",False
scaly skin|Axe,"Q: Is the property [is female] true for the concept [book]? 
 A: False 
 Q: Is the property [can be digital] true for the concept [book] 
 A: True 
 In one word True/False, answer the following question Q: Is the property [scaly skin] true for [Axe]? 
 A:",False
scaly skin|Blindworm,"Q: Is the property [is female] true for the concept [book]? 
 A: False 
 Q: Is the property [can be digital] true for the concept [book] 
 A: True 
 In one word True/False, answer the following question Q: Is the property [scaly skin] true for [Blindworm]? 
 A:",False
scaly skin|Boa python,"Q: Is the property [is female] true for the concept [book]? 
 A: False 
 Q: Is the property [can be digital] true for the concept [book] 
 A: True 
 In one word True/False, answer the following question Q: Is the property [scaly skin] true for [Boa python]? 
 A:",True
scaly skin|Caiman,"Q: Is the property [is female] true for the concept [book]? 
 A: False 
 Q: Is the property [can be digital] true for the concept [book] 
 A: True 
 In one word True/False, answer the following question Q: Is the property [scaly skin] true for [Caiman]? 
 A:",True
scaly skin|Chameleon,"Q: Is the property [is female] true for the concept [book]? 
 A: False 
 Q: Is the property [can be digital] true for the concept [book] 
 A: True 
 In one word True/False, answer the following question Q: Is the property [scaly skin] true for [Chameleon]? 
 A:",True
scaly skin|Chisel,"Q: Is the property [is female] true for the concept [book]? 
 A: False 
 Q: Is the property [can be digital] true for the concept [book] 
 A: True 
 In one word True/False, answer the following question Q: Is the property [scaly skin] true for [Chisel]? 
 A:",False
scaly skin|Cobra,"Q: Is the property [is female] true for the concept [book]? 
 A: False 
 Q: Is the property [can be digital] true for the concept [book] 
 A: True 
 In one word True/False, answer the following question Q: Is the property [scaly skin] true for [Cobra]? 
 A:",True
scaly skin|Crocodile,"Q: Is the property [is female] true for the concept [book]? 
 A: False 
 Q: Is the property [can be digital] true for the concept [book] 
 A: True 
 In one word True/False, answer the following question Q: Is the property [scaly skin] true for [Crocodile]? 
 A:",True
scaly skin|Dinosaur,"Q: Is the property [is female] true for the concept [book]? 
 A: False 
 Q: Is the property [can be digital] true for the concept [book] 
 A: True 
 In one word True/False, answer the following question Q: Is the property [scaly skin] true for [Dinosaur]? 
 A:",True
scaly skin|Gecko,"Q: Is the property [is female] true for the concept [book]? 
 A: False 
 Q: Is the property [can be digital] true for the concept [book] 
 A: True 
 In one word True/False, answer the following question Q: Is the property [scaly skin] true for [Gecko]? 
 A:",True
scaly skin|Grinding disk,"Q: Is the property [is female] true for the concept [book]? 
 A: False 
 Q: Is the property [can be digital] true for the concept [book] 
 A: True 
 In one word True/False, answer the following question Q: Is the property [scaly skin] true for [Grinding disk]? 
 A:",False
scaly skin|Hammer,"Q: Is the property [is female] true for the concept [book]? 
 A: False 
 Q: Is the property [can be digital] true for the concept [book] 
 A: True 
 In one word True/False, answer the following question Q: Is the property [scaly skin] true for [Hammer]? 
 A:",False
scaly skin|Knife,"Q: Is the property [is female] true for the concept [book]? 
 A: False 
 Q: Is the property [can be digital] true for the concept [book] 
 A: True 
 In one word True/False, answer the following question Q: Is the property [scaly skin] true for [Knife]? 
 A:",False
scaly skin|Lawn Mower,"Q: Is the property [is female] true for the concept [book]? 
 A: False 
 Q: Is the property [can be digital] true for the concept [book] 
 A: True 
 In one word True/False, answer the following question Q: Is the property [scaly skin] true for [Lawn Mower]? 
 A:",False
scaly skin|Lizard,"Q: Is the property [is female] true for the concept [book]? 
 A: False 
 Q: Is the property [can be digital] true for the concept [book] 
 A: True 
 In one word True/False, answer the following question Q: Is the property [scaly skin] true for [Lizard]? 
 A:",True
scaly skin|Nail,"Q: Is the property [is female] true for the concept [book]? 
 A: False 
 Q: Is the property [can be digital] true for the concept [book] 
 A: True 
 In one word True/False, answer the following question Q: Is the property [scaly skin] true for [Nail]? 
 A:",False
scaly skin|Oil can,"Q: Is the property [is female] true for the concept [book]? 
 A: False 
 Q: Is the property [can be digital] true for the concept [book] 
 A: True 
 In one word True/False, answer the following question Q: Is the property [scaly skin] true for [Oil can]? 
 A:",False
scaly skin|Paint brush,"Q: Is the property [is female] true for the concept [book]? 
 A: False 
 Q: Is the property [can be digital] true for the concept [book] 
 A: True 
 In one word True/False, answer the following question Q: Is the property [scaly skin] true for [Paint brush]? 
 A:",False
scaly skin|Salamander,"Q: Is the property [is female] true for the concept [book]? 
 A: False 
 Q: Is the property [can be digital] true for the concept [book] 
 A: True 
 In one word True/False, answer the following question Q: Is the property [scaly skin] true for [Salamander]? 
 A:",True
scaly skin|Saw,"Q: Is the property [is female] true for the concept [book]? 
 A: False 
 Q: Is the property [can be digital] true for the concept [book] 
 A: True 
 In one word True/False, answer the following question Q: Is the property [scaly skin] true for [Saw]? 
 A:",False
scaly skin|Screwdriver,"Q: Is the property [is female] true for the concept [book]? 
 A: False 
 Q: Is the property [can be digital] true for the concept [book] 
 A: True 
 In one word True/False, answer the following question Q: Is the property [scaly skin] true for [Screwdriver]? 
 A:",False
scaly skin|Shovel,"Q: Is the property [is female] true for the concept [book]? 
 A: False 
 Q: Is the property [can be digital] true for the concept [book] 
 A: True 
 In one word True/False, answer the following question Q: Is the property [scaly skin] true for [Shovel]? 
 A:",False
scaly skin|Snake,"Q: Is the property [is female] true for the concept [book]? 
 A: False 
 Q: Is the property [can be digital] true for the concept [book] 
 A: True 
 In one word True/False, answer the following question Q: Is the property [scaly skin] true for [Snake]? 
 A:",True
scaly skin|Spanner,"Q: Is the property [is female] true for the concept [book]? 
 A: False 
 Q: Is the property [can be digital] true for the concept [book] 
 A: True 
 In one word True/False, answer the following question Q: Is the property [scaly skin] true for [Spanner]? 
 A:",False
scaly skin|Toad,"Q: Is the property [is female] true for the concept [book]? 
 A: False 
 Q: Is the property [can be digital] true for the concept [book] 
 A: True 
 In one word True/False, answer the following question Q: Is the property [scaly skin] true for [Toad]? 
 A:",True
scaly skin|Tortoise,"Q: Is the property [is female] true for the concept [book]? 
 A: False 
 Q: Is the property [can be digital] true for the concept [book] 
 A: True 
 In one word True/False, answer the following question Q: Is the property [scaly skin] true for [Tortoise]? 
 A:",True
scaly skin|Turtle,"Q: Is the property [is female] true for the concept [book]? 
 A: False 
 Q: Is the property [can be digital] true for the concept [book] 
 A: True 
 In one word True/False, answer the following question Q: Is the property [scaly skin] true for [Turtle]? 
 A:",True
scaly skin|Vacuum,"Q: Is the property [is female] true for the concept [book]? 
 A: False 
 Q: Is the property [can be digital] true for the concept [book] 
 A: True 
 In one word True/False, answer the following question Q: Is the property [scaly skin] true for [Vacuum]? 
 A:",False
shaft|Alligator,"Q: Is the property [is female] true for the concept [book]? 
 A: False 
 Q: Is the property [can be digital] true for the concept [book] 
 A: True 
 In one word True/False, answer the following question Q: Is the property [shaft] true for [Alligator]? 
 A:",False
shaft|Anvil,"Q: Is the property [is female] true for the concept [book]? 
 A: False 
 Q: Is the property [can be digital] true for the concept [book] 
 A: True 
 In one word True/False, answer the following question Q: Is the property [shaft] true for [Anvil]? 
 A:",False
shaft|Axe,"Q: Is the property [is female] true for the concept [book]? 
 A: False 
 Q: Is the property [can be digital] true for the concept [book] 
 A: True 
 In one word True/False, answer the following question Q: Is the property [shaft] true for [Axe]? 
 A:",True
shaft|Blindworm,"Q: Is the property [is female] true for the concept [book]? 
 A: False 
 Q: Is the property [can be digital] true for the concept [book] 
 A: True 
 In one word True/False, answer the following question Q: Is the property [shaft] true for [Blindworm]? 
 A:",False
shaft|Boa python,"Q: Is the property [is female] true for the concept [book]? 
 A: False 
 Q: Is the property [can be digital] true for the concept [book] 
 A: True 
 In one word True/False, answer the following question Q: Is the property [shaft] true for [Boa python]? 
 A:",False
shaft|Caiman,"Q: Is the property [is female] true for the concept [book]? 
 A: False 
 Q: Is the property [can be digital] true for the concept [book] 
 A: True 
 In one word True/False, answer the following question Q: Is the property [shaft] true for [Caiman]? 
 A:",False
shaft|Chameleon,"Q: Is the property [is female] true for the concept [book]? 
 A: False 
 Q: Is the property [can be digital] true for the concept [book] 
 A: True 
 In one word True/False, answer the following question Q: Is the property [shaft] true for [Chameleon]? 
 A:",False
shaft|Chisel,"Q: Is the property [is female] true for the concept [book]? 
 A: False 
 Q: Is the property [can be digital] true for the concept [book] 
 A: True 
 In one word True/False, answer the following question Q: Is the property [shaft] true for [Chisel]? 
 A:",True
shaft|Cobra,"Q: Is the property [is female] true for the concept [book]? 
 A: False 
 Q: Is the property [can be digital] true for the concept [book] 
 A: True 
 In one word True/False, answer the following question Q: Is the property [shaft] true for [Cobra]? 
 A:",False
shaft|Crocodile,"Q: Is the property [is female] true for the concept [book]? 
 A: False 
 Q: Is the property [can be digital] true for the concept [book] 
 A: True 
 In one word True/False, answer the following question Q: Is the property [shaft] true for [Crocodile]? 
 A:",False
shaft|Dinosaur,"Q: Is the property [is female] true for the concept [book]? 
 A: False 
 Q: Is the property [can be digital] true for the concept [book] 
 A: True 
 In one word True/False, answer the following question Q: Is the property [shaft] true for [Dinosaur]? 
 A:",False
shaft|Gecko,"Q: Is the property [is female] true for the concept [book]? 
 A: False 
 Q: Is the property [can be digital] true for the concept [book] 
 A: True 
 In one word True/False, answer the following question Q: Is the property [shaft] true for [Gecko]? 
 A:",False
shaft|Grinding disk,"Q: Is the property [is female] true for the concept [book]? 
 A: False 
 Q: Is the property [can be digital] true for the concept [book] 
 A: True 
 In one word True/False, answer the following question Q: Is the property [shaft] true for [Grinding disk]? 
 A:",True
shaft|Hammer,"Q: Is the property [is female] true for the concept [book]? 
 A: False 
 Q: Is the property [can be digital] true for the concept [book] 
 A: True 
 In one word True/False, answer the following question Q: Is the property [shaft] true for [Hammer]? 
 A:",True
shaft|Knife,"Q: Is the property [is female] true for the concept [book]? 
 A: False 
 Q: Is the property [can be digital] true for the concept [book] 
 A: True 
 In one word True/False, answer the following question Q: Is the property [shaft] true for [Knife]? 
 A:",True
shaft|Lawn Mower,"Q: Is the property [is female] true for the concept [book]? 
 A: False 
 Q: Is the property [can be digital] true for the concept [book] 
 A: True 
 In one word True/False, answer the following question Q: Is the property [shaft] true for [Lawn Mower]? 
 A:",True
shaft|Lizard,"Q: Is the property [is female] true for the concept [book]? 
 A: False 
 Q: Is the property [can be digital] true for the concept [book] 
 A: True 
 In one word True/False, answer the following question Q: Is the property [shaft] true for [Lizard]? 
 A:",False
shaft|Nail,"Q: Is the property [is female] true for the concept [book]? 
 A: False 
 Q: Is the property [can be digital] true for the concept [book] 
 A: True 
 In one word True/False, answer the following question Q: Is the property [shaft] true for [Nail]? 
 A:",True
shaft|Oil can,"Q: Is the property [is female] true for the concept [book]? 
 A: False 
 Q: Is the property [can be digital] true for the concept [book] 
 A: True 
 In one word True/False, answer the following question Q: Is the property [shaft] true for [Oil can]? 
 A:",True
shaft|Paint brush,"Q: Is the property [is female] true for the concept [book]? 
 A: False 
 Q: Is the property [can be digital] true for the concept [book] 
 A: True 
 In one word True/False, answer the following question Q: Is the property [shaft] true for [Paint brush]? 
 A:",False
shaft|Salamander,"Q: Is the property [is female] true for the concept [book]? 
 A: False 
 Q: Is the property [can be digital] true for the concept [book] 
 A: True 
 In one word True/False, answer the following question Q: Is the property [shaft] true for [Salamander]? 
 A:",False
shaft|Saw,"Q: Is the property [is female] true for the concept [book]? 
 A: False 
 Q: Is the property [can be digital] true for the concept [book] 
 A: True 
 In one word True/False, answer the following question Q: Is the property [shaft] true for [Saw]? 
 A:",True
shaft|Screwdriver,"Q: Is the property [is female] true for the concept [book]? 
 A: False 
 Q: Is the property [can be digital] true for the concept [book] 
 A: True 
 In one word True/False, answer the following question Q: Is the property [shaft] true for [Screwdriver]? 
 A:",True
shaft|Shovel,"Q: Is the property [is female] true for the concept [book]? 
 A: False 
 Q: Is the property [can be digital] true for the concept [book] 
 A: True 
 In one word True/False, answer the following question Q: Is the property [shaft] true for [Shovel]? 
 A:",True
shaft|Snake,"Q: Is the property [is female] true for the concept [book]? 
 A: False 
 Q: Is the property [can be digital] true for the concept [book] 
 A: True 
 In one word True/False, answer the following question Q: Is the property [shaft] true for [Snake]? 
 A:",True
shaft|Spanner,"Q: Is the property [is female] true for the concept [book]? 
 A: False 
 Q: Is the property [can be digital] true for the concept [book] 
 A: True 
 In one word True/False, answer the following question Q: Is the property [shaft] true for [Spanner]? 
 A:",True
shaft|Toad,"Q: Is the property [is female] true for the concept [book]? 
 A: False 
 Q: Is the property [can be digital] true for the concept [book] 
 A: True 
 In one word True/False, answer the following question Q: Is the property [shaft] true for [Toad]? 
 A:",False
shaft|Tortoise,"Q: Is the property [is female] true for the concept [book]? 
 A: False 
 Q: Is the property [can be digital] true for the concept [book] 
 A: True 
 In one word True/False, answer the following question Q: Is the property [shaft] true for [Tortoise]? 
 A:",False
shaft|Turtle,"Q: Is the property [is female] true for the concept [book]? 
 A: False 
 Q: Is the property [can be digital] true for the concept [book] 
 A: True 
 In one word True/False, answer the following question Q: Is the property [shaft] true for [Turtle]? 
 A:",True
shaft|Vacuum,"Q: Is the property [is female] true for the concept [book]? 
 A: False 
 Q: Is the property [can be digital] true for the concept [book] 
 A: True 
 In one word True/False, answer the following question Q: Is the property [shaft] true for [Vacuum]? 
 A:",False
shape|Alligator,"Q: Is the property [is female] true for the concept [book]? 
 A: False 
 Q: Is the property [can be digital] true for the concept [book] 
 A: True 
 In one word True/False, answer the following question Q: Is the property [shape] true for [Alligator]? 
 A:",False
shape|Anvil,"Q: Is the property [is female] true for the concept [book]? 
 A: False 
 Q: Is the property [can be digital] true for the concept [book] 
 A: True 
 In one word True/False, answer the following question Q: Is the property [shape] true for [Anvil]? 
 A:",True
shape|Axe,"Q: Is the property [is female] true for the concept [book]? 
 A: False 
 Q: Is the property [can be digital] true for the concept [book] 
 A: True 
 In one word True/False, answer the following question Q: Is the property [shape] true for [Axe]? 
 A:",True
shape|Blindworm,"Q: Is the property [is female] true for the concept [book]? 
 A: False 
 Q: Is the property [can be digital] true for the concept [book] 
 A: True 
 In one word True/False, answer the following question Q: Is the property [shape] true for [Blindworm]? 
 A:",False
shape|Boa python,"Q: Is the property [is female] true for the concept [book]? 
 A: False 
 Q: Is the property [can be digital] true for the concept [book] 
 A: True 
 In one word True/False, answer the following question Q: Is the property [shape] true for [Boa python]? 
 A:",False
shape|Caiman,"Q: Is the property [is female] true for the concept [book]? 
 A: False 
 Q: Is the property [can be digital] true for the concept [book] 
 A: True 
 In one word True/False, answer the following question Q: Is the property [shape] true for [Caiman]? 
 A:",True
shape|Chameleon,"Q: Is the property [is female] true for the concept [book]? 
 A: False 
 Q: Is the property [can be digital] true for the concept [book] 
 A: True 
 In one word True/False, answer the following question Q: Is the property [shape] true for [Chameleon]? 
 A:",True
shape|Chisel,"Q: Is the property [is female] true for the concept [book]? 
 A: False 
 Q: Is the property [can be digital] true for the concept [book] 
 A: True 
 In one word True/False, answer the following question Q: Is the property [shape] true for [Chisel]? 
 A:",True
shape|Cobra,"Q: Is the property [is female] true for the concept [book]? 
 A: False 
 Q: Is the property [can be digital] true for the concept [book] 
 A: True 
 In one word True/False, answer the following question Q: Is the property [shape] true for [Cobra]? 
 A:",False
shape|Crocodile,"Q: Is the property [is female] true for the concept [book]? 
 A: False 
 Q: Is the property [can be digital] true for the concept [book] 
 A: True 
 In one word True/False, answer the following question Q: Is the property [shape] true for [Crocodile]? 
 A:",True
shape|Dinosaur,"Q: Is the property [is female] true for the concept [book]? 
 A: False 
 Q: Is the property [can be digital] true for the concept [book] 
 A: True 
 In one word True/False, answer the following question Q: Is the property [shape] true for [Dinosaur]? 
 A:",False
shape|Gecko,"Q: Is the property [is female] true for the concept [book]? 
 A: False 
 Q: Is the property [can be digital] true for the concept [book] 
 A: True 
 In one word True/False, answer the following question Q: Is the property [shape] true for [Gecko]? 
 A:",False
shape|Grinding disk,"Q: Is the property [is female] true for the concept [book]? 
 A: False 
 Q: Is the property [can be digital] true for the concept [book] 
 A: True 
 In one word True/False, answer the following question Q: Is the property [shape] true for [Grinding disk]? 
 A:",True
shape|Hammer,"Q: Is the property [is female] true for the concept [book]? 
 A: False 
 Q: Is the property [can be digital] true for the concept [book] 
 A: True 
 In one word True/False, answer the following question Q: Is the property [shape] true for [Hammer]? 
 A:",True
shape|Knife,"Q: Is the property [is female] true for the concept [book]? 
 A: False 
 Q: Is the property [can be digital] true for the concept [book] 
 A: True 
 In one word True/False, answer the following question Q: Is the property [shape] true for [Knife]? 
 A:",True
shape|Lawn Mower,"Q: Is the property [is female] true for the concept [book]? 
 A: False 
 Q: Is the property [can be digital] true for the concept [book] 
 A: True 
 In one word True/False, answer the following question Q: Is the property [shape] true for [Lawn Mower]? 
 A:",True
shape|Lizard,"Q: Is the property [is female] true for the concept [book]? 
 A: False 
 Q: Is the property [can be digital] true for the concept [book] 
 A: True 
 In one word True/False, answer the following question Q: Is the property [shape] true for [Lizard]? 
 A:",False
shape|Nail,"Q: Is the property [is female] true for the concept [book]? 
 A: False 
 Q: Is the property [can be digital] true for the concept [book] 
 A: True 
 In one word True/False, answer the following question Q: Is the property [shape] true for [Nail]? 
 A:",True
shape|Oil can,"Q: Is the property [is female] true for the concept [book]? 
 A: False 
 Q: Is the property [can be digital] true for the concept [book] 
 A: True 
 In one word True/False, answer the following question Q: Is the property [shape] true for [Oil can]? 
 A:",True
shape|Paint brush,"Q: Is the property [is female] true for the concept [book]? 
 A: False 
 Q: Is the property [can be digital] true for the concept [book] 
 A: True 
 In one word True/False, answer the following question Q: Is the property [shape] true for [Paint brush]? 
 A:",True
shape|Salamander,"Q: Is the property [is female] true for the concept [book]? 
 A: False 
 Q: Is the property [can be digital] true for the concept [book] 
 A: True 
 In one word True/False, answer the following question Q: Is the property [shape] true for [Salamander]? 
 A:",False
shape|Saw,"Q: Is the property [is female] true for the concept [book]? 
 A: False 
 Q: Is the property [can be digital] true for the concept [book] 
 A: True 
 In one word True/False, answer the following question Q: Is the property [shape] true for [Saw]? 
 A:",True
shape|Screwdriver,"Q: Is the property [is female] true for the concept [book]? 
 A: False 
 Q: Is the property [can be digital] true for the concept [book] 
 A: True 
 In one word True/False, answer the following question Q: Is the property [shape] true for [Screwdriver]? 
 A:",True
shape|Shovel,"Q: Is the property [is female] true for the concept [book]? 
 A: False 
 Q: Is the property [can be digital] true for the concept [book] 
 A: True 
 In one word True/False, answer the following question Q: Is the property [shape] true for [Shovel]? 
 A:",True
shape|Snake,"Q: Is the property [is female] true for the concept [book]? 
 A: False 
 Q: Is the property [can be digital] true for the concept [book] 
 A: True 
 In one word True/False, answer the following question Q: Is the property [shape] true for [Snake]? 
 A:",False
shape|Spanner,"Q: Is the property [is female] true for the concept [book]? 
 A: False 
 Q: Is the property [can be digital] true for the concept [book] 
 A: True 
 In one word True/False, answer the following question Q: Is the property [shape] true for [Spanner]? 
 A:",True
shape|Toad,"Q: Is the property [is female] true for the concept [book]? 
 A: False 
 Q: Is the property [can be digital] true for the concept [book] 
 A: True 
 In one word True/False, answer the following question Q: Is the property [shape] true for [Toad]? 
 A:",False
shape|Tortoise,"Q: Is the property [is female] true for the concept [book]? 
 A: False 
 Q: Is the property [can be digital] true for the concept [book] 
 A: True 
 In one word True/False, answer the following question Q: Is the property [shape] true for [Tortoise]? 
 A:",True
shape|Turtle,"Q: Is the property [is female] true for the concept [book]? 
 A: False 
 Q: Is the property [can be digital] true for the concept [book] 
 A: True 
 In one word True/False, answer the following question Q: Is the property [shape] true for [Turtle]? 
 A:",True
shape|Vacuum,"Q: Is the property [is female] true for the concept [book]? 
 A: False 
 Q: Is the property [can be digital] true for the concept [book] 
 A: True 
 In one word True/False, answer the following question Q: Is the property [shape] true for [Vacuum]? 
 A:",False
sharp claws|Alligator,"Q: Is the property [is female] true for the concept [book]? 
 A: False 
 Q: Is the property [can be digital] true for the concept [book] 
 A: True 
 In one word True/False, answer the following question Q: Is the property [sharp claws] true for [Alligator]? 
 A:",True
sharp claws|Anvil,"Q: Is the property [is female] true for the concept [book]? 
 A: False 
 Q: Is the property [can be digital] true for the concept [book] 
 A: True 
 In one word True/False, answer the following question Q: Is the property [sharp claws] true for [Anvil]? 
 A:",False
sharp claws|Axe,"Q: Is the property [is female] true for the concept [book]? 
 A: False 
 Q: Is the property [can be digital] true for the concept [book] 
 A: True 
 In one word True/False, answer the following question Q: Is the property [sharp claws] true for [Axe]? 
 A:",False
sharp claws|Blindworm,"Q: Is the property [is female] true for the concept [book]? 
 A: False 
 Q: Is the property [can be digital] true for the concept [book] 
 A: True 
 In one word True/False, answer the following question Q: Is the property [sharp claws] true for [Blindworm]? 
 A:",False
sharp claws|Boa python,"Q: Is the property [is female] true for the concept [book]? 
 A: False 
 Q: Is the property [can be digital] true for the concept [book] 
 A: True 
 In one word True/False, answer the following question Q: Is the property [sharp claws] true for [Boa python]? 
 A:",False
sharp claws|Caiman,"Q: Is the property [is female] true for the concept [book]? 
 A: False 
 Q: Is the property [can be digital] true for the concept [book] 
 A: True 
 In one word True/False, answer the following question Q: Is the property [sharp claws] true for [Caiman]? 
 A:",True
sharp claws|Chameleon,"Q: Is the property [is female] true for the concept [book]? 
 A: False 
 Q: Is the property [can be digital] true for the concept [book] 
 A: True 
 In one word True/False, answer the following question Q: Is the property [sharp claws] true for [Chameleon]? 
 A:",False
sharp claws|Chisel,"Q: Is the property [is female] true for the concept [book]? 
 A: False 
 Q: Is the property [can be digital] true for the concept [book] 
 A: True 
 In one word True/False, answer the following question Q: Is the property [sharp claws] true for [Chisel]? 
 A:",False
sharp claws|Cobra,"Q: Is the property [is female] true for the concept [book]? 
 A: False 
 Q: Is the property [can be digital] true for the concept [book] 
 A: True 
 In one word True/False, answer the following question Q: Is the property [sharp claws] true for [Cobra]? 
 A:",True
sharp claws|Crocodile,"Q: Is the property [is female] true for the concept [book]? 
 A: False 
 Q: Is the property [can be digital] true for the concept [book] 
 A: True 
 In one word True/False, answer the following question Q: Is the property [sharp claws] true for [Crocodile]? 
 A:",True
sharp claws|Dinosaur,"Q: Is the property [is female] true for the concept [book]? 
 A: False 
 Q: Is the property [can be digital] true for the concept [book] 
 A: True 
 In one word True/False, answer the following question Q: Is the property [sharp claws] true for [Dinosaur]? 
 A:",True
sharp claws|Gecko,"Q: Is the property [is female] true for the concept [book]? 
 A: False 
 Q: Is the property [can be digital] true for the concept [book] 
 A: True 
 In one word True/False, answer the following question Q: Is the property [sharp claws] true for [Gecko]? 
 A:",True
sharp claws|Grinding disk,"Q: Is the property [is female] true for the concept [book]? 
 A: False 
 Q: Is the property [can be digital] true for the concept [book] 
 A: True 
 In one word True/False, answer the following question Q: Is the property [sharp claws] true for [Grinding disk]? 
 A:",False
sharp claws|Hammer,"Q: Is the property [is female] true for the concept [book]? 
 A: False 
 Q: Is the property [can be digital] true for the concept [book] 
 A: True 
 In one word True/False, answer the following question Q: Is the property [sharp claws] true for [Hammer]? 
 A:",False
sharp claws|Knife,"Q: Is the property [is female] true for the concept [book]? 
 A: False 
 Q: Is the property [can be digital] true for the concept [book] 
 A: True 
 In one word True/False, answer the following question Q: Is the property [sharp claws] true for [Knife]? 
 A:",False
sharp claws|Lawn Mower,"Q: Is the property [is female] true for the concept [book]? 
 A: False 
 Q: Is the property [can be digital] true for the concept [book] 
 A: True 
 In one word True/False, answer the following question Q: Is the property [sharp claws] true for [Lawn Mower]? 
 A:",False
sharp claws|Lizard,"Q: Is the property [is female] true for the concept [book]? 
 A: False 
 Q: Is the property [can be digital] true for the concept [book] 
 A: True 
 In one word True/False, answer the following question Q: Is the property [sharp claws] true for [Lizard]? 
 A:",True
sharp claws|Nail,"Q: Is the property [is female] true for the concept [book]? 
 A: False 
 Q: Is the property [can be digital] true for the concept [book] 
 A: True 
 In one word True/False, answer the following question Q: Is the property [sharp claws] true for [Nail]? 
 A:",False
sharp claws|Oil can,"Q: Is the property [is female] true for the concept [book]? 
 A: False 
 Q: Is the property [can be digital] true for the concept [book] 
 A: True 
 In one word True/False, answer the following question Q: Is the property [sharp claws] true for [Oil can]? 
 A:",False
sharp claws|Paint brush,"Q: Is the property [is female] true for the concept [book]? 
 A: False 
 Q: Is the property [can be digital] true for the concept [book] 
 A: True 
 In one word True/False, answer the following question Q: Is the property [sharp claws] true for [Paint brush]? 
 A:",False
sharp claws|Salamander,"Q: Is the property [is female] true for the concept [book]? 
 A: False 
 Q: Is the property [can be digital] true for the concept [book] 
 A: True 
 In one word True/False, answer the following question Q: Is the property [sharp claws] true for [Salamander]? 
 A:",False
sharp claws|Saw,"Q: Is the property [is female] true for the concept [book]? 
 A: False 
 Q: Is the property [can be digital] true for the concept [book] 
 A: True 
 In one word True/False, answer the following question Q: Is the property [sharp claws] true for [Saw]? 
 A:",False
sharp claws|Screwdriver,"Q: Is the property [is female] true for the concept [book]? 
 A: False 
 Q: Is the property [can be digital] true for the concept [book] 
 A: True 
 In one word True/False, answer the following question Q: Is the property [sharp claws] true for [Screwdriver]? 
 A:",False
sharp claws|Shovel,"Q: Is the property [is female] true for the concept [book]? 
 A: False 
 Q: Is the property [can be digital] true for the concept [book] 
 A: True 
 In one word True/False, answer the following question Q: Is the property [sharp claws] true for [Shovel]? 
 A:",False
sharp claws|Snake,"Q: Is the property [is female] true for the concept [book]? 
 A: False 
 Q: Is the property [can be digital] true for the concept [book] 
 A: True 
 In one word True/False, answer the following question Q: Is the property [sharp claws] true for [Snake]? 
 A:",True
sharp claws|Spanner,"Q: Is the property [is female] true for the concept [book]? 
 A: False 
 Q: Is the property [can be digital] true for the concept [book] 
 A: True 
 In one word True/False, answer the following question Q: Is the property [sharp claws] true for [Spanner]? 
 A:",False
sharp claws|Toad,"Q: Is the property [is female] true for the concept [book]? 
 A: False 
 Q: Is the property [can be digital] true for the concept [book] 
 A: True 
 In one word True/False, answer the following question Q: Is the property [sharp claws] true for [Toad]? 
 A:",True
sharp claws|Tortoise,"Q: Is the property [is female] true for the concept [book]? 
 A: False 
 Q: Is the property [can be digital] true for the concept [book] 
 A: True 
 In one word True/False, answer the following question Q: Is the property [sharp claws] true for [Tortoise]? 
 A:",False
sharp claws|Turtle,"Q: Is the property [is female] true for the concept [book]? 
 A: False 
 Q: Is the property [can be digital] true for the concept [book] 
 A: True 
 In one word True/False, answer the following question Q: Is the property [sharp claws] true for [Turtle]? 
 A:",False
sharp claws|Vacuum,"Q: Is the property [is female] true for the concept [book]? 
 A: False 
 Q: Is the property [can be digital] true for the concept [book] 
 A: True 
 In one word True/False, answer the following question Q: Is the property [sharp claws] true for [Vacuum]? 
 A:",False
sharp teeth|Alligator,"Q: Is the property [is female] true for the concept [book]? 
 A: False 
 Q: Is the property [can be digital] true for the concept [book] 
 A: True 
 In one word True/False, answer the following question Q: Is the property [sharp teeth] true for [Alligator]? 
 A:",True
sharp teeth|Anvil,"Q: Is the property [is female] true for the concept [book]? 
 A: False 
 Q: Is the property [can be digital] true for the concept [book] 
 A: True 
 In one word True/False, answer the following question Q: Is the property [sharp teeth] true for [Anvil]? 
 A:",False
sharp teeth|Axe,"Q: Is the property [is female] true for the concept [book]? 
 A: False 
 Q: Is the property [can be digital] true for the concept [book] 
 A: True 
 In one word True/False, answer the following question Q: Is the property [sharp teeth] true for [Axe]? 
 A:",False
sharp teeth|Blindworm,"Q: Is the property [is female] true for the concept [book]? 
 A: False 
 Q: Is the property [can be digital] true for the concept [book] 
 A: True 
 In one word True/False, answer the following question Q: Is the property [sharp teeth] true for [Blindworm]? 
 A:",False
sharp teeth|Boa python,"Q: Is the property [is female] true for the concept [book]? 
 A: False 
 Q: Is the property [can be digital] true for the concept [book] 
 A: True 
 In one word True/False, answer the following question Q: Is the property [sharp teeth] true for [Boa python]? 
 A:",False
sharp teeth|Caiman,"Q: Is the property [is female] true for the concept [book]? 
 A: False 
 Q: Is the property [can be digital] true for the concept [book] 
 A: True 
 In one word True/False, answer the following question Q: Is the property [sharp teeth] true for [Caiman]? 
 A:",True
sharp teeth|Chameleon,"Q: Is the property [is female] true for the concept [book]? 
 A: False 
 Q: Is the property [can be digital] true for the concept [book] 
 A: True 
 In one word True/False, answer the following question Q: Is the property [sharp teeth] true for [Chameleon]? 
 A:",False
sharp teeth|Chisel,"Q: Is the property [is female] true for the concept [book]? 
 A: False 
 Q: Is the property [can be digital] true for the concept [book] 
 A: True 
 In one word True/False, answer the following question Q: Is the property [sharp teeth] true for [Chisel]? 
 A:",False
sharp teeth|Cobra,"Q: Is the property [is female] true for the concept [book]? 
 A: False 
 Q: Is the property [can be digital] true for the concept [book] 
 A: True 
 In one word True/False, answer the following question Q: Is the property [sharp teeth] true for [Cobra]? 
 A:",True
sharp teeth|Crocodile,"Q: Is the property [is female] true for the concept [book]? 
 A: False 
 Q: Is the property [can be digital] true for the concept [book] 
 A: True 
 In one word True/False, answer the following question Q: Is the property [sharp teeth] true for [Crocodile]? 
 A:",True
sharp teeth|Dinosaur,"Q: Is the property [is female] true for the concept [book]? 
 A: False 
 Q: Is the property [can be digital] true for the concept [book] 
 A: True 
 In one word True/False, answer the following question Q: Is the property [sharp teeth] true for [Dinosaur]? 
 A:",True
sharp teeth|Gecko,"Q: Is the property [is female] true for the concept [book]? 
 A: False 
 Q: Is the property [can be digital] true for the concept [book] 
 A: True 
 In one word True/False, answer the following question Q: Is the property [sharp teeth] true for [Gecko]? 
 A:",False
sharp teeth|Grinding disk,"Q: Is the property [is female] true for the concept [book]? 
 A: False 
 Q: Is the property [can be digital] true for the concept [book] 
 A: True 
 In one word True/False, answer the following question Q: Is the property [sharp teeth] true for [Grinding disk]? 
 A:",False
sharp teeth|Hammer,"Q: Is the property [is female] true for the concept [book]? 
 A: False 
 Q: Is the property [can be digital] true for the concept [book] 
 A: True 
 In one word True/False, answer the following question Q: Is the property [sharp teeth] true for [Hammer]? 
 A:",False
sharp teeth|Knife,"Q: Is the property [is female] true for the concept [book]? 
 A: False 
 Q: Is the property [can be digital] true for the concept [book] 
 A: True 
 In one word True/False, answer the following question Q: Is the property [sharp teeth] true for [Knife]? 
 A:",False
sharp teeth|Lawn Mower,"Q: Is the property [is female] true for the concept [book]? 
 A: False 
 Q: Is the property [can be digital] true for the concept [book] 
 A: True 
 In one word True/False, answer the following question Q: Is the property [sharp teeth] true for [Lawn Mower]? 
 A:",False
sharp teeth|Lizard,"Q: Is the property [is female] true for the concept [book]? 
 A: False 
 Q: Is the property [can be digital] true for the concept [book] 
 A: True 
 In one word True/False, answer the following question Q: Is the property [sharp teeth] true for [Lizard]? 
 A:",False
sharp teeth|Nail,"Q: Is the property [is female] true for the concept [book]? 
 A: False 
 Q: Is the property [can be digital] true for the concept [book] 
 A: True 
 In one word True/False, answer the following question Q: Is the property [sharp teeth] true for [Nail]? 
 A:",False
sharp teeth|Oil can,"Q: Is the property [is female] true for the concept [book]? 
 A: False 
 Q: Is the property [can be digital] true for the concept [book] 
 A: True 
 In one word True/False, answer the following question Q: Is the property [sharp teeth] true for [Oil can]? 
 A:",False
sharp teeth|Paint brush,"Q: Is the property [is female] true for the concept [book]? 
 A: False 
 Q: Is the property [can be digital] true for the concept [book] 
 A: True 
 In one word True/False, answer the following question Q: Is the property [sharp teeth] true for [Paint brush]? 
 A:",False
sharp teeth|Salamander,"Q: Is the property [is female] true for the concept [book]? 
 A: False 
 Q: Is the property [can be digital] true for the concept [book] 
 A: True 
 In one word True/False, answer the following question Q: Is the property [sharp teeth] true for [Salamander]? 
 A:",False
sharp teeth|Saw,"Q: Is the property [is female] true for the concept [book]? 
 A: False 
 Q: Is the property [can be digital] true for the concept [book] 
 A: True 
 In one word True/False, answer the following question Q: Is the property [sharp teeth] true for [Saw]? 
 A:",False
sharp teeth|Screwdriver,"Q: Is the property [is female] true for the concept [book]? 
 A: False 
 Q: Is the property [can be digital] true for the concept [book] 
 A: True 
 In one word True/False, answer the following question Q: Is the property [sharp teeth] true for [Screwdriver]? 
 A:",False
sharp teeth|Shovel,"Q: Is the property [is female] true for the concept [book]? 
 A: False 
 Q: Is the property [can be digital] true for the concept [book] 
 A: True 
 In one word True/False, answer the following question Q: Is the property [sharp teeth] true for [Shovel]? 
 A:",False
sharp teeth|Snake,"Q: Is the property [is female] true for the concept [book]? 
 A: False 
 Q: Is the property [can be digital] true for the concept [book] 
 A: True 
 In one word True/False, answer the following question Q: Is the property [sharp teeth] true for [Snake]? 
 A:",True
sharp teeth|Spanner,"Q: Is the property [is female] true for the concept [book]? 
 A: False 
 Q: Is the property [can be digital] true for the concept [book] 
 A: True 
 In one word True/False, answer the following question Q: Is the property [sharp teeth] true for [Spanner]? 
 A:",False
sharp teeth|Toad,"Q: Is the property [is female] true for the concept [book]? 
 A: False 
 Q: Is the property [can be digital] true for the concept [book] 
 A: True 
 In one word True/False, answer the following question Q: Is the property [sharp teeth] true for [Toad]? 
 A:",False
sharp teeth|Tortoise,"Q: Is the property [is female] true for the concept [book]? 
 A: False 
 Q: Is the property [can be digital] true for the concept [book] 
 A: True 
 In one word True/False, answer the following question Q: Is the property [sharp teeth] true for [Tortoise]? 
 A:",False
sharp teeth|Turtle,"Q: Is the property [is female] true for the concept [book]? 
 A: False 
 Q: Is the property [can be digital] true for the concept [book] 
 A: True 
 In one word True/False, answer the following question Q: Is the property [sharp teeth] true for [Turtle]? 
 A:",False
sharp teeth|Vacuum,"Q: Is the property [is female] true for the concept [book]? 
 A: False 
 Q: Is the property [can be digital] true for the concept [book] 
 A: True 
 In one word True/False, answer the following question Q: Is the property [sharp teeth] true for [Vacuum]? 
 A:",False
sharpness|Alligator,"Q: Is the property [is female] true for the concept [book]? 
 A: False 
 Q: Is the property [can be digital] true for the concept [book] 
 A: True 
 In one word True/False, answer the following question Q: Is the property [sharpness] true for [Alligator]? 
 A:",False
sharpness|Anvil,"Q: Is the property [is female] true for the concept [book]? 
 A: False 
 Q: Is the property [can be digital] true for the concept [book] 
 A: True 
 In one word True/False, answer the following question Q: Is the property [sharpness] true for [Anvil]? 
 A:",False
sharpness|Axe,"Q: Is the property [is female] true for the concept [book]? 
 A: False 
 Q: Is the property [can be digital] true for the concept [book] 
 A: True 
 In one word True/False, answer the following question Q: Is the property [sharpness] true for [Axe]? 
 A:",True
sharpness|Blindworm,"Q: Is the property [is female] true for the concept [book]? 
 A: False 
 Q: Is the property [can be digital] true for the concept [book] 
 A: True 
 In one word True/False, answer the following question Q: Is the property [sharpness] true for [Blindworm]? 
 A:",False
sharpness|Boa python,"Q: Is the property [is female] true for the concept [book]? 
 A: False 
 Q: Is the property [can be digital] true for the concept [book] 
 A: True 
 In one word True/False, answer the following question Q: Is the property [sharpness] true for [Boa python]? 
 A:",False
sharpness|Caiman,"Q: Is the property [is female] true for the concept [book]? 
 A: False 
 Q: Is the property [can be digital] true for the concept [book] 
 A: True 
 In one word True/False, answer the following question Q: Is the property [sharpness] true for [Caiman]? 
 A:",False
sharpness|Chameleon,"Q: Is the property [is female] true for the concept [book]? 
 A: False 
 Q: Is the property [can be digital] true for the concept [book] 
 A: True 
 In one word True/False, answer the following question Q: Is the property [sharpness] true for [Chameleon]? 
 A:",False
sharpness|Chisel,"Q: Is the property [is female] true for the concept [book]? 
 A: False 
 Q: Is the property [can be digital] true for the concept [book] 
 A: True 
 In one word True/False, answer the following question Q: Is the property [sharpness] true for [Chisel]? 
 A:",True
sharpness|Cobra,"Q: Is the property [is female] true for the concept [book]? 
 A: False 
 Q: Is the property [can be digital] true for the concept [book] 
 A: True 
 In one word True/False, answer the following question Q: Is the property [sharpness] true for [Cobra]? 
 A:",False
sharpness|Crocodile,"Q: Is the property [is female] true for the concept [book]? 
 A: False 
 Q: Is the property [can be digital] true for the concept [book] 
 A: True 
 In one word True/False, answer the following question Q: Is the property [sharpness] true for [Crocodile]? 
 A:",False
sharpness|Dinosaur,"Q: Is the property [is female] true for the concept [book]? 
 A: False 
 Q: Is the property [can be digital] true for the concept [book] 
 A: True 
 In one word True/False, answer the following question Q: Is the property [sharpness] true for [Dinosaur]? 
 A:",False
sharpness|Gecko,"Q: Is the property [is female] true for the concept [book]? 
 A: False 
 Q: Is the property [can be digital] true for the concept [book] 
 A: True 
 In one word True/False, answer the following question Q: Is the property [sharpness] true for [Gecko]? 
 A:",False
sharpness|Grinding disk,"Q: Is the property [is female] true for the concept [book]? 
 A: False 
 Q: Is the property [can be digital] true for the concept [book] 
 A: True 
 In one word True/False, answer the following question Q: Is the property [sharpness] true for [Grinding disk]? 
 A:",True
sharpness|Hammer,"Q: Is the property [is female] true for the concept [book]? 
 A: False 
 Q: Is the property [can be digital] true for the concept [book] 
 A: True 
 In one word True/False, answer the following question Q: Is the property [sharpness] true for [Hammer]? 
 A:",True
sharpness|Knife,"Q: Is the property [is female] true for the concept [book]? 
 A: False 
 Q: Is the property [can be digital] true for the concept [book] 
 A: True 
 In one word True/False, answer the following question Q: Is the property [sharpness] true for [Knife]? 
 A:",True
sharpness|Lawn Mower,"Q: Is the property [is female] true for the concept [book]? 
 A: False 
 Q: Is the property [can be digital] true for the concept [book] 
 A: True 
 In one word True/False, answer the following question Q: Is the property [sharpness] true for [Lawn Mower]? 
 A:",False
sharpness|Lizard,"Q: Is the property [is female] true for the concept [book]? 
 A: False 
 Q: Is the property [can be digital] true for the concept [book] 
 A: True 
 In one word True/False, answer the following question Q: Is the property [sharpness] true for [Lizard]? 
 A:",False
sharpness|Nail,"Q: Is the property [is female] true for the concept [book]? 
 A: False 
 Q: Is the property [can be digital] true for the concept [book] 
 A: True 
 In one word True/False, answer the following question Q: Is the property [sharpness] true for [Nail]? 
 A:",True
sharpness|Oil can,"Q: Is the property [is female] true for the concept [book]? 
 A: False 
 Q: Is the property [can be digital] true for the concept [book] 
 A: True 
 In one word True/False, answer the following question Q: Is the property [sharpness] true for [Oil can]? 
 A:",False
sharpness|Paint brush,"Q: Is the property [is female] true for the concept [book]? 
 A: False 
 Q: Is the property [can be digital] true for the concept [book] 
 A: True 
 In one word True/False, answer the following question Q: Is the property [sharpness] true for [Paint brush]? 
 A:",True
sharpness|Salamander,"Q: Is the property [is female] true for the concept [book]? 
 A: False 
 Q: Is the property [can be digital] true for the concept [book] 
 A: True 
 In one word True/False, answer the following question Q: Is the property [sharpness] true for [Salamander]? 
 A:",False
sharpness|Saw,"Q: Is the property [is female] true for the concept [book]? 
 A: False 
 Q: Is the property [can be digital] true for the concept [book] 
 A: True 
 In one word True/False, answer the following question Q: Is the property [sharpness] true for [Saw]? 
 A:",True
sharpness|Screwdriver,"Q: Is the property [is female] true for the concept [book]? 
 A: False 
 Q: Is the property [can be digital] true for the concept [book] 
 A: True 
 In one word True/False, answer the following question Q: Is the property [sharpness] true for [Screwdriver]? 
 A:",True
sharpness|Shovel,"Q: Is the property [is female] true for the concept [book]? 
 A: False 
 Q: Is the property [can be digital] true for the concept [book] 
 A: True 
 In one word True/False, answer the following question Q: Is the property [sharpness] true for [Shovel]? 
 A:",False
sharpness|Snake,"Q: Is the property [is female] true for the concept [book]? 
 A: False 
 Q: Is the property [can be digital] true for the concept [book] 
 A: True 
 In one word True/False, answer the following question Q: Is the property [sharpness] true for [Snake]? 
 A:",False
sharpness|Spanner,"Q: Is the property [is female] true for the concept [book]? 
 A: False 
 Q: Is the property [can be digital] true for the concept [book] 
 A: True 
 In one word True/False, answer the following question Q: Is the property [sharpness] true for [Spanner]? 
 A:",False
sharpness|Toad,"Q: Is the property [is female] true for the concept [book]? 
 A: False 
 Q: Is the property [can be digital] true for the concept [book] 
 A: True 
 In one word True/False, answer the following question Q: Is the property [sharpness] true for [Toad]? 
 A:",False
sharpness|Tortoise,"Q: Is the property [is female] true for the concept [book]? 
 A: False 
 Q: Is the property [can be digital] true for the concept [book] 
 A: True 
 In one word True/False, answer the following question Q: Is the property [sharpness] true for [Tortoise]? 
 A:",False
sharpness|Turtle,"Q: Is the property [is female] true for the concept [book]? 
 A: False 
 Q: Is the property [can be digital] true for the concept [book] 
 A: True 
 In one word True/False, answer the following question Q: Is the property [sharpness] true for [Turtle]? 
 A:",False
sharpness|Vacuum,"Q: Is the property [is female] true for the concept [book]? 
 A: False 
 Q: Is the property [can be digital] true for the concept [book] 
 A: True 
 In one word True/False, answer the following question Q: Is the property [sharpness] true for [Vacuum]? 
 A:",False
shed skin periodically|Alligator,"Q: Is the property [is female] true for the concept [book]? 
 A: False 
 Q: Is the property [can be digital] true for the concept [book] 
 A: True 
 In one word True/False, answer the following question Q: Is the property [shed skin periodically] true for [Alligator]? 
 A:",True
shed skin periodically|Anvil,"Q: Is the property [is female] true for the concept [book]? 
 A: False 
 Q: Is the property [can be digital] true for the concept [book] 
 A: True 
 In one word True/False, answer the following question Q: Is the property [shed skin periodically] true for [Anvil]? 
 A:",False
shed skin periodically|Axe,"Q: Is the property [is female] true for the concept [book]? 
 A: False 
 Q: Is the property [can be digital] true for the concept [book] 
 A: True 
 In one word True/False, answer the following question Q: Is the property [shed skin periodically] true for [Axe]? 
 A:",False
shed skin periodically|Blindworm,"Q: Is the property [is female] true for the concept [book]? 
 A: False 
 Q: Is the property [can be digital] true for the concept [book] 
 A: True 
 In one word True/False, answer the following question Q: Is the property [shed skin periodically] true for [Blindworm]? 
 A:",False
shed skin periodically|Boa python,"Q: Is the property [is female] true for the concept [book]? 
 A: False 
 Q: Is the property [can be digital] true for the concept [book] 
 A: True 
 In one word True/False, answer the following question Q: Is the property [shed skin periodically] true for [Boa python]? 
 A:",True
shed skin periodically|Caiman,"Q: Is the property [is female] true for the concept [book]? 
 A: False 
 Q: Is the property [can be digital] true for the concept [book] 
 A: True 
 In one word True/False, answer the following question Q: Is the property [shed skin periodically] true for [Caiman]? 
 A:",True
shed skin periodically|Chameleon,"Q: Is the property [is female] true for the concept [book]? 
 A: False 
 Q: Is the property [can be digital] true for the concept [book] 
 A: True 
 In one word True/False, answer the following question Q: Is the property [shed skin periodically] true for [Chameleon]? 
 A:",True
shed skin periodically|Chisel,"Q: Is the property [is female] true for the concept [book]? 
 A: False 
 Q: Is the property [can be digital] true for the concept [book] 
 A: True 
 In one word True/False, answer the following question Q: Is the property [shed skin periodically] true for [Chisel]? 
 A:",False
shed skin periodically|Cobra,"Q: Is the property [is female] true for the concept [book]? 
 A: False 
 Q: Is the property [can be digital] true for the concept [book] 
 A: True 
 In one word True/False, answer the following question Q: Is the property [shed skin periodically] true for [Cobra]? 
 A:",True
shed skin periodically|Crocodile,"Q: Is the property [is female] true for the concept [book]? 
 A: False 
 Q: Is the property [can be digital] true for the concept [book] 
 A: True 
 In one word True/False, answer the following question Q: Is the property [shed skin periodically] true for [Crocodile]? 
 A:",True
shed skin periodically|Dinosaur,"Q: Is the property [is female] true for the concept [book]? 
 A: False 
 Q: Is the property [can be digital] true for the concept [book] 
 A: True 
 In one word True/False, answer the following question Q: Is the property [shed skin periodically] true for [Dinosaur]? 
 A:",True
shed skin periodically|Gecko,"Q: Is the property [is female] true for the concept [book]? 
 A: False 
 Q: Is the property [can be digital] true for the concept [book] 
 A: True 
 In one word True/False, answer the following question Q: Is the property [shed skin periodically] true for [Gecko]? 
 A:",True
shed skin periodically|Grinding disk,"Q: Is the property [is female] true for the concept [book]? 
 A: False 
 Q: Is the property [can be digital] true for the concept [book] 
 A: True 
 In one word True/False, answer the following question Q: Is the property [shed skin periodically] true for [Grinding disk]? 
 A:",False
shed skin periodically|Hammer,"Q: Is the property [is female] true for the concept [book]? 
 A: False 
 Q: Is the property [can be digital] true for the concept [book] 
 A: True 
 In one word True/False, answer the following question Q: Is the property [shed skin periodically] true for [Hammer]? 
 A:",False
shed skin periodically|Knife,"Q: Is the property [is female] true for the concept [book]? 
 A: False 
 Q: Is the property [can be digital] true for the concept [book] 
 A: True 
 In one word True/False, answer the following question Q: Is the property [shed skin periodically] true for [Knife]? 
 A:",False
shed skin periodically|Lawn Mower,"Q: Is the property [is female] true for the concept [book]? 
 A: False 
 Q: Is the property [can be digital] true for the concept [book] 
 A: True 
 In one word True/False, answer the following question Q: Is the property [shed skin periodically] true for [Lawn Mower]? 
 A:",False
shed skin periodically|Lizard,"Q: Is the property [is female] true for the concept [book]? 
 A: False 
 Q: Is the property [can be digital] true for the concept [book] 
 A: True 
 In one word True/False, answer the following question Q: Is the property [shed skin periodically] true for [Lizard]? 
 A:",True
shed skin periodically|Nail,"Q: Is the property [is female] true for the concept [book]? 
 A: False 
 Q: Is the property [can be digital] true for the concept [book] 
 A: True 
 In one word True/False, answer the following question Q: Is the property [shed skin periodically] true for [Nail]? 
 A:",False
shed skin periodically|Oil can,"Q: Is the property [is female] true for the concept [book]? 
 A: False 
 Q: Is the property [can be digital] true for the concept [book] 
 A: True 
 In one word True/False, answer the following question Q: Is the property [shed skin periodically] true for [Oil can]? 
 A:",False
shed skin periodically|Paint brush,"Q: Is the property [is female] true for the concept [book]? 
 A: False 
 Q: Is the property [can be digital] true for the concept [book] 
 A: True 
 In one word True/False, answer the following question Q: Is the property [shed skin periodically] true for [Paint brush]? 
 A:",False
shed skin periodically|Salamander,"Q: Is the property [is female] true for the concept [book]? 
 A: False 
 Q: Is the property [can be digital] true for the concept [book] 
 A: True 
 In one word True/False, answer the following question Q: Is the property [shed skin periodically] true for [Salamander]? 
 A:",True
shed skin periodically|Saw,"Q: Is the property [is female] true for the concept [book]? 
 A: False 
 Q: Is the property [can be digital] true for the concept [book] 
 A: True 
 In one word True/False, answer the following question Q: Is the property [shed skin periodically] true for [Saw]? 
 A:",False
shed skin periodically|Screwdriver,"Q: Is the property [is female] true for the concept [book]? 
 A: False 
 Q: Is the property [can be digital] true for the concept [book] 
 A: True 
 In one word True/False, answer the following question Q: Is the property [shed skin periodically] true for [Screwdriver]? 
 A:",False
shed skin periodically|Shovel,"Q: Is the property [is female] true for the concept [book]? 
 A: False 
 Q: Is the property [can be digital] true for the concept [book] 
 A: True 
 In one word True/False, answer the following question Q: Is the property [shed skin periodically] true for [Shovel]? 
 A:",False
shed skin periodically|Snake,"Q: Is the property [is female] true for the concept [book]? 
 A: False 
 Q: Is the property [can be digital] true for the concept [book] 
 A: True 
 In one word True/False, answer the following question Q: Is the property [shed skin periodically] true for [Snake]? 
 A:",True
shed skin periodically|Spanner,"Q: Is the property [is female] true for the concept [book]? 
 A: False 
 Q: Is the property [can be digital] true for the concept [book] 
 A: True 
 In one word True/False, answer the following question Q: Is the property [shed skin periodically] true for [Spanner]? 
 A:",False
shed skin periodically|Toad,"Q: Is the property [is female] true for the concept [book]? 
 A: False 
 Q: Is the property [can be digital] true for the concept [book] 
 A: True 
 In one word True/False, answer the following question Q: Is the property [shed skin periodically] true for [Toad]? 
 A:",True
shed skin periodically|Tortoise,"Q: Is the property [is female] true for the concept [book]? 
 A: False 
 Q: Is the property [can be digital] true for the concept [book] 
 A: True 
 In one word True/False, answer the following question Q: Is the property [shed skin periodically] true for [Tortoise]? 
 A:",True
shed skin periodically|Turtle,"Q: Is the property [is female] true for the concept [book]? 
 A: False 
 Q: Is the property [can be digital] true for the concept [book] 
 A: True 
 In one word True/False, answer the following question Q: Is the property [shed skin periodically] true for [Turtle]? 
 A:",True
shed skin periodically|Vacuum,"Q: Is the property [is female] true for the concept [book]? 
 A: False 
 Q: Is the property [can be digital] true for the concept [book] 
 A: True 
 In one word True/False, answer the following question Q: Is the property [shed skin periodically] true for [Vacuum]? 
 A:",False
shell|Alligator,"Q: Is the property [is female] true for the concept [book]? 
 A: False 
 Q: Is the property [can be digital] true for the concept [book] 
 A: True 
 In one word True/False, answer the following question Q: Is the property [shell] true for [Alligator]? 
 A:",True
shell|Anvil,"Q: Is the property [is female] true for the concept [book]? 
 A: False 
 Q: Is the property [can be digital] true for the concept [book] 
 A: True 
 In one word True/False, answer the following question Q: Is the property [shell] true for [Anvil]? 
 A:",True
shell|Axe,"Q: Is the property [is female] true for the concept [book]? 
 A: False 
 Q: Is the property [can be digital] true for the concept [book] 
 A: True 
 In one word True/False, answer the following question Q: Is the property [shell] true for [Axe]? 
 A:",True
shell|Blindworm,"Q: Is the property [is female] true for the concept [book]? 
 A: False 
 Q: Is the property [can be digital] true for the concept [book] 
 A: True 
 In one word True/False, answer the following question Q: Is the property [shell] true for [Blindworm]? 
 A:",False
shell|Boa python,"Q: Is the property [is female] true for the concept [book]? 
 A: False 
 Q: Is the property [can be digital] true for the concept [book] 
 A: True 
 In one word True/False, answer the following question Q: Is the property [shell] true for [Boa python]? 
 A:",True
shell|Caiman,"Q: Is the property [is female] true for the concept [book]? 
 A: False 
 Q: Is the property [can be digital] true for the concept [book] 
 A: True 
 In one word True/False, answer the following question Q: Is the property [shell] true for [Caiman]? 
 A:",True
shell|Chameleon,"Q: Is the property [is female] true for the concept [book]? 
 A: False 
 Q: Is the property [can be digital] true for the concept [book] 
 A: True 
 In one word True/False, answer the following question Q: Is the property [shell] true for [Chameleon]? 
 A:",False
shell|Chisel,"Q: Is the property [is female] true for the concept [book]? 
 A: False 
 Q: Is the property [can be digital] true for the concept [book] 
 A: True 
 In one word True/False, answer the following question Q: Is the property [shell] true for [Chisel]? 
 A:",True
shell|Cobra,"Q: Is the property [is female] true for the concept [book]? 
 A: False 
 Q: Is the property [can be digital] true for the concept [book] 
 A: True 
 In one word True/False, answer the following question Q: Is the property [shell] true for [Cobra]? 
 A:",False
shell|Crocodile,"Q: Is the property [is female] true for the concept [book]? 
 A: False 
 Q: Is the property [can be digital] true for the concept [book] 
 A: True 
 In one word True/False, answer the following question Q: Is the property [shell] true for [Crocodile]? 
 A:",True
shell|Dinosaur,"Q: Is the property [is female] true for the concept [book]? 
 A: False 
 Q: Is the property [can be digital] true for the concept [book] 
 A: True 
 In one word True/False, answer the following question Q: Is the property [shell] true for [Dinosaur]? 
 A:",True
shell|Gecko,"Q: Is the property [is female] true for the concept [book]? 
 A: False 
 Q: Is the property [can be digital] true for the concept [book] 
 A: True 
 In one word True/False, answer the following question Q: Is the property [shell] true for [Gecko]? 
 A:",True
shell|Grinding disk,"Q: Is the property [is female] true for the concept [book]? 
 A: False 
 Q: Is the property [can be digital] true for the concept [book] 
 A: True 
 In one word True/False, answer the following question Q: Is the property [shell] true for [Grinding disk]? 
 A:",False
shell|Hammer,"Q: Is the property [is female] true for the concept [book]? 
 A: False 
 Q: Is the property [can be digital] true for the concept [book] 
 A: True 
 In one word True/False, answer the following question Q: Is the property [shell] true for [Hammer]? 
 A:",True
shell|Knife,"Q: Is the property [is female] true for the concept [book]? 
 A: False 
 Q: Is the property [can be digital] true for the concept [book] 
 A: True 
 In one word True/False, answer the following question Q: Is the property [shell] true for [Knife]? 
 A:",True
shell|Lawn Mower,"Q: Is the property [is female] true for the concept [book]? 
 A: False 
 Q: Is the property [can be digital] true for the concept [book] 
 A: True 
 In one word True/False, answer the following question Q: Is the property [shell] true for [Lawn Mower]? 
 A:",True
shell|Lizard,"Q: Is the property [is female] true for the concept [book]? 
 A: False 
 Q: Is the property [can be digital] true for the concept [book] 
 A: True 
 In one word True/False, answer the following question Q: Is the property [shell] true for [Lizard]? 
 A:",True
shell|Nail,"Q: Is the property [is female] true for the concept [book]? 
 A: False 
 Q: Is the property [can be digital] true for the concept [book] 
 A: True 
 In one word True/False, answer the following question Q: Is the property [shell] true for [Nail]? 
 A:",True
shell|Oil can,"Q: Is the property [is female] true for the concept [book]? 
 A: False 
 Q: Is the property [can be digital] true for the concept [book] 
 A: True 
 In one word True/False, answer the following question Q: Is the property [shell] true for [Oil can]? 
 A:",True
shell|Paint brush,"Q: Is the property [is female] true for the concept [book]? 
 A: False 
 Q: Is the property [can be digital] true for the concept [book] 
 A: True 
 In one word True/False, answer the following question Q: Is the property [shell] true for [Paint brush]? 
 A:",False
shell|Salamander,"Q: Is the property [is female] true for the concept [book]? 
 A: False 
 Q: Is the property [can be digital] true for the concept [book] 
 A: True 
 In one word True/False, answer the following question Q: Is the property [shell] true for [Salamander]? 
 A:",True
shell|Saw,"Q: Is the property [is female] true for the concept [book]? 
 A: False 
 Q: Is the property [can be digital] true for the concept [book] 
 A: True 
 In one word True/False, answer the following question Q: Is the property [shell] true for [Saw]? 
 A:",False
shell|Screwdriver,"Q: Is the property [is female] true for the concept [book]? 
 A: False 
 Q: Is the property [can be digital] true for the concept [book] 
 A: True 
 In one word True/False, answer the following question Q: Is the property [shell] true for [Screwdriver]? 
 A:",True
shell|Shovel,"Q: Is the property [is female] true for the concept [book]? 
 A: False 
 Q: Is the property [can be digital] true for the concept [book] 
 A: True 
 In one word True/False, answer the following question Q: Is the property [shell] true for [Shovel]? 
 A:",False
shell|Snake,"Q: Is the property [is female] true for the concept [book]? 
 A: False 
 Q: Is the property [can be digital] true for the concept [book] 
 A: True 
 In one word True/False, answer the following question Q: Is the property [shell] true for [Snake]? 
 A:",True
shell|Spanner,"Q: Is the property [is female] true for the concept [book]? 
 A: False 
 Q: Is the property [can be digital] true for the concept [book] 
 A: True 
 In one word True/False, answer the following question Q: Is the property [shell] true for [Spanner]? 
 A:",False
shell|Toad,"Q: Is the property [is female] true for the concept [book]? 
 A: False 
 Q: Is the property [can be digital] true for the concept [book] 
 A: True 
 In one word True/False, answer the following question Q: Is the property [shell] true for [Toad]? 
 A:",True
shell|Tortoise,"Q: Is the property [is female] true for the concept [book]? 
 A: False 
 Q: Is the property [can be digital] true for the concept [book] 
 A: True 
 In one word True/False, answer the following question Q: Is the property [shell] true for [Tortoise]? 
 A:",True
shell|Turtle,"Q: Is the property [is female] true for the concept [book]? 
 A: False 
 Q: Is the property [can be digital] true for the concept [book] 
 A: True 
 In one word True/False, answer the following question Q: Is the property [shell] true for [Turtle]? 
 A:",True
shell|Vacuum,"Q: Is the property [is female] true for the concept [book]? 
 A: False 
 Q: Is the property [can be digital] true for the concept [book] 
 A: True 
 In one word True/False, answer the following question Q: Is the property [shell] true for [Vacuum]? 
 A:",False
size|Alligator,"Q: Is the property [is female] true for the concept [book]? 
 A: False 
 Q: Is the property [can be digital] true for the concept [book] 
 A: True 
 In one word True/False, answer the following question Q: Is the property [size] true for [Alligator]? 
 A:",True
size|Anvil,"Q: Is the property [is female] true for the concept [book]? 
 A: False 
 Q: Is the property [can be digital] true for the concept [book] 
 A: True 
 In one word True/False, answer the following question Q: Is the property [size] true for [Anvil]? 
 A:",True
size|Axe,"Q: Is the property [is female] true for the concept [book]? 
 A: False 
 Q: Is the property [can be digital] true for the concept [book] 
 A: True 
 In one word True/False, answer the following question Q: Is the property [size] true for [Axe]? 
 A:",True
size|Blindworm,"Q: Is the property [is female] true for the concept [book]? 
 A: False 
 Q: Is the property [can be digital] true for the concept [book] 
 A: True 
 In one word True/False, answer the following question Q: Is the property [size] true for [Blindworm]? 
 A:",False
size|Boa python,"Q: Is the property [is female] true for the concept [book]? 
 A: False 
 Q: Is the property [can be digital] true for the concept [book] 
 A: True 
 In one word True/False, answer the following question Q: Is the property [size] true for [Boa python]? 
 A:",True
size|Caiman,"Q: Is the property [is female] true for the concept [book]? 
 A: False 
 Q: Is the property [can be digital] true for the concept [book] 
 A: True 
 In one word True/False, answer the following question Q: Is the property [size] true for [Caiman]? 
 A:",True
size|Chameleon,"Q: Is the property [is female] true for the concept [book]? 
 A: False 
 Q: Is the property [can be digital] true for the concept [book] 
 A: True 
 In one word True/False, answer the following question Q: Is the property [size] true for [Chameleon]? 
 A:",True
size|Chisel,"Q: Is the property [is female] true for the concept [book]? 
 A: False 
 Q: Is the property [can be digital] true for the concept [book] 
 A: True 
 In one word True/False, answer the following question Q: Is the property [size] true for [Chisel]? 
 A:",True
size|Cobra,"Q: Is the property [is female] true for the concept [book]? 
 A: False 
 Q: Is the property [can be digital] true for the concept [book] 
 A: True 
 In one word True/False, answer the following question Q: Is the property [size] true for [Cobra]? 
 A:",False
size|Crocodile,"Q: Is the property [is female] true for the concept [book]? 
 A: False 
 Q: Is the property [can be digital] true for the concept [book] 
 A: True 
 In one word True/False, answer the following question Q: Is the property [size] true for [Crocodile]? 
 A:",True
size|Dinosaur,"Q: Is the property [is female] true for the concept [book]? 
 A: False 
 Q: Is the property [can be digital] true for the concept [book] 
 A: True 
 In one word True/False, answer the following question Q: Is the property [size] true for [Dinosaur]? 
 A:",True
size|Gecko,"Q: Is the property [is female] true for the concept [book]? 
 A: False 
 Q: Is the property [can be digital] true for the concept [book] 
 A: True 
 In one word True/False, answer the following question Q: Is the property [size] true for [Gecko]? 
 A:",False
size|Grinding disk,"Q: Is the property [is female] true for the concept [book]? 
 A: False 
 Q: Is the property [can be digital] true for the concept [book] 
 A: True 
 In one word True/False, answer the following question Q: Is the property [size] true for [Grinding disk]? 
 A:",True
size|Hammer,"Q: Is the property [is female] true for the concept [book]? 
 A: False 
 Q: Is the property [can be digital] true for the concept [book] 
 A: True 
 In one word True/False, answer the following question Q: Is the property [size] true for [Hammer]? 
 A:",True
size|Knife,"Q: Is the property [is female] true for the concept [book]? 
 A: False 
 Q: Is the property [can be digital] true for the concept [book] 
 A: True 
 In one word True/False, answer the following question Q: Is the property [size] true for [Knife]? 
 A:",True
size|Lawn Mower,"Q: Is the property [is female] true for the concept [book]? 
 A: False 
 Q: Is the property [can be digital] true for the concept [book] 
 A: True 
 In one word True/False, answer the following question Q: Is the property [size] true for [Lawn Mower]? 
 A:",True
size|Lizard,"Q: Is the property [is female] true for the concept [book]? 
 A: False 
 Q: Is the property [can be digital] true for the concept [book] 
 A: True 
 In one word True/False, answer the following question Q: Is the property [size] true for [Lizard]? 
 A:",False
size|Nail,"Q: Is the property [is female] true for the concept [book]? 
 A: False 
 Q: Is the property [can be digital] true for the concept [book] 
 A: True 
 In one word True/False, answer the following question Q: Is the property [size] true for [Nail]? 
 A:",False
size|Oil can,"Q: Is the property [is female] true for the concept [book]? 
 A: False 
 Q: Is the property [can be digital] true for the concept [book] 
 A: True 
 In one word True/False, answer the following question Q: Is the property [size] true for [Oil can]? 
 A:",True
size|Paint brush,"Q: Is the property [is female] true for the concept [book]? 
 A: False 
 Q: Is the property [can be digital] true for the concept [book] 
 A: True 
 In one word True/False, answer the following question Q: Is the property [size] true for [Paint brush]? 
 A:",True
size|Salamander,"Q: Is the property [is female] true for the concept [book]? 
 A: False 
 Q: Is the property [can be digital] true for the concept [book] 
 A: True 
 In one word True/False, answer the following question Q: Is the property [size] true for [Salamander]? 
 A:",False
size|Saw,"Q: Is the property [is female] true for the concept [book]? 
 A: False 
 Q: Is the property [can be digital] true for the concept [book] 
 A: True 
 In one word True/False, answer the following question Q: Is the property [size] true for [Saw]? 
 A:",False
size|Screwdriver,"Q: Is the property [is female] true for the concept [book]? 
 A: False 
 Q: Is the property [can be digital] true for the concept [book] 
 A: True 
 In one word True/False, answer the following question Q: Is the property [size] true for [Screwdriver]? 
 A:",True
size|Shovel,"Q: Is the property [is female] true for the concept [book]? 
 A: False 
 Q: Is the property [can be digital] true for the concept [book] 
 A: True 
 In one word True/False, answer the following question Q: Is the property [size] true for [Shovel]? 
 A:",True
size|Snake,"Q: Is the property [is female] true for the concept [book]? 
 A: False 
 Q: Is the property [can be digital] true for the concept [book] 
 A: True 
 In one word True/False, answer the following question Q: Is the property [size] true for [Snake]? 
 A:",False
size|Spanner,"Q: Is the property [is female] true for the concept [book]? 
 A: False 
 Q: Is the property [can be digital] true for the concept [book] 
 A: True 
 In one word True/False, answer the following question Q: Is the property [size] true for [Spanner]? 
 A:",False
size|Toad,"Q: Is the property [is female] true for the concept [book]? 
 A: False 
 Q: Is the property [can be digital] true for the concept [book] 
 A: True 
 In one word True/False, answer the following question Q: Is the property [size] true for [Toad]? 
 A:",False
size|Tortoise,"Q: Is the property [is female] true for the concept [book]? 
 A: False 
 Q: Is the property [can be digital] true for the concept [book] 
 A: True 
 In one word True/False, answer the following question Q: Is the property [size] true for [Tortoise]? 
 A:",True
size|Turtle,"Q: Is the property [is female] true for the concept [book]? 
 A: False 
 Q: Is the property [can be digital] true for the concept [book] 
 A: True 
 In one word True/False, answer the following question Q: Is the property [size] true for [Turtle]? 
 A:",False
size|Vacuum,"Q: Is the property [is female] true for the concept [book]? 
 A: False 
 Q: Is the property [can be digital] true for the concept [book] 
 A: True 
 In one word True/False, answer the following question Q: Is the property [size] true for [Vacuum]? 
 A:",True
skin covered in scales|Alligator,"Q: Is the property [is female] true for the concept [book]? 
 A: False 
 Q: Is the property [can be digital] true for the concept [book] 
 A: True 
 In one word True/False, answer the following question Q: Is the property [skin covered in scales] true for [Alligator]? 
 A:",True
skin covered in scales|Anvil,"Q: Is the property [is female] true for the concept [book]? 
 A: False 
 Q: Is the property [can be digital] true for the concept [book] 
 A: True 
 In one word True/False, answer the following question Q: Is the property [skin covered in scales] true for [Anvil]? 
 A:",False
skin covered in scales|Axe,"Q: Is the property [is female] true for the concept [book]? 
 A: False 
 Q: Is the property [can be digital] true for the concept [book] 
 A: True 
 In one word True/False, answer the following question Q: Is the property [skin covered in scales] true for [Axe]? 
 A:",False
skin covered in scales|Blindworm,"Q: Is the property [is female] true for the concept [book]? 
 A: False 
 Q: Is the property [can be digital] true for the concept [book] 
 A: True 
 In one word True/False, answer the following question Q: Is the property [skin covered in scales] true for [Blindworm]? 
 A:",True
skin covered in scales|Boa python,"Q: Is the property [is female] true for the concept [book]? 
 A: False 
 Q: Is the property [can be digital] true for the concept [book] 
 A: True 
 In one word True/False, answer the following question Q: Is the property [skin covered in scales] true for [Boa python]? 
 A:",True
skin covered in scales|Caiman,"Q: Is the property [is female] true for the concept [book]? 
 A: False 
 Q: Is the property [can be digital] true for the concept [book] 
 A: True 
 In one word True/False, answer the following question Q: Is the property [skin covered in scales] true for [Caiman]? 
 A:",True
skin covered in scales|Chameleon,"Q: Is the property [is female] true for the concept [book]? 
 A: False 
 Q: Is the property [can be digital] true for the concept [book] 
 A: True 
 In one word True/False, answer the following question Q: Is the property [skin covered in scales] true for [Chameleon]? 
 A:",True
skin covered in scales|Chisel,"Q: Is the property [is female] true for the concept [book]? 
 A: False 
 Q: Is the property [can be digital] true for the concept [book] 
 A: True 
 In one word True/False, answer the following question Q: Is the property [skin covered in scales] true for [Chisel]? 
 A:",False
skin covered in scales|Cobra,"Q: Is the property [is female] true for the concept [book]? 
 A: False 
 Q: Is the property [can be digital] true for the concept [book] 
 A: True 
 In one word True/False, answer the following question Q: Is the property [skin covered in scales] true for [Cobra]? 
 A:",True
skin covered in scales|Crocodile,"Q: Is the property [is female] true for the concept [book]? 
 A: False 
 Q: Is the property [can be digital] true for the concept [book] 
 A: True 
 In one word True/False, answer the following question Q: Is the property [skin covered in scales] true for [Crocodile]? 
 A:",True
skin covered in scales|Dinosaur,"Q: Is the property [is female] true for the concept [book]? 
 A: False 
 Q: Is the property [can be digital] true for the concept [book] 
 A: True 
 In one word True/False, answer the following question Q: Is the property [skin covered in scales] true for [Dinosaur]? 
 A:",True
skin covered in scales|Gecko,"Q: Is the property [is female] true for the concept [book]? 
 A: False 
 Q: Is the property [can be digital] true for the concept [book] 
 A: True 
 In one word True/False, answer the following question Q: Is the property [skin covered in scales] true for [Gecko]? 
 A:",True
skin covered in scales|Grinding disk,"Q: Is the property [is female] true for the concept [book]? 
 A: False 
 Q: Is the property [can be digital] true for the concept [book] 
 A: True 
 In one word True/False, answer the following question Q: Is the property [skin covered in scales] true for [Grinding disk]? 
 A:",False
skin covered in scales|Hammer,"Q: Is the property [is female] true for the concept [book]? 
 A: False 
 Q: Is the property [can be digital] true for the concept [book] 
 A: True 
 In one word True/False, answer the following question Q: Is the property [skin covered in scales] true for [Hammer]? 
 A:",False
skin covered in scales|Knife,"Q: Is the property [is female] true for the concept [book]? 
 A: False 
 Q: Is the property [can be digital] true for the concept [book] 
 A: True 
 In one word True/False, answer the following question Q: Is the property [skin covered in scales] true for [Knife]? 
 A:",False
skin covered in scales|Lawn Mower,"Q: Is the property [is female] true for the concept [book]? 
 A: False 
 Q: Is the property [can be digital] true for the concept [book] 
 A: True 
 In one word True/False, answer the following question Q: Is the property [skin covered in scales] true for [Lawn Mower]? 
 A:",False
skin covered in scales|Lizard,"Q: Is the property [is female] true for the concept [book]? 
 A: False 
 Q: Is the property [can be digital] true for the concept [book] 
 A: True 
 In one word True/False, answer the following question Q: Is the property [skin covered in scales] true for [Lizard]? 
 A:",True
skin covered in scales|Nail,"Q: Is the property [is female] true for the concept [book]? 
 A: False 
 Q: Is the property [can be digital] true for the concept [book] 
 A: True 
 In one word True/False, answer the following question Q: Is the property [skin covered in scales] true for [Nail]? 
 A:",False
skin covered in scales|Oil can,"Q: Is the property [is female] true for the concept [book]? 
 A: False 
 Q: Is the property [can be digital] true for the concept [book] 
 A: True 
 In one word True/False, answer the following question Q: Is the property [skin covered in scales] true for [Oil can]? 
 A:",False
skin covered in scales|Paint brush,"Q: Is the property [is female] true for the concept [book]? 
 A: False 
 Q: Is the property [can be digital] true for the concept [book] 
 A: True 
 In one word True/False, answer the following question Q: Is the property [skin covered in scales] true for [Paint brush]? 
 A:",False
skin covered in scales|Salamander,"Q: Is the property [is female] true for the concept [book]? 
 A: False 
 Q: Is the property [can be digital] true for the concept [book] 
 A: True 
 In one word True/False, answer the following question Q: Is the property [skin covered in scales] true for [Salamander]? 
 A:",True
skin covered in scales|Saw,"Q: Is the property [is female] true for the concept [book]? 
 A: False 
 Q: Is the property [can be digital] true for the concept [book] 
 A: True 
 In one word True/False, answer the following question Q: Is the property [skin covered in scales] true for [Saw]? 
 A:",False
skin covered in scales|Screwdriver,"Q: Is the property [is female] true for the concept [book]? 
 A: False 
 Q: Is the property [can be digital] true for the concept [book] 
 A: True 
 In one word True/False, answer the following question Q: Is the property [skin covered in scales] true for [Screwdriver]? 
 A:",False
skin covered in scales|Shovel,"Q: Is the property [is female] true for the concept [book]? 
 A: False 
 Q: Is the property [can be digital] true for the concept [book] 
 A: True 
 In one word True/False, answer the following question Q: Is the property [skin covered in scales] true for [Shovel]? 
 A:",False
skin covered in scales|Snake,"Q: Is the property [is female] true for the concept [book]? 
 A: False 
 Q: Is the property [can be digital] true for the concept [book] 
 A: True 
 In one word True/False, answer the following question Q: Is the property [skin covered in scales] true for [Snake]? 
 A:",True
skin covered in scales|Spanner,"Q: Is the property [is female] true for the concept [book]? 
 A: False 
 Q: Is the property [can be digital] true for the concept [book] 
 A: True 
 In one word True/False, answer the following question Q: Is the property [skin covered in scales] true for [Spanner]? 
 A:",False
skin covered in scales|Toad,"Q: Is the property [is female] true for the concept [book]? 
 A: False 
 Q: Is the property [can be digital] true for the concept [book] 
 A: True 
 In one word True/False, answer the following question Q: Is the property [skin covered in scales] true for [Toad]? 
 A:",True
skin covered in scales|Tortoise,"Q: Is the property [is female] true for the concept [book]? 
 A: False 
 Q: Is the property [can be digital] true for the concept [book] 
 A: True 
 In one word True/False, answer the following question Q: Is the property [skin covered in scales] true for [Tortoise]? 
 A:",True
skin covered in scales|Turtle,"Q: Is the property [is female] true for the concept [book]? 
 A: False 
 Q: Is the property [can be digital] true for the concept [book] 
 A: True 
 In one word True/False, answer the following question Q: Is the property [skin covered in scales] true for [Turtle]? 
 A:",True
skin covered in scales|Vacuum,"Q: Is the property [is female] true for the concept [book]? 
 A: False 
 Q: Is the property [can be digital] true for the concept [book] 
 A: True 
 In one word True/False, answer the following question Q: Is the property [skin covered in scales] true for [Vacuum]? 
 A:",False
slender and agile|Alligator,"Q: Is the property [is female] true for the concept [book]? 
 A: False 
 Q: Is the property [can be digital] true for the concept [book] 
 A: True 
 In one word True/False, answer the following question Q: Is the property [slender and agile] true for [Alligator]? 
 A:",True
slender and agile|Anvil,"Q: Is the property [is female] true for the concept [book]? 
 A: False 
 Q: Is the property [can be digital] true for the concept [book] 
 A: True 
 In one word True/False, answer the following question Q: Is the property [slender and agile] true for [Anvil]? 
 A:",False
slender and agile|Axe,"Q: Is the property [is female] true for the concept [book]? 
 A: False 
 Q: Is the property [can be digital] true for the concept [book] 
 A: True 
 In one word True/False, answer the following question Q: Is the property [slender and agile] true for [Axe]? 
 A:",False
slender and agile|Blindworm,"Q: Is the property [is female] true for the concept [book]? 
 A: False 
 Q: Is the property [can be digital] true for the concept [book] 
 A: True 
 In one word True/False, answer the following question Q: Is the property [slender and agile] true for [Blindworm]? 
 A:",False
slender and agile|Boa python,"Q: Is the property [is female] true for the concept [book]? 
 A: False 
 Q: Is the property [can be digital] true for the concept [book] 
 A: True 
 In one word True/False, answer the following question Q: Is the property [slender and agile] true for [Boa python]? 
 A:",True
slender and agile|Caiman,"Q: Is the property [is female] true for the concept [book]? 
 A: False 
 Q: Is the property [can be digital] true for the concept [book] 
 A: True 
 In one word True/False, answer the following question Q: Is the property [slender and agile] true for [Caiman]? 
 A:",False
slender and agile|Chameleon,"Q: Is the property [is female] true for the concept [book]? 
 A: False 
 Q: Is the property [can be digital] true for the concept [book] 
 A: True 
 In one word True/False, answer the following question Q: Is the property [slender and agile] true for [Chameleon]? 
 A:",True
slender and agile|Chisel,"Q: Is the property [is female] true for the concept [book]? 
 A: False 
 Q: Is the property [can be digital] true for the concept [book] 
 A: True 
 In one word True/False, answer the following question Q: Is the property [slender and agile] true for [Chisel]? 
 A:",False
slender and agile|Cobra,"Q: Is the property [is female] true for the concept [book]? 
 A: False 
 Q: Is the property [can be digital] true for the concept [book] 
 A: True 
 In one word True/False, answer the following question Q: Is the property [slender and agile] true for [Cobra]? 
 A:",True
slender and agile|Crocodile,"Q: Is the property [is female] true for the concept [book]? 
 A: False 
 Q: Is the property [can be digital] true for the concept [book] 
 A: True 
 In one word True/False, answer the following question Q: Is the property [slender and agile] true for [Crocodile]? 
 A:",False
slender and agile|Dinosaur,"Q: Is the property [is female] true for the concept [book]? 
 A: False 
 Q: Is the property [can be digital] true for the concept [book] 
 A: True 
 In one word True/False, answer the following question Q: Is the property [slender and agile] true for [Dinosaur]? 
 A:",False
slender and agile|Gecko,"Q: Is the property [is female] true for the concept [book]? 
 A: False 
 Q: Is the property [can be digital] true for the concept [book] 
 A: True 
 In one word True/False, answer the following question Q: Is the property [slender and agile] true for [Gecko]? 
 A:",True
slender and agile|Grinding disk,"Q: Is the property [is female] true for the concept [book]? 
 A: False 
 Q: Is the property [can be digital] true for the concept [book] 
 A: True 
 In one word True/False, answer the following question Q: Is the property [slender and agile] true for [Grinding disk]? 
 A:",False
slender and agile|Hammer,"Q: Is the property [is female] true for the concept [book]? 
 A: False 
 Q: Is the property [can be digital] true for the concept [book] 
 A: True 
 In one word True/False, answer the following question Q: Is the property [slender and agile] true for [Hammer]? 
 A:",False
slender and agile|Knife,"Q: Is the property [is female] true for the concept [book]? 
 A: False 
 Q: Is the property [can be digital] true for the concept [book] 
 A: True 
 In one word True/False, answer the following question Q: Is the property [slender and agile] true for [Knife]? 
 A:",True
slender and agile|Lawn Mower,"Q: Is the property [is female] true for the concept [book]? 
 A: False 
 Q: Is the property [can be digital] true for the concept [book] 
 A: True 
 In one word True/False, answer the following question Q: Is the property [slender and agile] true for [Lawn Mower]? 
 A:",False
slender and agile|Lizard,"Q: Is the property [is female] true for the concept [book]? 
 A: False 
 Q: Is the property [can be digital] true for the concept [book] 
 A: True 
 In one word True/False, answer the following question Q: Is the property [slender and agile] true for [Lizard]? 
 A:",True
slender and agile|Nail,"Q: Is the property [is female] true for the concept [book]? 
 A: False 
 Q: Is the property [can be digital] true for the concept [book] 
 A: True 
 In one word True/False, answer the following question Q: Is the property [slender and agile] true for [Nail]? 
 A:",False
slender and agile|Oil can,"Q: Is the property [is female] true for the concept [book]? 
 A: False 
 Q: Is the property [can be digital] true for the concept [book] 
 A: True 
 In one word True/False, answer the following question Q: Is the property [slender and agile] true for [Oil can]? 
 A:",False
slender and agile|Paint brush,"Q: Is the property [is female] true for the concept [book]? 
 A: False 
 Q: Is the property [can be digital] true for the concept [book] 
 A: True 
 In one word True/False, answer the following question Q: Is the property [slender and agile] true for [Paint brush]? 
 A:",False
slender and agile|Salamander,"Q: Is the property [is female] true for the concept [book]? 
 A: False 
 Q: Is the property [can be digital] true for the concept [book] 
 A: True 
 In one word True/False, answer the following question Q: Is the property [slender and agile] true for [Salamander]? 
 A:",True
slender and agile|Saw,"Q: Is the property [is female] true for the concept [book]? 
 A: False 
 Q: Is the property [can be digital] true for the concept [book] 
 A: True 
 In one word True/False, answer the following question Q: Is the property [slender and agile] true for [Saw]? 
 A:",False
slender and agile|Screwdriver,"Q: Is the property [is female] true for the concept [book]? 
 A: False 
 Q: Is the property [can be digital] true for the concept [book] 
 A: True 
 In one word True/False, answer the following question Q: Is the property [slender and agile] true for [Screwdriver]? 
 A:",False
slender and agile|Shovel,"Q: Is the property [is female] true for the concept [book]? 
 A: False 
 Q: Is the property [can be digital] true for the concept [book] 
 A: True 
 In one word True/False, answer the following question Q: Is the property [slender and agile] true for [Shovel]? 
 A:",False
slender and agile|Snake,"Q: Is the property [is female] true for the concept [book]? 
 A: False 
 Q: Is the property [can be digital] true for the concept [book] 
 A: True 
 In one word True/False, answer the following question Q: Is the property [slender and agile] true for [Snake]? 
 A:",True
slender and agile|Spanner,"Q: Is the property [is female] true for the concept [book]? 
 A: False 
 Q: Is the property [can be digital] true for the concept [book] 
 A: True 
 In one word True/False, answer the following question Q: Is the property [slender and agile] true for [Spanner]? 
 A:",False
slender and agile|Toad,"Q: Is the property [is female] true for the concept [book]? 
 A: False 
 Q: Is the property [can be digital] true for the concept [book] 
 A: True 
 In one word True/False, answer the following question Q: Is the property [slender and agile] true for [Toad]? 
 A:",True
slender and agile|Tortoise,"Q: Is the property [is female] true for the concept [book]? 
 A: False 
 Q: Is the property [can be digital] true for the concept [book] 
 A: True 
 In one word True/False, answer the following question Q: Is the property [slender and agile] true for [Tortoise]? 
 A:",False
slender and agile|Turtle,"Q: Is the property [is female] true for the concept [book]? 
 A: False 
 Q: Is the property [can be digital] true for the concept [book] 
 A: True 
 In one word True/False, answer the following question Q: Is the property [slender and agile] true for [Turtle]? 
 A:",True
slender and agile|Vacuum,"Q: Is the property [is female] true for the concept [book]? 
 A: False 
 Q: Is the property [can be digital] true for the concept [book] 
 A: True 
 In one word True/False, answer the following question Q: Is the property [slender and agile] true for [Vacuum]? 
 A:",False
slender body|Alligator,"Q: Is the property [is female] true for the concept [book]? 
 A: False 
 Q: Is the property [can be digital] true for the concept [book] 
 A: True 
 In one word True/False, answer the following question Q: Is the property [slender body] true for [Alligator]? 
 A:",True
slender body|Anvil,"Q: Is the property [is female] true for the concept [book]? 
 A: False 
 Q: Is the property [can be digital] true for the concept [book] 
 A: True 
 In one word True/False, answer the following question Q: Is the property [slender body] true for [Anvil]? 
 A:",False
slender body|Axe,"Q: Is the property [is female] true for the concept [book]? 
 A: False 
 Q: Is the property [can be digital] true for the concept [book] 
 A: True 
 In one word True/False, answer the following question Q: Is the property [slender body] true for [Axe]? 
 A:",False
slender body|Blindworm,"Q: Is the property [is female] true for the concept [book]? 
 A: False 
 Q: Is the property [can be digital] true for the concept [book] 
 A: True 
 In one word True/False, answer the following question Q: Is the property [slender body] true for [Blindworm]? 
 A:",False
slender body|Boa python,"Q: Is the property [is female] true for the concept [book]? 
 A: False 
 Q: Is the property [can be digital] true for the concept [book] 
 A: True 
 In one word True/False, answer the following question Q: Is the property [slender body] true for [Boa python]? 
 A:",True
slender body|Caiman,"Q: Is the property [is female] true for the concept [book]? 
 A: False 
 Q: Is the property [can be digital] true for the concept [book] 
 A: True 
 In one word True/False, answer the following question Q: Is the property [slender body] true for [Caiman]? 
 A:",True
slender body|Chameleon,"Q: Is the property [is female] true for the concept [book]? 
 A: False 
 Q: Is the property [can be digital] true for the concept [book] 
 A: True 
 In one word True/False, answer the following question Q: Is the property [slender body] true for [Chameleon]? 
 A:",True
slender body|Chisel,"Q: Is the property [is female] true for the concept [book]? 
 A: False 
 Q: Is the property [can be digital] true for the concept [book] 
 A: True 
 In one word True/False, answer the following question Q: Is the property [slender body] true for [Chisel]? 
 A:",False
slender body|Cobra,"Q: Is the property [is female] true for the concept [book]? 
 A: False 
 Q: Is the property [can be digital] true for the concept [book] 
 A: True 
 In one word True/False, answer the following question Q: Is the property [slender body] true for [Cobra]? 
 A:",True
slender body|Crocodile,"Q: Is the property [is female] true for the concept [book]? 
 A: False 
 Q: Is the property [can be digital] true for the concept [book] 
 A: True 
 In one word True/False, answer the following question Q: Is the property [slender body] true for [Crocodile]? 
 A:",True
slender body|Dinosaur,"Q: Is the property [is female] true for the concept [book]? 
 A: False 
 Q: Is the property [can be digital] true for the concept [book] 
 A: True 
 In one word True/False, answer the following question Q: Is the property [slender body] true for [Dinosaur]? 
 A:",False
slender body|Gecko,"Q: Is the property [is female] true for the concept [book]? 
 A: False 
 Q: Is the property [can be digital] true for the concept [book] 
 A: True 
 In one word True/False, answer the following question Q: Is the property [slender body] true for [Gecko]? 
 A:",True
slender body|Grinding disk,"Q: Is the property [is female] true for the concept [book]? 
 A: False 
 Q: Is the property [can be digital] true for the concept [book] 
 A: True 
 In one word True/False, answer the following question Q: Is the property [slender body] true for [Grinding disk]? 
 A:",False
slender body|Hammer,"Q: Is the property [is female] true for the concept [book]? 
 A: False 
 Q: Is the property [can be digital] true for the concept [book] 
 A: True 
 In one word True/False, answer the following question Q: Is the property [slender body] true for [Hammer]? 
 A:",False
slender body|Knife,"Q: Is the property [is female] true for the concept [book]? 
 A: False 
 Q: Is the property [can be digital] true for the concept [book] 
 A: True 
 In one word True/False, answer the following question Q: Is the property [slender body] true for [Knife]? 
 A:",True
slender body|Lawn Mower,"Q: Is the property [is female] true for the concept [book]? 
 A: False 
 Q: Is the property [can be digital] true for the concept [book] 
 A: True 
 In one word True/False, answer the following question Q: Is the property [slender body] true for [Lawn Mower]? 
 A:",False
slender body|Lizard,"Q: Is the property [is female] true for the concept [book]? 
 A: False 
 Q: Is the property [can be digital] true for the concept [book] 
 A: True 
 In one word True/False, answer the following question Q: Is the property [slender body] true for [Lizard]? 
 A:",True
slender body|Nail,"Q: Is the property [is female] true for the concept [book]? 
 A: False 
 Q: Is the property [can be digital] true for the concept [book] 
 A: True 
 In one word True/False, answer the following question Q: Is the property [slender body] true for [Nail]? 
 A:",False
slender body|Oil can,"Q: Is the property [is female] true for the concept [book]? 
 A: False 
 Q: Is the property [can be digital] true for the concept [book] 
 A: True 
 In one word True/False, answer the following question Q: Is the property [slender body] true for [Oil can]? 
 A:",False
slender body|Paint brush,"Q: Is the property [is female] true for the concept [book]? 
 A: False 
 Q: Is the property [can be digital] true for the concept [book] 
 A: True 
 In one word True/False, answer the following question Q: Is the property [slender body] true for [Paint brush]? 
 A:",False
slender body|Salamander,"Q: Is the property [is female] true for the concept [book]? 
 A: False 
 Q: Is the property [can be digital] true for the concept [book] 
 A: True 
 In one word True/False, answer the following question Q: Is the property [slender body] true for [Salamander]? 
 A:",True
slender body|Saw,"Q: Is the property [is female] true for the concept [book]? 
 A: False 
 Q: Is the property [can be digital] true for the concept [book] 
 A: True 
 In one word True/False, answer the following question Q: Is the property [slender body] true for [Saw]? 
 A:",False
slender body|Screwdriver,"Q: Is the property [is female] true for the concept [book]? 
 A: False 
 Q: Is the property [can be digital] true for the concept [book] 
 A: True 
 In one word True/False, answer the following question Q: Is the property [slender body] true for [Screwdriver]? 
 A:",False
slender body|Shovel,"Q: Is the property [is female] true for the concept [book]? 
 A: False 
 Q: Is the property [can be digital] true for the concept [book] 
 A: True 
 In one word True/False, answer the following question Q: Is the property [slender body] true for [Shovel]? 
 A:",False
slender body|Snake,"Q: Is the property [is female] true for the concept [book]? 
 A: False 
 Q: Is the property [can be digital] true for the concept [book] 
 A: True 
 In one word True/False, answer the following question Q: Is the property [slender body] true for [Snake]? 
 A:",True
slender body|Spanner,"Q: Is the property [is female] true for the concept [book]? 
 A: False 
 Q: Is the property [can be digital] true for the concept [book] 
 A: True 
 In one word True/False, answer the following question Q: Is the property [slender body] true for [Spanner]? 
 A:",False
slender body|Toad,"Q: Is the property [is female] true for the concept [book]? 
 A: False 
 Q: Is the property [can be digital] true for the concept [book] 
 A: True 
 In one word True/False, answer the following question Q: Is the property [slender body] true for [Toad]? 
 A:",False
slender body|Tortoise,"Q: Is the property [is female] true for the concept [book]? 
 A: False 
 Q: Is the property [can be digital] true for the concept [book] 
 A: True 
 In one word True/False, answer the following question Q: Is the property [slender body] true for [Tortoise]? 
 A:",True
slender body|Turtle,"Q: Is the property [is female] true for the concept [book]? 
 A: False 
 Q: Is the property [can be digital] true for the concept [book] 
 A: True 
 In one word True/False, answer the following question Q: Is the property [slender body] true for [Turtle]? 
 A:",True
slender body|Vacuum,"Q: Is the property [is female] true for the concept [book]? 
 A: False 
 Q: Is the property [can be digital] true for the concept [book] 
 A: True 
 In one word True/False, answer the following question Q: Is the property [slender body] true for [Vacuum]? 
 A:",False
slow metabolism|Alligator,"Q: Is the property [is female] true for the concept [book]? 
 A: False 
 Q: Is the property [can be digital] true for the concept [book] 
 A: True 
 In one word True/False, answer the following question Q: Is the property [slow metabolism] true for [Alligator]? 
 A:",False
slow metabolism|Anvil,"Q: Is the property [is female] true for the concept [book]? 
 A: False 
 Q: Is the property [can be digital] true for the concept [book] 
 A: True 
 In one word True/False, answer the following question Q: Is the property [slow metabolism] true for [Anvil]? 
 A:",False
slow metabolism|Axe,"Q: Is the property [is female] true for the concept [book]? 
 A: False 
 Q: Is the property [can be digital] true for the concept [book] 
 A: True 
 In one word True/False, answer the following question Q: Is the property [slow metabolism] true for [Axe]? 
 A:",False
slow metabolism|Blindworm,"Q: Is the property [is female] true for the concept [book]? 
 A: False 
 Q: Is the property [can be digital] true for the concept [book] 
 A: True 
 In one word True/False, answer the following question Q: Is the property [slow metabolism] true for [Blindworm]? 
 A:",False
slow metabolism|Boa python,"Q: Is the property [is female] true for the concept [book]? 
 A: False 
 Q: Is the property [can be digital] true for the concept [book] 
 A: True 
 In one word True/False, answer the following question Q: Is the property [slow metabolism] true for [Boa python]? 
 A:",False
slow metabolism|Caiman,"Q: Is the property [is female] true for the concept [book]? 
 A: False 
 Q: Is the property [can be digital] true for the concept [book] 
 A: True 
 In one word True/False, answer the following question Q: Is the property [slow metabolism] true for [Caiman]? 
 A:",False
slow metabolism|Chameleon,"Q: Is the property [is female] true for the concept [book]? 
 A: False 
 Q: Is the property [can be digital] true for the concept [book] 
 A: True 
 In one word True/False, answer the following question Q: Is the property [slow metabolism] true for [Chameleon]? 
 A:",False
slow metabolism|Chisel,"Q: Is the property [is female] true for the concept [book]? 
 A: False 
 Q: Is the property [can be digital] true for the concept [book] 
 A: True 
 In one word True/False, answer the following question Q: Is the property [slow metabolism] true for [Chisel]? 
 A:",False
slow metabolism|Cobra,"Q: Is the property [is female] true for the concept [book]? 
 A: False 
 Q: Is the property [can be digital] true for the concept [book] 
 A: True 
 In one word True/False, answer the following question Q: Is the property [slow metabolism] true for [Cobra]? 
 A:",False
slow metabolism|Crocodile,"Q: Is the property [is female] true for the concept [book]? 
 A: False 
 Q: Is the property [can be digital] true for the concept [book] 
 A: True 
 In one word True/False, answer the following question Q: Is the property [slow metabolism] true for [Crocodile]? 
 A:",False
slow metabolism|Dinosaur,"Q: Is the property [is female] true for the concept [book]? 
 A: False 
 Q: Is the property [can be digital] true for the concept [book] 
 A: True 
 In one word True/False, answer the following question Q: Is the property [slow metabolism] true for [Dinosaur]? 
 A:",False
slow metabolism|Gecko,"Q: Is the property [is female] true for the concept [book]? 
 A: False 
 Q: Is the property [can be digital] true for the concept [book] 
 A: True 
 In one word True/False, answer the following question Q: Is the property [slow metabolism] true for [Gecko]? 
 A:",False
slow metabolism|Grinding disk,"Q: Is the property [is female] true for the concept [book]? 
 A: False 
 Q: Is the property [can be digital] true for the concept [book] 
 A: True 
 In one word True/False, answer the following question Q: Is the property [slow metabolism] true for [Grinding disk]? 
 A:",False
slow metabolism|Hammer,"Q: Is the property [is female] true for the concept [book]? 
 A: False 
 Q: Is the property [can be digital] true for the concept [book] 
 A: True 
 In one word True/False, answer the following question Q: Is the property [slow metabolism] true for [Hammer]? 
 A:",False
slow metabolism|Knife,"Q: Is the property [is female] true for the concept [book]? 
 A: False 
 Q: Is the property [can be digital] true for the concept [book] 
 A: True 
 In one word True/False, answer the following question Q: Is the property [slow metabolism] true for [Knife]? 
 A:",False
slow metabolism|Lawn Mower,"Q: Is the property [is female] true for the concept [book]? 
 A: False 
 Q: Is the property [can be digital] true for the concept [book] 
 A: True 
 In one word True/False, answer the following question Q: Is the property [slow metabolism] true for [Lawn Mower]? 
 A:",False
slow metabolism|Lizard,"Q: Is the property [is female] true for the concept [book]? 
 A: False 
 Q: Is the property [can be digital] true for the concept [book] 
 A: True 
 In one word True/False, answer the following question Q: Is the property [slow metabolism] true for [Lizard]? 
 A:",False
slow metabolism|Nail,"Q: Is the property [is female] true for the concept [book]? 
 A: False 
 Q: Is the property [can be digital] true for the concept [book] 
 A: True 
 In one word True/False, answer the following question Q: Is the property [slow metabolism] true for [Nail]? 
 A:",False
slow metabolism|Oil can,"Q: Is the property [is female] true for the concept [book]? 
 A: False 
 Q: Is the property [can be digital] true for the concept [book] 
 A: True 
 In one word True/False, answer the following question Q: Is the property [slow metabolism] true for [Oil can]? 
 A:",False
slow metabolism|Paint brush,"Q: Is the property [is female] true for the concept [book]? 
 A: False 
 Q: Is the property [can be digital] true for the concept [book] 
 A: True 
 In one word True/False, answer the following question Q: Is the property [slow metabolism] true for [Paint brush]? 
 A:",False
slow metabolism|Salamander,"Q: Is the property [is female] true for the concept [book]? 
 A: False 
 Q: Is the property [can be digital] true for the concept [book] 
 A: True 
 In one word True/False, answer the following question Q: Is the property [slow metabolism] true for [Salamander]? 
 A:",False
slow metabolism|Saw,"Q: Is the property [is female] true for the concept [book]? 
 A: False 
 Q: Is the property [can be digital] true for the concept [book] 
 A: True 
 In one word True/False, answer the following question Q: Is the property [slow metabolism] true for [Saw]? 
 A:",False
slow metabolism|Screwdriver,"Q: Is the property [is female] true for the concept [book]? 
 A: False 
 Q: Is the property [can be digital] true for the concept [book] 
 A: True 
 In one word True/False, answer the following question Q: Is the property [slow metabolism] true for [Screwdriver]? 
 A:",False
slow metabolism|Shovel,"Q: Is the property [is female] true for the concept [book]? 
 A: False 
 Q: Is the property [can be digital] true for the concept [book] 
 A: True 
 In one word True/False, answer the following question Q: Is the property [slow metabolism] true for [Shovel]? 
 A:",False
slow metabolism|Snake,"Q: Is the property [is female] true for the concept [book]? 
 A: False 
 Q: Is the property [can be digital] true for the concept [book] 
 A: True 
 In one word True/False, answer the following question Q: Is the property [slow metabolism] true for [Snake]? 
 A:",False
slow metabolism|Spanner,"Q: Is the property [is female] true for the concept [book]? 
 A: False 
 Q: Is the property [can be digital] true for the concept [book] 
 A: True 
 In one word True/False, answer the following question Q: Is the property [slow metabolism] true for [Spanner]? 
 A:",False
slow metabolism|Toad,"Q: Is the property [is female] true for the concept [book]? 
 A: False 
 Q: Is the property [can be digital] true for the concept [book] 
 A: True 
 In one word True/False, answer the following question Q: Is the property [slow metabolism] true for [Toad]? 
 A:",True
slow metabolism|Tortoise,"Q: Is the property [is female] true for the concept [book]? 
 A: False 
 Q: Is the property [can be digital] true for the concept [book] 
 A: True 
 In one word True/False, answer the following question Q: Is the property [slow metabolism] true for [Tortoise]? 
 A:",True
slow metabolism|Turtle,"Q: Is the property [is female] true for the concept [book]? 
 A: False 
 Q: Is the property [can be digital] true for the concept [book] 
 A: True 
 In one word True/False, answer the following question Q: Is the property [slow metabolism] true for [Turtle]? 
 A:",True
slow metabolism|Vacuum,"Q: Is the property [is female] true for the concept [book]? 
 A: False 
 Q: Is the property [can be digital] true for the concept [book] 
 A: True 
 In one word True/False, answer the following question Q: Is the property [slow metabolism] true for [Vacuum]? 
 A:",False
slow-moving|Alligator,"Q: Is the property [is female] true for the concept [book]? 
 A: False 
 Q: Is the property [can be digital] true for the concept [book] 
 A: True 
 In one word True/False, answer the following question Q: Is the property [slow-moving] true for [Alligator]? 
 A:",True
slow-moving|Anvil,"Q: Is the property [is female] true for the concept [book]? 
 A: False 
 Q: Is the property [can be digital] true for the concept [book] 
 A: True 
 In one word True/False, answer the following question Q: Is the property [slow-moving] true for [Anvil]? 
 A:",False
slow-moving|Axe,"Q: Is the property [is female] true for the concept [book]? 
 A: False 
 Q: Is the property [can be digital] true for the concept [book] 
 A: True 
 In one word True/False, answer the following question Q: Is the property [slow-moving] true for [Axe]? 
 A:",False
slow-moving|Blindworm,"Q: Is the property [is female] true for the concept [book]? 
 A: False 
 Q: Is the property [can be digital] true for the concept [book] 
 A: True 
 In one word True/False, answer the following question Q: Is the property [slow-moving] true for [Blindworm]? 
 A:",False
slow-moving|Boa python,"Q: Is the property [is female] true for the concept [book]? 
 A: False 
 Q: Is the property [can be digital] true for the concept [book] 
 A: True 
 In one word True/False, answer the following question Q: Is the property [slow-moving] true for [Boa python]? 
 A:",True
slow-moving|Caiman,"Q: Is the property [is female] true for the concept [book]? 
 A: False 
 Q: Is the property [can be digital] true for the concept [book] 
 A: True 
 In one word True/False, answer the following question Q: Is the property [slow-moving] true for [Caiman]? 
 A:",True
slow-moving|Chameleon,"Q: Is the property [is female] true for the concept [book]? 
 A: False 
 Q: Is the property [can be digital] true for the concept [book] 
 A: True 
 In one word True/False, answer the following question Q: Is the property [slow-moving] true for [Chameleon]? 
 A:",False
slow-moving|Chisel,"Q: Is the property [is female] true for the concept [book]? 
 A: False 
 Q: Is the property [can be digital] true for the concept [book] 
 A: True 
 In one word True/False, answer the following question Q: Is the property [slow-moving] true for [Chisel]? 
 A:",False
slow-moving|Cobra,"Q: Is the property [is female] true for the concept [book]? 
 A: False 
 Q: Is the property [can be digital] true for the concept [book] 
 A: True 
 In one word True/False, answer the following question Q: Is the property [slow-moving] true for [Cobra]? 
 A:",True
slow-moving|Crocodile,"Q: Is the property [is female] true for the concept [book]? 
 A: False 
 Q: Is the property [can be digital] true for the concept [book] 
 A: True 
 In one word True/False, answer the following question Q: Is the property [slow-moving] true for [Crocodile]? 
 A:",True
slow-moving|Dinosaur,"Q: Is the property [is female] true for the concept [book]? 
 A: False 
 Q: Is the property [can be digital] true for the concept [book] 
 A: True 
 In one word True/False, answer the following question Q: Is the property [slow-moving] true for [Dinosaur]? 
 A:",True
slow-moving|Gecko,"Q: Is the property [is female] true for the concept [book]? 
 A: False 
 Q: Is the property [can be digital] true for the concept [book] 
 A: True 
 In one word True/False, answer the following question Q: Is the property [slow-moving] true for [Gecko]? 
 A:",True
slow-moving|Grinding disk,"Q: Is the property [is female] true for the concept [book]? 
 A: False 
 Q: Is the property [can be digital] true for the concept [book] 
 A: True 
 In one word True/False, answer the following question Q: Is the property [slow-moving] true for [Grinding disk]? 
 A:",True
slow-moving|Hammer,"Q: Is the property [is female] true for the concept [book]? 
 A: False 
 Q: Is the property [can be digital] true for the concept [book] 
 A: True 
 In one word True/False, answer the following question Q: Is the property [slow-moving] true for [Hammer]? 
 A:",False
slow-moving|Knife,"Q: Is the property [is female] true for the concept [book]? 
 A: False 
 Q: Is the property [can be digital] true for the concept [book] 
 A: True 
 In one word True/False, answer the following question Q: Is the property [slow-moving] true for [Knife]? 
 A:",False
slow-moving|Lawn Mower,"Q: Is the property [is female] true for the concept [book]? 
 A: False 
 Q: Is the property [can be digital] true for the concept [book] 
 A: True 
 In one word True/False, answer the following question Q: Is the property [slow-moving] true for [Lawn Mower]? 
 A:",True
slow-moving|Lizard,"Q: Is the property [is female] true for the concept [book]? 
 A: False 
 Q: Is the property [can be digital] true for the concept [book] 
 A: True 
 In one word True/False, answer the following question Q: Is the property [slow-moving] true for [Lizard]? 
 A:",True
slow-moving|Nail,"Q: Is the property [is female] true for the concept [book]? 
 A: False 
 Q: Is the property [can be digital] true for the concept [book] 
 A: True 
 In one word True/False, answer the following question Q: Is the property [slow-moving] true for [Nail]? 
 A:",False
slow-moving|Oil can,"Q: Is the property [is female] true for the concept [book]? 
 A: False 
 Q: Is the property [can be digital] true for the concept [book] 
 A: True 
 In one word True/False, answer the following question Q: Is the property [slow-moving] true for [Oil can]? 
 A:",True
slow-moving|Paint brush,"Q: Is the property [is female] true for the concept [book]? 
 A: False 
 Q: Is the property [can be digital] true for the concept [book] 
 A: True 
 In one word True/False, answer the following question Q: Is the property [slow-moving] true for [Paint brush]? 
 A:",False
slow-moving|Salamander,"Q: Is the property [is female] true for the concept [book]? 
 A: False 
 Q: Is the property [can be digital] true for the concept [book] 
 A: True 
 In one word True/False, answer the following question Q: Is the property [slow-moving] true for [Salamander]? 
 A:",True
slow-moving|Saw,"Q: Is the property [is female] true for the concept [book]? 
 A: False 
 Q: Is the property [can be digital] true for the concept [book] 
 A: True 
 In one word True/False, answer the following question Q: Is the property [slow-moving] true for [Saw]? 
 A:",False
slow-moving|Screwdriver,"Q: Is the property [is female] true for the concept [book]? 
 A: False 
 Q: Is the property [can be digital] true for the concept [book] 
 A: True 
 In one word True/False, answer the following question Q: Is the property [slow-moving] true for [Screwdriver]? 
 A:",False
slow-moving|Shovel,"Q: Is the property [is female] true for the concept [book]? 
 A: False 
 Q: Is the property [can be digital] true for the concept [book] 
 A: True 
 In one word True/False, answer the following question Q: Is the property [slow-moving] true for [Shovel]? 
 A:",False
slow-moving|Snake,"Q: Is the property [is female] true for the concept [book]? 
 A: False 
 Q: Is the property [can be digital] true for the concept [book] 
 A: True 
 In one word True/False, answer the following question Q: Is the property [slow-moving] true for [Snake]? 
 A:",True
slow-moving|Spanner,"Q: Is the property [is female] true for the concept [book]? 
 A: False 
 Q: Is the property [can be digital] true for the concept [book] 
 A: True 
 In one word True/False, answer the following question Q: Is the property [slow-moving] true for [Spanner]? 
 A:",False
slow-moving|Toad,"Q: Is the property [is female] true for the concept [book]? 
 A: False 
 Q: Is the property [can be digital] true for the concept [book] 
 A: True 
 In one word True/False, answer the following question Q: Is the property [slow-moving] true for [Toad]? 
 A:",True
slow-moving|Tortoise,"Q: Is the property [is female] true for the concept [book]? 
 A: False 
 Q: Is the property [can be digital] true for the concept [book] 
 A: True 
 In one word True/False, answer the following question Q: Is the property [slow-moving] true for [Tortoise]? 
 A:",True
slow-moving|Turtle,"Q: Is the property [is female] true for the concept [book]? 
 A: False 
 Q: Is the property [can be digital] true for the concept [book] 
 A: True 
 In one word True/False, answer the following question Q: Is the property [slow-moving] true for [Turtle]? 
 A:",True
slow-moving|Vacuum,"Q: Is the property [is female] true for the concept [book]? 
 A: False 
 Q: Is the property [can be digital] true for the concept [book] 
 A: True 
 In one word True/False, answer the following question Q: Is the property [slow-moving] true for [Vacuum]? 
 A:",True
small head|Alligator,"Q: Is the property [is female] true for the concept [book]? 
 A: False 
 Q: Is the property [can be digital] true for the concept [book] 
 A: True 
 In one word True/False, answer the following question Q: Is the property [small head] true for [Alligator]? 
 A:",True
small head|Anvil,"Q: Is the property [is female] true for the concept [book]? 
 A: False 
 Q: Is the property [can be digital] true for the concept [book] 
 A: True 
 In one word True/False, answer the following question Q: Is the property [small head] true for [Anvil]? 
 A:",False
small head|Axe,"Q: Is the property [is female] true for the concept [book]? 
 A: False 
 Q: Is the property [can be digital] true for the concept [book] 
 A: True 
 In one word True/False, answer the following question Q: Is the property [small head] true for [Axe]? 
 A:",False
small head|Blindworm,"Q: Is the property [is female] true for the concept [book]? 
 A: False 
 Q: Is the property [can be digital] true for the concept [book] 
 A: True 
 In one word True/False, answer the following question Q: Is the property [small head] true for [Blindworm]? 
 A:",False
small head|Boa python,"Q: Is the property [is female] true for the concept [book]? 
 A: False 
 Q: Is the property [can be digital] true for the concept [book] 
 A: True 
 In one word True/False, answer the following question Q: Is the property [small head] true for [Boa python]? 
 A:",False
small head|Caiman,"Q: Is the property [is female] true for the concept [book]? 
 A: False 
 Q: Is the property [can be digital] true for the concept [book] 
 A: True 
 In one word True/False, answer the following question Q: Is the property [small head] true for [Caiman]? 
 A:",False
small head|Chameleon,"Q: Is the property [is female] true for the concept [book]? 
 A: False 
 Q: Is the property [can be digital] true for the concept [book] 
 A: True 
 In one word True/False, answer the following question Q: Is the property [small head] true for [Chameleon]? 
 A:",True
small head|Chisel,"Q: Is the property [is female] true for the concept [book]? 
 A: False 
 Q: Is the property [can be digital] true for the concept [book] 
 A: True 
 In one word True/False, answer the following question Q: Is the property [small head] true for [Chisel]? 
 A:",False
small head|Cobra,"Q: Is the property [is female] true for the concept [book]? 
 A: False 
 Q: Is the property [can be digital] true for the concept [book] 
 A: True 
 In one word True/False, answer the following question Q: Is the property [small head] true for [Cobra]? 
 A:",False
small head|Crocodile,"Q: Is the property [is female] true for the concept [book]? 
 A: False 
 Q: Is the property [can be digital] true for the concept [book] 
 A: True 
 In one word True/False, answer the following question Q: Is the property [small head] true for [Crocodile]? 
 A:",True
small head|Dinosaur,"Q: Is the property [is female] true for the concept [book]? 
 A: False 
 Q: Is the property [can be digital] true for the concept [book] 
 A: True 
 In one word True/False, answer the following question Q: Is the property [small head] true for [Dinosaur]? 
 A:",True
small head|Gecko,"Q: Is the property [is female] true for the concept [book]? 
 A: False 
 Q: Is the property [can be digital] true for the concept [book] 
 A: True 
 In one word True/False, answer the following question Q: Is the property [small head] true for [Gecko]? 
 A:",True
small head|Grinding disk,"Q: Is the property [is female] true for the concept [book]? 
 A: False 
 Q: Is the property [can be digital] true for the concept [book] 
 A: True 
 In one word True/False, answer the following question Q: Is the property [small head] true for [Grinding disk]? 
 A:",False
small head|Hammer,"Q: Is the property [is female] true for the concept [book]? 
 A: False 
 Q: Is the property [can be digital] true for the concept [book] 
 A: True 
 In one word True/False, answer the following question Q: Is the property [small head] true for [Hammer]? 
 A:",False
small head|Knife,"Q: Is the property [is female] true for the concept [book]? 
 A: False 
 Q: Is the property [can be digital] true for the concept [book] 
 A: True 
 In one word True/False, answer the following question Q: Is the property [small head] true for [Knife]? 
 A:",False
small head|Lawn Mower,"Q: Is the property [is female] true for the concept [book]? 
 A: False 
 Q: Is the property [can be digital] true for the concept [book] 
 A: True 
 In one word True/False, answer the following question Q: Is the property [small head] true for [Lawn Mower]? 
 A:",False
small head|Lizard,"Q: Is the property [is female] true for the concept [book]? 
 A: False 
 Q: Is the property [can be digital] true for the concept [book] 
 A: True 
 In one word True/False, answer the following question Q: Is the property [small head] true for [Lizard]? 
 A:",True
small head|Nail,"Q: Is the property [is female] true for the concept [book]? 
 A: False 
 Q: Is the property [can be digital] true for the concept [book] 
 A: True 
 In one word True/False, answer the following question Q: Is the property [small head] true for [Nail]? 
 A:",False
small head|Oil can,"Q: Is the property [is female] true for the concept [book]? 
 A: False 
 Q: Is the property [can be digital] true for the concept [book] 
 A: True 
 In one word True/False, answer the following question Q: Is the property [small head] true for [Oil can]? 
 A:",False
small head|Paint brush,"Q: Is the property [is female] true for the concept [book]? 
 A: False 
 Q: Is the property [can be digital] true for the concept [book] 
 A: True 
 In one word True/False, answer the following question Q: Is the property [small head] true for [Paint brush]? 
 A:",False
small head|Salamander,"Q: Is the property [is female] true for the concept [book]? 
 A: False 
 Q: Is the property [can be digital] true for the concept [book] 
 A: True 
 In one word True/False, answer the following question Q: Is the property [small head] true for [Salamander]? 
 A:",False
small head|Saw,"Q: Is the property [is female] true for the concept [book]? 
 A: False 
 Q: Is the property [can be digital] true for the concept [book] 
 A: True 
 In one word True/False, answer the following question Q: Is the property [small head] true for [Saw]? 
 A:",False
small head|Screwdriver,"Q: Is the property [is female] true for the concept [book]? 
 A: False 
 Q: Is the property [can be digital] true for the concept [book] 
 A: True 
 In one word True/False, answer the following question Q: Is the property [small head] true for [Screwdriver]? 
 A:",False
small head|Shovel,"Q: Is the property [is female] true for the concept [book]? 
 A: False 
 Q: Is the property [can be digital] true for the concept [book] 
 A: True 
 In one word True/False, answer the following question Q: Is the property [small head] true for [Shovel]? 
 A:",False
small head|Snake,"Q: Is the property [is female] true for the concept [book]? 
 A: False 
 Q: Is the property [can be digital] true for the concept [book] 
 A: True 
 In one word True/False, answer the following question Q: Is the property [small head] true for [Snake]? 
 A:",True
small head|Spanner,"Q: Is the property [is female] true for the concept [book]? 
 A: False 
 Q: Is the property [can be digital] true for the concept [book] 
 A: True 
 In one word True/False, answer the following question Q: Is the property [small head] true for [Spanner]? 
 A:",False
small head|Toad,"Q: Is the property [is female] true for the concept [book]? 
 A: False 
 Q: Is the property [can be digital] true for the concept [book] 
 A: True 
 In one word True/False, answer the following question Q: Is the property [small head] true for [Toad]? 
 A:",True
small head|Tortoise,"Q: Is the property [is female] true for the concept [book]? 
 A: False 
 Q: Is the property [can be digital] true for the concept [book] 
 A: True 
 In one word True/False, answer the following question Q: Is the property [small head] true for [Tortoise]? 
 A:",True
small head|Turtle,"Q: Is the property [is female] true for the concept [book]? 
 A: False 
 Q: Is the property [can be digital] true for the concept [book] 
 A: True 
 In one word True/False, answer the following question Q: Is the property [small head] true for [Turtle]? 
 A:",True
small head|Vacuum,"Q: Is the property [is female] true for the concept [book]? 
 A: False 
 Q: Is the property [can be digital] true for the concept [book] 
 A: True 
 In one word True/False, answer the following question Q: Is the property [small head] true for [Vacuum]? 
 A:",False
smooth scales|Alligator,"Q: Is the property [is female] true for the concept [book]? 
 A: False 
 Q: Is the property [can be digital] true for the concept [book] 
 A: True 
 In one word True/False, answer the following question Q: Is the property [smooth scales] true for [Alligator]? 
 A:",True
smooth scales|Anvil,"Q: Is the property [is female] true for the concept [book]? 
 A: False 
 Q: Is the property [can be digital] true for the concept [book] 
 A: True 
 In one word True/False, answer the following question Q: Is the property [smooth scales] true for [Anvil]? 
 A:",False
smooth scales|Axe,"Q: Is the property [is female] true for the concept [book]? 
 A: False 
 Q: Is the property [can be digital] true for the concept [book] 
 A: True 
 In one word True/False, answer the following question Q: Is the property [smooth scales] true for [Axe]? 
 A:",False
smooth scales|Blindworm,"Q: Is the property [is female] true for the concept [book]? 
 A: False 
 Q: Is the property [can be digital] true for the concept [book] 
 A: True 
 In one word True/False, answer the following question Q: Is the property [smooth scales] true for [Blindworm]? 
 A:",False
smooth scales|Boa python,"Q: Is the property [is female] true for the concept [book]? 
 A: False 
 Q: Is the property [can be digital] true for the concept [book] 
 A: True 
 In one word True/False, answer the following question Q: Is the property [smooth scales] true for [Boa python]? 
 A:",True
smooth scales|Caiman,"Q: Is the property [is female] true for the concept [book]? 
 A: False 
 Q: Is the property [can be digital] true for the concept [book] 
 A: True 
 In one word True/False, answer the following question Q: Is the property [smooth scales] true for [Caiman]? 
 A:",False
smooth scales|Chameleon,"Q: Is the property [is female] true for the concept [book]? 
 A: False 
 Q: Is the property [can be digital] true for the concept [book] 
 A: True 
 In one word True/False, answer the following question Q: Is the property [smooth scales] true for [Chameleon]? 
 A:",True
smooth scales|Chisel,"Q: Is the property [is female] true for the concept [book]? 
 A: False 
 Q: Is the property [can be digital] true for the concept [book] 
 A: True 
 In one word True/False, answer the following question Q: Is the property [smooth scales] true for [Chisel]? 
 A:",False
smooth scales|Cobra,"Q: Is the property [is female] true for the concept [book]? 
 A: False 
 Q: Is the property [can be digital] true for the concept [book] 
 A: True 
 In one word True/False, answer the following question Q: Is the property [smooth scales] true for [Cobra]? 
 A:",False
smooth scales|Crocodile,"Q: Is the property [is female] true for the concept [book]? 
 A: False 
 Q: Is the property [can be digital] true for the concept [book] 
 A: True 
 In one word True/False, answer the following question Q: Is the property [smooth scales] true for [Crocodile]? 
 A:",True
smooth scales|Dinosaur,"Q: Is the property [is female] true for the concept [book]? 
 A: False 
 Q: Is the property [can be digital] true for the concept [book] 
 A: True 
 In one word True/False, answer the following question Q: Is the property [smooth scales] true for [Dinosaur]? 
 A:",False
smooth scales|Gecko,"Q: Is the property [is female] true for the concept [book]? 
 A: False 
 Q: Is the property [can be digital] true for the concept [book] 
 A: True 
 In one word True/False, answer the following question Q: Is the property [smooth scales] true for [Gecko]? 
 A:",True
smooth scales|Grinding disk,"Q: Is the property [is female] true for the concept [book]? 
 A: False 
 Q: Is the property [can be digital] true for the concept [book] 
 A: True 
 In one word True/False, answer the following question Q: Is the property [smooth scales] true for [Grinding disk]? 
 A:",False
smooth scales|Hammer,"Q: Is the property [is female] true for the concept [book]? 
 A: False 
 Q: Is the property [can be digital] true for the concept [book] 
 A: True 
 In one word True/False, answer the following question Q: Is the property [smooth scales] true for [Hammer]? 
 A:",False
smooth scales|Knife,"Q: Is the property [is female] true for the concept [book]? 
 A: False 
 Q: Is the property [can be digital] true for the concept [book] 
 A: True 
 In one word True/False, answer the following question Q: Is the property [smooth scales] true for [Knife]? 
 A:",False
smooth scales|Lawn Mower,"Q: Is the property [is female] true for the concept [book]? 
 A: False 
 Q: Is the property [can be digital] true for the concept [book] 
 A: True 
 In one word True/False, answer the following question Q: Is the property [smooth scales] true for [Lawn Mower]? 
 A:",False
smooth scales|Lizard,"Q: Is the property [is female] true for the concept [book]? 
 A: False 
 Q: Is the property [can be digital] true for the concept [book] 
 A: True 
 In one word True/False, answer the following question Q: Is the property [smooth scales] true for [Lizard]? 
 A:",True
smooth scales|Nail,"Q: Is the property [is female] true for the concept [book]? 
 A: False 
 Q: Is the property [can be digital] true for the concept [book] 
 A: True 
 In one word True/False, answer the following question Q: Is the property [smooth scales] true for [Nail]? 
 A:",False
smooth scales|Oil can,"Q: Is the property [is female] true for the concept [book]? 
 A: False 
 Q: Is the property [can be digital] true for the concept [book] 
 A: True 
 In one word True/False, answer the following question Q: Is the property [smooth scales] true for [Oil can]? 
 A:",False
smooth scales|Paint brush,"Q: Is the property [is female] true for the concept [book]? 
 A: False 
 Q: Is the property [can be digital] true for the concept [book] 
 A: True 
 In one word True/False, answer the following question Q: Is the property [smooth scales] true for [Paint brush]? 
 A:",False
smooth scales|Salamander,"Q: Is the property [is female] true for the concept [book]? 
 A: False 
 Q: Is the property [can be digital] true for the concept [book] 
 A: True 
 In one word True/False, answer the following question Q: Is the property [smooth scales] true for [Salamander]? 
 A:",False
smooth scales|Saw,"Q: Is the property [is female] true for the concept [book]? 
 A: False 
 Q: Is the property [can be digital] true for the concept [book] 
 A: True 
 In one word True/False, answer the following question Q: Is the property [smooth scales] true for [Saw]? 
 A:",False
smooth scales|Screwdriver,"Q: Is the property [is female] true for the concept [book]? 
 A: False 
 Q: Is the property [can be digital] true for the concept [book] 
 A: True 
 In one word True/False, answer the following question Q: Is the property [smooth scales] true for [Screwdriver]? 
 A:",False
smooth scales|Shovel,"Q: Is the property [is female] true for the concept [book]? 
 A: False 
 Q: Is the property [can be digital] true for the concept [book] 
 A: True 
 In one word True/False, answer the following question Q: Is the property [smooth scales] true for [Shovel]? 
 A:",False
smooth scales|Snake,"Q: Is the property [is female] true for the concept [book]? 
 A: False 
 Q: Is the property [can be digital] true for the concept [book] 
 A: True 
 In one word True/False, answer the following question Q: Is the property [smooth scales] true for [Snake]? 
 A:",True
smooth scales|Spanner,"Q: Is the property [is female] true for the concept [book]? 
 A: False 
 Q: Is the property [can be digital] true for the concept [book] 
 A: True 
 In one word True/False, answer the following question Q: Is the property [smooth scales] true for [Spanner]? 
 A:",False
smooth scales|Toad,"Q: Is the property [is female] true for the concept [book]? 
 A: False 
 Q: Is the property [can be digital] true for the concept [book] 
 A: True 
 In one word True/False, answer the following question Q: Is the property [smooth scales] true for [Toad]? 
 A:",False
smooth scales|Tortoise,"Q: Is the property [is female] true for the concept [book]? 
 A: False 
 Q: Is the property [can be digital] true for the concept [book] 
 A: True 
 In one word True/False, answer the following question Q: Is the property [smooth scales] true for [Tortoise]? 
 A:",True
smooth scales|Turtle,"Q: Is the property [is female] true for the concept [book]? 
 A: False 
 Q: Is the property [can be digital] true for the concept [book] 
 A: True 
 In one word True/False, answer the following question Q: Is the property [smooth scales] true for [Turtle]? 
 A:",True
smooth scales|Vacuum,"Q: Is the property [is female] true for the concept [book]? 
 A: False 
 Q: Is the property [can be digital] true for the concept [book] 
 A: True 
 In one word True/False, answer the following question Q: Is the property [smooth scales] true for [Vacuum]? 
 A:",False
solitary|Alligator,"Q: Is the property [is female] true for the concept [book]? 
 A: False 
 Q: Is the property [can be digital] true for the concept [book] 
 A: True 
 In one word True/False, answer the following question Q: Is the property [solitary] true for [Alligator]? 
 A:",True
solitary|Anvil,"Q: Is the property [is female] true for the concept [book]? 
 A: False 
 Q: Is the property [can be digital] true for the concept [book] 
 A: True 
 In one word True/False, answer the following question Q: Is the property [solitary] true for [Anvil]? 
 A:",False
solitary|Axe,"Q: Is the property [is female] true for the concept [book]? 
 A: False 
 Q: Is the property [can be digital] true for the concept [book] 
 A: True 
 In one word True/False, answer the following question Q: Is the property [solitary] true for [Axe]? 
 A:",False
solitary|Blindworm,"Q: Is the property [is female] true for the concept [book]? 
 A: False 
 Q: Is the property [can be digital] true for the concept [book] 
 A: True 
 In one word True/False, answer the following question Q: Is the property [solitary] true for [Blindworm]? 
 A:",False
solitary|Boa python,"Q: Is the property [is female] true for the concept [book]? 
 A: False 
 Q: Is the property [can be digital] true for the concept [book] 
 A: True 
 In one word True/False, answer the following question Q: Is the property [solitary] true for [Boa python]? 
 A:",True
solitary|Caiman,"Q: Is the property [is female] true for the concept [book]? 
 A: False 
 Q: Is the property [can be digital] true for the concept [book] 
 A: True 
 In one word True/False, answer the following question Q: Is the property [solitary] true for [Caiman]? 
 A:",True
solitary|Chameleon,"Q: Is the property [is female] true for the concept [book]? 
 A: False 
 Q: Is the property [can be digital] true for the concept [book] 
 A: True 
 In one word True/False, answer the following question Q: Is the property [solitary] true for [Chameleon]? 
 A:",True
solitary|Chisel,"Q: Is the property [is female] true for the concept [book]? 
 A: False 
 Q: Is the property [can be digital] true for the concept [book] 
 A: True 
 In one word True/False, answer the following question Q: Is the property [solitary] true for [Chisel]? 
 A:",False
solitary|Cobra,"Q: Is the property [is female] true for the concept [book]? 
 A: False 
 Q: Is the property [can be digital] true for the concept [book] 
 A: True 
 In one word True/False, answer the following question Q: Is the property [solitary] true for [Cobra]? 
 A:",True
solitary|Crocodile,"Q: Is the property [is female] true for the concept [book]? 
 A: False 
 Q: Is the property [can be digital] true for the concept [book] 
 A: True 
 In one word True/False, answer the following question Q: Is the property [solitary] true for [Crocodile]? 
 A:",True
solitary|Dinosaur,"Q: Is the property [is female] true for the concept [book]? 
 A: False 
 Q: Is the property [can be digital] true for the concept [book] 
 A: True 
 In one word True/False, answer the following question Q: Is the property [solitary] true for [Dinosaur]? 
 A:",False
solitary|Gecko,"Q: Is the property [is female] true for the concept [book]? 
 A: False 
 Q: Is the property [can be digital] true for the concept [book] 
 A: True 
 In one word True/False, answer the following question Q: Is the property [solitary] true for [Gecko]? 
 A:",True
solitary|Grinding disk,"Q: Is the property [is female] true for the concept [book]? 
 A: False 
 Q: Is the property [can be digital] true for the concept [book] 
 A: True 
 In one word True/False, answer the following question Q: Is the property [solitary] true for [Grinding disk]? 
 A:",False
solitary|Hammer,"Q: Is the property [is female] true for the concept [book]? 
 A: False 
 Q: Is the property [can be digital] true for the concept [book] 
 A: True 
 In one word True/False, answer the following question Q: Is the property [solitary] true for [Hammer]? 
 A:",False
solitary|Knife,"Q: Is the property [is female] true for the concept [book]? 
 A: False 
 Q: Is the property [can be digital] true for the concept [book] 
 A: True 
 In one word True/False, answer the following question Q: Is the property [solitary] true for [Knife]? 
 A:",False
solitary|Lawn Mower,"Q: Is the property [is female] true for the concept [book]? 
 A: False 
 Q: Is the property [can be digital] true for the concept [book] 
 A: True 
 In one word True/False, answer the following question Q: Is the property [solitary] true for [Lawn Mower]? 
 A:",False
solitary|Lizard,"Q: Is the property [is female] true for the concept [book]? 
 A: False 
 Q: Is the property [can be digital] true for the concept [book] 
 A: True 
 In one word True/False, answer the following question Q: Is the property [solitary] true for [Lizard]? 
 A:",True
solitary|Nail,"Q: Is the property [is female] true for the concept [book]? 
 A: False 
 Q: Is the property [can be digital] true for the concept [book] 
 A: True 
 In one word True/False, answer the following question Q: Is the property [solitary] true for [Nail]? 
 A:",True
solitary|Oil can,"Q: Is the property [is female] true for the concept [book]? 
 A: False 
 Q: Is the property [can be digital] true for the concept [book] 
 A: True 
 In one word True/False, answer the following question Q: Is the property [solitary] true for [Oil can]? 
 A:",False
solitary|Paint brush,"Q: Is the property [is female] true for the concept [book]? 
 A: False 
 Q: Is the property [can be digital] true for the concept [book] 
 A: True 
 In one word True/False, answer the following question Q: Is the property [solitary] true for [Paint brush]? 
 A:",False
solitary|Salamander,"Q: Is the property [is female] true for the concept [book]? 
 A: False 
 Q: Is the property [can be digital] true for the concept [book] 
 A: True 
 In one word True/False, answer the following question Q: Is the property [solitary] true for [Salamander]? 
 A:",False
solitary|Saw,"Q: Is the property [is female] true for the concept [book]? 
 A: False 
 Q: Is the property [can be digital] true for the concept [book] 
 A: True 
 In one word True/False, answer the following question Q: Is the property [solitary] true for [Saw]? 
 A:",True
solitary|Screwdriver,"Q: Is the property [is female] true for the concept [book]? 
 A: False 
 Q: Is the property [can be digital] true for the concept [book] 
 A: True 
 In one word True/False, answer the following question Q: Is the property [solitary] true for [Screwdriver]? 
 A:",False
solitary|Shovel,"Q: Is the property [is female] true for the concept [book]? 
 A: False 
 Q: Is the property [can be digital] true for the concept [book] 
 A: True 
 In one word True/False, answer the following question Q: Is the property [solitary] true for [Shovel]? 
 A:",False
solitary|Snake,"Q: Is the property [is female] true for the concept [book]? 
 A: False 
 Q: Is the property [can be digital] true for the concept [book] 
 A: True 
 In one word True/False, answer the following question Q: Is the property [solitary] true for [Snake]? 
 A:",True
solitary|Spanner,"Q: Is the property [is female] true for the concept [book]? 
 A: False 
 Q: Is the property [can be digital] true for the concept [book] 
 A: True 
 In one word True/False, answer the following question Q: Is the property [solitary] true for [Spanner]? 
 A:",False
solitary|Toad,"Q: Is the property [is female] true for the concept [book]? 
 A: False 
 Q: Is the property [can be digital] true for the concept [book] 
 A: True 
 In one word True/False, answer the following question Q: Is the property [solitary] true for [Toad]? 
 A:",True
solitary|Tortoise,"Q: Is the property [is female] true for the concept [book]? 
 A: False 
 Q: Is the property [can be digital] true for the concept [book] 
 A: True 
 In one word True/False, answer the following question Q: Is the property [solitary] true for [Tortoise]? 
 A:",True
solitary|Turtle,"Q: Is the property [is female] true for the concept [book]? 
 A: False 
 Q: Is the property [can be digital] true for the concept [book] 
 A: True 
 In one word True/False, answer the following question Q: Is the property [solitary] true for [Turtle]? 
 A:",True
solitary|Vacuum,"Q: Is the property [is female] true for the concept [book]? 
 A: False 
 Q: Is the property [can be digital] true for the concept [book] 
 A: True 
 In one word True/False, answer the following question Q: Is the property [solitary] true for [Vacuum]? 
 A:",True
some species are semi-aquatic|Alligator,"Q: Is the property [is female] true for the concept [book]? 
 A: False 
 Q: Is the property [can be digital] true for the concept [book] 
 A: True 
 In one word True/False, answer the following question Q: Is the property [some species are semi-aquatic] true for [Alligator]? 
 A:",True
some species are semi-aquatic|Anvil,"Q: Is the property [is female] true for the concept [book]? 
 A: False 
 Q: Is the property [can be digital] true for the concept [book] 
 A: True 
 In one word True/False, answer the following question Q: Is the property [some species are semi-aquatic] true for [Anvil]? 
 A:",False
some species are semi-aquatic|Axe,"Q: Is the property [is female] true for the concept [book]? 
 A: False 
 Q: Is the property [can be digital] true for the concept [book] 
 A: True 
 In one word True/False, answer the following question Q: Is the property [some species are semi-aquatic] true for [Axe]? 
 A:",False
some species are semi-aquatic|Blindworm,"Q: Is the property [is female] true for the concept [book]? 
 A: False 
 Q: Is the property [can be digital] true for the concept [book] 
 A: True 
 In one word True/False, answer the following question Q: Is the property [some species are semi-aquatic] true for [Blindworm]? 
 A:",True
some species are semi-aquatic|Boa python,"Q: Is the property [is female] true for the concept [book]? 
 A: False 
 Q: Is the property [can be digital] true for the concept [book] 
 A: True 
 In one word True/False, answer the following question Q: Is the property [some species are semi-aquatic] true for [Boa python]? 
 A:",False
some species are semi-aquatic|Caiman,"Q: Is the property [is female] true for the concept [book]? 
 A: False 
 Q: Is the property [can be digital] true for the concept [book] 
 A: True 
 In one word True/False, answer the following question Q: Is the property [some species are semi-aquatic] true for [Caiman]? 
 A:",True
some species are semi-aquatic|Chameleon,"Q: Is the property [is female] true for the concept [book]? 
 A: False 
 Q: Is the property [can be digital] true for the concept [book] 
 A: True 
 In one word True/False, answer the following question Q: Is the property [some species are semi-aquatic] true for [Chameleon]? 
 A:",False
some species are semi-aquatic|Chisel,"Q: Is the property [is female] true for the concept [book]? 
 A: False 
 Q: Is the property [can be digital] true for the concept [book] 
 A: True 
 In one word True/False, answer the following question Q: Is the property [some species are semi-aquatic] true for [Chisel]? 
 A:",False
some species are semi-aquatic|Cobra,"Q: Is the property [is female] true for the concept [book]? 
 A: False 
 Q: Is the property [can be digital] true for the concept [book] 
 A: True 
 In one word True/False, answer the following question Q: Is the property [some species are semi-aquatic] true for [Cobra]? 
 A:",False
some species are semi-aquatic|Crocodile,"Q: Is the property [is female] true for the concept [book]? 
 A: False 
 Q: Is the property [can be digital] true for the concept [book] 
 A: True 
 In one word True/False, answer the following question Q: Is the property [some species are semi-aquatic] true for [Crocodile]? 
 A:",True
some species are semi-aquatic|Dinosaur,"Q: Is the property [is female] true for the concept [book]? 
 A: False 
 Q: Is the property [can be digital] true for the concept [book] 
 A: True 
 In one word True/False, answer the following question Q: Is the property [some species are semi-aquatic] true for [Dinosaur]? 
 A:",False
some species are semi-aquatic|Gecko,"Q: Is the property [is female] true for the concept [book]? 
 A: False 
 Q: Is the property [can be digital] true for the concept [book] 
 A: True 
 In one word True/False, answer the following question Q: Is the property [some species are semi-aquatic] true for [Gecko]? 
 A:",True
some species are semi-aquatic|Grinding disk,"Q: Is the property [is female] true for the concept [book]? 
 A: False 
 Q: Is the property [can be digital] true for the concept [book] 
 A: True 
 In one word True/False, answer the following question Q: Is the property [some species are semi-aquatic] true for [Grinding disk]? 
 A:",False
some species are semi-aquatic|Hammer,"Q: Is the property [is female] true for the concept [book]? 
 A: False 
 Q: Is the property [can be digital] true for the concept [book] 
 A: True 
 In one word True/False, answer the following question Q: Is the property [some species are semi-aquatic] true for [Hammer]? 
 A:",False
some species are semi-aquatic|Knife,"Q: Is the property [is female] true for the concept [book]? 
 A: False 
 Q: Is the property [can be digital] true for the concept [book] 
 A: True 
 In one word True/False, answer the following question Q: Is the property [some species are semi-aquatic] true for [Knife]? 
 A:",False
some species are semi-aquatic|Lawn Mower,"Q: Is the property [is female] true for the concept [book]? 
 A: False 
 Q: Is the property [can be digital] true for the concept [book] 
 A: True 
 In one word True/False, answer the following question Q: Is the property [some species are semi-aquatic] true for [Lawn Mower]? 
 A:",False
some species are semi-aquatic|Lizard,"Q: Is the property [is female] true for the concept [book]? 
 A: False 
 Q: Is the property [can be digital] true for the concept [book] 
 A: True 
 In one word True/False, answer the following question Q: Is the property [some species are semi-aquatic] true for [Lizard]? 
 A:",False
some species are semi-aquatic|Nail,"Q: Is the property [is female] true for the concept [book]? 
 A: False 
 Q: Is the property [can be digital] true for the concept [book] 
 A: True 
 In one word True/False, answer the following question Q: Is the property [some species are semi-aquatic] true for [Nail]? 
 A:",False
some species are semi-aquatic|Oil can,"Q: Is the property [is female] true for the concept [book]? 
 A: False 
 Q: Is the property [can be digital] true for the concept [book] 
 A: True 
 In one word True/False, answer the following question Q: Is the property [some species are semi-aquatic] true for [Oil can]? 
 A:",False
some species are semi-aquatic|Paint brush,"Q: Is the property [is female] true for the concept [book]? 
 A: False 
 Q: Is the property [can be digital] true for the concept [book] 
 A: True 
 In one word True/False, answer the following question Q: Is the property [some species are semi-aquatic] true for [Paint brush]? 
 A:",False
some species are semi-aquatic|Salamander,"Q: Is the property [is female] true for the concept [book]? 
 A: False 
 Q: Is the property [can be digital] true for the concept [book] 
 A: True 
 In one word True/False, answer the following question Q: Is the property [some species are semi-aquatic] true for [Salamander]? 
 A:",True
some species are semi-aquatic|Saw,"Q: Is the property [is female] true for the concept [book]? 
 A: False 
 Q: Is the property [can be digital] true for the concept [book] 
 A: True 
 In one word True/False, answer the following question Q: Is the property [some species are semi-aquatic] true for [Saw]? 
 A:",False
some species are semi-aquatic|Screwdriver,"Q: Is the property [is female] true for the concept [book]? 
 A: False 
 Q: Is the property [can be digital] true for the concept [book] 
 A: True 
 In one word True/False, answer the following question Q: Is the property [some species are semi-aquatic] true for [Screwdriver]? 
 A:",False
some species are semi-aquatic|Shovel,"Q: Is the property [is female] true for the concept [book]? 
 A: False 
 Q: Is the property [can be digital] true for the concept [book] 
 A: True 
 In one word True/False, answer the following question Q: Is the property [some species are semi-aquatic] true for [Shovel]? 
 A:",False
some species are semi-aquatic|Snake,"Q: Is the property [is female] true for the concept [book]? 
 A: False 
 Q: Is the property [can be digital] true for the concept [book] 
 A: True 
 In one word True/False, answer the following question Q: Is the property [some species are semi-aquatic] true for [Snake]? 
 A:",False
some species are semi-aquatic|Spanner,"Q: Is the property [is female] true for the concept [book]? 
 A: False 
 Q: Is the property [can be digital] true for the concept [book] 
 A: True 
 In one word True/False, answer the following question Q: Is the property [some species are semi-aquatic] true for [Spanner]? 
 A:",False
some species are semi-aquatic|Toad,"Q: Is the property [is female] true for the concept [book]? 
 A: False 
 Q: Is the property [can be digital] true for the concept [book] 
 A: True 
 In one word True/False, answer the following question Q: Is the property [some species are semi-aquatic] true for [Toad]? 
 A:",True
some species are semi-aquatic|Tortoise,"Q: Is the property [is female] true for the concept [book]? 
 A: False 
 Q: Is the property [can be digital] true for the concept [book] 
 A: True 
 In one word True/False, answer the following question Q: Is the property [some species are semi-aquatic] true for [Tortoise]? 
 A:",False
some species are semi-aquatic|Turtle,"Q: Is the property [is female] true for the concept [book]? 
 A: False 
 Q: Is the property [can be digital] true for the concept [book] 
 A: True 
 In one word True/False, answer the following question Q: Is the property [some species are semi-aquatic] true for [Turtle]? 
 A:",True
some species are semi-aquatic|Vacuum,"Q: Is the property [is female] true for the concept [book]? 
 A: False 
 Q: Is the property [can be digital] true for the concept [book] 
 A: True 
 In one word True/False, answer the following question Q: Is the property [some species are semi-aquatic] true for [Vacuum]? 
 A:",False
squamate|Alligator,"Q: Is the property [is female] true for the concept [book]? 
 A: False 
 Q: Is the property [can be digital] true for the concept [book] 
 A: True 
 In one word True/False, answer the following question Q: Is the property [squamate] true for [Alligator]? 
 A:",True
squamate|Anvil,"Q: Is the property [is female] true for the concept [book]? 
 A: False 
 Q: Is the property [can be digital] true for the concept [book] 
 A: True 
 In one word True/False, answer the following question Q: Is the property [squamate] true for [Anvil]? 
 A:",False
squamate|Axe,"Q: Is the property [is female] true for the concept [book]? 
 A: False 
 Q: Is the property [can be digital] true for the concept [book] 
 A: True 
 In one word True/False, answer the following question Q: Is the property [squamate] true for [Axe]? 
 A:",False
squamate|Blindworm,"Q: Is the property [is female] true for the concept [book]? 
 A: False 
 Q: Is the property [can be digital] true for the concept [book] 
 A: True 
 In one word True/False, answer the following question Q: Is the property [squamate] true for [Blindworm]? 
 A:",True
squamate|Boa python,"Q: Is the property [is female] true for the concept [book]? 
 A: False 
 Q: Is the property [can be digital] true for the concept [book] 
 A: True 
 In one word True/False, answer the following question Q: Is the property [squamate] true for [Boa python]? 
 A:",True
squamate|Caiman,"Q: Is the property [is female] true for the concept [book]? 
 A: False 
 Q: Is the property [can be digital] true for the concept [book] 
 A: True 
 In one word True/False, answer the following question Q: Is the property [squamate] true for [Caiman]? 
 A:",True
squamate|Chameleon,"Q: Is the property [is female] true for the concept [book]? 
 A: False 
 Q: Is the property [can be digital] true for the concept [book] 
 A: True 
 In one word True/False, answer the following question Q: Is the property [squamate] true for [Chameleon]? 
 A:",True
squamate|Chisel,"Q: Is the property [is female] true for the concept [book]? 
 A: False 
 Q: Is the property [can be digital] true for the concept [book] 
 A: True 
 In one word True/False, answer the following question Q: Is the property [squamate] true for [Chisel]? 
 A:",False
squamate|Cobra,"Q: Is the property [is female] true for the concept [book]? 
 A: False 
 Q: Is the property [can be digital] true for the concept [book] 
 A: True 
 In one word True/False, answer the following question Q: Is the property [squamate] true for [Cobra]? 
 A:",True
squamate|Crocodile,"Q: Is the property [is female] true for the concept [book]? 
 A: False 
 Q: Is the property [can be digital] true for the concept [book] 
 A: True 
 In one word True/False, answer the following question Q: Is the property [squamate] true for [Crocodile]? 
 A:",True
squamate|Dinosaur,"Q: Is the property [is female] true for the concept [book]? 
 A: False 
 Q: Is the property [can be digital] true for the concept [book] 
 A: True 
 In one word True/False, answer the following question Q: Is the property [squamate] true for [Dinosaur]? 
 A:",False
squamate|Gecko,"Q: Is the property [is female] true for the concept [book]? 
 A: False 
 Q: Is the property [can be digital] true for the concept [book] 
 A: True 
 In one word True/False, answer the following question Q: Is the property [squamate] true for [Gecko]? 
 A:",True
squamate|Grinding disk,"Q: Is the property [is female] true for the concept [book]? 
 A: False 
 Q: Is the property [can be digital] true for the concept [book] 
 A: True 
 In one word True/False, answer the following question Q: Is the property [squamate] true for [Grinding disk]? 
 A:",False
squamate|Hammer,"Q: Is the property [is female] true for the concept [book]? 
 A: False 
 Q: Is the property [can be digital] true for the concept [book] 
 A: True 
 In one word True/False, answer the following question Q: Is the property [squamate] true for [Hammer]? 
 A:",False
squamate|Knife,"Q: Is the property [is female] true for the concept [book]? 
 A: False 
 Q: Is the property [can be digital] true for the concept [book] 
 A: True 
 In one word True/False, answer the following question Q: Is the property [squamate] true for [Knife]? 
 A:",False
squamate|Lawn Mower,"Q: Is the property [is female] true for the concept [book]? 
 A: False 
 Q: Is the property [can be digital] true for the concept [book] 
 A: True 
 In one word True/False, answer the following question Q: Is the property [squamate] true for [Lawn Mower]? 
 A:",False
squamate|Lizard,"Q: Is the property [is female] true for the concept [book]? 
 A: False 
 Q: Is the property [can be digital] true for the concept [book] 
 A: True 
 In one word True/False, answer the following question Q: Is the property [squamate] true for [Lizard]? 
 A:",True
squamate|Nail,"Q: Is the property [is female] true for the concept [book]? 
 A: False 
 Q: Is the property [can be digital] true for the concept [book] 
 A: True 
 In one word True/False, answer the following question Q: Is the property [squamate] true for [Nail]? 
 A:",False
squamate|Oil can,"Q: Is the property [is female] true for the concept [book]? 
 A: False 
 Q: Is the property [can be digital] true for the concept [book] 
 A: True 
 In one word True/False, answer the following question Q: Is the property [squamate] true for [Oil can]? 
 A:",False
squamate|Paint brush,"Q: Is the property [is female] true for the concept [book]? 
 A: False 
 Q: Is the property [can be digital] true for the concept [book] 
 A: True 
 In one word True/False, answer the following question Q: Is the property [squamate] true for [Paint brush]? 
 A:",False
squamate|Salamander,"Q: Is the property [is female] true for the concept [book]? 
 A: False 
 Q: Is the property [can be digital] true for the concept [book] 
 A: True 
 In one word True/False, answer the following question Q: Is the property [squamate] true for [Salamander]? 
 A:",True
squamate|Saw,"Q: Is the property [is female] true for the concept [book]? 
 A: False 
 Q: Is the property [can be digital] true for the concept [book] 
 A: True 
 In one word True/False, answer the following question Q: Is the property [squamate] true for [Saw]? 
 A:",False
squamate|Screwdriver,"Q: Is the property [is female] true for the concept [book]? 
 A: False 
 Q: Is the property [can be digital] true for the concept [book] 
 A: True 
 In one word True/False, answer the following question Q: Is the property [squamate] true for [Screwdriver]? 
 A:",False
squamate|Shovel,"Q: Is the property [is female] true for the concept [book]? 
 A: False 
 Q: Is the property [can be digital] true for the concept [book] 
 A: True 
 In one word True/False, answer the following question Q: Is the property [squamate] true for [Shovel]? 
 A:",False
squamate|Snake,"Q: Is the property [is female] true for the concept [book]? 
 A: False 
 Q: Is the property [can be digital] true for the concept [book] 
 A: True 
 In one word True/False, answer the following question Q: Is the property [squamate] true for [Snake]? 
 A:",True
squamate|Spanner,"Q: Is the property [is female] true for the concept [book]? 
 A: False 
 Q: Is the property [can be digital] true for the concept [book] 
 A: True 
 In one word True/False, answer the following question Q: Is the property [squamate] true for [Spanner]? 
 A:",False
squamate|Toad,"Q: Is the property [is female] true for the concept [book]? 
 A: False 
 Q: Is the property [can be digital] true for the concept [book] 
 A: True 
 In one word True/False, answer the following question Q: Is the property [squamate] true for [Toad]? 
 A:",True
squamate|Tortoise,"Q: Is the property [is female] true for the concept [book]? 
 A: False 
 Q: Is the property [can be digital] true for the concept [book] 
 A: True 
 In one word True/False, answer the following question Q: Is the property [squamate] true for [Tortoise]? 
 A:",True
squamate|Turtle,"Q: Is the property [is female] true for the concept [book]? 
 A: False 
 Q: Is the property [can be digital] true for the concept [book] 
 A: True 
 In one word True/False, answer the following question Q: Is the property [squamate] true for [Turtle]? 
 A:",True
squamate|Vacuum,"Q: Is the property [is female] true for the concept [book]? 
 A: False 
 Q: Is the property [can be digital] true for the concept [book] 
 A: True 
 In one word True/False, answer the following question Q: Is the property [squamate] true for [Vacuum]? 
 A:",False
tail|Alligator,"Q: Is the property [is female] true for the concept [book]? 
 A: False 
 Q: Is the property [can be digital] true for the concept [book] 
 A: True 
 In one word True/False, answer the following question Q: Is the property [tail] true for [Alligator]? 
 A:",True
tail|Anvil,"Q: Is the property [is female] true for the concept [book]? 
 A: False 
 Q: Is the property [can be digital] true for the concept [book] 
 A: True 
 In one word True/False, answer the following question Q: Is the property [tail] true for [Anvil]? 
 A:",False
tail|Axe,"Q: Is the property [is female] true for the concept [book]? 
 A: False 
 Q: Is the property [can be digital] true for the concept [book] 
 A: True 
 In one word True/False, answer the following question Q: Is the property [tail] true for [Axe]? 
 A:",False
tail|Blindworm,"Q: Is the property [is female] true for the concept [book]? 
 A: False 
 Q: Is the property [can be digital] true for the concept [book] 
 A: True 
 In one word True/False, answer the following question Q: Is the property [tail] true for [Blindworm]? 
 A:",True
tail|Boa python,"Q: Is the property [is female] true for the concept [book]? 
 A: False 
 Q: Is the property [can be digital] true for the concept [book] 
 A: True 
 In one word True/False, answer the following question Q: Is the property [tail] true for [Boa python]? 
 A:",True
tail|Caiman,"Q: Is the property [is female] true for the concept [book]? 
 A: False 
 Q: Is the property [can be digital] true for the concept [book] 
 A: True 
 In one word True/False, answer the following question Q: Is the property [tail] true for [Caiman]? 
 A:",True
tail|Chameleon,"Q: Is the property [is female] true for the concept [book]? 
 A: False 
 Q: Is the property [can be digital] true for the concept [book] 
 A: True 
 In one word True/False, answer the following question Q: Is the property [tail] true for [Chameleon]? 
 A:",True
tail|Chisel,"Q: Is the property [is female] true for the concept [book]? 
 A: False 
 Q: Is the property [can be digital] true for the concept [book] 
 A: True 
 In one word True/False, answer the following question Q: Is the property [tail] true for [Chisel]? 
 A:",False
tail|Cobra,"Q: Is the property [is female] true for the concept [book]? 
 A: False 
 Q: Is the property [can be digital] true for the concept [book] 
 A: True 
 In one word True/False, answer the following question Q: Is the property [tail] true for [Cobra]? 
 A:",True
tail|Crocodile,"Q: Is the property [is female] true for the concept [book]? 
 A: False 
 Q: Is the property [can be digital] true for the concept [book] 
 A: True 
 In one word True/False, answer the following question Q: Is the property [tail] true for [Crocodile]? 
 A:",True
tail|Dinosaur,"Q: Is the property [is female] true for the concept [book]? 
 A: False 
 Q: Is the property [can be digital] true for the concept [book] 
 A: True 
 In one word True/False, answer the following question Q: Is the property [tail] true for [Dinosaur]? 
 A:",True
tail|Gecko,"Q: Is the property [is female] true for the concept [book]? 
 A: False 
 Q: Is the property [can be digital] true for the concept [book] 
 A: True 
 In one word True/False, answer the following question Q: Is the property [tail] true for [Gecko]? 
 A:",True
tail|Grinding disk,"Q: Is the property [is female] true for the concept [book]? 
 A: False 
 Q: Is the property [can be digital] true for the concept [book] 
 A: True 
 In one word True/False, answer the following question Q: Is the property [tail] true for [Grinding disk]? 
 A:",False
tail|Hammer,"Q: Is the property [is female] true for the concept [book]? 
 A: False 
 Q: Is the property [can be digital] true for the concept [book] 
 A: True 
 In one word True/False, answer the following question Q: Is the property [tail] true for [Hammer]? 
 A:",False
tail|Knife,"Q: Is the property [is female] true for the concept [book]? 
 A: False 
 Q: Is the property [can be digital] true for the concept [book] 
 A: True 
 In one word True/False, answer the following question Q: Is the property [tail] true for [Knife]? 
 A:",False
tail|Lawn Mower,"Q: Is the property [is female] true for the concept [book]? 
 A: False 
 Q: Is the property [can be digital] true for the concept [book] 
 A: True 
 In one word True/False, answer the following question Q: Is the property [tail] true for [Lawn Mower]? 
 A:",False
tail|Lizard,"Q: Is the property [is female] true for the concept [book]? 
 A: False 
 Q: Is the property [can be digital] true for the concept [book] 
 A: True 
 In one word True/False, answer the following question Q: Is the property [tail] true for [Lizard]? 
 A:",True
tail|Nail,"Q: Is the property [is female] true for the concept [book]? 
 A: False 
 Q: Is the property [can be digital] true for the concept [book] 
 A: True 
 In one word True/False, answer the following question Q: Is the property [tail] true for [Nail]? 
 A:",False
tail|Oil can,"Q: Is the property [is female] true for the concept [book]? 
 A: False 
 Q: Is the property [can be digital] true for the concept [book] 
 A: True 
 In one word True/False, answer the following question Q: Is the property [tail] true for [Oil can]? 
 A:",False
tail|Paint brush,"Q: Is the property [is female] true for the concept [book]? 
 A: False 
 Q: Is the property [can be digital] true for the concept [book] 
 A: True 
 In one word True/False, answer the following question Q: Is the property [tail] true for [Paint brush]? 
 A:",False
tail|Salamander,"Q: Is the property [is female] true for the concept [book]? 
 A: False 
 Q: Is the property [can be digital] true for the concept [book] 
 A: True 
 In one word True/False, answer the following question Q: Is the property [tail] true for [Salamander]? 
 A:",True
tail|Saw,"Q: Is the property [is female] true for the concept [book]? 
 A: False 
 Q: Is the property [can be digital] true for the concept [book] 
 A: True 
 In one word True/False, answer the following question Q: Is the property [tail] true for [Saw]? 
 A:",False
tail|Screwdriver,"Q: Is the property [is female] true for the concept [book]? 
 A: False 
 Q: Is the property [can be digital] true for the concept [book] 
 A: True 
 In one word True/False, answer the following question Q: Is the property [tail] true for [Screwdriver]? 
 A:",False
tail|Shovel,"Q: Is the property [is female] true for the concept [book]? 
 A: False 
 Q: Is the property [can be digital] true for the concept [book] 
 A: True 
 In one word True/False, answer the following question Q: Is the property [tail] true for [Shovel]? 
 A:",False
tail|Snake,"Q: Is the property [is female] true for the concept [book]? 
 A: False 
 Q: Is the property [can be digital] true for the concept [book] 
 A: True 
 In one word True/False, answer the following question Q: Is the property [tail] true for [Snake]? 
 A:",True
tail|Spanner,"Q: Is the property [is female] true for the concept [book]? 
 A: False 
 Q: Is the property [can be digital] true for the concept [book] 
 A: True 
 In one word True/False, answer the following question Q: Is the property [tail] true for [Spanner]? 
 A:",False
tail|Toad,"Q: Is the property [is female] true for the concept [book]? 
 A: False 
 Q: Is the property [can be digital] true for the concept [book] 
 A: True 
 In one word True/False, answer the following question Q: Is the property [tail] true for [Toad]? 
 A:",True
tail|Tortoise,"Q: Is the property [is female] true for the concept [book]? 
 A: False 
 Q: Is the property [can be digital] true for the concept [book] 
 A: True 
 In one word True/False, answer the following question Q: Is the property [tail] true for [Tortoise]? 
 A:",True
tail|Turtle,"Q: Is the property [is female] true for the concept [book]? 
 A: False 
 Q: Is the property [can be digital] true for the concept [book] 
 A: True 
 In one word True/False, answer the following question Q: Is the property [tail] true for [Turtle]? 
 A:",True
tail|Vacuum,"Q: Is the property [is female] true for the concept [book]? 
 A: False 
 Q: Is the property [can be digital] true for the concept [book] 
 A: True 
 In one word True/False, answer the following question Q: Is the property [tail] true for [Vacuum]? 
 A:",False
teeth|Alligator,"Q: Is the property [is female] true for the concept [book]? 
 A: False 
 Q: Is the property [can be digital] true for the concept [book] 
 A: True 
 In one word True/False, answer the following question Q: Is the property [teeth] true for [Alligator]? 
 A:",True
teeth|Anvil,"Q: Is the property [is female] true for the concept [book]? 
 A: False 
 Q: Is the property [can be digital] true for the concept [book] 
 A: True 
 In one word True/False, answer the following question Q: Is the property [teeth] true for [Anvil]? 
 A:",False
teeth|Axe,"Q: Is the property [is female] true for the concept [book]? 
 A: False 
 Q: Is the property [can be digital] true for the concept [book] 
 A: True 
 In one word True/False, answer the following question Q: Is the property [teeth] true for [Axe]? 
 A:",False
teeth|Blindworm,"Q: Is the property [is female] true for the concept [book]? 
 A: False 
 Q: Is the property [can be digital] true for the concept [book] 
 A: True 
 In one word True/False, answer the following question Q: Is the property [teeth] true for [Blindworm]? 
 A:",False
teeth|Boa python,"Q: Is the property [is female] true for the concept [book]? 
 A: False 
 Q: Is the property [can be digital] true for the concept [book] 
 A: True 
 In one word True/False, answer the following question Q: Is the property [teeth] true for [Boa python]? 
 A:",False
teeth|Caiman,"Q: Is the property [is female] true for the concept [book]? 
 A: False 
 Q: Is the property [can be digital] true for the concept [book] 
 A: True 
 In one word True/False, answer the following question Q: Is the property [teeth] true for [Caiman]? 
 A:",True
teeth|Chameleon,"Q: Is the property [is female] true for the concept [book]? 
 A: False 
 Q: Is the property [can be digital] true for the concept [book] 
 A: True 
 In one word True/False, answer the following question Q: Is the property [teeth] true for [Chameleon]? 
 A:",False
teeth|Chisel,"Q: Is the property [is female] true for the concept [book]? 
 A: False 
 Q: Is the property [can be digital] true for the concept [book] 
 A: True 
 In one word True/False, answer the following question Q: Is the property [teeth] true for [Chisel]? 
 A:",False
teeth|Cobra,"Q: Is the property [is female] true for the concept [book]? 
 A: False 
 Q: Is the property [can be digital] true for the concept [book] 
 A: True 
 In one word True/False, answer the following question Q: Is the property [teeth] true for [Cobra]? 
 A:",False
teeth|Crocodile,"Q: Is the property [is female] true for the concept [book]? 
 A: False 
 Q: Is the property [can be digital] true for the concept [book] 
 A: True 
 In one word True/False, answer the following question Q: Is the property [teeth] true for [Crocodile]? 
 A:",True
teeth|Dinosaur,"Q: Is the property [is female] true for the concept [book]? 
 A: False 
 Q: Is the property [can be digital] true for the concept [book] 
 A: True 
 In one word True/False, answer the following question Q: Is the property [teeth] true for [Dinosaur]? 
 A:",True
teeth|Gecko,"Q: Is the property [is female] true for the concept [book]? 
 A: False 
 Q: Is the property [can be digital] true for the concept [book] 
 A: True 
 In one word True/False, answer the following question Q: Is the property [teeth] true for [Gecko]? 
 A:",False
teeth|Grinding disk,"Q: Is the property [is female] true for the concept [book]? 
 A: False 
 Q: Is the property [can be digital] true for the concept [book] 
 A: True 
 In one word True/False, answer the following question Q: Is the property [teeth] true for [Grinding disk]? 
 A:",False
teeth|Hammer,"Q: Is the property [is female] true for the concept [book]? 
 A: False 
 Q: Is the property [can be digital] true for the concept [book] 
 A: True 
 In one word True/False, answer the following question Q: Is the property [teeth] true for [Hammer]? 
 A:",False
teeth|Knife,"Q: Is the property [is female] true for the concept [book]? 
 A: False 
 Q: Is the property [can be digital] true for the concept [book] 
 A: True 
 In one word True/False, answer the following question Q: Is the property [teeth] true for [Knife]? 
 A:",False
teeth|Lawn Mower,"Q: Is the property [is female] true for the concept [book]? 
 A: False 
 Q: Is the property [can be digital] true for the concept [book] 
 A: True 
 In one word True/False, answer the following question Q: Is the property [teeth] true for [Lawn Mower]? 
 A:",False
teeth|Lizard,"Q: Is the property [is female] true for the concept [book]? 
 A: False 
 Q: Is the property [can be digital] true for the concept [book] 
 A: True 
 In one word True/False, answer the following question Q: Is the property [teeth] true for [Lizard]? 
 A:",False
teeth|Nail,"Q: Is the property [is female] true for the concept [book]? 
 A: False 
 Q: Is the property [can be digital] true for the concept [book] 
 A: True 
 In one word True/False, answer the following question Q: Is the property [teeth] true for [Nail]? 
 A:",False
teeth|Oil can,"Q: Is the property [is female] true for the concept [book]? 
 A: False 
 Q: Is the property [can be digital] true for the concept [book] 
 A: True 
 In one word True/False, answer the following question Q: Is the property [teeth] true for [Oil can]? 
 A:",False
teeth|Paint brush,"Q: Is the property [is female] true for the concept [book]? 
 A: False 
 Q: Is the property [can be digital] true for the concept [book] 
 A: True 
 In one word True/False, answer the following question Q: Is the property [teeth] true for [Paint brush]? 
 A:",False
teeth|Salamander,"Q: Is the property [is female] true for the concept [book]? 
 A: False 
 Q: Is the property [can be digital] true for the concept [book] 
 A: True 
 In one word True/False, answer the following question Q: Is the property [teeth] true for [Salamander]? 
 A:",False
teeth|Saw,"Q: Is the property [is female] true for the concept [book]? 
 A: False 
 Q: Is the property [can be digital] true for the concept [book] 
 A: True 
 In one word True/False, answer the following question Q: Is the property [teeth] true for [Saw]? 
 A:",False
teeth|Screwdriver,"Q: Is the property [is female] true for the concept [book]? 
 A: False 
 Q: Is the property [can be digital] true for the concept [book] 
 A: True 
 In one word True/False, answer the following question Q: Is the property [teeth] true for [Screwdriver]? 
 A:",False
teeth|Shovel,"Q: Is the property [is female] true for the concept [book]? 
 A: False 
 Q: Is the property [can be digital] true for the concept [book] 
 A: True 
 In one word True/False, answer the following question Q: Is the property [teeth] true for [Shovel]? 
 A:",False
teeth|Snake,"Q: Is the property [is female] true for the concept [book]? 
 A: False 
 Q: Is the property [can be digital] true for the concept [book] 
 A: True 
 In one word True/False, answer the following question Q: Is the property [teeth] true for [Snake]? 
 A:",True
teeth|Spanner,"Q: Is the property [is female] true for the concept [book]? 
 A: False 
 Q: Is the property [can be digital] true for the concept [book] 
 A: True 
 In one word True/False, answer the following question Q: Is the property [teeth] true for [Spanner]? 
 A:",False
teeth|Toad,"Q: Is the property [is female] true for the concept [book]? 
 A: False 
 Q: Is the property [can be digital] true for the concept [book] 
 A: True 
 In one word True/False, answer the following question Q: Is the property [teeth] true for [Toad]? 
 A:",True
teeth|Tortoise,"Q: Is the property [is female] true for the concept [book]? 
 A: False 
 Q: Is the property [can be digital] true for the concept [book] 
 A: True 
 In one word True/False, answer the following question Q: Is the property [teeth] true for [Tortoise]? 
 A:",False
teeth|Turtle,"Q: Is the property [is female] true for the concept [book]? 
 A: False 
 Q: Is the property [can be digital] true for the concept [book] 
 A: True 
 In one word True/False, answer the following question Q: Is the property [teeth] true for [Turtle]? 
 A:",True
teeth|Vacuum,"Q: Is the property [is female] true for the concept [book]? 
 A: False 
 Q: Is the property [can be digital] true for the concept [book] 
 A: True 
 In one word True/False, answer the following question Q: Is the property [teeth] true for [Vacuum]? 
 A:",False
they belong to the family alligatoridae|Alligator,"Q: Is the property [is female] true for the concept [book]? 
 A: False 
 Q: Is the property [can be digital] true for the concept [book] 
 A: True 
 In one word True/False, answer the following question Q: Is the property [they belong to the family alligatoridae] true for [Alligator]? 
 A:",True
they belong to the family alligatoridae|Anvil,"Q: Is the property [is female] true for the concept [book]? 
 A: False 
 Q: Is the property [can be digital] true for the concept [book] 
 A: True 
 In one word True/False, answer the following question Q: Is the property [they belong to the family alligatoridae] true for [Anvil]? 
 A:",False
they belong to the family alligatoridae|Axe,"Q: Is the property [is female] true for the concept [book]? 
 A: False 
 Q: Is the property [can be digital] true for the concept [book] 
 A: True 
 In one word True/False, answer the following question Q: Is the property [they belong to the family alligatoridae] true for [Axe]? 
 A:",False
they belong to the family alligatoridae|Blindworm,"Q: Is the property [is female] true for the concept [book]? 
 A: False 
 Q: Is the property [can be digital] true for the concept [book] 
 A: True 
 In one word True/False, answer the following question Q: Is the property [they belong to the family alligatoridae] true for [Blindworm]? 
 A:",False
they belong to the family alligatoridae|Boa python,"Q: Is the property [is female] true for the concept [book]? 
 A: False 
 Q: Is the property [can be digital] true for the concept [book] 
 A: True 
 In one word True/False, answer the following question Q: Is the property [they belong to the family alligatoridae] true for [Boa python]? 
 A:",False
they belong to the family alligatoridae|Caiman,"Q: Is the property [is female] true for the concept [book]? 
 A: False 
 Q: Is the property [can be digital] true for the concept [book] 
 A: True 
 In one word True/False, answer the following question Q: Is the property [they belong to the family alligatoridae] true for [Caiman]? 
 A:",True
they belong to the family alligatoridae|Chameleon,"Q: Is the property [is female] true for the concept [book]? 
 A: False 
 Q: Is the property [can be digital] true for the concept [book] 
 A: True 
 In one word True/False, answer the following question Q: Is the property [they belong to the family alligatoridae] true for [Chameleon]? 
 A:",False
they belong to the family alligatoridae|Chisel,"Q: Is the property [is female] true for the concept [book]? 
 A: False 
 Q: Is the property [can be digital] true for the concept [book] 
 A: True 
 In one word True/False, answer the following question Q: Is the property [they belong to the family alligatoridae] true for [Chisel]? 
 A:",False
they belong to the family alligatoridae|Cobra,"Q: Is the property [is female] true for the concept [book]? 
 A: False 
 Q: Is the property [can be digital] true for the concept [book] 
 A: True 
 In one word True/False, answer the following question Q: Is the property [they belong to the family alligatoridae] true for [Cobra]? 
 A:",False
they belong to the family alligatoridae|Crocodile,"Q: Is the property [is female] true for the concept [book]? 
 A: False 
 Q: Is the property [can be digital] true for the concept [book] 
 A: True 
 In one word True/False, answer the following question Q: Is the property [they belong to the family alligatoridae] true for [Crocodile]? 
 A:",True
they belong to the family alligatoridae|Dinosaur,"Q: Is the property [is female] true for the concept [book]? 
 A: False 
 Q: Is the property [can be digital] true for the concept [book] 
 A: True 
 In one word True/False, answer the following question Q: Is the property [they belong to the family alligatoridae] true for [Dinosaur]? 
 A:",False
they belong to the family alligatoridae|Gecko,"Q: Is the property [is female] true for the concept [book]? 
 A: False 
 Q: Is the property [can be digital] true for the concept [book] 
 A: True 
 In one word True/False, answer the following question Q: Is the property [they belong to the family alligatoridae] true for [Gecko]? 
 A:",False
they belong to the family alligatoridae|Grinding disk,"Q: Is the property [is female] true for the concept [book]? 
 A: False 
 Q: Is the property [can be digital] true for the concept [book] 
 A: True 
 In one word True/False, answer the following question Q: Is the property [they belong to the family alligatoridae] true for [Grinding disk]? 
 A:",False
they belong to the family alligatoridae|Hammer,"Q: Is the property [is female] true for the concept [book]? 
 A: False 
 Q: Is the property [can be digital] true for the concept [book] 
 A: True 
 In one word True/False, answer the following question Q: Is the property [they belong to the family alligatoridae] true for [Hammer]? 
 A:",False
they belong to the family alligatoridae|Knife,"Q: Is the property [is female] true for the concept [book]? 
 A: False 
 Q: Is the property [can be digital] true for the concept [book] 
 A: True 
 In one word True/False, answer the following question Q: Is the property [they belong to the family alligatoridae] true for [Knife]? 
 A:",False
they belong to the family alligatoridae|Lawn Mower,"Q: Is the property [is female] true for the concept [book]? 
 A: False 
 Q: Is the property [can be digital] true for the concept [book] 
 A: True 
 In one word True/False, answer the following question Q: Is the property [they belong to the family alligatoridae] true for [Lawn Mower]? 
 A:",False
they belong to the family alligatoridae|Lizard,"Q: Is the property [is female] true for the concept [book]? 
 A: False 
 Q: Is the property [can be digital] true for the concept [book] 
 A: True 
 In one word True/False, answer the following question Q: Is the property [they belong to the family alligatoridae] true for [Lizard]? 
 A:",False
they belong to the family alligatoridae|Nail,"Q: Is the property [is female] true for the concept [book]? 
 A: False 
 Q: Is the property [can be digital] true for the concept [book] 
 A: True 
 In one word True/False, answer the following question Q: Is the property [they belong to the family alligatoridae] true for [Nail]? 
 A:",False
they belong to the family alligatoridae|Oil can,"Q: Is the property [is female] true for the concept [book]? 
 A: False 
 Q: Is the property [can be digital] true for the concept [book] 
 A: True 
 In one word True/False, answer the following question Q: Is the property [they belong to the family alligatoridae] true for [Oil can]? 
 A:",False
they belong to the family alligatoridae|Paint brush,"Q: Is the property [is female] true for the concept [book]? 
 A: False 
 Q: Is the property [can be digital] true for the concept [book] 
 A: True 
 In one word True/False, answer the following question Q: Is the property [they belong to the family alligatoridae] true for [Paint brush]? 
 A:",False
they belong to the family alligatoridae|Salamander,"Q: Is the property [is female] true for the concept [book]? 
 A: False 
 Q: Is the property [can be digital] true for the concept [book] 
 A: True 
 In one word True/False, answer the following question Q: Is the property [they belong to the family alligatoridae] true for [Salamander]? 
 A:",False
they belong to the family alligatoridae|Saw,"Q: Is the property [is female] true for the concept [book]? 
 A: False 
 Q: Is the property [can be digital] true for the concept [book] 
 A: True 
 In one word True/False, answer the following question Q: Is the property [they belong to the family alligatoridae] true for [Saw]? 
 A:",False
they belong to the family alligatoridae|Screwdriver,"Q: Is the property [is female] true for the concept [book]? 
 A: False 
 Q: Is the property [can be digital] true for the concept [book] 
 A: True 
 In one word True/False, answer the following question Q: Is the property [they belong to the family alligatoridae] true for [Screwdriver]? 
 A:",False
they belong to the family alligatoridae|Shovel,"Q: Is the property [is female] true for the concept [book]? 
 A: False 
 Q: Is the property [can be digital] true for the concept [book] 
 A: True 
 In one word True/False, answer the following question Q: Is the property [they belong to the family alligatoridae] true for [Shovel]? 
 A:",False
they belong to the family alligatoridae|Snake,"Q: Is the property [is female] true for the concept [book]? 
 A: False 
 Q: Is the property [can be digital] true for the concept [book] 
 A: True 
 In one word True/False, answer the following question Q: Is the property [they belong to the family alligatoridae] true for [Snake]? 
 A:",False
they belong to the family alligatoridae|Spanner,"Q: Is the property [is female] true for the concept [book]? 
 A: False 
 Q: Is the property [can be digital] true for the concept [book] 
 A: True 
 In one word True/False, answer the following question Q: Is the property [they belong to the family alligatoridae] true for [Spanner]? 
 A:",False
they belong to the family alligatoridae|Toad,"Q: Is the property [is female] true for the concept [book]? 
 A: False 
 Q: Is the property [can be digital] true for the concept [book] 
 A: True 
 In one word True/False, answer the following question Q: Is the property [they belong to the family alligatoridae] true for [Toad]? 
 A:",False
they belong to the family alligatoridae|Tortoise,"Q: Is the property [is female] true for the concept [book]? 
 A: False 
 Q: Is the property [can be digital] true for the concept [book] 
 A: True 
 In one word True/False, answer the following question Q: Is the property [they belong to the family alligatoridae] true for [Tortoise]? 
 A:",False
they belong to the family alligatoridae|Turtle,"Q: Is the property [is female] true for the concept [book]? 
 A: False 
 Q: Is the property [can be digital] true for the concept [book] 
 A: True 
 In one word True/False, answer the following question Q: Is the property [they belong to the family alligatoridae] true for [Turtle]? 
 A:",False
they belong to the family alligatoridae|Vacuum,"Q: Is the property [is female] true for the concept [book]? 
 A: False 
 Q: Is the property [can be digital] true for the concept [book] 
 A: True 
 In one word True/False, answer the following question Q: Is the property [they belong to the family alligatoridae] true for [Vacuum]? 
 A:",False
"they have a strong, muscular tail for swimming|Alligator","Q: Is the property [is female] true for the concept [book]? 
 A: False 
 Q: Is the property [can be digital] true for the concept [book] 
 A: True 
 In one word True/False, answer the following question Q: Is the property [they have a strong, muscular tail for swimming] true for [Alligator]? 
 A:",True
"they have a strong, muscular tail for swimming|Anvil","Q: Is the property [is female] true for the concept [book]? 
 A: False 
 Q: Is the property [can be digital] true for the concept [book] 
 A: True 
 In one word True/False, answer the following question Q: Is the property [they have a strong, muscular tail for swimming] true for [Anvil]? 
 A:",False
"they have a strong, muscular tail for swimming|Axe","Q: Is the property [is female] true for the concept [book]? 
 A: False 
 Q: Is the property [can be digital] true for the concept [book] 
 A: True 
 In one word True/False, answer the following question Q: Is the property [they have a strong, muscular tail for swimming] true for [Axe]? 
 A:",False
"they have a strong, muscular tail for swimming|Blindworm","Q: Is the property [is female] true for the concept [book]? 
 A: False 
 Q: Is the property [can be digital] true for the concept [book] 
 A: True 
 In one word True/False, answer the following question Q: Is the property [they have a strong, muscular tail for swimming] true for [Blindworm]? 
 A:",False
"they have a strong, muscular tail for swimming|Boa python","Q: Is the property [is female] true for the concept [book]? 
 A: False 
 Q: Is the property [can be digital] true for the concept [book] 
 A: True 
 In one word True/False, answer the following question Q: Is the property [they have a strong, muscular tail for swimming] true for [Boa python]? 
 A:",False
"they have a strong, muscular tail for swimming|Caiman","Q: Is the property [is female] true for the concept [book]? 
 A: False 
 Q: Is the property [can be digital] true for the concept [book] 
 A: True 
 In one word True/False, answer the following question Q: Is the property [they have a strong, muscular tail for swimming] true for [Caiman]? 
 A:",False
"they have a strong, muscular tail for swimming|Chameleon","Q: Is the property [is female] true for the concept [book]? 
 A: False 
 Q: Is the property [can be digital] true for the concept [book] 
 A: True 
 In one word True/False, answer the following question Q: Is the property [they have a strong, muscular tail for swimming] true for [Chameleon]? 
 A:",False
"they have a strong, muscular tail for swimming|Chisel","Q: Is the property [is female] true for the concept [book]? 
 A: False 
 Q: Is the property [can be digital] true for the concept [book] 
 A: True 
 In one word True/False, answer the following question Q: Is the property [they have a strong, muscular tail for swimming] true for [Chisel]? 
 A:",False
"they have a strong, muscular tail for swimming|Cobra","Q: Is the property [is female] true for the concept [book]? 
 A: False 
 Q: Is the property [can be digital] true for the concept [book] 
 A: True 
 In one word True/False, answer the following question Q: Is the property [they have a strong, muscular tail for swimming] true for [Cobra]? 
 A:",False
"they have a strong, muscular tail for swimming|Crocodile","Q: Is the property [is female] true for the concept [book]? 
 A: False 
 Q: Is the property [can be digital] true for the concept [book] 
 A: True 
 In one word True/False, answer the following question Q: Is the property [they have a strong, muscular tail for swimming] true for [Crocodile]? 
 A:",True
"they have a strong, muscular tail for swimming|Dinosaur","Q: Is the property [is female] true for the concept [book]? 
 A: False 
 Q: Is the property [can be digital] true for the concept [book] 
 A: True 
 In one word True/False, answer the following question Q: Is the property [they have a strong, muscular tail for swimming] true for [Dinosaur]? 
 A:",True
"they have a strong, muscular tail for swimming|Gecko","Q: Is the property [is female] true for the concept [book]? 
 A: False 
 Q: Is the property [can be digital] true for the concept [book] 
 A: True 
 In one word True/False, answer the following question Q: Is the property [they have a strong, muscular tail for swimming] true for [Gecko]? 
 A:",False
"they have a strong, muscular tail for swimming|Grinding disk","Q: Is the property [is female] true for the concept [book]? 
 A: False 
 Q: Is the property [can be digital] true for the concept [book] 
 A: True 
 In one word True/False, answer the following question Q: Is the property [they have a strong, muscular tail for swimming] true for [Grinding disk]? 
 A:",False
"they have a strong, muscular tail for swimming|Hammer","Q: Is the property [is female] true for the concept [book]? 
 A: False 
 Q: Is the property [can be digital] true for the concept [book] 
 A: True 
 In one word True/False, answer the following question Q: Is the property [they have a strong, muscular tail for swimming] true for [Hammer]? 
 A:",False
"they have a strong, muscular tail for swimming|Knife","Q: Is the property [is female] true for the concept [book]? 
 A: False 
 Q: Is the property [can be digital] true for the concept [book] 
 A: True 
 In one word True/False, answer the following question Q: Is the property [they have a strong, muscular tail for swimming] true for [Knife]? 
 A:",False
"they have a strong, muscular tail for swimming|Lawn Mower","Q: Is the property [is female] true for the concept [book]? 
 A: False 
 Q: Is the property [can be digital] true for the concept [book] 
 A: True 
 In one word True/False, answer the following question Q: Is the property [they have a strong, muscular tail for swimming] true for [Lawn Mower]? 
 A:",False
"they have a strong, muscular tail for swimming|Lizard","Q: Is the property [is female] true for the concept [book]? 
 A: False 
 Q: Is the property [can be digital] true for the concept [book] 
 A: True 
 In one word True/False, answer the following question Q: Is the property [they have a strong, muscular tail for swimming] true for [Lizard]? 
 A:",True
"they have a strong, muscular tail for swimming|Nail","Q: Is the property [is female] true for the concept [book]? 
 A: False 
 Q: Is the property [can be digital] true for the concept [book] 
 A: True 
 In one word True/False, answer the following question Q: Is the property [they have a strong, muscular tail for swimming] true for [Nail]? 
 A:",False
"they have a strong, muscular tail for swimming|Oil can","Q: Is the property [is female] true for the concept [book]? 
 A: False 
 Q: Is the property [can be digital] true for the concept [book] 
 A: True 
 In one word True/False, answer the following question Q: Is the property [they have a strong, muscular tail for swimming] true for [Oil can]? 
 A:",False
"they have a strong, muscular tail for swimming|Paint brush","Q: Is the property [is female] true for the concept [book]? 
 A: False 
 Q: Is the property [can be digital] true for the concept [book] 
 A: True 
 In one word True/False, answer the following question Q: Is the property [they have a strong, muscular tail for swimming] true for [Paint brush]? 
 A:",False
"they have a strong, muscular tail for swimming|Salamander","Q: Is the property [is female] true for the concept [book]? 
 A: False 
 Q: Is the property [can be digital] true for the concept [book] 
 A: True 
 In one word True/False, answer the following question Q: Is the property [they have a strong, muscular tail for swimming] true for [Salamander]? 
 A:",False
"they have a strong, muscular tail for swimming|Saw","Q: Is the property [is female] true for the concept [book]? 
 A: False 
 Q: Is the property [can be digital] true for the concept [book] 
 A: True 
 In one word True/False, answer the following question Q: Is the property [they have a strong, muscular tail for swimming] true for [Saw]? 
 A:",False
"they have a strong, muscular tail for swimming|Screwdriver","Q: Is the property [is female] true for the concept [book]? 
 A: False 
 Q: Is the property [can be digital] true for the concept [book] 
 A: True 
 In one word True/False, answer the following question Q: Is the property [they have a strong, muscular tail for swimming] true for [Screwdriver]? 
 A:",False
"they have a strong, muscular tail for swimming|Shovel","Q: Is the property [is female] true for the concept [book]? 
 A: False 
 Q: Is the property [can be digital] true for the concept [book] 
 A: True 
 In one word True/False, answer the following question Q: Is the property [they have a strong, muscular tail for swimming] true for [Shovel]? 
 A:",False
"they have a strong, muscular tail for swimming|Snake","Q: Is the property [is female] true for the concept [book]? 
 A: False 
 Q: Is the property [can be digital] true for the concept [book] 
 A: True 
 In one word True/False, answer the following question Q: Is the property [they have a strong, muscular tail for swimming] true for [Snake]? 
 A:",True
"they have a strong, muscular tail for swimming|Spanner","Q: Is the property [is female] true for the concept [book]? 
 A: False 
 Q: Is the property [can be digital] true for the concept [book] 
 A: True 
 In one word True/False, answer the following question Q: Is the property [they have a strong, muscular tail for swimming] true for [Spanner]? 
 A:",False
"they have a strong, muscular tail for swimming|Toad","Q: Is the property [is female] true for the concept [book]? 
 A: False 
 Q: Is the property [can be digital] true for the concept [book] 
 A: True 
 In one word True/False, answer the following question Q: Is the property [they have a strong, muscular tail for swimming] true for [Toad]? 
 A:",False
"they have a strong, muscular tail for swimming|Tortoise","Q: Is the property [is female] true for the concept [book]? 
 A: False 
 Q: Is the property [can be digital] true for the concept [book] 
 A: True 
 In one word True/False, answer the following question Q: Is the property [they have a strong, muscular tail for swimming] true for [Tortoise]? 
 A:",False
"they have a strong, muscular tail for swimming|Turtle","Q: Is the property [is female] true for the concept [book]? 
 A: False 
 Q: Is the property [can be digital] true for the concept [book] 
 A: True 
 In one word True/False, answer the following question Q: Is the property [they have a strong, muscular tail for swimming] true for [Turtle]? 
 A:",True
"they have a strong, muscular tail for swimming|Vacuum","Q: Is the property [is female] true for the concept [book]? 
 A: False 
 Q: Is the property [can be digital] true for the concept [book] 
 A: True 
 In one word True/False, answer the following question Q: Is the property [they have a strong, muscular tail for swimming] true for [Vacuum]? 
 A:",False
thickness|Alligator,"Q: Is the property [is female] true for the concept [book]? 
 A: False 
 Q: Is the property [can be digital] true for the concept [book] 
 A: True 
 In one word True/False, answer the following question Q: Is the property [thickness] true for [Alligator]? 
 A:",False
thickness|Anvil,"Q: Is the property [is female] true for the concept [book]? 
 A: False 
 Q: Is the property [can be digital] true for the concept [book] 
 A: True 
 In one word True/False, answer the following question Q: Is the property [thickness] true for [Anvil]? 
 A:",False
thickness|Axe,"Q: Is the property [is female] true for the concept [book]? 
 A: False 
 Q: Is the property [can be digital] true for the concept [book] 
 A: True 
 In one word True/False, answer the following question Q: Is the property [thickness] true for [Axe]? 
 A:",False
thickness|Blindworm,"Q: Is the property [is female] true for the concept [book]? 
 A: False 
 Q: Is the property [can be digital] true for the concept [book] 
 A: True 
 In one word True/False, answer the following question Q: Is the property [thickness] true for [Blindworm]? 
 A:",False
thickness|Boa python,"Q: Is the property [is female] true for the concept [book]? 
 A: False 
 Q: Is the property [can be digital] true for the concept [book] 
 A: True 
 In one word True/False, answer the following question Q: Is the property [thickness] true for [Boa python]? 
 A:",True
thickness|Caiman,"Q: Is the property [is female] true for the concept [book]? 
 A: False 
 Q: Is the property [can be digital] true for the concept [book] 
 A: True 
 In one word True/False, answer the following question Q: Is the property [thickness] true for [Caiman]? 
 A:",False
thickness|Chameleon,"Q: Is the property [is female] true for the concept [book]? 
 A: False 
 Q: Is the property [can be digital] true for the concept [book] 
 A: True 
 In one word True/False, answer the following question Q: Is the property [thickness] true for [Chameleon]? 
 A:",False
thickness|Chisel,"Q: Is the property [is female] true for the concept [book]? 
 A: False 
 Q: Is the property [can be digital] true for the concept [book] 
 A: True 
 In one word True/False, answer the following question Q: Is the property [thickness] true for [Chisel]? 
 A:",False
thickness|Cobra,"Q: Is the property [is female] true for the concept [book]? 
 A: False 
 Q: Is the property [can be digital] true for the concept [book] 
 A: True 
 In one word True/False, answer the following question Q: Is the property [thickness] true for [Cobra]? 
 A:",False
thickness|Crocodile,"Q: Is the property [is female] true for the concept [book]? 
 A: False 
 Q: Is the property [can be digital] true for the concept [book] 
 A: True 
 In one word True/False, answer the following question Q: Is the property [thickness] true for [Crocodile]? 
 A:",False
thickness|Dinosaur,"Q: Is the property [is female] true for the concept [book]? 
 A: False 
 Q: Is the property [can be digital] true for the concept [book] 
 A: True 
 In one word True/False, answer the following question Q: Is the property [thickness] true for [Dinosaur]? 
 A:",False
thickness|Gecko,"Q: Is the property [is female] true for the concept [book]? 
 A: False 
 Q: Is the property [can be digital] true for the concept [book] 
 A: True 
 In one word True/False, answer the following question Q: Is the property [thickness] true for [Gecko]? 
 A:",False
thickness|Grinding disk,"Q: Is the property [is female] true for the concept [book]? 
 A: False 
 Q: Is the property [can be digital] true for the concept [book] 
 A: True 
 In one word True/False, answer the following question Q: Is the property [thickness] true for [Grinding disk]? 
 A:",True
thickness|Hammer,"Q: Is the property [is female] true for the concept [book]? 
 A: False 
 Q: Is the property [can be digital] true for the concept [book] 
 A: True 
 In one word True/False, answer the following question Q: Is the property [thickness] true for [Hammer]? 
 A:",False
thickness|Knife,"Q: Is the property [is female] true for the concept [book]? 
 A: False 
 Q: Is the property [can be digital] true for the concept [book] 
 A: True 
 In one word True/False, answer the following question Q: Is the property [thickness] true for [Knife]? 
 A:",True
thickness|Lawn Mower,"Q: Is the property [is female] true for the concept [book]? 
 A: False 
 Q: Is the property [can be digital] true for the concept [book] 
 A: True 
 In one word True/False, answer the following question Q: Is the property [thickness] true for [Lawn Mower]? 
 A:",False
thickness|Lizard,"Q: Is the property [is female] true for the concept [book]? 
 A: False 
 Q: Is the property [can be digital] true for the concept [book] 
 A: True 
 In one word True/False, answer the following question Q: Is the property [thickness] true for [Lizard]? 
 A:",False
thickness|Nail,"Q: Is the property [is female] true for the concept [book]? 
 A: False 
 Q: Is the property [can be digital] true for the concept [book] 
 A: True 
 In one word True/False, answer the following question Q: Is the property [thickness] true for [Nail]? 
 A:",True
thickness|Oil can,"Q: Is the property [is female] true for the concept [book]? 
 A: False 
 Q: Is the property [can be digital] true for the concept [book] 
 A: True 
 In one word True/False, answer the following question Q: Is the property [thickness] true for [Oil can]? 
 A:",True
thickness|Paint brush,"Q: Is the property [is female] true for the concept [book]? 
 A: False 
 Q: Is the property [can be digital] true for the concept [book] 
 A: True 
 In one word True/False, answer the following question Q: Is the property [thickness] true for [Paint brush]? 
 A:",True
thickness|Salamander,"Q: Is the property [is female] true for the concept [book]? 
 A: False 
 Q: Is the property [can be digital] true for the concept [book] 
 A: True 
 In one word True/False, answer the following question Q: Is the property [thickness] true for [Salamander]? 
 A:",False
thickness|Saw,"Q: Is the property [is female] true for the concept [book]? 
 A: False 
 Q: Is the property [can be digital] true for the concept [book] 
 A: True 
 In one word True/False, answer the following question Q: Is the property [thickness] true for [Saw]? 
 A:",False
thickness|Screwdriver,"Q: Is the property [is female] true for the concept [book]? 
 A: False 
 Q: Is the property [can be digital] true for the concept [book] 
 A: True 
 In one word True/False, answer the following question Q: Is the property [thickness] true for [Screwdriver]? 
 A:",False
thickness|Shovel,"Q: Is the property [is female] true for the concept [book]? 
 A: False 
 Q: Is the property [can be digital] true for the concept [book] 
 A: True 
 In one word True/False, answer the following question Q: Is the property [thickness] true for [Shovel]? 
 A:",False
thickness|Snake,"Q: Is the property [is female] true for the concept [book]? 
 A: False 
 Q: Is the property [can be digital] true for the concept [book] 
 A: True 
 In one word True/False, answer the following question Q: Is the property [thickness] true for [Snake]? 
 A:",False
thickness|Spanner,"Q: Is the property [is female] true for the concept [book]? 
 A: False 
 Q: Is the property [can be digital] true for the concept [book] 
 A: True 
 In one word True/False, answer the following question Q: Is the property [thickness] true for [Spanner]? 
 A:",False
thickness|Toad,"Q: Is the property [is female] true for the concept [book]? 
 A: False 
 Q: Is the property [can be digital] true for the concept [book] 
 A: True 
 In one word True/False, answer the following question Q: Is the property [thickness] true for [Toad]? 
 A:",False
thickness|Tortoise,"Q: Is the property [is female] true for the concept [book]? 
 A: False 
 Q: Is the property [can be digital] true for the concept [book] 
 A: True 
 In one word True/False, answer the following question Q: Is the property [thickness] true for [Tortoise]? 
 A:",True
thickness|Turtle,"Q: Is the property [is female] true for the concept [book]? 
 A: False 
 Q: Is the property [can be digital] true for the concept [book] 
 A: True 
 In one word True/False, answer the following question Q: Is the property [thickness] true for [Turtle]? 
 A:",False
thickness|Vacuum,"Q: Is the property [is female] true for the concept [book]? 
 A: False 
 Q: Is the property [can be digital] true for the concept [book] 
 A: True 
 In one word True/False, answer the following question Q: Is the property [thickness] true for [Vacuum]? 
 A:",False
typically made of metal or plastic|Alligator,"Q: Is the property [is female] true for the concept [book]? 
 A: False 
 Q: Is the property [can be digital] true for the concept [book] 
 A: True 
 In one word True/False, answer the following question Q: Is the property [typically made of metal or plastic] true for [Alligator]? 
 A:",True
typically made of metal or plastic|Anvil,"Q: Is the property [is female] true for the concept [book]? 
 A: False 
 Q: Is the property [can be digital] true for the concept [book] 
 A: True 
 In one word True/False, answer the following question Q: Is the property [typically made of metal or plastic] true for [Anvil]? 
 A:",True
typically made of metal or plastic|Axe,"Q: Is the property [is female] true for the concept [book]? 
 A: False 
 Q: Is the property [can be digital] true for the concept [book] 
 A: True 
 In one word True/False, answer the following question Q: Is the property [typically made of metal or plastic] true for [Axe]? 
 A:",True
typically made of metal or plastic|Blindworm,"Q: Is the property [is female] true for the concept [book]? 
 A: False 
 Q: Is the property [can be digital] true for the concept [book] 
 A: True 
 In one word True/False, answer the following question Q: Is the property [typically made of metal or plastic] true for [Blindworm]? 
 A:",False
typically made of metal or plastic|Boa python,"Q: Is the property [is female] true for the concept [book]? 
 A: False 
 Q: Is the property [can be digital] true for the concept [book] 
 A: True 
 In one word True/False, answer the following question Q: Is the property [typically made of metal or plastic] true for [Boa python]? 
 A:",False
typically made of metal or plastic|Caiman,"Q: Is the property [is female] true for the concept [book]? 
 A: False 
 Q: Is the property [can be digital] true for the concept [book] 
 A: True 
 In one word True/False, answer the following question Q: Is the property [typically made of metal or plastic] true for [Caiman]? 
 A:",False
typically made of metal or plastic|Chameleon,"Q: Is the property [is female] true for the concept [book]? 
 A: False 
 Q: Is the property [can be digital] true for the concept [book] 
 A: True 
 In one word True/False, answer the following question Q: Is the property [typically made of metal or plastic] true for [Chameleon]? 
 A:",False
typically made of metal or plastic|Chisel,"Q: Is the property [is female] true for the concept [book]? 
 A: False 
 Q: Is the property [can be digital] true for the concept [book] 
 A: True 
 In one word True/False, answer the following question Q: Is the property [typically made of metal or plastic] true for [Chisel]? 
 A:",True
typically made of metal or plastic|Cobra,"Q: Is the property [is female] true for the concept [book]? 
 A: False 
 Q: Is the property [can be digital] true for the concept [book] 
 A: True 
 In one word True/False, answer the following question Q: Is the property [typically made of metal or plastic] true for [Cobra]? 
 A:",False
typically made of metal or plastic|Crocodile,"Q: Is the property [is female] true for the concept [book]? 
 A: False 
 Q: Is the property [can be digital] true for the concept [book] 
 A: True 
 In one word True/False, answer the following question Q: Is the property [typically made of metal or plastic] true for [Crocodile]? 
 A:",False
typically made of metal or plastic|Dinosaur,"Q: Is the property [is female] true for the concept [book]? 
 A: False 
 Q: Is the property [can be digital] true for the concept [book] 
 A: True 
 In one word True/False, answer the following question Q: Is the property [typically made of metal or plastic] true for [Dinosaur]? 
 A:",False
typically made of metal or plastic|Gecko,"Q: Is the property [is female] true for the concept [book]? 
 A: False 
 Q: Is the property [can be digital] true for the concept [book] 
 A: True 
 In one word True/False, answer the following question Q: Is the property [typically made of metal or plastic] true for [Gecko]? 
 A:",False
typically made of metal or plastic|Grinding disk,"Q: Is the property [is female] true for the concept [book]? 
 A: False 
 Q: Is the property [can be digital] true for the concept [book] 
 A: True 
 In one word True/False, answer the following question Q: Is the property [typically made of metal or plastic] true for [Grinding disk]? 
 A:",True
typically made of metal or plastic|Hammer,"Q: Is the property [is female] true for the concept [book]? 
 A: False 
 Q: Is the property [can be digital] true for the concept [book] 
 A: True 
 In one word True/False, answer the following question Q: Is the property [typically made of metal or plastic] true for [Hammer]? 
 A:",True
typically made of metal or plastic|Knife,"Q: Is the property [is female] true for the concept [book]? 
 A: False 
 Q: Is the property [can be digital] true for the concept [book] 
 A: True 
 In one word True/False, answer the following question Q: Is the property [typically made of metal or plastic] true for [Knife]? 
 A:",True
typically made of metal or plastic|Lawn Mower,"Q: Is the property [is female] true for the concept [book]? 
 A: False 
 Q: Is the property [can be digital] true for the concept [book] 
 A: True 
 In one word True/False, answer the following question Q: Is the property [typically made of metal or plastic] true for [Lawn Mower]? 
 A:",True
typically made of metal or plastic|Lizard,"Q: Is the property [is female] true for the concept [book]? 
 A: False 
 Q: Is the property [can be digital] true for the concept [book] 
 A: True 
 In one word True/False, answer the following question Q: Is the property [typically made of metal or plastic] true for [Lizard]? 
 A:",False
typically made of metal or plastic|Nail,"Q: Is the property [is female] true for the concept [book]? 
 A: False 
 Q: Is the property [can be digital] true for the concept [book] 
 A: True 
 In one word True/False, answer the following question Q: Is the property [typically made of metal or plastic] true for [Nail]? 
 A:",True
typically made of metal or plastic|Oil can,"Q: Is the property [is female] true for the concept [book]? 
 A: False 
 Q: Is the property [can be digital] true for the concept [book] 
 A: True 
 In one word True/False, answer the following question Q: Is the property [typically made of metal or plastic] true for [Oil can]? 
 A:",True
typically made of metal or plastic|Paint brush,"Q: Is the property [is female] true for the concept [book]? 
 A: False 
 Q: Is the property [can be digital] true for the concept [book] 
 A: True 
 In one word True/False, answer the following question Q: Is the property [typically made of metal or plastic] true for [Paint brush]? 
 A:",True
typically made of metal or plastic|Salamander,"Q: Is the property [is female] true for the concept [book]? 
 A: False 
 Q: Is the property [can be digital] true for the concept [book] 
 A: True 
 In one word True/False, answer the following question Q: Is the property [typically made of metal or plastic] true for [Salamander]? 
 A:",False
typically made of metal or plastic|Saw,"Q: Is the property [is female] true for the concept [book]? 
 A: False 
 Q: Is the property [can be digital] true for the concept [book] 
 A: True 
 In one word True/False, answer the following question Q: Is the property [typically made of metal or plastic] true for [Saw]? 
 A:",True
typically made of metal or plastic|Screwdriver,"Q: Is the property [is female] true for the concept [book]? 
 A: False 
 Q: Is the property [can be digital] true for the concept [book] 
 A: True 
 In one word True/False, answer the following question Q: Is the property [typically made of metal or plastic] true for [Screwdriver]? 
 A:",True
typically made of metal or plastic|Shovel,"Q: Is the property [is female] true for the concept [book]? 
 A: False 
 Q: Is the property [can be digital] true for the concept [book] 
 A: True 
 In one word True/False, answer the following question Q: Is the property [typically made of metal or plastic] true for [Shovel]? 
 A:",True
typically made of metal or plastic|Snake,"Q: Is the property [is female] true for the concept [book]? 
 A: False 
 Q: Is the property [can be digital] true for the concept [book] 
 A: True 
 In one word True/False, answer the following question Q: Is the property [typically made of metal or plastic] true for [Snake]? 
 A:",False
typically made of metal or plastic|Spanner,"Q: Is the property [is female] true for the concept [book]? 
 A: False 
 Q: Is the property [can be digital] true for the concept [book] 
 A: True 
 In one word True/False, answer the following question Q: Is the property [typically made of metal or plastic] true for [Spanner]? 
 A:",True
typically made of metal or plastic|Toad,"Q: Is the property [is female] true for the concept [book]? 
 A: False 
 Q: Is the property [can be digital] true for the concept [book] 
 A: True 
 In one word True/False, answer the following question Q: Is the property [typically made of metal or plastic] true for [Toad]? 
 A:",False
typically made of metal or plastic|Tortoise,"Q: Is the property [is female] true for the concept [book]? 
 A: False 
 Q: Is the property [can be digital] true for the concept [book] 
 A: True 
 In one word True/False, answer the following question Q: Is the property [typically made of metal or plastic] true for [Tortoise]? 
 A:",False
typically made of metal or plastic|Turtle,"Q: Is the property [is female] true for the concept [book]? 
 A: False 
 Q: Is the property [can be digital] true for the concept [book] 
 A: True 
 In one word True/False, answer the following question Q: Is the property [typically made of metal or plastic] true for [Turtle]? 
 A:",True
typically made of metal or plastic|Vacuum,"Q: Is the property [is female] true for the concept [book]? 
 A: False 
 Q: Is the property [can be digital] true for the concept [book] 
 A: True 
 In one word True/False, answer the following question Q: Is the property [typically made of metal or plastic] true for [Vacuum]? 
 A:",True
variable colors and patterns|Alligator,"Q: Is the property [is female] true for the concept [book]? 
 A: False 
 Q: Is the property [can be digital] true for the concept [book] 
 A: True 
 In one word True/False, answer the following question Q: Is the property [variable colors and patterns] true for [Alligator]? 
 A:",True
variable colors and patterns|Anvil,"Q: Is the property [is female] true for the concept [book]? 
 A: False 
 Q: Is the property [can be digital] true for the concept [book] 
 A: True 
 In one word True/False, answer the following question Q: Is the property [variable colors and patterns] true for [Anvil]? 
 A:",False
variable colors and patterns|Axe,"Q: Is the property [is female] true for the concept [book]? 
 A: False 
 Q: Is the property [can be digital] true for the concept [book] 
 A: True 
 In one word True/False, answer the following question Q: Is the property [variable colors and patterns] true for [Axe]? 
 A:",False
variable colors and patterns|Blindworm,"Q: Is the property [is female] true for the concept [book]? 
 A: False 
 Q: Is the property [can be digital] true for the concept [book] 
 A: True 
 In one word True/False, answer the following question Q: Is the property [variable colors and patterns] true for [Blindworm]? 
 A:",False
variable colors and patterns|Boa python,"Q: Is the property [is female] true for the concept [book]? 
 A: False 
 Q: Is the property [can be digital] true for the concept [book] 
 A: True 
 In one word True/False, answer the following question Q: Is the property [variable colors and patterns] true for [Boa python]? 
 A:",True
variable colors and patterns|Caiman,"Q: Is the property [is female] true for the concept [book]? 
 A: False 
 Q: Is the property [can be digital] true for the concept [book] 
 A: True 
 In one word True/False, answer the following question Q: Is the property [variable colors and patterns] true for [Caiman]? 
 A:",True
variable colors and patterns|Chameleon,"Q: Is the property [is female] true for the concept [book]? 
 A: False 
 Q: Is the property [can be digital] true for the concept [book] 
 A: True 
 In one word True/False, answer the following question Q: Is the property [variable colors and patterns] true for [Chameleon]? 
 A:",True
variable colors and patterns|Chisel,"Q: Is the property [is female] true for the concept [book]? 
 A: False 
 Q: Is the property [can be digital] true for the concept [book] 
 A: True 
 In one word True/False, answer the following question Q: Is the property [variable colors and patterns] true for [Chisel]? 
 A:",False
variable colors and patterns|Cobra,"Q: Is the property [is female] true for the concept [book]? 
 A: False 
 Q: Is the property [can be digital] true for the concept [book] 
 A: True 
 In one word True/False, answer the following question Q: Is the property [variable colors and patterns] true for [Cobra]? 
 A:",True
variable colors and patterns|Crocodile,"Q: Is the property [is female] true for the concept [book]? 
 A: False 
 Q: Is the property [can be digital] true for the concept [book] 
 A: True 
 In one word True/False, answer the following question Q: Is the property [variable colors and patterns] true for [Crocodile]? 
 A:",True
variable colors and patterns|Dinosaur,"Q: Is the property [is female] true for the concept [book]? 
 A: False 
 Q: Is the property [can be digital] true for the concept [book] 
 A: True 
 In one word True/False, answer the following question Q: Is the property [variable colors and patterns] true for [Dinosaur]? 
 A:",False
variable colors and patterns|Gecko,"Q: Is the property [is female] true for the concept [book]? 
 A: False 
 Q: Is the property [can be digital] true for the concept [book] 
 A: True 
 In one word True/False, answer the following question Q: Is the property [variable colors and patterns] true for [Gecko]? 
 A:",True
variable colors and patterns|Grinding disk,"Q: Is the property [is female] true for the concept [book]? 
 A: False 
 Q: Is the property [can be digital] true for the concept [book] 
 A: True 
 In one word True/False, answer the following question Q: Is the property [variable colors and patterns] true for [Grinding disk]? 
 A:",True
variable colors and patterns|Hammer,"Q: Is the property [is female] true for the concept [book]? 
 A: False 
 Q: Is the property [can be digital] true for the concept [book] 
 A: True 
 In one word True/False, answer the following question Q: Is the property [variable colors and patterns] true for [Hammer]? 
 A:",False
variable colors and patterns|Knife,"Q: Is the property [is female] true for the concept [book]? 
 A: False 
 Q: Is the property [can be digital] true for the concept [book] 
 A: True 
 In one word True/False, answer the following question Q: Is the property [variable colors and patterns] true for [Knife]? 
 A:",False
variable colors and patterns|Lawn Mower,"Q: Is the property [is female] true for the concept [book]? 
 A: False 
 Q: Is the property [can be digital] true for the concept [book] 
 A: True 
 In one word True/False, answer the following question Q: Is the property [variable colors and patterns] true for [Lawn Mower]? 
 A:",False
variable colors and patterns|Lizard,"Q: Is the property [is female] true for the concept [book]? 
 A: False 
 Q: Is the property [can be digital] true for the concept [book] 
 A: True 
 In one word True/False, answer the following question Q: Is the property [variable colors and patterns] true for [Lizard]? 
 A:",True
variable colors and patterns|Nail,"Q: Is the property [is female] true for the concept [book]? 
 A: False 
 Q: Is the property [can be digital] true for the concept [book] 
 A: True 
 In one word True/False, answer the following question Q: Is the property [variable colors and patterns] true for [Nail]? 
 A:",True
variable colors and patterns|Oil can,"Q: Is the property [is female] true for the concept [book]? 
 A: False 
 Q: Is the property [can be digital] true for the concept [book] 
 A: True 
 In one word True/False, answer the following question Q: Is the property [variable colors and patterns] true for [Oil can]? 
 A:",False
variable colors and patterns|Paint brush,"Q: Is the property [is female] true for the concept [book]? 
 A: False 
 Q: Is the property [can be digital] true for the concept [book] 
 A: True 
 In one word True/False, answer the following question Q: Is the property [variable colors and patterns] true for [Paint brush]? 
 A:",True
variable colors and patterns|Salamander,"Q: Is the property [is female] true for the concept [book]? 
 A: False 
 Q: Is the property [can be digital] true for the concept [book] 
 A: True 
 In one word True/False, answer the following question Q: Is the property [variable colors and patterns] true for [Salamander]? 
 A:",True
variable colors and patterns|Saw,"Q: Is the property [is female] true for the concept [book]? 
 A: False 
 Q: Is the property [can be digital] true for the concept [book] 
 A: True 
 In one word True/False, answer the following question Q: Is the property [variable colors and patterns] true for [Saw]? 
 A:",False
variable colors and patterns|Screwdriver,"Q: Is the property [is female] true for the concept [book]? 
 A: False 
 Q: Is the property [can be digital] true for the concept [book] 
 A: True 
 In one word True/False, answer the following question Q: Is the property [variable colors and patterns] true for [Screwdriver]? 
 A:",False
variable colors and patterns|Shovel,"Q: Is the property [is female] true for the concept [book]? 
 A: False 
 Q: Is the property [can be digital] true for the concept [book] 
 A: True 
 In one word True/False, answer the following question Q: Is the property [variable colors and patterns] true for [Shovel]? 
 A:",False
variable colors and patterns|Snake,"Q: Is the property [is female] true for the concept [book]? 
 A: False 
 Q: Is the property [can be digital] true for the concept [book] 
 A: True 
 In one word True/False, answer the following question Q: Is the property [variable colors and patterns] true for [Snake]? 
 A:",True
variable colors and patterns|Spanner,"Q: Is the property [is female] true for the concept [book]? 
 A: False 
 Q: Is the property [can be digital] true for the concept [book] 
 A: True 
 In one word True/False, answer the following question Q: Is the property [variable colors and patterns] true for [Spanner]? 
 A:",False
variable colors and patterns|Toad,"Q: Is the property [is female] true for the concept [book]? 
 A: False 
 Q: Is the property [can be digital] true for the concept [book] 
 A: True 
 In one word True/False, answer the following question Q: Is the property [variable colors and patterns] true for [Toad]? 
 A:",True
variable colors and patterns|Tortoise,"Q: Is the property [is female] true for the concept [book]? 
 A: False 
 Q: Is the property [can be digital] true for the concept [book] 
 A: True 
 In one word True/False, answer the following question Q: Is the property [variable colors and patterns] true for [Tortoise]? 
 A:",True
variable colors and patterns|Turtle,"Q: Is the property [is female] true for the concept [book]? 
 A: False 
 Q: Is the property [can be digital] true for the concept [book] 
 A: True 
 In one word True/False, answer the following question Q: Is the property [variable colors and patterns] true for [Turtle]? 
 A:",True
variable colors and patterns|Vacuum,"Q: Is the property [is female] true for the concept [book]? 
 A: False 
 Q: Is the property [can be digital] true for the concept [book] 
 A: True 
 In one word True/False, answer the following question Q: Is the property [variable colors and patterns] true for [Vacuum]? 
 A:",False
viviparous|Alligator,"Q: Is the property [is female] true for the concept [book]? 
 A: False 
 Q: Is the property [can be digital] true for the concept [book] 
 A: True 
 In one word True/False, answer the following question Q: Is the property [viviparous] true for [Alligator]? 
 A:",True
viviparous|Anvil,"Q: Is the property [is female] true for the concept [book]? 
 A: False 
 Q: Is the property [can be digital] true for the concept [book] 
 A: True 
 In one word True/False, answer the following question Q: Is the property [viviparous] true for [Anvil]? 
 A:",False
viviparous|Axe,"Q: Is the property [is female] true for the concept [book]? 
 A: False 
 Q: Is the property [can be digital] true for the concept [book] 
 A: True 
 In one word True/False, answer the following question Q: Is the property [viviparous] true for [Axe]? 
 A:",False
viviparous|Blindworm,"Q: Is the property [is female] true for the concept [book]? 
 A: False 
 Q: Is the property [can be digital] true for the concept [book] 
 A: True 
 In one word True/False, answer the following question Q: Is the property [viviparous] true for [Blindworm]? 
 A:",False
viviparous|Boa python,"Q: Is the property [is female] true for the concept [book]? 
 A: False 
 Q: Is the property [can be digital] true for the concept [book] 
 A: True 
 In one word True/False, answer the following question Q: Is the property [viviparous] true for [Boa python]? 
 A:",False
viviparous|Caiman,"Q: Is the property [is female] true for the concept [book]? 
 A: False 
 Q: Is the property [can be digital] true for the concept [book] 
 A: True 
 In one word True/False, answer the following question Q: Is the property [viviparous] true for [Caiman]? 
 A:",True
viviparous|Chameleon,"Q: Is the property [is female] true for the concept [book]? 
 A: False 
 Q: Is the property [can be digital] true for the concept [book] 
 A: True 
 In one word True/False, answer the following question Q: Is the property [viviparous] true for [Chameleon]? 
 A:",False
viviparous|Chisel,"Q: Is the property [is female] true for the concept [book]? 
 A: False 
 Q: Is the property [can be digital] true for the concept [book] 
 A: True 
 In one word True/False, answer the following question Q: Is the property [viviparous] true for [Chisel]? 
 A:",False
viviparous|Cobra,"Q: Is the property [is female] true for the concept [book]? 
 A: False 
 Q: Is the property [can be digital] true for the concept [book] 
 A: True 
 In one word True/False, answer the following question Q: Is the property [viviparous] true for [Cobra]? 
 A:",False
viviparous|Crocodile,"Q: Is the property [is female] true for the concept [book]? 
 A: False 
 Q: Is the property [can be digital] true for the concept [book] 
 A: True 
 In one word True/False, answer the following question Q: Is the property [viviparous] true for [Crocodile]? 
 A:",True
viviparous|Dinosaur,"Q: Is the property [is female] true for the concept [book]? 
 A: False 
 Q: Is the property [can be digital] true for the concept [book] 
 A: True 
 In one word True/False, answer the following question Q: Is the property [viviparous] true for [Dinosaur]? 
 A:",False
viviparous|Gecko,"Q: Is the property [is female] true for the concept [book]? 
 A: False 
 Q: Is the property [can be digital] true for the concept [book] 
 A: True 
 In one word True/False, answer the following question Q: Is the property [viviparous] true for [Gecko]? 
 A:",False
viviparous|Grinding disk,"Q: Is the property [is female] true for the concept [book]? 
 A: False 
 Q: Is the property [can be digital] true for the concept [book] 
 A: True 
 In one word True/False, answer the following question Q: Is the property [viviparous] true for [Grinding disk]? 
 A:",False
viviparous|Hammer,"Q: Is the property [is female] true for the concept [book]? 
 A: False 
 Q: Is the property [can be digital] true for the concept [book] 
 A: True 
 In one word True/False, answer the following question Q: Is the property [viviparous] true for [Hammer]? 
 A:",False
viviparous|Knife,"Q: Is the property [is female] true for the concept [book]? 
 A: False 
 Q: Is the property [can be digital] true for the concept [book] 
 A: True 
 In one word True/False, answer the following question Q: Is the property [viviparous] true for [Knife]? 
 A:",False
viviparous|Lawn Mower,"Q: Is the property [is female] true for the concept [book]? 
 A: False 
 Q: Is the property [can be digital] true for the concept [book] 
 A: True 
 In one word True/False, answer the following question Q: Is the property [viviparous] true for [Lawn Mower]? 
 A:",False
viviparous|Lizard,"Q: Is the property [is female] true for the concept [book]? 
 A: False 
 Q: Is the property [can be digital] true for the concept [book] 
 A: True 
 In one word True/False, answer the following question Q: Is the property [viviparous] true for [Lizard]? 
 A:",False
viviparous|Nail,"Q: Is the property [is female] true for the concept [book]? 
 A: False 
 Q: Is the property [can be digital] true for the concept [book] 
 A: True 
 In one word True/False, answer the following question Q: Is the property [viviparous] true for [Nail]? 
 A:",False
viviparous|Oil can,"Q: Is the property [is female] true for the concept [book]? 
 A: False 
 Q: Is the property [can be digital] true for the concept [book] 
 A: True 
 In one word True/False, answer the following question Q: Is the property [viviparous] true for [Oil can]? 
 A:",False
viviparous|Paint brush,"Q: Is the property [is female] true for the concept [book]? 
 A: False 
 Q: Is the property [can be digital] true for the concept [book] 
 A: True 
 In one word True/False, answer the following question Q: Is the property [viviparous] true for [Paint brush]? 
 A:",False
viviparous|Salamander,"Q: Is the property [is female] true for the concept [book]? 
 A: False 
 Q: Is the property [can be digital] true for the concept [book] 
 A: True 
 In one word True/False, answer the following question Q: Is the property [viviparous] true for [Salamander]? 
 A:",False
viviparous|Saw,"Q: Is the property [is female] true for the concept [book]? 
 A: False 
 Q: Is the property [can be digital] true for the concept [book] 
 A: True 
 In one word True/False, answer the following question Q: Is the property [viviparous] true for [Saw]? 
 A:",False
viviparous|Screwdriver,"Q: Is the property [is female] true for the concept [book]? 
 A: False 
 Q: Is the property [can be digital] true for the concept [book] 
 A: True 
 In one word True/False, answer the following question Q: Is the property [viviparous] true for [Screwdriver]? 
 A:",False
viviparous|Shovel,"Q: Is the property [is female] true for the concept [book]? 
 A: False 
 Q: Is the property [can be digital] true for the concept [book] 
 A: True 
 In one word True/False, answer the following question Q: Is the property [viviparous] true for [Shovel]? 
 A:",False
viviparous|Snake,"Q: Is the property [is female] true for the concept [book]? 
 A: False 
 Q: Is the property [can be digital] true for the concept [book] 
 A: True 
 In one word True/False, answer the following question Q: Is the property [viviparous] true for [Snake]? 
 A:",False
viviparous|Spanner,"Q: Is the property [is female] true for the concept [book]? 
 A: False 
 Q: Is the property [can be digital] true for the concept [book] 
 A: True 
 In one word True/False, answer the following question Q: Is the property [viviparous] true for [Spanner]? 
 A:",False
viviparous|Toad,"Q: Is the property [is female] true for the concept [book]? 
 A: False 
 Q: Is the property [can be digital] true for the concept [book] 
 A: True 
 In one word True/False, answer the following question Q: Is the property [viviparous] true for [Toad]? 
 A:",True
viviparous|Tortoise,"Q: Is the property [is female] true for the concept [book]? 
 A: False 
 Q: Is the property [can be digital] true for the concept [book] 
 A: True 
 In one word True/False, answer the following question Q: Is the property [viviparous] true for [Tortoise]? 
 A:",False
viviparous|Turtle,"Q: Is the property [is female] true for the concept [book]? 
 A: False 
 Q: Is the property [can be digital] true for the concept [book] 
 A: True 
 In one word True/False, answer the following question Q: Is the property [viviparous] true for [Turtle]? 
 A:",False
viviparous|Vacuum,"Q: Is the property [is female] true for the concept [book]? 
 A: False 
 Q: Is the property [can be digital] true for the concept [book] 
 A: True 
 In one word True/False, answer the following question Q: Is the property [viviparous] true for [Vacuum]? 
 A:",False
viviparous (gives birth to live young)|Alligator,"Q: Is the property [is female] true for the concept [book]? 
 A: False 
 Q: Is the property [can be digital] true for the concept [book] 
 A: True 
 In one word True/False, answer the following question Q: Is the property [viviparous (gives birth to live young)] true for [Alligator]? 
 A:",True
viviparous (gives birth to live young)|Anvil,"Q: Is the property [is female] true for the concept [book]? 
 A: False 
 Q: Is the property [can be digital] true for the concept [book] 
 A: True 
 In one word True/False, answer the following question Q: Is the property [viviparous (gives birth to live young)] true for [Anvil]? 
 A:",False
viviparous (gives birth to live young)|Axe,"Q: Is the property [is female] true for the concept [book]? 
 A: False 
 Q: Is the property [can be digital] true for the concept [book] 
 A: True 
 In one word True/False, answer the following question Q: Is the property [viviparous (gives birth to live young)] true for [Axe]? 
 A:",False
viviparous (gives birth to live young)|Blindworm,"Q: Is the property [is female] true for the concept [book]? 
 A: False 
 Q: Is the property [can be digital] true for the concept [book] 
 A: True 
 In one word True/False, answer the following question Q: Is the property [viviparous (gives birth to live young)] true for [Blindworm]? 
 A:",False
viviparous (gives birth to live young)|Boa python,"Q: Is the property [is female] true for the concept [book]? 
 A: False 
 Q: Is the property [can be digital] true for the concept [book] 
 A: True 
 In one word True/False, answer the following question Q: Is the property [viviparous (gives birth to live young)] true for [Boa python]? 
 A:",False
viviparous (gives birth to live young)|Caiman,"Q: Is the property [is female] true for the concept [book]? 
 A: False 
 Q: Is the property [can be digital] true for the concept [book] 
 A: True 
 In one word True/False, answer the following question Q: Is the property [viviparous (gives birth to live young)] true for [Caiman]? 
 A:",True
viviparous (gives birth to live young)|Chameleon,"Q: Is the property [is female] true for the concept [book]? 
 A: False 
 Q: Is the property [can be digital] true for the concept [book] 
 A: True 
 In one word True/False, answer the following question Q: Is the property [viviparous (gives birth to live young)] true for [Chameleon]? 
 A:",False
viviparous (gives birth to live young)|Chisel,"Q: Is the property [is female] true for the concept [book]? 
 A: False 
 Q: Is the property [can be digital] true for the concept [book] 
 A: True 
 In one word True/False, answer the following question Q: Is the property [viviparous (gives birth to live young)] true for [Chisel]? 
 A:",False
viviparous (gives birth to live young)|Cobra,"Q: Is the property [is female] true for the concept [book]? 
 A: False 
 Q: Is the property [can be digital] true for the concept [book] 
 A: True 
 In one word True/False, answer the following question Q: Is the property [viviparous (gives birth to live young)] true for [Cobra]? 
 A:",False
viviparous (gives birth to live young)|Crocodile,"Q: Is the property [is female] true for the concept [book]? 
 A: False 
 Q: Is the property [can be digital] true for the concept [book] 
 A: True 
 In one word True/False, answer the following question Q: Is the property [viviparous (gives birth to live young)] true for [Crocodile]? 
 A:",True
viviparous (gives birth to live young)|Dinosaur,"Q: Is the property [is female] true for the concept [book]? 
 A: False 
 Q: Is the property [can be digital] true for the concept [book] 
 A: True 
 In one word True/False, answer the following question Q: Is the property [viviparous (gives birth to live young)] true for [Dinosaur]? 
 A:",False
viviparous (gives birth to live young)|Gecko,"Q: Is the property [is female] true for the concept [book]? 
 A: False 
 Q: Is the property [can be digital] true for the concept [book] 
 A: True 
 In one word True/False, answer the following question Q: Is the property [viviparous (gives birth to live young)] true for [Gecko]? 
 A:",True
viviparous (gives birth to live young)|Grinding disk,"Q: Is the property [is female] true for the concept [book]? 
 A: False 
 Q: Is the property [can be digital] true for the concept [book] 
 A: True 
 In one word True/False, answer the following question Q: Is the property [viviparous (gives birth to live young)] true for [Grinding disk]? 
 A:",False
viviparous (gives birth to live young)|Hammer,"Q: Is the property [is female] true for the concept [book]? 
 A: False 
 Q: Is the property [can be digital] true for the concept [book] 
 A: True 
 In one word True/False, answer the following question Q: Is the property [viviparous (gives birth to live young)] true for [Hammer]? 
 A:",False
viviparous (gives birth to live young)|Knife,"Q: Is the property [is female] true for the concept [book]? 
 A: False 
 Q: Is the property [can be digital] true for the concept [book] 
 A: True 
 In one word True/False, answer the following question Q: Is the property [viviparous (gives birth to live young)] true for [Knife]? 
 A:",False
viviparous (gives birth to live young)|Lawn Mower,"Q: Is the property [is female] true for the concept [book]? 
 A: False 
 Q: Is the property [can be digital] true for the concept [book] 
 A: True 
 In one word True/False, answer the following question Q: Is the property [viviparous (gives birth to live young)] true for [Lawn Mower]? 
 A:",False
viviparous (gives birth to live young)|Lizard,"Q: Is the property [is female] true for the concept [book]? 
 A: False 
 Q: Is the property [can be digital] true for the concept [book] 
 A: True 
 In one word True/False, answer the following question Q: Is the property [viviparous (gives birth to live young)] true for [Lizard]? 
 A:",True
viviparous (gives birth to live young)|Nail,"Q: Is the property [is female] true for the concept [book]? 
 A: False 
 Q: Is the property [can be digital] true for the concept [book] 
 A: True 
 In one word True/False, answer the following question Q: Is the property [viviparous (gives birth to live young)] true for [Nail]? 
 A:",False
viviparous (gives birth to live young)|Oil can,"Q: Is the property [is female] true for the concept [book]? 
 A: False 
 Q: Is the property [can be digital] true for the concept [book] 
 A: True 
 In one word True/False, answer the following question Q: Is the property [viviparous (gives birth to live young)] true for [Oil can]? 
 A:",False
viviparous (gives birth to live young)|Paint brush,"Q: Is the property [is female] true for the concept [book]? 
 A: False 
 Q: Is the property [can be digital] true for the concept [book] 
 A: True 
 In one word True/False, answer the following question Q: Is the property [viviparous (gives birth to live young)] true for [Paint brush]? 
 A:",False
viviparous (gives birth to live young)|Salamander,"Q: Is the property [is female] true for the concept [book]? 
 A: False 
 Q: Is the property [can be digital] true for the concept [book] 
 A: True 
 In one word True/False, answer the following question Q: Is the property [viviparous (gives birth to live young)] true for [Salamander]? 
 A:",True
viviparous (gives birth to live young)|Saw,"Q: Is the property [is female] true for the concept [book]? 
 A: False 
 Q: Is the property [can be digital] true for the concept [book] 
 A: True 
 In one word True/False, answer the following question Q: Is the property [viviparous (gives birth to live young)] true for [Saw]? 
 A:",False
viviparous (gives birth to live young)|Screwdriver,"Q: Is the property [is female] true for the concept [book]? 
 A: False 
 Q: Is the property [can be digital] true for the concept [book] 
 A: True 
 In one word True/False, answer the following question Q: Is the property [viviparous (gives birth to live young)] true for [Screwdriver]? 
 A:",False
viviparous (gives birth to live young)|Shovel,"Q: Is the property [is female] true for the concept [book]? 
 A: False 
 Q: Is the property [can be digital] true for the concept [book] 
 A: True 
 In one word True/False, answer the following question Q: Is the property [viviparous (gives birth to live young)] true for [Shovel]? 
 A:",False
viviparous (gives birth to live young)|Snake,"Q: Is the property [is female] true for the concept [book]? 
 A: False 
 Q: Is the property [can be digital] true for the concept [book] 
 A: True 
 In one word True/False, answer the following question Q: Is the property [viviparous (gives birth to live young)] true for [Snake]? 
 A:",False
viviparous (gives birth to live young)|Spanner,"Q: Is the property [is female] true for the concept [book]? 
 A: False 
 Q: Is the property [can be digital] true for the concept [book] 
 A: True 
 In one word True/False, answer the following question Q: Is the property [viviparous (gives birth to live young)] true for [Spanner]? 
 A:",False
viviparous (gives birth to live young)|Toad,"Q: Is the property [is female] true for the concept [book]? 
 A: False 
 Q: Is the property [can be digital] true for the concept [book] 
 A: True 
 In one word True/False, answer the following question Q: Is the property [viviparous (gives birth to live young)] true for [Toad]? 
 A:",True
viviparous (gives birth to live young)|Tortoise,"Q: Is the property [is female] true for the concept [book]? 
 A: False 
 Q: Is the property [can be digital] true for the concept [book] 
 A: True 
 In one word True/False, answer the following question Q: Is the property [viviparous (gives birth to live young)] true for [Tortoise]? 
 A:",False
viviparous (gives birth to live young)|Turtle,"Q: Is the property [is female] true for the concept [book]? 
 A: False 
 Q: Is the property [can be digital] true for the concept [book] 
 A: True 
 In one word True/False, answer the following question Q: Is the property [viviparous (gives birth to live young)] true for [Turtle]? 
 A:",False
viviparous (gives birth to live young)|Vacuum,"Q: Is the property [is female] true for the concept [book]? 
 A: False 
 Q: Is the property [can be digital] true for the concept [book] 
 A: True 
 In one word True/False, answer the following question Q: Is the property [viviparous (gives birth to live young)] true for [Vacuum]? 
 A:",False
webbed feet|Alligator,"Q: Is the property [is female] true for the concept [book]? 
 A: False 
 Q: Is the property [can be digital] true for the concept [book] 
 A: True 
 In one word True/False, answer the following question Q: Is the property [webbed feet] true for [Alligator]? 
 A:",True
webbed feet|Anvil,"Q: Is the property [is female] true for the concept [book]? 
 A: False 
 Q: Is the property [can be digital] true for the concept [book] 
 A: True 
 In one word True/False, answer the following question Q: Is the property [webbed feet] true for [Anvil]? 
 A:",False
webbed feet|Axe,"Q: Is the property [is female] true for the concept [book]? 
 A: False 
 Q: Is the property [can be digital] true for the concept [book] 
 A: True 
 In one word True/False, answer the following question Q: Is the property [webbed feet] true for [Axe]? 
 A:",False
webbed feet|Blindworm,"Q: Is the property [is female] true for the concept [book]? 
 A: False 
 Q: Is the property [can be digital] true for the concept [book] 
 A: True 
 In one word True/False, answer the following question Q: Is the property [webbed feet] true for [Blindworm]? 
 A:",False
webbed feet|Boa python,"Q: Is the property [is female] true for the concept [book]? 
 A: False 
 Q: Is the property [can be digital] true for the concept [book] 
 A: True 
 In one word True/False, answer the following question Q: Is the property [webbed feet] true for [Boa python]? 
 A:",False
webbed feet|Caiman,"Q: Is the property [is female] true for the concept [book]? 
 A: False 
 Q: Is the property [can be digital] true for the concept [book] 
 A: True 
 In one word True/False, answer the following question Q: Is the property [webbed feet] true for [Caiman]? 
 A:",False
webbed feet|Chameleon,"Q: Is the property [is female] true for the concept [book]? 
 A: False 
 Q: Is the property [can be digital] true for the concept [book] 
 A: True 
 In one word True/False, answer the following question Q: Is the property [webbed feet] true for [Chameleon]? 
 A:",False
webbed feet|Chisel,"Q: Is the property [is female] true for the concept [book]? 
 A: False 
 Q: Is the property [can be digital] true for the concept [book] 
 A: True 
 In one word True/False, answer the following question Q: Is the property [webbed feet] true for [Chisel]? 
 A:",False
webbed feet|Cobra,"Q: Is the property [is female] true for the concept [book]? 
 A: False 
 Q: Is the property [can be digital] true for the concept [book] 
 A: True 
 In one word True/False, answer the following question Q: Is the property [webbed feet] true for [Cobra]? 
 A:",False
webbed feet|Crocodile,"Q: Is the property [is female] true for the concept [book]? 
 A: False 
 Q: Is the property [can be digital] true for the concept [book] 
 A: True 
 In one word True/False, answer the following question Q: Is the property [webbed feet] true for [Crocodile]? 
 A:",True
webbed feet|Dinosaur,"Q: Is the property [is female] true for the concept [book]? 
 A: False 
 Q: Is the property [can be digital] true for the concept [book] 
 A: True 
 In one word True/False, answer the following question Q: Is the property [webbed feet] true for [Dinosaur]? 
 A:",False
webbed feet|Gecko,"Q: Is the property [is female] true for the concept [book]? 
 A: False 
 Q: Is the property [can be digital] true for the concept [book] 
 A: True 
 In one word True/False, answer the following question Q: Is the property [webbed feet] true for [Gecko]? 
 A:",True
webbed feet|Grinding disk,"Q: Is the property [is female] true for the concept [book]? 
 A: False 
 Q: Is the property [can be digital] true for the concept [book] 
 A: True 
 In one word True/False, answer the following question Q: Is the property [webbed feet] true for [Grinding disk]? 
 A:",False
webbed feet|Hammer,"Q: Is the property [is female] true for the concept [book]? 
 A: False 
 Q: Is the property [can be digital] true for the concept [book] 
 A: True 
 In one word True/False, answer the following question Q: Is the property [webbed feet] true for [Hammer]? 
 A:",False
webbed feet|Knife,"Q: Is the property [is female] true for the concept [book]? 
 A: False 
 Q: Is the property [can be digital] true for the concept [book] 
 A: True 
 In one word True/False, answer the following question Q: Is the property [webbed feet] true for [Knife]? 
 A:",False
webbed feet|Lawn Mower,"Q: Is the property [is female] true for the concept [book]? 
 A: False 
 Q: Is the property [can be digital] true for the concept [book] 
 A: True 
 In one word True/False, answer the following question Q: Is the property [webbed feet] true for [Lawn Mower]? 
 A:",False
webbed feet|Lizard,"Q: Is the property [is female] true for the concept [book]? 
 A: False 
 Q: Is the property [can be digital] true for the concept [book] 
 A: True 
 In one word True/False, answer the following question Q: Is the property [webbed feet] true for [Lizard]? 
 A:",False
webbed feet|Nail,"Q: Is the property [is female] true for the concept [book]? 
 A: False 
 Q: Is the property [can be digital] true for the concept [book] 
 A: True 
 In one word True/False, answer the following question Q: Is the property [webbed feet] true for [Nail]? 
 A:",False
webbed feet|Oil can,"Q: Is the property [is female] true for the concept [book]? 
 A: False 
 Q: Is the property [can be digital] true for the concept [book] 
 A: True 
 In one word True/False, answer the following question Q: Is the property [webbed feet] true for [Oil can]? 
 A:",False
webbed feet|Paint brush,"Q: Is the property [is female] true for the concept [book]? 
 A: False 
 Q: Is the property [can be digital] true for the concept [book] 
 A: True 
 In one word True/False, answer the following question Q: Is the property [webbed feet] true for [Paint brush]? 
 A:",False
webbed feet|Salamander,"Q: Is the property [is female] true for the concept [book]? 
 A: False 
 Q: Is the property [can be digital] true for the concept [book] 
 A: True 
 In one word True/False, answer the following question Q: Is the property [webbed feet] true for [Salamander]? 
 A:",True
webbed feet|Saw,"Q: Is the property [is female] true for the concept [book]? 
 A: False 
 Q: Is the property [can be digital] true for the concept [book] 
 A: True 
 In one word True/False, answer the following question Q: Is the property [webbed feet] true for [Saw]? 
 A:",False
webbed feet|Screwdriver,"Q: Is the property [is female] true for the concept [book]? 
 A: False 
 Q: Is the property [can be digital] true for the concept [book] 
 A: True 
 In one word True/False, answer the following question Q: Is the property [webbed feet] true for [Screwdriver]? 
 A:",False
webbed feet|Shovel,"Q: Is the property [is female] true for the concept [book]? 
 A: False 
 Q: Is the property [can be digital] true for the concept [book] 
 A: True 
 In one word True/False, answer the following question Q: Is the property [webbed feet] true for [Shovel]? 
 A:",False
webbed feet|Snake,"Q: Is the property [is female] true for the concept [book]? 
 A: False 
 Q: Is the property [can be digital] true for the concept [book] 
 A: True 
 In one word True/False, answer the following question Q: Is the property [webbed feet] true for [Snake]? 
 A:",False
webbed feet|Spanner,"Q: Is the property [is female] true for the concept [book]? 
 A: False 
 Q: Is the property [can be digital] true for the concept [book] 
 A: True 
 In one word True/False, answer the following question Q: Is the property [webbed feet] true for [Spanner]? 
 A:",False
webbed feet|Toad,"Q: Is the property [is female] true for the concept [book]? 
 A: False 
 Q: Is the property [can be digital] true for the concept [book] 
 A: True 
 In one word True/False, answer the following question Q: Is the property [webbed feet] true for [Toad]? 
 A:",True
webbed feet|Tortoise,"Q: Is the property [is female] true for the concept [book]? 
 A: False 
 Q: Is the property [can be digital] true for the concept [book] 
 A: True 
 In one word True/False, answer the following question Q: Is the property [webbed feet] true for [Tortoise]? 
 A:",False
webbed feet|Turtle,"Q: Is the property [is female] true for the concept [book]? 
 A: False 
 Q: Is the property [can be digital] true for the concept [book] 
 A: True 
 In one word True/False, answer the following question Q: Is the property [webbed feet] true for [Turtle]? 
 A:",True
webbed feet|Vacuum,"Q: Is the property [is female] true for the concept [book]? 
 A: False 
 Q: Is the property [can be digital] true for the concept [book] 
 A: True 
 In one word True/False, answer the following question Q: Is the property [webbed feet] true for [Vacuum]? 
 A:",False
weight|Alligator,"Q: Is the property [is female] true for the concept [book]? 
 A: False 
 Q: Is the property [can be digital] true for the concept [book] 
 A: True 
 In one word True/False, answer the following question Q: Is the property [weight] true for [Alligator]? 
 A:",True
weight|Anvil,"Q: Is the property [is female] true for the concept [book]? 
 A: False 
 Q: Is the property [can be digital] true for the concept [book] 
 A: True 
 In one word True/False, answer the following question Q: Is the property [weight] true for [Anvil]? 
 A:",True
weight|Axe,"Q: Is the property [is female] true for the concept [book]? 
 A: False 
 Q: Is the property [can be digital] true for the concept [book] 
 A: True 
 In one word True/False, answer the following question Q: Is the property [weight] true for [Axe]? 
 A:",True
weight|Blindworm,"Q: Is the property [is female] true for the concept [book]? 
 A: False 
 Q: Is the property [can be digital] true for the concept [book] 
 A: True 
 In one word True/False, answer the following question Q: Is the property [weight] true for [Blindworm]? 
 A:",False
weight|Boa python,"Q: Is the property [is female] true for the concept [book]? 
 A: False 
 Q: Is the property [can be digital] true for the concept [book] 
 A: True 
 In one word True/False, answer the following question Q: Is the property [weight] true for [Boa python]? 
 A:",True
weight|Caiman,"Q: Is the property [is female] true for the concept [book]? 
 A: False 
 Q: Is the property [can be digital] true for the concept [book] 
 A: True 
 In one word True/False, answer the following question Q: Is the property [weight] true for [Caiman]? 
 A:",True
weight|Chameleon,"Q: Is the property [is female] true for the concept [book]? 
 A: False 
 Q: Is the property [can be digital] true for the concept [book] 
 A: True 
 In one word True/False, answer the following question Q: Is the property [weight] true for [Chameleon]? 
 A:",True
weight|Chisel,"Q: Is the property [is female] true for the concept [book]? 
 A: False 
 Q: Is the property [can be digital] true for the concept [book] 
 A: True 
 In one word True/False, answer the following question Q: Is the property [weight] true for [Chisel]? 
 A:",True
weight|Cobra,"Q: Is the property [is female] true for the concept [book]? 
 A: False 
 Q: Is the property [can be digital] true for the concept [book] 
 A: True 
 In one word True/False, answer the following question Q: Is the property [weight] true for [Cobra]? 
 A:",False
weight|Crocodile,"Q: Is the property [is female] true for the concept [book]? 
 A: False 
 Q: Is the property [can be digital] true for the concept [book] 
 A: True 
 In one word True/False, answer the following question Q: Is the property [weight] true for [Crocodile]? 
 A:",True
weight|Dinosaur,"Q: Is the property [is female] true for the concept [book]? 
 A: False 
 Q: Is the property [can be digital] true for the concept [book] 
 A: True 
 In one word True/False, answer the following question Q: Is the property [weight] true for [Dinosaur]? 
 A:",True
weight|Gecko,"Q: Is the property [is female] true for the concept [book]? 
 A: False 
 Q: Is the property [can be digital] true for the concept [book] 
 A: True 
 In one word True/False, answer the following question Q: Is the property [weight] true for [Gecko]? 
 A:",True
weight|Grinding disk,"Q: Is the property [is female] true for the concept [book]? 
 A: False 
 Q: Is the property [can be digital] true for the concept [book] 
 A: True 
 In one word True/False, answer the following question Q: Is the property [weight] true for [Grinding disk]? 
 A:",True
weight|Hammer,"Q: Is the property [is female] true for the concept [book]? 
 A: False 
 Q: Is the property [can be digital] true for the concept [book] 
 A: True 
 In one word True/False, answer the following question Q: Is the property [weight] true for [Hammer]? 
 A:",True
weight|Knife,"Q: Is the property [is female] true for the concept [book]? 
 A: False 
 Q: Is the property [can be digital] true for the concept [book] 
 A: True 
 In one word True/False, answer the following question Q: Is the property [weight] true for [Knife]? 
 A:",True
weight|Lawn Mower,"Q: Is the property [is female] true for the concept [book]? 
 A: False 
 Q: Is the property [can be digital] true for the concept [book] 
 A: True 
 In one word True/False, answer the following question Q: Is the property [weight] true for [Lawn Mower]? 
 A:",True
weight|Lizard,"Q: Is the property [is female] true for the concept [book]? 
 A: False 
 Q: Is the property [can be digital] true for the concept [book] 
 A: True 
 In one word True/False, answer the following question Q: Is the property [weight] true for [Lizard]? 
 A:",False
weight|Nail,"Q: Is the property [is female] true for the concept [book]? 
 A: False 
 Q: Is the property [can be digital] true for the concept [book] 
 A: True 
 In one word True/False, answer the following question Q: Is the property [weight] true for [Nail]? 
 A:",False
weight|Oil can,"Q: Is the property [is female] true for the concept [book]? 
 A: False 
 Q: Is the property [can be digital] true for the concept [book] 
 A: True 
 In one word True/False, answer the following question Q: Is the property [weight] true for [Oil can]? 
 A:",True
weight|Paint brush,"Q: Is the property [is female] true for the concept [book]? 
 A: False 
 Q: Is the property [can be digital] true for the concept [book] 
 A: True 
 In one word True/False, answer the following question Q: Is the property [weight] true for [Paint brush]? 
 A:",True
weight|Salamander,"Q: Is the property [is female] true for the concept [book]? 
 A: False 
 Q: Is the property [can be digital] true for the concept [book] 
 A: True 
 In one word True/False, answer the following question Q: Is the property [weight] true for [Salamander]? 
 A:",True
weight|Saw,"Q: Is the property [is female] true for the concept [book]? 
 A: False 
 Q: Is the property [can be digital] true for the concept [book] 
 A: True 
 In one word True/False, answer the following question Q: Is the property [weight] true for [Saw]? 
 A:",False
weight|Screwdriver,"Q: Is the property [is female] true for the concept [book]? 
 A: False 
 Q: Is the property [can be digital] true for the concept [book] 
 A: True 
 In one word True/False, answer the following question Q: Is the property [weight] true for [Screwdriver]? 
 A:",True
weight|Shovel,"Q: Is the property [is female] true for the concept [book]? 
 A: False 
 Q: Is the property [can be digital] true for the concept [book] 
 A: True 
 In one word True/False, answer the following question Q: Is the property [weight] true for [Shovel]? 
 A:",True
weight|Snake,"Q: Is the property [is female] true for the concept [book]? 
 A: False 
 Q: Is the property [can be digital] true for the concept [book] 
 A: True 
 In one word True/False, answer the following question Q: Is the property [weight] true for [Snake]? 
 A:",True
weight|Spanner,"Q: Is the property [is female] true for the concept [book]? 
 A: False 
 Q: Is the property [can be digital] true for the concept [book] 
 A: True 
 In one word True/False, answer the following question Q: Is the property [weight] true for [Spanner]? 
 A:",True
weight|Toad,"Q: Is the property [is female] true for the concept [book]? 
 A: False 
 Q: Is the property [can be digital] true for the concept [book] 
 A: True 
 In one word True/False, answer the following question Q: Is the property [weight] true for [Toad]? 
 A:",True
weight|Tortoise,"Q: Is the property [is female] true for the concept [book]? 
 A: False 
 Q: Is the property [can be digital] true for the concept [book] 
 A: True 
 In one word True/False, answer the following question Q: Is the property [weight] true for [Tortoise]? 
 A:",True
weight|Turtle,"Q: Is the property [is female] true for the concept [book]? 
 A: False 
 Q: Is the property [can be digital] true for the concept [book] 
 A: True 
 In one word True/False, answer the following question Q: Is the property [weight] true for [Turtle]? 
 A:",True
weight|Vacuum,"Q: Is the property [is female] true for the concept [book]? 
 A: False 
 Q: Is the property [can be digital] true for the concept [book] 
 A: True 
 In one word True/False, answer the following question Q: Is the property [weight] true for [Vacuum]? 
 A:",False
width|Alligator,"Q: Is the property [is female] true for the concept [book]? 
 A: False 
 Q: Is the property [can be digital] true for the concept [book] 
 A: True 
 In one word True/False, answer the following question Q: Is the property [width] true for [Alligator]? 
 A:",False
width|Anvil,"Q: Is the property [is female] true for the concept [book]? 
 A: False 
 Q: Is the property [can be digital] true for the concept [book] 
 A: True 
 In one word True/False, answer the following question Q: Is the property [width] true for [Anvil]? 
 A:",True
width|Axe,"Q: Is the property [is female] true for the concept [book]? 
 A: False 
 Q: Is the property [can be digital] true for the concept [book] 
 A: True 
 In one word True/False, answer the following question Q: Is the property [width] true for [Axe]? 
 A:",False
width|Blindworm,"Q: Is the property [is female] true for the concept [book]? 
 A: False 
 Q: Is the property [can be digital] true for the concept [book] 
 A: True 
 In one word True/False, answer the following question Q: Is the property [width] true for [Blindworm]? 
 A:",False
width|Boa python,"Q: Is the property [is female] true for the concept [book]? 
 A: False 
 Q: Is the property [can be digital] true for the concept [book] 
 A: True 
 In one word True/False, answer the following question Q: Is the property [width] true for [Boa python]? 
 A:",False
width|Caiman,"Q: Is the property [is female] true for the concept [book]? 
 A: False 
 Q: Is the property [can be digital] true for the concept [book] 
 A: True 
 In one word True/False, answer the following question Q: Is the property [width] true for [Caiman]? 
 A:",True
width|Chameleon,"Q: Is the property [is female] true for the concept [book]? 
 A: False 
 Q: Is the property [can be digital] true for the concept [book] 
 A: True 
 In one word True/False, answer the following question Q: Is the property [width] true for [Chameleon]? 
 A:",False
width|Chisel,"Q: Is the property [is female] true for the concept [book]? 
 A: False 
 Q: Is the property [can be digital] true for the concept [book] 
 A: True 
 In one word True/False, answer the following question Q: Is the property [width] true for [Chisel]? 
 A:",True
width|Cobra,"Q: Is the property [is female] true for the concept [book]? 
 A: False 
 Q: Is the property [can be digital] true for the concept [book] 
 A: True 
 In one word True/False, answer the following question Q: Is the property [width] true for [Cobra]? 
 A:",False
width|Crocodile,"Q: Is the property [is female] true for the concept [book]? 
 A: False 
 Q: Is the property [can be digital] true for the concept [book] 
 A: True 
 In one word True/False, answer the following question Q: Is the property [width] true for [Crocodile]? 
 A:",True
width|Dinosaur,"Q: Is the property [is female] true for the concept [book]? 
 A: False 
 Q: Is the property [can be digital] true for the concept [book] 
 A: True 
 In one word True/False, answer the following question Q: Is the property [width] true for [Dinosaur]? 
 A:",False
width|Gecko,"Q: Is the property [is female] true for the concept [book]? 
 A: False 
 Q: Is the property [can be digital] true for the concept [book] 
 A: True 
 In one word True/False, answer the following question Q: Is the property [width] true for [Gecko]? 
 A:",False
width|Grinding disk,"Q: Is the property [is female] true for the concept [book]? 
 A: False 
 Q: Is the property [can be digital] true for the concept [book] 
 A: True 
 In one word True/False, answer the following question Q: Is the property [width] true for [Grinding disk]? 
 A:",True
width|Hammer,"Q: Is the property [is female] true for the concept [book]? 
 A: False 
 Q: Is the property [can be digital] true for the concept [book] 
 A: True 
 In one word True/False, answer the following question Q: Is the property [width] true for [Hammer]? 
 A:",True
width|Knife,"Q: Is the property [is female] true for the concept [book]? 
 A: False 
 Q: Is the property [can be digital] true for the concept [book] 
 A: True 
 In one word True/False, answer the following question Q: Is the property [width] true for [Knife]? 
 A:",True
width|Lawn Mower,"Q: Is the property [is female] true for the concept [book]? 
 A: False 
 Q: Is the property [can be digital] true for the concept [book] 
 A: True 
 In one word True/False, answer the following question Q: Is the property [width] true for [Lawn Mower]? 
 A:",True
width|Lizard,"Q: Is the property [is female] true for the concept [book]? 
 A: False 
 Q: Is the property [can be digital] true for the concept [book] 
 A: True 
 In one word True/False, answer the following question Q: Is the property [width] true for [Lizard]? 
 A:",False
width|Nail,"Q: Is the property [is female] true for the concept [book]? 
 A: False 
 Q: Is the property [can be digital] true for the concept [book] 
 A: True 
 In one word True/False, answer the following question Q: Is the property [width] true for [Nail]? 
 A:",False
width|Oil can,"Q: Is the property [is female] true for the concept [book]? 
 A: False 
 Q: Is the property [can be digital] true for the concept [book] 
 A: True 
 In one word True/False, answer the following question Q: Is the property [width] true for [Oil can]? 
 A:",True
width|Paint brush,"Q: Is the property [is female] true for the concept [book]? 
 A: False 
 Q: Is the property [can be digital] true for the concept [book] 
 A: True 
 In one word True/False, answer the following question Q: Is the property [width] true for [Paint brush]? 
 A:",True
width|Salamander,"Q: Is the property [is female] true for the concept [book]? 
 A: False 
 Q: Is the property [can be digital] true for the concept [book] 
 A: True 
 In one word True/False, answer the following question Q: Is the property [width] true for [Salamander]? 
 A:",False
width|Saw,"Q: Is the property [is female] true for the concept [book]? 
 A: False 
 Q: Is the property [can be digital] true for the concept [book] 
 A: True 
 In one word True/False, answer the following question Q: Is the property [width] true for [Saw]? 
 A:",False
width|Screwdriver,"Q: Is the property [is female] true for the concept [book]? 
 A: False 
 Q: Is the property [can be digital] true for the concept [book] 
 A: True 
 In one word True/False, answer the following question Q: Is the property [width] true for [Screwdriver]? 
 A:",True
width|Shovel,"Q: Is the property [is female] true for the concept [book]? 
 A: False 
 Q: Is the property [can be digital] true for the concept [book] 
 A: True 
 In one word True/False, answer the following question Q: Is the property [width] true for [Shovel]? 
 A:",True
width|Snake,"Q: Is the property [is female] true for the concept [book]? 
 A: False 
 Q: Is the property [can be digital] true for the concept [book] 
 A: True 
 In one word True/False, answer the following question Q: Is the property [width] true for [Snake]? 
 A:",False
width|Spanner,"Q: Is the property [is female] true for the concept [book]? 
 A: False 
 Q: Is the property [can be digital] true for the concept [book] 
 A: True 
 In one word True/False, answer the following question Q: Is the property [width] true for [Spanner]? 
 A:",True
width|Toad,"Q: Is the property [is female] true for the concept [book]? 
 A: False 
 Q: Is the property [can be digital] true for the concept [book] 
 A: True 
 In one word True/False, answer the following question Q: Is the property [width] true for [Toad]? 
 A:",False
width|Tortoise,"Q: Is the property [is female] true for the concept [book]? 
 A: False 
 Q: Is the property [can be digital] true for the concept [book] 
 A: True 
 In one word True/False, answer the following question Q: Is the property [width] true for [Tortoise]? 
 A:",True
width|Turtle,"Q: Is the property [is female] true for the concept [book]? 
 A: False 
 Q: Is the property [can be digital] true for the concept [book] 
 A: True 
 In one word True/False, answer the following question Q: Is the property [width] true for [Turtle]? 
 A:",True
width|Vacuum,"Q: Is the property [is female] true for the concept [book]? 
 A: False 
 Q: Is the property [can be digital] true for the concept [book] 
 A: True 
 In one word True/False, answer the following question Q: Is the property [width] true for [Vacuum]? 
 A:",False
