input,prompt,response
Alligator|Alligator,"Answer with only one number from 1 to 7, considering 1 as 'extremely dissimilar', 2 as 'very dissimilar', 3 as 'likely dissimilar', 4 as 'neutral', 5 as 'likely similar', 6 as 'very similar', and 7 as 'extremely similar': How semantically similar is Alligator and Alligator?",7
Alligator|Blindworm,"Answer with only one number from 1 to 7, considering 1 as 'extremely dissimilar', 2 as 'very dissimilar', 3 as 'likely dissimilar', 4 as 'neutral', 5 as 'likely similar', 6 as 'very similar', and 7 as 'extremely similar': How semantically similar is Alligator and Blindworm?",5
Alligator|Boapython,"Answer with only one number from 1 to 7, considering 1 as 'extremely dissimilar', 2 as 'very dissimilar', 3 as 'likely dissimilar', 4 as 'neutral', 5 as 'likely similar', 6 as 'very similar', and 7 as 'extremely similar': How semantically similar is Alligator and Boapython?",5
Alligator|Caiman,"Answer with only one number from 1 to 7, considering 1 as 'extremely dissimilar', 2 as 'very dissimilar', 3 as 'likely dissimilar', 4 as 'neutral', 5 as 'likely similar', 6 as 'very similar', and 7 as 'extremely similar': How semantically similar is Alligator and Caiman?",5
Alligator|Chameleon,"Answer with only one number from 1 to 7, considering 1 as 'extremely dissimilar', 2 as 'very dissimilar', 3 as 'likely dissimilar', 4 as 'neutral', 5 as 'likely similar', 6 as 'very similar', and 7 as 'extremely similar': How semantically similar is Alligator and Chameleon?",5
Alligator|Cobra,"Answer with only one number from 1 to 7, considering 1 as 'extremely dissimilar', 2 as 'very dissimilar', 3 as 'likely dissimilar', 4 as 'neutral', 5 as 'likely similar', 6 as 'very similar', and 7 as 'extremely similar': How semantically similar is Alligator and Cobra?",5
Alligator|Crocodile,"Answer with only one number from 1 to 7, considering 1 as 'extremely dissimilar', 2 as 'very dissimilar', 3 as 'likely dissimilar', 4 as 'neutral', 5 as 'likely similar', 6 as 'very similar', and 7 as 'extremely similar': How semantically similar is Alligator and Crocodile?",5
Alligator|Dinosaur,"Answer with only one number from 1 to 7, considering 1 as 'extremely dissimilar', 2 as 'very dissimilar', 3 as 'likely dissimilar', 4 as 'neutral', 5 as 'likely similar', 6 as 'very similar', and 7 as 'extremely similar': How semantically similar is Alligator and Dinosaur?",5
Alligator|Gecko,"Answer with only one number from 1 to 7, considering 1 as 'extremely dissimilar', 2 as 'very dissimilar', 3 as 'likely dissimilar', 4 as 'neutral', 5 as 'likely similar', 6 as 'very similar', and 7 as 'extremely similar': How semantically similar is Alligator and Gecko?",5
Alligator|Lizard,"Answer with only one number from 1 to 7, considering 1 as 'extremely dissimilar', 2 as 'very dissimilar', 3 as 'likely dissimilar', 4 as 'neutral', 5 as 'likely similar', 6 as 'very similar', and 7 as 'extremely similar': How semantically similar is Alligator and Lizard?",5
Alligator|Salamander,"Answer with only one number from 1 to 7, considering 1 as 'extremely dissimilar', 2 as 'very dissimilar', 3 as 'likely dissimilar', 4 as 'neutral', 5 as 'likely similar', 6 as 'very similar', and 7 as 'extremely similar': How semantically similar is Alligator and Salamander?",5
Alligator|Snake,"Answer with only one number from 1 to 7, considering 1 as 'extremely dissimilar', 2 as 'very dissimilar', 3 as 'likely dissimilar', 4 as 'neutral', 5 as 'likely similar', 6 as 'very similar', and 7 as 'extremely similar': How semantically similar is Alligator and Snake?",5
Alligator|Toad,"Answer with only one number from 1 to 7, considering 1 as 'extremely dissimilar', 2 as 'very dissimilar', 3 as 'likely dissimilar', 4 as 'neutral', 5 as 'likely similar', 6 as 'very similar', and 7 as 'extremely similar': How semantically similar is Alligator and Toad?",5
Alligator|Tortoise,"Answer with only one number from 1 to 7, considering 1 as 'extremely dissimilar', 2 as 'very dissimilar', 3 as 'likely dissimilar', 4 as 'neutral', 5 as 'likely similar', 6 as 'very similar', and 7 as 'extremely similar': How semantically similar is Alligator and Tortoise?",5
Alligator|Turtle,"Answer with only one number from 1 to 7, considering 1 as 'extremely dissimilar', 2 as 'very dissimilar', 3 as 'likely dissimilar', 4 as 'neutral', 5 as 'likely similar', 6 as 'very similar', and 7 as 'extremely similar': How semantically similar is Alligator and Turtle?",5
Alligator|Anvil,"Answer with only one number from 1 to 7, considering 1 as 'extremely dissimilar', 2 as 'very dissimilar', 3 as 'likely dissimilar', 4 as 'neutral', 5 as 'likely similar', 6 as 'very similar', and 7 as 'extremely similar': How semantically similar is Alligator and Anvil?",3
Alligator|Axe,"Answer with only one number from 1 to 7, considering 1 as 'extremely dissimilar', 2 as 'very dissimilar', 3 as 'likely dissimilar', 4 as 'neutral', 5 as 'likely similar', 6 as 'very similar', and 7 as 'extremely similar': How semantically similar is Alligator and Axe?",3
Alligator|Chisel,"Answer with only one number from 1 to 7, considering 1 as 'extremely dissimilar', 2 as 'very dissimilar', 3 as 'likely dissimilar', 4 as 'neutral', 5 as 'likely similar', 6 as 'very similar', and 7 as 'extremely similar': How semantically similar is Alligator and Chisel?",3
Alligator|Grindingdisk,"Answer with only one number from 1 to 7, considering 1 as 'extremely dissimilar', 2 as 'very dissimilar', 3 as 'likely dissimilar', 4 as 'neutral', 5 as 'likely similar', 6 as 'very similar', and 7 as 'extremely similar': How semantically similar is Alligator and Grindingdisk?",3
Alligator|Hammer,"Answer with only one number from 1 to 7, considering 1 as 'extremely dissimilar', 2 as 'very dissimilar', 3 as 'likely dissimilar', 4 as 'neutral', 5 as 'likely similar', 6 as 'very similar', and 7 as 'extremely similar': How semantically similar is Alligator and Hammer?",3
Alligator|Knife,"Answer with only one number from 1 to 7, considering 1 as 'extremely dissimilar', 2 as 'very dissimilar', 3 as 'likely dissimilar', 4 as 'neutral', 5 as 'likely similar', 6 as 'very similar', and 7 as 'extremely similar': How semantically similar is Alligator and Knife?",3
Alligator|LawnMower,"Answer with only one number from 1 to 7, considering 1 as 'extremely dissimilar', 2 as 'very dissimilar', 3 as 'likely dissimilar', 4 as 'neutral', 5 as 'likely similar', 6 as 'very similar', and 7 as 'extremely similar': How semantically similar is Alligator and LawnMower?",3
Alligator|Nail,"Answer with only one number from 1 to 7, considering 1 as 'extremely dissimilar', 2 as 'very dissimilar', 3 as 'likely dissimilar', 4 as 'neutral', 5 as 'likely similar', 6 as 'very similar', and 7 as 'extremely similar': How semantically similar is Alligator and Nail?",3
Alligator|Oilcan,"Answer with only one number from 1 to 7, considering 1 as 'extremely dissimilar', 2 as 'very dissimilar', 3 as 'likely dissimilar', 4 as 'neutral', 5 as 'likely similar', 6 as 'very similar', and 7 as 'extremely similar': How semantically similar is Alligator and Oilcan?",3
Alligator|Paintbrush,"Answer with only one number from 1 to 7, considering 1 as 'extremely dissimilar', 2 as 'very dissimilar', 3 as 'likely dissimilar', 4 as 'neutral', 5 as 'likely similar', 6 as 'very similar', and 7 as 'extremely similar': How semantically similar is Alligator and Paintbrush?",3
Alligator|Saw,"Answer with only one number from 1 to 7, considering 1 as 'extremely dissimilar', 2 as 'very dissimilar', 3 as 'likely dissimilar', 4 as 'neutral', 5 as 'likely similar', 6 as 'very similar', and 7 as 'extremely similar': How semantically similar is Alligator and Saw?",5
Alligator|Screwdriver,"Answer with only one number from 1 to 7, considering 1 as 'extremely dissimilar', 2 as 'very dissimilar', 3 as 'likely dissimilar', 4 as 'neutral', 5 as 'likely similar', 6 as 'very similar', and 7 as 'extremely similar': How semantically similar is Alligator and Screwdriver?",3
Alligator|Shovel,"Answer with only one number from 1 to 7, considering 1 as 'extremely dissimilar', 2 as 'very dissimilar', 3 as 'likely dissimilar', 4 as 'neutral', 5 as 'likely similar', 6 as 'very similar', and 7 as 'extremely similar': How semantically similar is Alligator and Shovel?",3
Alligator|Spanner,"Answer with only one number from 1 to 7, considering 1 as 'extremely dissimilar', 2 as 'very dissimilar', 3 as 'likely dissimilar', 4 as 'neutral', 5 as 'likely similar', 6 as 'very similar', and 7 as 'extremely similar': How semantically similar is Alligator and Spanner?",3
Alligator|Vacuum,"Answer with only one number from 1 to 7, considering 1 as 'extremely dissimilar', 2 as 'very dissimilar', 3 as 'likely dissimilar', 4 as 'neutral', 5 as 'likely similar', 6 as 'very similar', and 7 as 'extremely similar': How semantically similar is Alligator and Vacuum?",3
Blindworm|Alligator,"Answer with only one number from 1 to 7, considering 1 as 'extremely dissimilar', 2 as 'very dissimilar', 3 as 'likely dissimilar', 4 as 'neutral', 5 as 'likely similar', 6 as 'very similar', and 7 as 'extremely similar': How semantically similar is Blindworm and Alligator?",5
Blindworm|Blindworm,"Answer with only one number from 1 to 7, considering 1 as 'extremely dissimilar', 2 as 'very dissimilar', 3 as 'likely dissimilar', 4 as 'neutral', 5 as 'likely similar', 6 as 'very similar', and 7 as 'extremely similar': How semantically similar is Blindworm and Blindworm?",7
Blindworm|Boapython,"Answer with only one number from 1 to 7, considering 1 as 'extremely dissimilar', 2 as 'very dissimilar', 3 as 'likely dissimilar', 4 as 'neutral', 5 as 'likely similar', 6 as 'very similar', and 7 as 'extremely similar': How semantically similar is Blindworm and Boapython?",5
Blindworm|Caiman,"Answer with only one number from 1 to 7, considering 1 as 'extremely dissimilar', 2 as 'very dissimilar', 3 as 'likely dissimilar', 4 as 'neutral', 5 as 'likely similar', 6 as 'very similar', and 7 as 'extremely similar': How semantically similar is Blindworm and Caiman?",5
Blindworm|Chameleon,"Answer with only one number from 1 to 7, considering 1 as 'extremely dissimilar', 2 as 'very dissimilar', 3 as 'likely dissimilar', 4 as 'neutral', 5 as 'likely similar', 6 as 'very similar', and 7 as 'extremely similar': How semantically similar is Blindworm and Chameleon?",5
Blindworm|Cobra,"Answer with only one number from 1 to 7, considering 1 as 'extremely dissimilar', 2 as 'very dissimilar', 3 as 'likely dissimilar', 4 as 'neutral', 5 as 'likely similar', 6 as 'very similar', and 7 as 'extremely similar': How semantically similar is Blindworm and Cobra?",5
Blindworm|Crocodile,"Answer with only one number from 1 to 7, considering 1 as 'extremely dissimilar', 2 as 'very dissimilar', 3 as 'likely dissimilar', 4 as 'neutral', 5 as 'likely similar', 6 as 'very similar', and 7 as 'extremely similar': How semantically similar is Blindworm and Crocodile?",5
Blindworm|Dinosaur,"Answer with only one number from 1 to 7, considering 1 as 'extremely dissimilar', 2 as 'very dissimilar', 3 as 'likely dissimilar', 4 as 'neutral', 5 as 'likely similar', 6 as 'very similar', and 7 as 'extremely similar': How semantically similar is Blindworm and Dinosaur?",5
Blindworm|Gecko,"Answer with only one number from 1 to 7, considering 1 as 'extremely dissimilar', 2 as 'very dissimilar', 3 as 'likely dissimilar', 4 as 'neutral', 5 as 'likely similar', 6 as 'very similar', and 7 as 'extremely similar': How semantically similar is Blindworm and Gecko?",5
Blindworm|Lizard,"Answer with only one number from 1 to 7, considering 1 as 'extremely dissimilar', 2 as 'very dissimilar', 3 as 'likely dissimilar', 4 as 'neutral', 5 as 'likely similar', 6 as 'very similar', and 7 as 'extremely similar': How semantically similar is Blindworm and Lizard?",5
Blindworm|Salamander,"Answer with only one number from 1 to 7, considering 1 as 'extremely dissimilar', 2 as 'very dissimilar', 3 as 'likely dissimilar', 4 as 'neutral', 5 as 'likely similar', 6 as 'very similar', and 7 as 'extremely similar': How semantically similar is Blindworm and Salamander?",5
Blindworm|Snake,"Answer with only one number from 1 to 7, considering 1 as 'extremely dissimilar', 2 as 'very dissimilar', 3 as 'likely dissimilar', 4 as 'neutral', 5 as 'likely similar', 6 as 'very similar', and 7 as 'extremely similar': How semantically similar is Blindworm and Snake?",5
Blindworm|Toad,"Answer with only one number from 1 to 7, considering 1 as 'extremely dissimilar', 2 as 'very dissimilar', 3 as 'likely dissimilar', 4 as 'neutral', 5 as 'likely similar', 6 as 'very similar', and 7 as 'extremely similar': How semantically similar is Blindworm and Toad?",5
Blindworm|Tortoise,"Answer with only one number from 1 to 7, considering 1 as 'extremely dissimilar', 2 as 'very dissimilar', 3 as 'likely dissimilar', 4 as 'neutral', 5 as 'likely similar', 6 as 'very similar', and 7 as 'extremely similar': How semantically similar is Blindworm and Tortoise?",5
Blindworm|Turtle,"Answer with only one number from 1 to 7, considering 1 as 'extremely dissimilar', 2 as 'very dissimilar', 3 as 'likely dissimilar', 4 as 'neutral', 5 as 'likely similar', 6 as 'very similar', and 7 as 'extremely similar': How semantically similar is Blindworm and Turtle?",5
Blindworm|Anvil,"Answer with only one number from 1 to 7, considering 1 as 'extremely dissimilar', 2 as 'very dissimilar', 3 as 'likely dissimilar', 4 as 'neutral', 5 as 'likely similar', 6 as 'very similar', and 7 as 'extremely similar': How semantically similar is Blindworm and Anvil?",5
Blindworm|Axe,"Answer with only one number from 1 to 7, considering 1 as 'extremely dissimilar', 2 as 'very dissimilar', 3 as 'likely dissimilar', 4 as 'neutral', 5 as 'likely similar', 6 as 'very similar', and 7 as 'extremely similar': How semantically similar is Blindworm and Axe?",3
Blindworm|Chisel,"Answer with only one number from 1 to 7, considering 1 as 'extremely dissimilar', 2 as 'very dissimilar', 3 as 'likely dissimilar', 4 as 'neutral', 5 as 'likely similar', 6 as 'very similar', and 7 as 'extremely similar': How semantically similar is Blindworm and Chisel?",5
Blindworm|Grindingdisk,"Answer with only one number from 1 to 7, considering 1 as 'extremely dissimilar', 2 as 'very dissimilar', 3 as 'likely dissimilar', 4 as 'neutral', 5 as 'likely similar', 6 as 'very similar', and 7 as 'extremely similar': How semantically similar is Blindworm and Grindingdisk?",5
Blindworm|Hammer,"Answer with only one number from 1 to 7, considering 1 as 'extremely dissimilar', 2 as 'very dissimilar', 3 as 'likely dissimilar', 4 as 'neutral', 5 as 'likely similar', 6 as 'very similar', and 7 as 'extremely similar': How semantically similar is Blindworm and Hammer?",3
Blindworm|Knife,"Answer with only one number from 1 to 7, considering 1 as 'extremely dissimilar', 2 as 'very dissimilar', 3 as 'likely dissimilar', 4 as 'neutral', 5 as 'likely similar', 6 as 'very similar', and 7 as 'extremely similar': How semantically similar is Blindworm and Knife?",3
Blindworm|LawnMower,"Answer with only one number from 1 to 7, considering 1 as 'extremely dissimilar', 2 as 'very dissimilar', 3 as 'likely dissimilar', 4 as 'neutral', 5 as 'likely similar', 6 as 'very similar', and 7 as 'extremely similar': How semantically similar is Blindworm and LawnMower?",3
Blindworm|Nail,"Answer with only one number from 1 to 7, considering 1 as 'extremely dissimilar', 2 as 'very dissimilar', 3 as 'likely dissimilar', 4 as 'neutral', 5 as 'likely similar', 6 as 'very similar', and 7 as 'extremely similar': How semantically similar is Blindworm and Nail?",5
Blindworm|Oilcan,"Answer with only one number from 1 to 7, considering 1 as 'extremely dissimilar', 2 as 'very dissimilar', 3 as 'likely dissimilar', 4 as 'neutral', 5 as 'likely similar', 6 as 'very similar', and 7 as 'extremely similar': How semantically similar is Blindworm and Oilcan?",5
Blindworm|Paintbrush,"Answer with only one number from 1 to 7, considering 1 as 'extremely dissimilar', 2 as 'very dissimilar', 3 as 'likely dissimilar', 4 as 'neutral', 5 as 'likely similar', 6 as 'very similar', and 7 as 'extremely similar': How semantically similar is Blindworm and Paintbrush?",5
Blindworm|Saw,"Answer with only one number from 1 to 7, considering 1 as 'extremely dissimilar', 2 as 'very dissimilar', 3 as 'likely dissimilar', 4 as 'neutral', 5 as 'likely similar', 6 as 'very similar', and 7 as 'extremely similar': How semantically similar is Blindworm and Saw?",5
Blindworm|Screwdriver,"Answer with only one number from 1 to 7, considering 1 as 'extremely dissimilar', 2 as 'very dissimilar', 3 as 'likely dissimilar', 4 as 'neutral', 5 as 'likely similar', 6 as 'very similar', and 7 as 'extremely similar': How semantically similar is Blindworm and Screwdriver?",3
Blindworm|Shovel,"Answer with only one number from 1 to 7, considering 1 as 'extremely dissimilar', 2 as 'very dissimilar', 3 as 'likely dissimilar', 4 as 'neutral', 5 as 'likely similar', 6 as 'very similar', and 7 as 'extremely similar': How semantically similar is Blindworm and Shovel?",5
Blindworm|Spanner,"Answer with only one number from 1 to 7, considering 1 as 'extremely dissimilar', 2 as 'very dissimilar', 3 as 'likely dissimilar', 4 as 'neutral', 5 as 'likely similar', 6 as 'very similar', and 7 as 'extremely similar': How semantically similar is Blindworm and Spanner?",5
Blindworm|Vacuum,"Answer with only one number from 1 to 7, considering 1 as 'extremely dissimilar', 2 as 'very dissimilar', 3 as 'likely dissimilar', 4 as 'neutral', 5 as 'likely similar', 6 as 'very similar', and 7 as 'extremely similar': How semantically similar is Blindworm and Vacuum?",3
Boapython|Alligator,"Answer with only one number from 1 to 7, considering 1 as 'extremely dissimilar', 2 as 'very dissimilar', 3 as 'likely dissimilar', 4 as 'neutral', 5 as 'likely similar', 6 as 'very similar', and 7 as 'extremely similar': How semantically similar is Boapython and Alligator?",5
Boapython|Blindworm,"Answer with only one number from 1 to 7, considering 1 as 'extremely dissimilar', 2 as 'very dissimilar', 3 as 'likely dissimilar', 4 as 'neutral', 5 as 'likely similar', 6 as 'very similar', and 7 as 'extremely similar': How semantically similar is Boapython and Blindworm?",5
Boapython|Boapython,"Answer with only one number from 1 to 7, considering 1 as 'extremely dissimilar', 2 as 'very dissimilar', 3 as 'likely dissimilar', 4 as 'neutral', 5 as 'likely similar', 6 as 'very similar', and 7 as 'extremely similar': How semantically similar is Boapython and Boapython?",7
Boapython|Caiman,"Answer with only one number from 1 to 7, considering 1 as 'extremely dissimilar', 2 as 'very dissimilar', 3 as 'likely dissimilar', 4 as 'neutral', 5 as 'likely similar', 6 as 'very similar', and 7 as 'extremely similar': How semantically similar is Boapython and Caiman?",5
Boapython|Chameleon,"Answer with only one number from 1 to 7, considering 1 as 'extremely dissimilar', 2 as 'very dissimilar', 3 as 'likely dissimilar', 4 as 'neutral', 5 as 'likely similar', 6 as 'very similar', and 7 as 'extremely similar': How semantically similar is Boapython and Chameleon?",5
Boapython|Cobra,"Answer with only one number from 1 to 7, considering 1 as 'extremely dissimilar', 2 as 'very dissimilar', 3 as 'likely dissimilar', 4 as 'neutral', 5 as 'likely similar', 6 as 'very similar', and 7 as 'extremely similar': How semantically similar is Boapython and Cobra?",5
Boapython|Crocodile,"Answer with only one number from 1 to 7, considering 1 as 'extremely dissimilar', 2 as 'very dissimilar', 3 as 'likely dissimilar', 4 as 'neutral', 5 as 'likely similar', 6 as 'very similar', and 7 as 'extremely similar': How semantically similar is Boapython and Crocodile?",3
Boapython|Dinosaur,"Answer with only one number from 1 to 7, considering 1 as 'extremely dissimilar', 2 as 'very dissimilar', 3 as 'likely dissimilar', 4 as 'neutral', 5 as 'likely similar', 6 as 'very similar', and 7 as 'extremely similar': How semantically similar is Boapython and Dinosaur?",3
Boapython|Gecko,"Answer with only one number from 1 to 7, considering 1 as 'extremely dissimilar', 2 as 'very dissimilar', 3 as 'likely dissimilar', 4 as 'neutral', 5 as 'likely similar', 6 as 'very similar', and 7 as 'extremely similar': How semantically similar is Boapython and Gecko?",5
Boapython|Lizard,"Answer with only one number from 1 to 7, considering 1 as 'extremely dissimilar', 2 as 'very dissimilar', 3 as 'likely dissimilar', 4 as 'neutral', 5 as 'likely similar', 6 as 'very similar', and 7 as 'extremely similar': How semantically similar is Boapython and Lizard?",5
Boapython|Salamander,"Answer with only one number from 1 to 7, considering 1 as 'extremely dissimilar', 2 as 'very dissimilar', 3 as 'likely dissimilar', 4 as 'neutral', 5 as 'likely similar', 6 as 'very similar', and 7 as 'extremely similar': How semantically similar is Boapython and Salamander?",5
Boapython|Snake,"Answer with only one number from 1 to 7, considering 1 as 'extremely dissimilar', 2 as 'very dissimilar', 3 as 'likely dissimilar', 4 as 'neutral', 5 as 'likely similar', 6 as 'very similar', and 7 as 'extremely similar': How semantically similar is Boapython and Snake?",5
Boapython|Toad,"Answer with only one number from 1 to 7, considering 1 as 'extremely dissimilar', 2 as 'very dissimilar', 3 as 'likely dissimilar', 4 as 'neutral', 5 as 'likely similar', 6 as 'very similar', and 7 as 'extremely similar': How semantically similar is Boapython and Toad?",5
Boapython|Tortoise,"Answer with only one number from 1 to 7, considering 1 as 'extremely dissimilar', 2 as 'very dissimilar', 3 as 'likely dissimilar', 4 as 'neutral', 5 as 'likely similar', 6 as 'very similar', and 7 as 'extremely similar': How semantically similar is Boapython and Tortoise?",5
Boapython|Turtle,"Answer with only one number from 1 to 7, considering 1 as 'extremely dissimilar', 2 as 'very dissimilar', 3 as 'likely dissimilar', 4 as 'neutral', 5 as 'likely similar', 6 as 'very similar', and 7 as 'extremely similar': How semantically similar is Boapython and Turtle?",5
Boapython|Anvil,"Answer with only one number from 1 to 7, considering 1 as 'extremely dissimilar', 2 as 'very dissimilar', 3 as 'likely dissimilar', 4 as 'neutral', 5 as 'likely similar', 6 as 'very similar', and 7 as 'extremely similar': How semantically similar is Boapython and Anvil?",5
Boapython|Axe,"Answer with only one number from 1 to 7, considering 1 as 'extremely dissimilar', 2 as 'very dissimilar', 3 as 'likely dissimilar', 4 as 'neutral', 5 as 'likely similar', 6 as 'very similar', and 7 as 'extremely similar': How semantically similar is Boapython and Axe?",3
Boapython|Chisel,"Answer with only one number from 1 to 7, considering 1 as 'extremely dissimilar', 2 as 'very dissimilar', 3 as 'likely dissimilar', 4 as 'neutral', 5 as 'likely similar', 6 as 'very similar', and 7 as 'extremely similar': How semantically similar is Boapython and Chisel?",5
Boapython|Grindingdisk,"Answer with only one number from 1 to 7, considering 1 as 'extremely dissimilar', 2 as 'very dissimilar', 3 as 'likely dissimilar', 4 as 'neutral', 5 as 'likely similar', 6 as 'very similar', and 7 as 'extremely similar': How semantically similar is Boapython and Grindingdisk?",5
Boapython|Hammer,"Answer with only one number from 1 to 7, considering 1 as 'extremely dissimilar', 2 as 'very dissimilar', 3 as 'likely dissimilar', 4 as 'neutral', 5 as 'likely similar', 6 as 'very similar', and 7 as 'extremely similar': How semantically similar is Boapython and Hammer?",5
Boapython|Knife,"Answer with only one number from 1 to 7, considering 1 as 'extremely dissimilar', 2 as 'very dissimilar', 3 as 'likely dissimilar', 4 as 'neutral', 5 as 'likely similar', 6 as 'very similar', and 7 as 'extremely similar': How semantically similar is Boapython and Knife?",3
Boapython|LawnMower,"Answer with only one number from 1 to 7, considering 1 as 'extremely dissimilar', 2 as 'very dissimilar', 3 as 'likely dissimilar', 4 as 'neutral', 5 as 'likely similar', 6 as 'very similar', and 7 as 'extremely similar': How semantically similar is Boapython and LawnMower?",3
Boapython|Nail,"Answer with only one number from 1 to 7, considering 1 as 'extremely dissimilar', 2 as 'very dissimilar', 3 as 'likely dissimilar', 4 as 'neutral', 5 as 'likely similar', 6 as 'very similar', and 7 as 'extremely similar': How semantically similar is Boapython and Nail?",3
Boapython|Oilcan,"Answer with only one number from 1 to 7, considering 1 as 'extremely dissimilar', 2 as 'very dissimilar', 3 as 'likely dissimilar', 4 as 'neutral', 5 as 'likely similar', 6 as 'very similar', and 7 as 'extremely similar': How semantically similar is Boapython and Oilcan?",3
Boapython|Paintbrush,"Answer with only one number from 1 to 7, considering 1 as 'extremely dissimilar', 2 as 'very dissimilar', 3 as 'likely dissimilar', 4 as 'neutral', 5 as 'likely similar', 6 as 'very similar', and 7 as 'extremely similar': How semantically similar is Boapython and Paintbrush?",5
Boapython|Saw,"Answer with only one number from 1 to 7, considering 1 as 'extremely dissimilar', 2 as 'very dissimilar', 3 as 'likely dissimilar', 4 as 'neutral', 5 as 'likely similar', 6 as 'very similar', and 7 as 'extremely similar': How semantically similar is Boapython and Saw?",5
Boapython|Screwdriver,"Answer with only one number from 1 to 7, considering 1 as 'extremely dissimilar', 2 as 'very dissimilar', 3 as 'likely dissimilar', 4 as 'neutral', 5 as 'likely similar', 6 as 'very similar', and 7 as 'extremely similar': How semantically similar is Boapython and Screwdriver?",5
Boapython|Shovel,"Answer with only one number from 1 to 7, considering 1 as 'extremely dissimilar', 2 as 'very dissimilar', 3 as 'likely dissimilar', 4 as 'neutral', 5 as 'likely similar', 6 as 'very similar', and 7 as 'extremely similar': How semantically similar is Boapython and Shovel?",3
Boapython|Spanner,"Answer with only one number from 1 to 7, considering 1 as 'extremely dissimilar', 2 as 'very dissimilar', 3 as 'likely dissimilar', 4 as 'neutral', 5 as 'likely similar', 6 as 'very similar', and 7 as 'extremely similar': How semantically similar is Boapython and Spanner?",5
Boapython|Vacuum,"Answer with only one number from 1 to 7, considering 1 as 'extremely dissimilar', 2 as 'very dissimilar', 3 as 'likely dissimilar', 4 as 'neutral', 5 as 'likely similar', 6 as 'very similar', and 7 as 'extremely similar': How semantically similar is Boapython and Vacuum?",3
Caiman|Alligator,"Answer with only one number from 1 to 7, considering 1 as 'extremely dissimilar', 2 as 'very dissimilar', 3 as 'likely dissimilar', 4 as 'neutral', 5 as 'likely similar', 6 as 'very similar', and 7 as 'extremely similar': How semantically similar is Caiman and Alligator?",5
Caiman|Blindworm,"Answer with only one number from 1 to 7, considering 1 as 'extremely dissimilar', 2 as 'very dissimilar', 3 as 'likely dissimilar', 4 as 'neutral', 5 as 'likely similar', 6 as 'very similar', and 7 as 'extremely similar': How semantically similar is Caiman and Blindworm?",5
Caiman|Boapython,"Answer with only one number from 1 to 7, considering 1 as 'extremely dissimilar', 2 as 'very dissimilar', 3 as 'likely dissimilar', 4 as 'neutral', 5 as 'likely similar', 6 as 'very similar', and 7 as 'extremely similar': How semantically similar is Caiman and Boapython?",5
Caiman|Caiman,"Answer with only one number from 1 to 7, considering 1 as 'extremely dissimilar', 2 as 'very dissimilar', 3 as 'likely dissimilar', 4 as 'neutral', 5 as 'likely similar', 6 as 'very similar', and 7 as 'extremely similar': How semantically similar is Caiman and Caiman?",7
Caiman|Chameleon,"Answer with only one number from 1 to 7, considering 1 as 'extremely dissimilar', 2 as 'very dissimilar', 3 as 'likely dissimilar', 4 as 'neutral', 5 as 'likely similar', 6 as 'very similar', and 7 as 'extremely similar': How semantically similar is Caiman and Chameleon?",5
Caiman|Cobra,"Answer with only one number from 1 to 7, considering 1 as 'extremely dissimilar', 2 as 'very dissimilar', 3 as 'likely dissimilar', 4 as 'neutral', 5 as 'likely similar', 6 as 'very similar', and 7 as 'extremely similar': How semantically similar is Caiman and Cobra?",5
Caiman|Crocodile,"Answer with only one number from 1 to 7, considering 1 as 'extremely dissimilar', 2 as 'very dissimilar', 3 as 'likely dissimilar', 4 as 'neutral', 5 as 'likely similar', 6 as 'very similar', and 7 as 'extremely similar': How semantically similar is Caiman and Crocodile?",5
Caiman|Dinosaur,"Answer with only one number from 1 to 7, considering 1 as 'extremely dissimilar', 2 as 'very dissimilar', 3 as 'likely dissimilar', 4 as 'neutral', 5 as 'likely similar', 6 as 'very similar', and 7 as 'extremely similar': How semantically similar is Caiman and Dinosaur?",5
Caiman|Gecko,"Answer with only one number from 1 to 7, considering 1 as 'extremely dissimilar', 2 as 'very dissimilar', 3 as 'likely dissimilar', 4 as 'neutral', 5 as 'likely similar', 6 as 'very similar', and 7 as 'extremely similar': How semantically similar is Caiman and Gecko?",5
Caiman|Lizard,"Answer with only one number from 1 to 7, considering 1 as 'extremely dissimilar', 2 as 'very dissimilar', 3 as 'likely dissimilar', 4 as 'neutral', 5 as 'likely similar', 6 as 'very similar', and 7 as 'extremely similar': How semantically similar is Caiman and Lizard?",5
Caiman|Salamander,"Answer with only one number from 1 to 7, considering 1 as 'extremely dissimilar', 2 as 'very dissimilar', 3 as 'likely dissimilar', 4 as 'neutral', 5 as 'likely similar', 6 as 'very similar', and 7 as 'extremely similar': How semantically similar is Caiman and Salamander?",5
Caiman|Snake,"Answer with only one number from 1 to 7, considering 1 as 'extremely dissimilar', 2 as 'very dissimilar', 3 as 'likely dissimilar', 4 as 'neutral', 5 as 'likely similar', 6 as 'very similar', and 7 as 'extremely similar': How semantically similar is Caiman and Snake?",5
Caiman|Toad,"Answer with only one number from 1 to 7, considering 1 as 'extremely dissimilar', 2 as 'very dissimilar', 3 as 'likely dissimilar', 4 as 'neutral', 5 as 'likely similar', 6 as 'very similar', and 7 as 'extremely similar': How semantically similar is Caiman and Toad?",5
Caiman|Tortoise,"Answer with only one number from 1 to 7, considering 1 as 'extremely dissimilar', 2 as 'very dissimilar', 3 as 'likely dissimilar', 4 as 'neutral', 5 as 'likely similar', 6 as 'very similar', and 7 as 'extremely similar': How semantically similar is Caiman and Tortoise?",5
Caiman|Turtle,"Answer with only one number from 1 to 7, considering 1 as 'extremely dissimilar', 2 as 'very dissimilar', 3 as 'likely dissimilar', 4 as 'neutral', 5 as 'likely similar', 6 as 'very similar', and 7 as 'extremely similar': How semantically similar is Caiman and Turtle?",5
Caiman|Anvil,"Answer with only one number from 1 to 7, considering 1 as 'extremely dissimilar', 2 as 'very dissimilar', 3 as 'likely dissimilar', 4 as 'neutral', 5 as 'likely similar', 6 as 'very similar', and 7 as 'extremely similar': How semantically similar is Caiman and Anvil?",3
Caiman|Axe,"Answer with only one number from 1 to 7, considering 1 as 'extremely dissimilar', 2 as 'very dissimilar', 3 as 'likely dissimilar', 4 as 'neutral', 5 as 'likely similar', 6 as 'very similar', and 7 as 'extremely similar': How semantically similar is Caiman and Axe?",5
Caiman|Chisel,"Answer with only one number from 1 to 7, considering 1 as 'extremely dissimilar', 2 as 'very dissimilar', 3 as 'likely dissimilar', 4 as 'neutral', 5 as 'likely similar', 6 as 'very similar', and 7 as 'extremely similar': How semantically similar is Caiman and Chisel?",5
Caiman|Grindingdisk,"Answer with only one number from 1 to 7, considering 1 as 'extremely dissimilar', 2 as 'very dissimilar', 3 as 'likely dissimilar', 4 as 'neutral', 5 as 'likely similar', 6 as 'very similar', and 7 as 'extremely similar': How semantically similar is Caiman and Grindingdisk?",3
Caiman|Hammer,"Answer with only one number from 1 to 7, considering 1 as 'extremely dissimilar', 2 as 'very dissimilar', 3 as 'likely dissimilar', 4 as 'neutral', 5 as 'likely similar', 6 as 'very similar', and 7 as 'extremely similar': How semantically similar is Caiman and Hammer?",3
Caiman|Knife,"Answer with only one number from 1 to 7, considering 1 as 'extremely dissimilar', 2 as 'very dissimilar', 3 as 'likely dissimilar', 4 as 'neutral', 5 as 'likely similar', 6 as 'very similar', and 7 as 'extremely similar': How semantically similar is Caiman and Knife?",3
Caiman|LawnMower,"Answer with only one number from 1 to 7, considering 1 as 'extremely dissimilar', 2 as 'very dissimilar', 3 as 'likely dissimilar', 4 as 'neutral', 5 as 'likely similar', 6 as 'very similar', and 7 as 'extremely similar': How semantically similar is Caiman and LawnMower?",3
Caiman|Nail,"Answer with only one number from 1 to 7, considering 1 as 'extremely dissimilar', 2 as 'very dissimilar', 3 as 'likely dissimilar', 4 as 'neutral', 5 as 'likely similar', 6 as 'very similar', and 7 as 'extremely similar': How semantically similar is Caiman and Nail?",3
Caiman|Oilcan,"Answer with only one number from 1 to 7, considering 1 as 'extremely dissimilar', 2 as 'very dissimilar', 3 as 'likely dissimilar', 4 as 'neutral', 5 as 'likely similar', 6 as 'very similar', and 7 as 'extremely similar': How semantically similar is Caiman and Oilcan?",5
Caiman|Paintbrush,"Answer with only one number from 1 to 7, considering 1 as 'extremely dissimilar', 2 as 'very dissimilar', 3 as 'likely dissimilar', 4 as 'neutral', 5 as 'likely similar', 6 as 'very similar', and 7 as 'extremely similar': How semantically similar is Caiman and Paintbrush?",3
Caiman|Saw,"Answer with only one number from 1 to 7, considering 1 as 'extremely dissimilar', 2 as 'very dissimilar', 3 as 'likely dissimilar', 4 as 'neutral', 5 as 'likely similar', 6 as 'very similar', and 7 as 'extremely similar': How semantically similar is Caiman and Saw?",5
Caiman|Screwdriver,"Answer with only one number from 1 to 7, considering 1 as 'extremely dissimilar', 2 as 'very dissimilar', 3 as 'likely dissimilar', 4 as 'neutral', 5 as 'likely similar', 6 as 'very similar', and 7 as 'extremely similar': How semantically similar is Caiman and Screwdriver?",3
Caiman|Shovel,"Answer with only one number from 1 to 7, considering 1 as 'extremely dissimilar', 2 as 'very dissimilar', 3 as 'likely dissimilar', 4 as 'neutral', 5 as 'likely similar', 6 as 'very similar', and 7 as 'extremely similar': How semantically similar is Caiman and Shovel?",5
Caiman|Spanner,"Answer with only one number from 1 to 7, considering 1 as 'extremely dissimilar', 2 as 'very dissimilar', 3 as 'likely dissimilar', 4 as 'neutral', 5 as 'likely similar', 6 as 'very similar', and 7 as 'extremely similar': How semantically similar is Caiman and Spanner?",5
Caiman|Vacuum,"Answer with only one number from 1 to 7, considering 1 as 'extremely dissimilar', 2 as 'very dissimilar', 3 as 'likely dissimilar', 4 as 'neutral', 5 as 'likely similar', 6 as 'very similar', and 7 as 'extremely similar': How semantically similar is Caiman and Vacuum?",3
Chameleon|Alligator,"Answer with only one number from 1 to 7, considering 1 as 'extremely dissimilar', 2 as 'very dissimilar', 3 as 'likely dissimilar', 4 as 'neutral', 5 as 'likely similar', 6 as 'very similar', and 7 as 'extremely similar': How semantically similar is Chameleon and Alligator?",5
Chameleon|Blindworm,"Answer with only one number from 1 to 7, considering 1 as 'extremely dissimilar', 2 as 'very dissimilar', 3 as 'likely dissimilar', 4 as 'neutral', 5 as 'likely similar', 6 as 'very similar', and 7 as 'extremely similar': How semantically similar is Chameleon and Blindworm?",5
Chameleon|Boapython,"Answer with only one number from 1 to 7, considering 1 as 'extremely dissimilar', 2 as 'very dissimilar', 3 as 'likely dissimilar', 4 as 'neutral', 5 as 'likely similar', 6 as 'very similar', and 7 as 'extremely similar': How semantically similar is Chameleon and Boapython?",5
Chameleon|Caiman,"Answer with only one number from 1 to 7, considering 1 as 'extremely dissimilar', 2 as 'very dissimilar', 3 as 'likely dissimilar', 4 as 'neutral', 5 as 'likely similar', 6 as 'very similar', and 7 as 'extremely similar': How semantically similar is Chameleon and Caiman?",5
Chameleon|Chameleon,"Answer with only one number from 1 to 7, considering 1 as 'extremely dissimilar', 2 as 'very dissimilar', 3 as 'likely dissimilar', 4 as 'neutral', 5 as 'likely similar', 6 as 'very similar', and 7 as 'extremely similar': How semantically similar is Chameleon and Chameleon?",7
Chameleon|Cobra,"Answer with only one number from 1 to 7, considering 1 as 'extremely dissimilar', 2 as 'very dissimilar', 3 as 'likely dissimilar', 4 as 'neutral', 5 as 'likely similar', 6 as 'very similar', and 7 as 'extremely similar': How semantically similar is Chameleon and Cobra?",5
Chameleon|Crocodile,"Answer with only one number from 1 to 7, considering 1 as 'extremely dissimilar', 2 as 'very dissimilar', 3 as 'likely dissimilar', 4 as 'neutral', 5 as 'likely similar', 6 as 'very similar', and 7 as 'extremely similar': How semantically similar is Chameleon and Crocodile?",5
Chameleon|Dinosaur,"Answer with only one number from 1 to 7, considering 1 as 'extremely dissimilar', 2 as 'very dissimilar', 3 as 'likely dissimilar', 4 as 'neutral', 5 as 'likely similar', 6 as 'very similar', and 7 as 'extremely similar': How semantically similar is Chameleon and Dinosaur?",5
Chameleon|Gecko,"Answer with only one number from 1 to 7, considering 1 as 'extremely dissimilar', 2 as 'very dissimilar', 3 as 'likely dissimilar', 4 as 'neutral', 5 as 'likely similar', 6 as 'very similar', and 7 as 'extremely similar': How semantically similar is Chameleon and Gecko?",6
Chameleon|Lizard,"Answer with only one number from 1 to 7, considering 1 as 'extremely dissimilar', 2 as 'very dissimilar', 3 as 'likely dissimilar', 4 as 'neutral', 5 as 'likely similar', 6 as 'very similar', and 7 as 'extremely similar': How semantically similar is Chameleon and Lizard?",5
Chameleon|Salamander,"Answer with only one number from 1 to 7, considering 1 as 'extremely dissimilar', 2 as 'very dissimilar', 3 as 'likely dissimilar', 4 as 'neutral', 5 as 'likely similar', 6 as 'very similar', and 7 as 'extremely similar': How semantically similar is Chameleon and Salamander?",5
Chameleon|Snake,"Answer with only one number from 1 to 7, considering 1 as 'extremely dissimilar', 2 as 'very dissimilar', 3 as 'likely dissimilar', 4 as 'neutral', 5 as 'likely similar', 6 as 'very similar', and 7 as 'extremely similar': How semantically similar is Chameleon and Snake?",5
Chameleon|Toad,"Answer with only one number from 1 to 7, considering 1 as 'extremely dissimilar', 2 as 'very dissimilar', 3 as 'likely dissimilar', 4 as 'neutral', 5 as 'likely similar', 6 as 'very similar', and 7 as 'extremely similar': How semantically similar is Chameleon and Toad?",5
Chameleon|Tortoise,"Answer with only one number from 1 to 7, considering 1 as 'extremely dissimilar', 2 as 'very dissimilar', 3 as 'likely dissimilar', 4 as 'neutral', 5 as 'likely similar', 6 as 'very similar', and 7 as 'extremely similar': How semantically similar is Chameleon and Tortoise?",5
Chameleon|Turtle,"Answer with only one number from 1 to 7, considering 1 as 'extremely dissimilar', 2 as 'very dissimilar', 3 as 'likely dissimilar', 4 as 'neutral', 5 as 'likely similar', 6 as 'very similar', and 7 as 'extremely similar': How semantically similar is Chameleon and Turtle?",5
Chameleon|Anvil,"Answer with only one number from 1 to 7, considering 1 as 'extremely dissimilar', 2 as 'very dissimilar', 3 as 'likely dissimilar', 4 as 'neutral', 5 as 'likely similar', 6 as 'very similar', and 7 as 'extremely similar': How semantically similar is Chameleon and Anvil?",5
Chameleon|Axe,"Answer with only one number from 1 to 7, considering 1 as 'extremely dissimilar', 2 as 'very dissimilar', 3 as 'likely dissimilar', 4 as 'neutral', 5 as 'likely similar', 6 as 'very similar', and 7 as 'extremely similar': How semantically similar is Chameleon and Axe?",5
Chameleon|Chisel,"Answer with only one number from 1 to 7, considering 1 as 'extremely dissimilar', 2 as 'very dissimilar', 3 as 'likely dissimilar', 4 as 'neutral', 5 as 'likely similar', 6 as 'very similar', and 7 as 'extremely similar': How semantically similar is Chameleon and Chisel?",5
Chameleon|Grindingdisk,"Answer with only one number from 1 to 7, considering 1 as 'extremely dissimilar', 2 as 'very dissimilar', 3 as 'likely dissimilar', 4 as 'neutral', 5 as 'likely similar', 6 as 'very similar', and 7 as 'extremely similar': How semantically similar is Chameleon and Grindingdisk?",3
Chameleon|Hammer,"Answer with only one number from 1 to 7, considering 1 as 'extremely dissimilar', 2 as 'very dissimilar', 3 as 'likely dissimilar', 4 as 'neutral', 5 as 'likely similar', 6 as 'very similar', and 7 as 'extremely similar': How semantically similar is Chameleon and Hammer?",3
Chameleon|Knife,"Answer with only one number from 1 to 7, considering 1 as 'extremely dissimilar', 2 as 'very dissimilar', 3 as 'likely dissimilar', 4 as 'neutral', 5 as 'likely similar', 6 as 'very similar', and 7 as 'extremely similar': How semantically similar is Chameleon and Knife?",3
Chameleon|LawnMower,"Answer with only one number from 1 to 7, considering 1 as 'extremely dissimilar', 2 as 'very dissimilar', 3 as 'likely dissimilar', 4 as 'neutral', 5 as 'likely similar', 6 as 'very similar', and 7 as 'extremely similar': How semantically similar is Chameleon and LawnMower?",3
Chameleon|Nail,"Answer with only one number from 1 to 7, considering 1 as 'extremely dissimilar', 2 as 'very dissimilar', 3 as 'likely dissimilar', 4 as 'neutral', 5 as 'likely similar', 6 as 'very similar', and 7 as 'extremely similar': How semantically similar is Chameleon and Nail?",5
Chameleon|Oilcan,"Answer with only one number from 1 to 7, considering 1 as 'extremely dissimilar', 2 as 'very dissimilar', 3 as 'likely dissimilar', 4 as 'neutral', 5 as 'likely similar', 6 as 'very similar', and 7 as 'extremely similar': How semantically similar is Chameleon and Oilcan?",5
Chameleon|Paintbrush,"Answer with only one number from 1 to 7, considering 1 as 'extremely dissimilar', 2 as 'very dissimilar', 3 as 'likely dissimilar', 4 as 'neutral', 5 as 'likely similar', 6 as 'very similar', and 7 as 'extremely similar': How semantically similar is Chameleon and Paintbrush?",5
Chameleon|Saw,"Answer with only one number from 1 to 7, considering 1 as 'extremely dissimilar', 2 as 'very dissimilar', 3 as 'likely dissimilar', 4 as 'neutral', 5 as 'likely similar', 6 as 'very similar', and 7 as 'extremely similar': How semantically similar is Chameleon and Saw?",3
Chameleon|Screwdriver,"Answer with only one number from 1 to 7, considering 1 as 'extremely dissimilar', 2 as 'very dissimilar', 3 as 'likely dissimilar', 4 as 'neutral', 5 as 'likely similar', 6 as 'very similar', and 7 as 'extremely similar': How semantically similar is Chameleon and Screwdriver?",5
Chameleon|Shovel,"Answer with only one number from 1 to 7, considering 1 as 'extremely dissimilar', 2 as 'very dissimilar', 3 as 'likely dissimilar', 4 as 'neutral', 5 as 'likely similar', 6 as 'very similar', and 7 as 'extremely similar': How semantically similar is Chameleon and Shovel?",3
Chameleon|Spanner,"Answer with only one number from 1 to 7, considering 1 as 'extremely dissimilar', 2 as 'very dissimilar', 3 as 'likely dissimilar', 4 as 'neutral', 5 as 'likely similar', 6 as 'very similar', and 7 as 'extremely similar': How semantically similar is Chameleon and Spanner?",5
Chameleon|Vacuum,"Answer with only one number from 1 to 7, considering 1 as 'extremely dissimilar', 2 as 'very dissimilar', 3 as 'likely dissimilar', 4 as 'neutral', 5 as 'likely similar', 6 as 'very similar', and 7 as 'extremely similar': How semantically similar is Chameleon and Vacuum?",3
Cobra|Alligator,"Answer with only one number from 1 to 7, considering 1 as 'extremely dissimilar', 2 as 'very dissimilar', 3 as 'likely dissimilar', 4 as 'neutral', 5 as 'likely similar', 6 as 'very similar', and 7 as 'extremely similar': How semantically similar is Cobra and Alligator?",5
Cobra|Blindworm,"Answer with only one number from 1 to 7, considering 1 as 'extremely dissimilar', 2 as 'very dissimilar', 3 as 'likely dissimilar', 4 as 'neutral', 5 as 'likely similar', 6 as 'very similar', and 7 as 'extremely similar': How semantically similar is Cobra and Blindworm?",5
Cobra|Boapython,"Answer with only one number from 1 to 7, considering 1 as 'extremely dissimilar', 2 as 'very dissimilar', 3 as 'likely dissimilar', 4 as 'neutral', 5 as 'likely similar', 6 as 'very similar', and 7 as 'extremely similar': How semantically similar is Cobra and Boapython?",5
Cobra|Caiman,"Answer with only one number from 1 to 7, considering 1 as 'extremely dissimilar', 2 as 'very dissimilar', 3 as 'likely dissimilar', 4 as 'neutral', 5 as 'likely similar', 6 as 'very similar', and 7 as 'extremely similar': How semantically similar is Cobra and Caiman?",5
Cobra|Chameleon,"Answer with only one number from 1 to 7, considering 1 as 'extremely dissimilar', 2 as 'very dissimilar', 3 as 'likely dissimilar', 4 as 'neutral', 5 as 'likely similar', 6 as 'very similar', and 7 as 'extremely similar': How semantically similar is Cobra and Chameleon?",5
Cobra|Cobra,"Answer with only one number from 1 to 7, considering 1 as 'extremely dissimilar', 2 as 'very dissimilar', 3 as 'likely dissimilar', 4 as 'neutral', 5 as 'likely similar', 6 as 'very similar', and 7 as 'extremely similar': How semantically similar is Cobra and Cobra?",7
Cobra|Crocodile,"Answer with only one number from 1 to 7, considering 1 as 'extremely dissimilar', 2 as 'very dissimilar', 3 as 'likely dissimilar', 4 as 'neutral', 5 as 'likely similar', 6 as 'very similar', and 7 as 'extremely similar': How semantically similar is Cobra and Crocodile?",5
Cobra|Dinosaur,"Answer with only one number from 1 to 7, considering 1 as 'extremely dissimilar', 2 as 'very dissimilar', 3 as 'likely dissimilar', 4 as 'neutral', 5 as 'likely similar', 6 as 'very similar', and 7 as 'extremely similar': How semantically similar is Cobra and Dinosaur?",5
Cobra|Gecko,"Answer with only one number from 1 to 7, considering 1 as 'extremely dissimilar', 2 as 'very dissimilar', 3 as 'likely dissimilar', 4 as 'neutral', 5 as 'likely similar', 6 as 'very similar', and 7 as 'extremely similar': How semantically similar is Cobra and Gecko?",5
Cobra|Lizard,"Answer with only one number from 1 to 7, considering 1 as 'extremely dissimilar', 2 as 'very dissimilar', 3 as 'likely dissimilar', 4 as 'neutral', 5 as 'likely similar', 6 as 'very similar', and 7 as 'extremely similar': How semantically similar is Cobra and Lizard?",5
Cobra|Salamander,"Answer with only one number from 1 to 7, considering 1 as 'extremely dissimilar', 2 as 'very dissimilar', 3 as 'likely dissimilar', 4 as 'neutral', 5 as 'likely similar', 6 as 'very similar', and 7 as 'extremely similar': How semantically similar is Cobra and Salamander?",5
Cobra|Snake,"Answer with only one number from 1 to 7, considering 1 as 'extremely dissimilar', 2 as 'very dissimilar', 3 as 'likely dissimilar', 4 as 'neutral', 5 as 'likely similar', 6 as 'very similar', and 7 as 'extremely similar': How semantically similar is Cobra and Snake?",6
Cobra|Toad,"Answer with only one number from 1 to 7, considering 1 as 'extremely dissimilar', 2 as 'very dissimilar', 3 as 'likely dissimilar', 4 as 'neutral', 5 as 'likely similar', 6 as 'very similar', and 7 as 'extremely similar': How semantically similar is Cobra and Toad?",5
Cobra|Tortoise,"Answer with only one number from 1 to 7, considering 1 as 'extremely dissimilar', 2 as 'very dissimilar', 3 as 'likely dissimilar', 4 as 'neutral', 5 as 'likely similar', 6 as 'very similar', and 7 as 'extremely similar': How semantically similar is Cobra and Tortoise?",5
Cobra|Turtle,"Answer with only one number from 1 to 7, considering 1 as 'extremely dissimilar', 2 as 'very dissimilar', 3 as 'likely dissimilar', 4 as 'neutral', 5 as 'likely similar', 6 as 'very similar', and 7 as 'extremely similar': How semantically similar is Cobra and Turtle?",5
Cobra|Anvil,"Answer with only one number from 1 to 7, considering 1 as 'extremely dissimilar', 2 as 'very dissimilar', 3 as 'likely dissimilar', 4 as 'neutral', 5 as 'likely similar', 6 as 'very similar', and 7 as 'extremely similar': How semantically similar is Cobra and Anvil?",5
Cobra|Axe,"Answer with only one number from 1 to 7, considering 1 as 'extremely dissimilar', 2 as 'very dissimilar', 3 as 'likely dissimilar', 4 as 'neutral', 5 as 'likely similar', 6 as 'very similar', and 7 as 'extremely similar': How semantically similar is Cobra and Axe?",5
Cobra|Chisel,"Answer with only one number from 1 to 7, considering 1 as 'extremely dissimilar', 2 as 'very dissimilar', 3 as 'likely dissimilar', 4 as 'neutral', 5 as 'likely similar', 6 as 'very similar', and 7 as 'extremely similar': How semantically similar is Cobra and Chisel?",5
Cobra|Grindingdisk,"Answer with only one number from 1 to 7, considering 1 as 'extremely dissimilar', 2 as 'very dissimilar', 3 as 'likely dissimilar', 4 as 'neutral', 5 as 'likely similar', 6 as 'very similar', and 7 as 'extremely similar': How semantically similar is Cobra and Grindingdisk?",3
Cobra|Hammer,"Answer with only one number from 1 to 7, considering 1 as 'extremely dissimilar', 2 as 'very dissimilar', 3 as 'likely dissimilar', 4 as 'neutral', 5 as 'likely similar', 6 as 'very similar', and 7 as 'extremely similar': How semantically similar is Cobra and Hammer?",5
Cobra|Knife,"Answer with only one number from 1 to 7, considering 1 as 'extremely dissimilar', 2 as 'very dissimilar', 3 as 'likely dissimilar', 4 as 'neutral', 5 as 'likely similar', 6 as 'very similar', and 7 as 'extremely similar': How semantically similar is Cobra and Knife?",5
Cobra|LawnMower,"Answer with only one number from 1 to 7, considering 1 as 'extremely dissimilar', 2 as 'very dissimilar', 3 as 'likely dissimilar', 4 as 'neutral', 5 as 'likely similar', 6 as 'very similar', and 7 as 'extremely similar': How semantically similar is Cobra and LawnMower?",3
Cobra|Nail,"Answer with only one number from 1 to 7, considering 1 as 'extremely dissimilar', 2 as 'very dissimilar', 3 as 'likely dissimilar', 4 as 'neutral', 5 as 'likely similar', 6 as 'very similar', and 7 as 'extremely similar': How semantically similar is Cobra and Nail?",5
Cobra|Oilcan,"Answer with only one number from 1 to 7, considering 1 as 'extremely dissimilar', 2 as 'very dissimilar', 3 as 'likely dissimilar', 4 as 'neutral', 5 as 'likely similar', 6 as 'very similar', and 7 as 'extremely similar': How semantically similar is Cobra and Oilcan?",5
Cobra|Paintbrush,"Answer with only one number from 1 to 7, considering 1 as 'extremely dissimilar', 2 as 'very dissimilar', 3 as 'likely dissimilar', 4 as 'neutral', 5 as 'likely similar', 6 as 'very similar', and 7 as 'extremely similar': How semantically similar is Cobra and Paintbrush?",3
Cobra|Saw,"Answer with only one number from 1 to 7, considering 1 as 'extremely dissimilar', 2 as 'very dissimilar', 3 as 'likely dissimilar', 4 as 'neutral', 5 as 'likely similar', 6 as 'very similar', and 7 as 'extremely similar': How semantically similar is Cobra and Saw?",5
Cobra|Screwdriver,"Answer with only one number from 1 to 7, considering 1 as 'extremely dissimilar', 2 as 'very dissimilar', 3 as 'likely dissimilar', 4 as 'neutral', 5 as 'likely similar', 6 as 'very similar', and 7 as 'extremely similar': How semantically similar is Cobra and Screwdriver?",5
Cobra|Shovel,"Answer with only one number from 1 to 7, considering 1 as 'extremely dissimilar', 2 as 'very dissimilar', 3 as 'likely dissimilar', 4 as 'neutral', 5 as 'likely similar', 6 as 'very similar', and 7 as 'extremely similar': How semantically similar is Cobra and Shovel?",3
Cobra|Spanner,"Answer with only one number from 1 to 7, considering 1 as 'extremely dissimilar', 2 as 'very dissimilar', 3 as 'likely dissimilar', 4 as 'neutral', 5 as 'likely similar', 6 as 'very similar', and 7 as 'extremely similar': How semantically similar is Cobra and Spanner?",5
Cobra|Vacuum,"Answer with only one number from 1 to 7, considering 1 as 'extremely dissimilar', 2 as 'very dissimilar', 3 as 'likely dissimilar', 4 as 'neutral', 5 as 'likely similar', 6 as 'very similar', and 7 as 'extremely similar': How semantically similar is Cobra and Vacuum?",3
Crocodile|Alligator,"Answer with only one number from 1 to 7, considering 1 as 'extremely dissimilar', 2 as 'very dissimilar', 3 as 'likely dissimilar', 4 as 'neutral', 5 as 'likely similar', 6 as 'very similar', and 7 as 'extremely similar': How semantically similar is Crocodile and Alligator?",5
Crocodile|Blindworm,"Answer with only one number from 1 to 7, considering 1 as 'extremely dissimilar', 2 as 'very dissimilar', 3 as 'likely dissimilar', 4 as 'neutral', 5 as 'likely similar', 6 as 'very similar', and 7 as 'extremely similar': How semantically similar is Crocodile and Blindworm?",5
Crocodile|Boapython,"Answer with only one number from 1 to 7, considering 1 as 'extremely dissimilar', 2 as 'very dissimilar', 3 as 'likely dissimilar', 4 as 'neutral', 5 as 'likely similar', 6 as 'very similar', and 7 as 'extremely similar': How semantically similar is Crocodile and Boapython?",5
Crocodile|Caiman,"Answer with only one number from 1 to 7, considering 1 as 'extremely dissimilar', 2 as 'very dissimilar', 3 as 'likely dissimilar', 4 as 'neutral', 5 as 'likely similar', 6 as 'very similar', and 7 as 'extremely similar': How semantically similar is Crocodile and Caiman?",5
Crocodile|Chameleon,"Answer with only one number from 1 to 7, considering 1 as 'extremely dissimilar', 2 as 'very dissimilar', 3 as 'likely dissimilar', 4 as 'neutral', 5 as 'likely similar', 6 as 'very similar', and 7 as 'extremely similar': How semantically similar is Crocodile and Chameleon?",5
Crocodile|Cobra,"Answer with only one number from 1 to 7, considering 1 as 'extremely dissimilar', 2 as 'very dissimilar', 3 as 'likely dissimilar', 4 as 'neutral', 5 as 'likely similar', 6 as 'very similar', and 7 as 'extremely similar': How semantically similar is Crocodile and Cobra?",5
Crocodile|Crocodile,"Answer with only one number from 1 to 7, considering 1 as 'extremely dissimilar', 2 as 'very dissimilar', 3 as 'likely dissimilar', 4 as 'neutral', 5 as 'likely similar', 6 as 'very similar', and 7 as 'extremely similar': How semantically similar is Crocodile and Crocodile?",7
Crocodile|Dinosaur,"Answer with only one number from 1 to 7, considering 1 as 'extremely dissimilar', 2 as 'very dissimilar', 3 as 'likely dissimilar', 4 as 'neutral', 5 as 'likely similar', 6 as 'very similar', and 7 as 'extremely similar': How semantically similar is Crocodile and Dinosaur?",5
Crocodile|Gecko,"Answer with only one number from 1 to 7, considering 1 as 'extremely dissimilar', 2 as 'very dissimilar', 3 as 'likely dissimilar', 4 as 'neutral', 5 as 'likely similar', 6 as 'very similar', and 7 as 'extremely similar': How semantically similar is Crocodile and Gecko?",5
Crocodile|Lizard,"Answer with only one number from 1 to 7, considering 1 as 'extremely dissimilar', 2 as 'very dissimilar', 3 as 'likely dissimilar', 4 as 'neutral', 5 as 'likely similar', 6 as 'very similar', and 7 as 'extremely similar': How semantically similar is Crocodile and Lizard?",5
Crocodile|Salamander,"Answer with only one number from 1 to 7, considering 1 as 'extremely dissimilar', 2 as 'very dissimilar', 3 as 'likely dissimilar', 4 as 'neutral', 5 as 'likely similar', 6 as 'very similar', and 7 as 'extremely similar': How semantically similar is Crocodile and Salamander?",5
Crocodile|Snake,"Answer with only one number from 1 to 7, considering 1 as 'extremely dissimilar', 2 as 'very dissimilar', 3 as 'likely dissimilar', 4 as 'neutral', 5 as 'likely similar', 6 as 'very similar', and 7 as 'extremely similar': How semantically similar is Crocodile and Snake?",5
Crocodile|Toad,"Answer with only one number from 1 to 7, considering 1 as 'extremely dissimilar', 2 as 'very dissimilar', 3 as 'likely dissimilar', 4 as 'neutral', 5 as 'likely similar', 6 as 'very similar', and 7 as 'extremely similar': How semantically similar is Crocodile and Toad?",5
Crocodile|Tortoise,"Answer with only one number from 1 to 7, considering 1 as 'extremely dissimilar', 2 as 'very dissimilar', 3 as 'likely dissimilar', 4 as 'neutral', 5 as 'likely similar', 6 as 'very similar', and 7 as 'extremely similar': How semantically similar is Crocodile and Tortoise?",5
Crocodile|Turtle,"Answer with only one number from 1 to 7, considering 1 as 'extremely dissimilar', 2 as 'very dissimilar', 3 as 'likely dissimilar', 4 as 'neutral', 5 as 'likely similar', 6 as 'very similar', and 7 as 'extremely similar': How semantically similar is Crocodile and Turtle?",5
Crocodile|Anvil,"Answer with only one number from 1 to 7, considering 1 as 'extremely dissimilar', 2 as 'very dissimilar', 3 as 'likely dissimilar', 4 as 'neutral', 5 as 'likely similar', 6 as 'very similar', and 7 as 'extremely similar': How semantically similar is Crocodile and Anvil?",3
Crocodile|Axe,"Answer with only one number from 1 to 7, considering 1 as 'extremely dissimilar', 2 as 'very dissimilar', 3 as 'likely dissimilar', 4 as 'neutral', 5 as 'likely similar', 6 as 'very similar', and 7 as 'extremely similar': How semantically similar is Crocodile and Axe?",3
Crocodile|Chisel,"Answer with only one number from 1 to 7, considering 1 as 'extremely dissimilar', 2 as 'very dissimilar', 3 as 'likely dissimilar', 4 as 'neutral', 5 as 'likely similar', 6 as 'very similar', and 7 as 'extremely similar': How semantically similar is Crocodile and Chisel?",3
Crocodile|Grindingdisk,"Answer with only one number from 1 to 7, considering 1 as 'extremely dissimilar', 2 as 'very dissimilar', 3 as 'likely dissimilar', 4 as 'neutral', 5 as 'likely similar', 6 as 'very similar', and 7 as 'extremely similar': How semantically similar is Crocodile and Grindingdisk?",3
Crocodile|Hammer,"Answer with only one number from 1 to 7, considering 1 as 'extremely dissimilar', 2 as 'very dissimilar', 3 as 'likely dissimilar', 4 as 'neutral', 5 as 'likely similar', 6 as 'very similar', and 7 as 'extremely similar': How semantically similar is Crocodile and Hammer?",3
Crocodile|Knife,"Answer with only one number from 1 to 7, considering 1 as 'extremely dissimilar', 2 as 'very dissimilar', 3 as 'likely dissimilar', 4 as 'neutral', 5 as 'likely similar', 6 as 'very similar', and 7 as 'extremely similar': How semantically similar is Crocodile and Knife?",3
Crocodile|LawnMower,"Answer with only one number from 1 to 7, considering 1 as 'extremely dissimilar', 2 as 'very dissimilar', 3 as 'likely dissimilar', 4 as 'neutral', 5 as 'likely similar', 6 as 'very similar', and 7 as 'extremely similar': How semantically similar is Crocodile and LawnMower?",3
Crocodile|Nail,"Answer with only one number from 1 to 7, considering 1 as 'extremely dissimilar', 2 as 'very dissimilar', 3 as 'likely dissimilar', 4 as 'neutral', 5 as 'likely similar', 6 as 'very similar', and 7 as 'extremely similar': How semantically similar is Crocodile and Nail?",3
Crocodile|Oilcan,"Answer with only one number from 1 to 7, considering 1 as 'extremely dissimilar', 2 as 'very dissimilar', 3 as 'likely dissimilar', 4 as 'neutral', 5 as 'likely similar', 6 as 'very similar', and 7 as 'extremely similar': How semantically similar is Crocodile and Oilcan?",5
Crocodile|Paintbrush,"Answer with only one number from 1 to 7, considering 1 as 'extremely dissimilar', 2 as 'very dissimilar', 3 as 'likely dissimilar', 4 as 'neutral', 5 as 'likely similar', 6 as 'very similar', and 7 as 'extremely similar': How semantically similar is Crocodile and Paintbrush?",5
Crocodile|Saw,"Answer with only one number from 1 to 7, considering 1 as 'extremely dissimilar', 2 as 'very dissimilar', 3 as 'likely dissimilar', 4 as 'neutral', 5 as 'likely similar', 6 as 'very similar', and 7 as 'extremely similar': How semantically similar is Crocodile and Saw?",5
Crocodile|Screwdriver,"Answer with only one number from 1 to 7, considering 1 as 'extremely dissimilar', 2 as 'very dissimilar', 3 as 'likely dissimilar', 4 as 'neutral', 5 as 'likely similar', 6 as 'very similar', and 7 as 'extremely similar': How semantically similar is Crocodile and Screwdriver?",3
Crocodile|Shovel,"Answer with only one number from 1 to 7, considering 1 as 'extremely dissimilar', 2 as 'very dissimilar', 3 as 'likely dissimilar', 4 as 'neutral', 5 as 'likely similar', 6 as 'very similar', and 7 as 'extremely similar': How semantically similar is Crocodile and Shovel?",3
Crocodile|Spanner,"Answer with only one number from 1 to 7, considering 1 as 'extremely dissimilar', 2 as 'very dissimilar', 3 as 'likely dissimilar', 4 as 'neutral', 5 as 'likely similar', 6 as 'very similar', and 7 as 'extremely similar': How semantically similar is Crocodile and Spanner?",5
Crocodile|Vacuum,"Answer with only one number from 1 to 7, considering 1 as 'extremely dissimilar', 2 as 'very dissimilar', 3 as 'likely dissimilar', 4 as 'neutral', 5 as 'likely similar', 6 as 'very similar', and 7 as 'extremely similar': How semantically similar is Crocodile and Vacuum?",3
Dinosaur|Alligator,"Answer with only one number from 1 to 7, considering 1 as 'extremely dissimilar', 2 as 'very dissimilar', 3 as 'likely dissimilar', 4 as 'neutral', 5 as 'likely similar', 6 as 'very similar', and 7 as 'extremely similar': How semantically similar is Dinosaur and Alligator?",5
Dinosaur|Blindworm,"Answer with only one number from 1 to 7, considering 1 as 'extremely dissimilar', 2 as 'very dissimilar', 3 as 'likely dissimilar', 4 as 'neutral', 5 as 'likely similar', 6 as 'very similar', and 7 as 'extremely similar': How semantically similar is Dinosaur and Blindworm?",5
Dinosaur|Boapython,"Answer with only one number from 1 to 7, considering 1 as 'extremely dissimilar', 2 as 'very dissimilar', 3 as 'likely dissimilar', 4 as 'neutral', 5 as 'likely similar', 6 as 'very similar', and 7 as 'extremely similar': How semantically similar is Dinosaur and Boapython?",5
Dinosaur|Caiman,"Answer with only one number from 1 to 7, considering 1 as 'extremely dissimilar', 2 as 'very dissimilar', 3 as 'likely dissimilar', 4 as 'neutral', 5 as 'likely similar', 6 as 'very similar', and 7 as 'extremely similar': How semantically similar is Dinosaur and Caiman?",5
Dinosaur|Chameleon,"Answer with only one number from 1 to 7, considering 1 as 'extremely dissimilar', 2 as 'very dissimilar', 3 as 'likely dissimilar', 4 as 'neutral', 5 as 'likely similar', 6 as 'very similar', and 7 as 'extremely similar': How semantically similar is Dinosaur and Chameleon?",5
Dinosaur|Cobra,"Answer with only one number from 1 to 7, considering 1 as 'extremely dissimilar', 2 as 'very dissimilar', 3 as 'likely dissimilar', 4 as 'neutral', 5 as 'likely similar', 6 as 'very similar', and 7 as 'extremely similar': How semantically similar is Dinosaur and Cobra?",5
Dinosaur|Crocodile,"Answer with only one number from 1 to 7, considering 1 as 'extremely dissimilar', 2 as 'very dissimilar', 3 as 'likely dissimilar', 4 as 'neutral', 5 as 'likely similar', 6 as 'very similar', and 7 as 'extremely similar': How semantically similar is Dinosaur and Crocodile?",5
Dinosaur|Dinosaur,"Answer with only one number from 1 to 7, considering 1 as 'extremely dissimilar', 2 as 'very dissimilar', 3 as 'likely dissimilar', 4 as 'neutral', 5 as 'likely similar', 6 as 'very similar', and 7 as 'extremely similar': How semantically similar is Dinosaur and Dinosaur?",7
Dinosaur|Gecko,"Answer with only one number from 1 to 7, considering 1 as 'extremely dissimilar', 2 as 'very dissimilar', 3 as 'likely dissimilar', 4 as 'neutral', 5 as 'likely similar', 6 as 'very similar', and 7 as 'extremely similar': How semantically similar is Dinosaur and Gecko?",5
Dinosaur|Lizard,"Answer with only one number from 1 to 7, considering 1 as 'extremely dissimilar', 2 as 'very dissimilar', 3 as 'likely dissimilar', 4 as 'neutral', 5 as 'likely similar', 6 as 'very similar', and 7 as 'extremely similar': How semantically similar is Dinosaur and Lizard?",5
Dinosaur|Salamander,"Answer with only one number from 1 to 7, considering 1 as 'extremely dissimilar', 2 as 'very dissimilar', 3 as 'likely dissimilar', 4 as 'neutral', 5 as 'likely similar', 6 as 'very similar', and 7 as 'extremely similar': How semantically similar is Dinosaur and Salamander?",5
Dinosaur|Snake,"Answer with only one number from 1 to 7, considering 1 as 'extremely dissimilar', 2 as 'very dissimilar', 3 as 'likely dissimilar', 4 as 'neutral', 5 as 'likely similar', 6 as 'very similar', and 7 as 'extremely similar': How semantically similar is Dinosaur and Snake?",5
Dinosaur|Toad,"Answer with only one number from 1 to 7, considering 1 as 'extremely dissimilar', 2 as 'very dissimilar', 3 as 'likely dissimilar', 4 as 'neutral', 5 as 'likely similar', 6 as 'very similar', and 7 as 'extremely similar': How semantically similar is Dinosaur and Toad?",3
Dinosaur|Tortoise,"Answer with only one number from 1 to 7, considering 1 as 'extremely dissimilar', 2 as 'very dissimilar', 3 as 'likely dissimilar', 4 as 'neutral', 5 as 'likely similar', 6 as 'very similar', and 7 as 'extremely similar': How semantically similar is Dinosaur and Tortoise?",5
Dinosaur|Turtle,"Answer with only one number from 1 to 7, considering 1 as 'extremely dissimilar', 2 as 'very dissimilar', 3 as 'likely dissimilar', 4 as 'neutral', 5 as 'likely similar', 6 as 'very similar', and 7 as 'extremely similar': How semantically similar is Dinosaur and Turtle?",5
Dinosaur|Anvil,"Answer with only one number from 1 to 7, considering 1 as 'extremely dissimilar', 2 as 'very dissimilar', 3 as 'likely dissimilar', 4 as 'neutral', 5 as 'likely similar', 6 as 'very similar', and 7 as 'extremely similar': How semantically similar is Dinosaur and Anvil?",5
Dinosaur|Axe,"Answer with only one number from 1 to 7, considering 1 as 'extremely dissimilar', 2 as 'very dissimilar', 3 as 'likely dissimilar', 4 as 'neutral', 5 as 'likely similar', 6 as 'very similar', and 7 as 'extremely similar': How semantically similar is Dinosaur and Axe?",3
Dinosaur|Chisel,"Answer with only one number from 1 to 7, considering 1 as 'extremely dissimilar', 2 as 'very dissimilar', 3 as 'likely dissimilar', 4 as 'neutral', 5 as 'likely similar', 6 as 'very similar', and 7 as 'extremely similar': How semantically similar is Dinosaur and Chisel?",3
Dinosaur|Grindingdisk,"Answer with only one number from 1 to 7, considering 1 as 'extremely dissimilar', 2 as 'very dissimilar', 3 as 'likely dissimilar', 4 as 'neutral', 5 as 'likely similar', 6 as 'very similar', and 7 as 'extremely similar': How semantically similar is Dinosaur and Grindingdisk?",3
Dinosaur|Hammer,"Answer with only one number from 1 to 7, considering 1 as 'extremely dissimilar', 2 as 'very dissimilar', 3 as 'likely dissimilar', 4 as 'neutral', 5 as 'likely similar', 6 as 'very similar', and 7 as 'extremely similar': How semantically similar is Dinosaur and Hammer?",3
Dinosaur|Knife,"Answer with only one number from 1 to 7, considering 1 as 'extremely dissimilar', 2 as 'very dissimilar', 3 as 'likely dissimilar', 4 as 'neutral', 5 as 'likely similar', 6 as 'very similar', and 7 as 'extremely similar': How semantically similar is Dinosaur and Knife?",3
Dinosaur|LawnMower,"Answer with only one number from 1 to 7, considering 1 as 'extremely dissimilar', 2 as 'very dissimilar', 3 as 'likely dissimilar', 4 as 'neutral', 5 as 'likely similar', 6 as 'very similar', and 7 as 'extremely similar': How semantically similar is Dinosaur and LawnMower?",3
Dinosaur|Nail,"Answer with only one number from 1 to 7, considering 1 as 'extremely dissimilar', 2 as 'very dissimilar', 3 as 'likely dissimilar', 4 as 'neutral', 5 as 'likely similar', 6 as 'very similar', and 7 as 'extremely similar': How semantically similar is Dinosaur and Nail?",3
Dinosaur|Oilcan,"Answer with only one number from 1 to 7, considering 1 as 'extremely dissimilar', 2 as 'very dissimilar', 3 as 'likely dissimilar', 4 as 'neutral', 5 as 'likely similar', 6 as 'very similar', and 7 as 'extremely similar': How semantically similar is Dinosaur and Oilcan?",5
Dinosaur|Paintbrush,"Answer with only one number from 1 to 7, considering 1 as 'extremely dissimilar', 2 as 'very dissimilar', 3 as 'likely dissimilar', 4 as 'neutral', 5 as 'likely similar', 6 as 'very similar', and 7 as 'extremely similar': How semantically similar is Dinosaur and Paintbrush?",5
Dinosaur|Saw,"Answer with only one number from 1 to 7, considering 1 as 'extremely dissimilar', 2 as 'very dissimilar', 3 as 'likely dissimilar', 4 as 'neutral', 5 as 'likely similar', 6 as 'very similar', and 7 as 'extremely similar': How semantically similar is Dinosaur and Saw?",3
Dinosaur|Screwdriver,"Answer with only one number from 1 to 7, considering 1 as 'extremely dissimilar', 2 as 'very dissimilar', 3 as 'likely dissimilar', 4 as 'neutral', 5 as 'likely similar', 6 as 'very similar', and 7 as 'extremely similar': How semantically similar is Dinosaur and Screwdriver?",5
Dinosaur|Shovel,"Answer with only one number from 1 to 7, considering 1 as 'extremely dissimilar', 2 as 'very dissimilar', 3 as 'likely dissimilar', 4 as 'neutral', 5 as 'likely similar', 6 as 'very similar', and 7 as 'extremely similar': How semantically similar is Dinosaur and Shovel?",5
Dinosaur|Spanner,"Answer with only one number from 1 to 7, considering 1 as 'extremely dissimilar', 2 as 'very dissimilar', 3 as 'likely dissimilar', 4 as 'neutral', 5 as 'likely similar', 6 as 'very similar', and 7 as 'extremely similar': How semantically similar is Dinosaur and Spanner?",5
Dinosaur|Vacuum,"Answer with only one number from 1 to 7, considering 1 as 'extremely dissimilar', 2 as 'very dissimilar', 3 as 'likely dissimilar', 4 as 'neutral', 5 as 'likely similar', 6 as 'very similar', and 7 as 'extremely similar': How semantically similar is Dinosaur and Vacuum?",3
Gecko|Alligator,"Answer with only one number from 1 to 7, considering 1 as 'extremely dissimilar', 2 as 'very dissimilar', 3 as 'likely dissimilar', 4 as 'neutral', 5 as 'likely similar', 6 as 'very similar', and 7 as 'extremely similar': How semantically similar is Gecko and Alligator?",5
Gecko|Blindworm,"Answer with only one number from 1 to 7, considering 1 as 'extremely dissimilar', 2 as 'very dissimilar', 3 as 'likely dissimilar', 4 as 'neutral', 5 as 'likely similar', 6 as 'very similar', and 7 as 'extremely similar': How semantically similar is Gecko and Blindworm?",5
Gecko|Boapython,"Answer with only one number from 1 to 7, considering 1 as 'extremely dissimilar', 2 as 'very dissimilar', 3 as 'likely dissimilar', 4 as 'neutral', 5 as 'likely similar', 6 as 'very similar', and 7 as 'extremely similar': How semantically similar is Gecko and Boapython?",5
Gecko|Caiman,"Answer with only one number from 1 to 7, considering 1 as 'extremely dissimilar', 2 as 'very dissimilar', 3 as 'likely dissimilar', 4 as 'neutral', 5 as 'likely similar', 6 as 'very similar', and 7 as 'extremely similar': How semantically similar is Gecko and Caiman?",5
Gecko|Chameleon,"Answer with only one number from 1 to 7, considering 1 as 'extremely dissimilar', 2 as 'very dissimilar', 3 as 'likely dissimilar', 4 as 'neutral', 5 as 'likely similar', 6 as 'very similar', and 7 as 'extremely similar': How semantically similar is Gecko and Chameleon?",5
Gecko|Cobra,"Answer with only one number from 1 to 7, considering 1 as 'extremely dissimilar', 2 as 'very dissimilar', 3 as 'likely dissimilar', 4 as 'neutral', 5 as 'likely similar', 6 as 'very similar', and 7 as 'extremely similar': How semantically similar is Gecko and Cobra?",5
Gecko|Crocodile,"Answer with only one number from 1 to 7, considering 1 as 'extremely dissimilar', 2 as 'very dissimilar', 3 as 'likely dissimilar', 4 as 'neutral', 5 as 'likely similar', 6 as 'very similar', and 7 as 'extremely similar': How semantically similar is Gecko and Crocodile?",5
Gecko|Dinosaur,"Answer with only one number from 1 to 7, considering 1 as 'extremely dissimilar', 2 as 'very dissimilar', 3 as 'likely dissimilar', 4 as 'neutral', 5 as 'likely similar', 6 as 'very similar', and 7 as 'extremely similar': How semantically similar is Gecko and Dinosaur?",5
Gecko|Gecko,"Answer with only one number from 1 to 7, considering 1 as 'extremely dissimilar', 2 as 'very dissimilar', 3 as 'likely dissimilar', 4 as 'neutral', 5 as 'likely similar', 6 as 'very similar', and 7 as 'extremely similar': How semantically similar is Gecko and Gecko?",7
Gecko|Lizard,"Answer with only one number from 1 to 7, considering 1 as 'extremely dissimilar', 2 as 'very dissimilar', 3 as 'likely dissimilar', 4 as 'neutral', 5 as 'likely similar', 6 as 'very similar', and 7 as 'extremely similar': How semantically similar is Gecko and Lizard?",5
Gecko|Salamander,"Answer with only one number from 1 to 7, considering 1 as 'extremely dissimilar', 2 as 'very dissimilar', 3 as 'likely dissimilar', 4 as 'neutral', 5 as 'likely similar', 6 as 'very similar', and 7 as 'extremely similar': How semantically similar is Gecko and Salamander?",5
Gecko|Snake,"Answer with only one number from 1 to 7, considering 1 as 'extremely dissimilar', 2 as 'very dissimilar', 3 as 'likely dissimilar', 4 as 'neutral', 5 as 'likely similar', 6 as 'very similar', and 7 as 'extremely similar': How semantically similar is Gecko and Snake?",5
Gecko|Toad,"Answer with only one number from 1 to 7, considering 1 as 'extremely dissimilar', 2 as 'very dissimilar', 3 as 'likely dissimilar', 4 as 'neutral', 5 as 'likely similar', 6 as 'very similar', and 7 as 'extremely similar': How semantically similar is Gecko and Toad?",5
Gecko|Tortoise,"Answer with only one number from 1 to 7, considering 1 as 'extremely dissimilar', 2 as 'very dissimilar', 3 as 'likely dissimilar', 4 as 'neutral', 5 as 'likely similar', 6 as 'very similar', and 7 as 'extremely similar': How semantically similar is Gecko and Tortoise?",5
Gecko|Turtle,"Answer with only one number from 1 to 7, considering 1 as 'extremely dissimilar', 2 as 'very dissimilar', 3 as 'likely dissimilar', 4 as 'neutral', 5 as 'likely similar', 6 as 'very similar', and 7 as 'extremely similar': How semantically similar is Gecko and Turtle?",5
Gecko|Anvil,"Answer with only one number from 1 to 7, considering 1 as 'extremely dissimilar', 2 as 'very dissimilar', 3 as 'likely dissimilar', 4 as 'neutral', 5 as 'likely similar', 6 as 'very similar', and 7 as 'extremely similar': How semantically similar is Gecko and Anvil?",5
Gecko|Axe,"Answer with only one number from 1 to 7, considering 1 as 'extremely dissimilar', 2 as 'very dissimilar', 3 as 'likely dissimilar', 4 as 'neutral', 5 as 'likely similar', 6 as 'very similar', and 7 as 'extremely similar': How semantically similar is Gecko and Axe?",3
Gecko|Chisel,"Answer with only one number from 1 to 7, considering 1 as 'extremely dissimilar', 2 as 'very dissimilar', 3 as 'likely dissimilar', 4 as 'neutral', 5 as 'likely similar', 6 as 'very similar', and 7 as 'extremely similar': How semantically similar is Gecko and Chisel?",5
Gecko|Grindingdisk,"Answer with only one number from 1 to 7, considering 1 as 'extremely dissimilar', 2 as 'very dissimilar', 3 as 'likely dissimilar', 4 as 'neutral', 5 as 'likely similar', 6 as 'very similar', and 7 as 'extremely similar': How semantically similar is Gecko and Grindingdisk?",5
Gecko|Hammer,"Answer with only one number from 1 to 7, considering 1 as 'extremely dissimilar', 2 as 'very dissimilar', 3 as 'likely dissimilar', 4 as 'neutral', 5 as 'likely similar', 6 as 'very similar', and 7 as 'extremely similar': How semantically similar is Gecko and Hammer?",3
Gecko|Knife,"Answer with only one number from 1 to 7, considering 1 as 'extremely dissimilar', 2 as 'very dissimilar', 3 as 'likely dissimilar', 4 as 'neutral', 5 as 'likely similar', 6 as 'very similar', and 7 as 'extremely similar': How semantically similar is Gecko and Knife?",3
Gecko|LawnMower,"Answer with only one number from 1 to 7, considering 1 as 'extremely dissimilar', 2 as 'very dissimilar', 3 as 'likely dissimilar', 4 as 'neutral', 5 as 'likely similar', 6 as 'very similar', and 7 as 'extremely similar': How semantically similar is Gecko and LawnMower?",3
Gecko|Nail,"Answer with only one number from 1 to 7, considering 1 as 'extremely dissimilar', 2 as 'very dissimilar', 3 as 'likely dissimilar', 4 as 'neutral', 5 as 'likely similar', 6 as 'very similar', and 7 as 'extremely similar': How semantically similar is Gecko and Nail?",5
Gecko|Oilcan,"Answer with only one number from 1 to 7, considering 1 as 'extremely dissimilar', 2 as 'very dissimilar', 3 as 'likely dissimilar', 4 as 'neutral', 5 as 'likely similar', 6 as 'very similar', and 7 as 'extremely similar': How semantically similar is Gecko and Oilcan?",3
Gecko|Paintbrush,"Answer with only one number from 1 to 7, considering 1 as 'extremely dissimilar', 2 as 'very dissimilar', 3 as 'likely dissimilar', 4 as 'neutral', 5 as 'likely similar', 6 as 'very similar', and 7 as 'extremely similar': How semantically similar is Gecko and Paintbrush?",5
Gecko|Saw,"Answer with only one number from 1 to 7, considering 1 as 'extremely dissimilar', 2 as 'very dissimilar', 3 as 'likely dissimilar', 4 as 'neutral', 5 as 'likely similar', 6 as 'very similar', and 7 as 'extremely similar': How semantically similar is Gecko and Saw?",5
Gecko|Screwdriver,"Answer with only one number from 1 to 7, considering 1 as 'extremely dissimilar', 2 as 'very dissimilar', 3 as 'likely dissimilar', 4 as 'neutral', 5 as 'likely similar', 6 as 'very similar', and 7 as 'extremely similar': How semantically similar is Gecko and Screwdriver?",5
Gecko|Shovel,"Answer with only one number from 1 to 7, considering 1 as 'extremely dissimilar', 2 as 'very dissimilar', 3 as 'likely dissimilar', 4 as 'neutral', 5 as 'likely similar', 6 as 'very similar', and 7 as 'extremely similar': How semantically similar is Gecko and Shovel?",3
Gecko|Spanner,"Answer with only one number from 1 to 7, considering 1 as 'extremely dissimilar', 2 as 'very dissimilar', 3 as 'likely dissimilar', 4 as 'neutral', 5 as 'likely similar', 6 as 'very similar', and 7 as 'extremely similar': How semantically similar is Gecko and Spanner?",5
Gecko|Vacuum,"Answer with only one number from 1 to 7, considering 1 as 'extremely dissimilar', 2 as 'very dissimilar', 3 as 'likely dissimilar', 4 as 'neutral', 5 as 'likely similar', 6 as 'very similar', and 7 as 'extremely similar': How semantically similar is Gecko and Vacuum?",3
Lizard|Alligator,"Answer with only one number from 1 to 7, considering 1 as 'extremely dissimilar', 2 as 'very dissimilar', 3 as 'likely dissimilar', 4 as 'neutral', 5 as 'likely similar', 6 as 'very similar', and 7 as 'extremely similar': How semantically similar is Lizard and Alligator?",5
Lizard|Blindworm,"Answer with only one number from 1 to 7, considering 1 as 'extremely dissimilar', 2 as 'very dissimilar', 3 as 'likely dissimilar', 4 as 'neutral', 5 as 'likely similar', 6 as 'very similar', and 7 as 'extremely similar': How semantically similar is Lizard and Blindworm?",5
Lizard|Boapython,"Answer with only one number from 1 to 7, considering 1 as 'extremely dissimilar', 2 as 'very dissimilar', 3 as 'likely dissimilar', 4 as 'neutral', 5 as 'likely similar', 6 as 'very similar', and 7 as 'extremely similar': How semantically similar is Lizard and Boapython?",5
Lizard|Caiman,"Answer with only one number from 1 to 7, considering 1 as 'extremely dissimilar', 2 as 'very dissimilar', 3 as 'likely dissimilar', 4 as 'neutral', 5 as 'likely similar', 6 as 'very similar', and 7 as 'extremely similar': How semantically similar is Lizard and Caiman?",5
Lizard|Chameleon,"Answer with only one number from 1 to 7, considering 1 as 'extremely dissimilar', 2 as 'very dissimilar', 3 as 'likely dissimilar', 4 as 'neutral', 5 as 'likely similar', 6 as 'very similar', and 7 as 'extremely similar': How semantically similar is Lizard and Chameleon?",6
Lizard|Cobra,"Answer with only one number from 1 to 7, considering 1 as 'extremely dissimilar', 2 as 'very dissimilar', 3 as 'likely dissimilar', 4 as 'neutral', 5 as 'likely similar', 6 as 'very similar', and 7 as 'extremely similar': How semantically similar is Lizard and Cobra?",5
Lizard|Crocodile,"Answer with only one number from 1 to 7, considering 1 as 'extremely dissimilar', 2 as 'very dissimilar', 3 as 'likely dissimilar', 4 as 'neutral', 5 as 'likely similar', 6 as 'very similar', and 7 as 'extremely similar': How semantically similar is Lizard and Crocodile?",5
Lizard|Dinosaur,"Answer with only one number from 1 to 7, considering 1 as 'extremely dissimilar', 2 as 'very dissimilar', 3 as 'likely dissimilar', 4 as 'neutral', 5 as 'likely similar', 6 as 'very similar', and 7 as 'extremely similar': How semantically similar is Lizard and Dinosaur?",5
Lizard|Gecko,"Answer with only one number from 1 to 7, considering 1 as 'extremely dissimilar', 2 as 'very dissimilar', 3 as 'likely dissimilar', 4 as 'neutral', 5 as 'likely similar', 6 as 'very similar', and 7 as 'extremely similar': How semantically similar is Lizard and Gecko?",6
Lizard|Lizard,"Answer with only one number from 1 to 7, considering 1 as 'extremely dissimilar', 2 as 'very dissimilar', 3 as 'likely dissimilar', 4 as 'neutral', 5 as 'likely similar', 6 as 'very similar', and 7 as 'extremely similar': How semantically similar is Lizard and Lizard?",7
Lizard|Salamander,"Answer with only one number from 1 to 7, considering 1 as 'extremely dissimilar', 2 as 'very dissimilar', 3 as 'likely dissimilar', 4 as 'neutral', 5 as 'likely similar', 6 as 'very similar', and 7 as 'extremely similar': How semantically similar is Lizard and Salamander?",5
Lizard|Snake,"Answer with only one number from 1 to 7, considering 1 as 'extremely dissimilar', 2 as 'very dissimilar', 3 as 'likely dissimilar', 4 as 'neutral', 5 as 'likely similar', 6 as 'very similar', and 7 as 'extremely similar': How semantically similar is Lizard and Snake?",5
Lizard|Toad,"Answer with only one number from 1 to 7, considering 1 as 'extremely dissimilar', 2 as 'very dissimilar', 3 as 'likely dissimilar', 4 as 'neutral', 5 as 'likely similar', 6 as 'very similar', and 7 as 'extremely similar': How semantically similar is Lizard and Toad?",5
Lizard|Tortoise,"Answer with only one number from 1 to 7, considering 1 as 'extremely dissimilar', 2 as 'very dissimilar', 3 as 'likely dissimilar', 4 as 'neutral', 5 as 'likely similar', 6 as 'very similar', and 7 as 'extremely similar': How semantically similar is Lizard and Tortoise?",5
Lizard|Turtle,"Answer with only one number from 1 to 7, considering 1 as 'extremely dissimilar', 2 as 'very dissimilar', 3 as 'likely dissimilar', 4 as 'neutral', 5 as 'likely similar', 6 as 'very similar', and 7 as 'extremely similar': How semantically similar is Lizard and Turtle?",5
Lizard|Anvil,"Answer with only one number from 1 to 7, considering 1 as 'extremely dissimilar', 2 as 'very dissimilar', 3 as 'likely dissimilar', 4 as 'neutral', 5 as 'likely similar', 6 as 'very similar', and 7 as 'extremely similar': How semantically similar is Lizard and Anvil?",3
Lizard|Axe,"Answer with only one number from 1 to 7, considering 1 as 'extremely dissimilar', 2 as 'very dissimilar', 3 as 'likely dissimilar', 4 as 'neutral', 5 as 'likely similar', 6 as 'very similar', and 7 as 'extremely similar': How semantically similar is Lizard and Axe?",3
Lizard|Chisel,"Answer with only one number from 1 to 7, considering 1 as 'extremely dissimilar', 2 as 'very dissimilar', 3 as 'likely dissimilar', 4 as 'neutral', 5 as 'likely similar', 6 as 'very similar', and 7 as 'extremely similar': How semantically similar is Lizard and Chisel?",3
Lizard|Grindingdisk,"Answer with only one number from 1 to 7, considering 1 as 'extremely dissimilar', 2 as 'very dissimilar', 3 as 'likely dissimilar', 4 as 'neutral', 5 as 'likely similar', 6 as 'very similar', and 7 as 'extremely similar': How semantically similar is Lizard and Grindingdisk?",3
Lizard|Hammer,"Answer with only one number from 1 to 7, considering 1 as 'extremely dissimilar', 2 as 'very dissimilar', 3 as 'likely dissimilar', 4 as 'neutral', 5 as 'likely similar', 6 as 'very similar', and 7 as 'extremely similar': How semantically similar is Lizard and Hammer?",3
Lizard|Knife,"Answer with only one number from 1 to 7, considering 1 as 'extremely dissimilar', 2 as 'very dissimilar', 3 as 'likely dissimilar', 4 as 'neutral', 5 as 'likely similar', 6 as 'very similar', and 7 as 'extremely similar': How semantically similar is Lizard and Knife?",3
Lizard|LawnMower,"Answer with only one number from 1 to 7, considering 1 as 'extremely dissimilar', 2 as 'very dissimilar', 3 as 'likely dissimilar', 4 as 'neutral', 5 as 'likely similar', 6 as 'very similar', and 7 as 'extremely similar': How semantically similar is Lizard and LawnMower?",3
Lizard|Nail,"Answer with only one number from 1 to 7, considering 1 as 'extremely dissimilar', 2 as 'very dissimilar', 3 as 'likely dissimilar', 4 as 'neutral', 5 as 'likely similar', 6 as 'very similar', and 7 as 'extremely similar': How semantically similar is Lizard and Nail?",5
Lizard|Oilcan,"Answer with only one number from 1 to 7, considering 1 as 'extremely dissimilar', 2 as 'very dissimilar', 3 as 'likely dissimilar', 4 as 'neutral', 5 as 'likely similar', 6 as 'very similar', and 7 as 'extremely similar': How semantically similar is Lizard and Oilcan?",3
Lizard|Paintbrush,"Answer with only one number from 1 to 7, considering 1 as 'extremely dissimilar', 2 as 'very dissimilar', 3 as 'likely dissimilar', 4 as 'neutral', 5 as 'likely similar', 6 as 'very similar', and 7 as 'extremely similar': How semantically similar is Lizard and Paintbrush?",5
Lizard|Saw,"Answer with only one number from 1 to 7, considering 1 as 'extremely dissimilar', 2 as 'very dissimilar', 3 as 'likely dissimilar', 4 as 'neutral', 5 as 'likely similar', 6 as 'very similar', and 7 as 'extremely similar': How semantically similar is Lizard and Saw?",5
Lizard|Screwdriver,"Answer with only one number from 1 to 7, considering 1 as 'extremely dissimilar', 2 as 'very dissimilar', 3 as 'likely dissimilar', 4 as 'neutral', 5 as 'likely similar', 6 as 'very similar', and 7 as 'extremely similar': How semantically similar is Lizard and Screwdriver?",3
Lizard|Shovel,"Answer with only one number from 1 to 7, considering 1 as 'extremely dissimilar', 2 as 'very dissimilar', 3 as 'likely dissimilar', 4 as 'neutral', 5 as 'likely similar', 6 as 'very similar', and 7 as 'extremely similar': How semantically similar is Lizard and Shovel?",3
Lizard|Spanner,"Answer with only one number from 1 to 7, considering 1 as 'extremely dissimilar', 2 as 'very dissimilar', 3 as 'likely dissimilar', 4 as 'neutral', 5 as 'likely similar', 6 as 'very similar', and 7 as 'extremely similar': How semantically similar is Lizard and Spanner?",5
Lizard|Vacuum,"Answer with only one number from 1 to 7, considering 1 as 'extremely dissimilar', 2 as 'very dissimilar', 3 as 'likely dissimilar', 4 as 'neutral', 5 as 'likely similar', 6 as 'very similar', and 7 as 'extremely similar': How semantically similar is Lizard and Vacuum?",3
Salamander|Alligator,"Answer with only one number from 1 to 7, considering 1 as 'extremely dissimilar', 2 as 'very dissimilar', 3 as 'likely dissimilar', 4 as 'neutral', 5 as 'likely similar', 6 as 'very similar', and 7 as 'extremely similar': How semantically similar is Salamander and Alligator?",5
Salamander|Blindworm,"Answer with only one number from 1 to 7, considering 1 as 'extremely dissimilar', 2 as 'very dissimilar', 3 as 'likely dissimilar', 4 as 'neutral', 5 as 'likely similar', 6 as 'very similar', and 7 as 'extremely similar': How semantically similar is Salamander and Blindworm?",5
Salamander|Boapython,"Answer with only one number from 1 to 7, considering 1 as 'extremely dissimilar', 2 as 'very dissimilar', 3 as 'likely dissimilar', 4 as 'neutral', 5 as 'likely similar', 6 as 'very similar', and 7 as 'extremely similar': How semantically similar is Salamander and Boapython?",5
Salamander|Caiman,"Answer with only one number from 1 to 7, considering 1 as 'extremely dissimilar', 2 as 'very dissimilar', 3 as 'likely dissimilar', 4 as 'neutral', 5 as 'likely similar', 6 as 'very similar', and 7 as 'extremely similar': How semantically similar is Salamander and Caiman?",5
Salamander|Chameleon,"Answer with only one number from 1 to 7, considering 1 as 'extremely dissimilar', 2 as 'very dissimilar', 3 as 'likely dissimilar', 4 as 'neutral', 5 as 'likely similar', 6 as 'very similar', and 7 as 'extremely similar': How semantically similar is Salamander and Chameleon?",5
Salamander|Cobra,"Answer with only one number from 1 to 7, considering 1 as 'extremely dissimilar', 2 as 'very dissimilar', 3 as 'likely dissimilar', 4 as 'neutral', 5 as 'likely similar', 6 as 'very similar', and 7 as 'extremely similar': How semantically similar is Salamander and Cobra?",5
Salamander|Crocodile,"Answer with only one number from 1 to 7, considering 1 as 'extremely dissimilar', 2 as 'very dissimilar', 3 as 'likely dissimilar', 4 as 'neutral', 5 as 'likely similar', 6 as 'very similar', and 7 as 'extremely similar': How semantically similar is Salamander and Crocodile?",5
Salamander|Dinosaur,"Answer with only one number from 1 to 7, considering 1 as 'extremely dissimilar', 2 as 'very dissimilar', 3 as 'likely dissimilar', 4 as 'neutral', 5 as 'likely similar', 6 as 'very similar', and 7 as 'extremely similar': How semantically similar is Salamander and Dinosaur?",5
Salamander|Gecko,"Answer with only one number from 1 to 7, considering 1 as 'extremely dissimilar', 2 as 'very dissimilar', 3 as 'likely dissimilar', 4 as 'neutral', 5 as 'likely similar', 6 as 'very similar', and 7 as 'extremely similar': How semantically similar is Salamander and Gecko?",5
Salamander|Lizard,"Answer with only one number from 1 to 7, considering 1 as 'extremely dissimilar', 2 as 'very dissimilar', 3 as 'likely dissimilar', 4 as 'neutral', 5 as 'likely similar', 6 as 'very similar', and 7 as 'extremely similar': How semantically similar is Salamander and Lizard?",5
Salamander|Salamander,"Answer with only one number from 1 to 7, considering 1 as 'extremely dissimilar', 2 as 'very dissimilar', 3 as 'likely dissimilar', 4 as 'neutral', 5 as 'likely similar', 6 as 'very similar', and 7 as 'extremely similar': How semantically similar is Salamander and Salamander?",7
Salamander|Snake,"Answer with only one number from 1 to 7, considering 1 as 'extremely dissimilar', 2 as 'very dissimilar', 3 as 'likely dissimilar', 4 as 'neutral', 5 as 'likely similar', 6 as 'very similar', and 7 as 'extremely similar': How semantically similar is Salamander and Snake?",5
Salamander|Toad,"Answer with only one number from 1 to 7, considering 1 as 'extremely dissimilar', 2 as 'very dissimilar', 3 as 'likely dissimilar', 4 as 'neutral', 5 as 'likely similar', 6 as 'very similar', and 7 as 'extremely similar': How semantically similar is Salamander and Toad?",5
Salamander|Tortoise,"Answer with only one number from 1 to 7, considering 1 as 'extremely dissimilar', 2 as 'very dissimilar', 3 as 'likely dissimilar', 4 as 'neutral', 5 as 'likely similar', 6 as 'very similar', and 7 as 'extremely similar': How semantically similar is Salamander and Tortoise?",5
Salamander|Turtle,"Answer with only one number from 1 to 7, considering 1 as 'extremely dissimilar', 2 as 'very dissimilar', 3 as 'likely dissimilar', 4 as 'neutral', 5 as 'likely similar', 6 as 'very similar', and 7 as 'extremely similar': How semantically similar is Salamander and Turtle?",5
Salamander|Anvil,"Answer with only one number from 1 to 7, considering 1 as 'extremely dissimilar', 2 as 'very dissimilar', 3 as 'likely dissimilar', 4 as 'neutral', 5 as 'likely similar', 6 as 'very similar', and 7 as 'extremely similar': How semantically similar is Salamander and Anvil?",3
Salamander|Axe,"Answer with only one number from 1 to 7, considering 1 as 'extremely dissimilar', 2 as 'very dissimilar', 3 as 'likely dissimilar', 4 as 'neutral', 5 as 'likely similar', 6 as 'very similar', and 7 as 'extremely similar': How semantically similar is Salamander and Axe?",5
Salamander|Chisel,"Answer with only one number from 1 to 7, considering 1 as 'extremely dissimilar', 2 as 'very dissimilar', 3 as 'likely dissimilar', 4 as 'neutral', 5 as 'likely similar', 6 as 'very similar', and 7 as 'extremely similar': How semantically similar is Salamander and Chisel?",3
Salamander|Grindingdisk,"Answer with only one number from 1 to 7, considering 1 as 'extremely dissimilar', 2 as 'very dissimilar', 3 as 'likely dissimilar', 4 as 'neutral', 5 as 'likely similar', 6 as 'very similar', and 7 as 'extremely similar': How semantically similar is Salamander and Grindingdisk?",3
Salamander|Hammer,"Answer with only one number from 1 to 7, considering 1 as 'extremely dissimilar', 2 as 'very dissimilar', 3 as 'likely dissimilar', 4 as 'neutral', 5 as 'likely similar', 6 as 'very similar', and 7 as 'extremely similar': How semantically similar is Salamander and Hammer?",3
Salamander|Knife,"Answer with only one number from 1 to 7, considering 1 as 'extremely dissimilar', 2 as 'very dissimilar', 3 as 'likely dissimilar', 4 as 'neutral', 5 as 'likely similar', 6 as 'very similar', and 7 as 'extremely similar': How semantically similar is Salamander and Knife?",3
Salamander|LawnMower,"Answer with only one number from 1 to 7, considering 1 as 'extremely dissimilar', 2 as 'very dissimilar', 3 as 'likely dissimilar', 4 as 'neutral', 5 as 'likely similar', 6 as 'very similar', and 7 as 'extremely similar': How semantically similar is Salamander and LawnMower?",3
Salamander|Nail,"Answer with only one number from 1 to 7, considering 1 as 'extremely dissimilar', 2 as 'very dissimilar', 3 as 'likely dissimilar', 4 as 'neutral', 5 as 'likely similar', 6 as 'very similar', and 7 as 'extremely similar': How semantically similar is Salamander and Nail?",3
Salamander|Oilcan,"Answer with only one number from 1 to 7, considering 1 as 'extremely dissimilar', 2 as 'very dissimilar', 3 as 'likely dissimilar', 4 as 'neutral', 5 as 'likely similar', 6 as 'very similar', and 7 as 'extremely similar': How semantically similar is Salamander and Oilcan?",3
Salamander|Paintbrush,"Answer with only one number from 1 to 7, considering 1 as 'extremely dissimilar', 2 as 'very dissimilar', 3 as 'likely dissimilar', 4 as 'neutral', 5 as 'likely similar', 6 as 'very similar', and 7 as 'extremely similar': How semantically similar is Salamander and Paintbrush?",5
Salamander|Saw,"Answer with only one number from 1 to 7, considering 1 as 'extremely dissimilar', 2 as 'very dissimilar', 3 as 'likely dissimilar', 4 as 'neutral', 5 as 'likely similar', 6 as 'very similar', and 7 as 'extremely similar': How semantically similar is Salamander and Saw?",3
Salamander|Screwdriver,"Answer with only one number from 1 to 7, considering 1 as 'extremely dissimilar', 2 as 'very dissimilar', 3 as 'likely dissimilar', 4 as 'neutral', 5 as 'likely similar', 6 as 'very similar', and 7 as 'extremely similar': How semantically similar is Salamander and Screwdriver?",3
Salamander|Shovel,"Answer with only one number from 1 to 7, considering 1 as 'extremely dissimilar', 2 as 'very dissimilar', 3 as 'likely dissimilar', 4 as 'neutral', 5 as 'likely similar', 6 as 'very similar', and 7 as 'extremely similar': How semantically similar is Salamander and Shovel?",3
Salamander|Spanner,"Answer with only one number from 1 to 7, considering 1 as 'extremely dissimilar', 2 as 'very dissimilar', 3 as 'likely dissimilar', 4 as 'neutral', 5 as 'likely similar', 6 as 'very similar', and 7 as 'extremely similar': How semantically similar is Salamander and Spanner?",5
Salamander|Vacuum,"Answer with only one number from 1 to 7, considering 1 as 'extremely dissimilar', 2 as 'very dissimilar', 3 as 'likely dissimilar', 4 as 'neutral', 5 as 'likely similar', 6 as 'very similar', and 7 as 'extremely similar': How semantically similar is Salamander and Vacuum?",3
Snake|Alligator,"Answer with only one number from 1 to 7, considering 1 as 'extremely dissimilar', 2 as 'very dissimilar', 3 as 'likely dissimilar', 4 as 'neutral', 5 as 'likely similar', 6 as 'very similar', and 7 as 'extremely similar': How semantically similar is Snake and Alligator?",5
Snake|Blindworm,"Answer with only one number from 1 to 7, considering 1 as 'extremely dissimilar', 2 as 'very dissimilar', 3 as 'likely dissimilar', 4 as 'neutral', 5 as 'likely similar', 6 as 'very similar', and 7 as 'extremely similar': How semantically similar is Snake and Blindworm?",5
Snake|Boapython,"Answer with only one number from 1 to 7, considering 1 as 'extremely dissimilar', 2 as 'very dissimilar', 3 as 'likely dissimilar', 4 as 'neutral', 5 as 'likely similar', 6 as 'very similar', and 7 as 'extremely similar': How semantically similar is Snake and Boapython?",5
Snake|Caiman,"Answer with only one number from 1 to 7, considering 1 as 'extremely dissimilar', 2 as 'very dissimilar', 3 as 'likely dissimilar', 4 as 'neutral', 5 as 'likely similar', 6 as 'very similar', and 7 as 'extremely similar': How semantically similar is Snake and Caiman?",5
Snake|Chameleon,"Answer with only one number from 1 to 7, considering 1 as 'extremely dissimilar', 2 as 'very dissimilar', 3 as 'likely dissimilar', 4 as 'neutral', 5 as 'likely similar', 6 as 'very similar', and 7 as 'extremely similar': How semantically similar is Snake and Chameleon?",5
Snake|Cobra,"Answer with only one number from 1 to 7, considering 1 as 'extremely dissimilar', 2 as 'very dissimilar', 3 as 'likely dissimilar', 4 as 'neutral', 5 as 'likely similar', 6 as 'very similar', and 7 as 'extremely similar': How semantically similar is Snake and Cobra?",6
Snake|Crocodile,"Answer with only one number from 1 to 7, considering 1 as 'extremely dissimilar', 2 as 'very dissimilar', 3 as 'likely dissimilar', 4 as 'neutral', 5 as 'likely similar', 6 as 'very similar', and 7 as 'extremely similar': How semantically similar is Snake and Crocodile?",5
Snake|Dinosaur,"Answer with only one number from 1 to 7, considering 1 as 'extremely dissimilar', 2 as 'very dissimilar', 3 as 'likely dissimilar', 4 as 'neutral', 5 as 'likely similar', 6 as 'very similar', and 7 as 'extremely similar': How semantically similar is Snake and Dinosaur?",5
Snake|Gecko,"Answer with only one number from 1 to 7, considering 1 as 'extremely dissimilar', 2 as 'very dissimilar', 3 as 'likely dissimilar', 4 as 'neutral', 5 as 'likely similar', 6 as 'very similar', and 7 as 'extremely similar': How semantically similar is Snake and Gecko?",5
Snake|Lizard,"Answer with only one number from 1 to 7, considering 1 as 'extremely dissimilar', 2 as 'very dissimilar', 3 as 'likely dissimilar', 4 as 'neutral', 5 as 'likely similar', 6 as 'very similar', and 7 as 'extremely similar': How semantically similar is Snake and Lizard?",5
Snake|Salamander,"Answer with only one number from 1 to 7, considering 1 as 'extremely dissimilar', 2 as 'very dissimilar', 3 as 'likely dissimilar', 4 as 'neutral', 5 as 'likely similar', 6 as 'very similar', and 7 as 'extremely similar': How semantically similar is Snake and Salamander?",5
Snake|Snake,"Answer with only one number from 1 to 7, considering 1 as 'extremely dissimilar', 2 as 'very dissimilar', 3 as 'likely dissimilar', 4 as 'neutral', 5 as 'likely similar', 6 as 'very similar', and 7 as 'extremely similar': How semantically similar is Snake and Snake?",7
Snake|Toad,"Answer with only one number from 1 to 7, considering 1 as 'extremely dissimilar', 2 as 'very dissimilar', 3 as 'likely dissimilar', 4 as 'neutral', 5 as 'likely similar', 6 as 'very similar', and 7 as 'extremely similar': How semantically similar is Snake and Toad?",5
Snake|Tortoise,"Answer with only one number from 1 to 7, considering 1 as 'extremely dissimilar', 2 as 'very dissimilar', 3 as 'likely dissimilar', 4 as 'neutral', 5 as 'likely similar', 6 as 'very similar', and 7 as 'extremely similar': How semantically similar is Snake and Tortoise?",5
Snake|Turtle,"Answer with only one number from 1 to 7, considering 1 as 'extremely dissimilar', 2 as 'very dissimilar', 3 as 'likely dissimilar', 4 as 'neutral', 5 as 'likely similar', 6 as 'very similar', and 7 as 'extremely similar': How semantically similar is Snake and Turtle?",5
Snake|Anvil,"Answer with only one number from 1 to 7, considering 1 as 'extremely dissimilar', 2 as 'very dissimilar', 3 as 'likely dissimilar', 4 as 'neutral', 5 as 'likely similar', 6 as 'very similar', and 7 as 'extremely similar': How semantically similar is Snake and Anvil?",3
Snake|Axe,"Answer with only one number from 1 to 7, considering 1 as 'extremely dissimilar', 2 as 'very dissimilar', 3 as 'likely dissimilar', 4 as 'neutral', 5 as 'likely similar', 6 as 'very similar', and 7 as 'extremely similar': How semantically similar is Snake and Axe?",3
Snake|Chisel,"Answer with only one number from 1 to 7, considering 1 as 'extremely dissimilar', 2 as 'very dissimilar', 3 as 'likely dissimilar', 4 as 'neutral', 5 as 'likely similar', 6 as 'very similar', and 7 as 'extremely similar': How semantically similar is Snake and Chisel?",3
Snake|Grindingdisk,"Answer with only one number from 1 to 7, considering 1 as 'extremely dissimilar', 2 as 'very dissimilar', 3 as 'likely dissimilar', 4 as 'neutral', 5 as 'likely similar', 6 as 'very similar', and 7 as 'extremely similar': How semantically similar is Snake and Grindingdisk?",3
Snake|Hammer,"Answer with only one number from 1 to 7, considering 1 as 'extremely dissimilar', 2 as 'very dissimilar', 3 as 'likely dissimilar', 4 as 'neutral', 5 as 'likely similar', 6 as 'very similar', and 7 as 'extremely similar': How semantically similar is Snake and Hammer?",3
Snake|Knife,"Answer with only one number from 1 to 7, considering 1 as 'extremely dissimilar', 2 as 'very dissimilar', 3 as 'likely dissimilar', 4 as 'neutral', 5 as 'likely similar', 6 as 'very similar', and 7 as 'extremely similar': How semantically similar is Snake and Knife?",5
Snake|LawnMower,"Answer with only one number from 1 to 7, considering 1 as 'extremely dissimilar', 2 as 'very dissimilar', 3 as 'likely dissimilar', 4 as 'neutral', 5 as 'likely similar', 6 as 'very similar', and 7 as 'extremely similar': How semantically similar is Snake and LawnMower?",3
Snake|Nail,"Answer with only one number from 1 to 7, considering 1 as 'extremely dissimilar', 2 as 'very dissimilar', 3 as 'likely dissimilar', 4 as 'neutral', 5 as 'likely similar', 6 as 'very similar', and 7 as 'extremely similar': How semantically similar is Snake and Nail?",5
Snake|Oilcan,"Answer with only one number from 1 to 7, considering 1 as 'extremely dissimilar', 2 as 'very dissimilar', 3 as 'likely dissimilar', 4 as 'neutral', 5 as 'likely similar', 6 as 'very similar', and 7 as 'extremely similar': How semantically similar is Snake and Oilcan?",3
Snake|Paintbrush,"Answer with only one number from 1 to 7, considering 1 as 'extremely dissimilar', 2 as 'very dissimilar', 3 as 'likely dissimilar', 4 as 'neutral', 5 as 'likely similar', 6 as 'very similar', and 7 as 'extremely similar': How semantically similar is Snake and Paintbrush?",5
Snake|Saw,"Answer with only one number from 1 to 7, considering 1 as 'extremely dissimilar', 2 as 'very dissimilar', 3 as 'likely dissimilar', 4 as 'neutral', 5 as 'likely similar', 6 as 'very similar', and 7 as 'extremely similar': How semantically similar is Snake and Saw?",5
Snake|Screwdriver,"Answer with only one number from 1 to 7, considering 1 as 'extremely dissimilar', 2 as 'very dissimilar', 3 as 'likely dissimilar', 4 as 'neutral', 5 as 'likely similar', 6 as 'very similar', and 7 as 'extremely similar': How semantically similar is Snake and Screwdriver?",3
Snake|Shovel,"Answer with only one number from 1 to 7, considering 1 as 'extremely dissimilar', 2 as 'very dissimilar', 3 as 'likely dissimilar', 4 as 'neutral', 5 as 'likely similar', 6 as 'very similar', and 7 as 'extremely similar': How semantically similar is Snake and Shovel?",5
Snake|Spanner,"Answer with only one number from 1 to 7, considering 1 as 'extremely dissimilar', 2 as 'very dissimilar', 3 as 'likely dissimilar', 4 as 'neutral', 5 as 'likely similar', 6 as 'very similar', and 7 as 'extremely similar': How semantically similar is Snake and Spanner?",5
Snake|Vacuum,"Answer with only one number from 1 to 7, considering 1 as 'extremely dissimilar', 2 as 'very dissimilar', 3 as 'likely dissimilar', 4 as 'neutral', 5 as 'likely similar', 6 as 'very similar', and 7 as 'extremely similar': How semantically similar is Snake and Vacuum?",3
Toad|Alligator,"Answer with only one number from 1 to 7, considering 1 as 'extremely dissimilar', 2 as 'very dissimilar', 3 as 'likely dissimilar', 4 as 'neutral', 5 as 'likely similar', 6 as 'very similar', and 7 as 'extremely similar': How semantically similar is Toad and Alligator?",5
Toad|Blindworm,"Answer with only one number from 1 to 7, considering 1 as 'extremely dissimilar', 2 as 'very dissimilar', 3 as 'likely dissimilar', 4 as 'neutral', 5 as 'likely similar', 6 as 'very similar', and 7 as 'extremely similar': How semantically similar is Toad and Blindworm?",5
Toad|Boapython,"Answer with only one number from 1 to 7, considering 1 as 'extremely dissimilar', 2 as 'very dissimilar', 3 as 'likely dissimilar', 4 as 'neutral', 5 as 'likely similar', 6 as 'very similar', and 7 as 'extremely similar': How semantically similar is Toad and Boapython?",5
Toad|Caiman,"Answer with only one number from 1 to 7, considering 1 as 'extremely dissimilar', 2 as 'very dissimilar', 3 as 'likely dissimilar', 4 as 'neutral', 5 as 'likely similar', 6 as 'very similar', and 7 as 'extremely similar': How semantically similar is Toad and Caiman?",5
Toad|Chameleon,"Answer with only one number from 1 to 7, considering 1 as 'extremely dissimilar', 2 as 'very dissimilar', 3 as 'likely dissimilar', 4 as 'neutral', 5 as 'likely similar', 6 as 'very similar', and 7 as 'extremely similar': How semantically similar is Toad and Chameleon?",5
Toad|Cobra,"Answer with only one number from 1 to 7, considering 1 as 'extremely dissimilar', 2 as 'very dissimilar', 3 as 'likely dissimilar', 4 as 'neutral', 5 as 'likely similar', 6 as 'very similar', and 7 as 'extremely similar': How semantically similar is Toad and Cobra?",5
Toad|Crocodile,"Answer with only one number from 1 to 7, considering 1 as 'extremely dissimilar', 2 as 'very dissimilar', 3 as 'likely dissimilar', 4 as 'neutral', 5 as 'likely similar', 6 as 'very similar', and 7 as 'extremely similar': How semantically similar is Toad and Crocodile?",5
Toad|Dinosaur,"Answer with only one number from 1 to 7, considering 1 as 'extremely dissimilar', 2 as 'very dissimilar', 3 as 'likely dissimilar', 4 as 'neutral', 5 as 'likely similar', 6 as 'very similar', and 7 as 'extremely similar': How semantically similar is Toad and Dinosaur?",3
Toad|Gecko,"Answer with only one number from 1 to 7, considering 1 as 'extremely dissimilar', 2 as 'very dissimilar', 3 as 'likely dissimilar', 4 as 'neutral', 5 as 'likely similar', 6 as 'very similar', and 7 as 'extremely similar': How semantically similar is Toad and Gecko?",5
Toad|Lizard,"Answer with only one number from 1 to 7, considering 1 as 'extremely dissimilar', 2 as 'very dissimilar', 3 as 'likely dissimilar', 4 as 'neutral', 5 as 'likely similar', 6 as 'very similar', and 7 as 'extremely similar': How semantically similar is Toad and Lizard?",5
Toad|Salamander,"Answer with only one number from 1 to 7, considering 1 as 'extremely dissimilar', 2 as 'very dissimilar', 3 as 'likely dissimilar', 4 as 'neutral', 5 as 'likely similar', 6 as 'very similar', and 7 as 'extremely similar': How semantically similar is Toad and Salamander?",5
Toad|Snake,"Answer with only one number from 1 to 7, considering 1 as 'extremely dissimilar', 2 as 'very dissimilar', 3 as 'likely dissimilar', 4 as 'neutral', 5 as 'likely similar', 6 as 'very similar', and 7 as 'extremely similar': How semantically similar is Toad and Snake?",5
Toad|Toad,"Answer with only one number from 1 to 7, considering 1 as 'extremely dissimilar', 2 as 'very dissimilar', 3 as 'likely dissimilar', 4 as 'neutral', 5 as 'likely similar', 6 as 'very similar', and 7 as 'extremely similar': How semantically similar is Toad and Toad?",7
Toad|Tortoise,"Answer with only one number from 1 to 7, considering 1 as 'extremely dissimilar', 2 as 'very dissimilar', 3 as 'likely dissimilar', 4 as 'neutral', 5 as 'likely similar', 6 as 'very similar', and 7 as 'extremely similar': How semantically similar is Toad and Tortoise?",5
Toad|Turtle,"Answer with only one number from 1 to 7, considering 1 as 'extremely dissimilar', 2 as 'very dissimilar', 3 as 'likely dissimilar', 4 as 'neutral', 5 as 'likely similar', 6 as 'very similar', and 7 as 'extremely similar': How semantically similar is Toad and Turtle?",5
Toad|Anvil,"Answer with only one number from 1 to 7, considering 1 as 'extremely dissimilar', 2 as 'very dissimilar', 3 as 'likely dissimilar', 4 as 'neutral', 5 as 'likely similar', 6 as 'very similar', and 7 as 'extremely similar': How semantically similar is Toad and Anvil?",5
Toad|Axe,"Answer with only one number from 1 to 7, considering 1 as 'extremely dissimilar', 2 as 'very dissimilar', 3 as 'likely dissimilar', 4 as 'neutral', 5 as 'likely similar', 6 as 'very similar', and 7 as 'extremely similar': How semantically similar is Toad and Axe?",3
Toad|Chisel,"Answer with only one number from 1 to 7, considering 1 as 'extremely dissimilar', 2 as 'very dissimilar', 3 as 'likely dissimilar', 4 as 'neutral', 5 as 'likely similar', 6 as 'very similar', and 7 as 'extremely similar': How semantically similar is Toad and Chisel?",5
Toad|Grindingdisk,"Answer with only one number from 1 to 7, considering 1 as 'extremely dissimilar', 2 as 'very dissimilar', 3 as 'likely dissimilar', 4 as 'neutral', 5 as 'likely similar', 6 as 'very similar', and 7 as 'extremely similar': How semantically similar is Toad and Grindingdisk?",5
Toad|Hammer,"Answer with only one number from 1 to 7, considering 1 as 'extremely dissimilar', 2 as 'very dissimilar', 3 as 'likely dissimilar', 4 as 'neutral', 5 as 'likely similar', 6 as 'very similar', and 7 as 'extremely similar': How semantically similar is Toad and Hammer?",3
Toad|Knife,"Answer with only one number from 1 to 7, considering 1 as 'extremely dissimilar', 2 as 'very dissimilar', 3 as 'likely dissimilar', 4 as 'neutral', 5 as 'likely similar', 6 as 'very similar', and 7 as 'extremely similar': How semantically similar is Toad and Knife?",3
Toad|LawnMower,"Answer with only one number from 1 to 7, considering 1 as 'extremely dissimilar', 2 as 'very dissimilar', 3 as 'likely dissimilar', 4 as 'neutral', 5 as 'likely similar', 6 as 'very similar', and 7 as 'extremely similar': How semantically similar is Toad and LawnMower?",3
Toad|Nail,"Answer with only one number from 1 to 7, considering 1 as 'extremely dissimilar', 2 as 'very dissimilar', 3 as 'likely dissimilar', 4 as 'neutral', 5 as 'likely similar', 6 as 'very similar', and 7 as 'extremely similar': How semantically similar is Toad and Nail?",5
Toad|Oilcan,"Answer with only one number from 1 to 7, considering 1 as 'extremely dissimilar', 2 as 'very dissimilar', 3 as 'likely dissimilar', 4 as 'neutral', 5 as 'likely similar', 6 as 'very similar', and 7 as 'extremely similar': How semantically similar is Toad and Oilcan?",3
Toad|Paintbrush,"Answer with only one number from 1 to 7, considering 1 as 'extremely dissimilar', 2 as 'very dissimilar', 3 as 'likely dissimilar', 4 as 'neutral', 5 as 'likely similar', 6 as 'very similar', and 7 as 'extremely similar': How semantically similar is Toad and Paintbrush?",3
Toad|Saw,"Answer with only one number from 1 to 7, considering 1 as 'extremely dissimilar', 2 as 'very dissimilar', 3 as 'likely dissimilar', 4 as 'neutral', 5 as 'likely similar', 6 as 'very similar', and 7 as 'extremely similar': How semantically similar is Toad and Saw?",3
Toad|Screwdriver,"Answer with only one number from 1 to 7, considering 1 as 'extremely dissimilar', 2 as 'very dissimilar', 3 as 'likely dissimilar', 4 as 'neutral', 5 as 'likely similar', 6 as 'very similar', and 7 as 'extremely similar': How semantically similar is Toad and Screwdriver?",3
Toad|Shovel,"Answer with only one number from 1 to 7, considering 1 as 'extremely dissimilar', 2 as 'very dissimilar', 3 as 'likely dissimilar', 4 as 'neutral', 5 as 'likely similar', 6 as 'very similar', and 7 as 'extremely similar': How semantically similar is Toad and Shovel?",5
Toad|Spanner,"Answer with only one number from 1 to 7, considering 1 as 'extremely dissimilar', 2 as 'very dissimilar', 3 as 'likely dissimilar', 4 as 'neutral', 5 as 'likely similar', 6 as 'very similar', and 7 as 'extremely similar': How semantically similar is Toad and Spanner?",5
Toad|Vacuum,"Answer with only one number from 1 to 7, considering 1 as 'extremely dissimilar', 2 as 'very dissimilar', 3 as 'likely dissimilar', 4 as 'neutral', 5 as 'likely similar', 6 as 'very similar', and 7 as 'extremely similar': How semantically similar is Toad and Vacuum?",3
Tortoise|Alligator,"Answer with only one number from 1 to 7, considering 1 as 'extremely dissimilar', 2 as 'very dissimilar', 3 as 'likely dissimilar', 4 as 'neutral', 5 as 'likely similar', 6 as 'very similar', and 7 as 'extremely similar': How semantically similar is Tortoise and Alligator?",5
Tortoise|Blindworm,"Answer with only one number from 1 to 7, considering 1 as 'extremely dissimilar', 2 as 'very dissimilar', 3 as 'likely dissimilar', 4 as 'neutral', 5 as 'likely similar', 6 as 'very similar', and 7 as 'extremely similar': How semantically similar is Tortoise and Blindworm?",5
Tortoise|Boapython,"Answer with only one number from 1 to 7, considering 1 as 'extremely dissimilar', 2 as 'very dissimilar', 3 as 'likely dissimilar', 4 as 'neutral', 5 as 'likely similar', 6 as 'very similar', and 7 as 'extremely similar': How semantically similar is Tortoise and Boapython?",5
Tortoise|Caiman,"Answer with only one number from 1 to 7, considering 1 as 'extremely dissimilar', 2 as 'very dissimilar', 3 as 'likely dissimilar', 4 as 'neutral', 5 as 'likely similar', 6 as 'very similar', and 7 as 'extremely similar': How semantically similar is Tortoise and Caiman?",5
Tortoise|Chameleon,"Answer with only one number from 1 to 7, considering 1 as 'extremely dissimilar', 2 as 'very dissimilar', 3 as 'likely dissimilar', 4 as 'neutral', 5 as 'likely similar', 6 as 'very similar', and 7 as 'extremely similar': How semantically similar is Tortoise and Chameleon?",5
Tortoise|Cobra,"Answer with only one number from 1 to 7, considering 1 as 'extremely dissimilar', 2 as 'very dissimilar', 3 as 'likely dissimilar', 4 as 'neutral', 5 as 'likely similar', 6 as 'very similar', and 7 as 'extremely similar': How semantically similar is Tortoise and Cobra?",5
Tortoise|Crocodile,"Answer with only one number from 1 to 7, considering 1 as 'extremely dissimilar', 2 as 'very dissimilar', 3 as 'likely dissimilar', 4 as 'neutral', 5 as 'likely similar', 6 as 'very similar', and 7 as 'extremely similar': How semantically similar is Tortoise and Crocodile?",5
Tortoise|Dinosaur,"Answer with only one number from 1 to 7, considering 1 as 'extremely dissimilar', 2 as 'very dissimilar', 3 as 'likely dissimilar', 4 as 'neutral', 5 as 'likely similar', 6 as 'very similar', and 7 as 'extremely similar': How semantically similar is Tortoise and Dinosaur?",5
Tortoise|Gecko,"Answer with only one number from 1 to 7, considering 1 as 'extremely dissimilar', 2 as 'very dissimilar', 3 as 'likely dissimilar', 4 as 'neutral', 5 as 'likely similar', 6 as 'very similar', and 7 as 'extremely similar': How semantically similar is Tortoise and Gecko?",5
Tortoise|Lizard,"Answer with only one number from 1 to 7, considering 1 as 'extremely dissimilar', 2 as 'very dissimilar', 3 as 'likely dissimilar', 4 as 'neutral', 5 as 'likely similar', 6 as 'very similar', and 7 as 'extremely similar': How semantically similar is Tortoise and Lizard?",5
Tortoise|Salamander,"Answer with only one number from 1 to 7, considering 1 as 'extremely dissimilar', 2 as 'very dissimilar', 3 as 'likely dissimilar', 4 as 'neutral', 5 as 'likely similar', 6 as 'very similar', and 7 as 'extremely similar': How semantically similar is Tortoise and Salamander?",5
Tortoise|Snake,"Answer with only one number from 1 to 7, considering 1 as 'extremely dissimilar', 2 as 'very dissimilar', 3 as 'likely dissimilar', 4 as 'neutral', 5 as 'likely similar', 6 as 'very similar', and 7 as 'extremely similar': How semantically similar is Tortoise and Snake?",5
Tortoise|Toad,"Answer with only one number from 1 to 7, considering 1 as 'extremely dissimilar', 2 as 'very dissimilar', 3 as 'likely dissimilar', 4 as 'neutral', 5 as 'likely similar', 6 as 'very similar', and 7 as 'extremely similar': How semantically similar is Tortoise and Toad?",5
Tortoise|Tortoise,"Answer with only one number from 1 to 7, considering 1 as 'extremely dissimilar', 2 as 'very dissimilar', 3 as 'likely dissimilar', 4 as 'neutral', 5 as 'likely similar', 6 as 'very similar', and 7 as 'extremely similar': How semantically similar is Tortoise and Tortoise?",7
Tortoise|Turtle,"Answer with only one number from 1 to 7, considering 1 as 'extremely dissimilar', 2 as 'very dissimilar', 3 as 'likely dissimilar', 4 as 'neutral', 5 as 'likely similar', 6 as 'very similar', and 7 as 'extremely similar': How semantically similar is Tortoise and Turtle?",6
Tortoise|Anvil,"Answer with only one number from 1 to 7, considering 1 as 'extremely dissimilar', 2 as 'very dissimilar', 3 as 'likely dissimilar', 4 as 'neutral', 5 as 'likely similar', 6 as 'very similar', and 7 as 'extremely similar': How semantically similar is Tortoise and Anvil?",5
Tortoise|Axe,"Answer with only one number from 1 to 7, considering 1 as 'extremely dissimilar', 2 as 'very dissimilar', 3 as 'likely dissimilar', 4 as 'neutral', 5 as 'likely similar', 6 as 'very similar', and 7 as 'extremely similar': How semantically similar is Tortoise and Axe?",3
Tortoise|Chisel,"Answer with only one number from 1 to 7, considering 1 as 'extremely dissimilar', 2 as 'very dissimilar', 3 as 'likely dissimilar', 4 as 'neutral', 5 as 'likely similar', 6 as 'very similar', and 7 as 'extremely similar': How semantically similar is Tortoise and Chisel?",5
Tortoise|Grindingdisk,"Answer with only one number from 1 to 7, considering 1 as 'extremely dissimilar', 2 as 'very dissimilar', 3 as 'likely dissimilar', 4 as 'neutral', 5 as 'likely similar', 6 as 'very similar', and 7 as 'extremely similar': How semantically similar is Tortoise and Grindingdisk?",3
Tortoise|Hammer,"Answer with only one number from 1 to 7, considering 1 as 'extremely dissimilar', 2 as 'very dissimilar', 3 as 'likely dissimilar', 4 as 'neutral', 5 as 'likely similar', 6 as 'very similar', and 7 as 'extremely similar': How semantically similar is Tortoise and Hammer?",3
Tortoise|Knife,"Answer with only one number from 1 to 7, considering 1 as 'extremely dissimilar', 2 as 'very dissimilar', 3 as 'likely dissimilar', 4 as 'neutral', 5 as 'likely similar', 6 as 'very similar', and 7 as 'extremely similar': How semantically similar is Tortoise and Knife?",5
Tortoise|LawnMower,"Answer with only one number from 1 to 7, considering 1 as 'extremely dissimilar', 2 as 'very dissimilar', 3 as 'likely dissimilar', 4 as 'neutral', 5 as 'likely similar', 6 as 'very similar', and 7 as 'extremely similar': How semantically similar is Tortoise and LawnMower?",3
Tortoise|Nail,"Answer with only one number from 1 to 7, considering 1 as 'extremely dissimilar', 2 as 'very dissimilar', 3 as 'likely dissimilar', 4 as 'neutral', 5 as 'likely similar', 6 as 'very similar', and 7 as 'extremely similar': How semantically similar is Tortoise and Nail?",3
Tortoise|Oilcan,"Answer with only one number from 1 to 7, considering 1 as 'extremely dissimilar', 2 as 'very dissimilar', 3 as 'likely dissimilar', 4 as 'neutral', 5 as 'likely similar', 6 as 'very similar', and 7 as 'extremely similar': How semantically similar is Tortoise and Oilcan?",5
Tortoise|Paintbrush,"Answer with only one number from 1 to 7, considering 1 as 'extremely dissimilar', 2 as 'very dissimilar', 3 as 'likely dissimilar', 4 as 'neutral', 5 as 'likely similar', 6 as 'very similar', and 7 as 'extremely similar': How semantically similar is Tortoise and Paintbrush?",5
Tortoise|Saw,"Answer with only one number from 1 to 7, considering 1 as 'extremely dissimilar', 2 as 'very dissimilar', 3 as 'likely dissimilar', 4 as 'neutral', 5 as 'likely similar', 6 as 'very similar', and 7 as 'extremely similar': How semantically similar is Tortoise and Saw?",3
Tortoise|Screwdriver,"Answer with only one number from 1 to 7, considering 1 as 'extremely dissimilar', 2 as 'very dissimilar', 3 as 'likely dissimilar', 4 as 'neutral', 5 as 'likely similar', 6 as 'very similar', and 7 as 'extremely similar': How semantically similar is Tortoise and Screwdriver?",3
Tortoise|Shovel,"Answer with only one number from 1 to 7, considering 1 as 'extremely dissimilar', 2 as 'very dissimilar', 3 as 'likely dissimilar', 4 as 'neutral', 5 as 'likely similar', 6 as 'very similar', and 7 as 'extremely similar': How semantically similar is Tortoise and Shovel?",3
Tortoise|Spanner,"Answer with only one number from 1 to 7, considering 1 as 'extremely dissimilar', 2 as 'very dissimilar', 3 as 'likely dissimilar', 4 as 'neutral', 5 as 'likely similar', 6 as 'very similar', and 7 as 'extremely similar': How semantically similar is Tortoise and Spanner?",5
Tortoise|Vacuum,"Answer with only one number from 1 to 7, considering 1 as 'extremely dissimilar', 2 as 'very dissimilar', 3 as 'likely dissimilar', 4 as 'neutral', 5 as 'likely similar', 6 as 'very similar', and 7 as 'extremely similar': How semantically similar is Tortoise and Vacuum?",3
Turtle|Alligator,"Answer with only one number from 1 to 7, considering 1 as 'extremely dissimilar', 2 as 'very dissimilar', 3 as 'likely dissimilar', 4 as 'neutral', 5 as 'likely similar', 6 as 'very similar', and 7 as 'extremely similar': How semantically similar is Turtle and Alligator?",5
Turtle|Blindworm,"Answer with only one number from 1 to 7, considering 1 as 'extremely dissimilar', 2 as 'very dissimilar', 3 as 'likely dissimilar', 4 as 'neutral', 5 as 'likely similar', 6 as 'very similar', and 7 as 'extremely similar': How semantically similar is Turtle and Blindworm?",5
Turtle|Boapython,"Answer with only one number from 1 to 7, considering 1 as 'extremely dissimilar', 2 as 'very dissimilar', 3 as 'likely dissimilar', 4 as 'neutral', 5 as 'likely similar', 6 as 'very similar', and 7 as 'extremely similar': How semantically similar is Turtle and Boapython?",5
Turtle|Caiman,"Answer with only one number from 1 to 7, considering 1 as 'extremely dissimilar', 2 as 'very dissimilar', 3 as 'likely dissimilar', 4 as 'neutral', 5 as 'likely similar', 6 as 'very similar', and 7 as 'extremely similar': How semantically similar is Turtle and Caiman?",5
Turtle|Chameleon,"Answer with only one number from 1 to 7, considering 1 as 'extremely dissimilar', 2 as 'very dissimilar', 3 as 'likely dissimilar', 4 as 'neutral', 5 as 'likely similar', 6 as 'very similar', and 7 as 'extremely similar': How semantically similar is Turtle and Chameleon?",5
Turtle|Cobra,"Answer with only one number from 1 to 7, considering 1 as 'extremely dissimilar', 2 as 'very dissimilar', 3 as 'likely dissimilar', 4 as 'neutral', 5 as 'likely similar', 6 as 'very similar', and 7 as 'extremely similar': How semantically similar is Turtle and Cobra?",5
Turtle|Crocodile,"Answer with only one number from 1 to 7, considering 1 as 'extremely dissimilar', 2 as 'very dissimilar', 3 as 'likely dissimilar', 4 as 'neutral', 5 as 'likely similar', 6 as 'very similar', and 7 as 'extremely similar': How semantically similar is Turtle and Crocodile?",5
Turtle|Dinosaur,"Answer with only one number from 1 to 7, considering 1 as 'extremely dissimilar', 2 as 'very dissimilar', 3 as 'likely dissimilar', 4 as 'neutral', 5 as 'likely similar', 6 as 'very similar', and 7 as 'extremely similar': How semantically similar is Turtle and Dinosaur?",5
Turtle|Gecko,"Answer with only one number from 1 to 7, considering 1 as 'extremely dissimilar', 2 as 'very dissimilar', 3 as 'likely dissimilar', 4 as 'neutral', 5 as 'likely similar', 6 as 'very similar', and 7 as 'extremely similar': How semantically similar is Turtle and Gecko?",5
Turtle|Lizard,"Answer with only one number from 1 to 7, considering 1 as 'extremely dissimilar', 2 as 'very dissimilar', 3 as 'likely dissimilar', 4 as 'neutral', 5 as 'likely similar', 6 as 'very similar', and 7 as 'extremely similar': How semantically similar is Turtle and Lizard?",5
Turtle|Salamander,"Answer with only one number from 1 to 7, considering 1 as 'extremely dissimilar', 2 as 'very dissimilar', 3 as 'likely dissimilar', 4 as 'neutral', 5 as 'likely similar', 6 as 'very similar', and 7 as 'extremely similar': How semantically similar is Turtle and Salamander?",5
Turtle|Snake,"Answer with only one number from 1 to 7, considering 1 as 'extremely dissimilar', 2 as 'very dissimilar', 3 as 'likely dissimilar', 4 as 'neutral', 5 as 'likely similar', 6 as 'very similar', and 7 as 'extremely similar': How semantically similar is Turtle and Snake?",5
Turtle|Toad,"Answer with only one number from 1 to 7, considering 1 as 'extremely dissimilar', 2 as 'very dissimilar', 3 as 'likely dissimilar', 4 as 'neutral', 5 as 'likely similar', 6 as 'very similar', and 7 as 'extremely similar': How semantically similar is Turtle and Toad?",5
Turtle|Tortoise,"Answer with only one number from 1 to 7, considering 1 as 'extremely dissimilar', 2 as 'very dissimilar', 3 as 'likely dissimilar', 4 as 'neutral', 5 as 'likely similar', 6 as 'very similar', and 7 as 'extremely similar': How semantically similar is Turtle and Tortoise?",5
Turtle|Turtle,"Answer with only one number from 1 to 7, considering 1 as 'extremely dissimilar', 2 as 'very dissimilar', 3 as 'likely dissimilar', 4 as 'neutral', 5 as 'likely similar', 6 as 'very similar', and 7 as 'extremely similar': How semantically similar is Turtle and Turtle?",7
Turtle|Anvil,"Answer with only one number from 1 to 7, considering 1 as 'extremely dissimilar', 2 as 'very dissimilar', 3 as 'likely dissimilar', 4 as 'neutral', 5 as 'likely similar', 6 as 'very similar', and 7 as 'extremely similar': How semantically similar is Turtle and Anvil?",5
Turtle|Axe,"Answer with only one number from 1 to 7, considering 1 as 'extremely dissimilar', 2 as 'very dissimilar', 3 as 'likely dissimilar', 4 as 'neutral', 5 as 'likely similar', 6 as 'very similar', and 7 as 'extremely similar': How semantically similar is Turtle and Axe?",3
Turtle|Chisel,"Answer with only one number from 1 to 7, considering 1 as 'extremely dissimilar', 2 as 'very dissimilar', 3 as 'likely dissimilar', 4 as 'neutral', 5 as 'likely similar', 6 as 'very similar', and 7 as 'extremely similar': How semantically similar is Turtle and Chisel?",5
Turtle|Grindingdisk,"Answer with only one number from 1 to 7, considering 1 as 'extremely dissimilar', 2 as 'very dissimilar', 3 as 'likely dissimilar', 4 as 'neutral', 5 as 'likely similar', 6 as 'very similar', and 7 as 'extremely similar': How semantically similar is Turtle and Grindingdisk?",5
Turtle|Hammer,"Answer with only one number from 1 to 7, considering 1 as 'extremely dissimilar', 2 as 'very dissimilar', 3 as 'likely dissimilar', 4 as 'neutral', 5 as 'likely similar', 6 as 'very similar', and 7 as 'extremely similar': How semantically similar is Turtle and Hammer?",5
Turtle|Knife,"Answer with only one number from 1 to 7, considering 1 as 'extremely dissimilar', 2 as 'very dissimilar', 3 as 'likely dissimilar', 4 as 'neutral', 5 as 'likely similar', 6 as 'very similar', and 7 as 'extremely similar': How semantically similar is Turtle and Knife?",3
Turtle|LawnMower,"Answer with only one number from 1 to 7, considering 1 as 'extremely dissimilar', 2 as 'very dissimilar', 3 as 'likely dissimilar', 4 as 'neutral', 5 as 'likely similar', 6 as 'very similar', and 7 as 'extremely similar': How semantically similar is Turtle and LawnMower?",5
Turtle|Nail,"Answer with only one number from 1 to 7, considering 1 as 'extremely dissimilar', 2 as 'very dissimilar', 3 as 'likely dissimilar', 4 as 'neutral', 5 as 'likely similar', 6 as 'very similar', and 7 as 'extremely similar': How semantically similar is Turtle and Nail?",5
Turtle|Oilcan,"Answer with only one number from 1 to 7, considering 1 as 'extremely dissimilar', 2 as 'very dissimilar', 3 as 'likely dissimilar', 4 as 'neutral', 5 as 'likely similar', 6 as 'very similar', and 7 as 'extremely similar': How semantically similar is Turtle and Oilcan?",5
Turtle|Paintbrush,"Answer with only one number from 1 to 7, considering 1 as 'extremely dissimilar', 2 as 'very dissimilar', 3 as 'likely dissimilar', 4 as 'neutral', 5 as 'likely similar', 6 as 'very similar', and 7 as 'extremely similar': How semantically similar is Turtle and Paintbrush?",5
Turtle|Saw,"Answer with only one number from 1 to 7, considering 1 as 'extremely dissimilar', 2 as 'very dissimilar', 3 as 'likely dissimilar', 4 as 'neutral', 5 as 'likely similar', 6 as 'very similar', and 7 as 'extremely similar': How semantically similar is Turtle and Saw?",3
Turtle|Screwdriver,"Answer with only one number from 1 to 7, considering 1 as 'extremely dissimilar', 2 as 'very dissimilar', 3 as 'likely dissimilar', 4 as 'neutral', 5 as 'likely similar', 6 as 'very similar', and 7 as 'extremely similar': How semantically similar is Turtle and Screwdriver?",5
Turtle|Shovel,"Answer with only one number from 1 to 7, considering 1 as 'extremely dissimilar', 2 as 'very dissimilar', 3 as 'likely dissimilar', 4 as 'neutral', 5 as 'likely similar', 6 as 'very similar', and 7 as 'extremely similar': How semantically similar is Turtle and Shovel?",5
Turtle|Spanner,"Answer with only one number from 1 to 7, considering 1 as 'extremely dissimilar', 2 as 'very dissimilar', 3 as 'likely dissimilar', 4 as 'neutral', 5 as 'likely similar', 6 as 'very similar', and 7 as 'extremely similar': How semantically similar is Turtle and Spanner?",5
Turtle|Vacuum,"Answer with only one number from 1 to 7, considering 1 as 'extremely dissimilar', 2 as 'very dissimilar', 3 as 'likely dissimilar', 4 as 'neutral', 5 as 'likely similar', 6 as 'very similar', and 7 as 'extremely similar': How semantically similar is Turtle and Vacuum?",5
Anvil|Alligator,"Answer with only one number from 1 to 7, considering 1 as 'extremely dissimilar', 2 as 'very dissimilar', 3 as 'likely dissimilar', 4 as 'neutral', 5 as 'likely similar', 6 as 'very similar', and 7 as 'extremely similar': How semantically similar is Anvil and Alligator?",3
Anvil|Blindworm,"Answer with only one number from 1 to 7, considering 1 as 'extremely dissimilar', 2 as 'very dissimilar', 3 as 'likely dissimilar', 4 as 'neutral', 5 as 'likely similar', 6 as 'very similar', and 7 as 'extremely similar': How semantically similar is Anvil and Blindworm?",5
Anvil|Boapython,"Answer with only one number from 1 to 7, considering 1 as 'extremely dissimilar', 2 as 'very dissimilar', 3 as 'likely dissimilar', 4 as 'neutral', 5 as 'likely similar', 6 as 'very similar', and 7 as 'extremely similar': How semantically similar is Anvil and Boapython?",3
Anvil|Caiman,"Answer with only one number from 1 to 7, considering 1 as 'extremely dissimilar', 2 as 'very dissimilar', 3 as 'likely dissimilar', 4 as 'neutral', 5 as 'likely similar', 6 as 'very similar', and 7 as 'extremely similar': How semantically similar is Anvil and Caiman?",5
Anvil|Chameleon,"Answer with only one number from 1 to 7, considering 1 as 'extremely dissimilar', 2 as 'very dissimilar', 3 as 'likely dissimilar', 4 as 'neutral', 5 as 'likely similar', 6 as 'very similar', and 7 as 'extremely similar': How semantically similar is Anvil and Chameleon?",5
Anvil|Cobra,"Answer with only one number from 1 to 7, considering 1 as 'extremely dissimilar', 2 as 'very dissimilar', 3 as 'likely dissimilar', 4 as 'neutral', 5 as 'likely similar', 6 as 'very similar', and 7 as 'extremely similar': How semantically similar is Anvil and Cobra?",5
Anvil|Crocodile,"Answer with only one number from 1 to 7, considering 1 as 'extremely dissimilar', 2 as 'very dissimilar', 3 as 'likely dissimilar', 4 as 'neutral', 5 as 'likely similar', 6 as 'very similar', and 7 as 'extremely similar': How semantically similar is Anvil and Crocodile?",3
Anvil|Dinosaur,"Answer with only one number from 1 to 7, considering 1 as 'extremely dissimilar', 2 as 'very dissimilar', 3 as 'likely dissimilar', 4 as 'neutral', 5 as 'likely similar', 6 as 'very similar', and 7 as 'extremely similar': How semantically similar is Anvil and Dinosaur?",3
Anvil|Gecko,"Answer with only one number from 1 to 7, considering 1 as 'extremely dissimilar', 2 as 'very dissimilar', 3 as 'likely dissimilar', 4 as 'neutral', 5 as 'likely similar', 6 as 'very similar', and 7 as 'extremely similar': How semantically similar is Anvil and Gecko?",5
Anvil|Lizard,"Answer with only one number from 1 to 7, considering 1 as 'extremely dissimilar', 2 as 'very dissimilar', 3 as 'likely dissimilar', 4 as 'neutral', 5 as 'likely similar', 6 as 'very similar', and 7 as 'extremely similar': How semantically similar is Anvil and Lizard?",3
Anvil|Salamander,"Answer with only one number from 1 to 7, considering 1 as 'extremely dissimilar', 2 as 'very dissimilar', 3 as 'likely dissimilar', 4 as 'neutral', 5 as 'likely similar', 6 as 'very similar', and 7 as 'extremely similar': How semantically similar is Anvil and Salamander?",5
Anvil|Snake,"Answer with only one number from 1 to 7, considering 1 as 'extremely dissimilar', 2 as 'very dissimilar', 3 as 'likely dissimilar', 4 as 'neutral', 5 as 'likely similar', 6 as 'very similar', and 7 as 'extremely similar': How semantically similar is Anvil and Snake?",3
Anvil|Toad,"Answer with only one number from 1 to 7, considering 1 as 'extremely dissimilar', 2 as 'very dissimilar', 3 as 'likely dissimilar', 4 as 'neutral', 5 as 'likely similar', 6 as 'very similar', and 7 as 'extremely similar': How semantically similar is Anvil and Toad?",3
Anvil|Tortoise,"Answer with only one number from 1 to 7, considering 1 as 'extremely dissimilar', 2 as 'very dissimilar', 3 as 'likely dissimilar', 4 as 'neutral', 5 as 'likely similar', 6 as 'very similar', and 7 as 'extremely similar': How semantically similar is Anvil and Tortoise?",3
Anvil|Turtle,"Answer with only one number from 1 to 7, considering 1 as 'extremely dissimilar', 2 as 'very dissimilar', 3 as 'likely dissimilar', 4 as 'neutral', 5 as 'likely similar', 6 as 'very similar', and 7 as 'extremely similar': How semantically similar is Anvil and Turtle?",3
Anvil|Anvil,"Answer with only one number from 1 to 7, considering 1 as 'extremely dissimilar', 2 as 'very dissimilar', 3 as 'likely dissimilar', 4 as 'neutral', 5 as 'likely similar', 6 as 'very similar', and 7 as 'extremely similar': How semantically similar is Anvil and Anvil?",7
Anvil|Axe,"Answer with only one number from 1 to 7, considering 1 as 'extremely dissimilar', 2 as 'very dissimilar', 3 as 'likely dissimilar', 4 as 'neutral', 5 as 'likely similar', 6 as 'very similar', and 7 as 'extremely similar': How semantically similar is Anvil and Axe?",5
Anvil|Chisel,"Answer with only one number from 1 to 7, considering 1 as 'extremely dissimilar', 2 as 'very dissimilar', 3 as 'likely dissimilar', 4 as 'neutral', 5 as 'likely similar', 6 as 'very similar', and 7 as 'extremely similar': How semantically similar is Anvil and Chisel?",5
Anvil|Grindingdisk,"Answer with only one number from 1 to 7, considering 1 as 'extremely dissimilar', 2 as 'very dissimilar', 3 as 'likely dissimilar', 4 as 'neutral', 5 as 'likely similar', 6 as 'very similar', and 7 as 'extremely similar': How semantically similar is Anvil and Grindingdisk?",5
Anvil|Hammer,"Answer with only one number from 1 to 7, considering 1 as 'extremely dissimilar', 2 as 'very dissimilar', 3 as 'likely dissimilar', 4 as 'neutral', 5 as 'likely similar', 6 as 'very similar', and 7 as 'extremely similar': How semantically similar is Anvil and Hammer?",5
Anvil|Knife,"Answer with only one number from 1 to 7, considering 1 as 'extremely dissimilar', 2 as 'very dissimilar', 3 as 'likely dissimilar', 4 as 'neutral', 5 as 'likely similar', 6 as 'very similar', and 7 as 'extremely similar': How semantically similar is Anvil and Knife?",5
Anvil|LawnMower,"Answer with only one number from 1 to 7, considering 1 as 'extremely dissimilar', 2 as 'very dissimilar', 3 as 'likely dissimilar', 4 as 'neutral', 5 as 'likely similar', 6 as 'very similar', and 7 as 'extremely similar': How semantically similar is Anvil and LawnMower?",5
Anvil|Nail,"Answer with only one number from 1 to 7, considering 1 as 'extremely dissimilar', 2 as 'very dissimilar', 3 as 'likely dissimilar', 4 as 'neutral', 5 as 'likely similar', 6 as 'very similar', and 7 as 'extremely similar': How semantically similar is Anvil and Nail?",5
Anvil|Oilcan,"Answer with only one number from 1 to 7, considering 1 as 'extremely dissimilar', 2 as 'very dissimilar', 3 as 'likely dissimilar', 4 as 'neutral', 5 as 'likely similar', 6 as 'very similar', and 7 as 'extremely similar': How semantically similar is Anvil and Oilcan?",5
Anvil|Paintbrush,"Answer with only one number from 1 to 7, considering 1 as 'extremely dissimilar', 2 as 'very dissimilar', 3 as 'likely dissimilar', 4 as 'neutral', 5 as 'likely similar', 6 as 'very similar', and 7 as 'extremely similar': How semantically similar is Anvil and Paintbrush?",5
Anvil|Saw,"Answer with only one number from 1 to 7, considering 1 as 'extremely dissimilar', 2 as 'very dissimilar', 3 as 'likely dissimilar', 4 as 'neutral', 5 as 'likely similar', 6 as 'very similar', and 7 as 'extremely similar': How semantically similar is Anvil and Saw?",5
Anvil|Screwdriver,"Answer with only one number from 1 to 7, considering 1 as 'extremely dissimilar', 2 as 'very dissimilar', 3 as 'likely dissimilar', 4 as 'neutral', 5 as 'likely similar', 6 as 'very similar', and 7 as 'extremely similar': How semantically similar is Anvil and Screwdriver?",5
Anvil|Shovel,"Answer with only one number from 1 to 7, considering 1 as 'extremely dissimilar', 2 as 'very dissimilar', 3 as 'likely dissimilar', 4 as 'neutral', 5 as 'likely similar', 6 as 'very similar', and 7 as 'extremely similar': How semantically similar is Anvil and Shovel?",5
Anvil|Spanner,"Answer with only one number from 1 to 7, considering 1 as 'extremely dissimilar', 2 as 'very dissimilar', 3 as 'likely dissimilar', 4 as 'neutral', 5 as 'likely similar', 6 as 'very similar', and 7 as 'extremely similar': How semantically similar is Anvil and Spanner?",5
Anvil|Vacuum,"Answer with only one number from 1 to 7, considering 1 as 'extremely dissimilar', 2 as 'very dissimilar', 3 as 'likely dissimilar', 4 as 'neutral', 5 as 'likely similar', 6 as 'very similar', and 7 as 'extremely similar': How semantically similar is Anvil and Vacuum?",3
Axe|Alligator,"Answer with only one number from 1 to 7, considering 1 as 'extremely dissimilar', 2 as 'very dissimilar', 3 as 'likely dissimilar', 4 as 'neutral', 5 as 'likely similar', 6 as 'very similar', and 7 as 'extremely similar': How semantically similar is Axe and Alligator?",5
Axe|Blindworm,"Answer with only one number from 1 to 7, considering 1 as 'extremely dissimilar', 2 as 'very dissimilar', 3 as 'likely dissimilar', 4 as 'neutral', 5 as 'likely similar', 6 as 'very similar', and 7 as 'extremely similar': How semantically similar is Axe and Blindworm?",5
Axe|Boapython,"Answer with only one number from 1 to 7, considering 1 as 'extremely dissimilar', 2 as 'very dissimilar', 3 as 'likely dissimilar', 4 as 'neutral', 5 as 'likely similar', 6 as 'very similar', and 7 as 'extremely similar': How semantically similar is Axe and Boapython?",5
Axe|Caiman,"Answer with only one number from 1 to 7, considering 1 as 'extremely dissimilar', 2 as 'very dissimilar', 3 as 'likely dissimilar', 4 as 'neutral', 5 as 'likely similar', 6 as 'very similar', and 7 as 'extremely similar': How semantically similar is Axe and Caiman?",5
Axe|Chameleon,"Answer with only one number from 1 to 7, considering 1 as 'extremely dissimilar', 2 as 'very dissimilar', 3 as 'likely dissimilar', 4 as 'neutral', 5 as 'likely similar', 6 as 'very similar', and 7 as 'extremely similar': How semantically similar is Axe and Chameleon?",5
Axe|Cobra,"Answer with only one number from 1 to 7, considering 1 as 'extremely dissimilar', 2 as 'very dissimilar', 3 as 'likely dissimilar', 4 as 'neutral', 5 as 'likely similar', 6 as 'very similar', and 7 as 'extremely similar': How semantically similar is Axe and Cobra?",5
Axe|Crocodile,"Answer with only one number from 1 to 7, considering 1 as 'extremely dissimilar', 2 as 'very dissimilar', 3 as 'likely dissimilar', 4 as 'neutral', 5 as 'likely similar', 6 as 'very similar', and 7 as 'extremely similar': How semantically similar is Axe and Crocodile?",5
Axe|Dinosaur,"Answer with only one number from 1 to 7, considering 1 as 'extremely dissimilar', 2 as 'very dissimilar', 3 as 'likely dissimilar', 4 as 'neutral', 5 as 'likely similar', 6 as 'very similar', and 7 as 'extremely similar': How semantically similar is Axe and Dinosaur?",3
Axe|Gecko,"Answer with only one number from 1 to 7, considering 1 as 'extremely dissimilar', 2 as 'very dissimilar', 3 as 'likely dissimilar', 4 as 'neutral', 5 as 'likely similar', 6 as 'very similar', and 7 as 'extremely similar': How semantically similar is Axe and Gecko?",5
Axe|Lizard,"Answer with only one number from 1 to 7, considering 1 as 'extremely dissimilar', 2 as 'very dissimilar', 3 as 'likely dissimilar', 4 as 'neutral', 5 as 'likely similar', 6 as 'very similar', and 7 as 'extremely similar': How semantically similar is Axe and Lizard?",5
Axe|Salamander,"Answer with only one number from 1 to 7, considering 1 as 'extremely dissimilar', 2 as 'very dissimilar', 3 as 'likely dissimilar', 4 as 'neutral', 5 as 'likely similar', 6 as 'very similar', and 7 as 'extremely similar': How semantically similar is Axe and Salamander?",5
Axe|Snake,"Answer with only one number from 1 to 7, considering 1 as 'extremely dissimilar', 2 as 'very dissimilar', 3 as 'likely dissimilar', 4 as 'neutral', 5 as 'likely similar', 6 as 'very similar', and 7 as 'extremely similar': How semantically similar is Axe and Snake?",5
Axe|Toad,"Answer with only one number from 1 to 7, considering 1 as 'extremely dissimilar', 2 as 'very dissimilar', 3 as 'likely dissimilar', 4 as 'neutral', 5 as 'likely similar', 6 as 'very similar', and 7 as 'extremely similar': How semantically similar is Axe and Toad?",5
Axe|Tortoise,"Answer with only one number from 1 to 7, considering 1 as 'extremely dissimilar', 2 as 'very dissimilar', 3 as 'likely dissimilar', 4 as 'neutral', 5 as 'likely similar', 6 as 'very similar', and 7 as 'extremely similar': How semantically similar is Axe and Tortoise?",5
Axe|Turtle,"Answer with only one number from 1 to 7, considering 1 as 'extremely dissimilar', 2 as 'very dissimilar', 3 as 'likely dissimilar', 4 as 'neutral', 5 as 'likely similar', 6 as 'very similar', and 7 as 'extremely similar': How semantically similar is Axe and Turtle?",3
Axe|Anvil,"Answer with only one number from 1 to 7, considering 1 as 'extremely dissimilar', 2 as 'very dissimilar', 3 as 'likely dissimilar', 4 as 'neutral', 5 as 'likely similar', 6 as 'very similar', and 7 as 'extremely similar': How semantically similar is Axe and Anvil?",5
Axe|Axe,"Answer with only one number from 1 to 7, considering 1 as 'extremely dissimilar', 2 as 'very dissimilar', 3 as 'likely dissimilar', 4 as 'neutral', 5 as 'likely similar', 6 as 'very similar', and 7 as 'extremely similar': How semantically similar is Axe and Axe?",5
Axe|Chisel,"Answer with only one number from 1 to 7, considering 1 as 'extremely dissimilar', 2 as 'very dissimilar', 3 as 'likely dissimilar', 4 as 'neutral', 5 as 'likely similar', 6 as 'very similar', and 7 as 'extremely similar': How semantically similar is Axe and Chisel?",5
Axe|Grindingdisk,"Answer with only one number from 1 to 7, considering 1 as 'extremely dissimilar', 2 as 'very dissimilar', 3 as 'likely dissimilar', 4 as 'neutral', 5 as 'likely similar', 6 as 'very similar', and 7 as 'extremely similar': How semantically similar is Axe and Grindingdisk?",3
Axe|Hammer,"Answer with only one number from 1 to 7, considering 1 as 'extremely dissimilar', 2 as 'very dissimilar', 3 as 'likely dissimilar', 4 as 'neutral', 5 as 'likely similar', 6 as 'very similar', and 7 as 'extremely similar': How semantically similar is Axe and Hammer?",5
Axe|Knife,"Answer with only one number from 1 to 7, considering 1 as 'extremely dissimilar', 2 as 'very dissimilar', 3 as 'likely dissimilar', 4 as 'neutral', 5 as 'likely similar', 6 as 'very similar', and 7 as 'extremely similar': How semantically similar is Axe and Knife?",5
Axe|LawnMower,"Answer with only one number from 1 to 7, considering 1 as 'extremely dissimilar', 2 as 'very dissimilar', 3 as 'likely dissimilar', 4 as 'neutral', 5 as 'likely similar', 6 as 'very similar', and 7 as 'extremely similar': How semantically similar is Axe and LawnMower?",5
Axe|Nail,"Answer with only one number from 1 to 7, considering 1 as 'extremely dissimilar', 2 as 'very dissimilar', 3 as 'likely dissimilar', 4 as 'neutral', 5 as 'likely similar', 6 as 'very similar', and 7 as 'extremely similar': How semantically similar is Axe and Nail?",5
Axe|Oilcan,"Answer with only one number from 1 to 7, considering 1 as 'extremely dissimilar', 2 as 'very dissimilar', 3 as 'likely dissimilar', 4 as 'neutral', 5 as 'likely similar', 6 as 'very similar', and 7 as 'extremely similar': How semantically similar is Axe and Oilcan?",5
Axe|Paintbrush,"Answer with only one number from 1 to 7, considering 1 as 'extremely dissimilar', 2 as 'very dissimilar', 3 as 'likely dissimilar', 4 as 'neutral', 5 as 'likely similar', 6 as 'very similar', and 7 as 'extremely similar': How semantically similar is Axe and Paintbrush?",5
Axe|Saw,"Answer with only one number from 1 to 7, considering 1 as 'extremely dissimilar', 2 as 'very dissimilar', 3 as 'likely dissimilar', 4 as 'neutral', 5 as 'likely similar', 6 as 'very similar', and 7 as 'extremely similar': How semantically similar is Axe and Saw?",5
Axe|Screwdriver,"Answer with only one number from 1 to 7, considering 1 as 'extremely dissimilar', 2 as 'very dissimilar', 3 as 'likely dissimilar', 4 as 'neutral', 5 as 'likely similar', 6 as 'very similar', and 7 as 'extremely similar': How semantically similar is Axe and Screwdriver?",5
Axe|Shovel,"Answer with only one number from 1 to 7, considering 1 as 'extremely dissimilar', 2 as 'very dissimilar', 3 as 'likely dissimilar', 4 as 'neutral', 5 as 'likely similar', 6 as 'very similar', and 7 as 'extremely similar': How semantically similar is Axe and Shovel?",5
Axe|Spanner,"Answer with only one number from 1 to 7, considering 1 as 'extremely dissimilar', 2 as 'very dissimilar', 3 as 'likely dissimilar', 4 as 'neutral', 5 as 'likely similar', 6 as 'very similar', and 7 as 'extremely similar': How semantically similar is Axe and Spanner?",3
Axe|Vacuum,"Answer with only one number from 1 to 7, considering 1 as 'extremely dissimilar', 2 as 'very dissimilar', 3 as 'likely dissimilar', 4 as 'neutral', 5 as 'likely similar', 6 as 'very similar', and 7 as 'extremely similar': How semantically similar is Axe and Vacuum?",3
Chisel|Alligator,"Answer with only one number from 1 to 7, considering 1 as 'extremely dissimilar', 2 as 'very dissimilar', 3 as 'likely dissimilar', 4 as 'neutral', 5 as 'likely similar', 6 as 'very similar', and 7 as 'extremely similar': How semantically similar is Chisel and Alligator?",3
Chisel|Blindworm,"Answer with only one number from 1 to 7, considering 1 as 'extremely dissimilar', 2 as 'very dissimilar', 3 as 'likely dissimilar', 4 as 'neutral', 5 as 'likely similar', 6 as 'very similar', and 7 as 'extremely similar': How semantically similar is Chisel and Blindworm?",5
Chisel|Boapython,"Answer with only one number from 1 to 7, considering 1 as 'extremely dissimilar', 2 as 'very dissimilar', 3 as 'likely dissimilar', 4 as 'neutral', 5 as 'likely similar', 6 as 'very similar', and 7 as 'extremely similar': How semantically similar is Chisel and Boapython?",3
Chisel|Caiman,"Answer with only one number from 1 to 7, considering 1 as 'extremely dissimilar', 2 as 'very dissimilar', 3 as 'likely dissimilar', 4 as 'neutral', 5 as 'likely similar', 6 as 'very similar', and 7 as 'extremely similar': How semantically similar is Chisel and Caiman?",3
Chisel|Chameleon,"Answer with only one number from 1 to 7, considering 1 as 'extremely dissimilar', 2 as 'very dissimilar', 3 as 'likely dissimilar', 4 as 'neutral', 5 as 'likely similar', 6 as 'very similar', and 7 as 'extremely similar': How semantically similar is Chisel and Chameleon?",3
Chisel|Cobra,"Answer with only one number from 1 to 7, considering 1 as 'extremely dissimilar', 2 as 'very dissimilar', 3 as 'likely dissimilar', 4 as 'neutral', 5 as 'likely similar', 6 as 'very similar', and 7 as 'extremely similar': How semantically similar is Chisel and Cobra?",3
Chisel|Crocodile,"Answer with only one number from 1 to 7, considering 1 as 'extremely dissimilar', 2 as 'very dissimilar', 3 as 'likely dissimilar', 4 as 'neutral', 5 as 'likely similar', 6 as 'very similar', and 7 as 'extremely similar': How semantically similar is Chisel and Crocodile?",3
Chisel|Dinosaur,"Answer with only one number from 1 to 7, considering 1 as 'extremely dissimilar', 2 as 'very dissimilar', 3 as 'likely dissimilar', 4 as 'neutral', 5 as 'likely similar', 6 as 'very similar', and 7 as 'extremely similar': How semantically similar is Chisel and Dinosaur?",3
Chisel|Gecko,"Answer with only one number from 1 to 7, considering 1 as 'extremely dissimilar', 2 as 'very dissimilar', 3 as 'likely dissimilar', 4 as 'neutral', 5 as 'likely similar', 6 as 'very similar', and 7 as 'extremely similar': How semantically similar is Chisel and Gecko?",3
Chisel|Lizard,"Answer with only one number from 1 to 7, considering 1 as 'extremely dissimilar', 2 as 'very dissimilar', 3 as 'likely dissimilar', 4 as 'neutral', 5 as 'likely similar', 6 as 'very similar', and 7 as 'extremely similar': How semantically similar is Chisel and Lizard?",3
Chisel|Salamander,"Answer with only one number from 1 to 7, considering 1 as 'extremely dissimilar', 2 as 'very dissimilar', 3 as 'likely dissimilar', 4 as 'neutral', 5 as 'likely similar', 6 as 'very similar', and 7 as 'extremely similar': How semantically similar is Chisel and Salamander?",3
Chisel|Snake,"Answer with only one number from 1 to 7, considering 1 as 'extremely dissimilar', 2 as 'very dissimilar', 3 as 'likely dissimilar', 4 as 'neutral', 5 as 'likely similar', 6 as 'very similar', and 7 as 'extremely similar': How semantically similar is Chisel and Snake?",3
Chisel|Toad,"Answer with only one number from 1 to 7, considering 1 as 'extremely dissimilar', 2 as 'very dissimilar', 3 as 'likely dissimilar', 4 as 'neutral', 5 as 'likely similar', 6 as 'very similar', and 7 as 'extremely similar': How semantically similar is Chisel and Toad?",3
Chisel|Tortoise,"Answer with only one number from 1 to 7, considering 1 as 'extremely dissimilar', 2 as 'very dissimilar', 3 as 'likely dissimilar', 4 as 'neutral', 5 as 'likely similar', 6 as 'very similar', and 7 as 'extremely similar': How semantically similar is Chisel and Tortoise?",5
Chisel|Turtle,"Answer with only one number from 1 to 7, considering 1 as 'extremely dissimilar', 2 as 'very dissimilar', 3 as 'likely dissimilar', 4 as 'neutral', 5 as 'likely similar', 6 as 'very similar', and 7 as 'extremely similar': How semantically similar is Chisel and Turtle?",5
Chisel|Anvil,"Answer with only one number from 1 to 7, considering 1 as 'extremely dissimilar', 2 as 'very dissimilar', 3 as 'likely dissimilar', 4 as 'neutral', 5 as 'likely similar', 6 as 'very similar', and 7 as 'extremely similar': How semantically similar is Chisel and Anvil?",5
Chisel|Axe,"Answer with only one number from 1 to 7, considering 1 as 'extremely dissimilar', 2 as 'very dissimilar', 3 as 'likely dissimilar', 4 as 'neutral', 5 as 'likely similar', 6 as 'very similar', and 7 as 'extremely similar': How semantically similar is Chisel and Axe?",5
Chisel|Chisel,"Answer with only one number from 1 to 7, considering 1 as 'extremely dissimilar', 2 as 'very dissimilar', 3 as 'likely dissimilar', 4 as 'neutral', 5 as 'likely similar', 6 as 'very similar', and 7 as 'extremely similar': How semantically similar is Chisel and Chisel?",7
Chisel|Grindingdisk,"Answer with only one number from 1 to 7, considering 1 as 'extremely dissimilar', 2 as 'very dissimilar', 3 as 'likely dissimilar', 4 as 'neutral', 5 as 'likely similar', 6 as 'very similar', and 7 as 'extremely similar': How semantically similar is Chisel and Grindingdisk?",5
Chisel|Hammer,"Answer with only one number from 1 to 7, considering 1 as 'extremely dissimilar', 2 as 'very dissimilar', 3 as 'likely dissimilar', 4 as 'neutral', 5 as 'likely similar', 6 as 'very similar', and 7 as 'extremely similar': How semantically similar is Chisel and Hammer?",5
Chisel|Knife,"Answer with only one number from 1 to 7, considering 1 as 'extremely dissimilar', 2 as 'very dissimilar', 3 as 'likely dissimilar', 4 as 'neutral', 5 as 'likely similar', 6 as 'very similar', and 7 as 'extremely similar': How semantically similar is Chisel and Knife?",5
Chisel|LawnMower,"Answer with only one number from 1 to 7, considering 1 as 'extremely dissimilar', 2 as 'very dissimilar', 3 as 'likely dissimilar', 4 as 'neutral', 5 as 'likely similar', 6 as 'very similar', and 7 as 'extremely similar': How semantically similar is Chisel and LawnMower?",3
Chisel|Nail,"Answer with only one number from 1 to 7, considering 1 as 'extremely dissimilar', 2 as 'very dissimilar', 3 as 'likely dissimilar', 4 as 'neutral', 5 as 'likely similar', 6 as 'very similar', and 7 as 'extremely similar': How semantically similar is Chisel and Nail?",5
Chisel|Oilcan,"Answer with only one number from 1 to 7, considering 1 as 'extremely dissimilar', 2 as 'very dissimilar', 3 as 'likely dissimilar', 4 as 'neutral', 5 as 'likely similar', 6 as 'very similar', and 7 as 'extremely similar': How semantically similar is Chisel and Oilcan?",5
Chisel|Paintbrush,"Answer with only one number from 1 to 7, considering 1 as 'extremely dissimilar', 2 as 'very dissimilar', 3 as 'likely dissimilar', 4 as 'neutral', 5 as 'likely similar', 6 as 'very similar', and 7 as 'extremely similar': How semantically similar is Chisel and Paintbrush?",5
Chisel|Saw,"Answer with only one number from 1 to 7, considering 1 as 'extremely dissimilar', 2 as 'very dissimilar', 3 as 'likely dissimilar', 4 as 'neutral', 5 as 'likely similar', 6 as 'very similar', and 7 as 'extremely similar': How semantically similar is Chisel and Saw?",5
Chisel|Screwdriver,"Answer with only one number from 1 to 7, considering 1 as 'extremely dissimilar', 2 as 'very dissimilar', 3 as 'likely dissimilar', 4 as 'neutral', 5 as 'likely similar', 6 as 'very similar', and 7 as 'extremely similar': How semantically similar is Chisel and Screwdriver?",5
Chisel|Shovel,"Answer with only one number from 1 to 7, considering 1 as 'extremely dissimilar', 2 as 'very dissimilar', 3 as 'likely dissimilar', 4 as 'neutral', 5 as 'likely similar', 6 as 'very similar', and 7 as 'extremely similar': How semantically similar is Chisel and Shovel?",5
Chisel|Spanner,"Answer with only one number from 1 to 7, considering 1 as 'extremely dissimilar', 2 as 'very dissimilar', 3 as 'likely dissimilar', 4 as 'neutral', 5 as 'likely similar', 6 as 'very similar', and 7 as 'extremely similar': How semantically similar is Chisel and Spanner?",5
Chisel|Vacuum,"Answer with only one number from 1 to 7, considering 1 as 'extremely dissimilar', 2 as 'very dissimilar', 3 as 'likely dissimilar', 4 as 'neutral', 5 as 'likely similar', 6 as 'very similar', and 7 as 'extremely similar': How semantically similar is Chisel and Vacuum?",3
Grindingdisk|Alligator,"Answer with only one number from 1 to 7, considering 1 as 'extremely dissimilar', 2 as 'very dissimilar', 3 as 'likely dissimilar', 4 as 'neutral', 5 as 'likely similar', 6 as 'very similar', and 7 as 'extremely similar': How semantically similar is Grindingdisk and Alligator?",3
Grindingdisk|Blindworm,"Answer with only one number from 1 to 7, considering 1 as 'extremely dissimilar', 2 as 'very dissimilar', 3 as 'likely dissimilar', 4 as 'neutral', 5 as 'likely similar', 6 as 'very similar', and 7 as 'extremely similar': How semantically similar is Grindingdisk and Blindworm?",3
Grindingdisk|Boapython,"Answer with only one number from 1 to 7, considering 1 as 'extremely dissimilar', 2 as 'very dissimilar', 3 as 'likely dissimilar', 4 as 'neutral', 5 as 'likely similar', 6 as 'very similar', and 7 as 'extremely similar': How semantically similar is Grindingdisk and Boapython?",5
Grindingdisk|Caiman,"Answer with only one number from 1 to 7, considering 1 as 'extremely dissimilar', 2 as 'very dissimilar', 3 as 'likely dissimilar', 4 as 'neutral', 5 as 'likely similar', 6 as 'very similar', and 7 as 'extremely similar': How semantically similar is Grindingdisk and Caiman?",3
Grindingdisk|Chameleon,"Answer with only one number from 1 to 7, considering 1 as 'extremely dissimilar', 2 as 'very dissimilar', 3 as 'likely dissimilar', 4 as 'neutral', 5 as 'likely similar', 6 as 'very similar', and 7 as 'extremely similar': How semantically similar is Grindingdisk and Chameleon?",3
Grindingdisk|Cobra,"Answer with only one number from 1 to 7, considering 1 as 'extremely dissimilar', 2 as 'very dissimilar', 3 as 'likely dissimilar', 4 as 'neutral', 5 as 'likely similar', 6 as 'very similar', and 7 as 'extremely similar': How semantically similar is Grindingdisk and Cobra?",3
Grindingdisk|Crocodile,"Answer with only one number from 1 to 7, considering 1 as 'extremely dissimilar', 2 as 'very dissimilar', 3 as 'likely dissimilar', 4 as 'neutral', 5 as 'likely similar', 6 as 'very similar', and 7 as 'extremely similar': How semantically similar is Grindingdisk and Crocodile?",3
Grindingdisk|Dinosaur,"Answer with only one number from 1 to 7, considering 1 as 'extremely dissimilar', 2 as 'very dissimilar', 3 as 'likely dissimilar', 4 as 'neutral', 5 as 'likely similar', 6 as 'very similar', and 7 as 'extremely similar': How semantically similar is Grindingdisk and Dinosaur?",3
Grindingdisk|Gecko,"Answer with only one number from 1 to 7, considering 1 as 'extremely dissimilar', 2 as 'very dissimilar', 3 as 'likely dissimilar', 4 as 'neutral', 5 as 'likely similar', 6 as 'very similar', and 7 as 'extremely similar': How semantically similar is Grindingdisk and Gecko?",3
Grindingdisk|Lizard,"Answer with only one number from 1 to 7, considering 1 as 'extremely dissimilar', 2 as 'very dissimilar', 3 as 'likely dissimilar', 4 as 'neutral', 5 as 'likely similar', 6 as 'very similar', and 7 as 'extremely similar': How semantically similar is Grindingdisk and Lizard?",3
Grindingdisk|Salamander,"Answer with only one number from 1 to 7, considering 1 as 'extremely dissimilar', 2 as 'very dissimilar', 3 as 'likely dissimilar', 4 as 'neutral', 5 as 'likely similar', 6 as 'very similar', and 7 as 'extremely similar': How semantically similar is Grindingdisk and Salamander?",3
Grindingdisk|Snake,"Answer with only one number from 1 to 7, considering 1 as 'extremely dissimilar', 2 as 'very dissimilar', 3 as 'likely dissimilar', 4 as 'neutral', 5 as 'likely similar', 6 as 'very similar', and 7 as 'extremely similar': How semantically similar is Grindingdisk and Snake?",3
Grindingdisk|Toad,"Answer with only one number from 1 to 7, considering 1 as 'extremely dissimilar', 2 as 'very dissimilar', 3 as 'likely dissimilar', 4 as 'neutral', 5 as 'likely similar', 6 as 'very similar', and 7 as 'extremely similar': How semantically similar is Grindingdisk and Toad?",3
Grindingdisk|Tortoise,"Answer with only one number from 1 to 7, considering 1 as 'extremely dissimilar', 2 as 'very dissimilar', 3 as 'likely dissimilar', 4 as 'neutral', 5 as 'likely similar', 6 as 'very similar', and 7 as 'extremely similar': How semantically similar is Grindingdisk and Tortoise?",3
Grindingdisk|Turtle,"Answer with only one number from 1 to 7, considering 1 as 'extremely dissimilar', 2 as 'very dissimilar', 3 as 'likely dissimilar', 4 as 'neutral', 5 as 'likely similar', 6 as 'very similar', and 7 as 'extremely similar': How semantically similar is Grindingdisk and Turtle?",3
Grindingdisk|Anvil,"Answer with only one number from 1 to 7, considering 1 as 'extremely dissimilar', 2 as 'very dissimilar', 3 as 'likely dissimilar', 4 as 'neutral', 5 as 'likely similar', 6 as 'very similar', and 7 as 'extremely similar': How semantically similar is Grindingdisk and Anvil?",5
Grindingdisk|Axe,"Answer with only one number from 1 to 7, considering 1 as 'extremely dissimilar', 2 as 'very dissimilar', 3 as 'likely dissimilar', 4 as 'neutral', 5 as 'likely similar', 6 as 'very similar', and 7 as 'extremely similar': How semantically similar is Grindingdisk and Axe?",5
Grindingdisk|Chisel,"Answer with only one number from 1 to 7, considering 1 as 'extremely dissimilar', 2 as 'very dissimilar', 3 as 'likely dissimilar', 4 as 'neutral', 5 as 'likely similar', 6 as 'very similar', and 7 as 'extremely similar': How semantically similar is Grindingdisk and Chisel?",5
Grindingdisk|Grindingdisk,"Answer with only one number from 1 to 7, considering 1 as 'extremely dissimilar', 2 as 'very dissimilar', 3 as 'likely dissimilar', 4 as 'neutral', 5 as 'likely similar', 6 as 'very similar', and 7 as 'extremely similar': How semantically similar is Grindingdisk and Grindingdisk?",7
Grindingdisk|Hammer,"Answer with only one number from 1 to 7, considering 1 as 'extremely dissimilar', 2 as 'very dissimilar', 3 as 'likely dissimilar', 4 as 'neutral', 5 as 'likely similar', 6 as 'very similar', and 7 as 'extremely similar': How semantically similar is Grindingdisk and Hammer?",5
Grindingdisk|Knife,"Answer with only one number from 1 to 7, considering 1 as 'extremely dissimilar', 2 as 'very dissimilar', 3 as 'likely dissimilar', 4 as 'neutral', 5 as 'likely similar', 6 as 'very similar', and 7 as 'extremely similar': How semantically similar is Grindingdisk and Knife?",5
Grindingdisk|LawnMower,"Answer with only one number from 1 to 7, considering 1 as 'extremely dissimilar', 2 as 'very dissimilar', 3 as 'likely dissimilar', 4 as 'neutral', 5 as 'likely similar', 6 as 'very similar', and 7 as 'extremely similar': How semantically similar is Grindingdisk and LawnMower?",5
Grindingdisk|Nail,"Answer with only one number from 1 to 7, considering 1 as 'extremely dissimilar', 2 as 'very dissimilar', 3 as 'likely dissimilar', 4 as 'neutral', 5 as 'likely similar', 6 as 'very similar', and 7 as 'extremely similar': How semantically similar is Grindingdisk and Nail?",5
Grindingdisk|Oilcan,"Answer with only one number from 1 to 7, considering 1 as 'extremely dissimilar', 2 as 'very dissimilar', 3 as 'likely dissimilar', 4 as 'neutral', 5 as 'likely similar', 6 as 'very similar', and 7 as 'extremely similar': How semantically similar is Grindingdisk and Oilcan?",5
Grindingdisk|Paintbrush,"Answer with only one number from 1 to 7, considering 1 as 'extremely dissimilar', 2 as 'very dissimilar', 3 as 'likely dissimilar', 4 as 'neutral', 5 as 'likely similar', 6 as 'very similar', and 7 as 'extremely similar': How semantically similar is Grindingdisk and Paintbrush?",3
Grindingdisk|Saw,"Answer with only one number from 1 to 7, considering 1 as 'extremely dissimilar', 2 as 'very dissimilar', 3 as 'likely dissimilar', 4 as 'neutral', 5 as 'likely similar', 6 as 'very similar', and 7 as 'extremely similar': How semantically similar is Grindingdisk and Saw?",5
Grindingdisk|Screwdriver,"Answer with only one number from 1 to 7, considering 1 as 'extremely dissimilar', 2 as 'very dissimilar', 3 as 'likely dissimilar', 4 as 'neutral', 5 as 'likely similar', 6 as 'very similar', and 7 as 'extremely similar': How semantically similar is Grindingdisk and Screwdriver?",5
Grindingdisk|Shovel,"Answer with only one number from 1 to 7, considering 1 as 'extremely dissimilar', 2 as 'very dissimilar', 3 as 'likely dissimilar', 4 as 'neutral', 5 as 'likely similar', 6 as 'very similar', and 7 as 'extremely similar': How semantically similar is Grindingdisk and Shovel?",5
Grindingdisk|Spanner,"Answer with only one number from 1 to 7, considering 1 as 'extremely dissimilar', 2 as 'very dissimilar', 3 as 'likely dissimilar', 4 as 'neutral', 5 as 'likely similar', 6 as 'very similar', and 7 as 'extremely similar': How semantically similar is Grindingdisk and Spanner?",5
Grindingdisk|Vacuum,"Answer with only one number from 1 to 7, considering 1 as 'extremely dissimilar', 2 as 'very dissimilar', 3 as 'likely dissimilar', 4 as 'neutral', 5 as 'likely similar', 6 as 'very similar', and 7 as 'extremely similar': How semantically similar is Grindingdisk and Vacuum?",5
Hammer|Alligator,"Answer with only one number from 1 to 7, considering 1 as 'extremely dissimilar', 2 as 'very dissimilar', 3 as 'likely dissimilar', 4 as 'neutral', 5 as 'likely similar', 6 as 'very similar', and 7 as 'extremely similar': How semantically similar is Hammer and Alligator?",5
Hammer|Blindworm,"Answer with only one number from 1 to 7, considering 1 as 'extremely dissimilar', 2 as 'very dissimilar', 3 as 'likely dissimilar', 4 as 'neutral', 5 as 'likely similar', 6 as 'very similar', and 7 as 'extremely similar': How semantically similar is Hammer and Blindworm?",5
Hammer|Boapython,"Answer with only one number from 1 to 7, considering 1 as 'extremely dissimilar', 2 as 'very dissimilar', 3 as 'likely dissimilar', 4 as 'neutral', 5 as 'likely similar', 6 as 'very similar', and 7 as 'extremely similar': How semantically similar is Hammer and Boapython?",5
Hammer|Caiman,"Answer with only one number from 1 to 7, considering 1 as 'extremely dissimilar', 2 as 'very dissimilar', 3 as 'likely dissimilar', 4 as 'neutral', 5 as 'likely similar', 6 as 'very similar', and 7 as 'extremely similar': How semantically similar is Hammer and Caiman?",5
Hammer|Chameleon,"Answer with only one number from 1 to 7, considering 1 as 'extremely dissimilar', 2 as 'very dissimilar', 3 as 'likely dissimilar', 4 as 'neutral', 5 as 'likely similar', 6 as 'very similar', and 7 as 'extremely similar': How semantically similar is Hammer and Chameleon?",3
Hammer|Cobra,"Answer with only one number from 1 to 7, considering 1 as 'extremely dissimilar', 2 as 'very dissimilar', 3 as 'likely dissimilar', 4 as 'neutral', 5 as 'likely similar', 6 as 'very similar', and 7 as 'extremely similar': How semantically similar is Hammer and Cobra?",5
Hammer|Crocodile,"Answer with only one number from 1 to 7, considering 1 as 'extremely dissimilar', 2 as 'very dissimilar', 3 as 'likely dissimilar', 4 as 'neutral', 5 as 'likely similar', 6 as 'very similar', and 7 as 'extremely similar': How semantically similar is Hammer and Crocodile?",5
Hammer|Dinosaur,"Answer with only one number from 1 to 7, considering 1 as 'extremely dissimilar', 2 as 'very dissimilar', 3 as 'likely dissimilar', 4 as 'neutral', 5 as 'likely similar', 6 as 'very similar', and 7 as 'extremely similar': How semantically similar is Hammer and Dinosaur?",3
Hammer|Gecko,"Answer with only one number from 1 to 7, considering 1 as 'extremely dissimilar', 2 as 'very dissimilar', 3 as 'likely dissimilar', 4 as 'neutral', 5 as 'likely similar', 6 as 'very similar', and 7 as 'extremely similar': How semantically similar is Hammer and Gecko?",3
Hammer|Lizard,"Answer with only one number from 1 to 7, considering 1 as 'extremely dissimilar', 2 as 'very dissimilar', 3 as 'likely dissimilar', 4 as 'neutral', 5 as 'likely similar', 6 as 'very similar', and 7 as 'extremely similar': How semantically similar is Hammer and Lizard?",3
Hammer|Salamander,"Answer with only one number from 1 to 7, considering 1 as 'extremely dissimilar', 2 as 'very dissimilar', 3 as 'likely dissimilar', 4 as 'neutral', 5 as 'likely similar', 6 as 'very similar', and 7 as 'extremely similar': How semantically similar is Hammer and Salamander?",5
Hammer|Snake,"Answer with only one number from 1 to 7, considering 1 as 'extremely dissimilar', 2 as 'very dissimilar', 3 as 'likely dissimilar', 4 as 'neutral', 5 as 'likely similar', 6 as 'very similar', and 7 as 'extremely similar': How semantically similar is Hammer and Snake?",3
Hammer|Toad,"Answer with only one number from 1 to 7, considering 1 as 'extremely dissimilar', 2 as 'very dissimilar', 3 as 'likely dissimilar', 4 as 'neutral', 5 as 'likely similar', 6 as 'very similar', and 7 as 'extremely similar': How semantically similar is Hammer and Toad?",3
Hammer|Tortoise,"Answer with only one number from 1 to 7, considering 1 as 'extremely dissimilar', 2 as 'very dissimilar', 3 as 'likely dissimilar', 4 as 'neutral', 5 as 'likely similar', 6 as 'very similar', and 7 as 'extremely similar': How semantically similar is Hammer and Tortoise?",5
Hammer|Turtle,"Answer with only one number from 1 to 7, considering 1 as 'extremely dissimilar', 2 as 'very dissimilar', 3 as 'likely dissimilar', 4 as 'neutral', 5 as 'likely similar', 6 as 'very similar', and 7 as 'extremely similar': How semantically similar is Hammer and Turtle?",3
Hammer|Anvil,"Answer with only one number from 1 to 7, considering 1 as 'extremely dissimilar', 2 as 'very dissimilar', 3 as 'likely dissimilar', 4 as 'neutral', 5 as 'likely similar', 6 as 'very similar', and 7 as 'extremely similar': How semantically similar is Hammer and Anvil?",5
Hammer|Axe,"Answer with only one number from 1 to 7, considering 1 as 'extremely dissimilar', 2 as 'very dissimilar', 3 as 'likely dissimilar', 4 as 'neutral', 5 as 'likely similar', 6 as 'very similar', and 7 as 'extremely similar': How semantically similar is Hammer and Axe?",5
Hammer|Chisel,"Answer with only one number from 1 to 7, considering 1 as 'extremely dissimilar', 2 as 'very dissimilar', 3 as 'likely dissimilar', 4 as 'neutral', 5 as 'likely similar', 6 as 'very similar', and 7 as 'extremely similar': How semantically similar is Hammer and Chisel?",5
Hammer|Grindingdisk,"Answer with only one number from 1 to 7, considering 1 as 'extremely dissimilar', 2 as 'very dissimilar', 3 as 'likely dissimilar', 4 as 'neutral', 5 as 'likely similar', 6 as 'very similar', and 7 as 'extremely similar': How semantically similar is Hammer and Grindingdisk?",5
Hammer|Hammer,"Answer with only one number from 1 to 7, considering 1 as 'extremely dissimilar', 2 as 'very dissimilar', 3 as 'likely dissimilar', 4 as 'neutral', 5 as 'likely similar', 6 as 'very similar', and 7 as 'extremely similar': How semantically similar is Hammer and Hammer?",7
Hammer|Knife,"Answer with only one number from 1 to 7, considering 1 as 'extremely dissimilar', 2 as 'very dissimilar', 3 as 'likely dissimilar', 4 as 'neutral', 5 as 'likely similar', 6 as 'very similar', and 7 as 'extremely similar': How semantically similar is Hammer and Knife?",5
Hammer|LawnMower,"Answer with only one number from 1 to 7, considering 1 as 'extremely dissimilar', 2 as 'very dissimilar', 3 as 'likely dissimilar', 4 as 'neutral', 5 as 'likely similar', 6 as 'very similar', and 7 as 'extremely similar': How semantically similar is Hammer and LawnMower?",5
Hammer|Nail,"Answer with only one number from 1 to 7, considering 1 as 'extremely dissimilar', 2 as 'very dissimilar', 3 as 'likely dissimilar', 4 as 'neutral', 5 as 'likely similar', 6 as 'very similar', and 7 as 'extremely similar': How semantically similar is Hammer and Nail?",5
Hammer|Oilcan,"Answer with only one number from 1 to 7, considering 1 as 'extremely dissimilar', 2 as 'very dissimilar', 3 as 'likely dissimilar', 4 as 'neutral', 5 as 'likely similar', 6 as 'very similar', and 7 as 'extremely similar': How semantically similar is Hammer and Oilcan?",5
Hammer|Paintbrush,"Answer with only one number from 1 to 7, considering 1 as 'extremely dissimilar', 2 as 'very dissimilar', 3 as 'likely dissimilar', 4 as 'neutral', 5 as 'likely similar', 6 as 'very similar', and 7 as 'extremely similar': How semantically similar is Hammer and Paintbrush?",5
Hammer|Saw,"Answer with only one number from 1 to 7, considering 1 as 'extremely dissimilar', 2 as 'very dissimilar', 3 as 'likely dissimilar', 4 as 'neutral', 5 as 'likely similar', 6 as 'very similar', and 7 as 'extremely similar': How semantically similar is Hammer and Saw?",5
Hammer|Screwdriver,"Answer with only one number from 1 to 7, considering 1 as 'extremely dissimilar', 2 as 'very dissimilar', 3 as 'likely dissimilar', 4 as 'neutral', 5 as 'likely similar', 6 as 'very similar', and 7 as 'extremely similar': How semantically similar is Hammer and Screwdriver?",5
Hammer|Shovel,"Answer with only one number from 1 to 7, considering 1 as 'extremely dissimilar', 2 as 'very dissimilar', 3 as 'likely dissimilar', 4 as 'neutral', 5 as 'likely similar', 6 as 'very similar', and 7 as 'extremely similar': How semantically similar is Hammer and Shovel?",5
Hammer|Spanner,"Answer with only one number from 1 to 7, considering 1 as 'extremely dissimilar', 2 as 'very dissimilar', 3 as 'likely dissimilar', 4 as 'neutral', 5 as 'likely similar', 6 as 'very similar', and 7 as 'extremely similar': How semantically similar is Hammer and Spanner?",5
Hammer|Vacuum,"Answer with only one number from 1 to 7, considering 1 as 'extremely dissimilar', 2 as 'very dissimilar', 3 as 'likely dissimilar', 4 as 'neutral', 5 as 'likely similar', 6 as 'very similar', and 7 as 'extremely similar': How semantically similar is Hammer and Vacuum?",3
Knife|Alligator,"Answer with only one number from 1 to 7, considering 1 as 'extremely dissimilar', 2 as 'very dissimilar', 3 as 'likely dissimilar', 4 as 'neutral', 5 as 'likely similar', 6 as 'very similar', and 7 as 'extremely similar': How semantically similar is Knife and Alligator?",3
Knife|Blindworm,"Answer with only one number from 1 to 7, considering 1 as 'extremely dissimilar', 2 as 'very dissimilar', 3 as 'likely dissimilar', 4 as 'neutral', 5 as 'likely similar', 6 as 'very similar', and 7 as 'extremely similar': How semantically similar is Knife and Blindworm?",3
Knife|Boapython,"Answer with only one number from 1 to 7, considering 1 as 'extremely dissimilar', 2 as 'very dissimilar', 3 as 'likely dissimilar', 4 as 'neutral', 5 as 'likely similar', 6 as 'very similar', and 7 as 'extremely similar': How semantically similar is Knife and Boapython?",3
Knife|Caiman,"Answer with only one number from 1 to 7, considering 1 as 'extremely dissimilar', 2 as 'very dissimilar', 3 as 'likely dissimilar', 4 as 'neutral', 5 as 'likely similar', 6 as 'very similar', and 7 as 'extremely similar': How semantically similar is Knife and Caiman?",3
Knife|Chameleon,"Answer with only one number from 1 to 7, considering 1 as 'extremely dissimilar', 2 as 'very dissimilar', 3 as 'likely dissimilar', 4 as 'neutral', 5 as 'likely similar', 6 as 'very similar', and 7 as 'extremely similar': How semantically similar is Knife and Chameleon?",3
Knife|Cobra,"Answer with only one number from 1 to 7, considering 1 as 'extremely dissimilar', 2 as 'very dissimilar', 3 as 'likely dissimilar', 4 as 'neutral', 5 as 'likely similar', 6 as 'very similar', and 7 as 'extremely similar': How semantically similar is Knife and Cobra?",5
Knife|Crocodile,"Answer with only one number from 1 to 7, considering 1 as 'extremely dissimilar', 2 as 'very dissimilar', 3 as 'likely dissimilar', 4 as 'neutral', 5 as 'likely similar', 6 as 'very similar', and 7 as 'extremely similar': How semantically similar is Knife and Crocodile?",5
Knife|Dinosaur,"Answer with only one number from 1 to 7, considering 1 as 'extremely dissimilar', 2 as 'very dissimilar', 3 as 'likely dissimilar', 4 as 'neutral', 5 as 'likely similar', 6 as 'very similar', and 7 as 'extremely similar': How semantically similar is Knife and Dinosaur?",3
Knife|Gecko,"Answer with only one number from 1 to 7, considering 1 as 'extremely dissimilar', 2 as 'very dissimilar', 3 as 'likely dissimilar', 4 as 'neutral', 5 as 'likely similar', 6 as 'very similar', and 7 as 'extremely similar': How semantically similar is Knife and Gecko?",3
Knife|Lizard,"Answer with only one number from 1 to 7, considering 1 as 'extremely dissimilar', 2 as 'very dissimilar', 3 as 'likely dissimilar', 4 as 'neutral', 5 as 'likely similar', 6 as 'very similar', and 7 as 'extremely similar': How semantically similar is Knife and Lizard?",3
Knife|Salamander,"Answer with only one number from 1 to 7, considering 1 as 'extremely dissimilar', 2 as 'very dissimilar', 3 as 'likely dissimilar', 4 as 'neutral', 5 as 'likely similar', 6 as 'very similar', and 7 as 'extremely similar': How semantically similar is Knife and Salamander?",3
Knife|Snake,"Answer with only one number from 1 to 7, considering 1 as 'extremely dissimilar', 2 as 'very dissimilar', 3 as 'likely dissimilar', 4 as 'neutral', 5 as 'likely similar', 6 as 'very similar', and 7 as 'extremely similar': How semantically similar is Knife and Snake?",5
Knife|Toad,"Answer with only one number from 1 to 7, considering 1 as 'extremely dissimilar', 2 as 'very dissimilar', 3 as 'likely dissimilar', 4 as 'neutral', 5 as 'likely similar', 6 as 'very similar', and 7 as 'extremely similar': How semantically similar is Knife and Toad?",3
Knife|Tortoise,"Answer with only one number from 1 to 7, considering 1 as 'extremely dissimilar', 2 as 'very dissimilar', 3 as 'likely dissimilar', 4 as 'neutral', 5 as 'likely similar', 6 as 'very similar', and 7 as 'extremely similar': How semantically similar is Knife and Tortoise?",3
Knife|Turtle,"Answer with only one number from 1 to 7, considering 1 as 'extremely dissimilar', 2 as 'very dissimilar', 3 as 'likely dissimilar', 4 as 'neutral', 5 as 'likely similar', 6 as 'very similar', and 7 as 'extremely similar': How semantically similar is Knife and Turtle?",3
Knife|Anvil,"Answer with only one number from 1 to 7, considering 1 as 'extremely dissimilar', 2 as 'very dissimilar', 3 as 'likely dissimilar', 4 as 'neutral', 5 as 'likely similar', 6 as 'very similar', and 7 as 'extremely similar': How semantically similar is Knife and Anvil?",5
Knife|Axe,"Answer with only one number from 1 to 7, considering 1 as 'extremely dissimilar', 2 as 'very dissimilar', 3 as 'likely dissimilar', 4 as 'neutral', 5 as 'likely similar', 6 as 'very similar', and 7 as 'extremely similar': How semantically similar is Knife and Axe?",5
Knife|Chisel,"Answer with only one number from 1 to 7, considering 1 as 'extremely dissimilar', 2 as 'very dissimilar', 3 as 'likely dissimilar', 4 as 'neutral', 5 as 'likely similar', 6 as 'very similar', and 7 as 'extremely similar': How semantically similar is Knife and Chisel?",5
Knife|Grindingdisk,"Answer with only one number from 1 to 7, considering 1 as 'extremely dissimilar', 2 as 'very dissimilar', 3 as 'likely dissimilar', 4 as 'neutral', 5 as 'likely similar', 6 as 'very similar', and 7 as 'extremely similar': How semantically similar is Knife and Grindingdisk?",5
Knife|Hammer,"Answer with only one number from 1 to 7, considering 1 as 'extremely dissimilar', 2 as 'very dissimilar', 3 as 'likely dissimilar', 4 as 'neutral', 5 as 'likely similar', 6 as 'very similar', and 7 as 'extremely similar': How semantically similar is Knife and Hammer?",5
Knife|Knife,"Answer with only one number from 1 to 7, considering 1 as 'extremely dissimilar', 2 as 'very dissimilar', 3 as 'likely dissimilar', 4 as 'neutral', 5 as 'likely similar', 6 as 'very similar', and 7 as 'extremely similar': How semantically similar is Knife and Knife?",7
Knife|LawnMower,"Answer with only one number from 1 to 7, considering 1 as 'extremely dissimilar', 2 as 'very dissimilar', 3 as 'likely dissimilar', 4 as 'neutral', 5 as 'likely similar', 6 as 'very similar', and 7 as 'extremely similar': How semantically similar is Knife and LawnMower?",5
Knife|Nail,"Answer with only one number from 1 to 7, considering 1 as 'extremely dissimilar', 2 as 'very dissimilar', 3 as 'likely dissimilar', 4 as 'neutral', 5 as 'likely similar', 6 as 'very similar', and 7 as 'extremely similar': How semantically similar is Knife and Nail?",5
Knife|Oilcan,"Answer with only one number from 1 to 7, considering 1 as 'extremely dissimilar', 2 as 'very dissimilar', 3 as 'likely dissimilar', 4 as 'neutral', 5 as 'likely similar', 6 as 'very similar', and 7 as 'extremely similar': How semantically similar is Knife and Oilcan?",5
Knife|Paintbrush,"Answer with only one number from 1 to 7, considering 1 as 'extremely dissimilar', 2 as 'very dissimilar', 3 as 'likely dissimilar', 4 as 'neutral', 5 as 'likely similar', 6 as 'very similar', and 7 as 'extremely similar': How semantically similar is Knife and Paintbrush?",5
Knife|Saw,"Answer with only one number from 1 to 7, considering 1 as 'extremely dissimilar', 2 as 'very dissimilar', 3 as 'likely dissimilar', 4 as 'neutral', 5 as 'likely similar', 6 as 'very similar', and 7 as 'extremely similar': How semantically similar is Knife and Saw?",5
Knife|Screwdriver,"Answer with only one number from 1 to 7, considering 1 as 'extremely dissimilar', 2 as 'very dissimilar', 3 as 'likely dissimilar', 4 as 'neutral', 5 as 'likely similar', 6 as 'very similar', and 7 as 'extremely similar': How semantically similar is Knife and Screwdriver?",5
Knife|Shovel,"Answer with only one number from 1 to 7, considering 1 as 'extremely dissimilar', 2 as 'very dissimilar', 3 as 'likely dissimilar', 4 as 'neutral', 5 as 'likely similar', 6 as 'very similar', and 7 as 'extremely similar': How semantically similar is Knife and Shovel?",5
Knife|Spanner,"Answer with only one number from 1 to 7, considering 1 as 'extremely dissimilar', 2 as 'very dissimilar', 3 as 'likely dissimilar', 4 as 'neutral', 5 as 'likely similar', 6 as 'very similar', and 7 as 'extremely similar': How semantically similar is Knife and Spanner?",5
Knife|Vacuum,"Answer with only one number from 1 to 7, considering 1 as 'extremely dissimilar', 2 as 'very dissimilar', 3 as 'likely dissimilar', 4 as 'neutral', 5 as 'likely similar', 6 as 'very similar', and 7 as 'extremely similar': How semantically similar is Knife and Vacuum?",3
LawnMower|Alligator,"Answer with only one number from 1 to 7, considering 1 as 'extremely dissimilar', 2 as 'very dissimilar', 3 as 'likely dissimilar', 4 as 'neutral', 5 as 'likely similar', 6 as 'very similar', and 7 as 'extremely similar': How semantically similar is LawnMower and Alligator?",3
LawnMower|Blindworm,"Answer with only one number from 1 to 7, considering 1 as 'extremely dissimilar', 2 as 'very dissimilar', 3 as 'likely dissimilar', 4 as 'neutral', 5 as 'likely similar', 6 as 'very similar', and 7 as 'extremely similar': How semantically similar is LawnMower and Blindworm?",3
LawnMower|Boapython,"Answer with only one number from 1 to 7, considering 1 as 'extremely dissimilar', 2 as 'very dissimilar', 3 as 'likely dissimilar', 4 as 'neutral', 5 as 'likely similar', 6 as 'very similar', and 7 as 'extremely similar': How semantically similar is LawnMower and Boapython?",3
LawnMower|Caiman,"Answer with only one number from 1 to 7, considering 1 as 'extremely dissimilar', 2 as 'very dissimilar', 3 as 'likely dissimilar', 4 as 'neutral', 5 as 'likely similar', 6 as 'very similar', and 7 as 'extremely similar': How semantically similar is LawnMower and Caiman?",3
LawnMower|Chameleon,"Answer with only one number from 1 to 7, considering 1 as 'extremely dissimilar', 2 as 'very dissimilar', 3 as 'likely dissimilar', 4 as 'neutral', 5 as 'likely similar', 6 as 'very similar', and 7 as 'extremely similar': How semantically similar is LawnMower and Chameleon?",5
LawnMower|Cobra,"Answer with only one number from 1 to 7, considering 1 as 'extremely dissimilar', 2 as 'very dissimilar', 3 as 'likely dissimilar', 4 as 'neutral', 5 as 'likely similar', 6 as 'very similar', and 7 as 'extremely similar': How semantically similar is LawnMower and Cobra?",5
LawnMower|Crocodile,"Answer with only one number from 1 to 7, considering 1 as 'extremely dissimilar', 2 as 'very dissimilar', 3 as 'likely dissimilar', 4 as 'neutral', 5 as 'likely similar', 6 as 'very similar', and 7 as 'extremely similar': How semantically similar is LawnMower and Crocodile?",5
LawnMower|Dinosaur,"Answer with only one number from 1 to 7, considering 1 as 'extremely dissimilar', 2 as 'very dissimilar', 3 as 'likely dissimilar', 4 as 'neutral', 5 as 'likely similar', 6 as 'very similar', and 7 as 'extremely similar': How semantically similar is LawnMower and Dinosaur?",3
LawnMower|Gecko,"Answer with only one number from 1 to 7, considering 1 as 'extremely dissimilar', 2 as 'very dissimilar', 3 as 'likely dissimilar', 4 as 'neutral', 5 as 'likely similar', 6 as 'very similar', and 7 as 'extremely similar': How semantically similar is LawnMower and Gecko?",3
LawnMower|Lizard,"Answer with only one number from 1 to 7, considering 1 as 'extremely dissimilar', 2 as 'very dissimilar', 3 as 'likely dissimilar', 4 as 'neutral', 5 as 'likely similar', 6 as 'very similar', and 7 as 'extremely similar': How semantically similar is LawnMower and Lizard?",3
LawnMower|Salamander,"Answer with only one number from 1 to 7, considering 1 as 'extremely dissimilar', 2 as 'very dissimilar', 3 as 'likely dissimilar', 4 as 'neutral', 5 as 'likely similar', 6 as 'very similar', and 7 as 'extremely similar': How semantically similar is LawnMower and Salamander?",5
LawnMower|Snake,"Answer with only one number from 1 to 7, considering 1 as 'extremely dissimilar', 2 as 'very dissimilar', 3 as 'likely dissimilar', 4 as 'neutral', 5 as 'likely similar', 6 as 'very similar', and 7 as 'extremely similar': How semantically similar is LawnMower and Snake?",3
LawnMower|Toad,"Answer with only one number from 1 to 7, considering 1 as 'extremely dissimilar', 2 as 'very dissimilar', 3 as 'likely dissimilar', 4 as 'neutral', 5 as 'likely similar', 6 as 'very similar', and 7 as 'extremely similar': How semantically similar is LawnMower and Toad?",3
LawnMower|Tortoise,"Answer with only one number from 1 to 7, considering 1 as 'extremely dissimilar', 2 as 'very dissimilar', 3 as 'likely dissimilar', 4 as 'neutral', 5 as 'likely similar', 6 as 'very similar', and 7 as 'extremely similar': How semantically similar is LawnMower and Tortoise?",3
LawnMower|Turtle,"Answer with only one number from 1 to 7, considering 1 as 'extremely dissimilar', 2 as 'very dissimilar', 3 as 'likely dissimilar', 4 as 'neutral', 5 as 'likely similar', 6 as 'very similar', and 7 as 'extremely similar': How semantically similar is LawnMower and Turtle?",3
LawnMower|Anvil,"Answer with only one number from 1 to 7, considering 1 as 'extremely dissimilar', 2 as 'very dissimilar', 3 as 'likely dissimilar', 4 as 'neutral', 5 as 'likely similar', 6 as 'very similar', and 7 as 'extremely similar': How semantically similar is LawnMower and Anvil?",3
LawnMower|Axe,"Answer with only one number from 1 to 7, considering 1 as 'extremely dissimilar', 2 as 'very dissimilar', 3 as 'likely dissimilar', 4 as 'neutral', 5 as 'likely similar', 6 as 'very similar', and 7 as 'extremely similar': How semantically similar is LawnMower and Axe?",5
LawnMower|Chisel,"Answer with only one number from 1 to 7, considering 1 as 'extremely dissimilar', 2 as 'very dissimilar', 3 as 'likely dissimilar', 4 as 'neutral', 5 as 'likely similar', 6 as 'very similar', and 7 as 'extremely similar': How semantically similar is LawnMower and Chisel?",5
LawnMower|Grindingdisk,"Answer with only one number from 1 to 7, considering 1 as 'extremely dissimilar', 2 as 'very dissimilar', 3 as 'likely dissimilar', 4 as 'neutral', 5 as 'likely similar', 6 as 'very similar', and 7 as 'extremely similar': How semantically similar is LawnMower and Grindingdisk?",5
LawnMower|Hammer,"Answer with only one number from 1 to 7, considering 1 as 'extremely dissimilar', 2 as 'very dissimilar', 3 as 'likely dissimilar', 4 as 'neutral', 5 as 'likely similar', 6 as 'very similar', and 7 as 'extremely similar': How semantically similar is LawnMower and Hammer?",5
LawnMower|Knife,"Answer with only one number from 1 to 7, considering 1 as 'extremely dissimilar', 2 as 'very dissimilar', 3 as 'likely dissimilar', 4 as 'neutral', 5 as 'likely similar', 6 as 'very similar', and 7 as 'extremely similar': How semantically similar is LawnMower and Knife?",3
LawnMower|LawnMower,"Answer with only one number from 1 to 7, considering 1 as 'extremely dissimilar', 2 as 'very dissimilar', 3 as 'likely dissimilar', 4 as 'neutral', 5 as 'likely similar', 6 as 'very similar', and 7 as 'extremely similar': How semantically similar is LawnMower and LawnMower?",7
LawnMower|Nail,"Answer with only one number from 1 to 7, considering 1 as 'extremely dissimilar', 2 as 'very dissimilar', 3 as 'likely dissimilar', 4 as 'neutral', 5 as 'likely similar', 6 as 'very similar', and 7 as 'extremely similar': How semantically similar is LawnMower and Nail?",3
LawnMower|Oilcan,"Answer with only one number from 1 to 7, considering 1 as 'extremely dissimilar', 2 as 'very dissimilar', 3 as 'likely dissimilar', 4 as 'neutral', 5 as 'likely similar', 6 as 'very similar', and 7 as 'extremely similar': How semantically similar is LawnMower and Oilcan?",5
LawnMower|Paintbrush,"Answer with only one number from 1 to 7, considering 1 as 'extremely dissimilar', 2 as 'very dissimilar', 3 as 'likely dissimilar', 4 as 'neutral', 5 as 'likely similar', 6 as 'very similar', and 7 as 'extremely similar': How semantically similar is LawnMower and Paintbrush?",5
LawnMower|Saw,"Answer with only one number from 1 to 7, considering 1 as 'extremely dissimilar', 2 as 'very dissimilar', 3 as 'likely dissimilar', 4 as 'neutral', 5 as 'likely similar', 6 as 'very similar', and 7 as 'extremely similar': How semantically similar is LawnMower and Saw?",5
LawnMower|Screwdriver,"Answer with only one number from 1 to 7, considering 1 as 'extremely dissimilar', 2 as 'very dissimilar', 3 as 'likely dissimilar', 4 as 'neutral', 5 as 'likely similar', 6 as 'very similar', and 7 as 'extremely similar': How semantically similar is LawnMower and Screwdriver?",5
LawnMower|Shovel,"Answer with only one number from 1 to 7, considering 1 as 'extremely dissimilar', 2 as 'very dissimilar', 3 as 'likely dissimilar', 4 as 'neutral', 5 as 'likely similar', 6 as 'very similar', and 7 as 'extremely similar': How semantically similar is LawnMower and Shovel?",5
LawnMower|Spanner,"Answer with only one number from 1 to 7, considering 1 as 'extremely dissimilar', 2 as 'very dissimilar', 3 as 'likely dissimilar', 4 as 'neutral', 5 as 'likely similar', 6 as 'very similar', and 7 as 'extremely similar': How semantically similar is LawnMower and Spanner?",5
LawnMower|Vacuum,"Answer with only one number from 1 to 7, considering 1 as 'extremely dissimilar', 2 as 'very dissimilar', 3 as 'likely dissimilar', 4 as 'neutral', 5 as 'likely similar', 6 as 'very similar', and 7 as 'extremely similar': How semantically similar is LawnMower and Vacuum?",5
Nail|Alligator,"Answer with only one number from 1 to 7, considering 1 as 'extremely dissimilar', 2 as 'very dissimilar', 3 as 'likely dissimilar', 4 as 'neutral', 5 as 'likely similar', 6 as 'very similar', and 7 as 'extremely similar': How semantically similar is Nail and Alligator?",5
Nail|Blindworm,"Answer with only one number from 1 to 7, considering 1 as 'extremely dissimilar', 2 as 'very dissimilar', 3 as 'likely dissimilar', 4 as 'neutral', 5 as 'likely similar', 6 as 'very similar', and 7 as 'extremely similar': How semantically similar is Nail and Blindworm?",5
Nail|Boapython,"Answer with only one number from 1 to 7, considering 1 as 'extremely dissimilar', 2 as 'very dissimilar', 3 as 'likely dissimilar', 4 as 'neutral', 5 as 'likely similar', 6 as 'very similar', and 7 as 'extremely similar': How semantically similar is Nail and Boapython?",5
Nail|Caiman,"Answer with only one number from 1 to 7, considering 1 as 'extremely dissimilar', 2 as 'very dissimilar', 3 as 'likely dissimilar', 4 as 'neutral', 5 as 'likely similar', 6 as 'very similar', and 7 as 'extremely similar': How semantically similar is Nail and Caiman?",5
Nail|Chameleon,"Answer with only one number from 1 to 7, considering 1 as 'extremely dissimilar', 2 as 'very dissimilar', 3 as 'likely dissimilar', 4 as 'neutral', 5 as 'likely similar', 6 as 'very similar', and 7 as 'extremely similar': How semantically similar is Nail and Chameleon?",5
Nail|Cobra,"Answer with only one number from 1 to 7, considering 1 as 'extremely dissimilar', 2 as 'very dissimilar', 3 as 'likely dissimilar', 4 as 'neutral', 5 as 'likely similar', 6 as 'very similar', and 7 as 'extremely similar': How semantically similar is Nail and Cobra?",5
Nail|Crocodile,"Answer with only one number from 1 to 7, considering 1 as 'extremely dissimilar', 2 as 'very dissimilar', 3 as 'likely dissimilar', 4 as 'neutral', 5 as 'likely similar', 6 as 'very similar', and 7 as 'extremely similar': How semantically similar is Nail and Crocodile?",5
Nail|Dinosaur,"Answer with only one number from 1 to 7, considering 1 as 'extremely dissimilar', 2 as 'very dissimilar', 3 as 'likely dissimilar', 4 as 'neutral', 5 as 'likely similar', 6 as 'very similar', and 7 as 'extremely similar': How semantically similar is Nail and Dinosaur?",3
Nail|Gecko,"Answer with only one number from 1 to 7, considering 1 as 'extremely dissimilar', 2 as 'very dissimilar', 3 as 'likely dissimilar', 4 as 'neutral', 5 as 'likely similar', 6 as 'very similar', and 7 as 'extremely similar': How semantically similar is Nail and Gecko?",5
Nail|Lizard,"Answer with only one number from 1 to 7, considering 1 as 'extremely dissimilar', 2 as 'very dissimilar', 3 as 'likely dissimilar', 4 as 'neutral', 5 as 'likely similar', 6 as 'very similar', and 7 as 'extremely similar': How semantically similar is Nail and Lizard?",3
Nail|Salamander,"Answer with only one number from 1 to 7, considering 1 as 'extremely dissimilar', 2 as 'very dissimilar', 3 as 'likely dissimilar', 4 as 'neutral', 5 as 'likely similar', 6 as 'very similar', and 7 as 'extremely similar': How semantically similar is Nail and Salamander?",5
Nail|Snake,"Answer with only one number from 1 to 7, considering 1 as 'extremely dissimilar', 2 as 'very dissimilar', 3 as 'likely dissimilar', 4 as 'neutral', 5 as 'likely similar', 6 as 'very similar', and 7 as 'extremely similar': How semantically similar is Nail and Snake?",5
Nail|Toad,"Answer with only one number from 1 to 7, considering 1 as 'extremely dissimilar', 2 as 'very dissimilar', 3 as 'likely dissimilar', 4 as 'neutral', 5 as 'likely similar', 6 as 'very similar', and 7 as 'extremely similar': How semantically similar is Nail and Toad?",5
Nail|Tortoise,"Answer with only one number from 1 to 7, considering 1 as 'extremely dissimilar', 2 as 'very dissimilar', 3 as 'likely dissimilar', 4 as 'neutral', 5 as 'likely similar', 6 as 'very similar', and 7 as 'extremely similar': How semantically similar is Nail and Tortoise?",5
Nail|Turtle,"Answer with only one number from 1 to 7, considering 1 as 'extremely dissimilar', 2 as 'very dissimilar', 3 as 'likely dissimilar', 4 as 'neutral', 5 as 'likely similar', 6 as 'very similar', and 7 as 'extremely similar': How semantically similar is Nail and Turtle?",3
Nail|Anvil,"Answer with only one number from 1 to 7, considering 1 as 'extremely dissimilar', 2 as 'very dissimilar', 3 as 'likely dissimilar', 4 as 'neutral', 5 as 'likely similar', 6 as 'very similar', and 7 as 'extremely similar': How semantically similar is Nail and Anvil?",5
Nail|Axe,"Answer with only one number from 1 to 7, considering 1 as 'extremely dissimilar', 2 as 'very dissimilar', 3 as 'likely dissimilar', 4 as 'neutral', 5 as 'likely similar', 6 as 'very similar', and 7 as 'extremely similar': How semantically similar is Nail and Axe?",5
Nail|Chisel,"Answer with only one number from 1 to 7, considering 1 as 'extremely dissimilar', 2 as 'very dissimilar', 3 as 'likely dissimilar', 4 as 'neutral', 5 as 'likely similar', 6 as 'very similar', and 7 as 'extremely similar': How semantically similar is Nail and Chisel?",5
Nail|Grindingdisk,"Answer with only one number from 1 to 7, considering 1 as 'extremely dissimilar', 2 as 'very dissimilar', 3 as 'likely dissimilar', 4 as 'neutral', 5 as 'likely similar', 6 as 'very similar', and 7 as 'extremely similar': How semantically similar is Nail and Grindingdisk?",5
Nail|Hammer,"Answer with only one number from 1 to 7, considering 1 as 'extremely dissimilar', 2 as 'very dissimilar', 3 as 'likely dissimilar', 4 as 'neutral', 5 as 'likely similar', 6 as 'very similar', and 7 as 'extremely similar': How semantically similar is Nail and Hammer?",5
Nail|Knife,"Answer with only one number from 1 to 7, considering 1 as 'extremely dissimilar', 2 as 'very dissimilar', 3 as 'likely dissimilar', 4 as 'neutral', 5 as 'likely similar', 6 as 'very similar', and 7 as 'extremely similar': How semantically similar is Nail and Knife?",5
Nail|LawnMower,"Answer with only one number from 1 to 7, considering 1 as 'extremely dissimilar', 2 as 'very dissimilar', 3 as 'likely dissimilar', 4 as 'neutral', 5 as 'likely similar', 6 as 'very similar', and 7 as 'extremely similar': How semantically similar is Nail and LawnMower?",3
Nail|Nail,"Answer with only one number from 1 to 7, considering 1 as 'extremely dissimilar', 2 as 'very dissimilar', 3 as 'likely dissimilar', 4 as 'neutral', 5 as 'likely similar', 6 as 'very similar', and 7 as 'extremely similar': How semantically similar is Nail and Nail?",7
Nail|Oilcan,"Answer with only one number from 1 to 7, considering 1 as 'extremely dissimilar', 2 as 'very dissimilar', 3 as 'likely dissimilar', 4 as 'neutral', 5 as 'likely similar', 6 as 'very similar', and 7 as 'extremely similar': How semantically similar is Nail and Oilcan?",5
Nail|Paintbrush,"Answer with only one number from 1 to 7, considering 1 as 'extremely dissimilar', 2 as 'very dissimilar', 3 as 'likely dissimilar', 4 as 'neutral', 5 as 'likely similar', 6 as 'very similar', and 7 as 'extremely similar': How semantically similar is Nail and Paintbrush?",5
Nail|Saw,"Answer with only one number from 1 to 7, considering 1 as 'extremely dissimilar', 2 as 'very dissimilar', 3 as 'likely dissimilar', 4 as 'neutral', 5 as 'likely similar', 6 as 'very similar', and 7 as 'extremely similar': How semantically similar is Nail and Saw?",5
Nail|Screwdriver,"Answer with only one number from 1 to 7, considering 1 as 'extremely dissimilar', 2 as 'very dissimilar', 3 as 'likely dissimilar', 4 as 'neutral', 5 as 'likely similar', 6 as 'very similar', and 7 as 'extremely similar': How semantically similar is Nail and Screwdriver?",5
Nail|Shovel,"Answer with only one number from 1 to 7, considering 1 as 'extremely dissimilar', 2 as 'very dissimilar', 3 as 'likely dissimilar', 4 as 'neutral', 5 as 'likely similar', 6 as 'very similar', and 7 as 'extremely similar': How semantically similar is Nail and Shovel?",5
Nail|Spanner,"Answer with only one number from 1 to 7, considering 1 as 'extremely dissimilar', 2 as 'very dissimilar', 3 as 'likely dissimilar', 4 as 'neutral', 5 as 'likely similar', 6 as 'very similar', and 7 as 'extremely similar': How semantically similar is Nail and Spanner?",5
Nail|Vacuum,"Answer with only one number from 1 to 7, considering 1 as 'extremely dissimilar', 2 as 'very dissimilar', 3 as 'likely dissimilar', 4 as 'neutral', 5 as 'likely similar', 6 as 'very similar', and 7 as 'extremely similar': How semantically similar is Nail and Vacuum?",3
Oilcan|Alligator,"Answer with only one number from 1 to 7, considering 1 as 'extremely dissimilar', 2 as 'very dissimilar', 3 as 'likely dissimilar', 4 as 'neutral', 5 as 'likely similar', 6 as 'very similar', and 7 as 'extremely similar': How semantically similar is Oilcan and Alligator?",3
Oilcan|Blindworm,"Answer with only one number from 1 to 7, considering 1 as 'extremely dissimilar', 2 as 'very dissimilar', 3 as 'likely dissimilar', 4 as 'neutral', 5 as 'likely similar', 6 as 'very similar', and 7 as 'extremely similar': How semantically similar is Oilcan and Blindworm?",5
Oilcan|Boapython,"Answer with only one number from 1 to 7, considering 1 as 'extremely dissimilar', 2 as 'very dissimilar', 3 as 'likely dissimilar', 4 as 'neutral', 5 as 'likely similar', 6 as 'very similar', and 7 as 'extremely similar': How semantically similar is Oilcan and Boapython?",3
Oilcan|Caiman,"Answer with only one number from 1 to 7, considering 1 as 'extremely dissimilar', 2 as 'very dissimilar', 3 as 'likely dissimilar', 4 as 'neutral', 5 as 'likely similar', 6 as 'very similar', and 7 as 'extremely similar': How semantically similar is Oilcan and Caiman?",5
Oilcan|Chameleon,"Answer with only one number from 1 to 7, considering 1 as 'extremely dissimilar', 2 as 'very dissimilar', 3 as 'likely dissimilar', 4 as 'neutral', 5 as 'likely similar', 6 as 'very similar', and 7 as 'extremely similar': How semantically similar is Oilcan and Chameleon?",5
Oilcan|Cobra,"Answer with only one number from 1 to 7, considering 1 as 'extremely dissimilar', 2 as 'very dissimilar', 3 as 'likely dissimilar', 4 as 'neutral', 5 as 'likely similar', 6 as 'very similar', and 7 as 'extremely similar': How semantically similar is Oilcan and Cobra?",3
Oilcan|Crocodile,"Answer with only one number from 1 to 7, considering 1 as 'extremely dissimilar', 2 as 'very dissimilar', 3 as 'likely dissimilar', 4 as 'neutral', 5 as 'likely similar', 6 as 'very similar', and 7 as 'extremely similar': How semantically similar is Oilcan and Crocodile?",5
Oilcan|Dinosaur,"Answer with only one number from 1 to 7, considering 1 as 'extremely dissimilar', 2 as 'very dissimilar', 3 as 'likely dissimilar', 4 as 'neutral', 5 as 'likely similar', 6 as 'very similar', and 7 as 'extremely similar': How semantically similar is Oilcan and Dinosaur?",3
Oilcan|Gecko,"Answer with only one number from 1 to 7, considering 1 as 'extremely dissimilar', 2 as 'very dissimilar', 3 as 'likely dissimilar', 4 as 'neutral', 5 as 'likely similar', 6 as 'very similar', and 7 as 'extremely similar': How semantically similar is Oilcan and Gecko?",3
Oilcan|Lizard,"Answer with only one number from 1 to 7, considering 1 as 'extremely dissimilar', 2 as 'very dissimilar', 3 as 'likely dissimilar', 4 as 'neutral', 5 as 'likely similar', 6 as 'very similar', and 7 as 'extremely similar': How semantically similar is Oilcan and Lizard?",3
Oilcan|Salamander,"Answer with only one number from 1 to 7, considering 1 as 'extremely dissimilar', 2 as 'very dissimilar', 3 as 'likely dissimilar', 4 as 'neutral', 5 as 'likely similar', 6 as 'very similar', and 7 as 'extremely similar': How semantically similar is Oilcan and Salamander?",5
Oilcan|Snake,"Answer with only one number from 1 to 7, considering 1 as 'extremely dissimilar', 2 as 'very dissimilar', 3 as 'likely dissimilar', 4 as 'neutral', 5 as 'likely similar', 6 as 'very similar', and 7 as 'extremely similar': How semantically similar is Oilcan and Snake?",3
Oilcan|Toad,"Answer with only one number from 1 to 7, considering 1 as 'extremely dissimilar', 2 as 'very dissimilar', 3 as 'likely dissimilar', 4 as 'neutral', 5 as 'likely similar', 6 as 'very similar', and 7 as 'extremely similar': How semantically similar is Oilcan and Toad?",3
Oilcan|Tortoise,"Answer with only one number from 1 to 7, considering 1 as 'extremely dissimilar', 2 as 'very dissimilar', 3 as 'likely dissimilar', 4 as 'neutral', 5 as 'likely similar', 6 as 'very similar', and 7 as 'extremely similar': How semantically similar is Oilcan and Tortoise?",5
Oilcan|Turtle,"Answer with only one number from 1 to 7, considering 1 as 'extremely dissimilar', 2 as 'very dissimilar', 3 as 'likely dissimilar', 4 as 'neutral', 5 as 'likely similar', 6 as 'very similar', and 7 as 'extremely similar': How semantically similar is Oilcan and Turtle?",3
Oilcan|Anvil,"Answer with only one number from 1 to 7, considering 1 as 'extremely dissimilar', 2 as 'very dissimilar', 3 as 'likely dissimilar', 4 as 'neutral', 5 as 'likely similar', 6 as 'very similar', and 7 as 'extremely similar': How semantically similar is Oilcan and Anvil?",5
Oilcan|Axe,"Answer with only one number from 1 to 7, considering 1 as 'extremely dissimilar', 2 as 'very dissimilar', 3 as 'likely dissimilar', 4 as 'neutral', 5 as 'likely similar', 6 as 'very similar', and 7 as 'extremely similar': How semantically similar is Oilcan and Axe?",5
Oilcan|Chisel,"Answer with only one number from 1 to 7, considering 1 as 'extremely dissimilar', 2 as 'very dissimilar', 3 as 'likely dissimilar', 4 as 'neutral', 5 as 'likely similar', 6 as 'very similar', and 7 as 'extremely similar': How semantically similar is Oilcan and Chisel?",5
Oilcan|Grindingdisk,"Answer with only one number from 1 to 7, considering 1 as 'extremely dissimilar', 2 as 'very dissimilar', 3 as 'likely dissimilar', 4 as 'neutral', 5 as 'likely similar', 6 as 'very similar', and 7 as 'extremely similar': How semantically similar is Oilcan and Grindingdisk?",3
Oilcan|Hammer,"Answer with only one number from 1 to 7, considering 1 as 'extremely dissimilar', 2 as 'very dissimilar', 3 as 'likely dissimilar', 4 as 'neutral', 5 as 'likely similar', 6 as 'very similar', and 7 as 'extremely similar': How semantically similar is Oilcan and Hammer?",5
Oilcan|Knife,"Answer with only one number from 1 to 7, considering 1 as 'extremely dissimilar', 2 as 'very dissimilar', 3 as 'likely dissimilar', 4 as 'neutral', 5 as 'likely similar', 6 as 'very similar', and 7 as 'extremely similar': How semantically similar is Oilcan and Knife?",3
Oilcan|LawnMower,"Answer with only one number from 1 to 7, considering 1 as 'extremely dissimilar', 2 as 'very dissimilar', 3 as 'likely dissimilar', 4 as 'neutral', 5 as 'likely similar', 6 as 'very similar', and 7 as 'extremely similar': How semantically similar is Oilcan and LawnMower?",5
Oilcan|Nail,"Answer with only one number from 1 to 7, considering 1 as 'extremely dissimilar', 2 as 'very dissimilar', 3 as 'likely dissimilar', 4 as 'neutral', 5 as 'likely similar', 6 as 'very similar', and 7 as 'extremely similar': How semantically similar is Oilcan and Nail?",3
Oilcan|Oilcan,"Answer with only one number from 1 to 7, considering 1 as 'extremely dissimilar', 2 as 'very dissimilar', 3 as 'likely dissimilar', 4 as 'neutral', 5 as 'likely similar', 6 as 'very similar', and 7 as 'extremely similar': How semantically similar is Oilcan and Oilcan?",7
Oilcan|Paintbrush,"Answer with only one number from 1 to 7, considering 1 as 'extremely dissimilar', 2 as 'very dissimilar', 3 as 'likely dissimilar', 4 as 'neutral', 5 as 'likely similar', 6 as 'very similar', and 7 as 'extremely similar': How semantically similar is Oilcan and Paintbrush?",3
Oilcan|Saw,"Answer with only one number from 1 to 7, considering 1 as 'extremely dissimilar', 2 as 'very dissimilar', 3 as 'likely dissimilar', 4 as 'neutral', 5 as 'likely similar', 6 as 'very similar', and 7 as 'extremely similar': How semantically similar is Oilcan and Saw?",3
Oilcan|Screwdriver,"Answer with only one number from 1 to 7, considering 1 as 'extremely dissimilar', 2 as 'very dissimilar', 3 as 'likely dissimilar', 4 as 'neutral', 5 as 'likely similar', 6 as 'very similar', and 7 as 'extremely similar': How semantically similar is Oilcan and Screwdriver?",5
Oilcan|Shovel,"Answer with only one number from 1 to 7, considering 1 as 'extremely dissimilar', 2 as 'very dissimilar', 3 as 'likely dissimilar', 4 as 'neutral', 5 as 'likely similar', 6 as 'very similar', and 7 as 'extremely similar': How semantically similar is Oilcan and Shovel?",5
Oilcan|Spanner,"Answer with only one number from 1 to 7, considering 1 as 'extremely dissimilar', 2 as 'very dissimilar', 3 as 'likely dissimilar', 4 as 'neutral', 5 as 'likely similar', 6 as 'very similar', and 7 as 'extremely similar': How semantically similar is Oilcan and Spanner?",5
Oilcan|Vacuum,"Answer with only one number from 1 to 7, considering 1 as 'extremely dissimilar', 2 as 'very dissimilar', 3 as 'likely dissimilar', 4 as 'neutral', 5 as 'likely similar', 6 as 'very similar', and 7 as 'extremely similar': How semantically similar is Oilcan and Vacuum?",5
Paintbrush|Alligator,"Answer with only one number from 1 to 7, considering 1 as 'extremely dissimilar', 2 as 'very dissimilar', 3 as 'likely dissimilar', 4 as 'neutral', 5 as 'likely similar', 6 as 'very similar', and 7 as 'extremely similar': How semantically similar is Paintbrush and Alligator?",3
Paintbrush|Blindworm,"Answer with only one number from 1 to 7, considering 1 as 'extremely dissimilar', 2 as 'very dissimilar', 3 as 'likely dissimilar', 4 as 'neutral', 5 as 'likely similar', 6 as 'very similar', and 7 as 'extremely similar': How semantically similar is Paintbrush and Blindworm?",3
Paintbrush|Boapython,"Answer with only one number from 1 to 7, considering 1 as 'extremely dissimilar', 2 as 'very dissimilar', 3 as 'likely dissimilar', 4 as 'neutral', 5 as 'likely similar', 6 as 'very similar', and 7 as 'extremely similar': How semantically similar is Paintbrush and Boapython?",5
Paintbrush|Caiman,"Answer with only one number from 1 to 7, considering 1 as 'extremely dissimilar', 2 as 'very dissimilar', 3 as 'likely dissimilar', 4 as 'neutral', 5 as 'likely similar', 6 as 'very similar', and 7 as 'extremely similar': How semantically similar is Paintbrush and Caiman?",3
Paintbrush|Chameleon,"Answer with only one number from 1 to 7, considering 1 as 'extremely dissimilar', 2 as 'very dissimilar', 3 as 'likely dissimilar', 4 as 'neutral', 5 as 'likely similar', 6 as 'very similar', and 7 as 'extremely similar': How semantically similar is Paintbrush and Chameleon?",5
Paintbrush|Cobra,"Answer with only one number from 1 to 7, considering 1 as 'extremely dissimilar', 2 as 'very dissimilar', 3 as 'likely dissimilar', 4 as 'neutral', 5 as 'likely similar', 6 as 'very similar', and 7 as 'extremely similar': How semantically similar is Paintbrush and Cobra?",5
Paintbrush|Crocodile,"Answer with only one number from 1 to 7, considering 1 as 'extremely dissimilar', 2 as 'very dissimilar', 3 as 'likely dissimilar', 4 as 'neutral', 5 as 'likely similar', 6 as 'very similar', and 7 as 'extremely similar': How semantically similar is Paintbrush and Crocodile?",3
Paintbrush|Dinosaur,"Answer with only one number from 1 to 7, considering 1 as 'extremely dissimilar', 2 as 'very dissimilar', 3 as 'likely dissimilar', 4 as 'neutral', 5 as 'likely similar', 6 as 'very similar', and 7 as 'extremely similar': How semantically similar is Paintbrush and Dinosaur?",3
Paintbrush|Gecko,"Answer with only one number from 1 to 7, considering 1 as 'extremely dissimilar', 2 as 'very dissimilar', 3 as 'likely dissimilar', 4 as 'neutral', 5 as 'likely similar', 6 as 'very similar', and 7 as 'extremely similar': How semantically similar is Paintbrush and Gecko?",3
Paintbrush|Lizard,"Answer with only one number from 1 to 7, considering 1 as 'extremely dissimilar', 2 as 'very dissimilar', 3 as 'likely dissimilar', 4 as 'neutral', 5 as 'likely similar', 6 as 'very similar', and 7 as 'extremely similar': How semantically similar is Paintbrush and Lizard?",3
Paintbrush|Salamander,"Answer with only one number from 1 to 7, considering 1 as 'extremely dissimilar', 2 as 'very dissimilar', 3 as 'likely dissimilar', 4 as 'neutral', 5 as 'likely similar', 6 as 'very similar', and 7 as 'extremely similar': How semantically similar is Paintbrush and Salamander?",5
Paintbrush|Snake,"Answer with only one number from 1 to 7, considering 1 as 'extremely dissimilar', 2 as 'very dissimilar', 3 as 'likely dissimilar', 4 as 'neutral', 5 as 'likely similar', 6 as 'very similar', and 7 as 'extremely similar': How semantically similar is Paintbrush and Snake?",3
Paintbrush|Toad,"Answer with only one number from 1 to 7, considering 1 as 'extremely dissimilar', 2 as 'very dissimilar', 3 as 'likely dissimilar', 4 as 'neutral', 5 as 'likely similar', 6 as 'very similar', and 7 as 'extremely similar': How semantically similar is Paintbrush and Toad?",3
Paintbrush|Tortoise,"Answer with only one number from 1 to 7, considering 1 as 'extremely dissimilar', 2 as 'very dissimilar', 3 as 'likely dissimilar', 4 as 'neutral', 5 as 'likely similar', 6 as 'very similar', and 7 as 'extremely similar': How semantically similar is Paintbrush and Tortoise?",3
Paintbrush|Turtle,"Answer with only one number from 1 to 7, considering 1 as 'extremely dissimilar', 2 as 'very dissimilar', 3 as 'likely dissimilar', 4 as 'neutral', 5 as 'likely similar', 6 as 'very similar', and 7 as 'extremely similar': How semantically similar is Paintbrush and Turtle?",3
Paintbrush|Anvil,"Answer with only one number from 1 to 7, considering 1 as 'extremely dissimilar', 2 as 'very dissimilar', 3 as 'likely dissimilar', 4 as 'neutral', 5 as 'likely similar', 6 as 'very similar', and 7 as 'extremely similar': How semantically similar is Paintbrush and Anvil?",3
Paintbrush|Axe,"Answer with only one number from 1 to 7, considering 1 as 'extremely dissimilar', 2 as 'very dissimilar', 3 as 'likely dissimilar', 4 as 'neutral', 5 as 'likely similar', 6 as 'very similar', and 7 as 'extremely similar': How semantically similar is Paintbrush and Axe?",3
Paintbrush|Chisel,"Answer with only one number from 1 to 7, considering 1 as 'extremely dissimilar', 2 as 'very dissimilar', 3 as 'likely dissimilar', 4 as 'neutral', 5 as 'likely similar', 6 as 'very similar', and 7 as 'extremely similar': How semantically similar is Paintbrush and Chisel?",5
Paintbrush|Grindingdisk,"Answer with only one number from 1 to 7, considering 1 as 'extremely dissimilar', 2 as 'very dissimilar', 3 as 'likely dissimilar', 4 as 'neutral', 5 as 'likely similar', 6 as 'very similar', and 7 as 'extremely similar': How semantically similar is Paintbrush and Grindingdisk?",5
Paintbrush|Hammer,"Answer with only one number from 1 to 7, considering 1 as 'extremely dissimilar', 2 as 'very dissimilar', 3 as 'likely dissimilar', 4 as 'neutral', 5 as 'likely similar', 6 as 'very similar', and 7 as 'extremely similar': How semantically similar is Paintbrush and Hammer?",5
Paintbrush|Knife,"Answer with only one number from 1 to 7, considering 1 as 'extremely dissimilar', 2 as 'very dissimilar', 3 as 'likely dissimilar', 4 as 'neutral', 5 as 'likely similar', 6 as 'very similar', and 7 as 'extremely similar': How semantically similar is Paintbrush and Knife?",5
Paintbrush|LawnMower,"Answer with only one number from 1 to 7, considering 1 as 'extremely dissimilar', 2 as 'very dissimilar', 3 as 'likely dissimilar', 4 as 'neutral', 5 as 'likely similar', 6 as 'very similar', and 7 as 'extremely similar': How semantically similar is Paintbrush and LawnMower?",3
Paintbrush|Nail,"Answer with only one number from 1 to 7, considering 1 as 'extremely dissimilar', 2 as 'very dissimilar', 3 as 'likely dissimilar', 4 as 'neutral', 5 as 'likely similar', 6 as 'very similar', and 7 as 'extremely similar': How semantically similar is Paintbrush and Nail?",3
Paintbrush|Oilcan,"Answer with only one number from 1 to 7, considering 1 as 'extremely dissimilar', 2 as 'very dissimilar', 3 as 'likely dissimilar', 4 as 'neutral', 5 as 'likely similar', 6 as 'very similar', and 7 as 'extremely similar': How semantically similar is Paintbrush and Oilcan?",5
Paintbrush|Paintbrush,"Answer with only one number from 1 to 7, considering 1 as 'extremely dissimilar', 2 as 'very dissimilar', 3 as 'likely dissimilar', 4 as 'neutral', 5 as 'likely similar', 6 as 'very similar', and 7 as 'extremely similar': How semantically similar is Paintbrush and Paintbrush?",7
Paintbrush|Saw,"Answer with only one number from 1 to 7, considering 1 as 'extremely dissimilar', 2 as 'very dissimilar', 3 as 'likely dissimilar', 4 as 'neutral', 5 as 'likely similar', 6 as 'very similar', and 7 as 'extremely similar': How semantically similar is Paintbrush and Saw?",3
Paintbrush|Screwdriver,"Answer with only one number from 1 to 7, considering 1 as 'extremely dissimilar', 2 as 'very dissimilar', 3 as 'likely dissimilar', 4 as 'neutral', 5 as 'likely similar', 6 as 'very similar', and 7 as 'extremely similar': How semantically similar is Paintbrush and Screwdriver?",3
Paintbrush|Shovel,"Answer with only one number from 1 to 7, considering 1 as 'extremely dissimilar', 2 as 'very dissimilar', 3 as 'likely dissimilar', 4 as 'neutral', 5 as 'likely similar', 6 as 'very similar', and 7 as 'extremely similar': How semantically similar is Paintbrush and Shovel?",3
Paintbrush|Spanner,"Answer with only one number from 1 to 7, considering 1 as 'extremely dissimilar', 2 as 'very dissimilar', 3 as 'likely dissimilar', 4 as 'neutral', 5 as 'likely similar', 6 as 'very similar', and 7 as 'extremely similar': How semantically similar is Paintbrush and Spanner?",5
Paintbrush|Vacuum,"Answer with only one number from 1 to 7, considering 1 as 'extremely dissimilar', 2 as 'very dissimilar', 3 as 'likely dissimilar', 4 as 'neutral', 5 as 'likely similar', 6 as 'very similar', and 7 as 'extremely similar': How semantically similar is Paintbrush and Vacuum?",3
Saw|Alligator,"Answer with only one number from 1 to 7, considering 1 as 'extremely dissimilar', 2 as 'very dissimilar', 3 as 'likely dissimilar', 4 as 'neutral', 5 as 'likely similar', 6 as 'very similar', and 7 as 'extremely similar': How semantically similar is Saw and Alligator?",5
Saw|Blindworm,"Answer with only one number from 1 to 7, considering 1 as 'extremely dissimilar', 2 as 'very dissimilar', 3 as 'likely dissimilar', 4 as 'neutral', 5 as 'likely similar', 6 as 'very similar', and 7 as 'extremely similar': How semantically similar is Saw and Blindworm?",5
Saw|Boapython,"Answer with only one number from 1 to 7, considering 1 as 'extremely dissimilar', 2 as 'very dissimilar', 3 as 'likely dissimilar', 4 as 'neutral', 5 as 'likely similar', 6 as 'very similar', and 7 as 'extremely similar': How semantically similar is Saw and Boapython?",5
Saw|Caiman,"Answer with only one number from 1 to 7, considering 1 as 'extremely dissimilar', 2 as 'very dissimilar', 3 as 'likely dissimilar', 4 as 'neutral', 5 as 'likely similar', 6 as 'very similar', and 7 as 'extremely similar': How semantically similar is Saw and Caiman?",5
Saw|Chameleon,"Answer with only one number from 1 to 7, considering 1 as 'extremely dissimilar', 2 as 'very dissimilar', 3 as 'likely dissimilar', 4 as 'neutral', 5 as 'likely similar', 6 as 'very similar', and 7 as 'extremely similar': How semantically similar is Saw and Chameleon?",5
Saw|Cobra,"Answer with only one number from 1 to 7, considering 1 as 'extremely dissimilar', 2 as 'very dissimilar', 3 as 'likely dissimilar', 4 as 'neutral', 5 as 'likely similar', 6 as 'very similar', and 7 as 'extremely similar': How semantically similar is Saw and Cobra?",5
Saw|Crocodile,"Answer with only one number from 1 to 7, considering 1 as 'extremely dissimilar', 2 as 'very dissimilar', 3 as 'likely dissimilar', 4 as 'neutral', 5 as 'likely similar', 6 as 'very similar', and 7 as 'extremely similar': How semantically similar is Saw and Crocodile?",5
Saw|Dinosaur,"Answer with only one number from 1 to 7, considering 1 as 'extremely dissimilar', 2 as 'very dissimilar', 3 as 'likely dissimilar', 4 as 'neutral', 5 as 'likely similar', 6 as 'very similar', and 7 as 'extremely similar': How semantically similar is Saw and Dinosaur?",5
Saw|Gecko,"Answer with only one number from 1 to 7, considering 1 as 'extremely dissimilar', 2 as 'very dissimilar', 3 as 'likely dissimilar', 4 as 'neutral', 5 as 'likely similar', 6 as 'very similar', and 7 as 'extremely similar': How semantically similar is Saw and Gecko?",3
Saw|Lizard,"Answer with only one number from 1 to 7, considering 1 as 'extremely dissimilar', 2 as 'very dissimilar', 3 as 'likely dissimilar', 4 as 'neutral', 5 as 'likely similar', 6 as 'very similar', and 7 as 'extremely similar': How semantically similar is Saw and Lizard?",3
Saw|Salamander,"Answer with only one number from 1 to 7, considering 1 as 'extremely dissimilar', 2 as 'very dissimilar', 3 as 'likely dissimilar', 4 as 'neutral', 5 as 'likely similar', 6 as 'very similar', and 7 as 'extremely similar': How semantically similar is Saw and Salamander?",5
Saw|Snake,"Answer with only one number from 1 to 7, considering 1 as 'extremely dissimilar', 2 as 'very dissimilar', 3 as 'likely dissimilar', 4 as 'neutral', 5 as 'likely similar', 6 as 'very similar', and 7 as 'extremely similar': How semantically similar is Saw and Snake?",5
Saw|Toad,"Answer with only one number from 1 to 7, considering 1 as 'extremely dissimilar', 2 as 'very dissimilar', 3 as 'likely dissimilar', 4 as 'neutral', 5 as 'likely similar', 6 as 'very similar', and 7 as 'extremely similar': How semantically similar is Saw and Toad?",3
Saw|Tortoise,"Answer with only one number from 1 to 7, considering 1 as 'extremely dissimilar', 2 as 'very dissimilar', 3 as 'likely dissimilar', 4 as 'neutral', 5 as 'likely similar', 6 as 'very similar', and 7 as 'extremely similar': How semantically similar is Saw and Tortoise?",3
Saw|Turtle,"Answer with only one number from 1 to 7, considering 1 as 'extremely dissimilar', 2 as 'very dissimilar', 3 as 'likely dissimilar', 4 as 'neutral', 5 as 'likely similar', 6 as 'very similar', and 7 as 'extremely similar': How semantically similar is Saw and Turtle?",3
Saw|Anvil,"Answer with only one number from 1 to 7, considering 1 as 'extremely dissimilar', 2 as 'very dissimilar', 3 as 'likely dissimilar', 4 as 'neutral', 5 as 'likely similar', 6 as 'very similar', and 7 as 'extremely similar': How semantically similar is Saw and Anvil?",5
Saw|Axe,"Answer with only one number from 1 to 7, considering 1 as 'extremely dissimilar', 2 as 'very dissimilar', 3 as 'likely dissimilar', 4 as 'neutral', 5 as 'likely similar', 6 as 'very similar', and 7 as 'extremely similar': How semantically similar is Saw and Axe?",5
Saw|Chisel,"Answer with only one number from 1 to 7, considering 1 as 'extremely dissimilar', 2 as 'very dissimilar', 3 as 'likely dissimilar', 4 as 'neutral', 5 as 'likely similar', 6 as 'very similar', and 7 as 'extremely similar': How semantically similar is Saw and Chisel?",5
Saw|Grindingdisk,"Answer with only one number from 1 to 7, considering 1 as 'extremely dissimilar', 2 as 'very dissimilar', 3 as 'likely dissimilar', 4 as 'neutral', 5 as 'likely similar', 6 as 'very similar', and 7 as 'extremely similar': How semantically similar is Saw and Grindingdisk?",3
Saw|Hammer,"Answer with only one number from 1 to 7, considering 1 as 'extremely dissimilar', 2 as 'very dissimilar', 3 as 'likely dissimilar', 4 as 'neutral', 5 as 'likely similar', 6 as 'very similar', and 7 as 'extremely similar': How semantically similar is Saw and Hammer?",5
Saw|Knife,"Answer with only one number from 1 to 7, considering 1 as 'extremely dissimilar', 2 as 'very dissimilar', 3 as 'likely dissimilar', 4 as 'neutral', 5 as 'likely similar', 6 as 'very similar', and 7 as 'extremely similar': How semantically similar is Saw and Knife?",5
Saw|LawnMower,"Answer with only one number from 1 to 7, considering 1 as 'extremely dissimilar', 2 as 'very dissimilar', 3 as 'likely dissimilar', 4 as 'neutral', 5 as 'likely similar', 6 as 'very similar', and 7 as 'extremely similar': How semantically similar is Saw and LawnMower?",3
Saw|Nail,"Answer with only one number from 1 to 7, considering 1 as 'extremely dissimilar', 2 as 'very dissimilar', 3 as 'likely dissimilar', 4 as 'neutral', 5 as 'likely similar', 6 as 'very similar', and 7 as 'extremely similar': How semantically similar is Saw and Nail?",5
Saw|Oilcan,"Answer with only one number from 1 to 7, considering 1 as 'extremely dissimilar', 2 as 'very dissimilar', 3 as 'likely dissimilar', 4 as 'neutral', 5 as 'likely similar', 6 as 'very similar', and 7 as 'extremely similar': How semantically similar is Saw and Oilcan?",3
Saw|Paintbrush,"Answer with only one number from 1 to 7, considering 1 as 'extremely dissimilar', 2 as 'very dissimilar', 3 as 'likely dissimilar', 4 as 'neutral', 5 as 'likely similar', 6 as 'very similar', and 7 as 'extremely similar': How semantically similar is Saw and Paintbrush?",3
Saw|Saw,"Answer with only one number from 1 to 7, considering 1 as 'extremely dissimilar', 2 as 'very dissimilar', 3 as 'likely dissimilar', 4 as 'neutral', 5 as 'likely similar', 6 as 'very similar', and 7 as 'extremely similar': How semantically similar is Saw and Saw?",7
Saw|Screwdriver,"Answer with only one number from 1 to 7, considering 1 as 'extremely dissimilar', 2 as 'very dissimilar', 3 as 'likely dissimilar', 4 as 'neutral', 5 as 'likely similar', 6 as 'very similar', and 7 as 'extremely similar': How semantically similar is Saw and Screwdriver?",5
Saw|Shovel,"Answer with only one number from 1 to 7, considering 1 as 'extremely dissimilar', 2 as 'very dissimilar', 3 as 'likely dissimilar', 4 as 'neutral', 5 as 'likely similar', 6 as 'very similar', and 7 as 'extremely similar': How semantically similar is Saw and Shovel?",3
Saw|Spanner,"Answer with only one number from 1 to 7, considering 1 as 'extremely dissimilar', 2 as 'very dissimilar', 3 as 'likely dissimilar', 4 as 'neutral', 5 as 'likely similar', 6 as 'very similar', and 7 as 'extremely similar': How semantically similar is Saw and Spanner?",5
Saw|Vacuum,"Answer with only one number from 1 to 7, considering 1 as 'extremely dissimilar', 2 as 'very dissimilar', 3 as 'likely dissimilar', 4 as 'neutral', 5 as 'likely similar', 6 as 'very similar', and 7 as 'extremely similar': How semantically similar is Saw and Vacuum?",3
Screwdriver|Alligator,"Answer with only one number from 1 to 7, considering 1 as 'extremely dissimilar', 2 as 'very dissimilar', 3 as 'likely dissimilar', 4 as 'neutral', 5 as 'likely similar', 6 as 'very similar', and 7 as 'extremely similar': How semantically similar is Screwdriver and Alligator?",3
Screwdriver|Blindworm,"Answer with only one number from 1 to 7, considering 1 as 'extremely dissimilar', 2 as 'very dissimilar', 3 as 'likely dissimilar', 4 as 'neutral', 5 as 'likely similar', 6 as 'very similar', and 7 as 'extremely similar': How semantically similar is Screwdriver and Blindworm?",3
Screwdriver|Boapython,"Answer with only one number from 1 to 7, considering 1 as 'extremely dissimilar', 2 as 'very dissimilar', 3 as 'likely dissimilar', 4 as 'neutral', 5 as 'likely similar', 6 as 'very similar', and 7 as 'extremely similar': How semantically similar is Screwdriver and Boapython?",5
Screwdriver|Caiman,"Answer with only one number from 1 to 7, considering 1 as 'extremely dissimilar', 2 as 'very dissimilar', 3 as 'likely dissimilar', 4 as 'neutral', 5 as 'likely similar', 6 as 'very similar', and 7 as 'extremely similar': How semantically similar is Screwdriver and Caiman?",3
Screwdriver|Chameleon,"Answer with only one number from 1 to 7, considering 1 as 'extremely dissimilar', 2 as 'very dissimilar', 3 as 'likely dissimilar', 4 as 'neutral', 5 as 'likely similar', 6 as 'very similar', and 7 as 'extremely similar': How semantically similar is Screwdriver and Chameleon?",5
Screwdriver|Cobra,"Answer with only one number from 1 to 7, considering 1 as 'extremely dissimilar', 2 as 'very dissimilar', 3 as 'likely dissimilar', 4 as 'neutral', 5 as 'likely similar', 6 as 'very similar', and 7 as 'extremely similar': How semantically similar is Screwdriver and Cobra?",3
Screwdriver|Crocodile,"Answer with only one number from 1 to 7, considering 1 as 'extremely dissimilar', 2 as 'very dissimilar', 3 as 'likely dissimilar', 4 as 'neutral', 5 as 'likely similar', 6 as 'very similar', and 7 as 'extremely similar': How semantically similar is Screwdriver and Crocodile?",3
Screwdriver|Dinosaur,"Answer with only one number from 1 to 7, considering 1 as 'extremely dissimilar', 2 as 'very dissimilar', 3 as 'likely dissimilar', 4 as 'neutral', 5 as 'likely similar', 6 as 'very similar', and 7 as 'extremely similar': How semantically similar is Screwdriver and Dinosaur?",3
Screwdriver|Gecko,"Answer with only one number from 1 to 7, considering 1 as 'extremely dissimilar', 2 as 'very dissimilar', 3 as 'likely dissimilar', 4 as 'neutral', 5 as 'likely similar', 6 as 'very similar', and 7 as 'extremely similar': How semantically similar is Screwdriver and Gecko?",3
Screwdriver|Lizard,"Answer with only one number from 1 to 7, considering 1 as 'extremely dissimilar', 2 as 'very dissimilar', 3 as 'likely dissimilar', 4 as 'neutral', 5 as 'likely similar', 6 as 'very similar', and 7 as 'extremely similar': How semantically similar is Screwdriver and Lizard?",3
Screwdriver|Salamander,"Answer with only one number from 1 to 7, considering 1 as 'extremely dissimilar', 2 as 'very dissimilar', 3 as 'likely dissimilar', 4 as 'neutral', 5 as 'likely similar', 6 as 'very similar', and 7 as 'extremely similar': How semantically similar is Screwdriver and Salamander?",3
Screwdriver|Snake,"Answer with only one number from 1 to 7, considering 1 as 'extremely dissimilar', 2 as 'very dissimilar', 3 as 'likely dissimilar', 4 as 'neutral', 5 as 'likely similar', 6 as 'very similar', and 7 as 'extremely similar': How semantically similar is Screwdriver and Snake?",3
Screwdriver|Toad,"Answer with only one number from 1 to 7, considering 1 as 'extremely dissimilar', 2 as 'very dissimilar', 3 as 'likely dissimilar', 4 as 'neutral', 5 as 'likely similar', 6 as 'very similar', and 7 as 'extremely similar': How semantically similar is Screwdriver and Toad?",3
Screwdriver|Tortoise,"Answer with only one number from 1 to 7, considering 1 as 'extremely dissimilar', 2 as 'very dissimilar', 3 as 'likely dissimilar', 4 as 'neutral', 5 as 'likely similar', 6 as 'very similar', and 7 as 'extremely similar': How semantically similar is Screwdriver and Tortoise?",3
Screwdriver|Turtle,"Answer with only one number from 1 to 7, considering 1 as 'extremely dissimilar', 2 as 'very dissimilar', 3 as 'likely dissimilar', 4 as 'neutral', 5 as 'likely similar', 6 as 'very similar', and 7 as 'extremely similar': How semantically similar is Screwdriver and Turtle?",3
Screwdriver|Anvil,"Answer with only one number from 1 to 7, considering 1 as 'extremely dissimilar', 2 as 'very dissimilar', 3 as 'likely dissimilar', 4 as 'neutral', 5 as 'likely similar', 6 as 'very similar', and 7 as 'extremely similar': How semantically similar is Screwdriver and Anvil?",5
Screwdriver|Axe,"Answer with only one number from 1 to 7, considering 1 as 'extremely dissimilar', 2 as 'very dissimilar', 3 as 'likely dissimilar', 4 as 'neutral', 5 as 'likely similar', 6 as 'very similar', and 7 as 'extremely similar': How semantically similar is Screwdriver and Axe?",5
Screwdriver|Chisel,"Answer with only one number from 1 to 7, considering 1 as 'extremely dissimilar', 2 as 'very dissimilar', 3 as 'likely dissimilar', 4 as 'neutral', 5 as 'likely similar', 6 as 'very similar', and 7 as 'extremely similar': How semantically similar is Screwdriver and Chisel?",5
Screwdriver|Grindingdisk,"Answer with only one number from 1 to 7, considering 1 as 'extremely dissimilar', 2 as 'very dissimilar', 3 as 'likely dissimilar', 4 as 'neutral', 5 as 'likely similar', 6 as 'very similar', and 7 as 'extremely similar': How semantically similar is Screwdriver and Grindingdisk?",3
Screwdriver|Hammer,"Answer with only one number from 1 to 7, considering 1 as 'extremely dissimilar', 2 as 'very dissimilar', 3 as 'likely dissimilar', 4 as 'neutral', 5 as 'likely similar', 6 as 'very similar', and 7 as 'extremely similar': How semantically similar is Screwdriver and Hammer?",5
Screwdriver|Knife,"Answer with only one number from 1 to 7, considering 1 as 'extremely dissimilar', 2 as 'very dissimilar', 3 as 'likely dissimilar', 4 as 'neutral', 5 as 'likely similar', 6 as 'very similar', and 7 as 'extremely similar': How semantically similar is Screwdriver and Knife?",5
Screwdriver|LawnMower,"Answer with only one number from 1 to 7, considering 1 as 'extremely dissimilar', 2 as 'very dissimilar', 3 as 'likely dissimilar', 4 as 'neutral', 5 as 'likely similar', 6 as 'very similar', and 7 as 'extremely similar': How semantically similar is Screwdriver and LawnMower?",5
Screwdriver|Nail,"Answer with only one number from 1 to 7, considering 1 as 'extremely dissimilar', 2 as 'very dissimilar', 3 as 'likely dissimilar', 4 as 'neutral', 5 as 'likely similar', 6 as 'very similar', and 7 as 'extremely similar': How semantically similar is Screwdriver and Nail?",5
Screwdriver|Oilcan,"Answer with only one number from 1 to 7, considering 1 as 'extremely dissimilar', 2 as 'very dissimilar', 3 as 'likely dissimilar', 4 as 'neutral', 5 as 'likely similar', 6 as 'very similar', and 7 as 'extremely similar': How semantically similar is Screwdriver and Oilcan?",5
Screwdriver|Paintbrush,"Answer with only one number from 1 to 7, considering 1 as 'extremely dissimilar', 2 as 'very dissimilar', 3 as 'likely dissimilar', 4 as 'neutral', 5 as 'likely similar', 6 as 'very similar', and 7 as 'extremely similar': How semantically similar is Screwdriver and Paintbrush?",5
Screwdriver|Saw,"Answer with only one number from 1 to 7, considering 1 as 'extremely dissimilar', 2 as 'very dissimilar', 3 as 'likely dissimilar', 4 as 'neutral', 5 as 'likely similar', 6 as 'very similar', and 7 as 'extremely similar': How semantically similar is Screwdriver and Saw?",5
Screwdriver|Screwdriver,"Answer with only one number from 1 to 7, considering 1 as 'extremely dissimilar', 2 as 'very dissimilar', 3 as 'likely dissimilar', 4 as 'neutral', 5 as 'likely similar', 6 as 'very similar', and 7 as 'extremely similar': How semantically similar is Screwdriver and Screwdriver?",7
Screwdriver|Shovel,"Answer with only one number from 1 to 7, considering 1 as 'extremely dissimilar', 2 as 'very dissimilar', 3 as 'likely dissimilar', 4 as 'neutral', 5 as 'likely similar', 6 as 'very similar', and 7 as 'extremely similar': How semantically similar is Screwdriver and Shovel?",5
Screwdriver|Spanner,"Answer with only one number from 1 to 7, considering 1 as 'extremely dissimilar', 2 as 'very dissimilar', 3 as 'likely dissimilar', 4 as 'neutral', 5 as 'likely similar', 6 as 'very similar', and 7 as 'extremely similar': How semantically similar is Screwdriver and Spanner?",5
Screwdriver|Vacuum,"Answer with only one number from 1 to 7, considering 1 as 'extremely dissimilar', 2 as 'very dissimilar', 3 as 'likely dissimilar', 4 as 'neutral', 5 as 'likely similar', 6 as 'very similar', and 7 as 'extremely similar': How semantically similar is Screwdriver and Vacuum?",3
Shovel|Alligator,"Answer with only one number from 1 to 7, considering 1 as 'extremely dissimilar', 2 as 'very dissimilar', 3 as 'likely dissimilar', 4 as 'neutral', 5 as 'likely similar', 6 as 'very similar', and 7 as 'extremely similar': How semantically similar is Shovel and Alligator?",3
Shovel|Blindworm,"Answer with only one number from 1 to 7, considering 1 as 'extremely dissimilar', 2 as 'very dissimilar', 3 as 'likely dissimilar', 4 as 'neutral', 5 as 'likely similar', 6 as 'very similar', and 7 as 'extremely similar': How semantically similar is Shovel and Blindworm?",3
Shovel|Boapython,"Answer with only one number from 1 to 7, considering 1 as 'extremely dissimilar', 2 as 'very dissimilar', 3 as 'likely dissimilar', 4 as 'neutral', 5 as 'likely similar', 6 as 'very similar', and 7 as 'extremely similar': How semantically similar is Shovel and Boapython?",3
Shovel|Caiman,"Answer with only one number from 1 to 7, considering 1 as 'extremely dissimilar', 2 as 'very dissimilar', 3 as 'likely dissimilar', 4 as 'neutral', 5 as 'likely similar', 6 as 'very similar', and 7 as 'extremely similar': How semantically similar is Shovel and Caiman?",3
Shovel|Chameleon,"Answer with only one number from 1 to 7, considering 1 as 'extremely dissimilar', 2 as 'very dissimilar', 3 as 'likely dissimilar', 4 as 'neutral', 5 as 'likely similar', 6 as 'very similar', and 7 as 'extremely similar': How semantically similar is Shovel and Chameleon?",3
Shovel|Cobra,"Answer with only one number from 1 to 7, considering 1 as 'extremely dissimilar', 2 as 'very dissimilar', 3 as 'likely dissimilar', 4 as 'neutral', 5 as 'likely similar', 6 as 'very similar', and 7 as 'extremely similar': How semantically similar is Shovel and Cobra?",3
Shovel|Crocodile,"Answer with only one number from 1 to 7, considering 1 as 'extremely dissimilar', 2 as 'very dissimilar', 3 as 'likely dissimilar', 4 as 'neutral', 5 as 'likely similar', 6 as 'very similar', and 7 as 'extremely similar': How semantically similar is Shovel and Crocodile?",3
Shovel|Dinosaur,"Answer with only one number from 1 to 7, considering 1 as 'extremely dissimilar', 2 as 'very dissimilar', 3 as 'likely dissimilar', 4 as 'neutral', 5 as 'likely similar', 6 as 'very similar', and 7 as 'extremely similar': How semantically similar is Shovel and Dinosaur?",3
Shovel|Gecko,"Answer with only one number from 1 to 7, considering 1 as 'extremely dissimilar', 2 as 'very dissimilar', 3 as 'likely dissimilar', 4 as 'neutral', 5 as 'likely similar', 6 as 'very similar', and 7 as 'extremely similar': How semantically similar is Shovel and Gecko?",3
Shovel|Lizard,"Answer with only one number from 1 to 7, considering 1 as 'extremely dissimilar', 2 as 'very dissimilar', 3 as 'likely dissimilar', 4 as 'neutral', 5 as 'likely similar', 6 as 'very similar', and 7 as 'extremely similar': How semantically similar is Shovel and Lizard?",3
Shovel|Salamander,"Answer with only one number from 1 to 7, considering 1 as 'extremely dissimilar', 2 as 'very dissimilar', 3 as 'likely dissimilar', 4 as 'neutral', 5 as 'likely similar', 6 as 'very similar', and 7 as 'extremely similar': How semantically similar is Shovel and Salamander?",3
Shovel|Snake,"Answer with only one number from 1 to 7, considering 1 as 'extremely dissimilar', 2 as 'very dissimilar', 3 as 'likely dissimilar', 4 as 'neutral', 5 as 'likely similar', 6 as 'very similar', and 7 as 'extremely similar': How semantically similar is Shovel and Snake?",3
Shovel|Toad,"Answer with only one number from 1 to 7, considering 1 as 'extremely dissimilar', 2 as 'very dissimilar', 3 as 'likely dissimilar', 4 as 'neutral', 5 as 'likely similar', 6 as 'very similar', and 7 as 'extremely similar': How semantically similar is Shovel and Toad?",3
Shovel|Tortoise,"Answer with only one number from 1 to 7, considering 1 as 'extremely dissimilar', 2 as 'very dissimilar', 3 as 'likely dissimilar', 4 as 'neutral', 5 as 'likely similar', 6 as 'very similar', and 7 as 'extremely similar': How semantically similar is Shovel and Tortoise?",3
Shovel|Turtle,"Answer with only one number from 1 to 7, considering 1 as 'extremely dissimilar', 2 as 'very dissimilar', 3 as 'likely dissimilar', 4 as 'neutral', 5 as 'likely similar', 6 as 'very similar', and 7 as 'extremely similar': How semantically similar is Shovel and Turtle?",3
Shovel|Anvil,"Answer with only one number from 1 to 7, considering 1 as 'extremely dissimilar', 2 as 'very dissimilar', 3 as 'likely dissimilar', 4 as 'neutral', 5 as 'likely similar', 6 as 'very similar', and 7 as 'extremely similar': How semantically similar is Shovel and Anvil?",5
Shovel|Axe,"Answer with only one number from 1 to 7, considering 1 as 'extremely dissimilar', 2 as 'very dissimilar', 3 as 'likely dissimilar', 4 as 'neutral', 5 as 'likely similar', 6 as 'very similar', and 7 as 'extremely similar': How semantically similar is Shovel and Axe?",5
Shovel|Chisel,"Answer with only one number from 1 to 7, considering 1 as 'extremely dissimilar', 2 as 'very dissimilar', 3 as 'likely dissimilar', 4 as 'neutral', 5 as 'likely similar', 6 as 'very similar', and 7 as 'extremely similar': How semantically similar is Shovel and Chisel?",5
Shovel|Grindingdisk,"Answer with only one number from 1 to 7, considering 1 as 'extremely dissimilar', 2 as 'very dissimilar', 3 as 'likely dissimilar', 4 as 'neutral', 5 as 'likely similar', 6 as 'very similar', and 7 as 'extremely similar': How semantically similar is Shovel and Grindingdisk?",5
Shovel|Hammer,"Answer with only one number from 1 to 7, considering 1 as 'extremely dissimilar', 2 as 'very dissimilar', 3 as 'likely dissimilar', 4 as 'neutral', 5 as 'likely similar', 6 as 'very similar', and 7 as 'extremely similar': How semantically similar is Shovel and Hammer?",5
Shovel|Knife,"Answer with only one number from 1 to 7, considering 1 as 'extremely dissimilar', 2 as 'very dissimilar', 3 as 'likely dissimilar', 4 as 'neutral', 5 as 'likely similar', 6 as 'very similar', and 7 as 'extremely similar': How semantically similar is Shovel and Knife?",5
Shovel|LawnMower,"Answer with only one number from 1 to 7, considering 1 as 'extremely dissimilar', 2 as 'very dissimilar', 3 as 'likely dissimilar', 4 as 'neutral', 5 as 'likely similar', 6 as 'very similar', and 7 as 'extremely similar': How semantically similar is Shovel and LawnMower?",5
Shovel|Nail,"Answer with only one number from 1 to 7, considering 1 as 'extremely dissimilar', 2 as 'very dissimilar', 3 as 'likely dissimilar', 4 as 'neutral', 5 as 'likely similar', 6 as 'very similar', and 7 as 'extremely similar': How semantically similar is Shovel and Nail?",5
Shovel|Oilcan,"Answer with only one number from 1 to 7, considering 1 as 'extremely dissimilar', 2 as 'very dissimilar', 3 as 'likely dissimilar', 4 as 'neutral', 5 as 'likely similar', 6 as 'very similar', and 7 as 'extremely similar': How semantically similar is Shovel and Oilcan?",3
Shovel|Paintbrush,"Answer with only one number from 1 to 7, considering 1 as 'extremely dissimilar', 2 as 'very dissimilar', 3 as 'likely dissimilar', 4 as 'neutral', 5 as 'likely similar', 6 as 'very similar', and 7 as 'extremely similar': How semantically similar is Shovel and Paintbrush?",5
Shovel|Saw,"Answer with only one number from 1 to 7, considering 1 as 'extremely dissimilar', 2 as 'very dissimilar', 3 as 'likely dissimilar', 4 as 'neutral', 5 as 'likely similar', 6 as 'very similar', and 7 as 'extremely similar': How semantically similar is Shovel and Saw?",5
Shovel|Screwdriver,"Answer with only one number from 1 to 7, considering 1 as 'extremely dissimilar', 2 as 'very dissimilar', 3 as 'likely dissimilar', 4 as 'neutral', 5 as 'likely similar', 6 as 'very similar', and 7 as 'extremely similar': How semantically similar is Shovel and Screwdriver?",5
Shovel|Shovel,"Answer with only one number from 1 to 7, considering 1 as 'extremely dissimilar', 2 as 'very dissimilar', 3 as 'likely dissimilar', 4 as 'neutral', 5 as 'likely similar', 6 as 'very similar', and 7 as 'extremely similar': How semantically similar is Shovel and Shovel?",5
Shovel|Spanner,"Answer with only one number from 1 to 7, considering 1 as 'extremely dissimilar', 2 as 'very dissimilar', 3 as 'likely dissimilar', 4 as 'neutral', 5 as 'likely similar', 6 as 'very similar', and 7 as 'extremely similar': How semantically similar is Shovel and Spanner?",5
Shovel|Vacuum,"Answer with only one number from 1 to 7, considering 1 as 'extremely dissimilar', 2 as 'very dissimilar', 3 as 'likely dissimilar', 4 as 'neutral', 5 as 'likely similar', 6 as 'very similar', and 7 as 'extremely similar': How semantically similar is Shovel and Vacuum?",5
Spanner|Alligator,"Answer with only one number from 1 to 7, considering 1 as 'extremely dissimilar', 2 as 'very dissimilar', 3 as 'likely dissimilar', 4 as 'neutral', 5 as 'likely similar', 6 as 'very similar', and 7 as 'extremely similar': How semantically similar is Spanner and Alligator?",5
Spanner|Blindworm,"Answer with only one number from 1 to 7, considering 1 as 'extremely dissimilar', 2 as 'very dissimilar', 3 as 'likely dissimilar', 4 as 'neutral', 5 as 'likely similar', 6 as 'very similar', and 7 as 'extremely similar': How semantically similar is Spanner and Blindworm?",5
Spanner|Boapython,"Answer with only one number from 1 to 7, considering 1 as 'extremely dissimilar', 2 as 'very dissimilar', 3 as 'likely dissimilar', 4 as 'neutral', 5 as 'likely similar', 6 as 'very similar', and 7 as 'extremely similar': How semantically similar is Spanner and Boapython?",5
Spanner|Caiman,"Answer with only one number from 1 to 7, considering 1 as 'extremely dissimilar', 2 as 'very dissimilar', 3 as 'likely dissimilar', 4 as 'neutral', 5 as 'likely similar', 6 as 'very similar', and 7 as 'extremely similar': How semantically similar is Spanner and Caiman?",5
Spanner|Chameleon,"Answer with only one number from 1 to 7, considering 1 as 'extremely dissimilar', 2 as 'very dissimilar', 3 as 'likely dissimilar', 4 as 'neutral', 5 as 'likely similar', 6 as 'very similar', and 7 as 'extremely similar': How semantically similar is Spanner and Chameleon?",3
Spanner|Cobra,"Answer with only one number from 1 to 7, considering 1 as 'extremely dissimilar', 2 as 'very dissimilar', 3 as 'likely dissimilar', 4 as 'neutral', 5 as 'likely similar', 6 as 'very similar', and 7 as 'extremely similar': How semantically similar is Spanner and Cobra?",5
Spanner|Crocodile,"Answer with only one number from 1 to 7, considering 1 as 'extremely dissimilar', 2 as 'very dissimilar', 3 as 'likely dissimilar', 4 as 'neutral', 5 as 'likely similar', 6 as 'very similar', and 7 as 'extremely similar': How semantically similar is Spanner and Crocodile?",5
Spanner|Dinosaur,"Answer with only one number from 1 to 7, considering 1 as 'extremely dissimilar', 2 as 'very dissimilar', 3 as 'likely dissimilar', 4 as 'neutral', 5 as 'likely similar', 6 as 'very similar', and 7 as 'extremely similar': How semantically similar is Spanner and Dinosaur?",3
Spanner|Gecko,"Answer with only one number from 1 to 7, considering 1 as 'extremely dissimilar', 2 as 'very dissimilar', 3 as 'likely dissimilar', 4 as 'neutral', 5 as 'likely similar', 6 as 'very similar', and 7 as 'extremely similar': How semantically similar is Spanner and Gecko?",5
Spanner|Lizard,"Answer with only one number from 1 to 7, considering 1 as 'extremely dissimilar', 2 as 'very dissimilar', 3 as 'likely dissimilar', 4 as 'neutral', 5 as 'likely similar', 6 as 'very similar', and 7 as 'extremely similar': How semantically similar is Spanner and Lizard?",3
Spanner|Salamander,"Answer with only one number from 1 to 7, considering 1 as 'extremely dissimilar', 2 as 'very dissimilar', 3 as 'likely dissimilar', 4 as 'neutral', 5 as 'likely similar', 6 as 'very similar', and 7 as 'extremely similar': How semantically similar is Spanner and Salamander?",5
Spanner|Snake,"Answer with only one number from 1 to 7, considering 1 as 'extremely dissimilar', 2 as 'very dissimilar', 3 as 'likely dissimilar', 4 as 'neutral', 5 as 'likely similar', 6 as 'very similar', and 7 as 'extremely similar': How semantically similar is Spanner and Snake?",5
Spanner|Toad,"Answer with only one number from 1 to 7, considering 1 as 'extremely dissimilar', 2 as 'very dissimilar', 3 as 'likely dissimilar', 4 as 'neutral', 5 as 'likely similar', 6 as 'very similar', and 7 as 'extremely similar': How semantically similar is Spanner and Toad?",3
Spanner|Tortoise,"Answer with only one number from 1 to 7, considering 1 as 'extremely dissimilar', 2 as 'very dissimilar', 3 as 'likely dissimilar', 4 as 'neutral', 5 as 'likely similar', 6 as 'very similar', and 7 as 'extremely similar': How semantically similar is Spanner and Tortoise?",5
Spanner|Turtle,"Answer with only one number from 1 to 7, considering 1 as 'extremely dissimilar', 2 as 'very dissimilar', 3 as 'likely dissimilar', 4 as 'neutral', 5 as 'likely similar', 6 as 'very similar', and 7 as 'extremely similar': How semantically similar is Spanner and Turtle?",5
Spanner|Anvil,"Answer with only one number from 1 to 7, considering 1 as 'extremely dissimilar', 2 as 'very dissimilar', 3 as 'likely dissimilar', 4 as 'neutral', 5 as 'likely similar', 6 as 'very similar', and 7 as 'extremely similar': How semantically similar is Spanner and Anvil?",5
Spanner|Axe,"Answer with only one number from 1 to 7, considering 1 as 'extremely dissimilar', 2 as 'very dissimilar', 3 as 'likely dissimilar', 4 as 'neutral', 5 as 'likely similar', 6 as 'very similar', and 7 as 'extremely similar': How semantically similar is Spanner and Axe?",3
Spanner|Chisel,"Answer with only one number from 1 to 7, considering 1 as 'extremely dissimilar', 2 as 'very dissimilar', 3 as 'likely dissimilar', 4 as 'neutral', 5 as 'likely similar', 6 as 'very similar', and 7 as 'extremely similar': How semantically similar is Spanner and Chisel?",5
Spanner|Grindingdisk,"Answer with only one number from 1 to 7, considering 1 as 'extremely dissimilar', 2 as 'very dissimilar', 3 as 'likely dissimilar', 4 as 'neutral', 5 as 'likely similar', 6 as 'very similar', and 7 as 'extremely similar': How semantically similar is Spanner and Grindingdisk?",5
Spanner|Hammer,"Answer with only one number from 1 to 7, considering 1 as 'extremely dissimilar', 2 as 'very dissimilar', 3 as 'likely dissimilar', 4 as 'neutral', 5 as 'likely similar', 6 as 'very similar', and 7 as 'extremely similar': How semantically similar is Spanner and Hammer?",5
Spanner|Knife,"Answer with only one number from 1 to 7, considering 1 as 'extremely dissimilar', 2 as 'very dissimilar', 3 as 'likely dissimilar', 4 as 'neutral', 5 as 'likely similar', 6 as 'very similar', and 7 as 'extremely similar': How semantically similar is Spanner and Knife?",5
Spanner|LawnMower,"Answer with only one number from 1 to 7, considering 1 as 'extremely dissimilar', 2 as 'very dissimilar', 3 as 'likely dissimilar', 4 as 'neutral', 5 as 'likely similar', 6 as 'very similar', and 7 as 'extremely similar': How semantically similar is Spanner and LawnMower?",5
Spanner|Nail,"Answer with only one number from 1 to 7, considering 1 as 'extremely dissimilar', 2 as 'very dissimilar', 3 as 'likely dissimilar', 4 as 'neutral', 5 as 'likely similar', 6 as 'very similar', and 7 as 'extremely similar': How semantically similar is Spanner and Nail?",5
Spanner|Oilcan,"Answer with only one number from 1 to 7, considering 1 as 'extremely dissimilar', 2 as 'very dissimilar', 3 as 'likely dissimilar', 4 as 'neutral', 5 as 'likely similar', 6 as 'very similar', and 7 as 'extremely similar': How semantically similar is Spanner and Oilcan?",5
Spanner|Paintbrush,"Answer with only one number from 1 to 7, considering 1 as 'extremely dissimilar', 2 as 'very dissimilar', 3 as 'likely dissimilar', 4 as 'neutral', 5 as 'likely similar', 6 as 'very similar', and 7 as 'extremely similar': How semantically similar is Spanner and Paintbrush?",5
Spanner|Saw,"Answer with only one number from 1 to 7, considering 1 as 'extremely dissimilar', 2 as 'very dissimilar', 3 as 'likely dissimilar', 4 as 'neutral', 5 as 'likely similar', 6 as 'very similar', and 7 as 'extremely similar': How semantically similar is Spanner and Saw?",5
Spanner|Screwdriver,"Answer with only one number from 1 to 7, considering 1 as 'extremely dissimilar', 2 as 'very dissimilar', 3 as 'likely dissimilar', 4 as 'neutral', 5 as 'likely similar', 6 as 'very similar', and 7 as 'extremely similar': How semantically similar is Spanner and Screwdriver?",5
Spanner|Shovel,"Answer with only one number from 1 to 7, considering 1 as 'extremely dissimilar', 2 as 'very dissimilar', 3 as 'likely dissimilar', 4 as 'neutral', 5 as 'likely similar', 6 as 'very similar', and 7 as 'extremely similar': How semantically similar is Spanner and Shovel?",5
Spanner|Spanner,"Answer with only one number from 1 to 7, considering 1 as 'extremely dissimilar', 2 as 'very dissimilar', 3 as 'likely dissimilar', 4 as 'neutral', 5 as 'likely similar', 6 as 'very similar', and 7 as 'extremely similar': How semantically similar is Spanner and Spanner?",7
Spanner|Vacuum,"Answer with only one number from 1 to 7, considering 1 as 'extremely dissimilar', 2 as 'very dissimilar', 3 as 'likely dissimilar', 4 as 'neutral', 5 as 'likely similar', 6 as 'very similar', and 7 as 'extremely similar': How semantically similar is Spanner and Vacuum?",5
Vacuum|Alligator,"Answer with only one number from 1 to 7, considering 1 as 'extremely dissimilar', 2 as 'very dissimilar', 3 as 'likely dissimilar', 4 as 'neutral', 5 as 'likely similar', 6 as 'very similar', and 7 as 'extremely similar': How semantically similar is Vacuum and Alligator?",3
Vacuum|Blindworm,"Answer with only one number from 1 to 7, considering 1 as 'extremely dissimilar', 2 as 'very dissimilar', 3 as 'likely dissimilar', 4 as 'neutral', 5 as 'likely similar', 6 as 'very similar', and 7 as 'extremely similar': How semantically similar is Vacuum and Blindworm?",3
Vacuum|Boapython,"Answer with only one number from 1 to 7, considering 1 as 'extremely dissimilar', 2 as 'very dissimilar', 3 as 'likely dissimilar', 4 as 'neutral', 5 as 'likely similar', 6 as 'very similar', and 7 as 'extremely similar': How semantically similar is Vacuum and Boapython?",3
Vacuum|Caiman,"Answer with only one number from 1 to 7, considering 1 as 'extremely dissimilar', 2 as 'very dissimilar', 3 as 'likely dissimilar', 4 as 'neutral', 5 as 'likely similar', 6 as 'very similar', and 7 as 'extremely similar': How semantically similar is Vacuum and Caiman?",3
Vacuum|Chameleon,"Answer with only one number from 1 to 7, considering 1 as 'extremely dissimilar', 2 as 'very dissimilar', 3 as 'likely dissimilar', 4 as 'neutral', 5 as 'likely similar', 6 as 'very similar', and 7 as 'extremely similar': How semantically similar is Vacuum and Chameleon?",3
Vacuum|Cobra,"Answer with only one number from 1 to 7, considering 1 as 'extremely dissimilar', 2 as 'very dissimilar', 3 as 'likely dissimilar', 4 as 'neutral', 5 as 'likely similar', 6 as 'very similar', and 7 as 'extremely similar': How semantically similar is Vacuum and Cobra?",3
Vacuum|Crocodile,"Answer with only one number from 1 to 7, considering 1 as 'extremely dissimilar', 2 as 'very dissimilar', 3 as 'likely dissimilar', 4 as 'neutral', 5 as 'likely similar', 6 as 'very similar', and 7 as 'extremely similar': How semantically similar is Vacuum and Crocodile?",3
Vacuum|Dinosaur,"Answer with only one number from 1 to 7, considering 1 as 'extremely dissimilar', 2 as 'very dissimilar', 3 as 'likely dissimilar', 4 as 'neutral', 5 as 'likely similar', 6 as 'very similar', and 7 as 'extremely similar': How semantically similar is Vacuum and Dinosaur?",3
Vacuum|Gecko,"Answer with only one number from 1 to 7, considering 1 as 'extremely dissimilar', 2 as 'very dissimilar', 3 as 'likely dissimilar', 4 as 'neutral', 5 as 'likely similar', 6 as 'very similar', and 7 as 'extremely similar': How semantically similar is Vacuum and Gecko?",5
Vacuum|Lizard,"Answer with only one number from 1 to 7, considering 1 as 'extremely dissimilar', 2 as 'very dissimilar', 3 as 'likely dissimilar', 4 as 'neutral', 5 as 'likely similar', 6 as 'very similar', and 7 as 'extremely similar': How semantically similar is Vacuum and Lizard?",3
Vacuum|Salamander,"Answer with only one number from 1 to 7, considering 1 as 'extremely dissimilar', 2 as 'very dissimilar', 3 as 'likely dissimilar', 4 as 'neutral', 5 as 'likely similar', 6 as 'very similar', and 7 as 'extremely similar': How semantically similar is Vacuum and Salamander?",5
Vacuum|Snake,"Answer with only one number from 1 to 7, considering 1 as 'extremely dissimilar', 2 as 'very dissimilar', 3 as 'likely dissimilar', 4 as 'neutral', 5 as 'likely similar', 6 as 'very similar', and 7 as 'extremely similar': How semantically similar is Vacuum and Snake?",3
Vacuum|Toad,"Answer with only one number from 1 to 7, considering 1 as 'extremely dissimilar', 2 as 'very dissimilar', 3 as 'likely dissimilar', 4 as 'neutral', 5 as 'likely similar', 6 as 'very similar', and 7 as 'extremely similar': How semantically similar is Vacuum and Toad?",3
Vacuum|Tortoise,"Answer with only one number from 1 to 7, considering 1 as 'extremely dissimilar', 2 as 'very dissimilar', 3 as 'likely dissimilar', 4 as 'neutral', 5 as 'likely similar', 6 as 'very similar', and 7 as 'extremely similar': How semantically similar is Vacuum and Tortoise?",3
Vacuum|Turtle,"Answer with only one number from 1 to 7, considering 1 as 'extremely dissimilar', 2 as 'very dissimilar', 3 as 'likely dissimilar', 4 as 'neutral', 5 as 'likely similar', 6 as 'very similar', and 7 as 'extremely similar': How semantically similar is Vacuum and Turtle?",3
Vacuum|Anvil,"Answer with only one number from 1 to 7, considering 1 as 'extremely dissimilar', 2 as 'very dissimilar', 3 as 'likely dissimilar', 4 as 'neutral', 5 as 'likely similar', 6 as 'very similar', and 7 as 'extremely similar': How semantically similar is Vacuum and Anvil?",3
Vacuum|Axe,"Answer with only one number from 1 to 7, considering 1 as 'extremely dissimilar', 2 as 'very dissimilar', 3 as 'likely dissimilar', 4 as 'neutral', 5 as 'likely similar', 6 as 'very similar', and 7 as 'extremely similar': How semantically similar is Vacuum and Axe?",3
Vacuum|Chisel,"Answer with only one number from 1 to 7, considering 1 as 'extremely dissimilar', 2 as 'very dissimilar', 3 as 'likely dissimilar', 4 as 'neutral', 5 as 'likely similar', 6 as 'very similar', and 7 as 'extremely similar': How semantically similar is Vacuum and Chisel?",3
Vacuum|Grindingdisk,"Answer with only one number from 1 to 7, considering 1 as 'extremely dissimilar', 2 as 'very dissimilar', 3 as 'likely dissimilar', 4 as 'neutral', 5 as 'likely similar', 6 as 'very similar', and 7 as 'extremely similar': How semantically similar is Vacuum and Grindingdisk?",5
Vacuum|Hammer,"Answer with only one number from 1 to 7, considering 1 as 'extremely dissimilar', 2 as 'very dissimilar', 3 as 'likely dissimilar', 4 as 'neutral', 5 as 'likely similar', 6 as 'very similar', and 7 as 'extremely similar': How semantically similar is Vacuum and Hammer?",3
Vacuum|Knife,"Answer with only one number from 1 to 7, considering 1 as 'extremely dissimilar', 2 as 'very dissimilar', 3 as 'likely dissimilar', 4 as 'neutral', 5 as 'likely similar', 6 as 'very similar', and 7 as 'extremely similar': How semantically similar is Vacuum and Knife?",3
Vacuum|LawnMower,"Answer with only one number from 1 to 7, considering 1 as 'extremely dissimilar', 2 as 'very dissimilar', 3 as 'likely dissimilar', 4 as 'neutral', 5 as 'likely similar', 6 as 'very similar', and 7 as 'extremely similar': How semantically similar is Vacuum and LawnMower?",5
Vacuum|Nail,"Answer with only one number from 1 to 7, considering 1 as 'extremely dissimilar', 2 as 'very dissimilar', 3 as 'likely dissimilar', 4 as 'neutral', 5 as 'likely similar', 6 as 'very similar', and 7 as 'extremely similar': How semantically similar is Vacuum and Nail?",3
Vacuum|Oilcan,"Answer with only one number from 1 to 7, considering 1 as 'extremely dissimilar', 2 as 'very dissimilar', 3 as 'likely dissimilar', 4 as 'neutral', 5 as 'likely similar', 6 as 'very similar', and 7 as 'extremely similar': How semantically similar is Vacuum and Oilcan?",5
Vacuum|Paintbrush,"Answer with only one number from 1 to 7, considering 1 as 'extremely dissimilar', 2 as 'very dissimilar', 3 as 'likely dissimilar', 4 as 'neutral', 5 as 'likely similar', 6 as 'very similar', and 7 as 'extremely similar': How semantically similar is Vacuum and Paintbrush?",3
Vacuum|Saw,"Answer with only one number from 1 to 7, considering 1 as 'extremely dissimilar', 2 as 'very dissimilar', 3 as 'likely dissimilar', 4 as 'neutral', 5 as 'likely similar', 6 as 'very similar', and 7 as 'extremely similar': How semantically similar is Vacuum and Saw?",3
Vacuum|Screwdriver,"Answer with only one number from 1 to 7, considering 1 as 'extremely dissimilar', 2 as 'very dissimilar', 3 as 'likely dissimilar', 4 as 'neutral', 5 as 'likely similar', 6 as 'very similar', and 7 as 'extremely similar': How semantically similar is Vacuum and Screwdriver?",5
Vacuum|Shovel,"Answer with only one number from 1 to 7, considering 1 as 'extremely dissimilar', 2 as 'very dissimilar', 3 as 'likely dissimilar', 4 as 'neutral', 5 as 'likely similar', 6 as 'very similar', and 7 as 'extremely similar': How semantically similar is Vacuum and Shovel?",5
Vacuum|Spanner,"Answer with only one number from 1 to 7, considering 1 as 'extremely dissimilar', 2 as 'very dissimilar', 3 as 'likely dissimilar', 4 as 'neutral', 5 as 'likely similar', 6 as 'very similar', and 7 as 'extremely similar': How semantically similar is Vacuum and Spanner?",5
Vacuum|Vacuum,"Answer with only one number from 1 to 7, considering 1 as 'extremely dissimilar', 2 as 'very dissimilar', 3 as 'likely dissimilar', 4 as 'neutral', 5 as 'likely similar', 6 as 'very similar', and 7 as 'extremely similar': How semantically similar is Vacuum and Vacuum?",7
